Date,Close,High,Low,Open,Volume
2021-08-27,52.3745231628418,54.003788896977845,52.228072349567356,54.003788896977845,12286412.0
2021-08-30,52.502662658691406,53.82071986445504,51.25782910741671,52.264677925361674,13078946.0
2021-08-31,52.74064636230469,52.74064636230469,51.53242632770572,52.33790751465926,12997556.0
2021-09-01,53.637657165527344,54.46144512714074,51.55073231832357,52.740645547138655,18424350.0
2021-09-02,52.04500961303711,54.7635066306767,51.71549439978832,53.875646582941116,23652290.0
2021-09-03,51.431739807128906,52.118228609373,50.946622170875116,52.06331173985754,22468051.0
2021-09-06,55.23031234741211,55.77950199026725,51.08392111636682,51.25783035521634,40366420.0
2021-09-07,53.893951416015625,55.376766330166056,52.84133379985148,54.91910710429692,28750480.0
2021-09-08,55.999183654785156,56.163941256896564,53.363065512665464,53.54612990297401,32794098.0
2021-09-09,58.23256301879883,58.43393420968055,55.28523977117723,56.209709936141145,33753157.0
2021-09-10,57.39961624145508,58.48884737620766,56.96941896617086,58.2417109882805,19521825.0
2021-09-13,56.61244201660156,56.9419572014402,55.54152115753864,56.9419572014402,17271662.0
2021-09-14,58.40647506713867,59.30348678313264,55.66051955185235,56.61244814348773,26728071.0
2021-09-15,58.99227523803711,59.68791926169795,57.61014582281934,57.646759401256865,26937518.0
2021-09-16,58.580379486083984,59.67875880811789,57.82981865325155,58.75429222234743,20626133.0
2021-09-17,58.21425247192383,59.03804047993691,56.749744337303696,58.39731686166704,14458328.0
2021-09-22,61.43617630004883,62.10435485160075,56.905345825176354,57.006031412395224,28240068.0
2021-09-23,60.28287124633789,62.69015615882996,60.090655217583034,61.646693726546296,21013000.0
2021-09-24,62.205047607421875,63.15697973416791,59.706231885124055,59.86183436209398,28906466.0
2021-09-27,63.184425354003906,64.23704286601057,61.60092849984749,62.205034986888556,26718775.0
2021-09-28,61.02428436279297,63.13867490340927,60.42932592510158,62.80915967586715,18922012.0
2021-09-29,60.66730499267578,62.470483434037966,60.136418622293164,60.77714571930424,18938679.0
2021-09-30,59.81605911254883,61.01513102673538,59.29432787711136,60.96020717125606,13971751.0
2021-10-08,63.642093658447266,64.07229446720206,60.14557729685585,60.603236543050144,32824879.0
2021-10-11,62.77254104614258,64.98761002158436,62.52540115370803,63.63293564142892,19012883.0
2021-10-12,63.166133880615234,64.42927094141699,61.89384167915751,62.92814910684347,20985628.0
2021-10-13,62.42470932006836,64.63062991830023,60.594072601200374,62.131807724382476,18291090.0
2021-10-14,60.61238479614258,63.68785513977995,60.22795274901918,63.065438356345595,17003110.0
2021-10-15,59.86182403564453,61.67415053515341,59.376706406819686,61.32633206133987,19539748.0
2021-10-18,59.06549835205078,59.861827916076855,57.756592691635824,59.861827916076855,16347722.0
2021-10-19,59.58723449707031,60.50255302078361,58.42478304461793,59.06550321788678,15906960.0
2021-10-20,58.031192779541016,59.96251532271604,57.5369199644638,59.66961368970647,22495639.0
2021-10-21,58.141029357910156,58.80921141884457,57.02433971246925,57.89389295318162,26061225.0
2021-10-22,57.207401275634766,58.76343979700189,57.07010211590817,58.552920470969745,27507284.0
2021-10-25,57.56437683105469,57.848126807894495,55.99918311767162,56.832122768506714,26344474.0
2021-10-26,57.41792678833008,57.829820795180076,57.2348623973231,57.61929796760404,13908694.0
2021-10-27,57.57352828979492,58.86412359200024,57.463687568688556,57.802357887939316,27117833.0
2021-10-28,57.765743255615234,58.17763722305924,56.37445890539465,57.20739848770919,19706532.0
2021-10-29,59.15702819824219,59.90758903888497,57.399618471370125,57.77489889169152,32779318.0
2021-11-01,59.31264114379883,60.09066046623702,58.26002348011145,59.12957325519073,23009386.0
2021-11-02,59.81605911254883,60.520858227374795,58.836668653628465,59.092956701446795,22671703.0
2021-11-03,59.64215087890625,60.57577258336787,59.129567821235405,59.9533557859517,14050621.0
2021-11-04,59.29432678222656,60.282872362694,59.12041404585023,59.669610690549085,15188622.0
2021-11-05,57.55522918701172,59.23941539387284,57.46369524053593,59.13872979858099,20833137.0
2021-11-08,55.55067443847656,57.491152030318624,55.33099996990072,57.491152030318624,33170656.0
2021-11-09,55.17539596557617,55.806967941235854,54.65366471973903,55.532369608342336,15329526.0
2021-11-10,55.29438400268555,55.36761115015169,53.78410725699087,55.239463642085944,14244556.0
2021-11-11,56.273773193359375,56.36530712572245,54.964867639698575,55.19369723311252,14333820.0
2021-11-12,57.02434158325195,57.20740598072286,55.98087905682964,56.56668233540617,13446866.0
2021-11-15,57.66506576538086,58.012887774647204,56.46599726786394,57.015190465389175,11781712.0
2021-11-16,58.040340423583984,59.00142405881734,57.207400807493386,57.207400807493386,15553240.0
2021-11-17,57.91219711303711,60.36524727734756,57.52776155924234,59.03803835570451,18395275.0
2021-11-18,59.806907653808594,60.41102121798492,57.46369452001773,57.91220212296783,26891181.0
2021-11-19,61.71076583862305,63.93498986551656,59.96251129800135,60.41101536584091,34626008.0
2021-11-22,60.996826171875,62.66270561417438,60.996826171875,62.3423455259103,20821737.0
2021-11-23,60.04487991333008,60.96019822598244,58.644444012303886,60.96019822598244,24143032.0
2021-11-24,60.346946716308594,61.00597712887235,59.30348422419121,59.89844262349603,13594528.0
2021-11-25,58.52545928955078,60.044887747120306,58.37900848008611,60.044887747120306,15496824.0
2021-11-26,58.13187026977539,59.18449132212482,57.820661872919835,58.616991397959474,14116311.0
2021-11-29,56.6399040222168,58.12271886439892,55.99918043876491,57.41792327176811,18469867.0
2021-11-30,56.044952392578125,57.05180485655742,55.852736341953516,56.73144128052004,15118873.0
2021-12-01,56.1822509765625,56.749747473633185,55.861887403890954,56.37446702516762,15595259.0
2021-12-02,55.16624450683594,56.17309342536276,54.91910810138018,56.17309342536276,19693256.0
2021-12-03,55.376766204833984,55.52321701711414,54.671970579591104,55.16624338041018,14512272.0
2021-12-06,56.923648834228516,56.923648834228516,54.82757239625496,55.42252724866535,23636810.0
2021-12-07,57.57352828979492,57.77489596183144,56.56667596296204,57.34469869165052,18361542.0
2021-12-08,57.71997833251953,58.4064671179087,57.43622837756017,57.61929275199645,16989119.0
2021-12-09,60.173030853271484,60.41101559731929,57.692518778107875,57.81151115013177,31017628.0
2021-12-10,59.96251678466797,60.50255134671988,59.32178964580145,59.4957023951593,14801929.0
2021-12-13,60.3927116394043,61.02427659233529,59.72452612882483,60.401859795491156,17990061.0
2021-12-14,58.51631546020508,60.27372540859709,58.06780783223199,60.227963670874416,18995848.0
2021-12-15,57.00603103637695,58.39731547711119,56.85042857836526,58.1227206448382,16775640.0
2021-12-16,58.00373077392578,58.058651139415744,56.758897089456276,56.84127589185978,11969868.0
2021-12-17,57.655906677246094,57.967115068189166,56.7497399386681,57.893887921302536,11683170.0
2021-12-20,58.342403411865234,60.41102170984015,57.9579678216833,58.58038468832984,21409802.0
2021-12-21,59.44993209838867,59.78860244779681,57.417927460254205,57.86643504888676,16376402.0
2021-12-22,61.09749984741211,61.85721575372246,59.12040885990444,59.129563998733126,28693940.0
2021-12-23,61.09749984741211,61.683303032601465,60.832056687978685,60.932742265119806,15135124.0
2021-12-24,63.01966857910156,63.70615735879401,60.209641453560145,61.09750139262771,27249793.0
2021-12-27,62.928138732910156,63.70615796057931,62.05858906374906,63.0105140352554,13516956.0
2021-12-28,62.38811111450195,63.43157362580737,61.93045187328639,62.6901609063766,13971419.0
2021-12-29,62.864070892333984,64.39265101487564,62.571169270150406,62.864070892333984,27334876.0
2021-12-30,63.17527389526367,63.770232261345605,62.31487933430664,62.51625050282594,13297534.0
2021-12-31,63.083740234375,63.42241054446656,61.78398982806409,63.047126661663086,13653695.0
2022-01-04,65.37203979492188,65.64663811389295,62.91898615319646,63.358342066885115,23473866.0
2022-01-05,65.26221466064453,66.51619659044925,64.67641135402198,64.67641135402198,22479239.0
2022-01-06,62.598636627197266,65.71987631204667,62.241662942516605,65.26221702570463,21113367.0
2022-01-07,62.79085159301758,63.87092776925771,61.518559357869414,62.60779067500795,14644326.0
2022-01-10,62.91899108886719,63.340036756546446,61.600937211057364,63.13867255460706,12061099.0
2022-01-11,61.94875717163086,65.4452736081456,61.902988452700335,64.05399254256596,17398256.0
2022-01-12,62.0036735534668,63.1386735272972,61.65585503567579,62.34234391420544,11819759.0
2022-01-13,60.26456069946289,62.21419338005485,60.1272685247665,62.03112550825088,13119045.0
2022-01-14,60.40186309814453,61.143275797909396,59.16618457630394,59.495699779904854,13577194.0
2022-01-17,61.161582946777344,61.64670064282198,59.65130599903338,60.77715084613738,10141889.0
2022-01-18,60.9052848815918,61.600928794739595,60.18218253480955,60.960201748860726,11729186.0
2022-01-19,60.13642501831055,61.39041392655378,59.816064927394756,60.60323942697426,11663056.0
2022-01-20,61.765689849853516,62.51625067243657,59.953356311588166,60.420170659574374,16799726.0
2022-01-21,61.69245910644531,62.05858784856893,60.55746629085452,61.75653111256758,11035061.0
2022-01-24,59.79774856567383,61.49108609057479,59.50484697749272,61.49108609057479,13015975.0
2022-01-25,57.765743255615234,59.953353615119234,57.66505767561087,59.49569442721756,13442809.0
2022-01-26,59.4407844543457,59.5597733430056,57.7565948161759,57.7565948161759,10180435.0
2022-01-27,57.78404998779297,59.477391076434316,57.75658806221419,59.038035183798854,9466432.0
2022-01-28,57.98542404174805,59.4957009233916,57.930507167867624,58.36985961722543,14854822.0
2022-02-07,59.09295654296875,61.03343415932935,58.589535588482995,59.038039670962256,14686632.0
2022-02-08,59.99912643432617,60.10896017761296,58.60783849720602,59.1295697277947,14030257.0
2022-02-09,58.74513626098633,60.75883398432241,58.241711830152305,60.02658344098443,15401633.0
2022-02-10,57.32639694213867,58.745139876968054,56.89619614249293,58.65360942633244,18981425.0
2022-02-11,57.28977966308594,57.88473802875919,56.3195408873971,57.34470002491602,11731183.0
2022-02-14,55.72459030151367,56.74059437774661,55.10217345286039,56.74059437774661,15550263.0
2022-02-15,56.37446594238281,56.3836175909517,54.26007897334852,55.82527624501276,15066864.0
2022-02-16,56.47514724731445,56.74974207515201,55.843575302459136,56.118173621959365,9934402.0
2022-02-17,56.429386138916016,56.78635979029825,55.596446455136494,56.58498860575938,11642992.0
2022-02-18,56.20055389404297,56.29208434183613,55.34930746124803,56.06325473069045,8987380.0
2022-02-21,56.88704299926758,57.43623267197594,56.24631938666597,56.65821338702863,12059721.0
2022-02-22,55.11132049560547,56.14563127408438,54.461445264066896,56.10901769977337,14671617.0
2022-02-23,55.29438400268555,55.422528019088716,54.827573158407915,55.111319625682775,12882107.0
2022-02-24,53.4454460144043,55.10217373650413,52.932869895225124,55.010639792605744,25090540.0
2022-02-25,54.82757568359375,55.083863728203916,53.82072330953732,53.958022471528615,15207046.0
2022-02-28,55.28523635864258,55.28523635864258,53.63766033796862,54.78180841251285,13686721.0
2022-03-01,52.667423248291016,54.87334052275039,52.26468090482381,54.85503373516891,39584741.0
2022-03-02,53.16170120239258,53.34476211266543,51.51412507663257,52.264685982073,17419973.0
2022-03-03,53.56443405151367,54.59874483787267,53.326449308341616,54.15938892611851,20213772.0
2022-03-04,53.76580810546875,54.44314181341916,52.58504644904633,53.207463283827316,14419549.0
2022-03-07,51.349369049072266,53.363070549198525,51.14800134322385,53.115934122706086,18257235.0
2022-03-08,49.96723937988281,51.495819670016786,48.76817083208571,50.964936730976994,22855881.0
2022-03-09,48.73155212402344,49.91231018144412,46.75446456140943,49.500419703465695,26072269.0
2022-03-10,49.1434440612793,50.23267520130286,48.7315535710701,50.003845599336586,15974058.0
2022-03-11,49.16175842285156,49.180065212828936,47.312814535095356,47.50503408402614,14800374.0
2022-03-14,46.86430358886719,48.40203880679587,46.86430358886719,48.23728121261332,24673359.0
2022-03-15,43.733917236328125,46.855153211897715,43.4867808199345,46.855153211897715,37311731.0
2022-03-16,45.40894317626953,45.50047361314139,42.74536696001532,44.85059843302911,25040101.0
2022-03-17,45.86661148071289,47.202975678558666,45.58286148322658,46.49818000092857,23488104.0
2022-03-18,45.30826950073242,46.26020165753487,45.17097031770126,45.866614390619695,33311861.0
2022-03-21,43.77968215942383,45.372334271438746,43.12980342080863,45.35402748384904,37222974.0
2022-03-22,43.09319305419922,44.283106306411746,42.56230669257334,44.27395116684568,33748138.0
2022-03-23,43.20302963256836,43.31286686405766,42.461620463774665,43.01081360454643,24325326.0
2022-03-24,42.12295913696289,43.01081922770717,41.98565996090403,43.01081922770717,22427841.0
2022-03-25,41.1344108581543,42.644687733012645,40.91473638029377,42.626380944580454,24785085.0
2022-03-28,40.19163131713867,40.94219213538207,39.825502555802196,40.264858466071026,18028378.0
2022-03-29,39.19393539428711,40.32893179832748,39.12986338270109,40.19163263540729,21909307.0
2022-03-30,40.61267852783203,40.65844375186312,38.91018565723843,39.53260248071701,26528779.0
2022-03-31,41.830047607421875,42.534843127515416,40.10009655431149,40.27400577680382,39272979.0
2022-04-01,44.85060501098633,45.30826424579231,41.4456191866977,41.83005475959941,43146544.0
2022-04-06,44.90552520751953,46.01305971359159,43.807142349777564,44.85975649088052,30767136.0
2022-04-07,43.596614837646484,45.13434997494228,43.56915291228095,44.82314159021188,18325053.0
2022-04-08,44.17326736450195,45.180119765983626,43.25794890406197,44.03597169043365,16915453.0
2022-04-11,45.30826950073242,45.9947584325617,43.8895264066179,45.07028820736345,38508695.0
2022-04-12,47.87115478515625,49.28989770057909,44.60346816054941,45.381490946961364,56475039.0
2022-04-13,48.05421829223633,49.4271959577288,47.596559070405505,47.89861583281198,49446312.0
2022-04-14,47.45926284790039,48.813937301122294,46.68124351924484,47.61486880862929,27613326.0
2022-04-15,45.86661148071289,47.04737320654759,45.72016065754709,47.04737320654759,20554946.0
2022-04-18,47.82538986206055,47.83454151039149,45.02451409830775,45.72015808799619,23338070.0
2022-04-19,47.202972412109375,48.06337050221094,46.87345720987305,47.532487614345705,14772311.0
2022-04-20,46.60801315307617,47.688089188463934,46.12289549862094,46.864304689860504,12141815.0
2022-04-21,44.942138671875,46.82769611097541,44.42956252693893,46.72701051345922,25253987.0
2022-04-22,44.31971740722656,45.17096383995485,43.36778887859878,44.53024372212734,14550015.0
2022-04-25,41.33578109741211,44.02681608569719,41.29001587320583,43.797986473003,23231167.0
2022-04-26,41.573760986328125,42.91012853402515,41.29916615848942,41.61952970068681,16913546.0
2022-04-27,42.37924575805664,42.51654492941856,40.82320361316116,41.18933240901762,19258936.0
2022-04-28,43.477622985839844,44.438706585089065,42.37924023312823,43.477622985839844,23267809.0
2022-04-29,46.95583724975586,47.276200812235686,43.505086166735,43.6789989123181,33604500.0
2022-05-05,46.269344329833984,47.16635594105412,45.54624195727015,45.811685130742326,23798394.0
2022-05-06,45.00620651245117,46.02221055066122,44.53024399109381,45.1251988886219,12936918.0
2022-05-09,45.63778305053711,46.15951434000402,44.73161615786854,45.01536616281111,9330703.0
2022-05-10,45.454715728759766,46.0405189992478,43.752222791614585,45.02451492439259,14703070.0
2022-05-11,46.09543228149414,47.11143620021451,45.03366314398667,45.69268997617802,21848516.0
2022-05-12,45.30826950073242,46.672095714965096,45.07943985678933,45.49133391421955,14338535.0
2022-05-13,45.58285903930664,46.10459028709117,45.088586228248815,45.67439298116708,10987149.0
2022-05-16,44.55769729614258,46.03136038967017,44.38378806766047,45.56454607857562,11420293.0
2022-05-17,45.12519836425781,45.994751580023646,44.11834947757911,44.52108833391804,15519849.0
2022-05-18,44.48447799682617,45.36318641628742,43.02912143255777,45.14350843850635,27377666.0
2022-05-19,43.20302963256836,44.20987848648931,42.653836491796596,43.70645405952884,49623888.0
2022-05-20,46.26019287109375,46.45240889749817,42.97419966853033,43.550851239406185,54346840.0
2022-05-23,45.92152404785156,46.6080128717082,45.30826237453775,46.26019438161799,31990434.0
2022-05-24,44.21903610229492,46.13205182520857,44.11835051293165,45.912373858264814,29784700.0
2022-05-25,44.3929443359375,44.76822475663665,43.70645550600032,44.55770193445544,21171481.0
2022-05-26,46.21442794799805,46.498174419763295,44.22818518732821,44.42955635438429,33062782.0
2022-05-27,45.839149475097656,47.41349482869131,45.63777829954269,46.49817638222367,23639868.0
2022-05-30,47.202972412109375,47.51418082625893,45.994752331684715,46.80023354918876,28241530.0
2022-05-31,47.50503158569336,47.74301285955717,46.52564106922177,47.09313756202237,27230291.0
2022-06-01,47.87115478515625,48.759014809161094,46.96499146460495,46.97414311287818,30704544.0
2022-06-02,47.47756576538086,48.14574779717031,47.2212777235062,47.596558138392396,17218908.0
2022-06-06,47.00160217285156,47.797931758036356,45.91237444742128,47.331117381664185,26911846.0
2022-06-07,48.44780349731445,48.68578474648592,46.608011546363834,46.7727691387374,30552377.0
2022-06-08,48.87800598144531,49.17090760224581,48.0084527670914,48.49357042185545,25217328.0
2022-06-09,47.42264938354492,48.86885069546075,47.257891785879956,48.85969904744058,16757726.0
2022-06-10,48.145751953125,48.32881635240737,46.87345979019016,47.14805464328222,16056270.0
2022-06-13,47.230430603027344,47.76131697979722,46.2876537172648,47.19382051870681,21707761.0
2022-06-14,46.57140350341797,47.01990758656203,45.84830109318336,46.68124073925652,21389221.0
2022-06-15,47.35218048095703,47.912507530857255,46.543839646475114,46.84696877342792,21839396.0
2022-06-16,47.802284240722656,48.11459753145986,47.16847001607585,47.343000195759664,15560036.0
2022-06-17,47.67368698120117,48.022740344988286,46.52547682755046,47.44404495047103,24149020.0
2022-06-20,48.04110336303711,48.785144668316924,47.92168854770756,48.48201556110929,19193698.0
2022-06-21,47.90332794189453,48.40853969740385,47.47159981246658,48.068670480651654,14016337.0
2022-06-22,46.029441833496094,48.041104439277696,45.882471097512855,47.765534747316465,21415235.0
2022-06-23,45.652835845947266,46.479545043926635,45.07413695452023,46.06619219696658,24877109.0
2022-06-24,48.335052490234375,48.67492521050417,45.57934818741961,45.6528353174431,43327395.0
2022-06-27,49.7496452331543,50.06195850896894,48.243194198304494,48.3350496012845,36814364.0
2022-06-28,50.888671875,51.33876826167917,49.290361910404,49.602675190655674,29840424.0
2022-06-29,50.20893478393555,51.34796082820762,50.0435922371209,50.87948911087966,21550892.0
2022-06-30,51.26528549194336,52.25733719015014,50.098703617008816,50.20893080479643,24027806.0
2022-07-01,51.42144012451172,52.45023538150305,50.9346001688394,51.48573960906998,14635826.0
2022-07-04,51.42144012451172,51.889911802360906,50.33752952187369,51.34795650104189,12946571.0
2022-07-05,51.84398651123047,52.624771562050086,50.980533688596736,51.88991772320654,22393582.0
2022-07-06,50.089515686035156,51.55003905604643,49.41896141608847,51.55003905604643,21384730.0
2022-07-07,48.959678649902344,50.098704626864475,48.821895538405265,50.071145201317705,17985681.0
2022-07-08,49.95172882080078,50.38345339803787,49.033160820806955,49.510816601290806,16165427.0
2022-07-11,48.224822998046875,49.67616221022216,47.83902609601085,49.60267508370536,13716453.0
2022-07-12,47.51752471923828,48.95967627477996,47.306254488611174,48.69329069979225,15105504.0
2022-07-13,47.545082092285156,47.94925428849566,47.058242133096094,47.39811134022473,16658516.0
2022-07-14,47.58182907104492,48.059484925535244,46.96639009764315,47.5175295814077,14321813.0
2022-07-15,46.73674011230469,48.739218602258845,46.59895351277089,48.22481926859929,36160468.0
2022-07-18,47.6828727722168,48.059485575496446,46.73674869413707,46.87453181491191,19161579.0
2022-07-19,50.06196212768555,50.06196212768555,47.31544192972002,47.85739725621881,32856778.0
2022-07-20,49.51082229614258,50.32834734952133,49.418963383142064,50.24567607985049,15824511.0
2022-07-21,48.684112548828125,50.19056377270839,48.59225713432204,48.88619866561285,17317627.0
2022-07-22,48.684112548828125,49.05154121497136,48.004370567680965,48.60144127414887,14061081.0
2022-07-25,48.34423828125,49.36384939487544,48.243195233368695,48.867821798399426,11709747.0
2022-07-26,47.866580963134766,48.65655003551203,47.58182361023675,48.28912141913131,14035778.0
2022-07-27,46.79185485839844,47.83902537103925,46.571400490307006,47.76553824563611,17185824.0
2022-07-28,46.58977508544922,47.122542760562546,46.562215659729084,46.846973031775704,15016138.0
2022-07-29,45.78143310546875,46.80104423175806,45.34970498790791,46.70918532160728,23155192.0
2022-08-01,44.90879440307617,45.78143480966711,44.706708297281,45.78143480966711,19734912.0
2022-08-02,44.30253982543945,45.24866386386066,43.604429598888316,44.50462593230972,19471357.0
2022-08-03,44.25661087036133,44.862865669788505,43.96266936179416,44.183123741189945,16937890.0
2022-08-04,44.3209114074707,45.092508761773495,44.13719708424446,44.48625394796839,15923712.0
2022-08-05,44.84449005126953,44.91797717415445,44.04533686221989,44.274978865146934,12965318.0
2022-08-08,44.67914962768555,45.312963828135956,44.467879395555094,44.816936237537995,13791411.0
2022-08-09,44.98228073120117,45.14762326861764,44.32091058153527,44.624039734818545,12622754.0
2022-08-10,44.11882400512695,45.04657973333159,43.870810201668064,44.93634904019931,18021957.0
2022-08-11,45.459938049316406,45.61609294862233,44.11882592369356,44.12801356721703,17477440.0
2022-08-12,45.735504150390625,45.928402600337876,45.18436121675115,45.4599344356004,10727735.0
2022-08-15,45.845733642578125,46.387688960697155,45.377265454266045,45.73550645192691,11485727.0
2022-08-16,45.606910705566406,46.277465044230894,45.487495863210974,45.744693827613936,9302575.0
2022-08-17,46.470359802246094,46.58058699188339,45.248662560887304,45.625275337535655,16615565.0
2022-08-18,45.671207427978516,46.46117656110877,45.46912132302168,46.305018160716884,10377287.0
2022-08-19,45.818180084228516,46.52547797683635,45.698765244162416,45.91922314089526,9419699.0
2022-08-22,46.55303192138672,46.83778929588532,45.46912127530718,45.57934846695922,12956660.0
2022-08-23,45.680389404296875,46.470358500022016,45.579346356602855,46.396871372950336,9772534.0
2022-08-24,45.10169219970703,46.01107615830199,44.954721444223516,45.68957872570031,8855215.0
2022-08-25,45.5426025390625,45.56097081525563,44.61484690866361,45.10168682113387,10053343.0
2022-08-26,45.349700927734375,46.27745656486977,45.21191783093266,45.82735670557636,7560092.0
2022-08-29,44.25661087036133,45.074135910067454,44.0912683337849,44.90879337349103,13311724.0
2022-08-30,45.12006378173828,45.12006378173828,44.17393976651928,44.284166956627516,12532472.0
2022-08-31,45.40481948852539,45.74468868960682,44.807748847870194,45.47830311121856,17959413.0
2022-09-01,44.88123321533203,46.11211448028511,44.761818393730785,45.28540187544392,15908175.0
2022-09-02,44.5046272277832,45.47830721673504,44.183126275307536,45.06495435564535,11667166.0
2022-09-05,43.85244369506836,44.64240933674071,43.63198580395701,44.25661240736998,11430695.0
2022-09-06,43.530941009521484,44.25661063801278,42.786903102892964,43.88918200220324,16702437.0
2022-09-07,43.17269515991211,44.64240252968987,43.09002390135844,43.48500841399723,22953433.0
2022-09-08,44.12800979614258,44.71589278527056,43.191069968197716,43.365596635576644,20515252.0
2022-09-09,46.277462005615234,46.396873336070556,44.21068377407341,44.550552991012594,33174571.0
2022-09-13,47.20521545410156,47.912513331902524,46.39687452174913,46.39687452174913,29408117.0
2022-09-14,46.84696960449219,47.33380953986746,46.18559950054167,46.70918299814951,17430841.0
2022-09-15,46.37850570678711,47.23277083071451,46.02026119822876,47.17765898636651,19689248.0
2022-09-16,44.7342643737793,46.35094258690962,44.55973420309399,46.341758448269914,16500861.0
2022-09-19,44.6975212097168,45.542605638524755,44.22905304561624,44.79856425594961,14620437.0
2022-09-20,45.037391662597656,45.634462313854854,44.45869629741387,44.94553625658538,13406457.0
2022-09-21,43.98104476928711,44.91798471909574,43.723843300046255,44.91798471909574,13148614.0
2022-09-22,41.62950134277344,43.93510897746422,41.087546084393345,43.558492734806265,44123140.0
2022-09-23,42.89712905883789,43.475827917181206,42.14390353073475,42.24494657788062,35472145.0
2022-09-26,42.05204391479492,43.172698049288094,41.83158954660352,42.272501787045336,23218914.0
2022-09-27,44.20149612426758,44.4586975758041,41.74892097181391,41.868335806310895,27522990.0
2022-09-28,43.907554626464844,45.52423645016075,43.74221208758551,44.09126894789291,19538591.0
2022-09-29,43.42989730834961,44.183122846813205,43.20025529042634,43.962668471879965,14724360.0
2022-09-30,43.37478256225586,43.90755018605281,43.01654159893295,43.778951225276266,16123663.0
2022-10-10,41.785667419433594,43.63198789158612,41.70299614431874,43.54013247659604,12142769.0
2022-10-11,41.353939056396484,42.1255364523155,40.97732625029669,42.070421101157194,15974383.0
2022-10-12,41.97856140136719,42.024489103947666,40.44455090595389,41.271263568638794,13670971.0
2022-10-13,41.97856140136719,42.437845435290114,41.52846150633672,41.65706047518568,11500925.0
2022-10-14,45.42319107055664,45.698760786548135,43.485011911723944,43.63198266052334,39387470.0
2022-10-17,47.08579635620117,47.35218192972344,45.03739004019759,45.10168952290172,34593737.0
2022-10-18,46.73674011230469,47.56344919733112,46.48872633557912,47.085793424088415,17399957.0
2022-10-19,47.04905700683594,47.692051843570646,45.98351820074248,46.73674372725377,19489408.0
2022-10-20,46.54384231567383,47.462410383517174,46.34175972350848,46.85615559890293,17295138.0
2022-10-21,47.03987121582031,47.46241169775424,46.44280405762477,46.58977481238697,16169081.0
2022-10-24,45.32215118408203,47.47160072519235,45.120065076369144,46.67244744187395,22024058.0
2022-10-25,45.08332061767578,46.19478709357674,44.61484895986037,45.73550307833909,16226478.0
2022-10-26,46.084556579589844,46.71837076558924,44.89960647892372,44.89960647892372,14184254.0
2022-10-27,46.72755813598633,47.20521396714581,46.08455976696167,46.093747410209296,16735453.0
2022-10-28,45.818180084228516,47.131732812777436,45.37726779482222,46.488734410037644,13304784.0
2022-10-31,44.33009338378906,45.56097473406893,43.95348061637816,45.46911932896738,23039380.0
2022-11-01,45.432373046875,45.54260373127216,43.42989449975872,44.816934160589156,18546899.0
2022-11-02,46.38768768310547,46.635701483284414,44.7434499915816,44.881236604145165,19356159.0
2022-11-03,44.37602233886719,46.12129947565915,43.88917890516477,45.89165747049766,24289905.0
2022-11-04,45.94677734375,46.33257426851428,44.155568826057646,44.348467288439785,24173916.0
2022-11-07,46.093746185302734,46.938827130548056,45.294592942897424,45.38644834857744,15320312.0
2022-11-08,46.084556579589844,46.68162720325847,45.83654629400456,46.09374422220202,13209694.0
2022-11-09,45.928401947021484,46.286642921558816,45.66201637475461,45.928401947021484,10066022.0
2022-11-10,45.294593811035156,45.83654912467651,45.009836441474725,45.634463023436254,9293071.0
2022-11-11,48.25238037109375,48.45446647103967,46.2131616056889,46.43361598375794,37638695.0
2022-11-14,47.600196838378906,49.226062733588215,47.47159786995429,48.289122886990015,19180256.0
2022-11-15,49.069908142089844,49.170951197697114,47.37055849215105,47.76554307094709,19497828.0
2022-11-16,49.59349060058594,50.65902939926796,48.78514973480885,48.9596764029859,24681444.0
2022-11-17,49.38221740722656,49.593491144784274,48.59225181834171,49.180134816609076,11761535.0
2022-11-18,48.215641021728516,49.85987525460649,48.17889745682217,49.584305525927334,18475707.0
2022-11-21,47.48997116088867,47.79309680979966,46.67244611787338,47.48997116088867,13508279.0
2022-11-22,47.48997116088867,48.08703831955663,47.003127688305575,47.85739629605529,8676949.0
2022-11-23,46.72755813598633,47.361372365822575,46.534659676496695,47.361372365822575,8770258.0
2022-11-24,46.44279861450195,47.526709117860435,46.31419615310551,47.08579340119022,9317237.0
2022-11-25,46.801048278808594,47.19603286646482,46.10293451753084,46.46117904200885,8961488.0
2022-11-28,46.57140350341797,46.67244655535515,45.037392949939274,45.88247742645634,11472168.0
2022-11-29,48.684112548828125,49.0974689222244,46.608150046079345,46.88371979365705,20563088.0
2022-11-30,48.684112548828125,48.684112548828125,47.64612954542401,48.2248284681788,15370891.0
2022-12-01,50.03440475463867,51.16424307968136,49.960917625826546,50.4110175296529,30779065.0
2022-12-02,49.216880798339844,50.27323201773801,49.09746596343075,49.99766228676715,11099504.0
2022-12-05,50.631473541259766,51.18261651295219,49.832320261973926,50.126261778586176,23165342.0
2022-12-06,52.4043083190918,52.486979586542354,50.00684506708478,50.52124445389482,32133909.0
2022-12-07,52.955448150634766,54.05772697963069,52.23896270691668,52.40430523207786,32397617.0
2022-12-08,52.633949279785156,53.267763485500105,52.01851035986615,52.78092002962097,25008741.0
2022-12-09,53.304500579833984,53.55251436339715,52.37674843011302,52.652318132719124,27825592.0
2022-12-12,52.29408264160156,53.61681945497316,52.08281239735842,53.10242355735828,20178940.0
2022-12-13,52.81766128540039,53.093230991295044,51.71537895776286,52.294077792982876,13662405.0
2022-12-14,54.6088752746582,55.11408703836469,52.37675446927969,53.166723610812404,33932432.0
2022-12-15,53.77297592163086,55.444769536878304,53.341247805321544,54.801771183923336,14849426.0
2022-12-16,53.56170654296875,54.16796134168128,52.86359283290028,53.60763424661713,15854010.0
2022-12-19,53.552520751953125,54.19551913744655,52.93708179284923,53.81890634800972,14598959.0
2022-12-20,52.4043083190918,53.36880410330887,51.94502427860184,52.82684879536836,12728021.0
2022-12-21,52.725807189941406,53.91994494775005,52.24815138600615,53.341246098205154,11985238.0
2022-12-22,53.45147705078125,54.19551848122207,52.946265291174925,53.35962164141983,16768402.0
2022-12-23,53.442291259765625,53.874019379351545,52.8635923873082,53.11160618978995,10566688.0
2022-12-26,52.725807189941406,53.68111529375291,52.59720472021887,52.909517995712726,11995037.0
2022-12-27,55.0589714050293,55.9499835955057,52.83603825459691,52.99219315178265,26008605.0
2022-12-28,53.313690185546875,54.95792782746496,53.010561048675925,54.74665409349242,20787524.0
2022-12-29,52.27570724487305,53.1667193688689,52.09199293525775,53.09323224339917,15172668.0
2022-12-30,53.05649185180664,53.55251946619741,52.376753420879346,52.376753420879346,15353304.0
2023-01-03,53.07486343383789,53.479035638434055,52.27571017193243,52.81766548841066,18089044.0
2023-01-04,52.93708038330078,53.48821983958615,52.404309205373615,53.46066391798964,15509466.0
2023-01-05,55.31616973876953,55.444768706623,53.21264803871187,53.59844494227227,31560648.0
2023-01-06,54.75584411621094,55.53662558696149,54.29656007363786,55.43558253694595,13326701.0
2023-01-09,54.47108459472656,55.44476798794617,54.10365947763052,55.11408292971842,17393332.0
2023-01-10,54.28737258911133,54.82014376200095,54.10366177479273,54.4710869074891,9874464.0
2023-01-11,53.88320541381836,54.82932944970658,53.598448037087095,54.18633457331222,11902563.0
2023-01-12,53.37799072265625,54.305742924866585,52.983006175085556,54.01180142491525,11702429.0
2023-01-13,55.46314239501953,55.58255372409766,54.1036620388828,55.57336958496057,22251786.0
2023-01-16,56.115325927734375,56.64809360892675,55.20594195789631,55.986726953103776,24383779.0
2023-01-17,55.65604019165039,56.26229498520616,55.11408488346726,56.041837103886266,9326078.0
2023-01-18,55.949981689453125,56.372522165859046,54.72828796348657,55.44476994557133,14512324.0
2023-01-19,56.06021499633789,56.12451448871892,55.13246267479763,56.01428728807423,8911538.0
2023-01-20,55.45395278930664,56.56542280475589,55.297797901088096,56.03265164812049,13445754.0
2023-01-30,54.07609939575195,56.271476445103595,53.73623020295525,56.032650297098634,27694826.0
2023-01-31,53.86483383178711,55.334544921738,53.01056520246908,54.33330553383082,25980519.0
2023-02-01,53.139163970947266,54.37923302676175,52.35838247599906,54.011804379692435,33312656.0
2023-02-02,53.6903076171875,53.828090733527894,52.81766719746106,53.31369482602884,22733333.0
2023-02-03,53.01056671142578,53.8189076587054,52.77174053594239,53.249396390968556,16721630.0
2023-02-06,52.35838317871094,52.716624187178944,51.899099115739794,52.44105445020812,18545536.0
2023-02-07,52.77173614501953,53.32287558354428,52.18385314284404,52.35837981409643,13267476.0
2023-02-08,53.065677642822266,53.56170523989929,52.67069309374898,52.81766384428376,12538730.0
2023-02-09,53.231021881103516,53.58007873883217,52.560467591295314,53.04730756103269,12106003.0
2023-02-10,52.725807189941406,53.23101891393056,52.52372109872214,53.23101891393056,11277255.0
2023-02-13,53.33206558227539,53.53414818316269,52.17466780456601,52.34001034423878,19007068.0
2023-02-14,52.633949279785156,53.88320240541911,52.27570829606405,53.38717481070108,17393280.0
2023-02-15,51.34795379638672,52.54209152336012,50.70495548061368,52.496163823103245,33370198.0
2023-02-16,50.796810150146484,52.30326112287087,50.291598446473145,51.448992594962235,21526742.0
2023-02-17,49.51082229614258,50.82437496754639,49.4648910876127,50.806003184946285,19772334.0
2023-02-20,50.52124786376953,50.750889899513936,49.52000844776154,49.52000844776154,16375582.0
2023-02-21,50.0068473815918,50.640661629401116,49.63023459112133,50.50287500925318,16602332.0
2023-02-22,49.4924430847168,49.9884671242293,49.32710057019306,49.65778559924054,12863368.0
2023-02-23,49.63942337036133,50.20893463882167,49.4189654738925,49.510824390779256,12310886.0
2023-02-24,49.33629608154297,49.77720838722988,49.060726328496095,49.428155001931614,16481695.0
2023-02-27,49.07909393310547,49.40059136693888,48.77596477772605,48.877007829519194,14962773.0
2023-02-28,49.53838348388672,49.988479941226636,49.1342147358995,49.23525429485159,16687685.0
2023-03-01,49.70372009277344,49.82313492604781,48.895379189473324,49.547561694790154,13421140.0
2023-03-02,49.9701042175293,50.27322985735329,49.29036230655635,49.58430380750165,14270975.0
2023-03-03,49.90580749511719,50.447759320430094,49.52000706373835,50.15381780321731,13055428.0
2023-03-06,49.32710647583008,49.74046281162809,49.1250203774268,49.703719247544015,12447207.0
2023-03-07,48.215641021728516,49.55674960427719,48.19726923927534,49.39140706625785,15650455.0
2023-03-08,48.831085205078125,49.115842607567124,47.793102161486175,47.93088879263947,13079942.0
2023-03-09,48.224822998046875,49.143391055152534,48.08703638785741,48.968864385763716,10725106.0
2023-03-10,47.839027404785156,48.399350991539265,47.81146797955786,47.81146797955786,8351727.0
2023-03-13,49.5567512512207,49.60267895685036,47.62775607824092,47.76554269918924,16987588.0
2023-03-14,48.959678649902344,49.71290420574244,48.739224269883344,49.40977855720152,10081196.0
2023-03-15,48.71166229248047,49.56593085443474,48.46364849990739,49.56593085443474,9356672.0
2023-03-16,48.132972717285156,48.821898833444436,47.65531685626093,48.23401227091193,10537674.0
2023-03-17,48.224822998046875,48.730034728643176,47.69205184297725,48.39934966743569,14629706.0
2023-03-20,47.51752471923828,49.83231662149818,47.0031253507164,48.98723569898977,24863205.0
2023-03-21,48.76677322387695,48.821888563036765,47.12253573155894,47.52670787728015,17449104.0
2023-03-22,48.8953742980957,49.76801460030995,48.69328821647209,48.75759120030957,11940879.0
2023-03-23,49.6026725769043,49.997657101822874,48.55550560537463,48.88619064987007,17303642.0
2023-03-24,49.35466384887695,49.87824738827188,48.941307500918,49.565934092487254,8219469.0
2023-03-27,49.73127365112305,49.78638899556742,48.298309736159595,49.565931121848955,12573163.0
2023-03-28,49.143394470214844,49.92417597138893,48.77596582021568,49.32710879521442,11597210.0
2023-03-29,50.10788345336914,50.870296571577136,49.336286196992084,49.42814509897674,24431732.0
2023-03-30,50.704959869384766,51.42144186677217,50.117076845471075,50.23648817566283,21826736.0
2023-03-31,50.870296478271484,51.210165654844296,50.42019661951926,50.79680935681854,12187780.0
2023-04-03,49.72209167480469,50.842742361438034,49.43733430554665,50.521244931678304,24295761.0
2023-04-04,49.18014144897461,50.52125015763947,48.867828126019546,49.74046860228159,25868479.0
2023-04-06,50.2273063659668,50.32834942239941,48.53714084179599,49.18013924304586,15711249.0
2023-04-07,53.276947021484375,53.29531880301335,50.06195883915342,50.218113726061155,40657562.0
2023-04-10,52.77173614501953,53.16672069411727,52.202224924669416,53.02893408245654,18305085.0
2023-04-11,51.91746520996094,52.7992896732666,51.807238028062464,52.771733753806714,15618136.0
2023-04-12,52.26652145385742,52.34000507294502,51.14586735428573,52.09199128841396,21671857.0
2023-04-13,51.94502258300781,52.431866032795796,51.31121188928188,51.78886769628684,15128064.0
2023-04-14,52.24815368652344,52.9830074541418,51.79805378282391,52.13792299333631,17129227.0
2023-04-17,52.24815368652344,52.615578818303035,51.72457015809165,51.89909683288253,14569016.0
2023-04-18,52.23896789550781,53.22183550155567,51.733756131361794,52.3583827319981,14215466.0
2023-04-19,51.439815521240234,52.45023906735514,51.07238686589335,52.34919951599113,13417606.0
2023-04-20,50.98052978515625,51.80724248059329,50.52124573303773,51.623528158934036,15183719.0
2023-04-21,50.20893478393555,51.008088090833404,49.60267994696831,50.99890395114788,16282265.0
2023-04-24,50.14462661743164,50.760065487594986,49.32710166855971,49.86905692177553,16895471.0
2023-04-25,50.3375358581543,50.53043433611035,49.474083025356094,50.20893687285026,14687186.0
2023-04-26,50.57636260986328,51.04483081540164,49.630235051133916,50.15381860605416,19668939.0
2023-04-27,52.633949279785156,53.818902921369634,51.669453514983935,51.71538121729655,37028642.0
2023-04-28,51.85316848754883,52.80848012565688,51.63271060796269,52.35838022752895,15315853.0
2023-05-04,50.907039642333984,52.04606556596965,50.76925653728758,51.84397947369743,15161080.0
2023-05-05,50.03440475463867,50.916229276029185,49.970105268957646,50.916229276029185,12826253.0
2023-05-08,46.92045593261719,49.99765738416005,46.49791198223196,49.99765738416005,50916510.0
2023-05-09,47.05824279785156,47.72879708260333,46.43361621675638,46.45198799903084,19704734.0
2023-05-10,46.66325759887695,47.62775337866893,46.3325725305919,47.39811135947755,13287984.0
2023-05-11,46.36013412475586,46.791858758275005,46.112120311937986,46.64488799927841,10642580.0
2023-05-12,46.36013412475586,46.6370756725334,45.68624173394614,46.5724560954354,13929653.0
2023-05-15,46.443214416503906,46.461677654885754,45.51084024648487,46.36013160453689,10684909.0
2023-05-16,45.316978454589844,46.49859745892876,45.20620255330867,46.47090436398406,23371501.0
2023-05-17,45.409297943115234,45.409297943115234,44.86464469116739,45.29852202518601,11204960.0
2023-05-18,45.16004943847656,45.60316015272668,45.0492735206655,45.39083465479299,11579181.0
2023-05-19,46.24011993408203,46.433978644852296,44.77232601260259,45.16927681360978,15171022.0
2023-05-22,46.54475784301758,46.849395999939475,46.11088405793555,46.424752073475055,11071104.0
2023-05-23,45.79701232910156,46.433978167151984,45.78777894972989,46.387821834800924,6948250.0
2023-05-24,45.04927062988281,45.83394242790853,44.92926133907837,45.83394242790853,9228654.0
2023-05-25,45.16004943847656,45.418531275372956,44.70771238653801,45.0492735206655,8021192.0
2023-05-26,45.12312316894531,45.316981891264504,44.22767546846714,45.1600461245042,9249446.0
2023-05-29,44.3292236328125,45.28005757270667,44.06151194360835,45.13235517892211,10254165.0
2023-05-30,43.84918975830078,44.375379753680164,43.11067779298786,44.329223416129885,16994283.0
2023-05-31,43.692256927490234,43.96919847062578,42.87989201565689,43.84918917738269,17868683.0
2023-06-01,43.61840057373047,43.932268570570855,43.202986530632536,43.66455690707413,9307106.0
2023-06-02,44.90156936645508,45.13235457374278,43.8491893846636,43.89534572182058,12603658.0
2023-06-05,44.652320861816406,45.02157860159666,44.319989600314734,45.012345221275616,5392701.0
2023-06-06,44.45846176147461,45.049271322982136,44.07074430729883,44.72617344450232,7816572.0
2023-06-07,43.80303192138672,44.81848539874549,43.69225601075731,44.6707830107387,9679333.0
2023-06-08,44.35691452026367,44.467690429704895,43.452236963237894,44.07997298590928,8325551.0
2023-06-09,44.38460922241211,44.66155074480935,44.1722837496883,44.36614598471863,5941960.0
2023-06-12,45.03080749511719,45.33544565213098,43.76610557396006,44.37537836648492,11418984.0
2023-06-13,45.01234436035156,45.16928012928253,44.366148610349704,44.93849492670966,7126810.0
2023-06-14,45.36314392089844,46.046269746273744,45.03081262863494,45.10466559202821,13013755.0
2023-06-15,45.833946228027344,46.0093417279739,45.390835505472786,45.75086340773624,13689414.0
2023-06-16,45.94471740722656,46.38782456255724,45.52930334863448,45.898561072161364,9582582.0
2023-06-19,45.14158630371094,45.935484429693574,45.00311377579972,45.935484429693574,10149840.0
2023-06-20,44.79078674316406,45.510835355155045,44.77232350676657,45.23389385219715,7842264.0
2023-06-21,44.09843444824219,44.966185493336155,44.043044735001175,44.59693130290368,8368145.0
2023-06-26,43.46146774291992,43.90457487567623,43.03682032604714,43.86764840090426,9340916.0
2023-06-27,43.85841751098633,44.218445378195575,43.01835953050341,43.498393165279744,8680357.0
2023-06-28,43.72917938232422,43.895345010599264,43.350691789365,43.85841853287087,7752087.0
2023-06-29,41.31978225708008,43.72918040173306,40.055080298173216,43.72918040173306,48990285.0
2023-06-30,41.624420166015625,41.938288189079174,40.87667482596643,40.922834684669176,19539041.0
2023-07-03,42.78757095336914,42.88911699598572,41.62441519590285,41.67980490683072,19470547.0
2023-07-04,42.57525634765625,42.75065536840425,42.14138252920742,42.741421987573844,14667766.0
2023-07-05,41.98444366455078,42.74141884790197,41.679809028081515,42.64910617539679,13984364.0
2023-07-06,41.430564880371094,42.22446662360529,41.39363839894088,41.87367209302442,12432504.0
2023-07-07,41.624420166015625,41.6613466443767,41.18131299019111,41.458254534893584,9823354.0
2023-07-10,42.861427307128906,43.18452517612623,42.00290608779012,42.89835378401507,21635741.0
2023-07-11,43.692256927490234,44.107667481442164,42.55679061407977,42.861428776580816,16309506.0
2023-07-12,43.34146499633789,44.264605875827506,43.11067977646549,43.69225951656478,16257747.0
2023-07-13,43.63686752319336,43.71071695852447,43.23991668396809,43.535321468298136,16294092.0
2023-07-14,43.75687789916992,43.913810154067875,43.3876201488762,43.646098461180074,9217318.0
2023-07-17,43.3968505859375,43.59994270345422,42.93528015267438,43.56301622363246,8333998.0
2023-07-18,43.27684020996094,43.45223568822148,42.57525125391364,43.39684597437483,9583675.0
2023-07-19,43.47992706298828,43.82149166926595,42.94450726967864,43.258375259378234,6734579.0
2023-07-20,43.683021545410156,44.1722850332457,43.4799294463829,43.553782399302854,10771467.0
2023-07-21,43.2214469909668,43.94149560506633,43.04605152693038,43.57224144054192,10333048.0
2023-07-24,42.796810150146484,43.184527614838416,42.602951417800526,42.93527916403524,7815916.0
2023-07-25,44.4492301940918,44.67078201038922,43.378387024647246,43.387616883033544,18672736.0
2023-07-26,44.58769989013672,44.79079199281004,44.28306525762941,44.44923088317982,7951539.0
2023-07-27,45.0400390625,45.326210447749936,44.44922953249714,44.85541020399847,11232702.0
2023-07-28,45.92625427246094,46.138576231441746,44.716938570610964,44.85541109762145,18398918.0
2023-07-31,45.92625427246094,46.96017097056394,45.85240131898797,46.30474185525327,18452245.0
2023-08-01,45.96318054199219,46.618609654348134,45.501610149374876,45.92625406542217,13065307.0
2023-08-02,44.984649658203125,45.83394100455626,44.6984747494804,45.73239495560617,16407127.0
2023-08-03,45.62161636352539,45.78778198821793,44.495386989112546,45.23389892024458,17027564.0
2023-08-04,45.316978454589844,46.3232019884417,45.233895648253366,46.110880043693456,14364343.0
2023-08-07,44.984649658203125,45.44622004688344,44.68924489116793,45.344673997933356,8391952.0
2023-08-08,44.82771682739258,45.224667638162416,44.5876982563909,44.74463401766162,7315834.0
2023-08-09,44.93849182128906,45.21543334093825,44.800019300713224,44.8184825382235,4699397.0
2023-08-10,45.132354736328125,45.23390079134097,44.6246279827667,44.781560233966324,5706642.0
2023-08-11,43.99689483642578,45.12312785319951,43.987664976953575,45.012348410514754,10517312.0
2023-08-14,43.489166259765625,43.646098514856575,43.11990850901779,43.18452808717323,7206691.0
2023-08-15,43.35068893432617,43.59993736032345,42.84296222425875,43.452234980640156,8578308.0
2023-08-16,42.796810150146484,43.350693248707195,42.74142043168927,43.11067817839832,7686316.0
2023-08-17,42.962974548339844,43.16606313383613,42.538330616889795,42.538330616889795,5580225.0
2023-08-18,42.52909469604492,43.073747887412544,42.32600260117825,42.85219255469413,8114910.0
2023-08-21,41.218238830566406,42.34446823112478,41.218238830566406,42.34446823112478,13865863.0
2023-08-22,40.89513397216797,41.624416000046615,40.39663712869377,41.513640097553164,16920023.0
2023-08-23,40.618194580078125,41.48594565109339,40.52588191008809,41.070535114635604,9926547.0
2023-08-24,40.59050369262695,40.96899129459049,40.295098906777504,40.63666003013415,8650160.0
2023-08-25,40.138160705566406,40.50741842629392,39.83352607924343,40.43356547354737,10503834.0
2023-08-28,40.618194580078125,42.122915047133574,40.47972205359044,41.54133536598899,24523137.0
2023-08-29,41.125919342041016,41.63364604572005,40.64588573373462,40.75666515823011,16016943.0
2023-08-30,40.47972869873047,41.43056625892966,40.43357235615844,41.35671329361185,15617437.0
2023-08-31,40.138160705566406,40.664350668626405,40.06431127432247,40.51664828463593,10988440.0
2023-09-01,40.32278823852539,40.692045947097135,40.13815938423952,40.15662262181836,10938450.0
2023-09-04,41.42132568359375,41.6705741159979,40.341252664678336,40.710506862626914,24410946.0
2023-09-05,41.35670852661133,41.72596626763131,41.06130374239647,41.227469373705176,15176302.0
2023-09-06,40.90436935424805,41.26439369610525,40.572038108994434,41.125921170082044,15137003.0
2023-09-07,40.02738952636719,40.94129703479822,39.98123318619947,40.922837315933556,14182463.0
2023-09-08,39.50119400024414,40.01815057253643,39.15962938326241,39.96276438064942,15885968.0
2023-09-11,40.15662384033203,40.40587227295578,39.39964868414253,39.51042459147444,16431138.0
2023-09-12,39.89814758300781,40.276635180394166,39.741211811577834,40.03661659385485,10235847.0
2023-09-13,39.242713928222656,40.138161632693574,39.21502083105434,40.06431219974384,12809371.0
2023-09-14,38.84576416015625,39.39041381794551,38.633438690320055,39.23348158193893,15730553.0
2023-09-15,38.568817138671875,39.095007053489866,38.34726534374971,38.95653806203909,16484289.0
2023-09-18,38.81806945800781,39.22425365877107,38.43035201710032,38.439581875525555,12346130.0
2023-09-19,38.27341842651367,38.836534903020244,38.0887895539947,38.82730504407058,16062069.0
2023-09-20,37.89492416381836,38.17186566318261,37.71029532374145,38.16263580585476,15368325.0
2023-09-21,37.06410598754883,37.6918420379785,37.00871626962757,37.68260865757355,18883648.0
2023-09-22,37.9041633605957,37.941086317076646,37.017945496500545,37.073335213476106,24676216.0
2023-09-25,37.294891357421875,37.747228397135785,37.13795558338645,37.747228397135785,18921624.0
2023-09-26,37.294891357421875,37.57183290521651,37.2118085409332,37.38720403285247,9999502.0
2023-09-27,37.571834564208984,38.014941764546464,37.276429763984,37.33181596308681,11395170.0
2023-09-28,37.66413879394531,37.7564549742443,37.31334435181358,37.64567555788552,12611105.0
2023-10-09,37.77492141723633,37.9133939515983,37.257964801491,37.84877437463014,13122118.0
2023-10-10,37.66413879394531,38.25494826184999,37.627212321825716,38.10724589487382,11715243.0
2023-10-11,37.765689849853516,38.11648433859906,37.69184041730337,38.079557861572646,10408430.0
2023-10-12,38.208797454833984,38.35649984315783,37.92262605830181,38.2272606935623,12733867.0
2023-10-13,38.12571334838867,38.21802953889964,37.710299294845775,37.959547726971515,13448207.0
2023-10-16,37.66413879394531,38.33803106336797,37.52566980575014,38.2180253112326,11571150.0
2023-10-17,37.52567672729492,37.78415503680353,37.294891516232845,37.66414574103045,9572319.0
2023-10-18,36.741004943847656,37.50721353587664,36.64869226790571,37.50721353587664,12568249.0
2023-10-19,36.00249099731445,36.54714420710829,35.92863804340894,36.46406139471592,14808746.0
2023-10-20,35.79939651489258,36.01171846099738,35.54091823641759,36.00248860312431,11215627.0
2023-10-23,36.1132698059082,36.48252756207512,35.503996973284856,35.72555233128559,14620122.0
2023-10-24,36.22404861450195,36.371751010094606,35.6886252295393,36.1963519942951,14805188.0
2023-10-25,36.46406173706055,36.97178847466844,36.27943287206603,36.75023665387718,12047156.0
2023-10-26,36.16865921020508,36.6117664008374,35.72555201957275,36.50099048355505,12644892.0
2023-10-27,37.10102844238281,37.267194072394204,35.84555988002294,36.0763450859829,17380158.0
2023-10-30,37.84877014160156,38.079555325391816,36.93485926433109,36.97178573889811,16376072.0
2023-10-31,36.27943420410156,38.11648601991701,36.03018575543297,38.07955954126177,34665503.0
2023-11-01,36.01171875,36.76869739725619,35.7717037068474,36.39020631287686,21422743.0
2023-11-02,35.47630310058594,36.260971413453326,35.09781549344358,36.1871219767319,25168142.0
2023-11-03,36.02095413208008,36.0948035642703,35.40244797016152,35.411681350124454,19045441.0
2023-11-06,37.04563903808594,37.05486889606369,36.13172815217968,36.196347722531364,22116649.0
2023-11-07,36.83332061767578,36.9625597707584,36.491755974239936,36.92563329230542,11809077.0
2023-11-08,36.870243072509766,37.11026165768264,36.6486912478147,36.85177983353472,11010404.0
2023-11-09,36.944091796875,37.23026668595597,36.74099971291417,36.796389423495036,9580753.0
2023-11-10,37.06410598754883,37.11949218396727,36.34405374058372,36.907170214189996,11771113.0
2023-11-13,37.24873352050781,37.38720606267449,36.861016036845974,36.944098857845376,13537523.0
2023-11-14,37.636451721191406,37.76569087278176,37.15641807135383,37.33181355972606,13916446.0
2023-11-15,37.839542388916016,38.0518643472353,37.516441000732435,38.0518643472353,13148238.0
2023-11-16,37.89492416381836,38.10724609738102,37.57182633481044,37.802611504531015,12125607.0
2023-11-17,37.802616119384766,37.987244982000725,37.488748109388425,37.682606830458994,10833440.0
2023-11-20,38.30111312866211,38.541128185867414,37.581060914040854,37.858002448201646,17369199.0
2023-11-21,38.5411262512207,38.95654029236071,38.227258255859645,38.48573653856787,16029762.0
2023-11-22,37.83030700683594,38.448813132251196,37.83030700683594,38.33803370824992,9798289.0
2023-11-23,37.84877014160156,37.93185294862615,37.387199774021056,37.682604527552385,9310413.0
2023-11-24,37.950321197509766,38.06109711433712,37.39643457036716,37.76569232179556,9129791.0
2023-11-27,37.710304260253906,37.922629765635264,37.45182593579389,37.913396384617094,11495352.0
2023-11-28,38.587284088134766,38.64267380294619,37.44259148738629,37.69183992178377,16203397.0
2023-11-29,38.4395866394043,38.94731343177911,38.32881071705961,38.661142005596744,12914834.0
2023-11-30,39.011924743652344,39.10424092728993,38.24571978772319,38.32880259224585,19002155.0
2023-12-01,38.47651290893555,38.93808335791846,38.00570907893127,38.93808335791846,15498226.0
2023-12-04,38.171871185302734,38.71652440549545,37.978012459853474,38.494972582554226,10029008.0
2023-12-05,37.368736267089844,38.384193181341026,37.32257993496534,38.24572066346509,11366111.0
2023-12-06,37.24873352050781,37.80262016767147,37.15642084006538,37.36874282228539,9489902.0
2023-12-07,37.313350677490234,37.55336926545538,36.741004348616336,37.22103800304382,10095419.0
2023-12-08,38.024166107177734,38.356497339590476,37.24872773871551,37.30411745128513,16099122.0
2023-12-11,38.40266036987305,38.63344559690715,37.119495071003946,37.66414834766455,13701647.0
2023-12-12,38.2457275390625,38.716527845774095,38.08879175582327,38.31034711995423,9727975.0
2023-12-13,37.24873352050781,38.208800891722404,37.24873352050781,38.11648821127997,8752797.0
2023-12-14,37.147186279296875,37.79338200361779,37.09179656513969,37.61798652437391,6608545.0
2023-12-15,37.02717590332031,37.57182908458253,36.934859715774394,37.35950713548065,9424243.0
2023-12-18,37.17487716674805,37.44258882034688,36.79638961291957,36.99024831869705,8372013.0
2023-12-19,36.75023651123047,37.25796324686762,36.47329145406231,37.184110292555395,8647528.0
2023-12-20,36.44559860229492,37.15641744557317,36.44559860229492,36.75023675862962,7178136.0
2023-12-21,36.870243072509766,37.10102827744373,36.316359989269344,36.454832520830834,9969383.0
2023-12-22,36.620994567871094,37.128724835086054,36.408672602264275,36.87947639159037,8430276.0
2023-12-25,36.630226135253906,36.82408485232217,36.34405122803225,36.639455993517956,6053415.0
2023-12-26,36.30712890625,36.65791987043891,36.048647090818136,36.519450865049386,5058279.0
2023-12-27,36.0394172668457,36.41790484967645,35.69785263925254,36.344051896195985,8830829.0
2023-12-28,36.90717315673828,37.23950444775643,35.8363298420704,36.14096803267141,13255355.0
2023-12-29,37.294891357421875,37.34104769513717,36.741004740329764,36.91640375375188,12090216.0
2024-01-02,36.1871223449707,37.29489207908772,36.14096600636227,37.29489207908772,18035438.0
2024-01-03,35.808631896972656,36.18711947798012,35.16243264314214,36.18711947798012,19950044.0
2024-01-04,35.31013488769531,35.77170527838414,34.996266881166804,35.7347788019684,15703121.0
2024-01-05,35.300907135009766,35.76247755323085,35.03319544728086,35.227054177773034,14937160.0
2024-01-08,35.35628890991211,35.67939027516274,35.042420923912786,35.40244524166152,13738721.0
2024-01-09,35.9655647277832,36.048647540654734,35.07935040482203,35.40244827626537,15883764.0
2024-01-10,36.0394172668457,36.47329104328415,35.58707673053449,35.79016883110312,11209869.0
2024-01-11,36.417903900146484,36.64868909150166,35.83632423191074,36.03941632718411,10691435.0
2024-01-12,35.864017486572266,36.41790406117533,35.799397914427296,36.2425050612082,7534882.0
2024-01-15,35.85478973388672,36.30713028696748,35.60554128890378,35.68862410389809,8734045.0
2024-01-16,36.27943420410156,36.353287161412034,35.467069281200516,35.65169815297387,12601978.0
2024-01-17,35.72555160522461,36.33482442546552,35.72555160522461,36.18712203030115,11461866.0
2024-01-18,35.87325668334961,36.002495848596375,34.60855461007365,35.596315111891805,18417149.0
2024-01-19,35.40245056152344,35.799401412921725,35.11627914877321,35.642469157091334,13583396.0
2024-01-22,34.76548385620117,35.54092230182845,34.5254687875202,35.263980754426456,16582898.0
2024-01-23,34.41468811035156,34.75625274394982,33.85157165542208,34.75625274394982,20616879.0
2024-01-24,34.83009719848633,34.885486906652886,33.64847826295078,34.7008580675999,15999150.0
2024-01-25,35.46706771850586,35.49476433702838,34.77471212098841,35.12550660975133,15954601.0
2024-01-26,34.95011520385742,35.41168565605522,34.53470109257879,35.31013959313121,15547475.0
2024-01-29,34.01774215698242,35.01473606035228,34.01774215698242,34.84857040979063,11864341.0
2024-01-30,31.76527214050293,34.18389984896558,31.479097248605644,33.92542157338248,39312822.0
2024-01-31,32.51301956176758,32.71610813976575,31.765274258471315,31.765274258471315,26303513.0
2024-02-01,32.04221725463867,32.65149005949644,31.940671200245244,32.51302104837132,17869006.0
2024-02-02,31.46063804626465,32.43916497493559,30.81443882526344,32.30992583503584,18842779.0
2024-02-05,31.73758316040039,32.11607076507534,30.399028234085556,31.829895836076098,25697515.0
2024-02-06,33.46385192871094,33.59309106927108,31.386785257273704,31.469868064991292,20745504.0
2024-02-07,34.008506774902344,34.29468168695798,33.16844879858063,33.57462947760891,22644206.0
2024-02-08,34.66393280029297,34.91318121345221,33.95311403420971,34.13774287967978,19464765.0
2024-02-19,34.9316520690918,35.263983359122236,34.71933008301748,35.2362867372843,14451728.0
2024-02-20,35.32859802246094,35.40244745357356,34.85779425329538,35.35629111894035,13050437.0
2024-02-21,36.32558822631836,36.81485523355785,34.98703691466064,35.19935887114085,21237930.0
2024-02-22,36.29789733886719,36.54714578681779,36.002492553481915,36.53791592793198,9573273.0
2024-02-23,36.32558822631836,36.71330918447979,36.07634331503917,36.297895129843475,11407294.0
2024-02-26,36.16865921020508,36.897941335444976,36.16865921020508,36.63945949978226,9773526.0
2024-02-27,35.82709503173828,36.344051616106945,35.503993645005245,36.16865613519652,16726386.0
2024-02-28,35.079349517822266,35.864017769488306,35.079349517822266,35.83632467306559,19057857.0
2024-02-29,35.40245056152344,35.40245056152344,34.92242041339346,35.060889429449176,17215143.0
2024-03-01,35.12550354003906,35.49476123504568,34.98703454553836,35.43014166664488,16337869.0
2024-03-04,34.97780227661133,35.42090941178307,34.940875801638065,35.28244041288704,14547980.0
2024-03-05,35.079349517822266,35.153202470286296,34.59931589131386,34.81163784739405,16572821.0
2024-03-06,34.71009826660156,35.03319971158652,34.59932233876544,34.894727160663926,11804920.0
2024-03-07,34.35007095336914,35.30090844480614,34.165442074929715,34.80241152947058,14077905.0
2024-03-08,34.47007751464844,34.66393623693545,34.01773697447606,34.35930160498481,12237588.0
2024-03-11,35.14397048950195,35.21782344490595,34.34083896774853,34.47007811820279,16606649.0
2024-03-12,36.196346282958984,36.25173599313,35.00549392554966,35.208586008007714,23218818.0
2024-03-13,35.956336975097656,36.40867402161035,35.57784936573886,36.159425568398035,13800270.0
2024-03-14,35.71631622314453,36.55637420884699,35.56861383625737,35.817862274411205,11671611.0
2024-03-15,35.974796295166016,35.974796295166016,35.383986776294314,35.70708463145775,9428369.0
2024-03-18,35.94710159301758,36.15942355507964,35.633233579207854,36.07634426347086,12388016.0
2024-03-19,35.55015182495117,35.86401984810939,35.54092196610952,35.734780695309446,8915359.0
2024-03-20,36.214813232421875,36.40867195564131,35.46706791521489,35.55015072823789,14908653.0
2024-03-21,35.79016876220703,36.27943225281399,35.679392853702225,36.150193105974616,9021257.0
2024-03-22,35.116275787353516,35.725548555585085,34.903953832523094,35.71631517583013,11903656.0
2024-03-25,34.867027282714844,35.503993145858026,34.83010080677833,35.44860695345584,9748954.0
2024-03-26,35.023963928222656,35.29167563017909,34.78394884745334,35.180899709939645,9955463.0
2024-03-27,33.583866119384766,35.273212094526905,32.58687228106902,35.26398223521049,52748693.0
2024-03-28,33.54694366455078,33.860811741515896,33.029983443224886,33.33462165976606,25112256.0
2024-03-29,33.60232925415039,33.60232925415039,32.66072513919475,33.58386601407248,13991365.0
2024-04-01,33.713104248046875,34.37776678660183,33.3623097391981,33.602328332122006,24949570.0
2024-04-02,33.011512756347656,33.74079481799567,32.9561265632875,33.71310172146559,26123949.0
2024-04-03,32.62379455566406,32.956125792260366,32.50378527100372,32.956125792260366,18115661.0
2024-04-08,32.1622314453125,32.660728412872956,32.014529031387546,32.64226517094443,18973366.0
2024-04-09,32.180694580078125,32.337626853693095,31.829900027610776,32.13453823616216,14140601.0
2024-04-10,31.783735275268555,32.21761254060322,31.525257000517207,32.189915924378155,17542237.0
2024-04-11,31.506797790527344,31.802202577000557,31.322168918605875,31.442178213580256,15610889.0
2024-04-12,31.654499053955078,31.848357777877162,31.229855128744035,31.516026524580617,16902959.0
2024-04-15,32.1622314453125,32.29147061730892,31.396022752043272,31.405256133759202,20938760.0
2024-04-16,31.543720245361328,32.042217135159646,31.53449038658852,31.84835840740567,16841680.0
2024-04-17,32.17145919799805,32.18992243871707,31.552956480674723,31.552956480674723,20848483.0
2024-04-18,32.21761703491211,32.494558585278966,31.774506328521696,32.05145140039142,20722418.0
2024-04-19,31.756046295166016,32.236076432900894,31.719119816416306,32.07914418046888,20122478.0
2024-04-22,32.873050689697266,33.21461186449393,31.783744057261387,31.839133783513557,30451835.0
2024-04-23,32.66995620727539,32.937667916056014,32.448404361148945,32.90997481566598,13810608.0
2024-04-24,32.39301300048828,32.826890332670594,32.217617504384094,32.7345741335345,15563082.0
2024-04-25,33.3161506652832,33.45462318994585,32.26377074665539,32.411473129594334,26005217.0
2024-04-26,33.54694366455078,33.58387014925336,33.0946030307027,33.15922261818051,27447495.0
2024-04-29,33.62078857421875,34.29468450381443,33.28846082126434,33.537709277107346,27489842.0
2024-04-30,33.46385192871094,34.12851439045164,33.242296600963215,34.02696834529654,24172816.0
2024-05-06,34.28544998168945,34.59931800583832,33.990045196784976,34.248523503200694,31034459.0
2024-05-07,34.4423828125,34.56238857508355,33.99004229340791,34.34083676608121,22543114.0
2024-05-08,34.03620529174805,34.433156175568676,33.87927302309967,34.39622969300322,15523385.0
2024-05-09,34.75625228881836,34.876258056508505,33.953117262877235,34.11928288745108,22416842.0
2024-05-10,34.83933639526367,34.95011230859361,34.59008794914421,34.765483438708515,12512748.0
2024-05-13,34.43315124511719,34.839335452169635,34.21159942445467,34.839335452169635,18866095.0
2024-05-14,34.949180603027344,35.249414888324665,34.26427091600064,34.71462234394662,23201957.0
2024-05-15,34.3956184387207,35.03361710572536,34.301796579074235,34.94917600041373,13491225.0
2024-05-16,34.1329231262207,34.573890274591164,34.10477369784461,34.517598575989865,16383496.0
2024-05-17,35.615325927734375,35.65285610893232,34.132919561166226,34.189211253888075,35565671.0
2024-05-20,35.92494201660156,36.478499623410364,35.455825521986476,35.746675458039945,24689850.0
2024-05-21,36.64738464355469,36.806882545935686,35.615326129222886,35.66223706644817,29837500.0
2024-05-22,36.1407356262207,36.656763060930196,36.12197053671265,36.637997971422145,15568181.0
2024-05-23,36.1407356262207,36.33776369744299,35.73729514948468,36.16888147094536,15592690.0
2024-05-24,35.634090423583984,36.046911672646,35.559033641515896,35.96247413497253,15699966.0
2024-05-27,35.652854919433594,36.121971431531406,35.46520759877948,35.78420697016899,15714555.0
2024-05-28,35.315093994140625,35.63409339747127,35.16497683840122,35.418300209788086,11073529.0
2024-05-29,35.23064422607422,35.64346898737244,35.09929219441549,35.27755515465599,9627278.0
2024-05-30,34.6677131652832,35.36200364307435,34.489446588737366,35.36200364307435,16010714.0
2024-05-31,34.573890686035156,34.9867155690932,34.49883389398173,34.78968746349304,13886600.0
2024-06-03,34.949180603027344,35.014856629243944,34.26427091600064,34.667711407945475,15020813.0
2024-06-04,35.296329498291016,35.41830080784988,34.7146259573628,34.96794933302719,12207386.0
2024-06-05,35.38076400756836,35.59655715854361,35.16497085659311,35.277557809477,9726578.0
2024-06-06,35.02424240112305,35.71853287221047,34.89288676422461,35.38076839262193,15107264.0
2024-06-07,35.521507263183594,35.8405066740376,34.911654290379495,35.4183010451021,18285315.0
2024-06-11,34.799068450927734,35.540273514897336,34.48006902966711,35.521508421990774,13281359.0
2024-06-12,34.996089935302734,35.25879760720534,34.71462075311943,34.71462075311943,8037400.0
2024-06-13,34.245506286621094,35.15559348940518,34.020328780080426,34.996092009964904,12729765.0
2024-06-14,34.423770904541016,34.555126544025555,33.98280378446333,34.104771509657574,15452600.0
2024-06-17,34.28303527832031,34.423768083335716,33.954651575134534,34.15168322867597,11688537.0
2024-06-18,33.89836120605469,34.54574072413902,33.851450269221054,34.245506433513675,12149467.0
2024-06-19,34.1329231262207,34.19859916063918,33.7763935257522,33.964040872265905,8686014.0
2024-06-20,33.8608283996582,34.66770933530784,33.82329822147106,34.08600588970627,10228878.0
2024-06-21,33.68256759643555,34.10476960153661,33.19468598572931,33.70132910766558,13920671.0
2024-06-24,33.11962127685547,33.89835631645194,33.10085618901373,33.89835631645194,11616131.0
2024-06-25,33.32603454589844,33.757620840455104,33.16653308456032,33.41047565388341,14834777.0
2024-06-26,33.541831970214844,33.6168923331392,32.95074413894835,33.26974352322669,8849049.0
2024-06-27,33.0445671081543,33.813917874910004,33.0445671081543,33.58874038214195,8784267.0
2024-06-28,33.485538482666016,33.7576269441554,32.92260004703135,33.04457135374647,9687845.0
2024-07-01,33.11962127685547,33.4855315420829,32.3878007464006,33.1946816282224,11406125.0
2024-07-02,32.74433517456055,33.12901058539759,32.65050972126183,32.96950910432731,7844100.0
2024-07-03,32.29397964477539,32.88506746442136,32.284598889131814,32.75371541096115,10085891.0
2024-07-04,32.29397964477539,32.73495032059897,32.20015777203953,32.42533527731062,8909626.0
2024-07-05,32.29397964477539,32.52853790569006,31.834247457664656,32.29397964477539,12658402.0
2024-07-08,32.29397964477539,32.397185852229846,31.993745357130617,32.16262759131518,8620900.0
2024-07-09,32.50977325439453,32.575449274781214,31.862390226190556,32.340891036521725,11355047.0
2024-07-10,32.69742202758789,33.01642142401156,32.359661118793916,32.42533714931568,12803805.0
2024-07-11,32.931976318359375,33.297890188670976,32.7255674955776,33.11962363104037,9285423.0
2024-07-12,32.87568283081055,33.11024106405707,32.41594711885453,33.08209164229675,10023775.0
2024-07-15,32.55669021606445,33.157158844569736,32.519160032014035,32.86630528679203,8663171.0
2024-07-16,32.57545471191406,32.7161875309145,32.190779280125746,32.39718813047478,8654450.0
2024-07-17,33.410484313964844,33.541836387305,32.41595584869923,32.56607301524163,18135647.0
2024-07-18,33.74824142456055,33.86082837998177,33.185299489304896,33.41047697922211,12976550.0
2024-07-19,34.039093017578125,34.114153377569124,33.51368481394095,33.701328555768534,11311257.0
2024-07-22,34.06724166870117,34.24550465102035,33.80453399377174,34.0766224239496,10447558.0
2024-07-23,33.44801330566406,34.36748136527889,33.401098784796375,34.19859911156642,9578503.0
2024-07-24,33.09148025512695,33.61689205400955,32.93197877477462,33.448009817907106,8481105.0
2024-07-25,33.09148025512695,33.269743246979495,32.8475376567234,32.885067837873954,7586348.0
2024-07-26,32.80062484741211,33.26036059257493,32.72556806847065,33.09147836611307,9098770.0
2024-07-29,32.13447952270508,32.92259536803076,32.08756858958178,32.838154256778914,9918286.0
2024-07-30,31.684133529663086,32.087574065710015,31.393279968141343,32.087574065710015,12226841.0
2024-07-31,32.885066986083984,33.14777466825815,31.646599672794956,31.69351060848053,16477798.0
2024-08-01,32.519161224365234,32.86630649187169,32.44410443258771,32.83816064233955,8477583.0
2024-08-02,32.28459548950195,32.69741669677389,32.247065312729596,32.397182440744366,5733282.0
2024-08-05,32.29397964477539,32.91321688950214,32.1532468356716,32.35027491586192,10288978.0
2024-08-06,32.369041442871094,32.70680592623135,32.22830504844593,32.594218958136324,7871250.0
2024-08-07,32.50977325439453,32.74433149265401,32.2376848390356,32.36903687980897,6712012.0
2024-08-08,33.063331604003906,33.354181535559945,32.41594856083773,32.519154760709135,10127313.0
2024-08-09,32.75371551513672,33.2885080653971,32.75371551513672,33.07271489415827,4667514.0
2024-08-12,32.3878059387207,32.791246444310026,32.3784216037581,32.65051005247185,4519205.0
2024-08-13,31.993741989135742,32.462858461580986,31.777948841299885,32.43471261853816,7790147.0
2024-08-14,31.665369033813477,31.984368450206023,31.48710602253473,31.97498769343365,6268100.0
2024-08-15,32.247066497802734,32.27521592095381,31.5715411864482,31.674743807752876,7807322.0
2024-08-16,32.49100875854492,32.53791969123763,32.11571413885376,32.1813901604385,6438903.0
2024-08-19,32.21892547607422,33.07271747190215,32.17201453590077,32.40657281584334,5921517.0
2024-08-20,32.08757019042969,32.36903938228676,31.918687959500456,32.228302996820744,5366805.0
2024-08-21,32.16262435913086,32.41594768494996,31.95621554404003,31.993742141918123,4356807.0
2024-08-22,31.96559715270996,32.33150744008805,31.815480019963182,32.181390307341275,6100450.0
2024-08-23,32.434715270996094,32.46286111634064,31.89054197957683,31.965598760187273,6800386.0
2024-08-26,32.369041442871094,32.584834623001214,32.12510241548602,32.369041442871094,5520237.0
2024-08-27,31.890546798706055,32.39718998684384,31.61845832234239,32.36904413724604,7862698.0
2024-08-28,31.1774845123291,31.899924406314053,30.92416115373112,31.787337439962215,12545891.0
2024-08-29,33.43862533569336,33.48553627238725,31.637219597307546,31.89054295034462,31677233.0
2024-08-30,34.10477066040039,34.658328314823315,33.26036304490661,33.419860948839,25414652.0
2024-09-02,34.01094436645508,34.33932446663926,33.851446483244096,33.860827237931645,14503990.0
2024-09-03,34.911651611328125,34.97732763978098,33.88897742375142,33.94527269631463,17036458.0
2024-09-04,34.71461868286133,35.30570643554824,34.48006044851767,34.93041182896854,18931996.0
2024-09-05,34.41438674926758,34.799062136361016,34.1516826543964,34.724001778355046,13305980.0
2024-09-06,34.08600997924805,34.79906555498019,34.04847979655814,34.41439013009669,8815288.0
2024-09-09,33.9171257019043,34.442533911748676,33.77638931479598,34.142299626387604,9776108.0
2024-09-10,33.99217987060547,34.08600531448998,33.682564853473394,33.93588460427476,7243402.0
2024-09-11,34.21735763549805,34.43315078957762,33.77638699333667,33.94526921462934,7156619.0
2024-09-12,34.0484733581543,34.48005964025167,33.879591147059756,34.21735556924884,8432501.0
2024-09-13,33.888980865478516,34.17045009873003,33.79515898075317,34.039098028484354,8478950.0
2024-09-18,34.32994842529297,34.32994842529297,33.58874343559936,33.87959697789152,8732472.0
2024-09-19,34.63956069946289,35.09929644501789,34.11415250919988,34.46129771763435,15181863.0
2024-09-20,35.24003219604492,35.64347266581762,34.44253201155421,34.63017932432113,22236378.0
2024-09-23,35.24003219604492,35.840500733639225,35.052384883278,35.211882772731265,12632650.0
2024-09-24,35.887413024902344,35.887413024902344,35.18373825970818,35.74667664023354,20985959.0
2024-09-25,36.16888427734375,36.825648144785525,36.093827492562625,36.48788366558261,19982705.0
2024-09-26,38.05473327636719,38.064114031945955,36.03753081480658,36.03753081480658,30128449.0
2024-09-27,40.043785095214844,40.77560569665252,38.64581633754363,38.81469856542538,54516981.0
2024-09-30,42.201725006103516,42.74590192976538,40.81314042792965,41.13213982960982,86042613.0
2024-10-08,41.89210510253906,46.32994678645209,40.963252852848015,46.32994678645209,141784648.0
2024-10-09,38.514461517333984,41.17904321328973,38.4675505860927,41.17904321328973,71399304.0
2024-10-10,39.07740783691406,39.93119976647155,38.56137679783396,38.94605220391865,48460769.0
2024-10-11,39.152462005615234,40.23143136919746,38.73025644686241,39.874901833020104,42052565.0
2024-10-14,40.79437255859375,41.26348908329572,39.471464102097215,39.471464102097215,51296033.0
2024-10-15,39.856136322021484,40.79436929639791,39.83737123304498,40.79436929639791,35727463.0
2024-10-16,39.743553161621094,40.10946348391001,39.12431948257637,39.405788685946675,22687549.0
2024-10-17,39.368255615234375,40.3909297230516,39.35887486007635,39.781080423684344,20098005.0
2024-10-18,39.89366912841797,40.43784242829094,39.12431832506566,39.48084788096002,31790129.0
2024-10-21,39.687252044677734,40.090692489089086,39.29319593380595,39.90304518811818,37098605.0
2024-10-22,40.709930419921875,40.75684135540047,39.40578708661218,39.668491188552274,31194808.0
2024-10-23,40.625492095947266,41.37607785240497,40.47537494465573,40.70993321724096,31415643.0
2024-10-24,40.48475646972656,40.8881969568957,40.27834405887492,40.390931019759925,15838792.0
2024-10-25,40.71931457519531,41.32916389188209,40.48475631976003,40.49413707518446,23504663.0
2024-10-28,40.51290512084961,40.80375866727644,39.96872821058171,40.80375866727644,24251061.0
2024-10-29,40.390926361083984,40.69116060819839,40.1563681318337,40.51289764243501,21032438.0
2024-10-30,41.479286193847656,42.21111047564435,40.99140453234166,41.56372731947514,49328970.0
2024-10-31,41.9014892578125,42.17357771030337,40.71931715044639,41.56372477597213,32359653.0
2024-11-01,42.53010559082031,42.78342536304486,41.72322460054944,41.75137044655772,36841410.0
2024-11-04,43.13056945800781,43.4401844675262,42.22048235961881,42.5582467911477,29752917.0
2024-11-05,43.24315643310547,43.42141940359041,42.783420716805324,43.064893462620525,32249166.0
2024-11-06,42.830345153808594,43.327607582934995,42.50196140060729,43.327607582934995,29926244.0
2024-11-07,43.30461883544922,43.3239739309676,42.33670159783562,42.588358454998215,33257547.0
2024-11-08,43.478843688964844,44.03055995127269,43.169110445890105,43.478843688964844,32313493.0
2024-11-11,42.96584701538086,43.130394871247724,42.036647322533454,43.05295971735476,29913759.0
2024-11-12,43.217506408691406,44.61130591040548,42.97552709776326,43.130393709064826,33867566.0
2024-11-13,43.594993591308594,43.71114262683574,42.62707634652276,43.052958604996476,22607160.0
2024-11-14,42.58835983276367,43.36269290944256,42.49156958279557,43.28526144793035,21445354.0
2024-11-15,41.543006896972656,42.58835930681295,41.49461177258627,42.346379992569695,25919148.0
2024-11-18,40.962257385253906,41.891457051401034,40.894503473700134,41.543006253518044,19671771.0
2024-11-19,40.962257385253906,41.591405069466106,40.46862121646051,40.942898597336935,23848629.0
2024-11-20,40.68156051635742,41.23327304913815,40.36214974636865,41.136482801823064,21063741.0
2024-11-21,40.758995056152344,40.904180424945324,40.26535520224707,40.85578530201433,18573730.0
2024-11-22,39.839473724365234,41.039692734826495,39.791078600495055,40.768673394993215,20737960.0
2024-11-25,40.65252685546875,40.942901308831225,40.06209670798853,40.362152402106275,27324717.0
2024-11-26,40.720279693603516,41.30102858495547,40.168567139125734,40.66220332754376,20385084.0
2024-11-27,40.51701736450195,40.710601556254865,39.71364426103632,40.3137556247015,23664862.0
2024-11-28,39.733001708984375,40.82674921702432,39.39423215407923,40.81706797699205,27467670.0
2024-11-29,39.89754867553711,39.95562134520033,39.21032464859611,39.68460570727557,23481961.0
2024-12-02,39.86851119995117,40.23632079803943,39.3071211008483,39.665249458499,27349540.0
2024-12-03,39.771724700927734,39.93626888077313,39.413596309496434,39.83947862113604,17417177.0
2024-12-04,39.2103271484375,39.6846082373546,39.08450056127106,39.6846082373546,21526178.0
2024-12-05,38.92963409423828,39.161932173213415,38.80380381427844,39.016746796931805,12955398.0
2024-12-06,39.27808380126953,39.549099449895245,38.86187908813074,39.00706446033253,19799646.0
2024-12-09,39.52006149291992,39.88786737459384,38.95866773829477,39.278082190197594,19787895.0
2024-12-10,40.01369857788086,41.31070781837574,39.92658587917929,40.826749201658416,32923748.0
2024-12-11,39.723323822021484,40.304072680416695,39.626529884081485,40.01369825121909,16128042.0
2024-12-12,40.826751708984375,40.87514683516599,39.54910117777016,39.771721712054756,28341490.0
2024-12-13,40.20728302001953,40.797713126958264,40.05241640937259,40.36214963066647,27591083.0
2024-12-16,38.910274505615234,40.17824375037108,38.7166903155751,40.149207414174015,24968714.0
2024-12-17,39.09417724609375,39.15225361048828,38.571501043476886,38.71669010830756,13840045.0
2024-12-18,38.813480377197266,39.24904387960852,38.73604891694154,39.14257239098452,13254455.0
2024-12-19,39.89754867553711,39.89754867553711,38.24240743622354,38.60053946326541,16759569.0
2024-12-20,38.95867156982422,39.655573211743366,38.95867156982422,39.43295267442175,19051703.0
2024-12-23,39.34584045410156,39.955625705984644,38.910276922533974,38.910276922533974,23717521.0
2024-12-24,39.87819290161133,40.12017222298966,39.21032761152782,39.29744031491648,19417661.0
2024-12-25,39.39423370361328,39.88786988765051,39.19097196267509,39.85883355103402,16700717.0
2024-12-26,39.05546188354492,39.44263028349773,39.03610678662764,39.3942351565815,15108070.0
2024-12-27,39.34584045410156,39.46198949841574,38.90059568165939,39.05546230484881,14282421.0
2024-12-30,39.558780670166016,40.42022651239277,39.210329836835726,39.30712378626727,24570671.0
2024-12-31,39.00706100463867,39.55877349321329,38.91994831211052,39.46198325365355,19460595.0
2025-01-02,37.826210021972656,39.036106652271506,37.64230337108788,39.00706662237251,18964093.0
2025-01-03,38.1843376159668,38.65861501772683,37.61326627035982,37.826209254511674,20772247.0
2025-01-06,38.43599319458008,38.76508520798519,38.01011093288987,38.600541047438284,14633069.0
2025-01-07,38.94899368286133,38.98770756861141,38.087544186393316,38.35856354051274,16064032.0
2025-01-08,38.60054397583008,38.842523307211614,38.05850894430327,38.80380572803579,13700094.0
2025-01-09,38.523109436035156,38.75541122250854,37.99075563691021,38.33920647046447,9315937.0
2025-01-10,37.932674407958984,38.65861232076565,37.932674407958984,38.52310450114486,12682700.0
2025-01-13,38.126258850097656,38.13594009002875,37.50679241771042,37.55518754043233,12393725.0
2025-01-14,39.200645446777344,39.25872180630082,37.99074898237063,38.18433315513791,18189131.0
2025-01-15,39.29743957519531,39.56845892080924,38.91027488366469,39.229685661869674,13497365.0
2025-01-16,38.1456184387207,38.96834661920425,38.12625965076317,38.96834661920425,19831696.0
2025-01-17,38.43599319458008,38.61989983555756,37.79716795588912,38.10690118117496,10891669.0
2025-01-20,38.25209045410156,38.94899206094325,38.232731665876926,38.69733150633427,14293743.0
2025-01-21,37.80685043334961,38.52310715564618,37.73909651887051,38.32952296042958,16027804.0
2025-01-22,37.71005630493164,37.80685024822168,37.293851579562975,37.75845143042096,15278415.0
2025-01-23,37.40999984741211,38.25208674583734,37.390641061064166,37.95203109591067,19039495.0
2025-01-24,37.29384994506836,37.651981981078386,37.19705969833179,37.5067929186623,20118761.0
2025-01-27,38.048828125,38.37792013508271,37.35192652898691,37.41000289275842,24497414.0
2025-02-05,38.048828125,38.1165820365778,37.700377326993454,38.08754200853642,15778661.0
2025-02-06,38.861881256103516,38.90059514213027,37.845565132437684,37.845565132437684,18939343.0
2025-02-07,39.200645446777344,39.44262473965868,38.61021538137711,38.842517127160036,20058101.0
2025-02-10,39.17161178588867,39.37487351962311,38.83283853735337,39.10385787464386,16317614.0
2025-02-11,39.12321090698242,39.37487144317279,38.8909128499109,39.17160972015745,14914831.0
2025-02-12,38.83283996582031,39.268403477210065,38.59086064752727,39.181290774932116,15721046.0
2025-02-13,39.01674270629883,39.258722000376395,38.80379974597105,39.02642025344509,15684927.0
2025-02-14,39.27808380126953,39.37487404940406,38.910274212198004,39.0554595843998,16769888.0
2025-02-17,39.03610610961914,39.587818669980976,38.8425219130001,39.46198838833188,15855900.0
2025-02-18,39.103858947753906,39.15225407249811,38.47471124914524,39.04578258267406,24207881.0
2025-02-19,39.92658996582031,40.3040771347273,38.81348355651523,38.87155992569769,45372472.0
2025-02-20,40.720279693603516,41.61076551162944,39.9556241558847,39.97498294457128,36552017.0
2025-02-21,40.84611129760742,41.45590023790634,40.66220464528071,40.758998591850435,32597116.0
2025-02-24,40.20728302001953,41.17520025964074,40.120170320761176,40.797713126958264,24849731.0
2025-02-25,39.57814025878906,40.02338135822479,39.52006758026979,39.97498622868816,18203685.0
2025-02-26,39.43294906616211,39.83947252520889,39.220006096769325,39.684605918098995,20022993.0
2025-02-27,40.313758850097656,40.526698154982356,39.229688766472314,39.49102689240102,35059082.0
2025-02-28,40.381507873535156,40.93322039728827,40.20728247736984,40.34279029831816,33791261.0
2025-03-03,40.768672943115234,41.301026684409145,40.37182702408037,40.38150826413386,26451164.0
2025-03-04,40.47829818725586,40.92353922606566,40.26535521551587,40.652523583713815,15223442.0
2025-03-05,40.84611129760742,41.136485752693545,40.31375751456428,40.53637805320736,21820338.0
2025-03-06,41.01065444946289,41.34942771557334,40.67188487566387,41.0493720271289,23900633.0
2025-03-07,40.788028717041016,41.213914632455975,40.61380333206416,40.89450019589476,15033058.0
2025-03-10,40.79771423339844,41.08808867469755,40.284715571714955,40.78803299304537,19113722.0
2025-03-11,40.97193908691406,41.07840688318988,40.468621672336724,40.64284707324085,21633410.0
2025-03-12,41.65916061401367,41.80434599061519,40.517017928320364,40.971940231423524,33051902.0
2025-03-13,42.24959182739258,42.24959182739258,41.33974719788848,41.42685990300458,34441669.0
2025-03-14,42.68514633178711,42.78194026556083,41.949530896662,42.394771915088015,35679647.0
2025-03-17,42.2592658996582,43.02392139363256,42.10439929133654,42.97552627084039,21064999.0
2025-03-18,42.104400634765625,42.36573873695532,42.046324270175255,42.259267248028635,14009897.0
2025-03-19,42.104400634765625,42.259267248028635,41.86242132077272,42.046324270175255,12744324.0
2025-03-20,41.65916061401367,42.04632531059578,41.54300788195878,42.00761142555555,13782547.0
2025-03-21,41.359107971191406,42.0850459845474,41.14616497240058,41.620446099076965,15627797.0
2025-03-24,41.155845642089844,41.823707275870795,40.97194267715899,41.28167592983812,14565650.0
2025-03-25,40.94289779663086,41.37846128546643,40.77835364102141,41.26231225254734,10793857.0
2025-03-26,40.826751708984375,41.09776736945059,40.57509114514165,40.88482807578919,12099490.0
2025-03-27,40.97193908691406,41.09776567132493,40.67188340928777,40.72995977369292,9038072.0
2025-03-28,40.69124221801758,40.97193910765089,40.45894045259073,40.86546761900989,10455661.0
2025-03-31,41.73659133911133,42.52060565123062,40.797714104944035,40.87514556596804,33797276.0
2025-04-01,42.356056213378906,42.636753095260715,41.5236505000054,41.736589779095745,20944019.0
2025-04-02,41.93017578125,42.63675494426551,41.80434550248217,42.26894534834259,15371526.0
2025-04-03,42.02696228027344,42.133433761088895,41.2139153918158,41.23327048622677,17763115.0
2025-04-07,38.78444290161133,40.60412831804775,38.01978740787923,40.12984725328787,46120600.0
2025-04-08,39.87819290161133,40.12017222298966,39.07481978232579,39.200650063289714,31453948.0
2025-04-09,39.54909896850586,39.974981224349776,39.16193059605776,39.52974018065233,26111023.0
2025-04-10,40.94289779663086,41.28167104008572,39.73300126781605,40.06209327134613,29563371.0
2025-04-11,40.536376953125,40.797715063303734,40.30407517997343,40.749316245176566,15589516.0
2025-04-14,41.27199172973633,41.41718079690656,40.4782998651115,40.63316648034778,17832356.0
2025-04-15,40.875144958496094,41.34942603484811,40.7106007985709,41.184878182611634,13823593.0
2025-04-16,40.91386032104492,41.0396905903814,40.32343024067117,40.65252223502813,16661597.0
2025-04-17,41.0009765625,41.14616193908104,40.37182885371461,40.65252575100725,11605900.0
2025-04-18,41.68819808959961,41.95921375384111,40.8945061937682,41.00097768823779,17911841.0
2025-04-21,41.465576171875,41.69787794228574,41.31070955570496,41.68819670184997,9728857.0
2025-04-22,42.00761032104492,42.26894473051863,41.44621654114126,41.46557532930807,17622110.0
2025-04-23,41.82370376586914,42.191513357174514,41.74627230535351,42.0172879556252,11016093.0
2025-04-24,42.00761032104492,42.249589634663124,41.63011949025903,41.736590979020846,11073171.0
2025-04-25,41.96889114379883,42.25926557060202,41.862419659098386,41.988249931227195,9292240.0
2025-04-28,41.83338165283203,42.2495863351363,41.765627745695156,41.91081310714089,9310132.0
2025-04-29,41.96889114379883,42.152794085901576,40.700918259574465,41.726911839410974,15617888.0
2025-04-30,42.12376022338867,42.84001693872349,41.63980158620679,41.93985727049165,16685432.0
2025-05-06,42.394779205322266,42.578685864961535,41.71723632163963,42.297988947215465,21685451.0
2025-05-07,42.520606994628906,42.83034023313331,42.30766400854033,42.70450995114357,13684122.0
2025-05-08,42.13343811035156,42.685150665790864,42.123760562147105,42.39477621960882,12311623.0
2025-05-09,42.268943786621094,42.34637893755916,42.05600450616385,42.1334359647907,11203402.0
2025-05-12,41.76563262939453,42.64643721747838,41.68819747372009,42.588360850722545,15428050.0
2025-05-13,41.978572845458984,42.16247949807187,41.77531109581356,42.056008002835256,10440499.0
2025-05-14,42.57868194580078,42.72386731959738,41.6398010208752,42.00761061398697,16721090.0
2025-05-15,42.37541198730469,42.76258032735235,42.35605320107121,42.491564704705546,13827325.0
2025-05-16,41.76563262939453,42.55932451350035,41.73659259986089,42.27862761264766,8918053.0
2025-05-19,41.62044143676758,41.939855899173104,41.407498461830556,41.78498559571981,9960608.0
2025-05-20,44.379005432128906,44.611307201962326,41.53332998245986,41.57204755948399,50039866.0
2025-05-21,45.00815200805664,45.201736196015915,44.13702500839555,44.67905999621926,27442616.0
2025-05-22,44.76617431640625,45.18237904327343,44.37900592647493,44.882323356461086,16170325.0
2025-05-23,44.16606521606445,44.74681408999092,44.040234939532915,44.7274553018852,14567009.0
2025-05-26,44.15637969970703,44.56290682593609,43.507876976367854,44.15637969970703,20307117.0
2025-05-27,43.914405822753906,44.61130744371945,43.7498616579767,43.943445851835065,13742175.0
2025-05-28,45.182376861572266,45.68569426725496,43.90472640572822,43.90472640572822,21205425.0
2025-05-29,45.02751159667969,45.37596240273963,44.76617349213473,45.104943057853376,15116543.0
2025-05-30,44.66938018798828,45.68569250795763,44.66938018798828,44.86296067384066,22482056.0
2025-06-03,46.382591247558594,46.52778030697429,44.37900290456438,44.42740171924372,40038176.0
2025-06-04,45.73408889770508,46.63425221266385,45.63729865209473,46.26644263318438,19837664.0
2025-06-05,45.859920501708984,46.653612354142716,45.75344901306107,45.75344901306107,17605696.0
2025-06-06,45.395320892333984,46.1212588360772,45.308208191392346,45.97606977040403,13160700.0
2025-06-09,45.279170989990234,45.71473452189394,44.97911898425444,45.463077643633774,14808415.0
2025-06-10,44.950077056884766,45.64697867851925,44.756496555151976,45.25981029043089,13156122.0
2025-06-11,45.395320892333984,46.05350492337941,44.959757387625785,45.10494276098764,18356724.0
2025-06-12,47.215003967285156,47.41826940323382,45.1726979057482,45.269491849607434,32524392.0
2025-06-13,47.41826629638672,47.70864072431622,46.653610805400476,46.84719498812387,23076528.0
2025-06-16,48.20227813720703,48.560406484564645,47.00206281924211,47.379549954607064,27052679.0
2025-06-17,48.08613204956055,48.5894494916752,48.00869689278376,48.4926555457042,19556942.0
2025-06-18,48.54104995727539,48.879819506634526,47.91190228868137,48.289389412913316,18519905.0
2025-06-19,47.58281326293945,48.492654175489164,47.398910309258206,48.395863924564594,20056380.0
2025-06-20,49.02500915527344,49.48960898239565,47.8538265013222,47.8538265013222,30604857.0
2025-06-23,48.299076080322266,48.95726015787774,47.87319009348544,48.63784566775013,20412936.0
2025-06-24,49.07340621948242,49.31538553644997,48.366827057014525,48.58944758554731,18955109.0
2025-06-25,48.67655944824219,49.073405373535536,48.10548812235066,49.073405373535536,19992815.0
2025-06-26,47.57313537597656,48.05709401177567,45.97607040091497,47.23436211553037,38455479.0
2025-06-27,47.12788772583008,47.64088635899194,47.03109748154883,47.39890705597766,17798529.0
2025-06-30,47.19564437866211,47.63120788786834,47.04077776342338,47.13757170564219,14793169.0
2025-07-01,47.62152862548828,48.06676966673261,47.17628758424395,47.20532391970865,13050680.0
2025-07-02,46.72136688232422,47.87318709986453,46.65361296907545,47.86350955181957,16169397.0
2025-07-03,45.92767333984375,46.711683933711235,45.676012792141904,46.69232883832913,26167729.0
2025-07-04,46.3729133605957,46.7116829070046,45.82120084655199,45.97606745238336,17362313.0
2025-07-07,46.227725982666016,46.643930693275614,46.10189939931801,46.45035019818291,8754954.0
2025-07-08,46.198692321777344,46.34388139381461,45.66633854482648,46.237409899962145,17626529.0
2025-07-09,46.1406135559082,46.60521708535075,45.98574694353112,46.16965358419292,12288403.0
2025-07-10,46.60521697998047,47.408586376022974,46.17933102767291,46.208371055891966,27464645.0
2025-07-11,45.83087921142578,47.040775744909155,45.73408896567159,46.71168374010923,24148957.0
2025-07-14,45.95671081542969,46.23740770548008,45.6082600129273,45.6082600129273,14430102.0
2025-07-15,45.45339584350586,46.101902359097124,45.28885167365094,46.05350723221694,17725544.0
2025-07-16,45.530826568603516,45.66633438760293,45.11462187178468,45.463072659103815,13591583.0
2025-07-17,45.29633712768555,45.833717423929585,45.22794347510037,45.56991173802625,19147669.0
2025-07-18,46.615360260009766,46.76192021185584,45.28656295080999,45.30610452620109,24570655.0
2025-07-21,46.50788116455078,47.17227978637358,46.34178337268219,46.65444110916654,14363522.0
2025-07-22,46.66421127319336,46.70329442308634,45.86302533625879,46.45903032701667,17647988.0
2025-07-23,46.53719711303711,46.86939643624975,45.92165054090131,46.752146985345746,19890032.0
2025-07-24,46.72283935546875,46.97687612085355,46.34178793456615,46.507885742785405,15578941.0
2025-07-25,46.849853515625,47.7487435836945,46.21476538657754,46.72283514438066,22314130.0
2025-07-28,46.488346099853516,47.11366161025042,46.273392495464165,46.89870800586107,14110999.0
2025-07-29,46.400413513183594,46.54696974773549,45.87280212357761,46.33201613111646,16038986.0
2025-07-30,46.58605194091797,47.42632108619124,46.41018148134103,46.56651036461225,22037502.0
2025-07-31,44.94459533691406,46.566508845637465,44.846891185747076,46.273392664962046,25678684.0
2025-08-01,45.11069107055664,45.902108076542895,44.74918125520828,45.071611648186696,21879886.0
2025-08-04,45.3745002746582,45.423356078982316,44.95436570225793,45.1106945854412,12199230.0
2025-08-05,45.530826568603516,45.60899286933729,45.18885832082915,45.37449769431033,11353667.0
2025-08-06,45.354957580566406,45.60899433896246,45.15954927678419,45.5503696115231,12087000.0
2025-08-07,46.03889846801758,46.234310501702176,45.364730865338984,45.47220767022424,20166567.0
2025-08-08,46.488346099853516,46.73261020405071,45.79463321128091,45.99004524007355,18370893.0
2025-08-11,46.01935577392578,46.48834613424485,45.7360122455,46.41017983180019,16216942.0
2025-08-12,45.804405212402344,46.117062963162134,45.61876211045632,45.99981723842081,12775951.0
2025-08-13,45.72623825073242,46.01935442193965,45.34518685544558,45.8727981999232,19535425.0
2025-08-14,45.62853240966797,46.10728793520147,45.579680337475146,45.72623655405361,14933023.0
2025-08-15,45.44289016723633,45.61876061215924,45.19862607452942,45.53082538969778,19712759.0
2025-08-18,45.70669937133789,46.009588211514284,44.84689238204445,45.48197683591975,27165187.0
2025-08-19,45.560142517089844,46.17568538635056,45.31587840882542,45.66761932107411,25068301.0
2025-08-20,46.898704528808594,47.015950246521854,45.19862484968265,45.53082415584868,33586566.0
2025-08-21,47.0843505859375,47.43609151625473,46.517659763784515,46.898711195903275,21461724.0
2025-08-22,46.82054138183594,47.28953173858628,46.58604993063518,47.084347059817595,21185264.0
2025-08-25,47.23090744018555,47.48494046915071,46.69352715520868,47.10388906211574,21809703.0
2025-08-26,47.8366813659668,48.46199687759913,47.074578552061695,47.191824278699144,30453595.0
2025-08-27,46.81077194213867,47.89530514172724,46.72283671711327,47.80736991670184,24023404.0
2025-08-28,47.28953170776367,47.309069556038985,46.4199483725356,46.68375405034532,19502584.0
2025-08-29,43.54740524291992,46.820542826823825,42.873237640943394,46.820542826823825,166895272.0
2025-09-01,41.81801223754883,43.557175125057974,41.6909938647861,43.547402474059304,141435987.0
2025-09-02,40.86050033569336,41.93526093705821,40.72371302939324,41.81801520696876,79509012.0
2025-09-03,41.06568145751953,41.34902872293276,40.74325476670501,41.06568145751953,60981436.0
2025-09-04,40.762794494628906,41.27086427355343,40.635776118104175,41.2024668960598,54830802.0
2025-09-05,41.055912017822266,41.10476409434186,40.518531721757675,40.82141683248388,45423026.0
2025-09-08,41.603065490722656,41.74962172213167,40.899583653000754,41.05591253614178,57425338.0
2025-09-09,41.11453628540039,41.62260234812243,41.03636998210501,41.612833423797746,39297960.0
2025-09-10,41.11453628540039,41.21224043734513,40.91912425433642,41.124305209725065,26725036.0
2025-09-11,40.97774124145508,40.997282815365104,40.626004092596894,40.88003709907905,47685665.0
2025-09-12,40.762794494628906,41.016827520503966,40.64554504221789,40.9777443697003,37666755.0
2025-09-15,40.70417022705078,40.928892755942314,40.58692450049312,40.76279495391683,33068624.0
2025-09-16,40.69429016113281,40.961041249702866,40.61525489532794,40.802966949304526,31415759.0
2025-09-17,40.57573318481445,40.802964743805354,40.368261383403855,40.694287961507875,38780466.0
2025-09-18,40.042232513427734,40.57573468140843,39.93355572712183,40.407782388963696,38143920.0
2025-09-19,40.58561706542969,40.793088877664495,40.042233125592915,40.05211488929282,39848132.0
2025-09-22,39.83475875854492,40.4868156757406,39.686562462859754,40.38802065780939,39299727.0
2025-09-23,39.5778923034668,39.88415914240258,39.23210217820595,39.69644708728747,38801915.0
2025-09-24,39.90391540527344,40.0916312127318,39.41981454862338,39.57788883613193,32224801.0
2025-09-25,39.59764862060547,39.894037438790825,39.508731598271034,39.85451792468923,29613103.0
2025-09-26,39.5877685546875,39.63716606503785,39.10366767695015,39.51861128643931,38139089.0
2025-09-29,39.508731842041016,39.68656211901881,39.16294174470098,39.508731842041016,30711747.0
2025-09-30,39.844642639160156,40.02247292712947,39.41981725565953,39.51861227884121,33559919.0
2025-10-09,39.96319580078125,40.12127009273735,39.22222185058922,39.558130192094474,45898050.0
2025-10-10,40.674530029296875,40.90176536727392,39.864398776089764,39.96319756842513,57081133.0
2025-10-13,40.50657653808594,40.69428858479127,39.716205066710245,39.88415735553263,37914872.0
2025-10-14,40.23982620239258,40.75356861046396,40.1113896581776,40.51645528028158,37828034.0
2025-10-15,40.516456604003906,40.55597612179021,40.13115072755909,40.3089847888088,22807234.0
2025-10-16,40.35837936401367,40.644890193926635,40.17066732137503,40.50657566053096,25951671.0
2025-10-17,39.60752868652344,40.41765992404089,39.5778909337911,40.21018811733755,30564365.0
2025-10-20,39.844642639160156,40.06199244391757,39.735965852387174,39.844642639160156,18666692.0
2025-10-21,39.844642639160156,39.96319742073588,39.71620609399313,39.87428039235695,22220198.0
2025-10-22,39.69644546508789,39.91379903386746,39.637166191205694,39.71620522304862,16117112.0
2025-10-23,39.47909164428711,39.755724485182945,39.25186008237197,39.64704770148691,28438777.0
2025-10-24,39.400054931640625,39.68656198772636,39.29137815194438,39.48897195422953,30008253.0
2025-10-27,40.09163284301758,40.19042786343221,39.498851414164434,39.51861117200505,36842333.0
2025-10-28,39.97307586669922,40.1706696840813,39.86439907869964,40.091634418401625,21458283.0
2025-10-29,40.259586334228516,40.28922408748064,39.716206168137745,39.98295725377253,25365279.0
2025-10-30,40.43741989135742,40.872123265097734,40.111389534460805,40.308983347538586,40821724.0
2025-10-31,39.844642639160156,39.92367790394779,39.36053798047739,39.637167060416935,56476451.0
2025-11-03,39.52848815917969,39.874278259395616,39.33089812338584,39.735963726824586,33118777.0
2025-11-04,39.37041473388672,39.54824878503728,39.22222220378688,39.409934249428716,31695677.0
2025-11-05,39.1530647277832,39.27161950499034,38.98510867201704,39.22222199521973,26766588.0
2025-11-06,39.548248291015625,39.597649569220245,39.03450590175241,39.113544931849084,35474712.0
2025-11-07,39.49885177612305,39.79524060887143,39.350659244143095,39.42969450744137,29677959.0
2025-11-10,40.308982849121094,40.378140117524914,39.36053708062141,39.51861137537136,36248092.0
2025-11-11,40.0224723815918,40.44729775930172,39.923677359756766,40.30898322121728,23064740.0
2025-11-12,39.91379928588867,40.09163333986965,39.83476025354668,40.02247230217616,17701677.0
2025-11-13,40.09163284301758,40.13114858991036,39.71620498162277,39.90391702792595,23193790.0
2025-11-14,39.80512237548828,40.269463498275776,39.71620534877774,39.913799160222105,20277711.0
2025-11-17,39.281497955322266,39.80512211757534,39.232100444978364,39.80512211757534,26566037.0
2025-11-18,39.16294479370117,39.39017636569585,39.04439001022321,39.2321020647957,17491748.0
2025-11-19,39.20246124267578,39.3506575370151,39.10366622564178,39.182701485511316,16847839.0
2025-11-20,39.1530647277832,39.380296287758725,39.1234232068901,39.19258047432664,16704416.0
2025-11-21,38.63932418823242,39.15306660582373,38.33305358290243,38.7677607348274,36992609.0
2025-11-24,38.93571090698242,38.93571090698242,38.28365398343544,38.639322081513505,21141004.0
2025-11-25,38.77763748168945,39.02462880322888,38.6590827026113,38.79739723966723,17137277.0
2025-11-26,38.77763748168945,38.906074024150726,38.58992543408334,38.74799972911703,21343949.0
2025-11-27,38.32317352294922,38.75787688266164,38.32317352294922,38.698597610014694,25672245.0
2025-11-28,37.908226013183594,38.273775873318584,37.86871026701872,38.214496600888715,28768564.0
2025-12-01,37.94774627685547,37.94774627685547,37.64147568310756,37.839069492984,26106105.0
2025-12-02,37.45376205444336,37.97738242502707,37.45376205444336,37.957622667995274,31963201.0
2025-12-03,37.54268264770508,37.63159967841172,37.34508882738048,37.35497059123047,17930753.0
2025-12-04,37.40436553955078,37.54268007365811,37.216649727157915,37.52292031610158,14712261.0
2025-12-05,37.760032653808594,37.760032653808594,37.37472681346986,37.38460480759647,18283774.0
2025-12-08,37.62171936035156,37.87858867276078,37.56244008727786,37.83906915737831,19098200.0
2025-12-09,37.05857467651367,37.641474321733895,37.04869668233191,37.62171833337037,26899617.0
2025-12-10,37.3549690246582,37.38460677738793,36.58435353458878,36.959781400582166,22401800.0
2025-12-11,36.63375473022461,37.3450871756272,36.59423521414988,37.246292154228875,27537227.0
2025-12-12,36.97954177856445,37.028939290204896,36.633755428292766,36.73255045157366,24163971.0
2025-12-15,36.959781646728516,37.33520951522219,36.732550080447446,36.75230983866169,18823420.0
2025-12-16,37.1771354675293,37.2364109737809,36.75231008504626,36.95978189450396,18469303.0
2025-12-17,37.4735221862793,37.6217184811059,37.009177313358386,37.05857482203781,27945640.0
2025-12-18,37.73039245605469,37.8291912447245,37.30556708674559,37.35496836547471,22410524.0
2025-12-19,37.39448547363281,37.908227887055126,37.39448547363281,37.740275593384204,28798538.0
2025-12-22,37.84895324707031,37.888468996093266,37.46364360159013,37.51304488324896,22434382.0
2025-12-23,37.80943298339844,38.02678655828592,37.74027571298671,37.858830495294164,16697871.0
2025-12-24,37.73039245605469,37.898348512399146,37.62171944170055,37.76991197152261,11805699.0
2025-12-25,37.81930923461914,38.02678480507734,37.75015196739588,37.79954947701415,13579190.0
2025-12-26,38.02678680419922,38.15521958220094,37.76991371061856,37.81931122283373,18400221.0
2025-12-29,38.16510009765625,38.26389511885532,37.85882950187757,37.957624523076646,22505845.0
2025-12-30,37.91810989379883,38.19473897634278,37.829192864582765,38.16510122286695,14313895.0
2025-12-31,37.858829498291016,38.02678555685969,37.720514961110034,37.93786853027356,11857204.0
2026-01-05,37.7896728515625,37.888467874377966,37.6217205590185,37.858830121291035,22581155.0
2026-01-06,38.619564056396484,38.66896156805914,37.85883031666817,37.86871208027383,33016423.0
2026-01-07,38.43185043334961,38.67884175035368,38.27377614121854,38.67884175035368,25182376.0
2026-01-08,38.43185043334961,38.43185043334961,38.184859116345535,38.333051645274935,19391108.0
2026-01-09,38.501007080078125,38.560282583179166,38.303413275901846,38.32317303319831,22611254.0
2026-01-12,38.540523529052734,38.698597821520146,38.34293349005978,38.540523529052734,27938016.0
2026-01-13,38.461490631103516,38.896194019909196,38.283656570049224,38.580045415543495,29626896.0
2026-01-14,38.0860595703125,38.72823848925833,37.95762303276567,38.352810639622845,31141348.0
2026-01-15,38.71835708618164,39.44945303502723,38.41209026836917,38.431850025774544,47406310.0
2026-01-16,38.342933654785156,38.92583331741076,38.135458082889755,38.74799926652238,30988616.0
2026-01-19,38.41209030151367,38.49112556241502,37.91810767231803,38.34293303492935,30762085.0
2026-01-20,39.32101821899414,39.59765106600076,38.244135890345625,38.412091951255555,61508306.0
2026-01-21,39.024627685546875,39.51861031447785,38.93571066158776,39.37041401828321,31392878.0
2026-01-22,39.19258117675781,39.597650562986544,39.034506881385724,39.044388644790004,30415375.0
2026-01-23,38.67884063720703,39.32101578166329,38.55040410080046,39.24198052226653,40629477.0
2026-01-26,38.283653259277344,38.6887188591401,38.095941219415,38.67884086495295,35880303.0
2026-01-27,37.40436553955078,38.392330804647045,37.394483776378316,38.37257104709051,39895151.0
2026-01-28,37.226531982421875,37.53280257541408,37.107977204303914,37.41424402850768,38981817.0
2026-01-29,37.66123580932617,37.799550346955954,36.860986336242846,37.19689468568168,36729370.0
2026-01-30,37.04869842529297,37.799550388445304,36.94002164023929,37.700755366826584,29405451.0
2026-02-02,36.91038513183594,37.266053251715206,36.801708343118534,37.04869967428041,23440831.0
2026-02-03,37.216651916503906,37.24629343897663,36.821468048490935,36.96966058570007,21598108.0
2026-02-04,38.00702667236328,38.11570345944272,37.04869911588667,37.147494139346946,37031286.0
2026-02-05,38.74800109863281,39.083909458550366,37.888468555768455,37.98726734914927,54393558.0
2026-02-06,38.392330169677734,38.94558829695675,38.30341314653813,38.54052269571819,28976339.0
2026-02-09,38.501007080078125,38.62943984932261,38.32317303319831,38.560282583179166,22846629.0
2026-02-10,38.352813720703125,38.580045293824774,38.28365644926561,38.510888022387256,16899415.0
2026-02-11,38.095943450927734,38.38245052459729,37.97738490100736,38.34293477674571,20255385.0
2026-02-12,37.720516204833984,38.10582207648205,37.64147717024535,38.086062317834894,21926068.0
2026-02-13,37.384605407714844,37.671116236233544,37.335207898712255,37.671116236233544,19094678.0
2026-02-24,37.196895599365234,37.582201469023644,37.15737608227499,37.503162434843155,25384266.0
2026-02-25,37.147491455078125,37.463640029852456,37.107975709822554,37.21664872026074,32246444.0
2026-02-26,37.04869842529297,37.37472878045403,36.86098637670201,37.19689472650954,35190081.0
2026-02-27,37.41424560546875,37.680996694068696,36.99930198017235,37.0486994924045,34355776.0
2026-03-02,36.584354400634766,36.8511054878825,36.41640210613911,36.8511054878825,45411171.0
2026-03-03,36.584354400634766,37.01906155116674,36.554716647203435,36.64363367628601,29128448.0
2026-03-04,35.8532600402832,36.396640177257844,35.59638696323372,36.38676218296595,37278955.0
2026-03-05,36.2780876159668,36.34724488659597,35.95205725261045,36.15952906449799,20995137.0
2026-03-06,36.80170822143555,36.900503246058186,36.03109647677086,36.189170777440246,23422920.0
2026-03-09,36.465797424316406,36.65350946606961,35.863138015545125,36.13977084981996,24057421.0
2026-03-10,36.87086486816406,36.93014414320715,36.56459426695761,36.61399554722112,17173462.0
2026-03-11,36.87086486816406,37.02893916615707,36.752310086866444,36.86098687338449,16154606.0
2026-03-12,36.890625,36.979542029070565,36.59423615936097,36.76218845383394,16283864.0
2026-03-13,37.601959228515625,37.72051400469498,37.40436542235778,37.601959228515625,42150051.0
2026-03-16,37.24629211425781,37.641475968215495,37.167253082193184,37.5426809469232,19089548.0
2026-03-17,37.038818359375,37.61183623653874,36.94990133737514,37.25616814853932,17718146.0
2026-03-18,36.67327117919922,37.127738085177114,36.455921374206554,37.038821056701934,19024868.0
2026-03-19,36.12989044189453,36.594235335339086,36.060733172928984,36.406519517756735,15914516.0
2026-03-20,36.34724426269531,36.85110490702893,36.31760274094261,36.31760274094261,23979425.0
2026-03-23,34.85541534423828,36.06073424274796,34.68746304856456,36.06073424274796,38813368.0
2026-03-24,35.28023910522461,35.31975862077806,34.924571002820414,35.18144408512942,15303579.0
2026-03-25,35.9915771484375,36.05085642479559,35.30988242986831,35.398799460011126,18240998.0
2026-03-26,36.23856735229492,36.623873214659774,35.833501731758986,35.961938275476776,22455896.0
2026-03-27,36.62387466430664,36.68315394116628,35.87302266802778,35.96193969892292,17250026.0
2026-03-30,36.317604064941406,36.623874675627924,36.208931043848125,36.278088315811424,12632667.0
2026-03-31,37.58219909667969,37.99714269356853,37.07833470755656,37.07833470755656,54754770.0
2026-04-01,37.63159942626953,38.19473936070882,37.46364336104295,37.957626024150294,25909214.0
2026-04-02,37.68099594116211,37.8884677496648,37.2956900771461,37.65135818817273,25925125.0
2026-04-03,37.15737533569336,37.79955051595832,37.09809606124906,37.58220071390624,15255832.0
2026-04-07,37.335208892822266,37.38460640314014,36.89062376238448,37.098095566992626,19643704.0
2026-04-08,37.493282318115234,37.78967114194141,37.27592875520813,37.70075411791473,27036911.0
2026-04-09,37.07833480834961,37.48340041208484,37.01905930508341,37.34508587941257,14008238.0
2026-04-10,36.9005012512207,37.216649835468516,36.87086349919385,37.17713408902885,15815412.0
2026-04-13,36.52507781982422,36.78194713584972,36.21880722448093,36.742427619910885,19549657.0
2026-04-14,36.732547760009766,36.82146478196263,36.367001678109446,36.67326848911176,17356924.0
2026-04-15,37.20677185058594,37.769911751970874,37.048697558421544,37.048697558421544,27306202.0
2026-04-16,37.10797882080078,37.48340292932661,36.949904520161326,37.34508838736566,15821041.0
2026-04-17,36.25832748413086,36.91038443534243,36.20892997258834,36.91038443534243,28987793.0
2026-04-20,36.218807220458984,36.357121757441085,36.06073292550966,36.11013043603349,16344256.0
2026-04-21,36.42627716064453,36.69302822635978,36.159526094929284,36.199045608840045,15054055.0
2026-04-22,36.357120513916016,36.673269093001416,36.238565738956076,36.416399785790155,15127743.0
2026-04-23,36.25832748413086,36.63375535567345,36.21880796738142,36.43616154071479,15555154.0
2026-04-24,36.060733795166016,36.23856785237129,35.922419254848265,36.15952881859625,12489591.0
2026-04-27,36.436161041259766,36.83134489697147,35.9718161477903,36.11013068572883,21399731.0
2026-04-28,36.5744743347168,36.70291087362746,36.28796350514238,36.44603779580613,19360275.0
2026-04-29,36.39664077758789,37.11785497401924,36.22868472154858,36.94990268676835,37020194.0
2026-04-30,36.65351104736328,36.83134510250189,36.21880767301808,36.32748445880151,30498359.0
2026-05-06,36.83134460449219,36.949903152173874,36.159527909449864,36.55471553081187,32166873.0
2026-05-07,37.117855072021484,37.35496839623585,36.76218697009415,36.86098575884532,27685599.0
2026-05-08,37.24629211425781,37.32532737753396,36.85110449151165,36.95978127620627,24368481.0
2026-05-11,36.96965789794922,37.34508574873769,36.66339108204324,37.34508574873769,29702209.0
2026-05-12,36.51519775390625,37.02894017862778,36.51519775390625,36.91038539408854,19487383.0
2026-05-13,36.218807220458984,36.544837573735485,35.90265863056033,36.51519605239041,28103067.0
2026-05-14,35.793983459472656,36.27808812951847,35.78410546443805,36.15952957637135,18830474.0
2026-05-15,35.41855239868164,35.774220488611924,35.319757382051364,35.7445827373805,21591174.0
2026-05-18,35.29999923706055,35.55687232209152,35.09252743138909,35.55687232209152,16895893.0
2026-05-19,35.290000915527344,35.58000183105469,35.119998931884766,35.5099983215332,17339557.0
2026-05-20,35.720001220703125,35.959999084472656,35.0,35.349998474121094,23411221.0
2026-05-21,35.47999954223633,35.849998474121094,35.310001373291016,35.720001220703125,20559904.0
2026-05-22,35.150001525878906,35.45000076293945,35.0,35.400001525878906,21743912.0
2026-05-25,35.619998931884766,35.63999938964844,35.0,35.13999938964844,18278882.0
2026-05-26,35.93000030517578,35.95000076293945,35.13999938964844,35.4900016784668,21389821.0
2026-05-27,35.72999954223633,36.0,35.36000061035156,35.75,22052928.0
2026-05-28,35.2400016784668,35.599998474121094,35.060001373291016,35.5,18073540.0
2026-05-29,34.95000076293945,35.52000045776367,34.7400016784668,35.18000030517578,19671935.0
2026-06-01,35.130001068115234,35.130001068115234,34.529998779296875,34.900001525878906,12568387.0
2026-06-02,34.900001525878906,35.209999084472656,34.869998931884766,35.130001068115234,13136298.0
2026-06-03,34.56999969482422,35.04999923706055,34.36000061035156,35.04999923706055,18746580.0
2026-06-04,34.25,34.689998626708984,34.0099983215332,34.40999984741211,17210955.0
2026-06-05,34.86000061035156,34.880001068115234,34.25,34.25,17043479.0
2026-06-08,34.58000183105469,34.77000045776367,34.34000015258789,34.59000015258789,15897308.0
2026-06-09,34.040000915527344,34.650001525878906,33.810001373291016,34.5099983215332,21635583.0
2026-06-10,34.83000183105469,34.900001525878906,33.65999984741211,33.959999084472656,25723197.0
2026-06-11,34.33000183105469,34.880001068115234,34.209999084472656,34.5099983215332,15872744.0
2026-06-12,34.36000061035156,34.70000076293945,34.150001525878906,34.380001068115234,24177507.0
2026-06-15,33.59000015258789,34.84000015258789,33.45000076293945,34.79999923706055,45708576.0
2026-06-16,32.459999084472656,33.5,32.29999923706055,33.5,44411547.0
2026-06-17,32.20000076293945,32.560001373291016,32.11000061035156,32.36000061035156,17666975.0
2026-06-18,31.549999237060547,32.13999938964844,31.360000610351562,32.13999938964844,26112541.0
2026-06-22,31.860000610351562,31.979999542236328,30.899999618530273,31.549999237060547,26690576.0
2026-06-23,31.360000610351562,32.189998626708984,31.270000457763672,31.799999237060547,22357431.0
2026-06-24,30.979999542236328,31.68000030517578,30.950000762939453,31.219999313354492,19677307.0
2026-06-25,31.280000686645508,31.739999771118164,30.84000015258789,30.979999542236328,24388303.0
2026-06-26,30.81999969482422,31.40999984741211,30.780000686645508,31.270000457763672,20790671.0
2026-06-29,31.329999923706055,31.670000076293945,30.1299991607666,30.729999542236328,31328725.0
2026-06-30,31.260000228881836,31.440000534057617,30.850000381469727,31.209999084472656,20088869.0
2026-07-01,32.20000076293945,32.849998474121094,31.479999542236328,32.29999923706055,41409152.0
2026-07-02,32.41999816894531,32.58000183105469,32.0,32.119998931884766,34996175.0
2026-07-03,32.470001220703125,32.869998931884766,32.220001220703125,32.43000030517578,22429888.0
2026-07-06,32.93000030517578,33.16999816894531,32.40999984741211,32.47999954223633,22938070.0
2026-07-07,32.790000915527344,33.060001373291016,32.56999969482422,32.93000030517578,18972678.0
2026-07-08,32.59000015258789,32.88999938964844,32.29999923706055,32.540000915527344,15358375.0
2026-07-09,31.90999984741211,32.45000076293945,31.649999618530273,32.43000030517578,20418804.0
2026-07-10,32.029998779296875,32.290000915527344,31.479999542236328,31.84000015258789,18864931.0
2026-07-13,31.959999084472656,32.09000015258789,31.75,31.90999984741211,13928584.0
2026-07-14,32.66999816894531,32.79999923706055,31.760000228881836,31.889999389648438,26763399.0
2026-07-15,33.47999954223633,33.63999938964844,32.380001068115234,32.56999969482422,29189887.0
2026-07-16,33.400001525878906,33.59000015258789,33.099998474121094,33.38999938964844,19008638.0
2026-07-17,33.08000183105469,33.83000183105469,32.90999984741211,33.41999816894531,23488776.0
2026-07-20,33.97999954223633,33.9900016784668,33.060001373291016,33.060001373291016,31319830.0
2026-07-21,33.869998931884766,34.65999984741211,33.66999816894531,33.83000183105469,32504419.0
2026-07-22,34.16999816894531,34.16999816894531,33.630001068115234,34.0,21367373.0
2026-07-23,33.900001525878906,34.0,33.709999084472656,33.970001220703125,15811656.0
2026-07-24,33.5,33.97999954223633,33.47999954223633,33.810001373291016,15551044.0
2026-07-27,33.7599983215332,33.88999938964844,33.459999084472656,33.470001220703125,15325789.0
2026-07-28,34.58000183105469,34.68000030517578,33.599998474121094,33.7400016784668,27596537.0
2026-07-29,34.7400016784668,35.060001373291016,34.470001220703125,34.5,23767627.0
2026-07-30,35.119998931884766,35.25,34.650001525878906,34.72999954223633,27322641.0
2026-07-31,34.9900016784668,35.0,34.5,34.599998474121094,22312226.0
2026-08-03,35.04999923706055,35.470001220703125,34.83000183105469,34.970001220703125,21613354.0
2026-08-04,34.45000076293945,35.150001525878906,34.27000045776367,35.02000045776367,22576515.0
2026-08-05,34.0099983215332,34.439998626708984,33.720001220703125,34.439998626708984,26910502.0
2026-08-06,33.720001220703125,34.13999938964844,33.66999816894531,34.02000045776367,17303945.0
2026-08-07,33.29999923706055,33.68000030517578,33.18000030517578,33.68000030517578,21985934.0
2026-08-10,33.79999923706055,34.08000183105469,33.209999084472656,33.220001220703125,23237783.0
2026-08-11,33.59000015258789,33.9900016784668,33.5099983215332,33.79999923706055,16141000.0
2026-08-12,33.22999954223633,33.599998474121094,33.06999969482422,33.54999923706055,18781854.0
2026-08-13,32.959999084472656,33.27000045776367,32.939998626708984,33.25,14959613.0
2026-08-14,32.7400016784668,32.97999954223633,32.65999984741211,32.900001525878906,13659182.0
2026-08-17,32.52000045776367,32.790000915527344,32.400001525878906,32.720001220703125,18546915.0
2026-08-18,32.70000076293945,32.790000915527344,32.2599983215332,32.5,23023920.0
2026-08-19,32.779998779296875,32.970001220703125,32.5099983215332,32.70000076293945,21252305.0
2026-08-20,32.84000015258789,33.20000076293945,32.68000030517578,32.77000045776367,16738260.0
2026-08-21,32.5,32.779998779296875,32.47999954223633,32.75,11796780.0
2026-08-24,32.939998626708984,33.150001525878906,32.459999084472656,32.459999084472656,19985311.0
2026-08-25,32.91999816894531,33.20000076293945,32.790000915527344,33.040000915527344,14668515.0
2026-08-26,33.58000183105469,33.63999938964844,32.84000015258789,32.869998931884766,25087749.0
2026-08-27,33.40999984741211,33.65999984741211,33.099998474121094,32.459999084472656,14091423.0
