Date,Close,High,Low,Open,Volume
2021-08-24,55.01979064941406,55.32184391160585,51.532426220800964,52.173149811556115,25877048
2021-08-25,54.90995788574219,55.98087884566346,54.55298074077214,54.919109534332875,12783311
2021-08-26,54.141090393066406,55.129632552314824,53.72919637185333,54.75435210891246,8143628
2021-08-27,52.37452697753906,54.00379283034264,52.228076153597875,54.00379283034264,12286412
2021-08-30,52.50266647338867,53.82072377491868,51.25783283166784,52.26468172276764,13078946
2021-08-31,52.74064636230469,52.74064636230469,51.53242632770572,52.33790751465926,12997556
2021-09-01,53.63766098022461,54.4614490004256,51.55073598459924,52.74064929804067,18424350
2021-09-02,52.04500961303711,54.7635066306767,51.71549439978832,53.875646582941116,23652290
2021-09-03,51.43174362182617,52.1182324749872,50.94662594959116,52.06331560139856,22468051
2021-09-06,55.230316162109375,55.77950584289644,51.083924644677374,51.25783389553862,40366420
2021-09-07,53.893951416015625,55.376766330166056,52.84133379985148,54.91910710429692,28750480
2021-09-08,55.99917984008789,56.16393743097591,53.36306187754211,53.5461262553802,32794098
2021-09-09,58.23255920410156,58.43393038179186,55.28523614955314,56.20970625395689,33753157
2021-09-10,57.39961624145508,58.48884737620766,56.96941896617086,58.2417109882805,19521825
2021-09-13,56.612449645996094,56.94196487524195,55.54152864261016,56.94196487524195,17271662
2021-09-14,58.406471252441406,59.30348290984893,55.66051591650145,56.612444445963604,26728071
2021-09-15,58.992271423339844,59.68791540201731,57.610142097496585,57.64675567356651,26937518
2021-09-16,58.58037567138672,59.678754921895234,57.829814887430075,58.75428839632514,20626133
2021-09-17,58.21424865722656,59.038036611257986,56.74974061857357,58.397313034973834,14458328
2021-09-22,61.43617248535156,62.10435099541492,56.90534229180757,57.006027872774666,28240068
2021-09-23,60.28287124633789,62.69015615882996,60.090655217583034,61.646693726546296,21013000
2021-09-24,62.20504379272461,63.15697586109383,59.70622822366557,59.86183069109324,28906466
2021-09-27,63.18443298339844,64.23705062250659,61.600935938037914,62.20504249802364,26718775
2021-09-28,61.024269104003906,63.1386591159284,60.42931081507862,62.80914397077976,18922012
2021-09-29,60.66730880737305,62.47048736211722,60.13642240360885,60.77714954090817,18938679
2021-09-30,59.81606674194336,61.015138809068645,59.294335439960314,60.96021494658392,13971751
2021-10-08,63.642093658447266,64.07229446720206,60.14557729685585,60.603236543050144,32824879
2021-10-11,62.77254104614258,64.98761002158436,62.52540115370803,63.63293564142892,19012883
2021-10-12,63.1661262512207,64.42926315945698,61.89383420343424,62.928141506193455,20985628
2021-10-13,62.42471694946289,64.63063781729696,60.59408000685899,62.131815317979296,18291090
2021-10-14,60.61238098144531,63.68785113152507,60.22794895851651,63.0654343872631,17003110
2021-10-15,59.8618278503418,61.67415446534126,59.37671019060281,61.326335969362965,19539748
2021-10-18,59.06550216674805,59.86183178220442,57.75659642179847,59.86183178220442,16347722
2021-10-19,59.58722686767578,60.50254527419408,58.42477556406066,59.06549565529336,15906960
2021-10-20,58.031192779541016,59.96251532271604,57.5369199644638,59.66961368970647,22495639
2021-10-21,58.141029357910156,58.80921141884457,57.02433971246925,57.89389295318162,26061225
2021-10-22,57.20740509033203,58.763443715458735,57.07010592145007,58.55292437538877,27507284
2021-10-25,57.56437301635742,57.84812297439358,55.99917940669719,56.83211900233473,26344474
2021-10-26,57.41792678833008,57.829820795180076,57.2348623973231,57.61929796760404,13908694
2021-10-27,57.57352828979492,58.86412359200024,57.463687568688556,57.802357887939316,27117833
2021-10-28,57.7657470703125,58.177641064956894,56.37446262821516,57.20740226553484,19706532
2021-10-29,59.15702819824219,59.90758903888497,57.399618471370125,57.77489889169152,32779318
2021-11-01,59.312644958496094,60.09066433097266,58.260027227109525,59.129577058113966,23009386
2021-11-02,59.81606674194336,60.52086594666475,58.83667615810409,59.092964238611344,22671703
2021-11-03,59.642154693603516,60.575776457779355,59.12957160314799,59.953359620553556,14050621
2021-11-04,59.29432678222656,60.282872362694,59.12041404585023,59.669610690549085,15188622
2021-11-05,57.55522537231445,59.239411467549566,57.46369143190543,59.13872587893105,20833137
2021-11-08,55.55067443847656,57.491152030318624,55.33099996990072,57.491152030318624,33170656
2021-11-09,55.17539596557617,55.806967941235854,54.65366471973903,55.532369608342336,15329526
2021-11-10,55.29438781738281,55.36761496990081,53.78411096749585,55.23946745299432,14244556
2021-11-11,56.27377700805664,56.36531094662464,54.964871365667506,55.1937009745934,14333820
2021-11-12,57.02434158325195,57.20740598072286,55.98087905682964,56.56668233540617,13446866
2021-11-15,57.665061950683594,58.0128839369406,56.46599353248825,57.01518669368289,11781712
2021-11-16,58.040340423583984,59.00142405881734,57.207400807493386,57.207400807493386,15553240
2021-11-17,57.912200927734375,60.365251253628124,57.5277653486167,59.03804224456134,18395275
2021-11-18,59.8068962097168,60.41100965829558,57.46368352430134,57.912191041429196,26891181
2021-11-19,61.71077346801758,63.934997769895254,59.96251871125656,60.41102283454534,34626008
2021-11-22,60.99681854248047,62.66269777641406,60.99681854248047,62.34233772822016,20821737
2021-11-23,60.04488754272461,60.960205971678725,58.64445146375689,60.960205971678725,24143032
2021-11-24,60.346946716308594,61.00597712887235,59.30348422419121,59.89844262349603,13594528
2021-11-25,58.525455474853516,60.04488383338649,58.37900467493453,60.04488383338649,15496824
2021-11-26,58.13187026977539,59.18449132212482,57.820661872919835,58.616991397959474,14116311
2021-11-29,56.6399040222168,58.12271886439892,55.99918043876491,57.41792327176811,18469867
2021-11-30,56.044952392578125,57.05180485655742,55.852736341953516,56.73144128052004,15118873
2021-12-01,56.1822509765625,56.749747473633185,55.861887403890954,56.37446702516762,15595259
2021-12-02,55.16624069213867,56.173089541042785,54.91910430377219,56.173089541042785,19693256
2021-12-03,55.376766204833984,55.52321701711414,54.671970579591104,55.16624338041018,14512272
2021-12-06,56.92365646362305,56.92365646362305,54.82757974471538,55.42253467686671,23636810
2021-12-07,57.57352828979492,57.77489596183144,56.56667596296204,57.34469869165052,18361542
2021-12-08,57.7199821472168,58.406470977975815,57.43623217350448,57.61929656003943,16989119
2021-12-09,60.173030853271484,60.41101559731929,57.692518778107875,57.81151115013177,31017628
2021-12-10,59.96250915527344,60.50254364861348,59.32178209793052,59.49569482516039,14801929
2021-12-13,60.3927116394043,61.02427659233529,59.72452612882483,60.401859795491156,17990061
2021-12-14,58.51630783081055,60.27371755007033,58.067800261314176,60.2279558183141,18995848
2021-12-15,57.00602722167969,58.39731156931274,56.85042477408051,58.122716755414935,16775640
2021-12-16,58.003726959228516,58.05864732110656,56.758893356627254,56.841272153613005,11969868
2021-12-17,57.65591049194336,57.96711890347696,56.74974369341051,57.89389175174539,11683170
2021-12-20,58.34239959716797,60.41101775988702,57.95796403212222,58.58038085807226,21409802
2021-12-21,59.44993591308594,59.788606284225395,57.41793114456474,57.866438761976475,16376402
2021-12-22,61.09750747680664,61.85722347798457,59.12041624241477,59.12957138238668,28693940
2021-12-23,61.09750747680664,61.68331073514667,60.832064284226675,60.93274987394065,15135124
2021-12-24,63.01966857910156,63.70615735879401,60.209641453560145,61.09750139262771,27249793
2021-12-27,62.92814636230469,63.70616568430073,62.05859658771956,63.01052167463709,13516956
2021-12-28,62.38810729980469,63.43156974730798,61.93044808657252,62.69015707321061,13971419
2021-12-29,62.86406326293945,64.3926431999675,62.5711616763034,62.86406326293945,27334876
2021-12-30,63.17527389526367,63.770232261345605,62.31487933430664,62.51625050282594,13297534
2021-12-31,63.08374786376953,63.42241821482012,61.78399730026583,63.047134286629536,13653695
2022-01-04,65.37203216552734,65.6466304524508,62.918978810091204,63.358334672503815,23473866
2022-01-05,65.26222229003906,66.51620436643891,64.67641891493393,64.67641891493393,22479239
2022-01-06,62.598636627197266,65.71987631204667,62.241662942516605,65.26221702570463,21113367
2022-01-07,62.79085159301758,63.87092776925771,61.518559357869414,62.60779067500795,14644326
2022-01-10,62.91899108886719,63.340036756546446,61.600937211057364,63.13867255460706,12061099
2022-01-11,61.948753356933594,65.4452695781389,61.90298464082143,64.05398859823194,17398256
2022-01-12,62.003665924072266,63.13866575824381,61.65584744907945,62.34233624313839,11819759
2022-01-13,60.26455307006836,62.214185503840014,60.12726091275293,62.03111765521214,13119045
2022-01-14,60.40186309814453,61.143275797909396,59.16618457630394,59.495699779904854,13577194
2022-01-17,61.16157913208008,61.646696797867534,59.6513022785333,60.777147055417444,10141889
2022-01-18,60.905296325683594,61.60094036954275,60.18219384303055,60.960213203271394,11729186
2022-01-19,60.136417388916016,61.390406138068045,59.816057338643695,60.603231738355866,11663056
2022-01-20,61.765689849853516,62.51625067243657,59.953356311588166,60.420170659574374,16799726
2022-01-21,61.69245529174805,62.058584011232426,60.5574625463385,61.756527293908476,11035061
2022-01-24,59.79776382446289,61.49110178145838,59.50486216154111,61.49110178145838,13015975
2022-01-25,57.7657470703125,59.95335757428052,57.66506148365912,59.49569835615623,13442809
2022-01-26,59.4407844543457,59.5597733430056,57.7565948161759,57.7565948161759,10180435
2022-01-27,57.784061431884766,59.477402855891164,57.75659950086717,59.038046876241566,9466432
2022-01-28,57.98542022705078,59.49569700933749,57.93050335678319,58.36985577723724,14854822
2022-02-07,59.09295654296875,61.03343415932935,58.589535588482995,59.038039670962256,14686632
2022-02-08,59.99912643432617,60.10896017761296,58.60783849720602,59.1295697277947,14030257
2022-02-09,58.745140075683594,60.75883792978194,58.241715612159005,60.02658733889426,15401633
2022-02-10,57.32639694213867,58.745139876968054,56.89619614249293,58.65360942633244,18981425
2022-02-11,57.2897834777832,57.88474188307235,56.31954463749005,57.34470384327021,11731183
2022-02-14,55.72458267211914,56.740586609248396,55.10216590868252,56.740586609248396,15550263
2022-02-15,56.37446594238281,56.3836175909517,54.26007897334852,55.82527624501276,15066864
2022-02-16,56.47514724731445,56.74974207515201,55.843575302459136,56.118173621959365,9934402
2022-02-17,56.42938232421875,56.78635595146911,55.59644269674699,56.58498478054319,11642992
2022-02-18,56.20055389404297,56.29208434183613,55.34930746124803,56.06325473069045,8987380
2022-02-21,56.887046813964844,57.43623652350044,56.24632315839798,56.65821718638118,12059721
2022-02-22,55.11132049560547,56.14563127408438,54.461445264066896,56.10901769977337,14671617
2022-02-23,55.29438781738281,55.4225318426265,54.82757694090043,55.111323427750634,12882107
2022-02-24,53.44544219970703,55.10216980355703,52.93286611711325,55.01063586619194,25090540
2022-02-25,54.82757568359375,55.083863728203916,53.82072330953732,53.958022471528615,15207046
2022-02-28,55.28523635864258,55.28523635864258,53.63766033796862,54.78180841251285,13686721
2022-03-01,52.667423248291016,54.87334052275039,52.26468090482381,54.85503373516891,39584741
2022-03-02,53.16169738769531,53.34475828483235,51.51412138015958,52.26468223174239,17419973
2022-03-03,53.56443786621094,54.598748726230426,53.32645310609033,54.15939278318667,20213772
2022-03-04,53.76580810546875,54.44314181341916,52.58504644904633,53.207463283827316,14419549
2022-03-07,51.349365234375,53.36306658490523,51.14799754348601,53.11593017677234,18257235
2022-03-08,49.96723937988281,51.495819670016786,48.76817083208571,50.964936730976994,22855881
2022-03-09,48.73155212402344,49.91231018144412,46.75446456140943,49.500419703465695,26072269
2022-03-10,49.14344024658203,50.232671302055415,48.731549788345305,50.00384171785174,15974058
2022-03-11,49.1617546081543,49.18006139671115,47.31281086386654,47.50503039788209,14800374
2022-03-14,46.86430740356445,48.40204274666291,46.86430740356445,48.23728513906929,24673359
2022-03-15,43.733917236328125,46.855153211897715,43.4867808199345,46.855153211897715,37311731
2022-03-16,45.4089469909668,45.500477435527905,42.74537055095188,44.850602200821164,25040101
2022-03-17,45.86661148071289,47.202975678558666,45.58286148322658,46.49818000092857,23488104
2022-03-18,45.308265686035156,46.26019776269036,45.1709665145638,45.86661052891298,33311861
2022-03-21,43.77968215942383,45.372334271438746,43.12980342080863,45.35402748384904,37222974
2022-03-22,43.093196868896484,44.28311022644255,42.562310460275455,44.27395508606605,33748138
2022-03-23,43.203025817871094,43.3128630396621,42.46161671454159,43.01080980682126,24325326
2022-03-24,42.12295150756836,43.010811437501644,41.9856523563774,43.010811437501644,22427841
2022-03-25,41.1344108581543,42.644687733012645,40.91473638029377,42.626380944580454,24785085
2022-03-28,40.19163131713867,40.94219213538207,39.825502555802196,40.264858466071026,18028378
2022-03-29,39.19393539428711,40.32893179832748,39.12986338270109,40.19163263540729,21909307
2022-03-30,40.6126823425293,40.65844757085905,38.91018931202271,39.53260619396411,26528779
2022-03-31,41.830055236816406,42.53485088545781,40.10010386817975,40.27401312239143,39272979
2022-04-01,44.850608825683594,45.30826809941506,41.445622711789284,41.830058317388556,43146544
2022-04-06,44.905521392822266,46.01305580480994,43.80713862838726,44.85975268007128,30767136
2022-04-07,43.596614837646484,45.13434997494228,43.56915291228095,44.82314159021188,18325053
2022-04-08,44.17326736450195,45.180119765983626,43.25794890406197,44.03597169043365,16915453
2022-04-11,45.308265686035156,45.99475456006599,43.88952271137069,45.07028441270284,38508695
2022-04-12,47.87115478515625,49.28989770057909,44.60346816054941,45.381490946961364,56475039
2022-04-13,48.05421447753906,49.42719203404018,47.596555292038694,47.898612030466936,49446312
2022-04-14,47.45926284790039,48.813937301122294,46.68124351924484,47.61486880862929,27613326
2022-04-15,45.86661148071289,47.04737320654759,45.72016065754709,47.04737320654759,20554946
2022-04-18,47.82538986206055,47.83454151039149,45.02451409830775,45.72015808799619,23338070
2022-04-19,47.20296859741211,48.063366617980805,46.87345342180548,47.53248377301875,14772311
2022-04-20,46.60801315307617,47.688089188463934,46.12289549862094,46.864304689860504,12141815
2022-04-21,44.94213104248047,46.827688161487934,44.42955498455952,46.72700258106417,25253987
2022-04-22,44.31971740722656,45.17096383995485,43.36778887859878,44.53024372212734,14550015
2022-04-25,41.33578109741211,44.02681608569719,41.29001587320583,43.797986473003,23231167
2022-04-26,41.573760986328125,42.91012853402515,41.29916615848942,41.61952970068681,16913546
2022-04-27,42.37924575805664,42.51654492941856,40.82320361316116,41.18933240901762,19258936
2022-04-28,43.477622985839844,44.438706585089065,42.37924023312823,43.477622985839844,23267809
2022-04-29,46.955841064453125,47.27620465295932,43.50508970109288,43.67900246080467,33604500
2022-05-05,46.26934814453125,47.16635982970592,45.5462457123509,45.81168890770767,23798394
2022-05-06,45.006202697753906,46.02220664984811,44.530240216738825,45.12519506383892,12936918
2022-05-09,45.63777542114258,46.15950662339023,44.73160867996044,45.015358637467735,9330703
2022-05-10,45.4547119140625,46.040515135388155,43.752219119795676,45.024511145799075,14703070
2022-05-11,46.09543991088867,47.11144399777093,45.03367059764458,45.69269753891346,21848516
2022-05-12,45.308265686035156,46.67209178544146,45.07943606135821,45.49133008410931,14338535
2022-05-13,45.582855224609375,46.10458642873173,45.08858245491581,45.67438915880961,10987149
2022-05-16,44.557701110839844,46.031364330531474,44.38379186746893,45.564549979471764,11420293
2022-05-17,45.12519836425781,45.994751580023646,44.11834947757911,44.52108833391804,15519849
2022-05-18,44.484474182128906,45.36318252623787,43.02911774266235,45.143504567294954,27377666
2022-05-19,43.203025817871094,44.20987458289033,42.65383272559143,43.70645020038071,49623888
2022-05-20,46.26020050048828,46.45241655859364,42.97420675598725,43.55085842196652,54346840
2022-05-23,45.92152404785156,46.6080128717082,45.30826237453775,46.26019438161799,31990434
2022-05-24,44.21903610229492,46.13205182520857,44.11835051293165,45.912373858264814,29784700
2022-05-25,44.39295196533203,44.768232450527066,43.70646301741453,44.5577095921653,21171481
2022-05-26,46.21442794799805,46.498174419763295,44.22818518732821,44.42955635438429,33062782
2022-05-27,45.839149475097656,47.41349482869131,45.63777829954269,46.49817638222367,23639868
2022-05-30,47.20296859741211,47.51417698641143,45.99474861462947,46.800229767038736,28241530
2022-05-31,47.50502395629883,47.74300519194241,46.52563359711914,47.093129998778764,27230291
2022-06-01,47.87115478515625,48.759014809161094,46.96499146460495,46.97414311287818,30704544
2022-06-02,47.47756576538086,48.14574779717031,47.2212777235062,47.596558138392396,17218908
2022-06-06,47.00160217285156,47.797931758036356,45.91237444742128,47.331117381664185,26911846
2022-06-07,48.44779968261719,48.68578091305042,46.608007876528646,46.77276545592948,30552377
2022-06-08,48.87800979614258,49.170911439802666,48.008456513924145,48.49357420654934,25217328
2022-06-09,47.42264938354492,48.86885069546075,47.257891785879956,48.85969904744058,16757726
2022-06-10,48.14574432373047,48.32880869400363,46.87345236240883,47.148047171987336,16056270
2022-06-13,47.230438232421875,47.76132469494878,46.28766119436733,47.193828142187506,21707761
2022-06-14,46.5713996887207,47.019903735127464,45.848297337715934,46.681236915562415,21389221
2022-06-15,47.3521842956543,47.91251139069454,46.543843396052345,46.846972547425274,21839396
2022-06-16,47.802284240722656,48.11459753145986,47.16847001607585,47.343000195759664,15560036
2022-06-17,47.673683166503906,48.02273650236088,46.52547310472933,47.44404115414899,24149020
2022-06-20,48.04111099243164,48.78515241587245,47.921696158137856,48.48202326052497,19193698
2022-06-21,47.903324127197266,48.40853584247494,47.47159603214922,48.06866665278762,14016337
2022-06-22,46.029449462890625,48.04111240210594,45.88247870254694,47.765542664468946,21415235
2022-06-23,45.65283203125,46.47954116015052,45.07413318817836,46.06618834772974,24877109
2022-06-24,48.33505630493164,48.67492905202486,45.579351784631285,45.65283892045452,43327395
2022-06-27,49.7496452331543,50.06195850896894,48.243194198304494,48.3350496012845,36814364
2022-06-28,50.88867950439453,51.33877595855361,49.29036930017472,49.602682627249415,29840424
2022-06-29,50.20893478393555,51.34796082820762,50.0435922371209,50.87948911087966,21550892
2022-06-30,51.26528549194336,52.25733719015014,50.098703617008816,50.20893080479643,24027806
2022-07-01,51.42144012451172,52.45023538150305,50.9346001688394,51.48573960906998,14635826
2022-07-04,51.42144012451172,51.889911802360906,50.33752952187369,51.34795650104189,12946571
2022-07-05,51.8439826965332,52.624767689902406,50.98052993743261,51.88991390512964,22393582
2022-07-06,50.08951950073242,51.55004298197365,49.41896517971793,51.55004298197365,21384730
2022-07-07,48.959678649902344,50.098704626864475,48.821895538405265,50.071145201317705,17985681
2022-07-08,49.95172882080078,50.38345339803787,49.033160820806955,49.510816601290806,16165427
2022-07-11,48.224822998046875,49.67616221022216,47.83902609601085,49.60267508370536,13716453
2022-07-12,47.51752471923828,48.95967627477996,47.306254488611174,48.69329069979225,15105504
2022-07-13,47.54507827758789,47.94925044137034,47.058238357459594,47.39810753731941,16658516
2022-07-14,47.58182907104492,48.059484925535244,46.96639009764315,47.5175295814077,14321813
2022-07-15,46.73674774169922,48.73922655854178,46.59896111967287,48.2248271409107,36160468
2022-07-18,47.68286895751953,48.059481730669624,46.73674495513107,46.874528064883066,19161579
2022-07-19,50.06196212768555,50.06196212768555,47.31544192972002,47.85739725621881,32856778
2022-07-20,49.51082229614258,50.32834734952133,49.418963383142064,50.24567607985049,15824511
2022-07-21,48.68410873413086,50.19055983997148,48.59225332682221,48.88619483508091,17317627
2022-07-22,48.68410873413086,49.05153737148382,48.004366806245635,48.6014374659294,14061081
2022-07-25,48.34423828125,49.36384939487544,48.243195233368695,48.867821798399426,11709747
2022-07-26,47.8665771484375,48.65654615785868,47.58181981823305,48.28911757075995,14035778
2022-07-27,46.7918586730957,47.839029271106895,46.57140428703177,47.76554213971273,17185824
2022-07-28,46.58977508544922,47.122542760562546,46.562215659729084,46.846973031775704,15016138
2022-07-29,45.781436920166016,46.801048131413516,45.349708766631814,46.709189213608674,23155192
2022-08-01,44.90879440307617,45.78143480966711,44.706708297281,45.78143480966711,19734912
2022-08-02,44.30253601074219,45.24865996769681,43.604425844302256,44.50462210021171,19471357
2022-08-03,44.25660705566406,44.86286180283512,43.962665572433174,44.1831199328269,16937890
2022-08-04,44.32090759277344,45.09250488066491,44.13719328535947,44.48625011904011,15923712
2022-08-05,44.84449005126953,44.91797717415445,44.04533686221989,44.274978865146934,12965318
2022-08-08,44.67915344238281,45.31296769694815,44.467883192214146,44.81694006399945,13791411
2022-08-09,44.98228073120117,45.14762326861764,44.32091058153527,44.624039734818545,12622754
2022-08-10,44.11882019042969,45.0465758384167,43.870806408415106,44.93634515481542,18021957
2022-08-11,45.459938049316406,45.61609294862233,44.11882592369356,44.12801356721703,17477440
2022-08-12,45.735504150390625,45.928402600337876,45.18436121675115,45.4599344356004,10727735
2022-08-15,45.84572982788086,46.38768510090528,45.377261678548734,45.73550264640134,11485727
2022-08-16,45.606910705566406,46.277465044230894,45.487495863210974,45.744693827613936,9302575
2022-08-17,46.47035598754883,46.58058316813771,45.24865884647773,45.62527159221038,16615565
2022-08-18,45.67120361328125,46.46117268042917,45.4691175252037,46.30501429308044,10377287
2022-08-19,45.818180084228516,46.52547797683635,45.698765244162416,45.91922314089526,9419699
2022-08-22,46.55303192138672,46.83778929588532,45.46912127530718,45.57934846695922,12956660
2022-08-23,45.680389404296875,46.470358500022016,45.579346356602855,46.396871372950336,9772534
2022-08-24,45.10169219970703,46.01107615830199,44.954721444223516,45.68957872570031,8855215
2022-08-25,45.542606353759766,45.56097463149145,44.61485064565107,45.10169059889956,10053343
2022-08-26,45.34970474243164,46.2774604576074,45.21192163403998,45.827360560452775,7560092
2022-08-29,44.25660705566406,45.07413202490364,44.09126453333933,44.908789502578905,13311724
2022-08-30,45.12006378173828,45.12006378173828,44.17393976651928,44.284166956627516,12532472
2022-08-31,45.40481948852539,45.74468868960682,44.807748847870194,45.47830311121856,17959413
2022-09-01,44.8812370300293,46.112118399601584,44.76182219827834,45.28540572449365,15908175
2022-09-02,44.5046272277832,45.47830721673504,44.183126275307536,45.06495435564535,11667166
2022-09-05,43.852439880371094,44.64240545332482,43.63198200843724,44.256608557514326,11430695
2022-09-06,43.530941009521484,44.25661063801278,42.786903102892964,43.88918200220324,16702437
2022-09-07,43.17270278930664,44.64241041880822,43.09003151614347,43.48501609858315,22953433
2022-09-08,44.12800979614258,44.71589278527056,43.191069968197716,43.365596635576644,20515252
2022-09-09,46.277462005615234,46.396873336070556,44.21068377407341,44.550552991012594,33174571
2022-09-13,47.2052116394043,47.91250946004786,46.39687077237465,46.39687077237465,29408117
2022-09-14,46.84697341918945,47.33381339420756,46.185603261384294,46.70918680162696,17430841
2022-09-15,46.37850570678711,47.23277083071451,46.02026119822876,47.17765898636651,19689248
2022-09-16,44.73426818847656,46.350946539468495,44.559738002908254,46.341762400045624,16500861
2022-09-19,44.6975212097168,45.542605638524755,44.22905304561624,44.79856425594961,14620437
2022-09-20,45.037391662597656,45.634462313854854,44.45869629741387,44.94553625658538,13406457
2022-09-21,43.98104476928711,44.91798471909574,43.723843300046255,44.91798471909574,13148614
2022-09-22,41.6295051574707,43.935113003434616,41.08754984942883,43.55849672626563,44123140
2022-09-23,42.89712905883789,43.475827917181206,42.14390353073475,42.24494657788062,35472145
2022-09-26,42.05204391479492,43.172698049288094,41.83158954660352,42.272501787045336,23218914
2022-09-27,44.20149612426758,44.4586975758041,41.74892097181391,41.868335806310895,27522990
2022-09-28,43.90755081176758,45.52423249500584,43.742208287253234,44.09126511723451,19538591
2022-09-29,43.429901123046875,44.18312672767059,43.200259084952826,43.96267233337358,14724360
2022-09-30,43.374786376953125,43.90755404760557,43.01654538212387,43.77895507551909,16123663
2022-10-10,41.785667419433594,43.63198789158612,41.70299614431874,43.54013247659604,12142769
2022-10-11,41.35393524169922,42.125532566442175,40.977322470340106,42.070417220367986,15974383
2022-10-12,41.97856521606445,42.02449292281849,40.444554581251765,41.271267319062126,13670971
2022-10-13,41.97856521606445,42.43784929172367,41.528465280132274,41.65706426066735,11500925
2022-10-14,45.42319107055664,45.698760786548135,43.485011911723944,43.63198266052334,39387470
2022-10-17,47.08579635620117,47.35218192972344,45.03739004019759,45.10168952290172,34593737
2022-10-18,46.73674774169922,47.563456961679215,46.48873392448741,47.08580111046307,17399957
2022-10-19,47.04905700683594,47.692051843570646,45.98351820074248,46.73674372725377,19489408
2022-10-20,46.54384231567383,47.462410383517174,46.34175972350848,46.85615559890293,17295138
2022-10-21,47.03987121582031,47.46241169775424,46.44280405762477,46.58977481238697,16169081
2022-10-24,45.322147369384766,47.47159672957916,45.12006127868116,46.67244351352428,22024058
2022-10-25,45.08332443237305,46.19479100232005,44.614852734918195,45.735506948220376,16226478
2022-10-26,46.084556579589844,46.71837076558924,44.89960647892372,44.89960647892372,14184254
2022-10-27,46.72755813598633,47.20521396714581,46.08455976696167,46.093747410209296,16735453
2022-10-28,45.818180084228516,47.131732812777436,45.37726779482222,46.488734410037644,13304784
2022-10-31,44.33009719848633,45.56097865468611,43.953484398667115,45.46912324168021,23039380
2022-11-01,45.432376861572266,45.54260755522487,43.42989814631928,44.816937923611526,18546899
2022-11-02,46.387691497802734,46.63570531837713,44.74345367106478,44.88124029495924,19356159
2022-11-03,44.37602233886719,46.12129947565915,43.88917890516477,45.89165747049766,24289905
2022-11-04,45.946773529052734,46.33257042178651,44.15556516007415,44.34846360644103,24173916
2022-11-07,46.09374237060547,46.93882324591228,45.29458919433771,45.38644459241581,15320312
2022-11-08,46.084556579589844,46.68162720325847,45.83654629400456,46.09374422220202,13209694
2022-11-09,45.928401947021484,46.286642921558816,45.66201637475461,45.928401947021484,10066022
2022-11-10,45.294593811035156,45.83654912467651,45.009836441474725,45.634463023436254,9293071
2022-11-11,48.25238037109375,48.45446647103967,46.2131616056889,46.43361598375794,37638695
2022-11-14,47.600196838378906,49.226062733588215,47.47159786995429,48.289122886990015,19180256
2022-11-15,49.06990432739258,49.170947375144756,47.37055480956131,47.765539357651235,19497828
2022-11-16,49.59348678588867,50.65902550261018,48.785145982288604,48.95967263704119,24681444
2022-11-17,49.38222122192383,49.5934949758021,48.5922555720154,49.18013861569578,11761535
2022-11-18,48.215641021728516,49.85987525460649,48.17889745682217,49.584305525927334,18475707
2022-11-21,47.48997116088867,47.79309680979966,46.67244611787338,47.48997116088867,13508279
2022-11-22,47.48997116088867,48.08703831955663,47.003127688305575,47.85739629605529,8676949
2022-11-23,46.72755813598633,47.361372365822575,46.534659676496695,47.361372365822575,8770258
2022-11-24,46.44280242919922,47.52671302158745,46.314199957239694,47.0857972687015,9317237
2022-11-25,46.80104446411133,47.19602901957284,46.102930759736,46.46117525501392,8961488
2022-11-28,46.5713996887207,46.67244273238138,45.03738926089392,45.882473668189505,11472168
2022-11-29,48.68410873413086,49.097465075138146,46.608146394046415,46.88371612003154,20563088
2022-11-30,48.68410873413086,48.68410873413086,47.64612581205905,48.224824689469244,15370891
2022-12-01,50.03440856933594,51.16424698051918,49.96092143492104,50.41102137306368,30779065
2022-12-02,49.216880798339844,50.27323201773801,49.09746596343075,49.99766228676715,11099504
2022-12-05,50.6314697265625,51.18261265673048,49.832316507486794,50.12625800195278,23165342
2022-12-06,52.4043083190918,52.486979586542354,50.00684506708478,50.52124445389482,32133909
2022-12-07,52.95545196533203,54.057730873731686,52.23896647000122,52.40430900707301,32397617
2022-12-08,52.633949279785156,53.267763485500105,52.01851035986615,52.78092002962097,25008741
2022-12-09,53.30450439453125,53.552518195843334,52.37675217841638,52.65232190074343,27825592
2022-12-12,52.2940788269043,53.616815543786196,52.08280859807268,53.102419683694954,20178940
2022-12-13,52.81766128540039,53.093230991295044,51.71537895776286,52.294077792982876,13662405
2022-12-14,54.6088752746582,55.11408703836469,52.37675446927969,53.166723610812404,33932432
2022-12-15,53.772972106933594,55.44476560358268,53.34124402125141,54.801767296242524,14849426
2022-12-16,53.561710357666016,54.16796519955637,52.86359659787746,53.607638064585394,15854010
2022-12-19,53.55251693725586,54.1955152769467,52.93707802199142,53.81890251433706,14598959
2022-12-20,52.4043083190918,53.36880410330887,51.94502427860184,52.82684879536836,12728021
2022-12-21,52.725807189941406,53.91994494775005,52.24815138600615,53.341246098205154,11985238
2022-12-22,53.45147705078125,54.19551848122207,52.946265291174925,53.35962164141983,16768402
2022-12-23,53.442291259765625,53.874019379351545,52.8635923873082,53.11160618978995,10566688
2022-12-26,52.725807189941406,53.68111529375291,52.59720472021887,52.909517995712726,11995037
2022-12-27,55.0589714050293,55.9499835955057,52.83603825459691,52.99219315178265,26008605
2022-12-28,53.313690185546875,54.95792782746496,53.010561048675925,54.74665409349242,20787524
2022-12-29,52.27570724487305,53.1667193688689,52.09199293525775,53.09323224339917,15172668
2022-12-30,53.05649185180664,53.55251946619741,52.376753420879346,52.376753420879346,15353304
2023-01-03,53.074859619140625,53.47903179468735,52.275706414673415,52.81766169219921,18089044
2023-01-04,52.93708038330078,53.48821983958615,52.404309205373615,53.46066391798964,15509466
2023-01-05,55.31616973876953,55.444768706623,53.21264803871187,53.59844494227227,31560648
2023-01-06,54.75584030151367,55.53662171786922,54.29655629093773,55.43557867489308,13326701
2023-01-09,54.47108459472656,55.44476798794617,54.10365947763052,55.11408292971842,17393332
2023-01-10,54.28737258911133,54.82014376200095,54.10366177479273,54.4710869074891,9874464
2023-01-11,53.88320541381836,54.82932944970658,53.598448037087095,54.18633457331222,11902563
2023-01-12,53.37799072265625,54.305742924866585,52.983006175085556,54.01180142491525,11702429
2023-01-13,55.46314239501953,55.58255372409766,54.1036620388828,55.57336958496057,22251786
2023-01-16,56.115325927734375,56.64809360892675,55.20594195789631,55.986726953103776,24383779
2023-01-17,55.65604019165039,56.26229498520616,55.11408488346726,56.041837103886266,9326078
2023-01-18,55.949981689453125,56.372522165859046,54.72828796348657,55.44476994557133,14512324
2023-01-19,56.060211181640625,56.124510669646305,55.1324589232306,56.014283476502186,8911538
2023-01-20,55.45395278930664,56.56542280475589,55.297797901088096,56.03265164812049,13445754
2023-01-30,54.07609939575195,56.271476445103595,53.73623020295525,56.032650297098634,27694826
2023-01-31,53.864837646484375,55.33454884051993,53.01056895666721,54.33330938170516,25980519
2023-02-01,53.139156341552734,54.37922521932573,52.35837495870433,54.01179662500956,33312656
2023-02-02,53.6903076171875,53.828090733527894,52.81766719746106,53.31369482602884,22733333
2023-02-03,53.01056671142578,53.8189076587054,52.77174053594239,53.249396390968556,16721630
2023-02-06,52.35838317871094,52.716624187178944,51.899099115739794,52.44105445020812,18545536
2023-02-07,52.77173614501953,53.32287558354428,52.18385314284404,52.35837981409643,13267476
2023-02-08,53.065677642822266,53.56170523989929,52.67069309374898,52.81766384428376,12538730
2023-02-09,53.231021881103516,53.58007873883217,52.560467591295314,53.04730756103269,12106003
2023-02-10,52.725807189941406,53.23101891393056,52.52372109872214,53.23101891393056,11277255
2023-02-13,53.33206558227539,53.53414818316269,52.17466780456601,52.34001034423878,19007068
2023-02-14,52.633949279785156,53.88320240541911,52.27570829606405,53.38717481070108,17393280
2023-02-15,51.347957611083984,52.542095426771226,50.70495924754187,52.496167723102324,33370198
2023-02-16,50.796810150146484,52.30326112287087,50.291598446473145,51.448992594962235,21526742
2023-02-17,49.51082229614258,50.82437496754639,49.4648910876127,50.806003184946285,19772334
2023-02-20,50.521240234375,50.75088223544034,49.52000096956776,49.52000096956776,16375582
2023-02-21,50.00684356689453,50.64065776635429,49.63023080515341,50.5028711567172,16602332
2023-02-22,49.49244689941406,49.98847097715829,49.32710437214632,49.6577894266818,12863368
2023-02-23,49.639427185058594,50.208938497284805,49.41896927164799,49.51082819559393,12310886
2023-02-24,49.3362922668457,49.77720453844114,49.06072253510597,49.428151180131785,16481695
2023-02-27,49.07909393310547,49.40059136693888,48.77596477772605,48.877007829519194,14962773
2023-02-28,49.53837585449219,49.988472242512856,49.134207168750905,49.235246712141915,16687685
2023-03-01,49.70372009277344,49.82313492604781,48.895379189473324,49.547561694790154,13421140
2023-03-02,49.9701042175293,50.27322985735329,49.29036230655635,49.58430380750165,14270975
2023-03-03,49.90580368041992,50.44775546430714,49.52000327853087,50.15381396956264,13055428
2023-03-06,49.32710647583008,49.74046281162809,49.1250203774268,49.703719247544015,12447207
2023-03-07,48.215641021728516,49.55674960427719,48.19726923927534,49.39140706625785,15650455
2023-03-08,48.83108139038086,49.11583877062454,47.79309842787642,47.93088504826579,13079942
2023-03-09,48.224822998046875,49.143391055152534,48.08703638785741,48.968864385763716,10725106
2023-03-10,47.83903121948242,48.399354850916886,47.81147179205753,47.81147179205753,8351727
2023-03-13,49.5567512512207,49.60267895685036,47.62775607824092,47.76554269918924,16987588
2023-03-14,48.959678649902344,49.71290420574244,48.739224269883344,49.40977855720152,10081196
2023-03-15,48.711666107177734,49.565934736031295,48.46365229518226,49.565934736031295,9356672
2023-03-16,48.13296890258789,48.821894964147496,47.65531307941947,48.23400844820694,10537674
2023-03-17,48.224822998046875,48.730034728643176,47.69205184297725,48.39934966743569,14629706
2023-03-20,47.51752471923828,49.83231662149818,47.0031253507164,48.98723569898977,24863205
2023-03-21,48.76677703857422,48.82189238204533,47.12253941763854,47.52671159497543,17449104
2023-03-22,48.8953742980957,49.76801460030995,48.69328821647209,48.75759120030957,11940879
2023-03-23,49.6026725769043,49.997657101822874,48.55550560537463,48.88619064987007,17303642
2023-03-24,49.35466384887695,49.87824738827188,48.941307500918,49.565934092487254,8219469
2023-03-27,49.73127746582031,49.78639281449238,48.29831344093964,49.56593492386342,12573163
2023-03-28,49.14338684082031,49.92416822077994,48.77595824786358,49.32710113729868,11597210
2023-03-29,50.10788345336914,50.870296571577136,49.336286196992084,49.42814509897674,24431732
2023-03-30,50.7049560546875,51.42143799817166,50.11707307500214,50.236484396210194,21826736
2023-03-31,50.87030029296875,51.21016949502791,50.420200400464125,50.79681316600511,12187780
2023-04-03,49.72208786010742,50.84273846076403,49.43733051269607,50.5212410556697,24295761
2023-04-04,49.180137634277344,50.52124623891803,48.86782433554711,49.7404647441221,25868479
2023-04-06,50.22730255126953,50.328345600028065,48.53713715546455,49.18013550787954,15711249
2023-04-07,53.27695083618164,53.29532261902606,50.06196242365343,50.21811732174206,40657562
2023-04-10,52.77173614501953,53.16672069411727,52.202224924669416,53.02893408245654,18305085
2023-04-11,51.91746520996094,52.7992896732666,51.807238028062464,52.771733753806714,15618136
2023-04-12,52.26652526855469,52.340008893005525,51.14587108719151,52.091995090373054,21671857
2023-04-13,51.94502258300781,52.431866032795796,51.31121188928188,51.78886769628684,15128064
2023-04-14,52.24815368652344,52.9830074541418,51.79805378282391,52.13792299333631,17129227
2023-04-17,52.24815368652344,52.615578818303035,51.72457015809165,51.89909683288253,14569016
2023-04-18,52.23896789550781,53.22183550155567,51.733756131361794,52.3583827319981,14215466
2023-04-19,51.43981170654297,52.45023517772643,51.07238307844402,52.34919563385535,13417606
2023-04-20,50.98052978515625,51.80724248059329,50.52124573303773,51.623528158934036,15183719
2023-04-21,50.20893478393555,51.008088090833404,49.60267994696831,50.99890395114788,16282265
2023-04-24,50.14463424682617,50.76007321062718,49.327109173569625,49.86906450924274,16895471
2023-04-25,50.337528228759766,50.53042667747922,49.47407552683055,50.2089292629468,14687186
2023-04-26,50.576358795166016,51.04482696537038,49.63023130779785,50.153814823227066,19668939
2023-04-27,52.633949279785156,53.818902921369634,51.669453514983935,51.71538121729655,37028642
2023-04-28,51.853172302246094,52.80848401063383,51.63271440644147,52.358384079393275,15315853
2023-05-04,50.907039642333984,52.04606556596965,50.76925653728758,51.84397947369743,15161080
2023-05-05,50.03440856933594,50.91623315795806,49.97010907875262,50.91623315795806,12826253
2023-05-08,46.92045593261719,49.99765738416005,46.49791198223196,49.99765738416005,50916510
2023-05-09,47.05824279785156,47.72879708260333,46.43361621675638,46.45198799903084,19704734
2023-05-10,46.66326141357422,47.62775727221323,46.33257631825583,47.39811523424873,13287984
2023-05-11,46.36013412475586,46.791858758275005,46.112120311937986,46.64488799927841,10642580
2023-05-12,46.36013412475586,46.6370756725334,45.68624173394614,46.5724560954354,13929653
2023-05-15,46.443214416503906,46.461677654885754,45.51084024648487,46.36013160453689,10684909
2023-05-16,45.316978454589844,46.49859745892876,45.20620255330867,46.47090436398406,23371501
2023-05-17,45.409297943115234,45.409297943115234,44.86464469116739,45.29852202518601,11204960
2023-05-18,45.16004943847656,45.60316015272668,45.0492735206655,45.39083465479299,11579181
2023-05-19,46.2401237487793,46.433982475542436,44.772329706210435,45.169280539965094,15171022
2023-05-22,46.54475784301758,46.849395999939475,46.11088405793555,46.424752073475055,11071104
2023-05-23,45.79701614379883,46.43398203490581,45.78778276365806,46.387825698710124,6948250
2023-05-24,45.04927062988281,45.83394242790853,44.92926133907837,45.83394242790853,9228654
2023-05-25,45.16004943847656,45.418531275372956,44.70771238653801,45.0492735206655,8021192
2023-05-26,45.12312316894531,45.316981891264504,44.22767546846714,45.1600461245042,9249446
2023-05-29,44.3292236328125,45.28005757270667,44.06151194360835,45.13235517892211,10254165
2023-05-30,43.84918975830078,44.375379753680164,43.11067779298786,44.329223416129885,16994283
2023-05-31,43.692256927490234,43.96919847062578,42.87989201565689,43.84918917738269,17868683
2023-06-01,43.61840057373047,43.932268570570855,43.202986530632536,43.66455690707413,9307106
2023-06-02,44.90156936645508,45.13235457374278,43.8491893846636,43.89534572182058,12603658
2023-06-05,44.652320861816406,45.02157860159666,44.319989600314734,45.012345221275616,5392701
2023-06-06,44.45846176147461,45.049271322982136,44.07074430729883,44.72617344450232,7816572
2023-06-07,43.80303192138672,44.81848539874549,43.69225601075731,44.6707830107387,9679333
2023-06-08,44.35691833496094,44.4676942539289,43.45224070013284,44.07997677678956,8325551
2023-06-09,44.384613037109375,44.661554583308735,44.17228754613695,44.36614979782904,5941960
2023-06-12,45.03080749511719,45.33544565213098,43.76610557396006,44.37537836648492,11418984
2023-06-13,45.01234817504883,45.16928395727976,44.3661523702833,44.93849873514835,7126810
2023-06-14,45.36314392089844,46.046269746273744,45.03081262863494,45.10466559202821,13013755
2023-06-15,45.833946228027344,46.0093417279739,45.390835505472786,45.75086340773624,13689414
2023-06-16,45.94471740722656,46.38782456255724,45.52930334863448,45.898561072161364,9582582
2023-06-19,45.14158630371094,45.935484429693574,45.00311377579972,45.935484429693574,10149840
2023-06-20,44.79079055786133,45.510839231176696,44.772327319891374,45.233897704632525,7842264
2023-06-21,44.09843826293945,44.96618938309748,44.043048544907,44.59693516072299,8368145
2023-06-26,43.46147155761719,43.90457872926587,43.03682410347228,43.867652251252785,9340916
2023-06-27,43.85841751098633,44.218445378195575,43.01835953050341,43.498393165279744,8680357
2023-06-28,43.72917938232422,43.895345010599264,43.350691789365,43.85841853287087,7752087
2023-06-29,41.31978225708008,43.72918040173306,40.055080298173216,43.72918040173306,48990285
2023-06-30,41.624420166015625,41.938288189079174,40.87667482596643,40.922834684669176,19539041
2023-07-03,42.78757095336914,42.88911699598572,41.62441519590285,41.67980490683072,19470547
2023-07-04,42.57525634765625,42.75065536840425,42.14138252920742,42.741421987573844,14667766
2023-07-05,41.98444747924805,42.74142273137783,41.67981281509974,42.64911005048514,13984364
2023-07-06,41.43056106567383,42.22446273580994,41.3936345876436,41.873668237528285,12432504
2023-07-07,41.624420166015625,41.6613466443767,41.18131299019111,41.458254534893584,9823354
2023-07-10,42.86143112182617,43.184529019579436,42.0029098260784,42.898357601998825,21635741
2023-07-11,43.692256927490234,44.107667481442164,42.55679061407977,42.861428776580816,16309506
2023-07-12,43.341461181640625,44.264601979880034,43.11067598208077,43.69225567099235,16257747
2023-07-13,43.63686752319336,43.71071695852447,43.23991668396809,43.535321468298136,16294092
2023-07-14,43.756874084472656,43.91380632568935,43.387616366370594,43.646094656140484,9217318
2023-07-17,43.3968505859375,43.59994270345422,42.93528015267438,43.56301622363246,8333998
2023-07-18,43.2768440246582,43.45223951837922,42.57525500676837,43.39684979965017,9583675
2023-07-19,43.47993087768555,43.82149551393028,42.94451103740102,43.25837905463772,6734579
2023-07-20,43.68302536010742,44.17228889066876,43.47993324334478,43.55378620271408,10771467
2023-07-21,43.22145080566406,43.94149948331462,43.046055326147346,43.57224528620008,10333048
2023-07-24,42.796810150146484,43.184527614838416,42.602951417800526,42.93527916403524,7815916
2023-07-25,44.44922637939453,44.670778176678056,43.37838330185129,43.387613159445465,18672736
2023-07-26,44.58769989013672,44.79079199281004,44.28306525762941,44.44923088317982,7951539
2023-07-27,45.040042877197266,45.32621428668469,44.44923329715539,44.85541400305846,11232702
2023-07-28,45.92625427246094,46.138576231441746,44.716938570610964,44.85541109762145,18398918
2023-07-31,45.92625427246094,46.96017097056394,45.85240131898797,46.30474185525327,18452245
2023-08-01,45.96318435668945,46.6186135234425,45.50161392576428,45.92625787705474,13065307
2023-08-02,44.984649658203125,45.83394100455626,44.6984747494804,45.73239495560617,16407127
2023-08-03,45.62161636352539,45.78778198821793,44.495386989112546,45.23389892024458,17027564
2023-08-04,45.316978454589844,46.3232019884417,45.233895648253366,46.110880043693456,14364343
2023-08-07,44.984649658203125,45.44622004688344,44.68924489116793,45.344673997933356,8391952
2023-08-08,44.82771682739258,45.224667638162416,44.5876982563909,44.74463401766162,7315834
2023-08-09,44.93849182128906,45.21543334093825,44.800019300713224,44.8184825382235,4699397
2023-08-10,45.132354736328125,45.23390079134097,44.6246279827667,44.781560233966324,5706642
2023-08-11,43.996891021728516,45.12312394085358,43.98766116305657,45.01234450777382,10517312
2023-08-14,43.48916244506836,43.64609468639383,43.119904726710345,43.18452429919761,7206691
2023-08-15,43.35069274902344,43.59994119695364,42.842965994277975,43.452238804273094,8578308
2023-08-16,42.796810150146484,43.350693248707195,42.74142043168927,43.11067817839832,7686316
2023-08-17,42.96297836303711,43.1660669665657,42.53833439388278,42.53833439388278,5580225
2023-08-18,42.52909851074219,43.07375175096312,42.32600639765894,42.85219639837204,8114910
2023-08-21,41.218238830566406,42.34446823112478,41.218238830566406,42.34446823112478,13865863
2023-08-22,40.89513397216797,41.624416000046615,40.39663712869377,41.513640097553164,16920023
2023-08-23,40.618194580078125,41.48594565109339,40.52588191008809,41.070535114635604,9926547
2023-08-24,40.59050369262695,40.96899129459049,40.295098906777504,40.63666003013415,8650160
2023-08-25,40.138160705566406,40.50741842629392,39.83352607924343,40.43356547354737,10503834
2023-08-28,40.618194580078125,42.122915047133574,40.47972205359044,41.54133536598899,24523137
2023-08-29,41.12592315673828,41.63364990751227,40.64588950390564,40.75666893867664,16016943
2023-08-30,40.4797248840332,41.4305623546281,40.43356854581082,41.356709396269984,15617437
2023-08-31,40.138160705566406,40.664350668626405,40.06431127432247,40.51664828463593,10988440
2023-09-01,40.322792053222656,40.69204979672765,40.138163181470155,40.15662642079569,10938450
2023-09-04,41.42132568359375,41.6705741159979,40.341252664678336,40.710506862626914,24410946
2023-09-05,41.35670471191406,41.72596241887411,41.06129995494701,41.227465570928786,15176302
2023-09-06,40.90436935424805,41.26439369610525,40.572038108994434,41.125921170082044,15137003
2023-09-07,40.02738571166992,40.94129313300358,39.98122937590101,40.92283341589817,14182463
2023-09-08,39.50119400024414,40.01815057253643,39.15962938326241,39.96276438064942,15885968
2023-09-11,40.15662384033203,40.40587227295578,39.39964868414253,39.51042459147444,16431138
2023-09-12,39.89814376831055,40.276631329509364,39.741208011885334,40.03661276591844,10235847
2023-09-13,39.24271011352539,40.13815773095182,39.21501701904906,40.06430830518082,12809371
2023-09-14,38.845767974853516,39.390417686127975,38.63344248416673,39.23348543471048,15730553
2023-09-15,38.56882095336914,39.09501092023061,38.34726913653412,38.95654191508438,16484289
2023-09-18,38.81806945800781,39.22425365877107,38.43035201710032,38.439581875525555,12346130
2023-09-19,38.273414611816406,38.83653103219737,38.08878575769933,38.82730117416764,16062069
2023-09-20,37.894927978515625,38.171869505758224,37.71029911985303,38.16263964750125,15368325
2023-09-21,37.06410598754883,37.6918420379785,37.00871626962757,37.68260865757355,18883648
2023-09-22,37.9041633605957,37.941086317076646,37.017945496500545,37.073335213476106,24676216
2023-09-25,37.29488754272461,37.74722453617135,37.13795178474132,37.74722453617135,18921624
2023-09-26,37.29488754272461,37.57182906219236,37.21180473473404,37.38720020871303,9999502
2023-09-27,37.57183074951172,38.01493790486018,37.27642597927941,37.331812172758816,11395170
2023-09-28,37.66413879394531,37.7564549742443,37.31334435181358,37.64567555788552,12611105
2023-10-09,37.774925231933594,37.913397780279205,37.25796856398344,37.84877819678544,13122118
2023-10-10,37.66413879394531,38.25494826184999,37.627212321825716,38.10724589487382,11715243
2023-10-11,37.765689849853516,38.11648433859906,37.69184041730337,38.079557861572646,10408430
2023-10-12,38.20879364013672,38.35649601371423,37.92262227217538,38.2272568770217,12733867
2023-10-13,38.12571334838867,38.21802953889964,37.710299294845775,37.959547726971515,13448207
2023-10-16,37.66413879394531,38.33803106336797,37.52566980575014,38.2180253112326,11571150
2023-10-17,37.52567672729492,37.78415503680353,37.294891516232845,37.66414574103045,9572319
2023-10-18,36.741004943847656,37.50721353587664,36.64869226790571,37.50721353587664,12568249
2023-10-19,36.00248718261719,36.54714033470149,35.92863423653687,36.46405753111228,14808746
2023-10-20,35.799400329589844,36.01172229831916,35.54092202357204,36.002492439462586,11215627
2023-10-23,36.1132698059082,36.48252756207512,35.503996973284856,35.72555233128559,14620122
2023-10-24,36.22404479980469,36.371747179843034,35.68862147122662,36.19634818251452,14805188
2023-10-25,36.46406173706055,36.97178847466844,36.27943287206603,36.75023665387718,12047156
2023-10-26,36.16865921020508,36.6117664008374,35.72555201957275,36.50099048355505,12644892
2023-10-27,37.10102844238281,37.267194072394204,35.84555988002294,36.0763450859829,17380158
2023-10-30,37.84877014160156,38.079555325391816,36.93485926433109,36.97178573889811,16376072
2023-10-31,36.27943420410156,38.11648601991701,36.03018575543297,38.07955954126177,34665503
2023-11-01,36.01171875,36.76869739725619,35.7717037068474,36.39020631287686,21422743
2023-11-02,35.47630310058594,36.260971413453326,35.09781549344358,36.1871219767319,25168142
2023-11-03,36.02095413208008,36.0948035642703,35.40244797016152,35.411681350124454,19045441
2023-11-06,37.04563903808594,37.05486889606369,36.13172815217968,36.196347722531364,22116649
2023-11-07,36.833316802978516,36.96255594267629,36.49175219491732,36.92562946804766,11809077
2023-11-08,36.8702392578125,37.110257818152384,36.6486874560398,36.85177602074771,11010404
2023-11-09,36.944095611572266,37.23027053020249,36.741003506640965,36.796393222941155,9580753
2023-11-10,37.06410598754883,37.11949218396727,36.34405374058372,36.907170214189996,11771113
2023-11-13,37.24872970581055,37.387202233796046,36.86101226185543,36.944095074346194,13537523
2023-11-14,37.636451721191406,37.76569087278176,37.15641807135383,37.33181355972606,13916446
2023-11-15,37.839542388916016,38.0518643472353,37.516441000732435,38.0518643472353,13148238
2023-11-16,37.894927978515625,38.107249933451705,37.57183011698302,37.80261530993562,12125607
2023-11-17,37.802616119384766,37.987244982000725,37.488748109388425,37.682606830458994,10833440
2023-11-20,38.30111312866211,38.541128185867414,37.581060914040854,37.858002448201646,17369199
2023-11-21,38.5411262512207,38.95654029236071,38.227258255859645,38.48573653856787,16029762
2023-11-22,37.8303108215332,38.448817009316805,37.8303108215332,38.338037574144856,9798289
2023-11-23,37.84877014160156,37.93185294862615,37.387199774021056,37.682604527552385,9310413
2023-11-24,37.9503173828125,38.061093288504864,37.39643081134558,37.76568852565686,9129791
2023-11-27,37.71030044555664,37.922625929459585,37.45182214724377,37.91339254937544,11495352
2023-11-28,38.587284088134766,38.64267380294619,37.44259148738629,37.69183992178377,16203397
2023-11-29,38.439579010009766,38.94730570161221,38.328803109651616,38.66113433222845,12914834
2023-11-30,39.01192855834961,39.104244751014136,38.245723527498754,38.32880634014549,19002155
2023-12-01,38.47651290893555,38.93808335791846,38.00570907893127,38.93808335791846,15498226
2023-12-04,38.17186737060547,38.716520536368385,37.97800866452944,38.494968735567895,10029008
2023-12-05,37.368736267089844,38.384193181341026,37.32257993496534,38.24572066346509,11366111
2023-12-06,37.24872970581055,37.80261629624987,37.156417034822,37.368738995297804,9489902
2023-12-07,37.313350677490234,37.55336926545538,36.741004348616336,37.22103800304382,10095419
2023-12-08,38.024166107177734,38.356497339590476,37.24872773871551,37.30411745128513,16099122
2023-12-11,38.402652740478516,38.63343792166289,37.119487696533795,37.66414086498901,13701647
2023-12-12,38.2457275390625,38.716527845774095,38.08879175582327,38.31034711995423,9727975
2023-12-13,37.24872970581055,38.20879697870323,37.24872970581055,38.116484307714686,8752797
2023-12-14,37.147186279296875,37.79338200361779,37.09179656513969,37.61798652437391,6608545
2023-12-15,37.02717590332031,37.57182908458253,36.934859715774394,37.35950713548065,9424243
2023-12-18,37.17488098144531,37.44259266251535,36.79639338877836,36.99025211444864,8372013
2023-12-19,36.75023651123047,37.25796324686762,36.47329145406231,37.184110292555395,8647528
2023-12-20,36.44560241699219,37.156421334670604,36.44560241699219,36.75024060521283,7178136
2023-12-21,36.8702392578125,37.10102443886879,36.31635623187835,36.45482874911309,9969383
2023-12-22,36.620994567871094,37.128724835086054,36.408672602264275,36.87947639159037,8430276
2023-12-25,36.630226135253906,36.82408485232217,36.34405122803225,36.639455993517956,6053415
2023-12-26,36.30712890625,36.65791987043891,36.048647090818136,36.519450865049386,5058279
2023-12-27,36.03941345214844,36.41790099491706,35.69784886070918,36.344048049253786,8830829
2023-12-28,36.90717315673828,37.23950444775643,35.8363298420704,36.14096803267141,13255355
2023-12-29,37.29488754272461,37.341043875718825,36.741000982286636,36.91639997776811,12090216
2024-01-02,36.18711853027344,37.29488814761393,36.140962196530616,37.29488814761393,18035438
2024-01-03,35.808631896972656,36.18711947798012,35.16243264314214,36.18711947798012,19950044
2024-01-04,35.31013488769531,35.77170527838414,34.996266881166804,35.7347788019684,15703121
2024-01-05,35.3009033203125,35.76247368865522,35.033191661513136,35.22705037105649,14937160
2024-01-08,35.35628890991211,35.67939027516274,35.042420923912786,35.40244524166152,13738721
2024-01-09,35.9655647277832,36.048647540654734,35.07935040482203,35.40244827626537,15883764
2024-01-10,36.03941345214844,36.47328718266225,35.58707296371654,35.79016504278828,11209869
2024-01-11,36.417903900146484,36.64868909150166,35.83632423191074,36.03941632718411,10691435
2024-01-12,35.864017486572266,36.41790406117533,35.799397914427296,36.2425050612082,7534882
2024-01-15,35.85478591918945,36.307126424144364,35.60553750072479,35.68862030687968,8734045
2024-01-16,36.27943420410156,36.353287161412034,35.467069281200516,35.65169815297387,12601978
2024-01-17,35.72555160522461,36.33482442546552,35.72555160522461,36.18712203030115,11461866
2024-01-18,35.873252868652344,36.002492020156055,34.60855092986251,35.596311326644006,18417149
2024-01-19,35.40244674682617,35.799397555452074,35.11627536491159,35.642465316531506,13583396
2024-01-22,34.765480041503906,35.54091840204499,34.52546499915896,35.263976885030836,16582898
2024-01-23,34.41469192504883,34.75625659650783,33.851575407700686,34.75625659650783,20616879
2024-01-24,34.830101013183594,34.885490727416595,33.648481948233574,34.70086186814251,15999150
2024-01-25,35.46706771850586,35.49476433702838,34.77471212098841,35.12550660975133,15954601
2024-01-26,34.950111389160156,35.41168179097896,34.534697323222694,35.31013573913839,15547475
2024-01-29,34.017738342285156,35.01473213385365,34.017738342285156,34.84856650192557,11864341
2024-01-30,31.765275955200195,34.18390395411629,31.479101028936118,33.92542564749248,39312822
2024-01-31,32.513023376464844,32.71611197829106,31.7652779854369,31.7652779854369,26303513
2024-02-01,32.04221725463867,32.65149005949644,31.940671200245244,32.51302104837132,17869006
2024-02-02,31.46063995361328,32.439166941608896,30.814440693435273,32.30992779387383,18842779
2024-02-05,31.73758316040039,32.11607076507534,30.399028234085556,31.829895836076098,25697515
2024-02-06,33.4638557434082,33.593094898700905,31.38678883519666,31.469871652385237,20745504
2024-02-07,34.008506774902344,34.29468168695798,33.16844879858063,33.57462947760891,22644206
2024-02-08,34.663936614990234,34.91318505557878,33.95311777068277,34.13774663647089,19464765
2024-02-19,34.931644439697266,35.26397565714349,34.71932249999603,35.236279041354756,14451728
2024-02-20,35.3286018371582,35.40245127624491,34.85779801715639,35.35629493662785,13050437
2024-02-21,36.32558822631836,36.81485523355785,34.98703691466064,35.19935887114085,21237930
2024-02-22,36.29789733886719,36.54714578681779,36.002492553481915,36.53791592793198,9573273
2024-02-23,36.32558822631836,36.71330918447979,36.07634331503917,36.297895129843475,11407294
2024-02-26,36.16865921020508,36.897941335444976,36.16865921020508,36.63945949978226,9773526
2024-02-27,35.82709884643555,36.34405548584727,35.50399742530023,36.168659986261574,16726386
2024-02-28,35.079349517822266,35.864017769488306,35.079349517822266,35.83632467306559,19057857
2024-02-29,35.40244674682617,35.40244674682617,34.92241665042057,35.06088565155593,17215143
2024-03-01,35.12550735473633,35.494765089845046,34.987038345197625,35.43014551442643,16337869
2024-03-04,34.97780227661133,35.42090941178307,34.940875801638065,35.28244041288704,14547980
2024-03-05,35.079349517822266,35.153202470286296,34.59931589131386,34.81163784739405,16572821
2024-03-06,34.7100944519043,35.033195861379866,34.599318536242635,34.89472332567564,11804920
2024-03-07,34.350067138671875,35.300904524515,34.16543828073615,34.80240766453929,14077905
2024-03-08,34.47007369995117,34.66393240078444,34.01773320983793,34.35929780254677,12237588
2024-03-11,35.14397048950195,35.21782344490595,34.34083896774853,34.47007811820279,16606649
2024-03-12,36.19635009765625,36.25173981366473,35.005497614744165,35.20858971860589,23218818
2024-03-13,35.95633316040039,36.40867015892353,35.57784559119629,36.1594217321546,13800270
2024-03-14,35.71631622314453,36.55637420884699,35.56861383625737,35.817862274411205,11671611
2024-03-15,35.974796295166016,35.974796295166016,35.383986776294314,35.70708463145775,9428369
2024-03-18,35.94710159301758,36.15942355507964,35.633233579207854,36.07634426347086,12388016
2024-03-19,35.550148010253906,35.86401599973262,35.54091815240266,35.73477686080064,8915359
2024-03-20,36.21481704711914,36.408675790758736,35.467071651148196,35.55015447292275,14908653
2024-03-21,35.79016876220703,36.27943225281399,35.679392853702225,36.150193105974616,9021257
2024-03-22,35.116275787353516,35.725548555585085,34.903953832523094,35.71631517583013,11903656
2024-03-25,34.86703109741211,35.50399703024383,34.83010461743559,35.448610831782,9748954
2024-03-26,35.02396011352539,35.29167178632353,34.78394505889774,35.180895878149435,9955463
2024-03-27,33.583866119384766,35.273212094526905,32.58687228106902,35.26398223521049,52748693
2024-03-28,33.546939849853516,33.86080789112799,33.02997968731231,33.3346178692124,25112256
2024-03-29,33.60232162475586,33.60232162475586,32.660717723591034,33.58385838887002,13991365
2024-04-01,33.71310806274414,34.37777067650684,33.362313514202356,33.60233213428479,24949570
2024-04-02,33.01151657104492,33.740798716966275,32.95613037158453,33.713105617236074,26123949
2024-04-03,32.62379455566406,32.956125792260366,32.50378527100372,32.956125792260366,18115661
2024-04-08,32.16222381591797,32.660720665227,32.01452143703038,32.64225742767824,18973366
2024-04-09,32.18069076538086,32.33762302039309,31.82989625449667,32.134534426936256,14140601
2024-04-10,31.78373908996582,32.217616407374614,31.5252607841918,32.189919787825396,17542237
2024-04-11,31.506797790527344,31.802202577000557,31.322168918605875,31.442178213580256,15610889
2024-04-12,31.654499053955078,31.848357777877162,31.229855128744035,31.516026524580617,16902959
2024-04-15,32.16222381591797,32.29146295725679,31.39601530440567,31.405248683931294,20938760
2024-04-16,31.543720245361328,32.042217135159646,31.53449038658852,31.84835840740567,16841680
2024-04-17,32.17145919799805,32.18992243871707,31.552956480674723,31.552956480674723,20848483
2024-04-18,32.21761703491211,32.494558585278966,31.774506328521696,32.05145140039142,20722418
2024-04-19,31.756046295166016,32.236076432900894,31.719119816416306,32.07914418046888,20122478
2024-04-22,32.873046875,33.21460801016078,31.783740368970857,31.83913008879542,30451835
2024-04-23,32.669952392578125,32.93766407009947,32.44840057232111,32.90997097294302,13810608
2024-04-24,32.39301300048828,32.826890332670594,32.217617504384094,32.7345741335345,15563082
2024-04-25,33.3161506652832,33.45462318994585,32.26377074665539,32.411473129594334,26005217
2024-04-26,33.546939849853516,33.583866330357104,33.09459926744209,33.159218847571864,27447495
2024-04-29,33.620784759521484,34.29468061265528,33.2884570442738,33.53770547183646,27489842
2024-04-30,33.4638557434082,34.128518280916815,33.242300390404374,34.02697222418602,24172816
2024-05-06,34.28544998168945,34.59931800583832,33.990045196784976,34.248523503200694,31034459
2024-05-07,34.4423828125,34.56238857508355,33.99004229340791,34.34083676608121,22543114
2024-05-08,34.03620529174805,34.433156175568676,33.87927302309967,34.39622969300322,15523385
2024-05-09,34.75625228881836,34.876258056508505,33.953117262877235,34.11928288745108,22416842
2024-05-10,34.839332580566406,34.95010848176705,34.59008416173815,34.7654796320977,12512748
2024-05-13,34.43315124511719,34.839335452169635,34.21159942445467,34.839335452169635,18866095
2024-05-14,34.949180603027344,35.249414888324665,34.26427091600064,34.71462234394662,23201957
2024-05-15,34.39562225341797,35.03362099118082,34.30180038336605,34.94917987650412,13491225
2024-05-16,34.1329231262207,34.573890274591164,34.10477369784461,34.517598575989865,16383496
2024-05-17,35.61532974243164,35.65285992764938,34.132923217085455,34.18921491583661,35565671
2024-05-20,35.92494201660156,36.478499623410364,35.455825521986476,35.746675458039945,24689850
2024-05-21,36.64738464355469,36.806882545935686,35.615326129222886,35.66223706644817,29837500
2024-05-22,36.14073944091797,36.65676693009477,36.12197434942924,36.63800183860604,15568181
2024-05-23,36.14073944091797,36.3377675329368,35.737298921598324,36.168885288613446,15592690
2024-05-24,35.63409423828125,36.04691553153656,35.55903744817819,35.96247798482389,15699966
2024-05-27,35.652854919433594,36.121971431531406,35.46520759877948,35.78420697016899,15714555
2024-05-28,35.31509017944336,35.63408954831604,35.164973039919445,35.4182963839426,11073529
2024-05-29,35.230648040771484,35.64347284676946,35.09929599489024,35.277558974432665,9627278
2024-05-30,34.66770935058594,35.36199975198012,34.48944279365584,35.36199975198012,16010714
2024-05-31,34.57388687133789,34.98671170884706,34.49883008756583,34.78968362498591,13886600
2024-06-03,34.949180603027344,35.014856629243944,34.26427091600064,34.667711407945475,15020813
2024-06-04,35.29632568359375,35.41829697997041,34.71462220553391,34.967945553820044,12207386
2024-06-05,35.38076400756836,35.59655715854361,35.16497085659311,35.277557809477,9726578
2024-06-06,35.02424240112305,35.71853287221047,34.89288676422461,35.38076839262193,15107264
2024-06-07,35.52150344848633,35.8405028250826,34.91165054117507,35.41829724148827,18285315
2024-06-11,34.79906463623047,35.54026961894868,34.480065249938775,35.52150452809915,13281359
2024-06-12,34.996089935302734,35.25879760720534,34.71462075311943,34.71462075311943,8037400
2024-06-13,34.245506286621094,35.15559348940518,34.020328780080426,34.996092009964904,12729765
2024-06-14,34.423770904541016,34.555126544025555,33.98280378446333,34.104771509657574,15452600
2024-06-17,34.28303527832031,34.423768083335716,33.954651575134534,34.15168322867597,11688537
2024-06-18,33.89836120605469,34.54574072413902,33.851450269221054,34.245506433513675,12149467
2024-06-19,34.1329231262207,34.19859916063918,33.7763935257522,33.964040872265905,8686014
2024-06-20,33.8608283996582,34.66770933530784,33.82329822147106,34.08600588970627,10228878
2024-06-21,33.68256378173828,34.10476573902313,33.19468222628675,33.70132529084349,13920671
2024-06-24,33.119625091552734,33.89836022084342,33.10086000154965,33.89836022084342,11616131
2024-06-25,33.3260383605957,33.757624704554324,33.1665368810001,33.41047947824631,14834777
2024-06-26,33.541831970214844,33.6168923331392,32.95074413894835,33.26974352322669,8849049
2024-06-27,33.04457092285156,33.81392177842188,33.04457092285156,33.588744259659116,8784267
2024-06-28,33.48553466796875,33.75762309846161,32.922596296464455,33.044567589284505,9687845
2024-07-01,33.119625091552734,33.485535398925485,32.38780447680724,33.19468545156507,11406125
2024-07-02,32.74433517456055,33.12901058539759,32.65050972126183,32.96950910432731,7844100
2024-07-03,32.293975830078125,32.88506357990238,32.28459507554264,32.75371154195801,10085891
2024-07-04,32.293975830078125,32.73494645381245,32.20015396842489,32.42533144709709,8909626
2024-07-05,32.293975830078125,32.52853406328581,31.834243697272843,32.293975830078125,12658402
2024-07-08,32.293975830078125,32.39718202534144,31.99374157789826,32.16262379213376,8620900
2024-07-09,32.50977325439453,32.575449274781214,31.862390226190556,32.340891036521725,11355047
2024-07-10,32.69742202758789,33.01642142401156,32.359661118793916,32.42533714931568,12803805
2024-07-11,32.931976318359375,33.297890188670976,32.7255674955776,33.11962363104037,9285423
2024-07-12,32.87568664550781,33.110244905971065,32.41595088020682,33.08209548094446,10023775
2024-07-15,32.55668640136719,33.15715495951501,32.51915622171422,32.86630143581688,8663171
2024-07-16,32.57545471191406,32.7161875309145,32.190779280125746,32.39718813047478,8654450
2024-07-17,33.41048049926758,33.54183255761039,32.415952147553895,32.566069296956414,18135647
2024-07-18,33.74824523925781,33.86083220740518,33.1853032403706,33.41048075574052,12976550
2024-07-19,34.039093017578125,34.114153377569124,33.51368481394095,33.701328555768534,11311257
2024-07-22,34.06724166870117,34.24550465102035,33.80453399377174,34.0766224239496,10447558
2024-07-23,33.4480094909668,34.367477445717626,33.40109497544964,34.19859521126594,9578503
2024-07-24,33.09148406982422,33.61689592927488,32.93198257108498,33.44801367370415,8481105
2024-07-25,33.09148406982422,33.269747082226445,32.84754144329962,32.88507162877655,7586348
2024-07-26,32.80062484741211,33.26036059257493,32.72556806847065,33.09147836611307,9098770
2024-07-29,32.13447952270508,32.92259536803076,32.08756858958178,32.838154256778914,9918286
2024-07-30,31.684131622314453,32.087572134074726,31.393278078301762,32.087572134074726,12226841
2024-07-31,32.885066986083984,33.14777466825815,31.646599672794956,31.69351060848053,16477798
2024-08-01,32.51915740966797,32.866302636452154,32.44410062669506,32.838156790221696,8477583
2024-08-02,32.28459930419922,32.69742056024946,32.24706912299236,32.397186268744726,5733282
2024-08-05,32.293975830078125,32.91321300165803,32.15324303759828,32.350271094514824,10288978
2024-08-06,32.369041442871094,32.70680592623135,32.22830504844593,32.594218958136324,7871250
2024-08-07,32.50977325439453,32.74433149265401,32.2376848390356,32.36903687980897,6712012
2024-08-08,33.063331604003906,33.354181535559945,32.41594856083773,32.519154760709135,10127313
2024-08-09,32.75371551513672,33.2885080653971,32.75371551513672,33.07271489415827,4667514
2024-08-12,32.3878059387207,32.791246444310026,32.3784216037581,32.65051005247185,4519205
2024-08-13,31.993741989135742,32.462858461580986,31.777948841299885,32.43471261853816,7790147
2024-08-14,31.665367126464844,31.98436652364261,31.487104125923683,31.97498576743528,6268100
2024-08-15,32.2470703125,32.275219738981036,31.571544921233563,31.674747554746688,7807322
2024-08-16,32.49101257324219,32.53792351144261,32.11571790948852,32.18139393878413,6438903
2024-08-19,32.21892166137695,33.07271355611654,32.172010726757726,32.40656897892876,5921517
2024-08-20,32.08757019042969,32.36903938228676,31.918687959500456,32.228302996820744,5366805
2024-08-21,32.162628173828125,32.41595152969303,31.956219334255863,31.993745936584855,4356807
2024-08-22,31.965600967407227,32.33151129845217,31.815483816745832,32.181394147790776,6100450
2024-08-23,32.434715270996094,32.46286111634064,31.89054197957683,31.965598760187273,6800386
2024-08-26,32.369041442871094,32.584834623001214,32.12510241548602,32.369041442871094,5520237
2024-08-27,31.890541076660156,32.39718417389215,31.61845264911669,32.36903832934449,7862698
2024-08-28,31.177486419677734,31.899926357859474,30.924163045582162,31.78733938461989,12545891
2024-08-29,33.438621520996094,33.48553245233836,31.637215988115663,31.89053931225347,31677233
2024-08-30,34.104766845703125,34.65832443820935,33.26035932465828,33.419857210750465,25414652
2024-09-02,34.010948181152344,34.33932831816793,33.851450280051935,33.86083103579164,14503990
2024-09-03,34.91164779663086,34.977323817907475,33.888973720798866,33.94526898721085,17036458
2024-09-04,34.71461868286133,35.30570643554824,34.48006044851767,34.93041182896854,18931996
2024-09-05,34.414390563964844,34.799065993698015,34.15168643997397,34.7240056273719,13305980
2024-09-06,34.08600997924805,34.79906555498019,34.04847979655814,34.41439013009669,8815288
2024-09-09,33.9171257019043,34.442533911748676,33.77638931479598,34.142299626387604,9776108
2024-09-10,33.992183685302734,34.086009139716595,33.6825686334248,33.935888412654414,7243402
2024-09-11,34.21736145019531,34.433154628332424,33.77639075887265,33.945272998993026,7156619
2024-09-12,34.04847717285156,34.480063503302674,33.87959494283592,34.2173594028672,8432501
2024-09-13,33.888980865478516,34.17045009873003,33.79515898075317,34.039098028484354,8478950
2024-09-18,34.3299446105957,34.3299446105957,33.58873970326379,33.87959321323669,8732472
2024-09-19,34.639564514160156,35.099300310343764,34.11415626603633,34.461301512700324,15181863
2024-09-20,35.24003219604492,35.64347266581762,34.44253201155421,34.63017932432113,22236378
2024-09-23,35.24003219604492,35.840500733639225,35.052384883278,35.211882772731265,12632650
2024-09-24,35.887413024902344,35.887413024902344,35.18373825970818,35.74667664023354,20985959
2024-09-25,36.168880462646484,36.82564426082001,36.09382368578152,36.48787981724078,19982705
2024-09-26,38.05473709106445,38.064117847583574,36.03753442729466,36.03753442729466,30128449
2024-09-27,40.043785095214844,40.77560569665252,38.64581633754363,38.81469856542538,54516981
2024-09-30,42.20172119140625,42.7458980658789,40.81313673874929,41.13213611159447,86042613
2024-10-08,41.89210510253906,46.32994678645209,40.963252852848015,46.32994678645209,141784648
2024-10-09,38.51446533203125,41.179047291902734,38.46755439614363,41.179047291902734,71399304
2024-10-10,39.07740783691406,39.93119976647155,38.56137679783396,38.94605220391865,48460769
2024-10-11,39.152462005615234,40.23143136919746,38.73025644686241,39.874901833020104,42052565
2024-10-14,40.79437255859375,41.26348908329572,39.471464102097215,39.471464102097215,51296033
2024-10-15,39.85614013671875,40.794373200895016,39.83737504594621,40.794373200895016,35727463
2024-10-16,39.743553161621094,40.10946348391001,39.12431948257637,39.405788685946675,22687549
2024-10-17,39.368255615234375,40.3909297230516,39.35887486007635,39.781080423684344,20098005
2024-10-18,39.893672943115234,40.43784629502294,39.124322066196356,39.48085165618265,31790129
2024-10-21,39.687255859375,40.09069634256463,39.29319971062695,39.90304902355726,37098605
2024-10-22,40.70992660522461,40.756837536307444,39.40578339411881,39.66848747144238,31194808
2024-10-23,40.62548828125,41.37607396722837,40.47537114405432,40.70992939461475,31415643
2024-10-24,40.48475646972656,40.8881969568957,40.27834405887492,40.390931019759925,15838792
2024-10-25,40.71931076049805,41.32916002005246,40.484752527036825,40.49413328158244,23504663
2024-10-28,40.512901306152344,40.80375482519239,39.96872444712417,40.80375482519239,24251061
2024-10-29,40.39093017578125,40.6911644512511,40.15637192437825,40.512901468651776,21032438
2024-10-30,41.47928237915039,42.21110659364389,40.991400762513074,41.563723497012134,49328970
2024-10-31,41.901485443115234,42.17357387083526,40.71931344337367,41.563720992024834,32359653
2024-11-01,42.53010559082031,42.78342536304486,41.72322460054944,41.75137044655772,36841410
2024-11-04,43.13057327270508,43.44018830960747,42.220486093823126,42.558250555225705,29752917
2024-11-05,43.243160247802734,43.421423234013155,42.78342449094698,43.064897261592314,32249166
2024-11-06,42.83034133911133,43.327603723948904,42.50195761515762,43.327603723948904,29926244
2024-11-07,43.30461883544922,43.3239739309676,42.33670159783562,42.588358454998215,33257547
2024-11-08,43.478843688964844,44.03055995127269,43.169110445890105,43.478843688964844,32313493
2024-11-11,42.96584701538086,43.130394871247724,42.036647322533454,43.05295971735476,29913759
2024-11-12,43.217506408691406,44.61130591040548,42.97552709776326,43.130393709064826,33867566
2024-11-13,43.594993591308594,43.71114262683574,42.62707634652276,43.052958604996476,22607160
2024-11-14,42.58835983276367,43.36269290944256,42.49156958279557,43.28526144793035,21445354
2024-11-15,41.543006896972656,42.58835930681295,41.49461177258627,42.346379992569695,25919148
2024-11-18,40.962257385253906,41.891457051401034,40.894503473700134,41.543006253518044,19671771
2024-11-19,40.962257385253906,41.591405069466106,40.46862121646051,40.942898597336935,23848629
2024-11-20,40.68156433105469,41.23327691556933,40.36215353111486,41.13648665917825,21063741
2024-11-21,40.758995056152344,40.904180424945324,40.26535520224707,40.85578530201433,18573730
2024-11-22,39.839473724365234,41.039692734826495,39.791078600495055,40.768673394993215,20737960
2024-11-25,40.65252685546875,40.942901308831225,40.06209670798853,40.362152402106275,27324717
2024-11-26,40.720279693603516,41.30102858495547,40.168567139125734,40.66220332754376,20385084
2024-11-27,40.51701736450195,40.710601556254865,39.71364426103632,40.3137556247015,23664862
2024-11-28,39.733001708984375,40.82674921702432,39.39423215407923,40.81706797699205,27467670
2024-11-29,39.89754867553711,39.95562134520033,39.21032464859611,39.68460570727557,23481961
2024-12-02,39.868507385253906,40.23631694814942,39.30711733986594,39.66524566325022,27349540
2024-12-03,39.77172088623047,39.93626505029364,39.41359252914898,39.83947479994017,17417177
2024-12-04,39.2103271484375,39.6846082373546,39.08450056127106,39.6846082373546,21526178
2024-12-05,38.92963409423828,39.161932173213415,38.80380381427844,39.016746796931805,12955398
2024-12-06,39.2780876159668,39.549103290913614,38.8618828624061,39.00706824870833,19799646
2024-12-09,39.52006530761719,39.887871224793784,38.95867149880318,39.278085981537664,19787895
2024-12-10,40.01369857788086,41.31070781837574,39.92658587917929,40.826749201658416,32923748
2024-12-11,39.72332000732422,40.30406880994914,39.626526078679504,40.01369440863668,16128042
2024-12-12,40.826751708984375,40.87514683516599,39.54910117777016,39.771721712054756,28341490
2024-12-13,40.20728302001953,40.797713126958264,40.05241640937259,40.36214963066647,27591083
2024-12-16,38.910274505615234,40.17824375037108,38.7166903155751,40.149207414174015,24968714
2024-12-17,39.09417724609375,39.15225361048828,38.571501043476886,38.71669010830756,13840045
2024-12-18,38.813480377197266,39.24904387960852,38.73604891694154,39.14257239098452,13254455
2024-12-19,39.89754867553711,39.89754867553711,38.24240743622354,38.60053946326541,16759569
2024-12-20,38.95866775512695,39.65556932880792,38.95866775512695,39.43294881328453,19051703
2024-12-23,39.3458366394043,39.95562183216686,38.9102731500659,38.9102731500659,23717521
2024-12-24,39.87818908691406,40.12016838514496,39.2103238607177,39.29743655577327,19417661
2024-12-25,39.39423370361328,39.88786988765051,39.19097196267509,39.85883355103402,16700717
2024-12-26,39.05546188354492,39.44263028349773,39.03610678662764,39.3942351565815,15108070
2024-12-27,39.3458366394043,39.46198567245747,38.90059191012994,39.055458518304576,14282421
2024-12-30,39.558780670166016,40.42022651239277,39.210329836835726,39.30712378626727,24570671
2024-12-31,39.00706100463867,39.55877349321329,38.91994831211052,39.46198325365355,19460595
2025-01-02,37.826210021972656,39.036106652271506,37.64230337108788,39.00706662237251,18964093
2025-01-03,38.1843376159668,38.65861501772683,37.61326627035982,37.826209254511674,20772247
2025-01-06,38.43599319458008,38.76508520798519,38.01011093288987,38.600541047438284,14633069
2025-01-07,38.94898986816406,38.98770375012248,38.08754045606714,38.3585597836427,16064032
2025-01-08,38.60054397583008,38.842523307211614,38.05850894430327,38.80380572803579,13700094
2025-01-09,38.52310562133789,38.75540738480791,37.990751874928534,38.33920267397794,9315937
2025-01-10,37.932674407958984,38.65861232076565,37.932674407958984,38.52310450114486,12682700
2025-01-13,38.126258850097656,38.13594009002875,37.50679241771042,37.55518754043233,12393725
2025-01-14,39.200645446777344,39.25872180630082,37.99074898237063,38.18433315513791,18189131
2025-01-15,39.29743957519531,39.56845892080924,38.91027488366469,39.229685661869674,13497365
2025-01-16,38.14562225341797,38.968350516177246,38.12626346352448,38.968350516177246,19831696
2025-01-17,38.43599319458008,38.61989983555756,37.79716795588912,38.10690118117496,10891669
2025-01-20,38.25209045410156,38.94899206094325,38.232731665876926,38.69733150633427,14293743
2025-01-21,37.80685043334961,38.52310715564618,37.73909651887051,38.32952296042958,16027804
2025-01-22,37.71005630493164,37.80685024822168,37.293851579562975,37.75845143042096,15278415
2025-01-23,37.40999984741211,38.25208674583734,37.390641061064166,37.95203109591067,19039495
2025-01-24,37.293853759765625,37.65198583240811,37.19706350312862,37.50679675514098,20118761
2025-01-27,38.048828125,38.37792013508271,37.35192652898691,37.41000289275842,24497414
2025-02-05,38.048828125,38.1165820365778,37.700377326993454,38.08754200853642,15778661
2025-02-06,38.861881256103516,38.90059514213027,37.845565132437684,37.845565132437684,18939343
2025-02-07,39.200645446777344,39.44262473965868,38.61021538137711,38.842517127160036,20058101
2025-02-10,39.17161178588867,39.37487351962311,38.83283853735337,39.10385787464386,16317614
2025-02-11,39.12321472167969,39.37487528240815,38.89091664195801,39.171613539573826,14914831
2025-02-12,38.83283996582031,39.268403477210065,38.59086064752727,39.181290774932116,15721046
2025-02-13,39.01674270629883,39.258722000376395,38.80379974597105,39.02642025344509,15684927
2025-02-14,39.2780876159668,39.37487787350162,38.91027799117351,39.05546337747574,16769888
2025-02-17,39.03610610961914,39.587818669980976,38.8425219130001,39.46198838833188,15855900
2025-02-18,39.103858947753906,39.15225407249811,38.47471124914524,39.04578258267406,24207881
2025-02-19,39.92658615112305,40.30407328396387,38.81347984816723,38.87155621180092,45372472
2025-02-20,40.720279693603516,41.61076551162944,39.9556241558847,39.97498294457128,36552017
2025-02-21,40.846107482910156,41.45589636625971,40.66220084775885,40.75899478528879,32597116
2025-02-24,40.20728302001953,41.17520025964074,40.120170320761176,40.797713126958264,24849731
2025-02-25,39.5781364440918,40.023377500613435,39.520063771169795,39.97498237574131,18203685
2025-02-26,39.43294906616211,39.83947252520889,39.220006096769325,39.684605918098995,20022993
2025-02-27,40.31375503540039,40.52669432013567,39.22968505435539,39.49102315555492,35059082
2025-02-28,40.381507873535156,40.93322039728827,40.20728247736984,40.34279029831816,33791261
2025-03-03,40.768672943115234,41.301026684409145,40.37182702408037,40.38150826413386,26451164
2025-03-04,40.478302001953125,40.92354308272269,40.265359010145275,40.65252741483018,15223442
2025-03-05,40.846107482910156,41.13648191087765,40.31375374958456,40.53637426743668,21820338
2025-03-06,41.01065444946289,41.34942771557334,40.67188487566387,41.0493720271289,23900633
2025-03-07,40.788028717041016,41.213914632455975,40.61380333206416,40.89450019589476,15033058
2025-03-10,40.79771423339844,41.08808867469755,40.284715571714955,40.78803299304537,19113722
2025-03-11,40.97193908691406,41.07840688318988,40.468621672336724,40.64284707324085,21633410
2025-03-12,41.659156799316406,41.804342162623406,40.517014218208224,40.9719364796545,33051902
2025-03-13,42.24959182739258,42.24959182739258,41.33974719788848,41.42685990300458,34441669
2025-03-14,42.68514633178711,42.78194026556083,41.949530896662,42.394771915088015,35679647
2025-03-17,42.25926971435547,43.02392527735444,42.10440309205416,42.97553015019369,21064999
2025-03-18,42.104400634765625,42.36573873695532,42.046324270175255,42.259267248028635,14009897
2025-03-19,42.104400634765625,42.259267248028635,41.86242132077272,42.046324270175255,12744324
2025-03-20,41.659156799316406,42.046321460446144,41.54300407789753,42.00760757895091,13782547
2025-03-21,41.359107971191406,42.0850459845474,41.14616497240058,41.620446099076965,15627797
2025-03-24,41.155845642089844,41.823707275870795,40.97194267715899,41.28167592983812,14565650
2025-03-25,40.94289779663086,41.37846128546643,40.77835364102141,41.26231225254734,10793857
2025-03-26,40.826751708984375,41.09776736945059,40.57509114514165,40.88482807578919,12099490
2025-03-27,40.97193908691406,41.09776567132493,40.67188340928777,40.72995977369292,9038072
2025-03-28,40.69124221801758,40.97193910765089,40.45894045259073,40.86546761900989,10455661
2025-03-31,41.73659133911133,42.52060565123062,40.797714104944035,40.87514556596804,33797276
2025-04-01,42.356056213378906,42.636753095260715,41.5236505000054,41.736589779095745,20944019
2025-04-02,41.93017578125,42.63675494426551,41.80434550248217,42.26894534834259,15371526
2025-04-03,42.0269660949707,42.13343758545035,41.213919132714544,41.23327422888233,17763115
2025-04-07,38.78444290161133,40.60412831804775,38.01978740787923,40.12984725328787,46120600
2025-04-08,39.87818908691406,40.12016838514496,39.07481604447817,39.200646313405336,31453948
2025-04-09,39.54909896850586,39.974981224349776,39.16193059605776,39.52974018065233,26111023
2025-04-10,40.94289779663086,41.28167104008572,39.73300126781605,40.06209327134613,29563371
2025-04-11,40.536376953125,40.797715063303734,40.30407517997343,40.749316245176566,15589516
2025-04-14,41.27198791503906,41.41717696878972,40.478296123773774,40.633162724696,17832356
2025-04-15,40.87514877319336,41.34942989380794,40.71060459791199,41.184882026214936,13823593
2025-04-16,40.91386413574219,41.03969441681073,40.323434000318336,40.65252602535894,16661597
2025-04-17,41.0009765625,41.14616193908104,40.37182885371461,40.65252575100725,11605900
2025-04-18,41.68819808959961,41.95921375384111,40.8945061937682,41.00097768823779,17911841
2025-04-21,41.465572357177734,41.697874106217476,41.310705755254915,41.688192866672345,9728857
2025-04-22,42.007606506347656,42.26894089208968,41.44621277742398,41.465571563832825,17622110
2025-04-23,41.82370376586914,42.191513357174514,41.74627230535351,42.0172879556252,11016093
2025-04-24,42.007606506347656,42.2495857979918,41.630115709841576,41.736587188934756,11073171
2025-04-25,41.96889114379883,42.25926557060202,41.862419659098386,41.988249931227195,9292240
2025-04-28,41.8333854675293,42.24959018778639,41.76563155421408,41.91081692889896,9310132
2025-04-29,41.96889114379883,42.152794085901576,40.700918259574465,41.726911839410974,15617888
2025-04-30,42.12376022338867,42.84001693872349,41.63980158620679,41.93985727049165,16685432
2025-05-06,42.394775390625,42.57868203371628,41.717232567907914,42.297985141227414,21685451
2025-05-07,42.520606994628906,42.83034023313331,42.30766400854033,42.70450995114357,13684122
2025-05-08,42.13343811035156,42.685150665790864,42.123760562147105,42.39477621960882,12311623
2025-05-09,42.26894760131836,42.34638275924481,42.05600830164373,42.13343976725862,11203402
2025-05-12,41.765628814697266,42.64643332233213,41.68819366609542,42.588356960880745,15428050
2025-05-13,41.97856903076172,42.16247566666255,41.7753072995872,42.056004181101265,10440499
2025-05-14,42.57868194580078,42.72386731959738,41.6398010208752,42.00761061398697,16721090
2025-05-15,42.37541580200195,42.76258417690308,42.35605701402577,42.49156852985905,13827325
2025-05-16,41.765628814697266,42.55932062631061,41.73658878781602,42.278623751095594,8918053
2025-05-19,41.62044143676758,41.939855899173104,41.407498461830556,41.78498559571981,9960608
2025-05-20,44.379005432128906,44.611307201962326,41.53332998245986,41.57204755948399,50039866
2025-05-21,45.00815200805664,45.201736196015915,44.13702500839555,44.67905999621926,27442616
2025-05-22,44.76617431640625,45.18237904327343,44.37900592647493,44.882323356461086,16170325
2025-05-23,44.16606903076172,44.74681795484844,44.040238743362,44.72745916507067,14567009
2025-05-26,44.1563835144043,44.562910675753486,43.507880735040565,44.1563835144043,20307117
2025-05-27,43.914405822753906,44.61130744371945,43.7498616579767,43.943445851835065,13742175
2025-05-28,45.182376861572266,45.68569426725496,43.90472640572822,43.90472640572822,21205425
2025-05-29,45.02751159667969,45.37596240273963,44.76617349213473,45.104943057853376,15116543
2025-05-30,44.66938018798828,45.68569250795763,44.66938018798828,44.86296067384066,22482056
2025-06-03,46.38259506225586,46.52778413361251,44.37900655447821,44.42740537313807,40038176
2025-06-04,45.73408889770508,46.63425221266385,45.63729865209473,46.26644263318438,19837664
2025-06-05,45.859920501708984,46.653612354142716,45.75344901306107,45.75344901306107,17605696
2025-06-06,45.39531707763672,46.12125496037732,45.308204384015404,45.97606590690479,13160700
2025-06-09,45.279170989990234,45.71473452189394,44.97911898425444,45.463077643633774,14808415
2025-06-10,44.950077056884766,45.64697867851925,44.756496555151976,45.25981029043089,13156122
2025-06-11,45.39531707763672,46.053501053373076,44.95975360953015,45.10493897069167,18356724
2025-06-12,47.215003967285156,47.41826940323382,45.1726979057482,45.269491849607434,32524392
2025-06-13,47.418270111083984,47.70864456237347,46.65361455858285,46.84719875687967,23076528
2025-06-16,48.20227813720703,48.560406484564645,47.00206281924211,47.379549954607064,27052679
2025-06-17,48.08613204956055,48.5894494916752,48.00869689278376,48.4926555457042,19556942
2025-06-18,48.54104995727539,48.879819506634526,47.91190228868137,48.289389412913316,18519905
2025-06-19,47.58281326293945,48.492654175489164,47.398910309258206,48.395863924564594,20056380
2025-06-20,49.02500915527344,49.48960898239565,47.8538265013222,47.8538265013222,30604857
2025-06-23,48.299072265625,48.9572562911966,47.87318631242497,48.63784182629658,20412936
2025-06-24,49.073402404785156,49.31538170294257,48.366823297242846,48.589443808470335,18955109
2025-06-25,48.67656326293945,49.07340921933292,48.105491892294054,49.07340921933292,19992815
2025-06-26,47.57313537597656,48.05709401177567,45.97607040091497,47.23436211553037,38455479
2025-06-27,47.127891540527344,47.64089021521312,47.03110128841154,47.39891089261218,17798529
2025-06-30,47.19564437866211,47.63120788786834,47.04077776342338,47.13757170564219,14793169
2025-07-01,47.62152862548828,48.06676966673261,47.17628758424395,47.20532391970865,13050680
2025-07-02,46.72136688232422,47.87318709986453,46.65361296907545,47.86350955181957,16169397
2025-07-03,45.92767333984375,46.711683933711235,45.676012792141904,46.69232883832913,26167729
2025-07-04,46.37291717529297,46.7116867495695,45.82120461586466,45.976071234435565,17362313
2025-07-07,46.227725982666016,46.643930693275614,46.10189939931801,46.45035019818291,8754954
2025-07-08,46.198692321777344,46.34388139381461,45.66633854482648,46.237409899962145,17626529
2025-07-09,46.14061737060547,46.60522093845933,45.98575074542471,46.16965740129108,12288403
2025-07-10,46.60521697998047,47.408586376022974,46.17933102767291,46.208371055891966,27464645
2025-07-11,45.83087921142578,47.040775744909155,45.73408896567159,46.71168374010923,24148957
2025-07-14,45.95671463012695,46.237411543476966,45.60826379870095,45.60826379870095,14430102
2025-07-15,45.45339584350586,46.101902359097124,45.28885167365094,46.05350723221694,17725544
2025-07-16,45.53083038330078,45.666338213653404,45.11462565161117,45.46307646812446,13591583
2025-07-17,45.29633712768555,45.833717423929585,45.22794347510037,45.56991173802625,19147669
2025-07-18,46.615360260009766,46.76192021185584,45.28656295080999,45.30610452620109,24570655
2025-07-21,46.50788116455078,47.17227978637358,46.34178337268219,46.65444110916654,14363522
2025-07-22,46.66421127319336,46.70329442308634,45.86302533625879,46.45903032701667,17647988
2025-07-23,46.53719711303711,46.86939643624975,45.92165054090131,46.752146985345746,19890032
2025-07-24,46.72283935546875,46.97687612085355,46.34178793456615,46.507885742785405,15578941
2025-07-25,46.849853515625,47.7487435836945,46.21476538657754,46.72283514438066,22314130
2025-07-28,46.488346099853516,47.11366161025042,46.273392495464165,46.89870800586107,14110999
2025-07-29,46.400413513183594,46.54696974773549,45.87280212357761,46.33201613111646,16038986
2025-07-30,46.58605194091797,47.42632108619124,46.41018148134103,46.56651036461225,22037502
2025-07-31,44.94459533691406,46.566508845637465,44.846891185747076,46.273392664962046,25678684
2025-08-01,45.11069107055664,45.902108076542895,44.74918125520828,45.071611648186696,21879886
2025-08-04,45.3745002746582,45.423356078982316,44.95436570225793,45.1106945854412,12199230
2025-08-05,45.530826568603516,45.60899286933729,45.18885832082915,45.37449769431033,11353667
2025-08-06,45.354957580566406,45.60899433896246,45.15954927678419,45.5503696115231,12087000
2025-08-07,46.03889846801758,46.234310501702176,45.364730865338984,45.47220767022424,20166567
2025-08-08,46.488346099853516,46.73261020405071,45.79463321128091,45.99004524007355,18370893
2025-08-11,46.01935577392578,46.48834613424485,45.7360122455,46.41017983180019,16216942
2025-08-12,45.804405212402344,46.117062963162134,45.61876211045632,45.99981723842081,12775951
2025-08-13,45.72623825073242,46.01935442193965,45.34518685544558,45.8727981999232,19535425
2025-08-14,45.62853240966797,46.10728793520147,45.579680337475146,45.72623655405361,14933023
2025-08-15,45.44289016723633,45.61876061215924,45.19862607452942,45.53082538969778,19712759
2025-08-18,45.70669937133789,46.009588211514284,44.84689238204445,45.48197683591975,27165187
2025-08-19,45.560142517089844,46.17568538635056,45.31587840882542,45.66761932107411,25068301
2025-08-20,46.898704528808594,47.015950246521854,45.19862484968265,45.53082415584868,33586566
2025-08-21,47.0843505859375,47.43609151625473,46.517659763784515,46.898711195903275,21461724
2025-08-22,46.82054138183594,47.28953173858628,46.58604993063518,47.084347059817595,21185264
2025-08-25,47.23090744018555,47.48494046915071,46.69352715520868,47.10388906211574,21809703
2025-08-26,47.8366813659668,48.46199687759913,47.074578552061695,47.191824278699144,30453595
2025-08-27,46.81077194213867,47.89530514172724,46.72283671711327,47.80736991670184,24023404
2025-08-28,47.28953170776367,47.309069556038985,46.4199483725356,46.68375405034532,19502584
2025-08-29,43.54740524291992,46.820542826823825,42.873237640943394,46.820542826823825,166895272
2025-09-01,41.81801223754883,43.557175125057974,41.6909938647861,43.547402474059304,141435987
2025-09-02,40.86050033569336,41.93526093705821,40.72371302939324,41.81801520696876,79509012
2025-09-03,41.06568145751953,41.34902872293276,40.74325476670501,41.06568145751953,60981436
2025-09-04,40.762794494628906,41.27086427355343,40.635776118104175,41.2024668960598,54830802
2025-09-05,41.055912017822266,41.10476409434186,40.518531721757675,40.82141683248388,45423026
2025-09-08,41.603065490722656,41.74962172213167,40.899583653000754,41.05591253614178,57425338
2025-09-09,41.11453628540039,41.62260234812243,41.03636998210501,41.612833423797746,39297960
2025-09-10,41.11453628540039,41.21224043734513,40.91912425433642,41.124305209725065,26725036
2025-09-11,40.97774124145508,40.997282815365104,40.626004092596894,40.88003709907905,47685665
2025-09-12,40.762794494628906,41.016827520503966,40.64554504221789,40.9777443697003,37666755
2025-09-15,40.70417022705078,40.928892755942314,40.58692450049312,40.76279495391683,33068624
2025-09-16,40.69429016113281,40.961041249702866,40.61525489532794,40.802966949304526,31415759
2025-09-17,40.57573318481445,40.802964743805354,40.368261383403855,40.694287961507875,38780466
2025-09-18,40.042232513427734,40.57573468140843,39.93355572712183,40.407782388963696,38143920
2025-09-19,40.58561706542969,40.793088877664495,40.042233125592915,40.05211488929282,39848132
2025-09-22,39.83475875854492,40.4868156757406,39.686562462859754,40.38802065780939,39299727
2025-09-23,39.5778923034668,39.88415914240258,39.23210217820595,39.69644708728747,38801915
2025-09-24,39.90391540527344,40.0916312127318,39.41981454862338,39.57788883613193,32224801
2025-09-25,39.59764862060547,39.894037438790825,39.508731598271034,39.85451792468923,29613103
2025-09-26,39.5877685546875,39.63716606503785,39.10366767695015,39.51861128643931,38139089
2025-09-29,39.508731842041016,39.68656211901881,39.16294174470098,39.508731842041016,30711747
2025-09-30,39.844642639160156,40.02247292712947,39.41981725565953,39.51861227884121,33559919
2025-10-09,39.96319580078125,40.12127009273735,39.22222185058922,39.558130192094474,45898050
2025-10-10,40.674530029296875,40.90176536727392,39.864398776089764,39.96319756842513,57081133
2025-10-13,40.50657653808594,40.69428858479127,39.716205066710245,39.88415735553263,37914872
2025-10-14,40.23982620239258,40.75356861046396,40.1113896581776,40.51645528028158,37828034
2025-10-15,40.516456604003906,40.55597612179021,40.13115072755909,40.3089847888088,22807234
2025-10-16,40.35837936401367,40.644890193926635,40.17066732137503,40.50657566053096,25951671
2025-10-17,39.60752868652344,40.41765992404089,39.5778909337911,40.21018811733755,30564365
2025-10-20,39.844642639160156,40.06199244391757,39.735965852387174,39.844642639160156,18666692
2025-10-21,39.844642639160156,39.96319742073588,39.71620609399313,39.87428039235695,22220198
2025-10-22,39.69644546508789,39.91379903386746,39.637166191205694,39.71620522304862,16117112
2025-10-23,39.47909164428711,39.755724485182945,39.25186008237197,39.64704770148691,28438777
2025-10-24,39.400054931640625,39.68656198772636,39.29137815194438,39.48897195422953,30008253
2025-10-27,40.09163284301758,40.19042786343221,39.498851414164434,39.51861117200505,36842333
2025-10-28,39.97307586669922,40.1706696840813,39.86439907869964,40.091634418401625,21458283
2025-10-29,40.259586334228516,40.28922408748064,39.716206168137745,39.98295725377253,25365279
2025-10-30,40.43741989135742,40.872123265097734,40.111389534460805,40.308983347538586,40821724
2025-10-31,39.844642639160156,39.92367790394779,39.36053798047739,39.637167060416935,56476451
2025-11-03,39.52848815917969,39.874278259395616,39.33089812338584,39.735963726824586,33118777
2025-11-04,39.37041473388672,39.54824878503728,39.22222220378688,39.409934249428716,31695677
2025-11-05,39.1530647277832,39.27161950499034,38.98510867201704,39.22222199521973,26766588
2025-11-06,39.548248291015625,39.597649569220245,39.03450590175241,39.113544931849084,35474712
2025-11-07,39.49885177612305,39.79524060887143,39.350659244143095,39.42969450744137,29677959
2025-11-10,40.308982849121094,40.378140117524914,39.36053708062141,39.51861137537136,36248092
2025-11-11,40.0224723815918,40.44729775930172,39.923677359756766,40.30898322121728,23064740
2025-11-12,39.91379928588867,40.09163333986965,39.83476025354668,40.02247230217616,17701677
2025-11-13,40.09163284301758,40.13114858991036,39.71620498162277,39.90391702792595,23193790
2025-11-14,39.80512237548828,40.269463498275776,39.71620534877774,39.913799160222105,20277711
2025-11-17,39.281497955322266,39.80512211757534,39.232100444978364,39.80512211757534,26566037
2025-11-18,39.16294479370117,39.39017636569585,39.04439001022321,39.2321020647957,17491748
2025-11-19,39.20246124267578,39.3506575370151,39.10366622564178,39.182701485511316,16847839
2025-11-20,39.1530647277832,39.380296287758725,39.1234232068901,39.19258047432664,16704416
2025-11-21,38.63932418823242,39.15306660582373,38.33305358290243,38.7677607348274,36992609
2025-11-24,38.93571090698242,38.93571090698242,38.28365398343544,38.639322081513505,21141004
2025-11-25,38.77763748168945,39.02462880322888,38.6590827026113,38.79739723966723,17137277
2025-11-26,38.77763748168945,38.906074024150726,38.58992543408334,38.74799972911703,21343949
2025-11-27,38.32317352294922,38.75787688266164,38.32317352294922,38.698597610014694,25672245
2025-11-28,37.908226013183594,38.273775873318584,37.86871026701872,38.214496600888715,28768564
2025-12-01,37.94774627685547,37.94774627685547,37.64147568310756,37.839069492984,26106105
2025-12-02,37.45376205444336,37.97738242502707,37.45376205444336,37.957622667995274,31963201
2025-12-03,37.54268264770508,37.63159967841172,37.34508882738048,37.35497059123047,17930753
2025-12-04,37.40436553955078,37.54268007365811,37.216649727157915,37.52292031610158,14712261
2025-12-05,37.760032653808594,37.760032653808594,37.37472681346986,37.38460480759647,18283774
2025-12-08,37.62171936035156,37.87858867276078,37.56244008727786,37.83906915737831,19098200
2025-12-09,37.05857467651367,37.641474321733895,37.04869668233191,37.62171833337037,26899617
2025-12-10,37.3549690246582,37.38460677738793,36.58435353458878,36.959781400582166,22401800
2025-12-11,36.63375473022461,37.3450871756272,36.59423521414988,37.246292154228875,27537227
2025-12-12,36.97954177856445,37.028939290204896,36.633755428292766,36.73255045157366,24163971
2025-12-15,36.959781646728516,37.33520951522219,36.732550080447446,36.75230983866169,18823420
2025-12-16,37.1771354675293,37.2364109737809,36.75231008504626,36.95978189450396,18469303
2025-12-17,37.4735221862793,37.6217184811059,37.009177313358386,37.05857482203781,27945640
2025-12-18,37.73039245605469,37.8291912447245,37.30556708674559,37.35496836547471,22410524
2025-12-19,37.39448547363281,37.908227887055126,37.39448547363281,37.740275593384204,28798538
2025-12-22,37.84895324707031,37.888468996093266,37.46364360159013,37.51304488324896,22434382
2025-12-23,37.80943298339844,38.02678655828592,37.74027571298671,37.858830495294164,16697871
2025-12-24,37.73039245605469,37.898348512399146,37.62171944170055,37.76991197152261,11805699
2025-12-25,37.81930923461914,38.02678480507734,37.75015196739588,37.79954947701415,13579190
2025-12-26,38.02678680419922,38.15521958220094,37.76991371061856,37.81931122283373,18400221
2025-12-29,38.16510009765625,38.26389511885532,37.85882950187757,37.957624523076646,22505845
2025-12-30,37.91810989379883,38.19473897634278,37.829192864582765,38.16510122286695,14313895
2025-12-31,37.858829498291016,38.02678555685969,37.720514961110034,37.93786853027356,11857204
2026-01-05,37.7896728515625,37.888467874377966,37.6217205590185,37.858830121291035,22581155
2026-01-06,38.619564056396484,38.66896156805914,37.85883031666817,37.86871208027383,33016423
2026-01-07,38.43185043334961,38.67884175035368,38.27377614121854,38.67884175035368,25182376
2026-01-08,38.43185043334961,38.43185043334961,38.184859116345535,38.333051645274935,19391108
2026-01-09,38.501007080078125,38.560282583179166,38.303413275901846,38.32317303319831,22611254
2026-01-12,38.540523529052734,38.698597821520146,38.34293349005978,38.540523529052734,27938016
2026-01-13,38.461490631103516,38.896194019909196,38.283656570049224,38.580045415543495,29626896
2026-01-14,38.0860595703125,38.72823848925833,37.95762303276567,38.352810639622845,31141348
2026-01-15,38.71835708618164,39.44945303502723,38.41209026836917,38.431850025774544,47406310
2026-01-16,38.342933654785156,38.92583331741076,38.135458082889755,38.74799926652238,30988616
2026-01-19,38.41209030151367,38.49112556241502,37.91810767231803,38.34293303492935,30762085
2026-01-20,39.32101821899414,39.59765106600076,38.244135890345625,38.412091951255555,61508306
2026-01-21,39.024627685546875,39.51861031447785,38.93571066158776,39.37041401828321,31392878
2026-01-22,39.19258117675781,39.597650562986544,39.034506881385724,39.044388644790004,30415375
2026-01-23,38.67884063720703,39.32101578166329,38.55040410080046,39.24198052226653,40629477
2026-01-26,38.283653259277344,38.6887188591401,38.095941219415,38.67884086495295,35880303
2026-01-27,37.40436553955078,38.392330804647045,37.394483776378316,38.37257104709051,39895151
2026-01-28,37.226531982421875,37.53280257541408,37.107977204303914,37.41424402850768,38981817
2026-01-29,37.66123580932617,37.799550346955954,36.860986336242846,37.19689468568168,36729370
2026-01-30,37.04869842529297,37.799550388445304,36.94002164023929,37.700755366826584,29405451
2026-02-02,36.91038513183594,37.266053251715206,36.801708343118534,37.04869967428041,23440831
2026-02-03,37.216651916503906,37.24629343897663,36.821468048490935,36.96966058570007,21598108
2026-02-04,38.00702667236328,38.11570345944272,37.04869911588667,37.147494139346946,37031286
2026-02-05,38.74800109863281,39.083909458550366,37.888468555768455,37.98726734914927,54393558
2026-02-06,38.392330169677734,38.94558829695675,38.30341314653813,38.54052269571819,28976339
2026-02-09,38.501007080078125,38.62943984932261,38.32317303319831,38.560282583179166,22846629
2026-02-10,38.352813720703125,38.580045293824774,38.28365644926561,38.510888022387256,16899415
2026-02-11,38.095943450927734,38.38245052459729,37.97738490100736,38.34293477674571,20255385
2026-02-12,37.720516204833984,38.10582207648205,37.64147717024535,38.086062317834894,21926068
2026-02-13,37.384605407714844,37.671116236233544,37.335207898712255,37.671116236233544,19094678
2026-02-24,37.196895599365234,37.582201469023644,37.15737608227499,37.503162434843155,25384266
2026-02-25,37.147491455078125,37.463640029852456,37.107975709822554,37.21664872026074,32246444
2026-02-26,37.04869842529297,37.37472878045403,36.86098637670201,37.19689472650954,35190081
2026-02-27,37.41424560546875,37.680996694068696,36.99930198017235,37.0486994924045,34355776
2026-03-02,36.584354400634766,36.8511054878825,36.41640210613911,36.8511054878825,45411171
2026-03-03,36.584354400634766,37.01906155116674,36.554716647203435,36.64363367628601,29128448
2026-03-04,35.8532600402832,36.396640177257844,35.59638696323372,36.38676218296595,37278955
2026-03-05,36.2780876159668,36.34724488659597,35.95205725261045,36.15952906449799,20995137
2026-03-06,36.80170822143555,36.900503246058186,36.03109647677086,36.189170777440246,23422920
2026-03-09,36.465797424316406,36.65350946606961,35.863138015545125,36.13977084981996,24057421
2026-03-10,36.87086486816406,36.93014414320715,36.56459426695761,36.61399554722112,17173462
2026-03-11,36.87086486816406,37.02893916615707,36.752310086866444,36.86098687338449,16154606
2026-03-12,36.890625,36.979542029070565,36.59423615936097,36.76218845383394,16283864
2026-03-13,37.601959228515625,37.72051400469498,37.40436542235778,37.601959228515625,42150051
2026-03-16,37.24629211425781,37.641475968215495,37.167253082193184,37.5426809469232,19089548
2026-03-17,37.038818359375,37.61183623653874,36.94990133737514,37.25616814853932,17718146
2026-03-18,36.67327117919922,37.127738085177114,36.455921374206554,37.038821056701934,19024868
2026-03-19,36.12989044189453,36.594235335339086,36.060733172928984,36.406519517756735,15914516
2026-03-20,36.34724426269531,36.85110490702893,36.31760274094261,36.31760274094261,23979425
2026-03-23,34.85541534423828,36.06073424274796,34.68746304856456,36.06073424274796,38813368
2026-03-24,35.28023910522461,35.31975862077806,34.924571002820414,35.18144408512942,15303579
2026-03-25,35.9915771484375,36.05085642479559,35.30988242986831,35.398799460011126,18240998
2026-03-26,36.23856735229492,36.623873214659774,35.833501731758986,35.961938275476776,22455896
2026-03-27,36.62387466430664,36.68315394116628,35.87302266802778,35.96193969892292,17250026
2026-03-30,36.317604064941406,36.623874675627924,36.208931043848125,36.278088315811424,12632667
2026-03-31,37.58219909667969,37.99714269356853,37.07833470755656,37.07833470755656,54754770
2026-04-01,37.63159942626953,38.19473936070882,37.46364336104295,37.957626024150294,25909214
2026-04-02,37.68099594116211,37.8884677496648,37.2956900771461,37.65135818817273,25925125
2026-04-03,37.15737533569336,37.79955051595832,37.09809606124906,37.58220071390624,15255832
2026-04-07,37.335208892822266,37.38460640314014,36.89062376238448,37.098095566992626,19643704
2026-04-08,37.493282318115234,37.78967114194141,37.27592875520813,37.70075411791473,27036911
2026-04-09,37.07833480834961,37.48340041208484,37.01905930508341,37.34508587941257,14008238
2026-04-10,36.9005012512207,37.216649835468516,36.87086349919385,37.17713408902885,15815412
2026-04-13,36.52507781982422,36.78194713584972,36.21880722448093,36.742427619910885,19549657
2026-04-14,36.732547760009766,36.82146478196263,36.367001678109446,36.67326848911176,17356924
2026-04-15,37.20677185058594,37.769911751970874,37.048697558421544,37.048697558421544,27306202
2026-04-16,37.10797882080078,37.48340292932661,36.949904520161326,37.34508838736566,15821041
2026-04-17,36.25832748413086,36.91038443534243,36.20892997258834,36.91038443534243,28987793
2026-04-20,36.218807220458984,36.357121757441085,36.06073292550966,36.11013043603349,16344256
2026-04-21,36.42627716064453,36.69302822635978,36.159526094929284,36.199045608840045,15054055
2026-04-22,36.357120513916016,36.673269093001416,36.238565738956076,36.416399785790155,15127743
2026-04-23,36.25832748413086,36.63375535567345,36.21880796738142,36.43616154071479,15555154
2026-04-24,36.060733795166016,36.23856785237129,35.922419254848265,36.15952881859625,12489591
2026-04-27,36.436161041259766,36.83134489697147,35.9718161477903,36.11013068572883,21399731
2026-04-28,36.5744743347168,36.70291087362746,36.28796350514238,36.44603779580613,19360275
2026-04-29,36.39664077758789,37.11785497401924,36.22868472154858,36.94990268676835,37020194
2026-04-30,36.65351104736328,36.83134510250189,36.21880767301808,36.32748445880151,30498359
2026-05-06,36.83134460449219,36.949903152173874,36.159527909449864,36.55471553081187,32166873
2026-05-07,37.117855072021484,37.35496839623585,36.76218697009415,36.86098575884532,27685599
2026-05-08,37.24629211425781,37.32532737753396,36.85110449151165,36.95978127620627,24368481
2026-05-11,36.96965789794922,37.34508574873769,36.66339108204324,37.34508574873769,29702209
2026-05-12,36.51519775390625,37.02894017862778,36.51519775390625,36.91038539408854,19487383
2026-05-13,36.218807220458984,36.544837573735485,35.90265863056033,36.51519605239041,28103067
2026-05-14,35.793983459472656,36.27808812951847,35.78410546443805,36.15952957637135,18830474
2026-05-15,35.41855239868164,35.774220488611924,35.319757382051364,35.7445827373805,21591174
2026-05-18,35.29999923706055,35.55687232209152,35.09252743138909,35.55687232209152,16895893
2026-05-19,35.290000915527344,35.58000183105469,35.119998931884766,35.5099983215332,17339557
2026-05-20,35.720001220703125,35.959999084472656,35.0,35.349998474121094,23411221
2026-05-21,35.47999954223633,35.849998474121094,35.310001373291016,35.720001220703125,20559904
2026-05-22,35.150001525878906,35.45000076293945,35.0,35.400001525878906,21743912
2026-05-25,35.619998931884766,35.63999938964844,35.0,35.13999938964844,18278882
2026-05-26,35.93000030517578,35.95000076293945,35.13999938964844,35.4900016784668,21389821
2026-05-27,35.72999954223633,36.0,35.36000061035156,35.75,22052928
2026-05-28,35.2400016784668,35.599998474121094,35.060001373291016,35.5,18073540
2026-05-29,34.95000076293945,35.52000045776367,34.7400016784668,35.18000030517578,19671935
2026-06-01,35.130001068115234,35.130001068115234,34.529998779296875,34.900001525878906,12568387
2026-06-02,34.900001525878906,35.209999084472656,34.869998931884766,35.130001068115234,13136298
2026-06-03,34.56999969482422,35.04999923706055,34.36000061035156,35.04999923706055,18746580
2026-06-04,34.25,34.689998626708984,34.0099983215332,34.40999984741211,17210955
2026-06-05,34.86000061035156,34.880001068115234,34.25,34.25,17043479
2026-06-08,34.58000183105469,34.77000045776367,34.34000015258789,34.59000015258789,15897308
2026-06-09,34.040000915527344,34.650001525878906,33.810001373291016,34.5099983215332,21635583
2026-06-10,34.83000183105469,34.900001525878906,33.65999984741211,33.959999084472656,25723197
2026-06-11,34.33000183105469,34.880001068115234,34.209999084472656,34.5099983215332,15872744
2026-06-12,34.36000061035156,34.70000076293945,34.150001525878906,34.380001068115234,24177507
2026-06-15,33.59000015258789,34.84000015258789,33.45000076293945,34.79999923706055,45708576
2026-06-16,32.459999084472656,33.5,32.29999923706055,33.5,44411547
2026-06-17,32.20000076293945,32.560001373291016,32.11000061035156,32.36000061035156,17666975
2026-06-18,31.549999237060547,32.13999938964844,31.360000610351562,32.13999938964844,26112541
2026-06-22,31.860000610351562,31.979999542236328,30.899999618530273,31.549999237060547,26690576
2026-06-23,31.360000610351562,32.189998626708984,31.270000457763672,31.799999237060547,22357431
2026-06-24,30.979999542236328,31.68000030517578,30.950000762939453,31.219999313354492,19677307
2026-06-25,31.280000686645508,31.739999771118164,30.84000015258789,30.979999542236328,24388303
2026-06-26,30.81999969482422,31.40999984741211,30.780000686645508,31.270000457763672,20790671
2026-06-29,31.329999923706055,31.670000076293945,30.1299991607666,30.729999542236328,31328725
2026-06-30,31.260000228881836,31.440000534057617,30.850000381469727,31.209999084472656,20088869
2026-07-01,32.20000076293945,32.849998474121094,31.479999542236328,32.29999923706055,41409152
2026-07-02,32.41999816894531,32.58000183105469,32.0,32.119998931884766,34996175
2026-07-03,32.470001220703125,32.869998931884766,32.220001220703125,32.43000030517578,22429888
2026-07-06,32.93000030517578,33.16999816894531,32.40999984741211,32.47999954223633,22938070
2026-07-07,32.790000915527344,33.060001373291016,32.56999969482422,32.93000030517578,18972678
2026-07-08,32.59000015258789,32.88999938964844,32.29999923706055,32.540000915527344,15358375
2026-07-09,31.90999984741211,32.45000076293945,31.649999618530273,32.43000030517578,20418804
2026-07-10,32.029998779296875,32.290000915527344,31.479999542236328,31.84000015258789,18864931
2026-07-13,31.959999084472656,32.09000015258789,31.75,31.90999984741211,13928584
2026-07-14,32.66999816894531,32.79999923706055,31.760000228881836,31.889999389648438,26763399
2026-07-15,33.47999954223633,33.63999938964844,32.380001068115234,32.56999969482422,29189887
2026-07-16,33.400001525878906,33.59000015258789,33.099998474121094,33.38999938964844,19008638
2026-07-17,33.08000183105469,33.83000183105469,32.90999984741211,33.41999816894531,23488776
2026-07-20,33.97999954223633,33.9900016784668,33.060001373291016,33.060001373291016,31319830
2026-07-21,33.869998931884766,34.65999984741211,33.66999816894531,33.83000183105469,32504419
2026-07-22,34.16999816894531,34.16999816894531,33.630001068115234,34.0,21367373
2026-07-23,33.900001525878906,34.0,33.709999084472656,33.970001220703125,15811656
2026-07-24,33.5,33.97999954223633,33.47999954223633,33.810001373291016,15551044
2026-07-27,33.7599983215332,33.88999938964844,33.459999084472656,33.470001220703125,15325789
2026-07-28,34.58000183105469,34.68000030517578,33.599998474121094,33.7400016784668,27596537
2026-07-29,34.7400016784668,35.060001373291016,34.470001220703125,34.5,23767627
2026-07-30,35.119998931884766,35.25,34.650001525878906,34.72999954223633,27322641
2026-07-31,34.9900016784668,35.0,34.5,34.599998474121094,22312226
2026-08-03,35.04999923706055,35.470001220703125,34.83000183105469,34.970001220703125,21613354
2026-08-04,34.45000076293945,35.150001525878906,34.27000045776367,35.02000045776367,22576515
2026-08-05,34.0099983215332,34.439998626708984,33.720001220703125,34.439998626708984,26910502
2026-08-06,33.720001220703125,34.13999938964844,33.66999816894531,34.02000045776367,17303945
2026-08-07,33.29999923706055,33.68000030517578,33.18000030517578,33.68000030517578,21985934
2026-08-10,33.79999923706055,34.08000183105469,33.209999084472656,33.220001220703125,23237783
2026-08-11,33.59000015258789,33.9900016784668,33.5099983215332,33.79999923706055,16141000
2026-08-12,33.22999954223633,33.599998474121094,33.06999969482422,33.54999923706055,18781854
2026-08-13,32.959999084472656,33.27000045776367,32.939998626708984,33.25,14959613
2026-08-14,32.7400016784668,32.97999954223633,32.65999984741211,32.900001525878906,13659182
2026-08-17,32.52000045776367,32.790000915527344,32.400001525878906,32.720001220703125,18546915
2026-08-18,32.70000076293945,32.790000915527344,32.2599983215332,32.5,23023920
2026-08-19,32.779998779296875,32.970001220703125,32.5099983215332,32.70000076293945,21252305
2026-08-20,32.84000015258789,33.20000076293945,32.68000030517578,32.77000045776367,16738260
2026-08-21,32.5,32.779998779296875,32.47999954223633,32.75,11796780
2026-08-24,33.040000915527344,33.060001373291016,32.459999084472656,32.75,12674052
