Date,Close,High,Low,Open,Volume
2021-09-02,52.045005798339844,54.763502616724146,51.71549060924324,53.875642634065265,23652290.0
2021-09-03,51.431739807128906,52.118228609373,50.946622170875116,52.06331173985754,22468051.0
2021-09-06,55.230316162109375,55.77950584289644,51.083924644677374,51.25783389553862,40366420.0
2021-09-07,53.89395523071289,55.37677024981926,52.84133754004285,54.919110991556295,28750480.0
2021-09-08,55.999183654785156,56.163941256896564,53.363065512665464,53.54612990297401,32794098.0
2021-09-09,58.23255920410156,58.43393038179186,55.28523614955314,56.20970625395689,33753157.0
2021-09-10,57.399620056152344,58.48885126329368,56.96942275227783,58.24171485894219,19521825.0
2021-09-13,56.61244583129883,56.94196103834107,55.5415249000744,56.94196103834107,17271662.0
2021-09-14,58.40646743774414,59.30347903656521,55.66051228115055,56.61244074843947,26728071.0
2021-09-15,58.99226760864258,59.68791154233667,57.610138372173815,57.646751945876154,26937518.0
2021-09-16,58.580379486083984,59.67875880811789,57.82981865325155,58.75429222234743,20626133.0
2021-09-17,58.21424865722656,59.038036611257986,56.74974061857357,58.397313034973834,14458328.0
2021-09-22,61.436180114746094,62.10435870778658,56.90534935854513,57.00603495201577,28240068.0
2021-09-23,60.28287124633789,62.69015615882996,60.090655217583034,61.646693726546296,21013000.0
2021-09-24,62.20503616333008,63.15696811494565,59.70622090074859,59.86182334909176,28906466.0
2021-09-27,63.18443298339844,64.23705062250659,61.600935938037914,62.20504249802364,26718775.0
2021-09-28,61.02428436279297,63.13867490340927,60.42932592510158,62.80915967586715,18922012.0
2021-09-29,60.66730499267578,62.470483434037966,60.136418622293164,60.77714571930424,18938679.0
2021-09-30,59.816062927246094,61.01513491790202,59.29433165853584,60.96021105891999,13971751.0
2021-10-08,63.64208984375,64.07229062671861,60.14557369173923,60.60323291050151,32824879.0
2021-10-11,62.77254104614258,64.98761002158436,62.52540115370803,63.63293564142892,19012883.0
2021-10-12,63.166133880615234,64.42927094141699,61.89384167915751,62.92814910684347,20985628.0
2021-10-13,62.42471694946289,64.63063781729696,60.59408000685899,62.131815317979296,18291090.0
2021-10-14,60.612388610839844,63.687859148034825,60.227956539521855,63.06544232542809,17003110.0
2021-10-15,59.86183547973633,61.67416232571695,59.37671775816905,61.326343785409165,19539748.0
2021-10-18,59.065494537353516,59.86182404994929,57.75658896147316,59.86182404994929,16347722.0
2021-10-19,59.58723068237305,60.50254914748884,58.424779304339296,59.06549943659007,15906960.0
2021-10-20,58.031192779541016,59.96251532271604,57.5369199644638,59.66961368970647,22495639.0
2021-10-21,58.14102554321289,58.809207560307144,57.02433597103923,57.893889154699245,26061225.0
2021-10-22,57.207401275634766,58.76343979700189,57.07010211590817,58.552920470969745,27507284.0
2021-10-25,57.56437683105469,57.848126807894495,55.99918311767162,56.832122768506714,26344474.0
2021-10-26,57.41792678833008,57.829820795180076,57.2348623973231,57.61929796760404,13908694.0
2021-10-27,57.57352828979492,58.86412359200024,57.463687568688556,57.802357887939316,27117833.0
2021-10-28,57.7657470703125,58.177641064956894,56.37446262821516,57.20740226553484,19706532.0
2021-10-29,59.15702819824219,59.90758903888497,57.399618471370125,57.77489889169152,32779318.0
2021-11-01,59.3126335144043,60.090652736765726,58.26001598611529,59.129565649344244,23009386.0
2021-11-02,59.816062927246094,60.52086208701977,58.83667240586628,59.09296047002907,22671703.0
2021-11-03,59.64215087890625,60.57577258336787,59.129567821235405,59.9533557859517,14050621.0
2021-11-04,59.29433059692383,60.28287624098929,59.12041784935883,59.66961452939022,15188622.0
2021-11-05,57.55522537231445,59.239411467549566,57.46369143190543,59.13872587893105,20833137.0
2021-11-08,55.55067443847656,57.491152030318624,55.33099996990072,57.491152030318624,33170656.0
2021-11-09,55.175392150878906,55.806964082873186,54.65366094111304,55.53236576896475,15329526.0
2021-11-10,55.29438781738281,55.36761496990081,53.78411096749585,55.23946745299432,14244556.0
2021-11-11,56.273773193359375,56.36530712572245,54.964867639698575,55.19369723311252,14333820.0
2021-11-12,57.02433395385742,57.20739832683579,55.98087156704194,56.56667476724273,13446866.0
2021-11-15,57.665061950683594,58.0128839369406,56.46599353248825,57.01518669368289,11781712.0
2021-11-16,58.04034423828125,59.001427936681765,57.20740456744576,57.20740456744576,15553240.0
2021-11-17,57.912200927734375,60.365251253628124,57.5277653486167,59.03804224456134,18395275.0
2021-11-18,59.8068962097168,60.41100965829558,57.46368352430134,57.912191041429196,26891181.0
2021-11-19,61.71077346801758,63.934997769895254,59.96251871125656,60.41102283454534,34626008.0
2021-11-22,60.9968147277832,62.6626938575339,60.9968147277832,62.34233382937509,20821737.0
2021-11-23,60.044891357421875,60.96020984452686,58.64445518948338,60.96020984452686,24143032.0
2021-11-24,60.34694290161133,61.00597327251595,59.303480475454094,59.898438837149946,13594528.0
2021-11-25,58.52545928955078,60.044887747120306,58.37900848008611,60.044887747120306,15496824.0
2021-11-26,58.131874084472656,59.1844952058966,57.820665667195165,58.61699524449109,14116311.0
2021-11-29,56.63990783691406,58.12272277896376,55.99918421030945,57.41792713886497,18469867.0
2021-11-30,56.04494857788086,57.05180097332878,55.85273254033943,56.731437419096935,15118873.0
2021-12-01,56.1822509765625,56.749747473633185,55.861887403890954,56.37446702516762,15595259.0
2021-12-02,55.16624069213867,56.173089541042785,54.91910430377219,56.173089541042785,19693256.0
2021-12-03,55.37677001953125,55.52322084189986,54.67197434573765,55.166247180605325,14512272.0
2021-12-06,56.92365264892578,56.92365264892578,54.82757607048517,55.42253096276603,23636810.0
2021-12-07,57.57352828979492,57.77489596183144,56.56667596296204,57.34469869165052,18361542.0
2021-12-08,57.7199821472168,58.406470977975815,57.43623217350448,57.61929656003943,16989119.0
2021-12-09,60.173038482666016,60.41102325688813,57.69252609299597,57.811518480107026,31017628.0
2021-12-10,59.9625129699707,60.50254749766668,59.32178587186599,59.49569861015985,14801929.0
2021-12-13,60.39271926879883,61.02428430151525,59.72453367380767,60.40186742604137,17990061.0
2021-12-14,58.51631164550781,60.27372147933371,58.067804046773084,60.22795974459426,18995848.0
2021-12-15,57.00603103637695,58.39731547711119,56.85042857836526,58.1227206448382,16775640.0
2021-12-16,58.00373077392578,58.058651139415744,56.758897089456276,56.84127589185978,11969868.0
2021-12-17,57.65591049194336,57.96711890347696,56.74974369341051,57.89389175174539,11683170.0
2021-12-20,58.34239959716797,60.41101775988702,57.95796403212222,58.58038085807226,21409802.0
2021-12-21,59.44993591308594,59.788606284225395,57.41793114456474,57.866438761976475,16376402.0
2021-12-22,61.097503662109375,61.857219615853516,59.12041255115961,59.12956769055991,28693940.0
2021-12-23,61.097503662109375,61.68330688387407,60.832060486102684,60.93274606953023,15135124.0
2021-12-24,63.01967239379883,63.70616121504571,60.20964509816127,61.09750509097264,27249793.0
2021-12-27,62.92814254760742,63.706161822440016,62.05859282573431,63.010517854946244,13516956.0
2021-12-28,62.38811492919922,63.43157750430676,61.930455660000256,62.69016473954259,13971419.0
2021-12-29,62.864070892333984,64.39265101487564,62.571169270150406,62.864070892333984,27334876.0
2021-12-30,63.17527389526367,63.770232261345605,62.31487933430664,62.51625050282594,13297534.0
2021-12-31,63.083736419677734,63.42240670928977,61.78398609196321,63.04712284917985,13653695.0
2022-01-04,65.37203979492188,65.64663811389295,62.91898615319646,63.358342066885115,23473866.0
2022-01-05,65.26220703125,66.51618881445958,64.67640379311003,64.67640379311003,22479239.0
2022-01-06,62.598628997802734,65.71986830224179,62.241655356629295,65.26220907167834,21113367.0
2022-01-07,62.79084396362305,63.870920008628666,61.518551883064596,62.60778306785622,14644326.0
2022-01-10,62.918983459472656,63.34002907609701,61.600929741486645,63.138664898574525,12061099.0
2022-01-11,61.94875717163086,65.4452736081456,61.902988452700335,64.05399254256596,17398256.0
2022-01-12,62.0036735534668,63.1386735272972,61.65585503567579,62.34234391420544,11819759.0
2022-01-13,60.26456832885742,62.214201256269675,60.12727613678006,62.03113336128962,13119045.0
2022-01-14,60.40185546875,61.14326807486659,59.166177102988684,59.49569226496833,13577194.0
2022-01-17,61.16157913208008,61.646696797867534,59.6513022785333,60.777147055417444,10141889.0
2022-01-18,60.90529251098633,61.60093651127503,60.182190073623545,60.960209385134505,11729186.0
2022-01-19,60.13642120361328,61.39041003231091,59.816061133019225,60.60323558266507,11663056.0
2022-01-20,61.76569747924805,62.516258394541545,59.95336371712043,60.42017812276827,16799726.0
2022-01-21,61.69247055053711,62.05859936057845,60.55747752440256,61.75654256854487,11035061.0
2022-01-24,59.797760009765625,61.49109785873748,59.50485836552901,61.49109785873748,13015975.0
2022-01-25,57.7657470703125,59.95335757428052,57.66506148365912,59.49569835615623,13442809.0
2022-01-26,59.4407844543457,59.5597733430056,57.7565948161759,57.7565948161759,10180435.0
2022-01-27,57.784053802490234,59.47739500291993,57.756591875098515,59.038039081279756,9466432.0
2022-01-28,57.98542022705078,59.49569700933749,57.93050335678319,58.36985577723724,14854822.0
2022-02-07,59.09295654296875,61.03343415932935,58.589535588482995,59.038039670962256,14686632.0
2022-02-08,59.999122619628906,60.10895635593254,58.607834770965745,59.12956596838317,14030257.0
2022-02-09,58.745140075683594,60.75883792978194,58.241715612159005,60.02658733889426,15401633.0
2022-02-10,57.32639694213867,58.745139876968054,56.89619614249293,58.65360942633244,18981425.0
2022-02-11,57.28977966308594,57.88473802875919,56.3195408873971,57.34470002491602,11731183.0
2022-02-14,55.724586486816406,56.74059049349751,55.10216968077146,56.74059049349751,15550263.0
2022-02-15,56.37446212768555,56.383613775635176,54.26007530172571,55.825272467477575,15066864.0
2022-02-16,56.47514724731445,56.74974207515201,55.843575302459136,56.118173621959365,9934402.0
2022-02-17,56.42938995361328,56.78636362912738,55.59645021352599,56.58499243097556,11642992.0
2022-02-18,56.2005500793457,56.2920805209261,55.3493037043304,56.06325092531258,8987380.0
2022-02-21,56.88704299926758,57.43623267197594,56.24631938666597,56.65821338702863,12059721.0
2022-02-22,55.1113166809082,56.14562738779415,54.46144149435271,56.10901381601746,14671617.0
2022-02-23,55.29438781738281,55.4225318426265,54.82757694090043,55.111323427750634,12882107.0
2022-02-24,53.4454460144043,55.10217373650413,52.932869895225124,55.010639792605744,25090540.0
2022-02-25,54.82757568359375,55.083863728203916,53.82072330953732,53.958022471528615,15207046.0
2022-02-28,55.285240173339844,55.285240173339844,53.63766403898266,54.781812192473446,13686721.0
2022-03-01,52.667423248291016,54.87334052275039,52.26468090482381,54.85503373516891,39584741.0
2022-03-02,53.16169738769531,53.34475828483235,51.51412138015958,52.26468223174239,17419973.0
2022-03-03,53.56443405151367,54.59874483787267,53.326449308341616,54.15938892611851,20213772.0
2022-03-04,53.765804290771484,54.443137950664905,52.58504271812439,53.207459508744755,14419549.0
2022-03-07,51.349365234375,53.36306658490523,51.14799754348601,53.11593017677234,18257235.0
2022-03-08,49.96723556518555,51.49581573862164,48.768167108930086,50.96493284011156,22855881.0
2022-03-09,48.73155212402344,49.91231018144412,46.75446456140943,49.500419703465695,26072269.0
2022-03-10,49.1434440612793,50.23267520130286,48.7315535710701,50.003845599336586,15974058.0
2022-03-11,49.16175842285156,49.180065212828936,47.312814535095356,47.50503408402614,14800374.0
2022-03-14,46.86430358886719,48.40203880679587,46.86430358886719,48.23728121261332,24673359.0
2022-03-15,43.733917236328125,46.855153211897715,43.4867808199345,46.855153211897715,37311731.0
2022-03-16,45.40895462036133,45.50048508030095,42.74537773282501,44.85060973640527,25040101.0
2022-03-17,45.86661148071289,47.202975678558666,45.58286148322658,46.49818000092857,23488104.0
2022-03-18,45.30826187133789,46.26019386784585,45.17096271142634,45.86660666720626,33311861.0
2022-03-21,43.779685974121094,45.3723382249101,43.12980717887938,45.35403143572525,37222974.0
2022-03-22,43.09319305419922,44.283106306411746,42.56230669257334,44.27395116684568,33748138.0
2022-03-23,43.203033447265625,43.31287068845322,42.46162421300773,43.0108174022716,24325326.0
2022-03-24,42.12295913696289,43.01081922770717,41.98565996090403,43.01081922770717,22427841.0
2022-03-25,41.13441467285156,42.64469168776902,40.914740174619,42.626384897639106,24785085.0
2022-03-28,40.19163131713867,40.94219213538207,39.825502555802196,40.264858466071026,18028378.0
2022-03-29,39.19393539428711,40.32893179832748,39.12986338270109,40.19163263540729,21909307.0
2022-03-30,40.612674713134766,40.65843993286718,38.91018200245416,39.53259876746992,26528779.0
2022-03-31,41.830055236816406,42.53485088545781,40.10010386817975,40.27401312239143,39272979.0
2022-04-01,44.850608825683594,45.30826809941506,41.445622711789284,41.830058317388556,43146544.0
2022-04-06,44.90553283691406,46.013067531154896,43.80714979255817,44.85976411249901,30767136.0
2022-04-07,43.59661865234375,45.13435392419114,43.5691567245753,44.823145512230056,18325053.0
2022-04-08,44.17326736450195,45.180119765983626,43.25794890406197,44.03597169043365,16915453.0
2022-04-11,45.30826187133789,45.99475068757028,43.88951901612348,45.07028061804224,38508695.0
2022-04-12,47.871158599853516,49.28990162833138,44.60347171485531,45.38149456326538,56475039.0
2022-04-13,48.05421829223633,49.4271959577288,47.596559070405505,47.89861583281198,49446312.0
2022-04-14,47.45926284790039,48.813937301122294,46.68124351924484,47.61486880862929,27613326.0
2022-04-15,45.86661148071289,47.04737320654759,45.72016065754709,47.04737320654759,20554946.0
2022-04-18,47.82538986206055,47.83454151039149,45.02451409830775,45.72015808799619,23338070.0
2022-04-19,47.202972412109375,48.06337050221094,46.87345720987305,47.532487614345705,14772311.0
2022-04-20,46.60801315307617,47.688089188463934,46.12289549862094,46.864304689860504,12141815.0
2022-04-21,44.942134857177734,46.82769213623167,44.42955875574923,46.727006547261695,25253987.0
2022-04-22,44.31971740722656,45.17096383995485,43.36778887859878,44.53024372212734,14550015.0
2022-04-25,41.33578109741211,44.02681608569719,41.29001587320583,43.797986473003,23231167.0
2022-04-26,41.573760986328125,42.91012853402515,41.29916615848942,41.61952970068681,16913546.0
2022-04-27,42.379249572753906,42.51654875647458,40.82320728779388,41.18933611660681,19258936.0
2022-04-28,43.477630615234375,44.438714383133245,42.37924766978004,43.477630615234375,23267809.0
2022-04-29,46.955841064453125,47.27620465295932,43.50508970109288,43.67900246080467,33604500.0
2022-05-05,46.26934814453125,47.16635982970592,45.5462457123509,45.81168890770767,23798394.0
2022-05-06,45.00620651245117,46.02221055066122,44.53024399109381,45.1251988886219,12936918.0
2022-05-09,45.637779235839844,46.159510481697126,44.73161241891449,45.01536240013942,9330703.0
2022-05-10,45.454715728759766,46.0405189992478,43.752222791614585,45.02451492439259,14703070.0
2022-05-11,46.095436096191406,47.11144009899272,45.03366687081563,45.69269375754575,21848516.0
2022-05-12,45.30826187133789,46.67208785591782,45.07943226592709,45.49132625399906,14338535.0
2022-05-13,45.58285903930664,46.10459028709117,45.088586228248815,45.67439298116708,10987149.0
2022-05-16,44.557701110839844,46.031364330531474,44.38379186746893,45.564549979471764,11420293.0
2022-05-17,45.12519836425781,45.994751580023646,44.11834947757911,44.52108833391804,15519849.0
2022-05-18,44.484474182128906,45.36318252623787,43.02911774266235,45.143504567294954,27377666.0
2022-05-19,43.203033447265625,44.209882390088296,42.653840258001765,43.70645791867696,49623888.0
2022-05-20,46.260196685791016,46.45241272804591,42.97420321225879,43.55085483068635,54346840.0
2022-05-23,45.92152404785156,46.6080128717082,45.30826237453775,46.26019438161799,31990434.0
2022-05-24,44.21903610229492,46.13205182520857,44.11835051293165,45.912373858264814,29784700.0
2022-05-25,44.3929443359375,44.76822475663665,43.70645550600032,44.55770193445544,21171481.0
2022-05-26,46.21443557739258,46.49818209600063,44.22819248882017,44.42956368911998,33062782.0
2022-05-27,45.839149475097656,47.41349482869131,45.63777829954269,46.49817638222367,23639868.0
2022-05-30,47.202972412109375,47.51418082625893,45.994752331684715,46.80023354918876,28241530.0
2022-05-31,47.505027770996094,47.743009025749785,46.52563733317046,47.09313378040057,27230291.0
2022-06-01,47.871158599853516,48.75901869460905,46.964995207093,46.97414685609549,30704544.0
2022-06-02,47.477561950683594,48.14574392878637,47.221273929401,47.59655431413441,17218908.0
2022-06-06,47.0015983581543,47.79792787870818,45.91237072112683,47.33111354022313,26911846.0
2022-06-07,48.44780731201172,48.68578857992143,46.60801521619903,46.772772821545324,30552377.0
2022-06-08,48.87800598144531,49.17090760224581,48.0084527670914,48.49357042185545,25217328.0
2022-06-09,47.42264938354492,48.86885069546075,47.257891785879956,48.85969904744058,16757726.0
2022-06-10,48.145748138427734,48.3288125232055,46.87345607629949,47.148050907634776,16056270.0
2022-06-13,47.23043441772461,47.761320837373,46.28765745581607,47.19382433044716,21707761.0
2022-06-14,46.571407318115234,47.01991143799658,45.848304848650784,46.68124456295064,21389221.0
2022-06-15,47.3521842956543,47.91251139069454,46.543843396052345,46.846972547425274,21839396.0
2022-06-16,47.802284240722656,48.11459753145986,47.16847001607585,47.343000195759664,15560036.0
2022-06-17,47.673683166503906,48.02273650236088,46.52547310472933,47.44404115414899,24149020.0
2022-06-20,48.04111099243164,48.78515241587245,47.921696158137856,48.48202326052497,19193698.0
2022-06-21,47.903324127197266,48.40853584247494,47.47159603214922,48.06866665278762,14016337.0
2022-06-22,46.029449462890625,48.04111240210594,45.88247870254694,47.765542664468946,21415235.0
2022-06-23,45.652835845947266,46.479545043926635,45.07413695452023,46.06619219696658,24877109.0
2022-06-24,48.335052490234375,48.67492521050417,45.57934818741961,45.6528353174431,43327395.0
2022-06-27,49.7496452331543,50.06195850896894,48.243194198304494,48.3350496012845,36814364.0
2022-06-28,50.888671875,51.33876826167917,49.290361910404,49.602675190655674,29840424.0
2022-06-29,50.20893096923828,51.347956926971186,50.04358843498578,50.87948524523605,21550892.0
2022-06-30,51.26528549194336,52.25733719015014,50.098703617008816,50.20893080479643,24027806.0
2022-07-01,51.42144012451172,52.45023538150305,50.9346001688394,51.48573960906998,14635826.0
2022-07-04,51.42144012451172,51.889911802360906,50.33752952187369,51.34795650104189,12946571.0
2022-07-05,51.8439826965332,52.624767689902406,50.98052993743261,51.88991390512964,22393582.0
2022-07-06,50.089515686035156,51.55003905604643,49.41896141608847,51.55003905604643,21384730.0
2022-07-07,48.95968246459961,50.09870853030905,48.82189934236715,50.07114910261498,17985681.0
2022-07-08,49.95173263549805,50.38345724570493,49.033164565355314,49.51082038231663,16165427.0
2022-07-11,48.22482681274414,49.67616613972378,47.83902988019067,49.602679007393974,13716453.0
2022-07-12,47.51752471923828,48.95967627477996,47.306254488611174,48.69329069979225,15105504.0
2022-07-13,47.54507827758789,47.94925044137034,47.058238357459594,47.39810753731941,16658516.0
2022-07-14,47.58182144165039,48.05947721955213,46.96638256692971,47.51752196232312,14321813.0
2022-07-15,46.73674392700195,48.739222580400316,46.598957316221885,48.224823204755,36160468.0
2022-07-18,47.682865142822266,48.059477885842796,46.73674121612507,46.87452431485422,19161579.0
2022-07-19,50.06195831298828,50.06195831298828,47.31543832430627,47.85739360950832,32856778.0
2022-07-20,49.51082229614258,50.32834734952133,49.418963383142064,50.24567607985049,15824511.0
2022-07-21,48.684112548828125,50.19056377270839,48.59225713432204,48.88619866561285,17317627.0
2022-07-22,48.684112548828125,49.05154121497136,48.004370567680965,48.60144127414887,14061081.0
2022-07-25,48.34423828125,49.36384939487544,48.243195233368695,48.867821798399426,11709747.0
2022-07-26,47.8665771484375,48.65654615785868,47.58181981823305,48.28911757075995,14035778.0
2022-07-27,46.7918586730957,47.839029271106895,46.57140428703177,47.76554213971273,17185824.0
2022-07-28,46.58977508544922,47.122542760562546,46.562215659729084,46.846973031775704,15016138.0
2022-07-29,45.781436920166016,46.801048131413516,45.349708766631814,46.709189213608674,23155192.0
2022-08-01,44.908790588378906,45.78143092084496,44.70670449974958,45.78143092084496,19734912.0
2022-08-02,44.30253601074219,45.24865996769681,43.604425844302256,44.50462210021171,19471357.0
2022-08-03,44.256614685058594,44.86286953674188,43.96267315115515,44.18312754955299,16937890.0
2022-08-04,44.32091522216797,45.092512642882085,44.13720088312945,44.48625777689668,15923712.0
2022-08-05,44.8444938659668,44.9179809951029,44.045340608937174,44.27498263139872,12965318.0
2022-08-08,44.67914962768555,45.312963828135956,44.467879395555094,44.816936237537995,13791411.0
2022-08-09,44.98228073120117,45.14762326861764,44.32091058153527,44.624039734818545,12622754.0
2022-08-10,44.11882400512695,45.04657973333159,43.870810201668064,44.93634904019931,18021957.0
2022-08-11,45.45993423461914,45.616089120821584,44.11882222153355,44.12800986428606,17477440.0
2022-08-12,45.73550796508789,45.92840643112437,45.1843649854788,45.45993822731301,10727735.0
2022-08-15,45.84572982788086,46.38768510090528,45.377261678548734,45.73550264640134,11485727.0
2022-08-16,45.606910705566406,46.277465044230894,45.487495863210974,45.744693827613936,9302575.0
2022-08-17,46.470359802246094,46.58058699188339,45.248662560887304,45.625275337535655,16615565.0
2022-08-18,45.671207427978516,46.46117656110877,45.46912132302168,46.305018160716884,10377287.0
2022-08-19,45.818180084228516,46.52547797683635,45.698765244162416,45.91922314089526,9419699.0
2022-08-22,46.55302810668945,46.83778545785417,45.46911754942886,45.57934473204854,12956660.0
2022-08-23,45.68039321899414,46.47036238068836,45.57935016286218,46.39687524747988,9772534.0
2022-08-24,45.10169219970703,46.01107615830199,44.954721444223516,45.68957872570031,8855215.0
2022-08-25,45.54261016845703,45.56097844772726,44.614854382638526,45.10169437666525,10053343.0
2022-08-26,45.34970474243164,46.2774604576074,45.21192163403998,45.827360560452775,7560092.0
2022-08-29,44.256614685058594,45.07413979523127,44.09127213423047,44.90879724440314,13311724.0
2022-08-30,45.12006378173828,45.12006378173828,44.17393976651928,44.284166956627516,12532472.0
2022-08-31,45.404823303222656,45.74469253285828,44.80775261240442,45.47830693208957,17959413.0
2022-09-01,44.88124084472656,46.11212231891807,44.7618260028259,45.28540957354338,15908175.0
2022-09-02,44.50462341308594,45.47830331857916,44.1831224881676,45.06495049291985,11667166.0
2022-09-05,43.852439880371094,44.64240545332482,43.63198200843724,44.256608557514326,11430695.0
2022-09-06,43.530941009521484,44.25661063801278,42.786903102892964,43.88918200220324,16702437.0
2022-09-07,43.17270278930664,44.64241041880822,43.09003151614347,43.48501609858315,22953433.0
2022-09-08,44.12800979614258,44.71589278527056,43.191069968197716,43.365596635576644,20515252.0
2022-09-09,46.277462005615234,46.396873336070556,44.21068377407341,44.550552991012594,33174571.0
2022-09-13,47.2052116394043,47.91250946004786,46.39687077237465,46.39687077237465,29408117.0
2022-09-14,46.84697341918945,47.33381339420756,46.185603261384294,46.70918680162696,17430841.0
2022-09-15,46.37850570678711,47.23277083071451,46.02026119822876,47.17765898636651,19689248.0
2022-09-16,44.7342643737793,46.35094258690962,44.55973420309399,46.341758448269914,16500861.0
2022-09-19,44.69751739501953,45.542601751704,44.22904927090026,44.798560432628854,14620437.0
2022-09-20,45.037391662597656,45.634462313854854,44.45869629741387,44.94553625658538,13406457.0
2022-09-21,43.981040954589844,44.917980823132964,43.72383950765737,44.917980823132964,13148614.0
2022-09-22,41.62950134277344,43.93510897746422,41.087546084393345,43.558492734806265,44123140.0
2022-09-23,42.89712905883789,43.475827917181206,42.14390353073475,42.24494657788062,35472145.0
2022-09-26,42.05204391479492,43.172698049288094,41.83158954660352,42.272501787045336,23218914.0
2022-09-27,44.20149230957031,44.45869373890972,41.74891736877988,41.86833219297107,27522990.0
2022-09-28,43.907554626464844,45.52423645016075,43.74221208758551,44.09126894789291,19538591.0
2022-09-29,43.42989730834961,44.183122846813205,43.20025529042634,43.962668471879965,14724360.0
2022-09-30,43.374786376953125,43.90755404760557,43.01654538212387,43.77895507551909,16123663.0
2022-10-10,41.785667419433594,43.63198789158612,41.70299614431874,43.54013247659604,12142769.0
2022-10-11,41.35393142700195,42.12552868056885,40.97731869038352,42.07041333957878,15974383.0
2022-10-12,41.97856140136719,42.024489103947666,40.44455090595389,41.271263568638794,13670971.0
2022-10-13,41.97856140136719,42.437845435290114,41.52846150633672,41.65706047518568,11500925.0
2022-10-14,45.42319107055664,45.698760786548135,43.485011911723944,43.63198266052334,39387470.0
2022-10-17,47.08579635620117,47.35218192972344,45.03739004019759,45.10168952290172,34593737.0
2022-10-18,46.73674392700195,47.563453079505166,46.48873013003327,47.085797267275744,17399957.0
2022-10-19,47.04905700683594,47.692051843570646,45.98351820074248,46.73674372725377,19489408.0
2022-10-20,46.54383850097656,47.46240649353478,46.34175592537375,46.85615175860871,17295138.0
2022-10-21,47.03987121582031,47.46241169775424,46.44280405762477,46.58977481238697,16169081.0
2022-10-24,45.3221435546875,47.471592733965956,45.12005748099318,46.67243958517461,22024058.0
2022-10-25,45.08332061767578,46.19478709357674,44.61484895986037,45.73550307833909,16226478.0
2022-10-26,46.084556579589844,46.71837076558924,44.89960647892372,44.89960647892372,14184254.0
2022-10-27,46.72755813598633,47.20521396714581,46.08455976696167,46.093747410209296,16735453.0
2022-10-28,45.818180084228516,47.131732812777436,45.37726779482222,46.488734410037644,13304784.0
2022-10-31,44.33009719848633,45.56097865468611,43.953484398667115,45.46912324168021,23039380.0
2022-11-01,45.432376861572266,45.54260755522487,43.42989814631928,44.816937923611526,18546899.0
2022-11-02,46.38768768310547,46.635701483284414,44.7434499915816,44.881236604145165,19356159.0
2022-11-03,44.37602233886719,46.12129947565915,43.88917890516477,45.89165747049766,24289905.0
2022-11-04,45.946773529052734,46.33257042178651,44.15556516007415,44.34846360644103,24173916.0
2022-11-07,46.093746185302734,46.938827130548056,45.294592942897424,45.38644834857744,15320312.0
2022-11-08,46.084556579589844,46.68162720325847,45.83654629400456,46.09374422220202,13209694.0
2022-11-09,45.92840576171875,46.28664676601067,45.66202016732655,45.92840576171875,10066022.0
2022-11-10,45.29458999633789,45.836545264335925,45.00983265075964,45.6344591801153,9293071.0
2022-11-11,48.25238037109375,48.45446647103967,46.2131616056889,46.43361598375794,37638695.0
2022-11-14,47.60020065307617,49.226066678582974,47.471601674345585,48.28912675689807,19180256.0
2022-11-15,49.069908142089844,49.170951197697114,47.37055849215105,47.76554307094709,19497828.0
2022-11-16,49.59349060058594,50.65902939926796,48.78514973480885,48.9596764029859,24681444.0
2022-11-17,49.38222122192383,49.5934949758021,48.5922555720154,49.18013861569578,11761535.0
2022-11-18,48.21563720703125,49.859871309821656,48.17889364503196,49.58430160294486,18475707.0
2022-11-21,47.48997497558594,47.79310064884591,46.67244986690182,47.48997497558594,13508279.0
2022-11-22,47.48997497558594,48.08704218221414,47.00313146389647,47.85740014026649,8676949.0
2022-11-23,46.72755813598633,47.361372365822575,46.534659676496695,47.361372365822575,8770258.0
2022-11-24,46.44280242919922,47.52671302158745,46.314199957239694,47.0857972687015,9317237.0
2022-11-25,46.801048278808594,47.19603286646482,46.10293451753084,46.46117904200885,8961488.0
2022-11-28,46.57140350341797,46.67244655535515,45.037392949939274,45.88247742645634,11472168.0
2022-11-29,48.684112548828125,49.0974689222244,46.608150046079345,46.88371979365705,20563088.0
2022-11-30,48.684112548828125,48.684112548828125,47.64612954542401,48.2248284681788,15370891.0
2022-12-01,50.03440475463867,51.16424307968136,49.960917625826546,50.4110175296529,30779065.0
2022-12-02,49.216880798339844,50.27323201773801,49.09746596343075,49.99766228676715,11099504.0
2022-12-05,50.631473541259766,51.18261651295219,49.832320261973926,50.126261778586176,23165342.0
2022-12-06,52.4043083190918,52.486979586542354,50.00684506708478,50.52124445389482,32133909.0
2022-12-07,52.95545196533203,54.057730873731686,52.23896647000122,52.40430900707301,32397617.0
2022-12-08,52.633949279785156,53.267763485500105,52.01851035986615,52.78092002962097,25008741.0
2022-12-09,53.304508209228516,53.55252202828953,52.37675592671975,52.652325668767745,27825592.0
2022-12-12,52.29408264160156,53.61681945497316,52.08281239735842,53.10242355735828,20178940.0
2022-12-13,52.817665100097656,53.093234825895024,51.715382692849,52.2940815698649,13662405.0
2022-12-14,54.60887145996094,55.11408318837591,52.37675081050699,53.16671989685649,33932432.0
2022-12-15,53.77297592163086,55.444769536878304,53.341247805321544,54.801771183923336,14849426.0
2022-12-16,53.56170654296875,54.16796134168128,52.86359283290028,53.60763424661713,15854010.0
2022-12-19,53.552520751953125,54.19551913744655,52.93708179284923,53.81890634800972,14598959.0
2022-12-20,52.4043083190918,53.36880410330887,51.94502427860184,52.82684879536836,12728021.0
2022-12-21,52.725807189941406,53.91994494775005,52.24815138600615,53.341246098205154,11985238.0
2022-12-22,53.451473236083984,54.19551461342444,52.946261512533354,53.35961783327806,16768402.0
2022-12-23,53.442291259765625,53.874019379351545,52.8635923873082,53.11160618978995,10566688.0
2022-12-26,52.725807189941406,53.68111529375291,52.59720472021887,52.909517995712726,11995037.0
2022-12-27,55.0589714050293,55.9499835955057,52.83603825459691,52.99219315178265,26008605.0
2022-12-28,53.31369400024414,54.95793175981059,53.01056484168372,54.746658010721006,20787524.0
2022-12-29,52.27570724487305,53.1667193688689,52.09199293525775,53.09323224339917,15172668.0
2022-12-30,53.056488037109375,53.552515615836356,52.37674965505445,52.37674965505445,15353304.0
2023-01-03,53.074859619140625,53.47903179468735,52.275706414673415,52.81766169219921,18089044.0
2023-01-04,52.937076568603516,53.48821598517324,52.40430542906836,53.46066006556244,15509466.0
2023-01-05,55.316165924072266,55.44476488305733,53.21264436907704,53.59844124603224,31560648.0
2023-01-06,54.75584030151367,55.53662171786922,54.29655629093773,55.43557867489308,13326701.0
2023-01-09,54.47108840942383,55.44477187083204,54.10366326659641,55.114086789445885,17393332.0
2023-01-10,54.287376403808594,54.8201476141353,54.10366557658089,54.471090735095714,9874464.0
2023-01-11,53.883201599121094,54.82932556802783,53.59844424254942,54.18633073715473,11902563.0
2023-01-12,53.377994537353516,54.30574680586634,52.98300996155496,54.011805284908256,11702429.0
2023-01-13,55.46314239501953,55.58255372409766,54.1036620388828,55.57336958496057,22251786.0
2023-01-16,56.115325927734375,56.64809360892675,55.20594195789631,55.986726953103776,24383779.0
2023-01-17,55.65604019165039,56.26229498520616,55.11408488346726,56.041837103886266,9326078.0
2023-01-18,55.94998550415039,56.37252600936534,54.72829169488816,55.44477372582301,14512324.0
2023-01-19,56.06021499633789,56.12451448871892,55.13246267479763,56.01428728807423,8911538.0
2023-01-20,55.45395278930664,56.56542280475589,55.297797901088096,56.03265164812049,13445754.0
2023-01-30,54.07610321044922,56.271480414669625,53.736233993677075,56.03265424981712,27694826.0
2023-01-31,53.86483383178711,55.334544921738,53.01056520246908,54.33330553383082,25980519.0
2023-02-01,53.139163970947266,54.37923302676175,52.35838247599906,54.011804379692435,33312656.0
2023-02-02,53.690311431884766,53.828094558014655,52.81767095015721,53.313698613967766,22733333.0
2023-02-03,53.01056671142578,53.8189076587054,52.77174053594239,53.249396390968556,16721630.0
2023-02-06,52.35837936401367,52.716620346381156,51.89909533450478,52.441050629487634,18545536.0
2023-02-07,52.771732330322266,53.322871729006934,52.18384937064293,52.35837602927934,13267476.0
2023-02-08,53.065677642822266,53.56170523989929,52.67069309374898,52.81766384428376,12538730.0
2023-02-09,53.231021881103516,53.58007873883217,52.560467591295314,53.04730756103269,12106003.0
2023-02-10,52.725807189941406,53.23101891393056,52.52372109872214,53.23101891393056,11277255.0
2023-02-13,53.332061767578125,53.53414435401101,52.17466407265425,52.34000660050052,19007068.0
2023-02-14,52.633949279785156,53.88320240541911,52.27570829606405,53.38717481070108,17393280.0
2023-02-15,51.347957611083984,52.542095426771226,50.70495924754187,52.496167723102324,33370198.0
2023-02-16,50.796817779541016,52.30326897852585,50.29160599998772,51.449000322310894,21526742.0
2023-02-17,49.51082229614258,50.82437496754639,49.4648910876127,50.806003184946285,19772334.0
2023-02-20,50.52124786376953,50.750889899513936,49.52000844776154,49.52000844776154,16375582.0
2023-02-21,50.00684356689453,50.64065776635429,49.63023080515341,50.5028711567172,16602332.0
2023-02-22,49.49244689941406,49.98847097715829,49.32710437214632,49.6577894266818,12863368.0
2023-02-23,49.63941955566406,50.20893078035852,49.418961676137016,49.51082058596459,12310886.0
2023-02-24,49.3362922668457,49.77720453844114,49.06072253510597,49.428151180131785,16481695.0
2023-02-27,49.07909393310547,49.40059136693888,48.77596477772605,48.877007829519194,14962773.0
2023-02-28,49.53837585449219,49.988472242512856,49.134207168750905,49.235246712141915,16687685.0
2023-03-01,49.70371627807617,49.823131102185606,48.89537543681519,49.54755789207785,13421140.0
2023-03-02,49.97010803222656,50.273233695191045,49.29036606936239,49.584307592747074,14270975.0
2023-03-03,49.90580368041992,50.44775546430714,49.52000327853087,50.15381396956264,13055428.0
2023-03-06,49.32710647583008,49.74046281162809,49.1250203774268,49.703719247544015,12447207.0
2023-03-07,48.21563720703125,49.556745683474865,48.197265426031606,49.391403158537,15650455.0
2023-03-08,48.83108139038086,49.11583877062454,47.79309842787642,47.93088504826579,13079942.0
2023-03-09,48.22482681274414,49.143394942510696,48.087040191655426,48.968868259316416,10725106.0
2023-03-10,47.839027404785156,48.399350991539265,47.81146797955786,47.81146797955786,8351727.0
2023-03-13,49.55674743652344,49.60267513861775,47.627752412030645,47.76553902237265,16987588.0
2023-03-14,48.95968246459961,49.71290807912734,48.73922806740389,49.40978240696836,10081196.0
2023-03-15,48.71166229248047,49.56593085443474,48.46364849990739,49.56593085443474,9356672.0
2023-03-16,48.13296890258789,48.821894964147496,47.65531307941947,48.23400844820694,10537674.0
2023-03-17,48.22482681274414,48.73003858330388,47.69205561553106,48.39935349593843,14629706.0
2023-03-20,47.51752471923828,49.83231662149818,47.0031253507164,48.98723569898977,24863205.0
2023-03-21,48.766780853271484,48.821896201053896,47.12254310371815,47.5267153126707,17449104.0
2023-03-22,48.89537811279297,49.76801848308847,48.693292015403095,48.75759500425733,11940879.0
2023-03-23,49.6026725769043,49.997657101822874,48.55550560537463,48.88619064987007,17303642.0
2023-03-24,49.35466384887695,49.87824738827188,48.941307500918,49.565934092487254,8219469.0
2023-03-27,49.73127365112305,49.78638899556742,48.298309736159595,49.565931121848955,12573163.0
2023-03-28,49.14339065551758,49.92417209608443,48.77596203403963,49.327104966256556,11597210.0
2023-03-29,50.107887268066406,50.87030044431667,49.336289952947894,49.42814886192575,24431732.0
2023-03-30,50.704959869384766,51.42144186677217,50.117076845471075,50.23648817566283,21826736.0
2023-03-31,50.870304107666016,51.21017333521152,50.42020418140899,50.79681697519167,12187780.0
2023-04-03,49.72208786010742,50.84273846076403,49.43733051269607,50.5212410556697,24295761.0
2023-04-04,49.180137634277344,50.52124623891803,48.86782433554711,49.7404647441221,25868479.0
2023-04-06,50.22730255126953,50.328345600028065,48.53713715546455,49.18013550787954,15711249.0
2023-04-07,53.27695083618164,53.29532261902606,50.06196242365343,50.21811732174206,40657562.0
2023-04-10,52.771732330322266,53.16671685086785,52.202221151140265,53.02893024916727,18305085.0
2023-04-11,51.91747283935547,52.79929743224733,51.80724564125885,52.77174150873804,15618136.0
2023-04-12,52.26652145385742,52.34000507294502,51.14586735428573,52.09199128841396,21671857.0
2023-04-13,51.94502258300781,52.431866032795796,51.31121188928188,51.78886769628684,15128064.0
2023-04-14,52.24814987182617,52.98300358579202,51.79805000098895,52.137919186687114,17129227.0
2023-04-17,52.24814987182617,52.61557497677964,51.72456638162182,51.8990930436703,14569016.0
2023-04-18,52.23896789550781,53.22183550155567,51.733756131361794,52.3583827319981,14215466.0
2023-04-19,51.439815521240234,52.45023906735514,51.07238686589335,52.34919951599113,13417606.0
2023-04-20,50.98052978515625,51.80724248059329,50.52124573303773,51.623528158934036,15183719.0
2023-04-21,50.20893096923828,51.008084215419295,49.60267617833214,50.998900076431546,16282265.0
2023-04-24,50.144630432128906,50.760069349111085,49.327105421064665,49.869060715509136,16895471.0
2023-04-25,50.337528228759766,50.53042667747922,49.47407552683055,50.2089292629468,14687186.0
2023-04-26,50.57635498046875,51.044823115339135,49.6302275644618,50.15381104039997,19668939.0
2023-04-27,52.633949279785156,53.818902921369634,51.669453514983935,51.71538121729655,37028642.0
2023-04-28,51.85316848754883,52.80848012565688,51.63271060796269,52.35838022752895,15315853.0
2023-05-04,50.90704345703125,52.04606946601934,50.76926034166013,51.84398335860388,15161080.0
2023-05-05,50.03440475463867,50.916229276029185,49.970105268957646,50.916229276029185,12826253.0
2023-05-08,46.92046356201172,49.997665513915955,46.49791954291969,49.997665513915955,50916510.0
2023-05-09,47.05824279785156,47.72879708260333,46.43361621675638,46.45198799903084,19704734.0
2023-05-10,46.66325378417969,47.62774948512463,46.332568742927975,47.398107484706365,13287984.0
2023-05-11,46.36013412475586,46.791858758275005,46.112120311937986,46.64488799927841,10642580.0
2023-05-12,46.36013412475586,46.6370756725334,45.68624173394614,46.5724560954354,13929653.0
2023-05-15,46.443214416503906,46.461677654885754,45.51084024648487,46.36013160453689,10684909.0
2023-05-16,45.31698226928711,46.49860137309246,45.20620635868104,46.470908275816626,23371501.0
2023-05-17,45.409297943115234,45.409297943115234,44.86464469116739,45.29852202518601,11204960.0
2023-05-18,45.1600456237793,45.60315630059958,45.04926971532554,45.39083082060115,11579181.0
2023-05-19,46.24011993408203,46.433978644852296,44.77232601260259,45.16927681360978,15171022.0
2023-05-22,46.54475784301758,46.849395999939475,46.11088405793555,46.424752073475055,11071104.0
2023-05-23,45.79701614379883,46.43398203490581,45.78778276365806,46.387825698710124,6948250.0
2023-05-24,45.04927444458008,45.8339463090505,44.92926514361345,45.8339463090505,9228654.0
2023-05-25,45.1600456237793,45.41852743884157,44.70770861004994,45.04926971532554,8021192.0
2023-05-26,45.12312316894531,45.316981891264504,44.22767546846714,45.1600461245042,9249446.0
2023-05-29,44.3292236328125,45.28005757270667,44.06151194360835,45.13235517892211,10254165.0
2023-05-30,43.849185943603516,44.37537589320656,43.110674042538065,44.329219559671685,16994283.0
2023-05-31,43.69225311279297,43.96919463174922,42.87988827188584,43.84918534898394,17868683.0
2023-06-01,43.61840057373047,43.932268570570855,43.202986530632536,43.66455690707413,9307106.0
2023-06-02,44.90156936645508,45.13235457374278,43.8491893846636,43.89534572182058,12603658.0
2023-06-05,44.65231704711914,45.02157475535329,44.319985814008895,45.01234137582107,5392701.0
2023-06-06,44.45846176147461,45.049271322982136,44.07074430729883,44.72617344450232,7816572.0
2023-06-07,43.80303192138672,44.81848539874549,43.69225601075731,44.6707830107387,9679333.0
2023-06-08,44.35691452026367,44.467690429704895,43.452236963237894,44.07997298590928,8325551.0
2023-06-09,44.38460922241211,44.66155074480935,44.1722837496883,44.36614598471863,5941960.0
2023-06-12,45.03080749511719,45.33544565213098,43.76610557396006,44.37537836648492,11418984.0
2023-06-13,45.01234436035156,45.16928012928253,44.366148610349704,44.93849492670966,7126810.0
2023-06-14,45.36314010620117,46.04626587413077,45.03080884188423,45.104661799067024,13013755.0
2023-06-15,45.83394241333008,46.0093378986787,45.39083172765503,45.75085959995385,13689414.0
2023-06-16,45.94471740722656,46.38782456255724,45.52930334863448,45.898561072161364,9582582.0
2023-06-19,45.14158248901367,45.935480547907815,45.0031099728041,45.935480547907815,10149840.0
2023-06-20,44.790794372558594,45.51084310719835,44.77233113301618,45.233901557067895,7842264.0
2023-06-21,44.09843826293945,44.96618938309748,44.043048544907,44.59693516072299,8368145.0
2023-06-26,43.46147537231445,43.90458258285551,43.03682788089742,43.86765610160132,9340916.0
2023-06-27,43.85841751098633,44.218445378195575,43.01835953050341,43.498393165279744,8680357.0
2023-06-28,43.72917556762695,43.89534118140661,43.350688007684944,43.858414706899474,7752087.0
2023-06-29,41.31977844238281,43.72917636459695,40.05507660023492,43.72917636459695,48990285.0
2023-06-30,41.62441635131836,41.93828434561727,40.87667107979678,40.92283093426918,19539041.0
2023-07-03,42.787574768066406,42.889120819736256,41.624418906899734,41.67980862276584,19470547.0
2023-07-04,42.575252532958984,42.75065153799142,42.14137875338478,42.74141815798831,14667766.0
2023-07-05,41.98444366455078,42.74141884790197,41.679809028081515,42.64910617539679,13984364.0
2023-07-06,41.43056106567383,42.22446273580994,41.3936345876436,41.873668237528285,12432504.0
2023-07-07,41.62441635131836,41.66134282629528,41.1813092161027,41.45825073542468,9823354.0
2023-07-10,42.861427307128906,43.18452517612623,42.00290608779012,42.89835378401507,21635741.0
2023-07-11,43.69225311279297,44.107663630476104,42.556786898518155,42.86142503442176,16309506.0
2023-07-12,43.34146499633789,44.264605875827506,43.11067977646549,43.69225951656478,16257747.0
2023-07-13,43.63686752319336,43.71071695852447,43.23991668396809,43.535321468298136,16294092.0
2023-07-14,43.75687789916992,43.913810154067875,43.3876201488762,43.646098461180074,9217318.0
2023-07-17,43.396846771240234,43.59993887090462,42.93527637855037,43.5630123943288,8333998.0
2023-07-18,43.2768440246582,43.45223951837922,42.57525500676837,43.39684979965017,9583675.0
2023-07-19,43.47993087768555,43.82149551393028,42.94451103740102,43.25837905463772,6734579.0
2023-07-20,43.683021545410156,44.1722850332457,43.4799294463829,43.553782399302854,10771467.0
2023-07-21,43.22145080566406,43.94149948331462,43.046055326147346,43.57224528620008,10333048.0
2023-07-24,42.79680633544922,43.184523765581915,42.60294762038287,42.935275336995524,7815916.0
2023-07-25,44.44923782348633,44.67078967781155,43.37839447023915,43.38762433020969,18672736.0
2023-07-26,44.587703704833984,44.790795824882835,44.283069046263684,44.44923468603039,7951539.0
2023-07-27,45.040042877197266,45.32621428668469,44.44923329715539,44.85541400305846,11232702.0
2023-07-28,45.92625427246094,46.138576231441746,44.716938570610964,44.85541109762145,18398918.0
2023-07-31,45.92625427246094,46.96017097056394,45.85240131898797,46.30474185525327,18452245.0
2023-08-01,45.96318435668945,46.6186135234425,45.50161392576428,45.92625787705474,13065307.0
2023-08-02,44.984649658203125,45.83394100455626,44.6984747494804,45.73239495560617,16407127.0
2023-08-03,45.62161636352539,45.78778198821793,44.495386989112546,45.23389892024458,17027564.0
2023-08-04,45.31698226928711,46.323205887840956,45.23389945595688,46.110883925219845,14364343.0
2023-08-07,44.984649658203125,45.44622004688344,44.68924489116793,45.344673997933356,8391952.0
2023-08-08,44.82771682739258,45.224667638162416,44.5876982563909,44.74463401766162,7315834.0
2023-08-09,44.938499450683594,45.215441017350294,44.8000269065987,44.818490147243566,4699397.0
2023-08-10,45.13235092163086,45.23389696806079,44.62462421098374,44.781556448919076,5706642.0
2023-08-11,43.996891021728516,45.12312394085358,43.98766116305657,45.01234450777382,10517312.0
2023-08-14,43.489166259765625,43.646098514856575,43.11990850901779,43.18452808717323,7206691.0
2023-08-15,43.35068893432617,43.59993736032345,42.84296222425875,43.452234980640156,8578308.0
2023-08-16,42.79680633544922,43.350689384639516,42.741416621929176,43.1106743357244,7686316.0
2023-08-17,42.962974548339844,43.16606313383613,42.538330616889795,42.538330616889795,5580225.0
2023-08-18,42.52909851074219,43.07375175096312,42.32600639765894,42.85219639837204,8114910.0
2023-08-21,41.21824264526367,42.344472150053186,41.21824264526367,42.344472150053186,13865863.0
2023-08-22,40.895137786865234,41.62441988277129,40.39664089689126,41.51364396994467,16920023.0
2023-08-23,40.618194580078125,41.48594565109339,40.52588191008809,41.070535114635604,9926547.0
2023-08-24,40.59050369262695,40.96899129459049,40.295098906777504,40.63666003013415,8650160.0
2023-08-25,40.138160705566406,40.50741842629392,39.83352607924343,40.43356547354737,10503834.0
2023-08-28,40.618194580078125,42.122915047133574,40.47972205359044,41.54133536598899,24523137.0
2023-08-29,41.12592315673828,41.63364990751227,40.64588950390564,40.75666893867664,16016943.0
2023-08-30,40.47972106933594,41.430558450326544,40.4335647354632,41.35670549892813,15617437.0
2023-08-31,40.138160705566406,40.664350668626405,40.06431127432247,40.51664828463593,10988440.0
2023-09-01,40.32278823852539,40.692045947097135,40.13815938423952,40.15662262181836,10938450.0
2023-09-04,41.42132568359375,41.6705741159979,40.341252664678336,40.710506862626914,24410946.0
2023-09-05,41.35670852661133,41.72596626763131,41.06130374239647,41.227469373705176,15176302.0
2023-09-06,40.90436935424805,41.26439369610525,40.572038108994434,41.125921170082044,15137003.0
2023-09-07,40.02738571166992,40.94129313300358,39.98122937590101,40.92283341589817,14182463.0
2023-09-08,39.50119400024414,40.01815057253643,39.15962938326241,39.96276438064942,15885968.0
2023-09-11,40.15662384033203,40.40587227295578,39.39964868414253,39.51042459147444,16431138.0
2023-09-12,39.89814758300781,40.276635180394166,39.741211811577834,40.03661659385485,10235847.0
2023-09-13,39.242713928222656,40.138161632693574,39.21502083105434,40.06431219974384,12809371.0
2023-09-14,38.845767974853516,39.390417686127975,38.63344248416673,39.23348543471048,15730553.0
2023-09-15,38.568817138671875,39.095007053489866,38.34726534374971,38.95653806203909,16484289.0
2023-09-18,38.81806945800781,39.22425365877107,38.43035201710032,38.439581875525555,12346130.0
2023-09-19,38.273414611816406,38.83653103219737,38.08878575769933,38.82730117416764,16062069.0
2023-09-20,37.894927978515625,38.171869505758224,37.71029911985303,38.16263964750125,15368325.0
2023-09-21,37.06410598754883,37.6918420379785,37.00871626962757,37.68260865757355,18883648.0
2023-09-22,37.90415954589844,37.941082498663434,37.01794177099276,37.073331482393876,24676216.0
2023-09-25,37.29488754272461,37.74722453617135,37.13795178474132,37.74722453617135,18921624.0
2023-09-26,37.29488754272461,37.57182906219236,37.21180473473404,37.38720020871303,9999502.0
2023-09-27,37.57183837890625,38.014945624232745,37.27643354868859,37.331819753414806,11395170.0
2023-09-28,37.66414260864258,37.756458798291526,37.3133481309817,37.64567937071279,12611105.0
2023-10-09,37.77491760253906,37.9133901229174,37.25796103899855,37.84877055247483,13122118.0
2023-10-10,37.66414260864258,38.25495213638559,37.627216132783,38.10724975444984,11715243.0
2023-10-11,37.765689849853516,38.11648433859906,37.69184041730337,38.079557861572646,10408430.0
2023-10-12,38.208797454833984,38.35649984315783,37.92262605830181,38.2272606935623,12733867.0
2023-10-13,38.12571334838867,38.21802953889964,37.710299294845775,37.959547726971515,13448207.0
2023-10-16,37.66414260864258,38.33803494631836,37.525673606423,38.21802918202857,11571150.0
2023-10-17,37.52567672729492,37.78415503680353,37.294891516232845,37.66414574103045,9572319.0
2023-10-18,36.741004943847656,37.50721353587664,36.64869226790571,37.50721353587664,12568249.0
2023-10-19,36.00249099731445,36.54714420710829,35.92863804340894,36.46406139471592,14808746.0
2023-10-20,35.799400329589844,36.01172229831916,35.54092202357204,36.002492439462586,11215627.0
2023-10-23,36.1132698059082,36.48252756207512,35.503996973284856,35.72555233128559,14620122.0
2023-10-24,36.22404479980469,36.371747179843034,35.68862147122662,36.19634818251452,14805188.0
2023-10-25,36.46406173706055,36.97178847466844,36.27943287206603,36.75023665387718,12047156.0
2023-10-26,36.16865921020508,36.6117664008374,35.72555201957275,36.50099048355505,12644892.0
2023-10-27,37.10102462768555,37.26719024061193,35.84555619441192,36.07634137664274,17380158.0
2023-10-30,37.84877395629883,38.07955916334943,36.93486298691721,36.97178946520598,16376072.0
2023-10-31,36.27943801879883,38.11649002777596,36.03018954392234,38.07956354523799,34665503.0
2023-11-01,36.01171875,36.76869739725619,35.7717037068474,36.39020631287686,21422743.0
2023-11-02,35.47630310058594,36.260971413453326,35.09781549344358,36.1871219767319,25168142.0
2023-11-03,36.02095413208008,36.0948035642703,35.40244797016152,35.411681350124454,19045441.0
2023-11-06,37.04563903808594,37.05486889606369,36.13172815217968,36.196347722531364,22116649.0
2023-11-07,36.83332061767578,36.9625597707584,36.491755974239936,36.92563329230542,11809077.0
2023-11-08,36.870243072509766,37.11026165768264,36.6486912478147,36.85177983353472,11010404.0
2023-11-09,36.944091796875,37.23026668595597,36.74099971291417,36.796389423495036,9580753.0
2023-11-10,37.06410598754883,37.11949218396727,36.34405374058372,36.907170214189996,11771113.0
2023-11-13,37.24872970581055,37.387202233796046,36.86101226185543,36.944095074346194,13537523.0
2023-11-14,37.636451721191406,37.76569087278176,37.15641807135383,37.33181355972606,13916446.0
2023-11-15,37.839542388916016,38.0518643472353,37.516441000732435,38.0518643472353,13148238.0
2023-11-16,37.894927978515625,38.107249933451705,37.57183011698302,37.80261530993562,12125607.0
2023-11-17,37.80261993408203,37.98724881532907,37.488751892412985,37.68261063304601,10833440.0
2023-11-20,38.30111312866211,38.541128185867414,37.581060914040854,37.858002448201646,17369199.0
2023-11-21,38.5411262512207,38.95654029236071,38.227258255859645,38.48573653856787,16029762.0
2023-11-22,37.8303108215332,38.448817009316805,37.8303108215332,38.338037574144856,9798289.0
2023-11-23,37.84877395629883,37.931856771697156,37.38720354219762,37.682608325502166,9310413.0
2023-11-24,37.9503173828125,38.061093288504864,37.39643081134558,37.76568852565686,9129791.0
2023-11-27,37.710304260253906,37.922629765635264,37.45182593579389,37.913396384617094,11495352.0
2023-11-28,38.587284088134766,38.64267380294619,37.44259148738629,37.69183992178377,16203397.0
2023-11-29,38.4395866394043,38.94731343177911,38.32881071705961,38.661142005596744,12914834.0
2023-11-30,39.01192855834961,39.104244751014136,38.245723527498754,38.32880634014549,19002155.0
2023-12-01,38.47651290893555,38.93808335791846,38.00570907893127,38.93808335791846,15498226.0
2023-12-04,38.171875,38.71652827462251,37.978016255177515,38.49497642954056,10029008.0
2023-12-05,37.36874008178711,38.38419709969876,37.32258374495085,38.2457245676872,11366111.0
2023-12-06,37.24872970581055,37.80261629624987,37.156417034822,37.368738995297804,9489902.0
2023-12-07,37.313350677490234,37.55336926545538,36.741004348616336,37.22103800304382,10095419.0
2023-12-08,38.024169921875,38.3565011876282,37.24873147561849,37.304121193744976,16099122.0
2023-12-11,38.402652740478516,38.63343792166289,37.119487696533795,37.66414086498901,13701647.0
2023-12-12,38.245723724365234,38.71652398411836,38.088787956779065,38.31034329881169,9727975.0
2023-12-13,37.24872970581055,38.20879697870323,37.24872970581055,38.116484307714686,8752797.0
2023-12-14,37.14719009399414,37.79338588467382,37.0918003741489,37.617990387418324,6608545.0
2023-12-15,37.02717971801758,37.57183295539229,36.93486352096085,37.35951098441609,9424243.0
2023-12-18,37.17488098144531,37.44259266251535,36.79639338877836,36.99025211444864,8372013.0
2023-12-19,36.75023651123047,37.25796324686762,36.47329145406231,37.184110292555395,8647528.0
2023-12-20,36.44559860229492,37.15641744557317,36.44559860229492,36.75023675862962,7178136.0
2023-12-21,36.870243072509766,37.10102827744373,36.316359989269344,36.454832520830834,9969383.0
2023-12-22,36.62099075317383,37.12872096750007,36.40866880968394,36.87947254996784,8430276.0
2023-12-25,36.63022232055664,36.82408101743632,36.344047443137434,36.63945217785948,6053415.0
2023-12-26,36.30712890625,36.65791987043891,36.048647090818136,36.519450865049386,5058279.0
2023-12-27,36.0394172668457,36.41790484967645,35.69785263925254,36.344051896195985,8830829.0
2023-12-28,36.907169342041016,37.23950059870966,35.83632613805469,36.14096429716852,13255355.0
2023-12-29,37.29488754272461,37.341043875718825,36.741000982286636,36.91639997776811,12090216.0
2024-01-02,36.18711853027344,37.29488814761393,36.140962196530616,37.29488814761393,18035438.0
2024-01-03,35.80863571166992,36.18712333299771,35.16243638899973,36.18712333299771,19950044.0
2024-01-04,35.31013488769531,35.77170527838414,34.996266881166804,35.7347788019684,15703121.0
2024-01-05,35.300907135009766,35.76247755323085,35.03319544728086,35.227054177773034,14937160.0
2024-01-08,35.356292724609375,35.679394124720396,35.04242470474589,35.402449061338736,13738721.0
2024-01-09,35.96556854248047,36.0486513641642,35.079354125522734,35.40245203123553,15883764.0
2024-01-10,36.0394172668457,36.47329104328415,35.58707673053449,35.79016883110312,11209869.0
2024-01-11,36.41790771484375,36.64869293037317,35.83632798568878,36.03942010223561,10691435.0
2024-01-12,35.86402130126953,36.41790793478706,35.79940172225126,36.242508916163516,7534882.0
2024-01-15,35.85478973388672,36.30713028696748,35.60554128890378,35.68862410389809,8734045.0
2024-01-16,36.27943801879883,36.353290983874764,35.467073010479524,35.651701901666165,12601978.0
2024-01-17,35.72555160522461,36.33482442546552,35.72555160522461,36.18712203030115,11461866.0
2024-01-18,35.87324905395508,36.00248819171573,34.60854724965137,35.5963075413962,18417149.0
2024-01-19,35.40244674682617,35.799397555452074,35.11627536491159,35.642465316531506,13583396.0
2024-01-22,34.76548385620117,35.54092230182845,34.5254687875202,35.263980754426456,16582898.0
2024-01-23,34.41468811035156,34.75625274394982,33.85157165542208,34.75625274394982,20616879.0
2024-01-24,34.83010482788086,34.88549454818031,33.64848563351637,34.70086566868512,15999150.0
2024-01-25,35.46706771850586,35.49476433702838,34.77471212098841,35.12550660975133,15954601.0
2024-01-26,34.95011520385742,35.41168565605522,34.53470109257879,35.31013959313121,15547475.0
2024-01-29,34.017738342285156,35.01473213385365,34.017738342285156,34.84856650192557,11864341.0
2024-01-30,31.765277862548828,34.183906006691636,31.47910291910135,33.92542768454748,39312822.0
2024-01-31,32.51301956176758,32.71610813976575,31.765274258471315,31.765274258471315,26303513.0
2024-02-01,32.04221725463867,32.65149005949644,31.940671200245244,32.51302104837132,17869006.0
2024-02-02,31.460643768310547,32.43917087495551,30.81444442977893,32.3099317115498,18842779.0
2024-02-05,31.737581253051758,32.11606883498056,30.399026407180695,31.829893923179704,25697515.0
2024-02-06,33.4638557434082,33.593094898700905,31.38678883519666,31.469871652385237,20745504.0
2024-02-07,34.008506774902344,34.29468168695798,33.16844879858063,33.57462947760891,22644206.0
2024-02-08,34.663936614990234,34.91318505557878,33.95311777068277,34.13774663647089,19464765.0
2024-02-19,34.9316520690918,35.263983359122236,34.71933008301748,35.2362867372843,14451728.0
2024-02-20,35.3286018371582,35.40245127624491,34.85779801715639,35.35629493662785,13050437.0
2024-02-21,36.32558822631836,36.81485523355785,34.98703691466064,35.19935887114085,21237930.0
2024-02-22,36.29789352416992,36.54714194592596,36.002488769829974,36.53791208801016,9573273.0
2024-02-23,36.32558822631836,36.71330918447979,36.07634331503917,36.297895129843475,11407294.0
2024-02-26,36.16865921020508,36.897941335444976,36.16865921020508,36.63945949978226,9773526.0
2024-02-27,35.82709503173828,36.344051616106945,35.503993645005245,36.16865613519652,16726386.0
2024-02-28,35.079349517822266,35.864017769488306,35.079349517822266,35.83632467306559,19057857.0
2024-02-29,35.40244674682617,35.40244674682617,34.92241665042057,35.06088565155593,17215143.0
2024-03-01,35.12550735473633,35.494765089845046,34.987038345197625,35.43014551442643,16337869.0
2024-03-04,34.97780990600586,35.42091713782859,34.94088342297815,35.28244810872956,14547980.0
2024-03-05,35.079349517822266,35.153202470286296,34.59931589131386,34.81163784739405,16572821.0
2024-03-06,34.71009063720703,35.03319201117322,34.59931473371983,34.89471949068736,11804920.0
2024-03-07,34.350067138671875,35.300904524515,34.16543828073615,34.80240766453929,14077905.0
2024-03-08,34.47007369995117,34.66393240078444,34.01773320983793,34.35929780254677,12237588.0
2024-03-11,35.14397048950195,35.21782344490595,34.34083896774853,34.47007811820279,16606649.0
2024-03-12,36.196346282958984,36.25173599313,35.00549392554966,35.208586008007714,23218818.0
2024-03-13,35.956336975097656,36.40867402161035,35.57784936573886,36.159425568398035,13800270.0
2024-03-14,35.71631622314453,36.55637420884699,35.56861383625737,35.817862274411205,11671611.0
2024-03-15,35.97480010986328,35.97480010986328,35.38399052834329,35.70708841776739,9428369.0
2024-03-18,35.94710159301758,36.15942355507964,35.633233579207854,36.07634426347086,12388016.0
2024-03-19,35.55015182495117,35.86401984810939,35.54092196610952,35.734780695309446,8915359.0
2024-03-20,36.214813232421875,36.40867195564131,35.46706791521489,35.55015072823789,14908653.0
2024-03-21,35.7901725769043,36.27943611965943,35.67939665659244,36.1501969590451,9021257.0
2024-03-22,35.11627960205078,35.725552436467936,34.90395762415572,35.71631905570996,11903656.0
2024-03-25,34.867027282714844,35.503993145858026,34.83010080677833,35.44860695345584,9748954.0
2024-03-26,35.02396011352539,35.29167178632353,34.78394505889774,35.180895878149435,9955463.0
2024-03-27,33.5838623046875,35.27320808794157,32.586868579617494,35.26397822967355,52748693.0
2024-03-28,33.546939849853516,33.86080789112799,33.02997968731231,33.3346178692124,25112256.0
2024-03-29,33.602325439453125,33.602325439453125,32.66072143139289,33.58386220147125,13991365.0
2024-04-01,33.713104248046875,34.37776678660183,33.3623097391981,33.602328332122006,24949570.0
2024-04-02,33.011512756347656,33.74079481799567,32.9561265632875,33.71310172146559,26123949.0
2024-04-03,32.62379455566406,32.956125792260366,32.50378527100372,32.956125792260366,18115661.0
2024-04-08,32.162227630615234,32.66072453904998,32.01452523420897,32.64226129931133,18973366.0
2024-04-09,32.18069076538086,32.33762302039309,31.82989625449667,32.134534426936256,14140601.0
2024-04-10,31.78373908996582,32.217616407374614,31.5252607841918,32.189919787825396,17542237.0
2024-04-11,31.506793975830078,31.802198726537046,31.32216512626262,31.44217440670683,15610889.0
2024-04-12,31.654497146606445,31.848355858847526,31.229853246982408,31.516024625575675,16902959.0
2024-04-15,32.162227630615234,32.29146678728286,31.396019028224472,31.40525240884525,20938760.0
2024-04-16,31.543716430664062,32.042213260177334,31.534486573007452,31.848354555867402,16841680.0
2024-04-17,32.17145919799805,32.18992243871707,31.552956480674723,31.552956480674723,20848483.0
2024-04-18,32.21761703491211,32.494558585278966,31.774506328521696,32.05145140039142,20722418.0
2024-04-19,31.756046295166016,32.236076432900894,31.719119816416306,32.07914418046888,20122478.0
2024-04-22,32.873046875,33.21460801016078,31.783740368970857,31.83913008879542,30451835.0
2024-04-23,32.669952392578125,32.93766407009947,32.44840057232111,32.90997097294302,13810608.0
2024-04-24,32.393009185791016,32.82688646687864,32.21761371034192,32.73457027861399,15563082.0
2024-04-25,33.31615447998047,33.45462702049821,32.263774440855215,32.41147684070608,26005217.0
2024-04-26,33.546939849853516,33.583866330357104,33.09459926744209,33.159218847571864,27447495.0
2024-04-29,33.62078857421875,34.29468450381443,33.28846082126434,33.537709277107346,27489842.0
2024-04-30,33.4638557434082,34.128518280916815,33.242300390404374,34.02697222418602,24172816.0
2024-05-06,34.28544616699219,34.5993141562192,33.99004141495529,34.24851969261197,31034459.0
2024-05-07,34.4423828125,34.56238857508355,33.99004229340791,34.34083676608121,22543114.0
2024-05-08,34.03620147705078,34.43315231638209,33.879269225991,34.39622583795527,15523385.0
2024-05-09,34.75625228881836,34.876258056508505,33.953117262877235,34.11928288745108,22416842.0
2024-05-10,34.83933639526367,34.95011230859361,34.59008794914421,34.765483438708515,12512748.0
2024-05-13,34.43315124511719,34.839335452169635,34.21159942445467,34.839335452169635,18866095.0
2024-05-14,34.94917678833008,35.24941104085688,34.26426717606115,34.714618554851356,23201957.0
2024-05-15,34.395626068115234,35.033624876636274,34.301804187657865,34.94918375259451,13491225.0
2024-05-16,34.13291931152344,34.57388641061139,34.104769886293326,34.51759471830125,16383496.0
2024-05-17,35.615325927734375,35.65285610893232,34.132919561166226,34.189211253888075,35565671.0
2024-05-20,35.92494201660156,36.478499623410364,35.455825521986476,35.746675458039945,24689850.0
2024-05-21,36.64738082885742,36.80687871463598,35.61532242195459,35.66223335429682,29837500.0
2024-05-22,36.14073944091797,36.65676693009477,36.12197434942924,36.63800183860604,15568181.0
2024-05-23,36.14073944091797,36.3377675329368,35.737298921598324,36.168885288613446,15592690.0
2024-05-24,35.634090423583984,36.046911672646,35.559033641515896,35.96247413497253,15699966.0
2024-05-27,35.652854919433594,36.121971431531406,35.46520759877948,35.78420697016899,15714555.0
2024-05-28,35.31509017944336,35.63408954831604,35.164973039919445,35.4182963839426,11073529.0
2024-05-29,35.23065185546875,35.643476706166496,35.099299795365,35.277562794209345,9627278.0
2024-05-30,34.6677131652832,35.36200364307435,34.489446588737366,35.36200364307435,16010714.0
2024-05-31,34.57388687133789,34.98671170884706,34.49883008756583,34.78968362498591,13886600.0
2024-06-03,34.94917678833008,35.014852807378155,34.26426717606115,34.66770762397053,15020813.0
2024-06-04,35.29632568359375,35.41829697997041,34.71462220553391,34.967945553820044,12207386.0
2024-06-05,35.380767822265625,35.59656099650735,35.1649746480239,35.277561613046736,9726578.0
2024-06-06,35.02424621582031,35.71853676252701,34.89289056461516,35.38077224615055,15107264.0
2024-06-07,35.521507263183594,35.8405066740376,34.911654290379495,35.4183010451021,18285315.0
2024-06-11,34.7990608215332,35.54026572300001,34.480061470210444,35.52150063420753,13281359.0
2024-06-12,34.996089935302734,35.25879760720534,34.71462075311943,34.71462075311943,8037400.0
2024-06-13,34.245506286621094,35.15559348940518,34.020328780080426,34.996092009964904,12729765.0
2024-06-14,34.423770904541016,34.555126544025555,33.98280378446333,34.104771509657574,15452600.0
2024-06-17,34.28303527832031,34.423768083335716,33.954651575134534,34.15168322867597,11688537.0
2024-06-18,33.89836120605469,34.54574072413902,33.851450269221054,34.245506433513675,12149467.0
2024-06-19,34.13291931152344,34.19859533860196,33.7763897509007,33.96403707644293,8686014.0
2024-06-20,33.86083221435547,34.66771324090679,33.823302031940244,34.08600972977161,10228878.0
2024-06-21,33.68256378173828,34.10476573902313,33.19468222628675,33.70132529084349,13920671.0
2024-06-24,33.11962890625,33.898364125234906,33.100863814085564,33.898364125234906,11616131.0
2024-06-25,33.3260383605957,33.757624704554324,33.1665368810001,33.41047947824631,14834777.0
2024-06-26,33.541831970214844,33.6168923331392,32.95074413894835,33.26974352322669,8849049.0
2024-06-27,33.04457092285156,33.81392177842188,33.04457092285156,33.588744259659116,8784267.0
2024-06-28,33.485530853271484,33.757619252767824,32.92259254589755,33.04456382482254,9687845.0
2024-07-01,33.11962890625,33.48553925576807,32.38780820721387,33.194689274907745,11406125.0
2024-07-02,32.74433898925781,33.12901444490933,32.65051352502848,32.969512945257215,7844100.0
2024-07-03,32.29397964477539,32.88506746442136,32.284598889131814,32.75371541096115,10085891.0
2024-07-04,32.29397964477539,32.73495032059897,32.20015777203953,32.42533527731062,8909626.0
2024-07-05,32.29397964477539,32.52853790569006,31.834247457664656,32.29397964477539,12658402.0
2024-07-08,32.29397964477539,32.397185852229846,31.993745357130617,32.16262759131518,8620900.0
2024-07-09,32.50977325439453,32.575449274781214,31.862390226190556,32.340891036521725,11355047.0
2024-07-10,32.69742202758789,33.01642142401156,32.359661118793916,32.42533714931568,12803805.0
2024-07-11,32.93198013305664,33.29789404575412,32.725571286365366,33.11962746747389,9285423.0
2024-07-12,32.87568664550781,33.110244905971065,32.41595088020682,33.08209548094446,10023775.0
2024-07-15,32.55668258666992,33.15715107446028,32.519152411414396,32.86629758484173,8663171.0
2024-07-16,32.57545471191406,32.7161875309145,32.190779280125746,32.39718813047478,8654450.0
2024-07-17,33.41048049926758,33.54183255761039,32.415952147553895,32.566069296956414,18135647.0
2024-07-18,33.74824523925781,33.86083220740518,33.1853032403706,33.41048075574052,12976550.0
2024-07-19,34.039093017578125,34.114153377569124,33.51368481394095,33.701328555768534,11311257.0
2024-07-22,34.06724166870117,34.24550465102035,33.80453399377174,34.0766224239496,10447558.0
2024-07-23,33.4480094909668,34.367477445717626,33.40109497544964,34.19859521126594,9578503.0
2024-07-24,33.09148406982422,33.61689592927488,32.93198257108498,33.44801367370415,8481105.0
2024-07-25,33.09148406982422,33.269747082226445,32.84754144329962,32.88507162877655,7586348.0
2024-07-26,32.80062484741211,33.26036059257493,32.72556806847065,33.09147836611307,9098770.0
2024-07-29,32.13447952270508,32.92259536803076,32.08756858958178,32.838154256778914,9918286.0
2024-07-30,31.684127807617188,32.08756827080414,31.3932742986226,32.08756827080414,12226841.0
2024-07-31,32.885066986083984,33.14777466825815,31.646599672794956,31.69351060848053,16477798.0
2024-08-01,32.5191535949707,32.86629878103262,32.44409682080242,32.83815293810384,8477583.0
2024-08-02,32.284603118896484,32.69742442372504,32.24707293325512,32.39719009674509,5733282.0
2024-08-05,32.29397964477539,32.91321688950214,32.1532468356716,32.35027491586192,10288978.0
2024-08-06,32.36903762817383,32.706802071728475,32.22830125033447,32.59421511690184,7871250.0
2024-08-07,32.50977325439453,32.74433149265401,32.2376848390356,32.36903687980897,6712012.0
2024-08-08,33.063331604003906,33.354181535559945,32.41594856083773,32.519154760709135,10127313.0
2024-08-09,32.75371551513672,33.2885080653971,32.75371551513672,33.07271489415827,4667514.0
2024-08-12,32.3878059387207,32.791246444310026,32.3784216037581,32.65051005247185,4519205.0
2024-08-13,31.993745803833008,32.46286233221223,31.77795263026757,32.4347164858135,7790147.0
2024-08-14,31.665367126464844,31.98436652364261,31.487104125923683,31.97498576743528,6268100.0
2024-08-15,32.2470703125,32.275219738981036,31.571544921233563,31.674747554746688,7807322.0
2024-08-16,32.49100875854492,32.53791969123763,32.11571413885376,32.1813901604385,6438903.0
2024-08-19,32.21892166137695,33.07271355611654,32.172010726757726,32.40656897892876,5921517.0
2024-08-20,32.08757019042969,32.36903938228676,31.918687959500456,32.228302996820744,5366805.0
2024-08-21,32.16263198852539,32.415955374436095,31.9562231244717,31.993749731251587,4356807.0
2024-08-22,31.965600967407227,32.33151129845217,31.815483816745832,32.181394147790776,6100450.0
2024-08-23,32.43471908569336,32.46286493434818,31.890545730273026,31.965602519711013,6800386.0
2024-08-26,32.36903762817383,32.58483078287268,32.12509862953701,32.36903762817383,5520237.0
2024-08-27,31.890541076660156,32.39718417389215,31.61845264911669,32.36903832934449,7862698.0
2024-08-28,31.177480697631836,31.899920503223207,30.924157370029043,31.787333550646864,12545891.0
2024-08-29,33.43862533569336,33.48553627238725,31.637219597307546,31.89054295034462,31677233.0
2024-08-30,34.104766845703125,34.65832443820935,33.26035932465828,33.419857210750465,25414652.0
2024-09-02,34.010948181152344,34.33932831816793,33.851450280051935,33.86083103579164,14503990.0
2024-09-03,34.91164779663086,34.977323817907475,33.888973720798866,33.94526898721085,17036458.0
2024-09-04,34.71462631225586,35.305714194848896,34.48006802636224,34.93041950578894,18931996.0
2024-09-05,34.41438674926758,34.799062136361016,34.1516826543964,34.724001778355046,13305980.0
2024-09-06,34.08600997924805,34.79906555498019,34.04847979655814,34.41439013009669,8815288.0
2024-09-09,33.9171257019043,34.442533911748676,33.77638931479598,34.142299626387604,9776108.0
2024-09-10,33.99217987060547,34.08600531448998,33.682564853473394,33.93588460427476,7243402.0
2024-09-11,34.21736145019531,34.433154628332424,33.77639075887265,33.945272998993026,7156619.0
2024-09-12,34.04848098754883,34.48006736635367,33.87959873861209,34.21736323648557,8432501.0
2024-09-13,33.88897705078125,34.17044625234931,33.79515517661692,34.03909419688922,8478950.0
2024-09-18,34.32994842529297,34.32994842529297,33.58874343559936,33.87959697789152,8732472.0
2024-09-19,34.639564514160156,35.099300310343764,34.11415626603633,34.461301512700324,15181863.0
2024-09-20,35.24003601074219,35.6434765241869,34.4425357399229,34.63018307300245,22236378.0
2024-09-23,35.24003601074219,35.84050461333659,35.05238867766264,35.21188658438138,12632650.0
2024-09-24,35.887413024902344,35.887413024902344,35.18373825970818,35.74667664023354,20985959.0
2024-09-25,36.168880462646484,36.82564426082001,36.09382368578152,36.48787981724078,19982705.0
2024-09-26,38.05473327636719,38.064114031945955,36.03753081480658,36.03753081480658,30128449.0
2024-09-27,40.043785095214844,40.77560569665252,38.64581633754363,38.81469856542538,54516981.0
2024-09-30,42.201725006103516,42.74590192976538,40.81314042792965,41.13213982960982,86042613.0
2024-10-08,41.89210891723633,46.32995100525945,40.96325658296395,46.32995100525945,141784648.0
2024-10-09,38.51446533203125,41.179047291902734,38.46755439614363,41.179047291902734,71399304.0
2024-10-10,39.07740783691406,39.93119976647155,38.56137679783396,38.94605220391865,48460769.0
2024-10-11,39.1524658203125,40.23143528902072,38.7302602204234,39.87490571810603,42052565.0
2024-10-14,40.794368743896484,41.263485224731184,39.471460411105625,39.471460411105625,51296033.0
2024-10-15,39.856136322021484,40.79436929639791,39.83737123304498,40.79436929639791,35727463.0
2024-10-16,39.74354934692383,40.10945963409165,39.12431572731487,39.40578490366899,22687549.0
2024-10-17,39.368255615234375,40.3909297230516,39.35887486007635,39.781080423684344,20098005.0
2024-10-18,39.89366912841797,40.43784242829094,39.12431832506566,39.48084788096002,31790129.0
2024-10-21,39.687255859375,40.09069634256463,39.29319971062695,39.90304902355726,37098605.0
2024-10-22,40.70992660522461,40.756837536307444,39.40578339411881,39.66848747144238,31194808.0
2024-10-23,40.62548828125,41.37607396722837,40.47537114405432,40.70992939461475,31415643.0
2024-10-24,40.48475646972656,40.8881969568957,40.27834405887492,40.390931019759925,15838792.0
2024-10-25,40.71931457519531,41.32916389188209,40.48475631976003,40.49413707518446,23504663.0
2024-10-28,40.512901306152344,40.80375482519239,39.96872444712417,40.80375482519239,24251061.0
2024-10-29,40.390933990478516,40.691168294303814,40.1563757169228,40.512905294868546,21032438.0
2024-10-30,41.479278564453125,42.21110271164345,40.99139699268449,41.563719674549134,49328970.0
2024-10-31,41.901485443115234,42.17357387083526,40.71931344337367,41.563720992024834,32359653.0
2024-11-01,42.53010559082031,42.78342536304486,41.72322460054944,41.75137044655772,36841410.0
2024-11-04,43.130577087402344,43.440192151688734,42.22048982802744,42.55825431930371,29752917.0
2024-11-05,43.243160247802734,43.421423234013155,42.78342449094698,43.064897261592314,32249166.0
2024-11-06,42.83033752441406,43.327599864962814,42.50195382970795,43.327599864962814,29926244.0
2024-11-07,43.30461883544922,43.3239739309676,42.33670159783562,42.588358454998215,33257547.0
2024-11-08,43.478843688964844,44.03055995127269,43.169110445890105,43.478843688964844,32313493.0
2024-11-11,42.96584701538086,43.130394871247724,42.036647322533454,43.05295971735476,29913759.0
2024-11-12,43.217506408691406,44.61130591040548,42.97552709776326,43.130393709064826,33867566.0
2024-11-13,43.594993591308594,43.71114262683574,42.62707634652276,43.052958604996476,22607160.0
2024-11-14,42.58835983276367,43.36269290944256,42.49156958279557,43.28526144793035,21445354.0
2024-11-15,41.543006896972656,42.58835930681295,41.49461177258627,42.346379992569695,25919148.0
2024-11-18,40.962257385253906,41.891457051401034,40.894503473700134,41.543006253518044,19671771.0
2024-11-19,40.962257385253906,41.591405069466106,40.46862121646051,40.942898597336935,23848629.0
2024-11-20,40.68156433105469,41.23327691556933,40.36215353111486,41.13648665917825,21063741.0
2024-11-21,40.758995056152344,40.904180424945324,40.26535520224707,40.85578530201433,18573730.0
2024-11-22,39.839473724365234,41.039692734826495,39.791078600495055,40.768673394993215,20737960.0
2024-11-25,40.65252685546875,40.942901308831225,40.06209670798853,40.362152402106275,27324717.0
2024-11-26,40.720279693603516,41.30102858495547,40.168567139125734,40.66220332754376,20385084.0
2024-11-27,40.51701736450195,40.710601556254865,39.71364426103632,40.3137556247015,23664862.0
2024-11-28,39.733001708984375,40.82674921702432,39.39423215407923,40.81706797699205,27467670.0
2024-11-29,39.89754867553711,39.95562134520033,39.21032464859611,39.68460570727557,23481961.0
2024-12-02,39.868507385253906,40.23631694814942,39.30711733986594,39.66524566325022,27349540.0
2024-12-03,39.77172088623047,39.93626505029364,39.41359252914898,39.83947479994017,17417177.0
2024-12-04,39.2103271484375,39.6846082373546,39.08450056127106,39.6846082373546,21526178.0
2024-12-05,38.92963409423828,39.161932173213415,38.80380381427844,39.016746796931805,12955398.0
2024-12-06,39.2780876159668,39.549103290913614,38.8618828624061,39.00706824870833,19799646.0
2024-12-09,39.52006530761719,39.887871224793784,38.95867149880318,39.278085981537664,19787895.0
2024-12-10,40.01369857788086,41.31070781837574,39.92658587917929,40.826749201658416,32923748.0
2024-12-11,39.72332000732422,40.30406880994914,39.626526078679504,40.01369440863668,16128042.0
2024-12-12,40.826751708984375,40.87514683516599,39.54910117777016,39.771721712054756,28341490.0
2024-12-13,40.20728302001953,40.797713126958264,40.05241640937259,40.36214963066647,27591083.0
2024-12-16,38.910274505615234,40.17824375037108,38.7166903155751,40.149207414174015,24968714.0
2024-12-17,39.09417724609375,39.15225361048828,38.571501043476886,38.71669010830756,13840045.0
2024-12-18,38.813480377197266,39.24904387960852,38.73604891694154,39.14257239098452,13254455.0
2024-12-19,39.89754867553711,39.89754867553711,38.24240743622354,38.60053946326541,16759569.0
2024-12-20,38.95866775512695,39.65556932880792,38.95866775512695,39.43294881328453,19051703.0
2024-12-23,39.3458366394043,39.95562183216686,38.9102731500659,38.9102731500659,23717521.0
2024-12-24,39.87818908691406,40.12016838514496,39.2103238607177,39.29743655577327,19417661.0
2024-12-25,39.39423370361328,39.88786988765051,39.19097196267509,39.85883355103402,16700717.0
2024-12-26,39.05546188354492,39.44263028349773,39.03610678662764,39.3942351565815,15108070.0
2024-12-27,39.3458366394043,39.46198567245747,38.90059191012994,39.055458518304576,14282421.0
2024-12-30,39.558780670166016,40.42022651239277,39.210329836835726,39.30712378626727,24570671.0
2024-12-31,39.00706100463867,39.55877349321329,38.91994831211052,39.46198325365355,19460595.0
2025-01-02,37.826210021972656,39.036106652271506,37.64230337108788,39.00706662237251,18964093.0
2025-01-03,38.1843376159668,38.65861501772683,37.61326627035982,37.826209254511674,20772247.0
2025-01-06,38.43599319458008,38.76508520798519,38.01011093288987,38.600541047438284,14633069.0
2025-01-07,38.94898986816406,38.98770375012248,38.08754045606714,38.3585597836427,16064032.0
2025-01-08,38.60054397583008,38.842523307211614,38.05850894430327,38.80380572803579,13700094.0
2025-01-09,38.52310562133789,38.75540738480791,37.990751874928534,38.33920267397794,9315937.0
2025-01-10,37.932674407958984,38.65861232076565,37.932674407958984,38.52310450114486,12682700.0
2025-01-13,38.126258850097656,38.13594009002875,37.50679241771042,37.55518754043233,12393725.0
2025-01-14,39.200645446777344,39.25872180630082,37.99074898237063,38.18433315513791,18189131.0
2025-01-15,39.29743957519531,39.56845892080924,38.91027488366469,39.229685661869674,13497365.0
2025-01-16,38.14562225341797,38.968350516177246,38.12626346352448,38.968350516177246,19831696.0
2025-01-17,38.43599319458008,38.61989983555756,37.79716795588912,38.10690118117496,10891669.0
2025-01-20,38.25209045410156,38.94899206094325,38.232731665876926,38.69733150633427,14293743.0
2025-01-21,37.80685043334961,38.52310715564618,37.73909651887051,38.32952296042958,16027804.0
2025-01-22,37.71005630493164,37.80685024822168,37.293851579562975,37.75845143042096,15278415.0
2025-01-23,37.40999984741211,38.25208674583734,37.390641061064166,37.95203109591067,19039495.0
2025-01-24,37.293853759765625,37.65198583240811,37.19706350312862,37.50679675514098,20118761.0
2025-01-27,38.048828125,38.37792013508271,37.35192652898691,37.41000289275842,24497414.0
2025-02-05,38.048828125,38.1165820365778,37.700377326993454,38.08754200853642,15778661.0
2025-02-06,38.861881256103516,38.90059514213027,37.845565132437684,37.845565132437684,18939343.0
2025-02-07,39.200645446777344,39.44262473965868,38.61021538137711,38.842517127160036,20058101.0
2025-02-10,39.17161178588867,39.37487351962311,38.83283853735337,39.10385787464386,16317614.0
2025-02-11,39.12321472167969,39.37487528240815,38.89091664195801,39.171613539573826,14914831.0
2025-02-12,38.83283996582031,39.268403477210065,38.59086064752727,39.181290774932116,15721046.0
2025-02-13,39.01674270629883,39.258722000376395,38.80379974597105,39.02642025344509,15684927.0
2025-02-14,39.2780876159668,39.37487787350162,38.91027799117351,39.05546337747574,16769888.0
2025-02-17,39.03610610961914,39.587818669980976,38.8425219130001,39.46198838833188,15855900.0
2025-02-18,39.103858947753906,39.15225407249811,38.47471124914524,39.04578258267406,24207881.0
2025-02-19,39.92658615112305,40.30407328396387,38.81347984816723,38.87155621180092,45372472.0
2025-02-20,40.720279693603516,41.61076551162944,39.9556241558847,39.97498294457128,36552017.0
2025-02-21,40.846107482910156,41.45589636625971,40.66220084775885,40.75899478528879,32597116.0
2025-02-24,40.20728302001953,41.17520025964074,40.120170320761176,40.797713126958264,24849731.0
2025-02-25,39.5781364440918,40.023377500613435,39.520063771169795,39.97498237574131,18203685.0
2025-02-26,39.43294906616211,39.83947252520889,39.220006096769325,39.684605918098995,20022993.0
2025-02-27,40.31375503540039,40.52669432013567,39.22968505435539,39.49102315555492,35059082.0
2025-02-28,40.381507873535156,40.93322039728827,40.20728247736984,40.34279029831816,33791261.0
2025-03-03,40.768672943115234,41.301026684409145,40.37182702408037,40.38150826413386,26451164.0
2025-03-04,40.478302001953125,40.92354308272269,40.265359010145275,40.65252741483018,15223442.0
2025-03-05,40.846107482910156,41.13648191087765,40.31375374958456,40.53637426743668,21820338.0
2025-03-06,41.01065444946289,41.34942771557334,40.67188487566387,41.0493720271289,23900633.0
2025-03-07,40.788028717041016,41.213914632455975,40.61380333206416,40.89450019589476,15033058.0
2025-03-10,40.79771423339844,41.08808867469755,40.284715571714955,40.78803299304537,19113722.0
2025-03-11,40.97193908691406,41.07840688318988,40.468621672336724,40.64284707324085,21633410.0
2025-03-12,41.659156799316406,41.804342162623406,40.517014218208224,40.9719364796545,33051902.0
2025-03-13,42.24959182739258,42.24959182739258,41.33974719788848,41.42685990300458,34441669.0
2025-03-14,42.68514633178711,42.78194026556083,41.949530896662,42.394771915088015,35679647.0
2025-03-17,42.25926971435547,43.02392527735444,42.10440309205416,42.97553015019369,21064999.0
2025-03-18,42.104400634765625,42.36573873695532,42.046324270175255,42.259267248028635,14009897.0
2025-03-19,42.104400634765625,42.259267248028635,41.86242132077272,42.046324270175255,12744324.0
2025-03-20,41.659156799316406,42.046321460446144,41.54300407789753,42.00760757895091,13782547.0
2025-03-21,41.359107971191406,42.0850459845474,41.14616497240058,41.620446099076965,15627797.0
2025-03-24,41.155845642089844,41.823707275870795,40.97194267715899,41.28167592983812,14565650.0
2025-03-25,40.94289779663086,41.37846128546643,40.77835364102141,41.26231225254734,10793857.0
2025-03-26,40.826751708984375,41.09776736945059,40.57509114514165,40.88482807578919,12099490.0
2025-03-27,40.97193908691406,41.09776567132493,40.67188340928777,40.72995977369292,9038072.0
2025-03-28,40.69124221801758,40.97193910765089,40.45894045259073,40.86546761900989,10455661.0
2025-03-31,41.73659133911133,42.52060565123062,40.797714104944035,40.87514556596804,33797276.0
2025-04-01,42.356056213378906,42.636753095260715,41.5236505000054,41.736589779095745,20944019.0
2025-04-02,41.93017578125,42.63675494426551,41.80434550248217,42.26894534834259,15371526.0
2025-04-03,42.0269660949707,42.13343758545035,41.213919132714544,41.23327422888233,17763115.0
2025-04-07,38.78444290161133,40.60412831804775,38.01978740787923,40.12984725328787,46120600.0
2025-04-08,39.87818908691406,40.12016838514496,39.07481604447817,39.200646313405336,31453948.0
2025-04-09,39.54909896850586,39.974981224349776,39.16193059605776,39.52974018065233,26111023.0
2025-04-10,40.94289779663086,41.28167104008572,39.73300126781605,40.06209327134613,29563371.0
2025-04-11,40.536376953125,40.797715063303734,40.30407517997343,40.749316245176566,15589516.0
2025-04-14,41.27198791503906,41.41717696878972,40.478296123773774,40.633162724696,17832356.0
2025-04-15,40.87514877319336,41.34942989380794,40.71060459791199,41.184882026214936,13823593.0
2025-04-16,40.91386413574219,41.03969441681073,40.323434000318336,40.65252602535894,16661597.0
2025-04-17,41.0009765625,41.14616193908104,40.37182885371461,40.65252575100725,11605900.0
2025-04-18,41.68819808959961,41.95921375384111,40.8945061937682,41.00097768823779,17911841.0
2025-04-21,41.465572357177734,41.697874106217476,41.310705755254915,41.688192866672345,9728857.0
2025-04-22,42.007606506347656,42.26894089208968,41.44621277742398,41.465571563832825,17622110.0
2025-04-23,41.82370376586914,42.191513357174514,41.74627230535351,42.0172879556252,11016093.0
2025-04-24,42.007606506347656,42.2495857979918,41.630115709841576,41.736587188934756,11073171.0
2025-04-25,41.96889114379883,42.25926557060202,41.862419659098386,41.988249931227195,9292240.0
2025-04-28,41.8333854675293,42.24959018778639,41.76563155421408,41.91081692889896,9310132.0
2025-04-29,41.96889114379883,42.152794085901576,40.700918259574465,41.726911839410974,15617888.0
2025-04-30,42.12376022338867,42.84001693872349,41.63980158620679,41.93985727049165,16685432.0
2025-05-06,42.394775390625,42.57868203371628,41.717232567907914,42.297985141227414,21685451.0
2025-05-07,42.520606994628906,42.83034023313331,42.30766400854033,42.70450995114357,13684122.0
2025-05-08,42.13343811035156,42.685150665790864,42.123760562147105,42.39477621960882,12311623.0
2025-05-09,42.26894760131836,42.34638275924481,42.05600830164373,42.13343976725862,11203402.0
2025-05-12,41.765628814697266,42.64643332233213,41.68819366609542,42.588356960880745,15428050.0
2025-05-13,41.97856903076172,42.16247566666255,41.7753072995872,42.056004181101265,10440499.0
2025-05-14,42.57868194580078,42.72386731959738,41.6398010208752,42.00761061398697,16721090.0
2025-05-15,42.37541580200195,42.76258417690308,42.35605701402577,42.49156852985905,13827325.0
2025-05-16,41.765628814697266,42.55932062631061,41.73658878781602,42.278623751095594,8918053.0
2025-05-19,41.62044143676758,41.939855899173104,41.407498461830556,41.78498559571981,9960608.0
2025-05-20,44.379005432128906,44.611307201962326,41.53332998245986,41.57204755948399,50039866.0
2025-05-21,45.00815200805664,45.201736196015915,44.13702500839555,44.67905999621926,27442616.0
2025-05-22,44.76617431640625,45.18237904327343,44.37900592647493,44.882323356461086,16170325.0
2025-05-23,44.16606903076172,44.74681795484844,44.040238743362,44.72745916507067,14567009.0
2025-05-26,44.1563835144043,44.562910675753486,43.507880735040565,44.1563835144043,20307117.0
2025-05-27,43.914405822753906,44.61130744371945,43.7498616579767,43.943445851835065,13742175.0
2025-05-28,45.182376861572266,45.68569426725496,43.90472640572822,43.90472640572822,21205425.0
2025-05-29,45.02751159667969,45.37596240273963,44.76617349213473,45.104943057853376,15116543.0
2025-05-30,44.66938018798828,45.68569250795763,44.66938018798828,44.86296067384066,22482056.0
2025-06-03,46.38259506225586,46.52778413361251,44.37900655447821,44.42740537313807,40038176.0
2025-06-04,45.73408889770508,46.63425221266385,45.63729865209473,46.26644263318438,19837664.0
2025-06-05,45.859920501708984,46.653612354142716,45.75344901306107,45.75344901306107,17605696.0
2025-06-06,45.39531707763672,46.12125496037732,45.308204384015404,45.97606590690479,13160700.0
2025-06-09,45.279170989990234,45.71473452189394,44.97911898425444,45.463077643633774,14808415.0
2025-06-10,44.950077056884766,45.64697867851925,44.756496555151976,45.25981029043089,13156122.0
2025-06-11,45.39531707763672,46.053501053373076,44.95975360953015,45.10493897069167,18356724.0
2025-06-12,47.215003967285156,47.41826940323382,45.1726979057482,45.269491849607434,32524392.0
2025-06-13,47.418270111083984,47.70864456237347,46.65361455858285,46.84719875687967,23076528.0
2025-06-16,48.20227813720703,48.560406484564645,47.00206281924211,47.379549954607064,27052679.0
2025-06-17,48.08613204956055,48.5894494916752,48.00869689278376,48.4926555457042,19556942.0
2025-06-18,48.54104995727539,48.879819506634526,47.91190228868137,48.289389412913316,18519905.0
2025-06-19,47.58281326293945,48.492654175489164,47.398910309258206,48.395863924564594,20056380.0
2025-06-20,49.02500915527344,49.48960898239565,47.8538265013222,47.8538265013222,30604857.0
2025-06-23,48.299072265625,48.9572562911966,47.87318631242497,48.63784182629658,20412936.0
2025-06-24,49.073402404785156,49.31538170294257,48.366823297242846,48.589443808470335,18955109.0
2025-06-25,48.67656326293945,49.07340921933292,48.105491892294054,49.07340921933292,19992815.0
2025-06-26,47.57313537597656,48.05709401177567,45.97607040091497,47.23436211553037,38455479.0
2025-06-27,47.127891540527344,47.64089021521312,47.03110128841154,47.39891089261218,17798529.0
2025-06-30,47.19564437866211,47.63120788786834,47.04077776342338,47.13757170564219,14793169.0
2025-07-01,47.62152862548828,48.06676966673261,47.17628758424395,47.20532391970865,13050680.0
2025-07-02,46.72136688232422,47.87318709986453,46.65361296907545,47.86350955181957,16169397.0
2025-07-03,45.92767333984375,46.711683933711235,45.676012792141904,46.69232883832913,26167729.0
2025-07-04,46.37291717529297,46.7116867495695,45.82120461586466,45.976071234435565,17362313.0
2025-07-07,46.227725982666016,46.643930693275614,46.10189939931801,46.45035019818291,8754954.0
2025-07-08,46.198692321777344,46.34388139381461,45.66633854482648,46.237409899962145,17626529.0
2025-07-09,46.14061737060547,46.60522093845933,45.98575074542471,46.16965740129108,12288403.0
2025-07-10,46.60521697998047,47.408586376022974,46.17933102767291,46.208371055891966,27464645.0
2025-07-11,45.83087921142578,47.040775744909155,45.73408896567159,46.71168374010923,24148957.0
2025-07-14,45.95671463012695,46.237411543476966,45.60826379870095,45.60826379870095,14430102.0
2025-07-15,45.45339584350586,46.101902359097124,45.28885167365094,46.05350723221694,17725544.0
2025-07-16,45.53083038330078,45.666338213653404,45.11462565161117,45.46307646812446,13591583.0
2025-07-17,45.29633712768555,45.833717423929585,45.22794347510037,45.56991173802625,19147669.0
2025-07-18,46.615360260009766,46.76192021185584,45.28656295080999,45.30610452620109,24570655.0
2025-07-21,46.50788116455078,47.17227978637358,46.34178337268219,46.65444110916654,14363522.0
2025-07-22,46.66421127319336,46.70329442308634,45.86302533625879,46.45903032701667,17647988.0
2025-07-23,46.53719711303711,46.86939643624975,45.92165054090131,46.752146985345746,19890032.0
2025-07-24,46.72283935546875,46.97687612085355,46.34178793456615,46.507885742785405,15578941.0
2025-07-25,46.849853515625,47.7487435836945,46.21476538657754,46.72283514438066,22314130.0
2025-07-28,46.488346099853516,47.11366161025042,46.273392495464165,46.89870800586107,14110999.0
2025-07-29,46.400413513183594,46.54696974773549,45.87280212357761,46.33201613111646,16038986.0
2025-07-30,46.58605194091797,47.42632108619124,46.41018148134103,46.56651036461225,22037502.0
2025-07-31,44.94459533691406,46.566508845637465,44.846891185747076,46.273392664962046,25678684.0
2025-08-01,45.11069107055664,45.902108076542895,44.74918125520828,45.071611648186696,21879886.0
2025-08-04,45.3745002746582,45.423356078982316,44.95436570225793,45.1106945854412,12199230.0
2025-08-05,45.530826568603516,45.60899286933729,45.18885832082915,45.37449769431033,11353667.0
2025-08-06,45.354957580566406,45.60899433896246,45.15954927678419,45.5503696115231,12087000.0
2025-08-07,46.03889846801758,46.234310501702176,45.364730865338984,45.47220767022424,20166567.0
2025-08-08,46.488346099853516,46.73261020405071,45.79463321128091,45.99004524007355,18370893.0
2025-08-11,46.01935577392578,46.48834613424485,45.7360122455,46.41017983180019,16216942.0
2025-08-12,45.804405212402344,46.117062963162134,45.61876211045632,45.99981723842081,12775951.0
2025-08-13,45.72623825073242,46.01935442193965,45.34518685544558,45.8727981999232,19535425.0
2025-08-14,45.62853240966797,46.10728793520147,45.579680337475146,45.72623655405361,14933023.0
2025-08-15,45.44289016723633,45.61876061215924,45.19862607452942,45.53082538969778,19712759.0
2025-08-18,45.70669937133789,46.009588211514284,44.84689238204445,45.48197683591975,27165187.0
2025-08-19,45.560142517089844,46.17568538635056,45.31587840882542,45.66761932107411,25068301.0
2025-08-20,46.898704528808594,47.015950246521854,45.19862484968265,45.53082415584868,33586566.0
2025-08-21,47.0843505859375,47.43609151625473,46.517659763784515,46.898711195903275,21461724.0
2025-08-22,46.82054138183594,47.28953173858628,46.58604993063518,47.084347059817595,21185264.0
2025-08-25,47.23090744018555,47.48494046915071,46.69352715520868,47.10388906211574,21809703.0
2025-08-26,47.8366813659668,48.46199687759913,47.074578552061695,47.191824278699144,30453595.0
2025-08-27,46.81077194213867,47.89530514172724,46.72283671711327,47.80736991670184,24023404.0
2025-08-28,47.28953170776367,47.309069556038985,46.4199483725356,46.68375405034532,19502584.0
2025-08-29,43.54740524291992,46.820542826823825,42.873237640943394,46.820542826823825,166895272.0
2025-09-01,41.81801223754883,43.557175125057974,41.6909938647861,43.547402474059304,141435987.0
2025-09-02,40.86050033569336,41.93526093705821,40.72371302939324,41.81801520696876,79509012.0
2025-09-03,41.06568145751953,41.34902872293276,40.74325476670501,41.06568145751953,60981436.0
2025-09-04,40.762794494628906,41.27086427355343,40.635776118104175,41.2024668960598,54830802.0
2025-09-05,41.055912017822266,41.10476409434186,40.518531721757675,40.82141683248388,45423026.0
2025-09-08,41.603065490722656,41.74962172213167,40.899583653000754,41.05591253614178,57425338.0
2025-09-09,41.11453628540039,41.62260234812243,41.03636998210501,41.612833423797746,39297960.0
2025-09-10,41.11453628540039,41.21224043734513,40.91912425433642,41.124305209725065,26725036.0
2025-09-11,40.97774124145508,40.997282815365104,40.626004092596894,40.88003709907905,47685665.0
2025-09-12,40.762794494628906,41.016827520503966,40.64554504221789,40.9777443697003,37666755.0
2025-09-15,40.70417022705078,40.928892755942314,40.58692450049312,40.76279495391683,33068624.0
2025-09-16,40.69429016113281,40.961041249702866,40.61525489532794,40.802966949304526,31415759.0
2025-09-17,40.57573318481445,40.802964743805354,40.368261383403855,40.694287961507875,38780466.0
2025-09-18,40.042232513427734,40.57573468140843,39.93355572712183,40.407782388963696,38143920.0
2025-09-19,40.58561706542969,40.793088877664495,40.042233125592915,40.05211488929282,39848132.0
2025-09-22,39.83475875854492,40.4868156757406,39.686562462859754,40.38802065780939,39299727.0
2025-09-23,39.5778923034668,39.88415914240258,39.23210217820595,39.69644708728747,38801915.0
2025-09-24,39.90391540527344,40.0916312127318,39.41981454862338,39.57788883613193,32224801.0
2025-09-25,39.59764862060547,39.894037438790825,39.508731598271034,39.85451792468923,29613103.0
2025-09-26,39.5877685546875,39.63716606503785,39.10366767695015,39.51861128643931,38139089.0
2025-09-29,39.508731842041016,39.68656211901881,39.16294174470098,39.508731842041016,30711747.0
2025-09-30,39.844642639160156,40.02247292712947,39.41981725565953,39.51861227884121,33559919.0
2025-10-09,39.96319580078125,40.12127009273735,39.22222185058922,39.558130192094474,45898050.0
2025-10-10,40.674530029296875,40.90176536727392,39.864398776089764,39.96319756842513,57081133.0
2025-10-13,40.50657653808594,40.69428858479127,39.716205066710245,39.88415735553263,37914872.0
2025-10-14,40.23982620239258,40.75356861046396,40.1113896581776,40.51645528028158,37828034.0
2025-10-15,40.516456604003906,40.55597612179021,40.13115072755909,40.3089847888088,22807234.0
2025-10-16,40.35837936401367,40.644890193926635,40.17066732137503,40.50657566053096,25951671.0
2025-10-17,39.60752868652344,40.41765992404089,39.5778909337911,40.21018811733755,30564365.0
2025-10-20,39.844642639160156,40.06199244391757,39.735965852387174,39.844642639160156,18666692.0
2025-10-21,39.844642639160156,39.96319742073588,39.71620609399313,39.87428039235695,22220198.0
2025-10-22,39.69644546508789,39.91379903386746,39.637166191205694,39.71620522304862,16117112.0
2025-10-23,39.47909164428711,39.755724485182945,39.25186008237197,39.64704770148691,28438777.0
2025-10-24,39.400054931640625,39.68656198772636,39.29137815194438,39.48897195422953,30008253.0
2025-10-27,40.09163284301758,40.19042786343221,39.498851414164434,39.51861117200505,36842333.0
2025-10-28,39.97307586669922,40.1706696840813,39.86439907869964,40.091634418401625,21458283.0
2025-10-29,40.259586334228516,40.28922408748064,39.716206168137745,39.98295725377253,25365279.0
2025-10-30,40.43741989135742,40.872123265097734,40.111389534460805,40.308983347538586,40821724.0
2025-10-31,39.844642639160156,39.92367790394779,39.36053798047739,39.637167060416935,56476451.0
2025-11-03,39.52848815917969,39.874278259395616,39.33089812338584,39.735963726824586,33118777.0
2025-11-04,39.37041473388672,39.54824878503728,39.22222220378688,39.409934249428716,31695677.0
2025-11-05,39.1530647277832,39.27161950499034,38.98510867201704,39.22222199521973,26766588.0
2025-11-06,39.548248291015625,39.597649569220245,39.03450590175241,39.113544931849084,35474712.0
2025-11-07,39.49885177612305,39.79524060887143,39.350659244143095,39.42969450744137,29677959.0
2025-11-10,40.308982849121094,40.378140117524914,39.36053708062141,39.51861137537136,36248092.0
2025-11-11,40.0224723815918,40.44729775930172,39.923677359756766,40.30898322121728,23064740.0
2025-11-12,39.91379928588867,40.09163333986965,39.83476025354668,40.02247230217616,17701677.0
2025-11-13,40.09163284301758,40.13114858991036,39.71620498162277,39.90391702792595,23193790.0
2025-11-14,39.80512237548828,40.269463498275776,39.71620534877774,39.913799160222105,20277711.0
2025-11-17,39.281497955322266,39.80512211757534,39.232100444978364,39.80512211757534,26566037.0
2025-11-18,39.16294479370117,39.39017636569585,39.04439001022321,39.2321020647957,17491748.0
2025-11-19,39.20246124267578,39.3506575370151,39.10366622564178,39.182701485511316,16847839.0
2025-11-20,39.1530647277832,39.380296287758725,39.1234232068901,39.19258047432664,16704416.0
2025-11-21,38.63932418823242,39.15306660582373,38.33305358290243,38.7677607348274,36992609.0
2025-11-24,38.93571090698242,38.93571090698242,38.28365398343544,38.639322081513505,21141004.0
2025-11-25,38.77763748168945,39.02462880322888,38.6590827026113,38.79739723966723,17137277.0
2025-11-26,38.77763748168945,38.906074024150726,38.58992543408334,38.74799972911703,21343949.0
2025-11-27,38.32317352294922,38.75787688266164,38.32317352294922,38.698597610014694,25672245.0
2025-11-28,37.908226013183594,38.273775873318584,37.86871026701872,38.214496600888715,28768564.0
2025-12-01,37.94774627685547,37.94774627685547,37.64147568310756,37.839069492984,26106105.0
2025-12-02,37.45376205444336,37.97738242502707,37.45376205444336,37.957622667995274,31963201.0
2025-12-03,37.54268264770508,37.63159967841172,37.34508882738048,37.35497059123047,17930753.0
2025-12-04,37.40436553955078,37.54268007365811,37.216649727157915,37.52292031610158,14712261.0
2025-12-05,37.760032653808594,37.760032653808594,37.37472681346986,37.38460480759647,18283774.0
2025-12-08,37.62171936035156,37.87858867276078,37.56244008727786,37.83906915737831,19098200.0
2025-12-09,37.05857467651367,37.641474321733895,37.04869668233191,37.62171833337037,26899617.0
2025-12-10,37.3549690246582,37.38460677738793,36.58435353458878,36.959781400582166,22401800.0
2025-12-11,36.63375473022461,37.3450871756272,36.59423521414988,37.246292154228875,27537227.0
2025-12-12,36.97954177856445,37.028939290204896,36.633755428292766,36.73255045157366,24163971.0
2025-12-15,36.959781646728516,37.33520951522219,36.732550080447446,36.75230983866169,18823420.0
2025-12-16,37.1771354675293,37.2364109737809,36.75231008504626,36.95978189450396,18469303.0
2025-12-17,37.4735221862793,37.6217184811059,37.009177313358386,37.05857482203781,27945640.0
2025-12-18,37.73039245605469,37.8291912447245,37.30556708674559,37.35496836547471,22410524.0
2025-12-19,37.39448547363281,37.908227887055126,37.39448547363281,37.740275593384204,28798538.0
2025-12-22,37.84895324707031,37.888468996093266,37.46364360159013,37.51304488324896,22434382.0
2025-12-23,37.80943298339844,38.02678655828592,37.74027571298671,37.858830495294164,16697871.0
2025-12-24,37.73039245605469,37.898348512399146,37.62171944170055,37.76991197152261,11805699.0
2025-12-25,37.81930923461914,38.02678480507734,37.75015196739588,37.79954947701415,13579190.0
2025-12-26,38.02678680419922,38.15521958220094,37.76991371061856,37.81931122283373,18400221.0
2025-12-29,38.16510009765625,38.26389511885532,37.85882950187757,37.957624523076646,22505845.0
2025-12-30,37.91810989379883,38.19473897634278,37.829192864582765,38.16510122286695,14313895.0
2025-12-31,37.858829498291016,38.02678555685969,37.720514961110034,37.93786853027356,11857204.0
2026-01-05,37.7896728515625,37.888467874377966,37.6217205590185,37.858830121291035,22581155.0
2026-01-06,38.619564056396484,38.66896156805914,37.85883031666817,37.86871208027383,33016423.0
2026-01-07,38.43185043334961,38.67884175035368,38.27377614121854,38.67884175035368,25182376.0
2026-01-08,38.43185043334961,38.43185043334961,38.184859116345535,38.333051645274935,19391108.0
2026-01-09,38.501007080078125,38.560282583179166,38.303413275901846,38.32317303319831,22611254.0
2026-01-12,38.540523529052734,38.698597821520146,38.34293349005978,38.540523529052734,27938016.0
2026-01-13,38.461490631103516,38.896194019909196,38.283656570049224,38.580045415543495,29626896.0
2026-01-14,38.0860595703125,38.72823848925833,37.95762303276567,38.352810639622845,31141348.0
2026-01-15,38.71835708618164,39.44945303502723,38.41209026836917,38.431850025774544,47406310.0
2026-01-16,38.342933654785156,38.92583331741076,38.135458082889755,38.74799926652238,30988616.0
2026-01-19,38.41209030151367,38.49112556241502,37.91810767231803,38.34293303492935,30762085.0
2026-01-20,39.32101821899414,39.59765106600076,38.244135890345625,38.412091951255555,61508306.0
2026-01-21,39.024627685546875,39.51861031447785,38.93571066158776,39.37041401828321,31392878.0
2026-01-22,39.19258117675781,39.597650562986544,39.034506881385724,39.044388644790004,30415375.0
2026-01-23,38.67884063720703,39.32101578166329,38.55040410080046,39.24198052226653,40629477.0
2026-01-26,38.283653259277344,38.6887188591401,38.095941219415,38.67884086495295,35880303.0
2026-01-27,37.40436553955078,38.392330804647045,37.394483776378316,38.37257104709051,39895151.0
2026-01-28,37.226531982421875,37.53280257541408,37.107977204303914,37.41424402850768,38981817.0
2026-01-29,37.66123580932617,37.799550346955954,36.860986336242846,37.19689468568168,36729370.0
2026-01-30,37.04869842529297,37.799550388445304,36.94002164023929,37.700755366826584,29405451.0
2026-02-02,36.91038513183594,37.266053251715206,36.801708343118534,37.04869967428041,23440831.0
2026-02-03,37.216651916503906,37.24629343897663,36.821468048490935,36.96966058570007,21598108.0
2026-02-04,38.00702667236328,38.11570345944272,37.04869911588667,37.147494139346946,37031286.0
2026-02-05,38.74800109863281,39.083909458550366,37.888468555768455,37.98726734914927,54393558.0
2026-02-06,38.392330169677734,38.94558829695675,38.30341314653813,38.54052269571819,28976339.0
2026-02-09,38.501007080078125,38.62943984932261,38.32317303319831,38.560282583179166,22846629.0
2026-02-10,38.352813720703125,38.580045293824774,38.28365644926561,38.510888022387256,16899415.0
2026-02-11,38.095943450927734,38.38245052459729,37.97738490100736,38.34293477674571,20255385.0
2026-02-12,37.720516204833984,38.10582207648205,37.64147717024535,38.086062317834894,21926068.0
2026-02-13,37.384605407714844,37.671116236233544,37.335207898712255,37.671116236233544,19094678.0
2026-02-24,37.196895599365234,37.582201469023644,37.15737608227499,37.503162434843155,25384266.0
2026-02-25,37.147491455078125,37.463640029852456,37.107975709822554,37.21664872026074,32246444.0
2026-02-26,37.04869842529297,37.37472878045403,36.86098637670201,37.19689472650954,35190081.0
2026-02-27,37.41424560546875,37.680996694068696,36.99930198017235,37.0486994924045,34355776.0
2026-03-02,36.584354400634766,36.8511054878825,36.41640210613911,36.8511054878825,45411171.0
2026-03-03,36.584354400634766,37.01906155116674,36.554716647203435,36.64363367628601,29128448.0
2026-03-04,35.8532600402832,36.396640177257844,35.59638696323372,36.38676218296595,37278955.0
2026-03-05,36.2780876159668,36.34724488659597,35.95205725261045,36.15952906449799,20995137.0
2026-03-06,36.80170822143555,36.900503246058186,36.03109647677086,36.189170777440246,23422920.0
2026-03-09,36.465797424316406,36.65350946606961,35.863138015545125,36.13977084981996,24057421.0
2026-03-10,36.87086486816406,36.93014414320715,36.56459426695761,36.61399554722112,17173462.0
2026-03-11,36.87086486816406,37.02893916615707,36.752310086866444,36.86098687338449,16154606.0
2026-03-12,36.890625,36.979542029070565,36.59423615936097,36.76218845383394,16283864.0
2026-03-13,37.601959228515625,37.72051400469498,37.40436542235778,37.601959228515625,42150051.0
2026-03-16,37.24629211425781,37.641475968215495,37.167253082193184,37.5426809469232,19089548.0
2026-03-17,37.038818359375,37.61183623653874,36.94990133737514,37.25616814853932,17718146.0
2026-03-18,36.67327117919922,37.127738085177114,36.455921374206554,37.038821056701934,19024868.0
2026-03-19,36.12989044189453,36.594235335339086,36.060733172928984,36.406519517756735,15914516.0
2026-03-20,36.34724426269531,36.85110490702893,36.31760274094261,36.31760274094261,23979425.0
2026-03-23,34.85541534423828,36.06073424274796,34.68746304856456,36.06073424274796,38813368.0
2026-03-24,35.28023910522461,35.31975862077806,34.924571002820414,35.18144408512942,15303579.0
2026-03-25,35.9915771484375,36.05085642479559,35.30988242986831,35.398799460011126,18240998.0
2026-03-26,36.23856735229492,36.623873214659774,35.833501731758986,35.961938275476776,22455896.0
2026-03-27,36.62387466430664,36.68315394116628,35.87302266802778,35.96193969892292,17250026.0
2026-03-30,36.317604064941406,36.623874675627924,36.208931043848125,36.278088315811424,12632667.0
2026-03-31,37.58219909667969,37.99714269356853,37.07833470755656,37.07833470755656,54754770.0
2026-04-01,37.63159942626953,38.19473936070882,37.46364336104295,37.957626024150294,25909214.0
2026-04-02,37.68099594116211,37.8884677496648,37.2956900771461,37.65135818817273,25925125.0
2026-04-03,37.15737533569336,37.79955051595832,37.09809606124906,37.58220071390624,15255832.0
2026-04-07,37.335208892822266,37.38460640314014,36.89062376238448,37.098095566992626,19643704.0
2026-04-08,37.493282318115234,37.78967114194141,37.27592875520813,37.70075411791473,27036911.0
2026-04-09,37.07833480834961,37.48340041208484,37.01905930508341,37.34508587941257,14008238.0
2026-04-10,36.9005012512207,37.216649835468516,36.87086349919385,37.17713408902885,15815412.0
2026-04-13,36.52507781982422,36.78194713584972,36.21880722448093,36.742427619910885,19549657.0
2026-04-14,36.732547760009766,36.82146478196263,36.367001678109446,36.67326848911176,17356924.0
2026-04-15,37.20677185058594,37.769911751970874,37.048697558421544,37.048697558421544,27306202.0
2026-04-16,37.10797882080078,37.48340292932661,36.949904520161326,37.34508838736566,15821041.0
2026-04-17,36.25832748413086,36.91038443534243,36.20892997258834,36.91038443534243,28987793.0
2026-04-20,36.218807220458984,36.357121757441085,36.06073292550966,36.11013043603349,16344256.0
2026-04-21,36.42627716064453,36.69302822635978,36.159526094929284,36.199045608840045,15054055.0
2026-04-22,36.357120513916016,36.673269093001416,36.238565738956076,36.416399785790155,15127743.0
2026-04-23,36.25832748413086,36.63375535567345,36.21880796738142,36.43616154071479,15555154.0
2026-04-24,36.060733795166016,36.23856785237129,35.922419254848265,36.15952881859625,12489591.0
2026-04-27,36.436161041259766,36.83134489697147,35.9718161477903,36.11013068572883,21399731.0
2026-04-28,36.5744743347168,36.70291087362746,36.28796350514238,36.44603779580613,19360275.0
2026-04-29,36.39664077758789,37.11785497401924,36.22868472154858,36.94990268676835,37020194.0
2026-04-30,36.65351104736328,36.83134510250189,36.21880767301808,36.32748445880151,30498359.0
2026-05-06,36.83134460449219,36.949903152173874,36.159527909449864,36.55471553081187,32166873.0
2026-05-07,37.117855072021484,37.35496839623585,36.76218697009415,36.86098575884532,27685599.0
2026-05-08,37.24629211425781,37.32532737753396,36.85110449151165,36.95978127620627,24368481.0
2026-05-11,36.96965789794922,37.34508574873769,36.66339108204324,37.34508574873769,29702209.0
2026-05-12,36.51519775390625,37.02894017862778,36.51519775390625,36.91038539408854,19487383.0
2026-05-13,36.218807220458984,36.544837573735485,35.90265863056033,36.51519605239041,28103067.0
2026-05-14,35.793983459472656,36.27808812951847,35.78410546443805,36.15952957637135,18830474.0
2026-05-15,35.41855239868164,35.774220488611924,35.319757382051364,35.7445827373805,21591174.0
2026-05-18,35.29999923706055,35.55687232209152,35.09252743138909,35.55687232209152,16895893.0
2026-05-19,35.290000915527344,35.58000183105469,35.119998931884766,35.5099983215332,17339557.0
2026-05-20,35.720001220703125,35.959999084472656,35.0,35.349998474121094,23411221.0
2026-05-21,35.47999954223633,35.849998474121094,35.310001373291016,35.720001220703125,20559904.0
2026-05-22,35.150001525878906,35.45000076293945,35.0,35.400001525878906,21743912.0
2026-05-25,35.619998931884766,35.63999938964844,35.0,35.13999938964844,18278882.0
2026-05-26,35.93000030517578,35.95000076293945,35.13999938964844,35.4900016784668,21389821.0
2026-05-27,35.72999954223633,36.0,35.36000061035156,35.75,22052928.0
2026-05-28,35.2400016784668,35.599998474121094,35.060001373291016,35.5,18073540.0
2026-05-29,34.95000076293945,35.52000045776367,34.7400016784668,35.18000030517578,19671935.0
2026-06-01,35.130001068115234,35.130001068115234,34.529998779296875,34.900001525878906,12568387.0
2026-06-02,34.900001525878906,35.209999084472656,34.869998931884766,35.130001068115234,13136298.0
2026-06-03,34.56999969482422,35.04999923706055,34.36000061035156,35.04999923706055,18746580.0
2026-06-04,34.25,34.689998626708984,34.0099983215332,34.40999984741211,17210955.0
2026-06-05,34.86000061035156,34.880001068115234,34.25,34.25,17043479.0
2026-06-08,34.58000183105469,34.77000045776367,34.34000015258789,34.59000015258789,15897308.0
2026-06-09,34.040000915527344,34.650001525878906,33.810001373291016,34.5099983215332,21635583.0
2026-06-10,34.83000183105469,34.900001525878906,33.65999984741211,33.959999084472656,25723197.0
2026-06-11,34.33000183105469,34.880001068115234,34.209999084472656,34.5099983215332,15872744.0
2026-06-12,34.36000061035156,34.70000076293945,34.150001525878906,34.380001068115234,24177507.0
2026-06-15,33.59000015258789,34.84000015258789,33.45000076293945,34.79999923706055,45708576.0
2026-06-16,32.459999084472656,33.5,32.29999923706055,33.5,44411547.0
2026-06-17,32.20000076293945,32.560001373291016,32.11000061035156,32.36000061035156,17666975.0
2026-06-18,31.549999237060547,32.13999938964844,31.360000610351562,32.13999938964844,26112541.0
2026-06-22,31.860000610351562,31.979999542236328,30.899999618530273,31.549999237060547,26690576.0
2026-06-23,31.360000610351562,32.189998626708984,31.270000457763672,31.799999237060547,22357431.0
2026-06-24,30.979999542236328,31.68000030517578,30.950000762939453,31.219999313354492,19677307.0
2026-06-25,31.280000686645508,31.739999771118164,30.84000015258789,30.979999542236328,24388303.0
2026-06-26,30.81999969482422,31.40999984741211,30.780000686645508,31.270000457763672,20790671.0
2026-06-29,31.329999923706055,31.670000076293945,30.1299991607666,30.729999542236328,31328725.0
2026-06-30,31.260000228881836,31.440000534057617,30.850000381469727,31.209999084472656,20088869.0
2026-07-01,32.20000076293945,32.849998474121094,31.479999542236328,32.29999923706055,41409152.0
2026-07-02,32.41999816894531,32.58000183105469,32.0,32.119998931884766,34996175.0
2026-07-03,32.470001220703125,32.869998931884766,32.220001220703125,32.43000030517578,22429888.0
2026-07-06,32.93000030517578,33.16999816894531,32.40999984741211,32.47999954223633,22938070.0
2026-07-07,32.790000915527344,33.060001373291016,32.56999969482422,32.93000030517578,18972678.0
2026-07-08,32.59000015258789,32.88999938964844,32.29999923706055,32.540000915527344,15358375.0
2026-07-09,31.90999984741211,32.45000076293945,31.649999618530273,32.43000030517578,20418804.0
2026-07-10,32.029998779296875,32.290000915527344,31.479999542236328,31.84000015258789,18864931.0
2026-07-13,31.959999084472656,32.09000015258789,31.75,31.90999984741211,13928584.0
2026-07-14,32.66999816894531,32.79999923706055,31.760000228881836,31.889999389648438,26763399.0
2026-07-15,33.47999954223633,33.63999938964844,32.380001068115234,32.56999969482422,29189887.0
2026-07-16,33.400001525878906,33.59000015258789,33.099998474121094,33.38999938964844,19008638.0
2026-07-17,33.08000183105469,33.83000183105469,32.90999984741211,33.41999816894531,23488776.0
2026-07-20,33.97999954223633,33.9900016784668,33.060001373291016,33.060001373291016,31319830.0
2026-07-21,33.869998931884766,34.65999984741211,33.66999816894531,33.83000183105469,32504419.0
2026-07-22,34.16999816894531,34.16999816894531,33.630001068115234,34.0,21367373.0
2026-07-23,33.900001525878906,34.0,33.709999084472656,33.970001220703125,15811656.0
2026-07-24,33.5,33.97999954223633,33.47999954223633,33.810001373291016,15551044.0
2026-07-27,33.7599983215332,33.88999938964844,33.459999084472656,33.470001220703125,15325789.0
2026-07-28,34.58000183105469,34.68000030517578,33.599998474121094,33.7400016784668,27596537.0
2026-07-29,34.7400016784668,35.060001373291016,34.470001220703125,34.5,23767627.0
2026-07-30,35.119998931884766,35.25,34.650001525878906,34.72999954223633,27322641.0
2026-07-31,34.9900016784668,35.0,34.5,34.599998474121094,22312226.0
2026-08-03,35.04999923706055,35.470001220703125,34.83000183105469,34.970001220703125,21613354.0
2026-08-04,34.45000076293945,35.150001525878906,34.27000045776367,35.02000045776367,22576515.0
2026-08-05,34.0099983215332,34.439998626708984,33.720001220703125,34.439998626708984,26910502.0
2026-08-06,33.720001220703125,34.13999938964844,33.66999816894531,34.02000045776367,17303945.0
2026-08-07,33.29999923706055,33.68000030517578,33.18000030517578,33.68000030517578,21985934.0
2026-08-10,33.79999923706055,34.08000183105469,33.209999084472656,33.220001220703125,23237783.0
2026-08-11,33.59000015258789,33.9900016784668,33.5099983215332,33.79999923706055,16141000.0
2026-08-12,33.22999954223633,33.599998474121094,33.06999969482422,33.54999923706055,18781854.0
2026-08-13,32.959999084472656,33.27000045776367,32.939998626708984,33.25,14959613.0
2026-08-14,32.7400016784668,32.97999954223633,32.65999984741211,32.900001525878906,13659182.0
2026-08-17,32.52000045776367,32.790000915527344,32.400001525878906,32.720001220703125,18546915.0
2026-08-18,32.70000076293945,32.790000915527344,32.2599983215332,32.5,23023920.0
2026-08-19,32.779998779296875,32.970001220703125,32.5099983215332,32.70000076293945,21252305.0
2026-08-20,32.84000015258789,33.20000076293945,32.68000030517578,32.77000045776367,16738260.0
2026-08-21,32.5,32.779998779296875,32.47999954223633,32.75,11796780.0
2026-08-24,32.939998626708984,33.150001525878906,32.459999084472656,32.459999084472656,19985311.0
2026-08-25,32.91999816894531,33.20000076293945,32.790000915527344,33.040000915527344,14668515.0
2026-08-26,33.58000183105469,33.63999938964844,32.84000015258789,32.869998931884766,25087749.0
2026-08-27,33.40999984741211,33.65999984741211,33.099998474121094,33.5099983215332,14091423.0
2026-08-28,33.66999816894531,33.689998626708984,32.959999084472656,33.380001068115234,19975738.0
2026-08-31,31.799999237060547,33.11000061035156,31.600000381469727,32.970001220703125,60160553.0
2026-09-01,32.130001068115234,32.290000915527344,31.540000915527344,31.799999237060547,26813823.0
