Date,Close,High,Low,Open,Volume
2021-08-27,8.557764053344727,8.655791512077348,8.087234495090051,8.106840360780229,91327992.0
2021-08-30,8.626382827758789,8.783225998922925,8.263682760726967,8.508750449385689,77525640.0
2021-08-31,8.695001602172852,8.88125357166096,8.53815842883069,8.66559374088596,77562065.0
2021-09-01,8.430328369140625,8.783225483553126,8.302893066332475,8.626382321592015,64978874.0
2021-09-02,8.861648559570312,8.871451492561468,8.302894467102465,8.342105264207945,105459901.0
2021-09-03,8.538158416748047,8.832239833777964,8.430328968942668,8.783226108463136,74417550.0
2021-09-06,8.675396919250488,8.695001849045363,8.39111842578169,8.538158671250036,54339069.0
2021-09-07,8.861648559570312,8.95967601976358,8.587172979831967,8.645988708060612,85452155.0
2021-09-08,9.008687973022461,9.292966459182454,8.744015351012356,8.8224369378938,84707614.0
2021-09-09,9.283164024353027,9.557639565499146,8.83223945361204,8.861647313591513,117100385.0
2021-09-10,9.0184907913208,9.430204584683752,8.969477066423488,9.214544756051005,87850625.0
2021-09-13,8.645987510681152,8.822436540649017,8.52835513565558,8.822436540649017,80089350.0
2021-09-14,8.4695405960083,8.675397514708962,8.440131797008817,8.577370054428972,52212081.0
2021-09-15,8.56756591796875,8.596974712837268,8.39111782305271,8.469539406317397,35882750.0
2021-09-16,8.2440767288208,8.577368928178911,8.234273797108145,8.528355204474655,49295790.0
2021-09-17,8.165656089782715,8.400920868957597,8.018615836513195,8.332302208746372,34321980.0
2021-09-22,7.92058801651001,8.087234127873092,7.891180154169198,7.999009605991567,40982928.0
2021-09-23,7.999009609222412,8.038220403979029,7.900983089760416,7.969601746869722,31023391.0
2021-09-24,7.5970988273620605,8.018615577583514,7.557888032099072,7.999009712522469,48779851.0
2021-09-27,7.342227935791016,7.714730945285149,7.2343984862765565,7.597098563580539,39162651.0
2021-09-28,7.371636390686035,7.391241787971255,7.2638064719025515,7.352030993400815,21380368.0
2021-09-29,7.067752361297607,7.3324254532042925,7.0579494291312885,7.322622521037974,29546302.0
2021-09-30,7.1657795906066895,7.234398715826454,7.067752602742418,7.067752602742418,19938235.0
2021-10-08,7.469663619995117,7.489269017917825,7.23439884492262,7.254004242845329,29757524.0
2021-10-11,7.410847187042236,7.538282503141648,7.312820200592513,7.469663378912071,23118910.0
2021-10-12,7.440255641937256,7.518677232417143,7.312820323692666,7.352031118932609,23972375.0
2021-10-13,7.714731216430664,7.78335034188484,7.361834058913746,7.410847319298543,43921113.0
2021-10-14,7.636309623718262,7.6951258166211645,7.528479703014831,7.616704226083961,24533411.0
2021-10-15,7.6069016456604,7.72453402968289,7.548084986219612,7.626507042997482,23416821.0
2021-10-18,7.616703987121582,7.7343363692368525,7.557887796063946,7.616703987121582,22952294.0
2021-10-19,7.371636390686035,7.56769036353824,7.293214801545153,7.548084966253019,35683425.0
2021-10-20,7.577493190765381,7.69512557284467,7.303017165150836,7.420650014659661,38951692.0
2021-10-21,7.352031230926514,7.557888142786821,7.352031230926514,7.528479812194109,28523449.0
2021-10-22,7.293214797973633,7.450057976178591,7.273609400698014,7.381439319428693,20161556.0
2021-10-25,7.440255641937256,7.450058107032467,7.234398733212779,7.303017391167905,24257653.0
2021-10-26,7.410847187042236,7.636309489591372,7.361833927532146,7.528479570781905,30450508.0
2021-10-27,7.381438732147217,7.597098085020759,7.332425009143023,7.41084659200613,24531326.0
2021-10-28,6.852092742919922,7.332425683260854,6.6854470977297495,7.332425683260854,51377078.0
2021-10-29,6.812881946563721,6.930514799079855,6.744263288977986,6.861895674064573,26967762.0
2021-11-01,6.871698379516602,6.950119966983516,6.675643943419783,6.7148547371532405,23624181.0
2021-11-02,6.705052375793457,6.950120074120066,6.626630787117668,6.901106347482928,29542484.0
2021-11-03,6.616827964782715,6.76386867970824,6.499195579814113,6.70505248722394,28926691.0
2021-11-04,6.950119972229004,7.126568544162733,6.636433154695063,6.636433154695063,54505829.0
2021-11-05,6.891303539276123,7.097159965579161,6.861895211273108,6.871698143083952,31251822.0
2021-11-08,6.940317153930664,7.038344139946442,6.87169849743439,6.891303894637545,24729919.0
2021-11-09,6.969725608825684,7.028541801493171,6.910909416158196,6.989331006381513,17422735.0
2021-11-10,6.901106357574463,6.979527946364928,6.773671042075188,6.959922549167311,22335113.0
2021-11-11,6.881501197814941,6.979528187185328,6.842290402066786,6.9011065956890185,20494214.0
2021-11-12,6.950119972229004,7.018738627599577,6.793276329747267,6.891303781584427,32086802.0
2021-11-15,6.803079128265381,7.018738489725821,6.763868335272574,6.930514439206766,32560993.0
2021-11-16,6.665842056274414,6.812882311800665,6.646236657708942,6.793276913235194,24746226.0
2021-11-17,6.714854717254639,6.734460114063269,6.646236062139197,6.685446855756458,16651732.0
2021-11-18,6.616827964782715,6.71485495225655,6.5972225672879485,6.695249554761783,19502093.0
2021-11-19,6.832487106323242,6.920711625782945,6.52860322170925,6.63643313800116,46696441.0
2021-11-22,6.959922790527344,7.008936518935879,6.734460481221282,6.763868811752314,46861599.0
2021-11-23,6.969725608825684,7.05794966411214,6.910909416158196,6.920711881221337,31812246.0
2021-11-24,6.910909652709961,7.0089366438444465,6.891304254483063,6.999133711016216,19141748.0
2021-11-25,6.812881946563721,6.930514799079855,6.79327654904929,6.930514799079855,19737700.0
2021-11-26,7.283411502838135,7.499071329557589,6.773670731632404,6.783473663496705,90167160.0
2021-11-29,7.106963634490967,7.136371965544075,6.901106719407897,6.969725846912109,62755589.0
2021-11-30,7.0775556564331055,7.224596384173222,7.057950257229729,7.087358589749588,34667201.0
2021-12-01,7.0775556564331055,7.12656938815634,7.008936992936082,7.087358589749588,25950428.0
2021-12-02,7.214792728424072,7.332425104244422,7.01873830129398,7.048146628963822,48246584.0
2021-12-03,7.254004001617432,7.37163638524188,7.126568685642842,7.254004001617432,43517803.0
2021-12-06,7.097160339355469,7.214793190133218,7.067752477233188,7.1853848605813955,30479596.0
2021-12-07,7.0775556564331055,7.175583119879575,7.0285423921394585,7.116766922269446,24472478.0
2021-12-08,7.106963634490967,7.126569032716517,7.0187391087612045,7.106963634490967,20214127.0
2021-12-09,7.106963634490967,7.204990625618722,7.067752838039864,7.126569032716517,29847124.0
2021-12-10,7.11676549911499,7.263805730021577,6.999132659988429,7.038343450554118,27750801.0
2021-12-13,7.0775556564331055,7.146174787359716,7.0285423921394585,7.087358589749588,22358316.0
2021-12-14,6.920711994171143,7.057949779301741,6.901106596295342,7.048147314078619,28218965.0
2021-12-15,6.901106357574463,6.959922549167311,6.871698495492809,6.910909289888041,15308532.0
2021-12-16,6.920711994171143,6.93051492682382,6.822685004792143,6.901106596295342,22305540.0
2021-12-17,6.852092742919922,6.9599226629849555,6.842290277875581,6.920711867948497,18757664.0
2021-12-20,6.75406551361084,6.832487100877165,6.744263048917315,6.803079239367058,18691875.0
2021-12-21,6.8226847648620605,6.842290162048407,6.7638685733030215,6.803079367675714,13890824.0
2021-12-22,6.842289924621582,6.920711510645745,6.812881596147759,6.85209238915984,14733100.0
2021-12-23,6.852092742919922,6.9011064704302685,6.842290277875581,6.891304005385928,16256301.0
2021-12-24,6.714854717254639,6.881500823842764,6.695249320446008,6.861895427034133,22013983.0
2021-12-27,6.734460353851318,6.763868683826146,6.636433366317804,6.705052491306038,11225633.0
2021-12-28,6.7736711502075195,6.783474082677588,6.705052492635231,6.75406575269693,9787900.0
2021-12-29,6.695249557495117,6.7736711475062,6.695249557495117,6.7736711475062,11109275.0
2021-12-30,6.6756439208984375,6.72465764661467,6.6756439208984375,6.685446853013496,13507782.0
2021-12-31,6.6756439208984375,6.7148547144996105,6.66584145621291,6.695249317699024,10476487.0
2022-01-04,6.734460353851318,6.754065751358021,6.67564416133121,6.67564416133121,14328567.0
2022-01-05,6.656038761138916,6.754065748632878,6.626630898605501,6.744263283598255,15101023.0
2022-01-06,6.6756439208984375,6.7148547144996105,6.616827730496677,6.646236059412323,12584553.0
2022-01-07,6.646235466003418,6.724657046203896,6.646235466003418,6.675643324863853,12787344.0
2022-01-10,6.75406551361084,6.812881704060583,6.528603216505393,6.64623606483441,22656790.0
2022-01-11,6.76386833190918,6.812881589411055,6.72465753893587,6.744262935422525,16757633.0
2022-01-12,6.832487106323242,6.842290038454112,6.7442630542930715,6.783473847957487,19932807.0
2022-01-13,6.950119972229004,6.969725369110529,6.793276329747267,6.832487123510319,39783115.0
2022-01-14,6.695249557495117,6.989330987466227,6.6462362974529645,6.979528055000068,33464122.0
2022-01-17,6.6756439208984375,6.734460111300198,6.636433127297264,6.66584145621291,13214901.0
2022-01-18,6.607025146484375,6.685447205248057,6.5776172834488555,6.6756442726165135,16651588.0
2022-01-19,6.577617168426514,6.62663089586802,6.5482088384757,6.5874196334570865,10117400.0
2022-01-20,6.479589462280273,6.587418902804259,6.450181135591326,6.567813507488126,16034564.0
2022-01-21,6.303141117095947,6.459984763977477,6.303141117095947,6.459984763977477,16812031.0
2022-01-24,6.3227458000183105,6.342351195234278,6.234521755261201,6.273732545693137,7404385.0
2022-01-25,6.0580735206604,6.3521549546679035,6.0580735206604,6.3031412265234685,14606062.0
2022-01-26,6.0580735206604,6.11688971397599,5.989454862173655,6.067876453261109,8867335.0
2022-01-27,5.891427516937256,6.0678760862105126,5.891427516937256,6.058073154202791,11502762.0
2022-01-28,5.920835494995117,5.979651685914065,5.832610974901929,5.920835494995117,11904265.0
2022-02-07,6.0482707023620605,6.175706014153661,6.0286653057348545,6.0286653057348545,12825497.0
2022-02-08,6.136495113372803,6.136495113372803,6.009059803814181,6.048270596381523,12002933.0
2022-02-09,6.175705909729004,6.205113770457793,6.1168892534123875,6.146297581570695,10315343.0
2022-02-10,6.165903091430664,6.185508488087458,6.08748150480349,6.175706023473825,11186777.0
2022-02-11,6.087481498718262,6.156100620663209,6.087481498718262,6.136495224026014,9148190.0
2022-02-14,6.0580735206604,6.11688971397599,6.018862725116674,6.0874818510329725,7551197.0
2022-02-15,6.077678680419922,6.08748161263673,6.038467886411757,6.048270818628566,5306100.0
2022-02-16,6.303141117095947,6.528603421272948,6.097284210350445,6.097284210350445,33320481.0
2022-02-17,6.175705909729004,6.224719166753492,6.1266921852749965,6.185508374162094,21183531.0
2022-02-18,6.156100749969482,6.185508611828212,6.107087023632218,6.126692420681216,8466530.0
2022-02-21,6.175705909729004,6.185508374162094,6.1168892534123875,6.146297581570695,7922700.0
2022-02-22,6.126691818237305,6.146297213358484,6.05807270159843,6.146297213358484,11863869.0
2022-02-23,6.205113887786865,6.2443246811196795,6.107086904454831,6.116889369073271,12066822.0
2022-02-24,6.009059906005859,6.185508475559631,5.950243716154602,6.185508475559631,18686263.0
2022-02-25,6.038467884063721,6.097284075053097,6.0188624870672625,6.067876213273177,10307322.0
2022-02-28,6.009059906005859,6.048270699240031,5.9404407841312965,6.038467767216725,8921900.0
2022-03-01,6.0580735206604,6.107087248804835,6.028665657717382,6.0580735206604,8410651.0
2022-03-02,6.06787633895874,6.06787633895874,6.0090601467510885,6.038468009140142,6887133.0
2022-03-03,6.0482707023620605,6.097283960215312,6.038467770333694,6.097283960215312,7808527.0
2022-03-04,5.97965145111084,6.058073035923386,5.9600460549077034,6.058073035923386,9112844.0
2022-03-07,5.901230812072754,5.960047010108478,5.8620200133822715,5.950244544150653,11496035.0
2022-03-08,5.626754283905029,5.911033251814547,5.567938090781197,5.8914278541066025,15581116.0
2022-03-09,5.411095142364502,5.675768256545337,5.175830359728015,5.665965790983602,17996857.0
2022-03-10,5.469911098480225,5.567938086952539,5.469911098480225,5.5189248264311574,10484051.0
2022-03-11,5.528727054595947,5.558135383591942,5.293462292346113,5.391489276616878,12330188.0
2022-03-14,5.450305461883545,5.626754033399474,5.450305461883545,5.4895162555537516,8609971.0
2022-03-15,5.068000316619873,5.440503347931756,5.028789520421734,5.43070041516744,14306803.0
2022-03-16,5.215040683746338,5.2444485451933485,4.930762196801077,5.146421561320763,16837746.0
2022-03-17,5.29346227645874,5.391489260435294,5.2738568796634295,5.2738568796634295,15358971.0
2022-03-18,5.381686210632324,5.40129207442841,5.2640538324329285,5.283659228799494,12436306.0
2022-03-21,5.411095142364502,5.47971427101493,5.35227894670538,5.401292676802768,10504967.0
2022-03-22,5.440503120422363,5.469910982626417,5.371883996230334,5.39148939350955,7757583.0
2022-03-23,5.460108280181885,5.5091215375330345,5.430699951827578,5.469910744680306,7873889.0
2022-03-24,5.391489505767822,5.460108631388597,5.371884108080394,5.460108631388597,7036484.0
2022-03-25,5.352278232574463,5.420897352069344,5.3424753008911186,5.391489024448821,5711702.0
2022-03-28,5.401292324066162,5.46991098080581,5.234646213533516,5.342475664818546,9744510.0
2022-03-29,5.303264617919922,5.420897463388109,5.293462153464793,5.401292067048332,7803525.0
2022-03-30,5.420897483825684,5.43069994831777,5.293462173421917,5.303264637914003,10419200.0
2022-03-31,5.352278232574463,5.440502748006523,5.352278232574463,5.381686092765476,9659986.0
2022-04-01,5.342475414276123,5.371883742520788,5.293462157107707,5.342475414276123,7727005.0
2022-04-06,5.420897483825684,5.450305344731463,5.332672966249303,5.3424754307413895,9633429.0
2022-04-07,5.234646320343018,5.411094899397555,5.2248433877918785,5.391489501724829,12345900.0
2022-04-08,5.185632228851318,5.283659210341703,5.097407711795213,5.23464595331127,10024203.0
2022-04-11,4.969973564147949,5.17583048776192,4.950368165109932,5.146422155490102,13095701.0
2022-04-12,5.058197021484375,5.067999953546405,4.862143054539061,4.969972970073748,13947607.0
2022-04-13,4.9895782470703125,5.0679998319671355,4.969972850846107,5.04839443574293,7270000.0
2022-04-14,5.117013454437256,5.234646307617191,5.06800019408937,5.097408056812191,14143176.0
2022-04-15,5.048394203186035,5.107210389149254,4.969972621901743,5.067999598507108,12605784.0
2022-04-18,5.0876054763793945,5.126816270740622,4.999380955351864,5.048394682018167,9406500.0
2022-04-19,5.097407817840576,5.185632336732086,5.058197024428689,5.107210749908312,9992901.0
2022-04-20,5.097407817840576,5.224843130143973,5.058197024428689,5.097407817840576,14006155.0
2022-04-21,4.852340221405029,5.058197124609319,4.83273482431079,5.058197124609319,16996999.0
2022-04-22,4.803326606750488,4.871945257785101,4.705299628537111,4.842537398035839,11715846.0
2022-04-25,4.381810188293457,4.734707800566675,4.372007723540344,4.734707800566675,19565375.0
2022-04-26,4.1759538650512695,4.440626964425678,4.146545535152092,4.381810304627324,14507277.0
2022-04-27,4.273981094360352,4.293586492926838,4.0191104455664455,4.117137438398881,14005114.0
2022-04-28,4.244572639465332,4.322994231452659,4.166151047478005,4.264178037462164,12758833.0
2022-04-29,4.548456192016602,4.558259123975223,4.332796830651688,4.332796830651688,20376515.0
2022-05-05,4.666089057922363,4.744510644201811,4.489640021364082,4.489640021364082,17557050.0
2022-05-06,4.548456192016602,4.626877777967479,4.499442934512064,4.558259123975223,12151711.0
2022-05-09,4.548456192016602,4.626877777967479,4.519048330999784,4.558259123975223,9240383.0
2022-05-10,4.626878261566162,4.626878261566162,4.470035073271246,4.538654201865058,10962809.0
2022-05-11,4.734707832336426,4.901353941123345,4.587667120616818,4.587667120616818,27929282.0
2022-05-12,4.754312992095947,4.78372131994379,4.656286011652327,4.705299735588894,13132932.0
2022-05-13,5.018986225128174,5.028789157184408,4.744510671566999,4.744510671566999,32707546.0
2022-05-16,4.871945858001709,5.028789509895523,4.852340459943677,5.028789509895523,23659213.0
2022-05-17,5.0876054763793945,5.205237859463076,4.832734845601879,4.852340242782492,43056956.0
2022-05-18,5.0876054763793945,5.293462380490607,4.97977555817125,5.077802544074318,39188165.0
2022-05-19,5.166027545928955,5.1758304791464385,4.969973555875129,5.009184353885894,29069932.0
2022-05-20,5.244448661804199,5.391489374597306,5.0974079490110915,5.107210881331085,40870777.0
2022-05-23,5.646359920501709,5.7737947667305445,5.205237788783401,5.224843185697801,69433604.0
2022-05-24,6.0580735206604,6.214917170264861,5.518924848219383,5.773795019253606,125825439.0
2022-05-25,6.0580735206604,6.0580735206604,6.0580735206604,6.0580735206604,0.0
2022-05-26,6.0580735206604,6.0580735206604,6.0580735206604,6.0580735206604,0.0
2022-05-27,6.0580735206604,6.0580735206604,6.0580735206604,6.0580735206604,0.0
2022-05-30,6.0580735206604,6.0580735206604,6.0580735206604,6.0580735206604,0.0
2022-05-31,6.665842056274414,6.665842056274414,6.665842056274414,6.665842056274414,9235888.0
2022-06-01,7.332425594329834,7.332425594329834,7.332425594329834,7.332425594329834,5523600.0
2022-06-02,8.067627906799316,8.067627906799316,8.067627906799316,8.067627906799316,9542224.0
2022-06-06,8.871450424194336,8.871450424194336,8.871450424194336,8.871450424194336,13948533.0
2022-06-07,9.07730770111084,9.665469611690732,8.87145079869311,9.214545012816611,368996408.0
2022-06-08,9.86152458190918,9.98895896223262,8.489144911769115,9.067504828805513,390761083.0
2022-06-09,8.871450424194336,9.194939695072291,8.871450424194336,9.126321042116068,186466710.0
2022-06-10,8.136247634887695,8.89105564694113,8.008812321713155,8.008812321713155,230373422.0
2022-06-13,8.528355598449707,8.763620361267574,7.969601553042509,7.969601553042509,195553144.0
2022-06-14,8.763620376586914,8.910661554749417,8.136247674642584,8.410723231743228,200751314.0
2022-06-15,8.146050453186035,8.969477108957665,8.136247521188277,8.626382902767583,212801181.0
2022-06-16,7.53828239440918,8.224472224518701,7.508874065183678,8.028417319588073,176901626.0
2022-06-17,7.783349514007568,7.930390214381051,7.2834112262236275,7.499071044752602,143878851.0
2022-06-20,7.655914306640625,8.057825621768002,7.655914306640625,7.842165800493896,110295646.0
2022-06-21,7.469663619995117,7.646112668729047,7.322622901860028,7.616704338130206,94898479.0
2022-06-22,7.459860801696777,7.773547153614317,7.420650007707085,7.4794661986916235,102498951.0
2022-06-23,8.008811950683594,8.038219810866378,7.508873653281152,7.55788737682514,166555268.0
2022-06-24,7.695125579833984,7.940193743866065,7.616703991709896,7.822560894250397,128825885.0
2022-06-27,7.8225603103637695,7.930390219700587,7.52847890941954,7.68532254139023,116884355.0
2022-06-28,8.606778144836426,8.606778144836426,7.626507723131957,7.734337184387401,186755943.0
2022-06-29,7.744139671325684,9.038097338682412,7.744139671325684,8.959675746860107,228151235.0
2022-06-30,7.401044845581055,7.67552041221926,7.273609527355685,7.3912419130577725,127930949.0
2022-07-01,7.420650005340576,7.636309372215109,7.057949459907287,7.35203088216573,101822106.0
2022-07-04,7.136371612548828,7.361833914705125,7.038344158840362,7.3422280500197985,88865907.0
2022-07-05,7.0775556564331055,7.244201783376599,6.979528660416223,7.136372321472822,59652595.0
2022-07-06,7.106963634490967,7.146174430942069,6.9795283123101015,7.048147439814313,46014601.0
2022-07-07,7.391242027282715,7.420650357877491,7.048147329967966,7.185385115407954,95878118.0
2022-07-08,7.224595546722412,7.479466174252147,7.155976891179432,7.34222792830712,69207509.0
2022-07-11,7.195187568664551,7.3128199483466485,6.940316945257146,7.087357653574531,62424869.0
2022-07-12,6.950119972229004,7.303017116096463,6.940317040073475,7.136371476318262,55192057.0
2022-07-13,7.097160339355469,7.10696327168259,6.83248724310723,6.9305146966602775,47476700.0
2022-07-14,6.989330291748047,7.106962665055541,6.940316569155174,7.028541082850545,41622472.0
2022-07-15,6.925900936126709,7.163021419034686,6.916020680447283,6.925900936126709,46807646.0
2022-07-18,7.083981513977051,7.15314142176538,6.8271005104302915,6.896260889335159,41403419.0
2022-07-19,7.083981513977051,7.251942097662772,7.024701391108538,7.123501595889392,49597864.0
2022-07-20,7.0247015953063965,7.251942308466187,7.00494155377583,7.074101463574537,48615535.0
2022-07-21,7.0543413162231445,7.172902034744589,6.906140771408748,7.014821233754845,52318102.0
2022-07-22,7.074100971221924,7.222301507944792,7.004941066236699,7.034580890911362,55817024.0
2022-07-25,6.6492600440979,7.034581072638282,6.540579584878012,7.014821031972533,76169184.0
2022-07-26,6.836980819702148,6.965421322475618,6.609740111378526,6.629500152488557,57839159.0
2022-07-27,6.955541133880615,6.97530117518246,6.767820505954828,6.846860671162203,47246437.0
2022-07-28,6.965421199798584,7.163021607418694,6.955540943859312,7.024701322084617,37189823.0
2022-07-29,7.074100971221924,7.1432613473236675,6.945660945770856,6.965420985926137,46524576.0
2022-08-01,7.212421894073486,7.271702015941915,6.916020813614811,7.074101138597288,71074435.0
2022-08-02,6.886380672454834,7.123501636393695,6.738180599999155,7.113621380301161,63452133.0
2022-08-03,6.698659896850586,7.153140799293215,6.659139347260816,6.916020328453582,68918647.0
2022-08-04,6.669020652770996,6.777701121247311,6.451660186934936,6.708540737468462,45034925.0
2022-08-05,6.678900241851807,6.767820187973995,6.530699703492795,6.678900241851807,33041342.0
2022-08-08,6.975301265716553,7.0148213488331805,6.609740261329469,6.688780427562724,52104248.0
2022-08-09,6.817220687866211,7.074101218877954,6.797460647019154,6.95554097379561,36771670.0
2022-08-10,6.836980819702148,7.014821189692423,6.7480603991487405,6.866620645808924,42418572.0
2022-08-11,6.8962602615356445,6.906140045556057,6.738179948277084,6.846859928084097,33767079.0
2022-08-12,6.777700424194336,6.906140450693391,6.767820168477819,6.84686032974386,30703014.0
2022-08-15,6.678900241851807,6.777700443718974,6.6492599457333945,6.7283001072271285,25629804.0
2022-08-16,6.757940769195557,6.846860720131543,6.669020347143021,6.67890060342288,31268044.0
2022-08-17,6.856740474700928,6.86662025914133,6.688779899165458,6.797460354708971,40944872.0
2022-08-18,6.767820358276367,6.955540982105963,6.748060317405701,6.836980736881967,37699130.0
2022-08-19,6.580100059509277,6.807340776306089,6.570220274144142,6.797460990940953,43176859.0
2022-08-22,6.678900241851807,6.767820187973995,6.520819447747816,6.589979824613095,30667788.0
2022-08-23,6.609739780426025,6.69866019652715,6.580099484686811,6.669019900787936,22675760.0
2022-08-24,6.392379283905029,6.639380037042445,6.382499498760138,6.609740210491222,32114155.0
2022-08-25,6.412138938903809,6.461539275000954,6.283698913060967,6.422019194569845,19701121.0
2022-08-26,6.48129940032959,6.55045977755051,6.362739157479321,6.4121390231086695,25347668.0
2022-08-29,6.4615397453308105,6.580099995254033,6.42201966202307,6.580099995254033,22585385.0
2022-08-30,6.362739562988281,6.510940111554472,6.352859306562809,6.422019688191447,16909980.0
2022-08-31,6.095978736877441,6.323219451369546,6.056458653584602,6.323219451369546,29576195.0
2022-09-01,6.0860981941223145,6.175018612905443,6.056458368605626,6.095978450038899,15979808.0
2022-09-02,6.115738868713379,6.155258952589026,6.056458742899909,6.115738868713379,13657491.0
2022-09-05,6.135498523712158,6.175018605095447,6.0366983202539375,6.086098186424782,14936082.0
2022-09-06,6.402259349822998,6.481299513098406,6.204658941634478,6.204658941634478,37341883.0
2022-09-07,6.333098888397217,6.402259265915051,6.303459063115665,6.34297914423542,22635707.0
2022-09-08,6.3429789543151855,6.481299234092766,6.32321891434696,6.3429789543151855,26703072.0
2022-09-09,6.323218822479248,6.372618686123843,6.204658584392411,6.342978862160388,16228600.0
2022-09-13,6.3429789543151855,6.412138858645719,6.313338658804589,6.32321891434696,17604384.0
2022-09-14,6.2935791015625,6.342979440830395,6.175018852659411,6.254059018594804,19501300.0
2022-09-15,6.145378589630127,6.342979476702677,6.036698596412606,6.342979476702677,23912217.0
2022-09-16,5.957658290863037,6.165138487211949,5.957658290863037,6.095978578801159,18642148.0
2022-09-19,6.016938209533691,6.135498452303684,5.928017791897934,5.93789804768703,21344188.0
2022-09-20,6.046578407287598,6.175018913761816,6.0268183656082215,6.046578407287598,17068567.0
2022-09-21,6.194778919219971,6.214538960783808,5.898377824645856,6.066338413496751,28353657.0
2022-09-22,6.066338539123535,6.184899262078367,6.056458753695294,6.135498921587474,18700330.0
2022-09-23,5.928017616271973,6.09597819077832,5.878617281023101,6.056458111025828,18076080.0
2022-09-26,5.829217433929443,5.957657929058729,5.809457393995439,5.9378978891247245,14086000.0
2022-09-27,5.928017616271973,5.967537696024465,5.809457377014496,5.819337161394363,15477101.0
2022-09-28,5.700777053833008,5.918137497493053,5.681017013500276,5.908257712884948,15770249.0
2022-09-29,5.651377201080322,5.809458008387043,5.631617159056552,5.809458008387043,10902324.0
2022-09-30,5.651377201080322,5.651377201080322,5.651377201080322,5.651377201080322,0.0
2022-10-10,5.473536968231201,5.74029777819494,5.434016883134098,5.720537735646388,17474878.0
2022-10-11,5.572336673736572,5.582216929669758,5.354976225488339,5.483416725920561,13804367.0
2022-10-12,5.750177383422852,5.760057168019272,5.493296388284612,5.513056428593975,19750299.0
2022-10-13,5.700777053833008,5.799577255496665,5.681017013500276,5.7304173498903666,13008540.0
2022-10-14,5.7798171043396,5.839097224201135,5.710657200059399,5.710657200059399,15174154.0
2022-10-17,5.819337368011475,5.848977664436486,5.730417420969497,5.730417420969497,12204400.0
2022-10-18,5.809457778930664,5.9774183650570425,5.809457778930664,5.88849794390389,16280827.0
2022-10-19,5.7205376625061035,5.8489781729877945,5.700777620210195,5.760057747097921,11495142.0
2022-10-20,5.7205376625061035,5.789698046100068,5.572337109728504,5.681017577914286,15022284.0
2022-10-21,5.651377201080322,5.730417840291964,5.611857117032783,5.710657798268195,10152920.0
2022-10-24,5.552577018737793,5.760057696583561,5.49329689236994,5.681017528093091,13804000.0
2022-10-25,5.601977348327637,5.671137260059319,5.434016755065154,5.542697222079096,15637539.0
2022-10-26,5.631617069244385,5.700777450782901,5.592096985827106,5.611857027535745,13390431.0
2022-10-27,5.710657119750977,5.789697278454823,5.641496745326857,5.651376529606584,19809517.0
2022-10-28,5.384615898132324,5.710657267919934,5.364855857943668,5.681016972078689,22173283.0
2022-10-31,5.40437650680542,5.4834171469908215,5.266056210934963,5.29569650989406,10591335.0
2022-11-01,5.631617069244385,5.631617069244385,5.404376354036752,5.404376354036752,19781700.0
2022-11-02,5.848978042602539,5.8687380844579575,5.582217241996112,5.631617111076378,34338773.0
2022-11-03,5.7798171043396,5.918137384016515,5.7501772799670885,5.7798171043396,20674556.0
2022-11-04,5.928017616271973,5.967537696024465,5.78969733713825,5.78969733713825,26423526.0
2022-11-07,5.928017616271973,5.967537696024465,5.868737496643234,5.928017616271973,20140261.0
2022-11-08,5.848978042602539,5.9477782518796305,5.829218000747121,5.928018210024213,12320567.0
2022-11-09,5.7798171043396,5.89837734406267,5.769937319920934,5.85885726415498,12665874.0
2022-11-10,5.710657119750977,5.769937238778861,5.690897080075016,5.7600569833826265,12258000.0
2022-11-11,5.730417251586914,5.868737531543194,5.72053699603178,5.819337196000551,16947930.0
2022-11-14,5.67113733291626,5.779817801326416,5.6414975049694895,5.730417931042942,14421636.0
2022-11-15,5.809457778930664,5.809457778930664,5.6414971928042865,5.690897531470825,17228924.0
2022-11-16,5.819337368011475,5.898377530322801,5.789697542702991,5.799577327433643,13233210.0
2022-11-17,5.76005744934082,5.809457788085204,5.700777325517487,5.809457788085204,11268317.0
2022-11-18,5.690897464752197,5.799577454757975,5.681017208688106,5.799577454757975,14276210.0
2022-11-21,5.700777053833008,5.720537094165739,5.572336556111993,5.6612569731675455,12963900.0
2022-11-22,5.6414971351623535,5.710657514365553,5.601977053079536,5.700777258286579,11792486.0
2022-11-23,5.740297317504883,5.908257901246112,5.611856815689056,5.651376897614458,32416437.0
2022-11-24,5.661256790161133,5.7798170283249295,5.631616495061929,5.720536909243031,20619301.0
2022-11-25,5.6414971351623535,5.690897473324145,5.572336755959153,5.631616879083379,14092419.0
2022-11-28,5.621737003326416,5.631616788129286,5.483416718270514,5.6019769626041445,14163534.0
2022-11-29,5.769937515258789,5.809457596504408,5.631616759782591,5.631616759782591,21421254.0
2022-11-30,6.3429789543151855,6.3429789543151855,5.760057068577751,5.789697364088347,100589899.0
2022-12-01,6.352859020233154,6.530699858943743,6.184898908619261,6.520819602963583,106517962.0
2022-12-02,6.0860981941223145,6.313338897921896,6.056458368605626,6.313338897921896,60595103.0
2022-12-05,6.1651387214660645,6.204659276352287,6.046578470157077,6.115738852312266,51855718.0
2022-12-06,6.1651387214660645,6.273819187390916,6.066338512041908,6.10585859581157,44620928.0
2022-12-07,6.194778919219971,6.263939300251678,6.125618538188263,6.145378579752101,36417823.0
2022-12-08,6.155258655548096,6.224419034551212,6.135498614563853,6.19477873751658,23632669.0
2022-12-09,6.175018310546875,6.263938724976033,6.125617975615897,6.184898565979674,24264129.0
2022-12-12,6.036698341369629,6.165138370756319,6.026818085430981,6.165138370756319,22983286.0
2022-12-13,6.066338539123535,6.175019005533564,6.016938669749204,6.046578497150491,18018493.0
2022-12-14,6.076218605041504,6.105858431512911,6.007058224747307,6.036698522335262,15429392.0
2022-12-15,6.1651387214660645,6.2145390617364225,6.046578470157077,6.076218768542604,31103548.0
2022-12-16,6.105858325958252,6.145378407981293,6.056458458987721,6.115738582022282,18109163.0
2022-12-19,6.056457996368408,6.2244185676950226,6.026817701556916,6.1157381148748895,28789801.0
2022-12-20,6.056457996368408,6.076218035870569,5.908257464543955,5.987297622552596,18252216.0
2022-12-21,5.908257484436035,6.046577761416857,5.868737405298657,6.046577761416857,18175992.0
2022-12-22,5.769937515258789,5.967537921486886,5.760057259389119,5.928017840241266,28091947.0
2022-12-23,5.67113733291626,5.750177973379646,5.611857205906149,5.690897846369535,18134780.0
2022-12-26,5.76005744934082,5.76005744934082,5.601977119145265,5.611856904224214,13503689.0
2022-12-27,5.68101692199707,5.760057082054908,5.6118565463882035,5.750177297605937,19025580.0
2022-12-28,5.542696952819824,5.671136984560546,5.532816696700093,5.671136984560546,17024628.0
2022-12-29,5.503176689147949,5.621736931976844,5.503176689147949,5.503176689147949,14078940.0
2022-12-30,5.513056755065918,5.62173721876151,5.493296713586406,5.572336879504454,14392391.0
2023-01-03,5.59209680557251,5.59209680557251,5.453776518070623,5.513056641285718,12782137.0
2023-01-04,5.59209680557251,5.621737102738328,5.5426969384515345,5.562456979523233,10933800.0
2023-01-05,5.59209680557251,5.661257184881723,5.59209680557251,5.641497143810025,15286592.0
2023-01-06,5.601977348327637,5.671137260059319,5.572337049645084,5.592097091727931,14862100.0
2023-01-09,5.651377201080322,5.710657798268195,5.592097075009013,5.592097075009013,17426932.0
2023-01-10,5.848978042602539,5.888498126313376,5.552576943654705,5.651377152931796,38696978.0
2023-01-11,5.690897464752197,5.819337495769619,5.671136952624013,5.809457710822067,19416226.0
2023-01-12,5.67113733291626,5.760057758989713,5.67113733291626,5.7007776319796015,11970710.0
2023-01-13,5.67113733291626,5.7007776319796015,5.6414975049694895,5.67113733291626,9232247.0
2023-01-16,5.690897464752197,5.710657505763843,5.651376911612369,5.681017208688106,12009582.0
2023-01-17,5.67113733291626,5.720537674316305,5.651377290579556,5.681017589642897,8333240.0
2023-01-18,5.700777053833008,5.74029713449847,5.671136757775649,5.671136757775649,9161600.0
2023-01-19,5.700777053833008,5.720537094165739,5.671136757775649,5.700777053833008,8599398.0
2023-01-20,5.769937515258789,5.789697555881599,5.7007771375206895,5.7007771375206895,15144199.0
2023-01-30,5.878617286682129,5.99717799717025,5.868737502292752,5.918137366472665,33847781.0
2023-01-31,5.947778224945068,5.97741852315225,5.848978016115394,5.878617843206018,18190826.0
2023-02-01,6.066338539123535,6.0959788376413835,5.928018245312221,5.957658543830069,30582468.0
2023-02-02,5.997178554534912,6.076218721461804,5.977418512803189,6.056458679730081,17649211.0
2023-02-03,5.947778224945068,6.026818392008808,5.888498099647264,6.026818392008808,17157087.0
2023-02-06,5.957658290863037,6.046578240407844,5.937898249729019,6.026818199273827,13828963.0
2023-02-07,5.977417945861816,5.98729773023233,5.918137355172688,5.957657906004277,11205175.0
2023-02-08,5.947778224945068,5.997178564918184,5.93789843962038,5.967538266711003,10976630.0
2023-02-09,5.957658290863037,5.987298117005792,5.8983776963444425,5.918137737478459,11615561.0
2023-02-10,5.928017616271973,5.957657911644597,5.878617281023101,5.957657911644597,13290747.0
2023-02-13,6.016938209533691,6.095978371380353,5.908257751436269,5.918137536108838,24953665.0
2023-02-14,5.977417945861816,6.056458105291971,5.937897866146739,6.046577849804946,17501076.0
2023-02-15,5.977417945861816,6.066337889662484,5.967537690374791,5.997177985719355,16657926.0
2023-02-16,5.868737697601318,6.046578062577166,5.8292176164955745,5.977418156200378,21229465.0
2023-02-17,5.848978042602539,5.918137953538223,5.83909778611655,5.8687380844579575,11382373.0
2023-02-20,5.918138027191162,5.937898540409066,5.839097858785811,5.878617942988487,11739110.0
2023-02-21,6.046578407287598,6.076218705364939,5.908258115531968,5.928018157211344,26428461.0
2023-02-22,6.066338539123535,6.066338539123535,5.997178627776159,6.0268184551774455,13583815.0
2023-02-23,6.046578407287598,6.115738788723689,6.007058323928846,6.086098490646348,14388653.0
2023-02-24,6.016938209533691,6.066338075129592,5.98729791328293,6.056458290457022,10271819.0
2023-02-27,5.957658290863037,6.036698455399106,5.947778034737757,6.0070581581398095,10372500.0
2023-02-28,5.997178554534912,5.997178554534912,5.928018172915603,5.977418512803189,8427915.0
2023-03-01,6.02681827545166,6.036698531701824,5.967538151300318,6.0070582340678795,10456519.0
2023-03-02,6.016938209533691,6.0465780346679265,5.9971781690720265,6.036698249995357,9261225.0
2023-03-03,6.046578407287598,6.046578407287598,5.977418496968061,6.007058323928846,13066684.0
2023-03-06,6.105858325958252,6.254058869102924,6.066338243935212,6.086098284946732,30442728.0
2023-03-07,6.718420505523682,6.718420505523682,6.194778714695516,6.2639390934438515,90404093.0
2023-03-08,6.619620323181152,7.004941856345507,6.55046041039517,6.7283007918518605,168999646.0
2023-03-09,6.886380672454834,7.192662015691808,6.431899727878721,6.4714198100157745,155742096.0
2023-03-10,6.392379283905029,6.787580583148204,6.333099159686035,6.669020334710216,114073103.0
2023-03-13,6.056457996368408,6.214538312385691,5.937897759355447,6.214538312385691,85406560.0
2023-03-14,5.918138027191162,6.007058452205465,5.730417862786736,5.997178666713078,75173188.0
2023-03-15,5.898377895355225,5.908258151813863,5.829217984610985,5.878617853554505,40644528.0
2023-03-16,5.730417251586914,5.898377355975568,5.730417251586914,5.839097235994305,35438382.0
2023-03-17,5.740297317504883,5.799577440392986,5.730417532581802,5.769937614507204,28624453.0
2023-03-20,5.621737003326416,5.740297247660046,5.611856747407014,5.740297247660046,32847743.0
2023-03-21,5.730417251586914,5.740297036025534,5.631616580501627,5.661256876050516,24420521.0
2023-03-22,5.750177383422852,5.789697464041577,5.710657302804126,5.750177383422852,21604237.0
2023-03-23,5.750177383422852,5.760057168019272,5.671136751068878,5.720537087400547,18304825.0
2023-03-24,5.68101692199707,5.740297042040449,5.6711366664315825,5.740297042040449,17084592.0
2023-03-27,5.621737003326416,5.710657422134904,5.6019769626041445,5.671136869573829,17827588.0
2023-03-28,5.661256790161133,5.700776869549065,5.6019766710792345,5.641496750467167,20823538.0
2023-03-29,5.562457084655762,5.661257291881613,5.552576828374902,5.641497250436443,19924501.0
2023-03-30,5.59209680557251,5.611856846644208,5.493296600214019,5.5426969384515345,16026296.0
2023-03-31,5.661256790161133,5.671136574449862,5.562456591691302,5.562456591691302,15257903.0
2023-04-03,5.6414971351623535,5.661257176203762,5.601977053079536,5.661257176203762,12117615.0
2023-04-04,5.601977348327637,5.671137260059319,5.592097091727931,5.641497432493331,14100383.0
2023-04-06,5.562457084655762,5.601977167546102,5.532816786929732,5.5920969112652426,12917687.0
2023-04-07,5.59209680557251,5.611856846644208,5.5426969384515345,5.562456979523233,8334862.0
2023-04-10,5.552577018737793,5.6217374017252375,5.532816976615175,5.601977359602619,11782350.0
2023-04-11,5.690897464752197,5.720537290711395,5.592096788577433,5.631616870600723,29384866.0
2023-04-12,5.661256790161133,5.7304171646482684,5.611856455367963,5.700776869549065,17690209.0
2023-04-13,5.661256790161133,5.700776869549065,5.611856455367963,5.661256790161133,14280908.0
2023-04-14,5.76005744934082,5.789697746810759,5.661257242968598,5.671137028047547,32611100.0
2023-04-17,5.769937515258789,5.809457596504408,5.720537178143499,5.7304174340131695,20228670.0
2023-04-18,5.740297317504883,5.789697655469905,5.690897450656399,5.779817399430286,17191994.0
2023-04-19,5.661256790161133,5.740296948936997,5.641496750467167,5.740296948936997,14907950.0
2023-04-20,5.59209680557251,5.641497143810025,5.532816682357415,5.631616887715905,16347492.0
2023-04-21,5.473536968231201,5.621737522903628,5.473536968231201,5.592097223522512,17432594.0
2023-04-24,5.434016704559326,5.52293712866396,5.3253362385555025,5.4735367883577055,17549441.0
2023-04-25,5.295696258544922,5.453776589179635,5.196896051898226,5.44389680407324,21314402.0
2023-04-26,5.443896770477295,5.493296637937508,5.275936184656174,5.295696225863568,14804527.0
2023-04-27,5.463656425476074,5.493296249633747,5.404375834927706,5.43401613020189,9385954.0
2023-04-28,5.690897464752197,5.789697669810422,5.45377650149592,5.4636567575600115,28728869.0
2023-05-04,5.6414971351623535,5.690897473324145,5.601977053079536,5.631616879083379,16402252.0
2023-05-05,5.631617069244385,5.661257367365622,5.542697117113785,5.6414973256569825,17571207.0
2023-05-08,5.700777053833008,5.720537094165739,5.631616677110187,5.6612569731675455,21661257.0
2023-05-09,5.799577713012695,5.799577713012695,5.651377163267731,5.681017461663347,34232880.0
2023-05-10,6.2046589851379395,6.3726190977175525,5.740297315964281,5.789697653916045,92488860.0
2023-05-11,5.9378981590271,6.13549856734891,5.9181376470783835,6.125618311374552,61597610.0
2023-05-12,5.789697170257568,5.928017445404384,5.789697170257568,5.908257406097697,31840869.0
2023-05-15,5.839097499847412,5.8588575407340695,5.700777213640811,5.77981737718744,24720021.0
2023-05-16,5.68101692199707,5.839097242112747,5.66125688198261,5.839097242112747,23526609.0
2023-05-17,5.700777053833008,5.750177390223098,5.641496932834814,5.710657309557635,14895907.0
2023-05-18,5.6414971351623535,5.700777258286579,5.61185683804197,5.68101721724517,17973220.0
2023-05-19,5.611856460571289,5.651376539995865,5.542696557136536,5.611856460571289,10808004.0
2023-05-22,5.582216739654541,5.6810169400406405,5.542696659500102,5.621736819808981,13857400.0
2023-05-23,5.522937297821045,5.621737510343056,5.513057041010557,5.572337168523763,11560372.0
2023-05-24,5.503176689147949,5.562456810562397,5.473536392882462,5.522936729619432,9391152.0
2023-05-25,5.473536968231201,5.532817095876857,5.404376583752982,5.513057053328305,15188071.0
2023-05-26,5.611856460571289,5.621736715985687,5.394496023736125,5.493296222297563,19985844.0
2023-05-29,5.513056755065918,5.601977177281998,5.4834169284049255,5.582217135802486,14763120.0
2023-05-30,5.562457084655762,5.562457084655762,5.46365687742991,5.483416918875081,13229789.0
2023-05-31,5.522937297821045,5.552577126019361,5.483417212812241,5.542697340325447,8498214.0
2023-06-01,5.562457084655762,5.611856952710412,5.473536662594221,5.503176960320251,13315084.0
2023-06-02,5.621737003326416,5.631616788129286,5.542696840437329,5.5525766252401985,15799985.0
2023-06-05,5.661256790161133,5.661256790161133,5.592096415673997,5.621736710773201,15667512.0
2023-06-06,5.522937297821045,5.661257595351861,5.5031772553166425,5.661257595351861,11980700.0
2023-06-07,5.463656425476074,5.522936544907932,5.43401613020189,5.522936544907932,11141068.0
2023-06-08,5.4932966232299805,5.51305666438447,5.443896755902029,5.453776540921003,8933700.0
2023-06-09,5.68101692199707,5.779817122069368,5.5723364663592845,5.582216721924772,45355042.0
2023-06-12,5.76005744934082,5.799577531889709,5.651376986773103,5.681017284243042,26328130.0
2023-06-13,5.769937515258789,5.819337381257548,5.720537178143499,5.760057259389119,19599100.0
2023-06-14,5.740297317504883,5.799577440392986,5.740297317504883,5.789697655469905,14180324.0
2023-06-15,5.7798171043396,5.8786173041088245,5.700776944524219,5.7205369844780645,20579828.0
2023-06-16,5.799577713012695,5.987298346540776,5.799577713012695,5.888498137082986,27396277.0
2023-06-19,5.789697170257568,5.86873732748432,5.7501770916441926,5.789697170257568,17652401.0
2023-06-20,5.730417251586914,5.809457411561931,5.72053699603178,5.7896973715681765,13210242.0
2023-06-21,5.700777053833008,5.799577255496665,5.690897269224904,5.7304173498903666,12815505.0
2023-06-26,5.661256790161133,5.87861722679476,5.6513765347558955,5.6513765347558955,21198734.0
2023-06-27,5.750177383422852,5.769937423732214,5.572336549522063,5.6316166704501525,15561002.0
2023-06-28,5.7798171043396,5.819337184247289,5.671136649035194,5.7501772799670885,14565055.0
2023-06-29,5.789697170257568,5.829217248870944,5.730417052337504,5.740296836432599,17366471.0
2023-06-30,5.839097499847412,5.8588575407340695,5.730417510529065,5.77981737718744,20325230.0
2023-07-03,5.957658290863037,5.987298117005792,5.83909757294239,5.84897782906767,37680191.0
2023-07-04,6.076218605041504,6.125618472866032,5.918137803099989,5.947778100687945,53238050.0
2023-07-05,5.977417945861816,6.095978185007048,5.967537690374791,6.046577849804946,40400713.0
2023-07-06,5.997178554534912,6.046578423305942,5.89837787475974,5.9872982981107725,21880501.0
2023-07-07,5.977417945861816,6.066337889662484,5.957657906004277,6.007057770089868,22329205.0
2023-07-10,5.9378981590271,6.066338188878009,5.9378981590271,5.9774182406914615,16962117.0
2023-07-11,6.115738868713379,6.145378696061833,5.937898491272968,5.957658533210791,42402831.0
2023-07-12,6.066338539123535,6.224419346024457,6.056458753695294,6.12561866504267,39652011.0
2023-07-13,5.979579925537109,6.089022806374671,5.939781953641023,6.069124057638424,27309840.0
2023-07-14,5.909934043884277,6.009427787163759,5.8900352952283805,5.999478650047606,18047042.0
2023-07-17,5.890035629272461,5.9099343790568835,5.810440630134771,5.880086017168441,16483992.0
2023-07-18,6.089023113250732,6.118871475071204,5.830339366642316,5.919883503256498,37216034.0
2023-07-19,6.079073905944824,6.138770154478209,6.039276406922568,6.079073905944824,21393340.0
2023-07-20,6.009428024291992,6.218365130635224,5.999478886783252,6.079073884547606,21016307.0
2023-07-21,5.929832935333252,5.999478794517787,5.89998457441885,5.989529182738453,15552626.0
2023-07-24,5.899984359741211,5.959680604974297,5.880085611330182,5.899984359741211,12603900.0
2023-07-25,6.1686177253723145,6.208415222354826,5.949731491968501,5.999478600408434,45778974.0
2023-07-26,5.93978214263916,6.138770110756827,5.929833005166261,6.118871361387421,35378199.0
2023-07-27,5.989529609680176,6.118871725489593,5.979580471615255,6.029327110787129,31146208.0
2023-07-28,6.218364715576172,6.288010571183113,5.899984271346184,5.9596805156848855,65518443.0
2023-07-31,6.377554893493652,6.486998248638656,6.218364903772622,6.2283145153419825,65059078.0
2023-08-01,6.3079094886779785,6.467099477855803,6.218364882553657,6.327808237325207,44072167.0
2023-08-02,6.327808380126953,6.457150012041036,6.258162521078138,6.258162521078138,31441637.0
2023-08-03,6.248213291168213,6.3079095375726215,6.198466181952742,6.288010788771152,24857400.0
2023-08-04,6.208415508270264,6.317858867224146,6.208415508270264,6.268112230916824,22474318.0
2023-08-07,6.188517093658447,6.2482138195345716,6.14871959269012,6.188517093658447,18666838.0
2023-08-08,6.118871212005615,6.208415344770071,6.069124102584787,6.168617847002847,19696096.0
2023-08-09,6.029326915740967,6.1089219153800105,6.009428165831206,6.089023165470249,16552933.0
2023-08-10,5.989529609680176,6.049225861340607,5.979580471615255,6.0094283602336525,14932539.0
2023-08-11,5.850237846374512,6.01937744856242,5.840288234752355,5.989529088119545,22100598.0
2023-08-14,5.740794658660889,5.830339268186565,5.641300911645474,5.820389656273219,25517010.0
2023-08-15,5.691047668457031,5.770643142178513,5.641301031107676,5.720896030405539,15818600.0
2023-08-16,5.651249885559082,5.700996994838657,5.641300748357324,5.651249885559082,11710100.0
2023-08-17,5.7009968757629395,5.720895624174429,5.571654773876466,5.641300630528471,16272234.0
2023-08-18,5.601503372192383,5.720895867744516,5.601503372192383,5.681098369227138,13799606.0
2023-08-21,5.511959075927734,5.661199941043913,5.511959075927734,5.6015036898821675,14237474.0
2023-08-22,5.581604480743408,5.591553617907498,5.482110736984547,5.571654869155726,13607126.0
2023-08-23,5.472161293029785,5.5617059023676445,5.462211681137308,5.5617059023676445,13823465.0
2023-08-24,5.49206018447876,5.561706046257115,5.432363934850293,5.49206018447876,10101231.0
2023-08-25,5.402515411376953,5.511958769637043,5.3826166620954465,5.482110882926586,14517800.0
2023-08-28,5.511959075927734,5.730845804611097,5.492060325540486,5.69104782941297,21603964.0
2023-08-29,5.611452579498291,5.6313513290048105,5.492060082459172,5.511958831965692,16137211.0
2023-08-30,5.571654796600342,5.651249790570926,5.5418069110731665,5.621401905043751,12665100.0
2023-08-31,5.482110977172852,5.591553862890835,5.472161365149246,5.571655113267236,13187332.0
2023-09-01,5.581604480743408,5.61145236665927,5.492059874148636,5.492059874148636,12715031.0
2023-09-04,5.7009968757629395,5.710946012756892,5.561705636882514,5.591553522287955,20637410.0
2023-09-05,5.641301155090332,5.700997405875714,5.621402404828538,5.691047793533002,10398100.0
2023-09-06,5.651249885559082,5.681098246011546,5.601503250703101,5.631351136731971,10047235.0
2023-09-07,5.541807174682617,5.651250059386292,5.531857562751223,5.651250059386292,10728244.0
2023-09-08,5.541807174682617,5.581604673560974,5.502009675804261,5.5219084252434385,8472500.0
2023-09-11,5.671148777008057,5.700997138211167,5.531857531715289,5.5617058929184,16191796.0
2023-09-12,5.7009968757629395,5.720895624174429,5.661199378939961,5.68109812735145,11989501.0
2023-09-13,5.591554164886475,5.6910479183780485,5.57165541418816,5.671149167679734,11674600.0
2023-09-14,5.541807174682617,5.591553811068758,5.502009675804261,5.551756312190402,10717054.0
2023-09-15,5.591554164886475,5.611452915584789,5.541807525352507,5.581605026749137,10546070.0
2023-09-18,5.651249885559082,5.710946132040415,5.551756141423526,5.571654890250637,15058398.0
2023-09-19,5.621401786804199,5.65124967170356,5.581604290656,5.65124967170356,9991000.0
2023-09-20,5.551756381988525,5.631351380745927,5.551756381988525,5.611452631056577,8868770.0
2023-09-21,5.511959075927734,5.58160493949492,5.502009937945926,5.531857826314982,9409900.0
2023-09-22,5.571654796600342,5.581604408058459,5.482110665595228,5.492059802629758,9946691.0
2023-09-25,5.531857490539551,5.601503349879337,5.511958741360127,5.571654988898399,9566144.0
2023-09-26,5.472161293029785,5.541807153006299,5.462211681137308,5.521908403644953,8428331.0
2023-09-27,5.4522624015808105,5.502009510899554,5.4522624015808105,5.462211538790402,8364641.0
2023-09-28,5.531857490539551,5.541807102341065,5.462211631199764,5.462211631199764,12507968.0
2023-10-09,5.621401786804199,5.63135092362946,5.561705542581901,5.571654679407162,18296450.0
2023-10-10,5.691047668457031,5.750744392354047,5.611452669159168,5.661199780932142,20956644.0
2023-10-11,5.591554164886475,5.710946669076363,5.57165541418816,5.700997530939025,15160200.0
2023-10-12,5.760693550109863,5.800491049897347,5.601503550959929,5.631351438588732,31254495.0
2023-10-13,5.810440540313721,5.850238039267353,5.6910475690292115,5.740794679933058,24018167.0
2023-10-16,5.949731349945068,6.1686175781239445,5.860186746660104,5.919882990708889,55911448.0
2023-10-17,5.810440540313721,6.0193776470320985,5.780592178886691,5.9994788975552815,37220537.0
2023-10-18,5.870136260986328,5.989528747113179,5.7606929114915975,5.810440017922902,38132908.0
2023-10-19,5.621401786804199,5.840288015619292,5.6015030387301,5.840288015619292,32133551.0
2023-10-20,5.641301155090332,5.750744518742013,5.561706154043156,5.58160490430495,20187899.0
2023-10-23,6.208415508270264,6.208415508270264,5.591553802209489,5.611452551617139,61965664.0
2023-10-24,6.13877010345459,6.427302206179563,6.069124243532711,6.427302206179563,126016741.0
2023-10-25,6.1586689949035645,6.258162743927932,6.069124383569825,6.138770245098692,76882011.0
2023-10-26,6.238264083862305,6.3178590842267965,6.079074083133323,6.098972833224446,74302784.0
2023-10-27,6.407403469085693,6.765581432417433,6.198466363344146,6.228314724631628,108737429.0
2023-10-30,6.1686177253723145,6.26811194225218,5.999478600408434,6.238263582303502,70762733.0
2023-10-31,6.05917501449585,6.178567508765817,5.999478767360865,6.158668759720823,47754926.0
2023-11-01,6.079073905944824,6.138770154478209,5.919883435432188,6.049225544466326,40249691.0
2023-11-02,6.685986042022705,6.685986042022705,6.019377692321979,6.069124329176509,106385691.0
2023-11-03,6.467099666595459,6.656138021472928,6.31785881017392,6.656138021472928,124173347.0
2023-11-06,6.516847133636475,6.546695021900618,6.377555406991708,6.427302519996786,88132624.0
2023-11-07,6.646188259124756,6.875024107275498,6.437251159751314,6.467099520129061,110401751.0
2023-11-08,6.646188259124756,6.7058845054566545,6.467099520129061,6.546694515238259,70474818.0
2023-11-09,6.467099666595459,6.606390911191213,6.4472009173674945,6.566593412735284,49994165.0
2023-11-10,6.367605686187744,6.486998177163015,6.317858577736255,6.467099428667137,35105523.0
2023-11-13,6.457149982452393,6.5068970921769616,6.357656237426855,6.367605849141208,30337485.0
2023-11-14,6.516847133636475,6.596442134905696,6.467100020631396,6.486998770948702,41257416.0
2023-11-15,6.486998558044434,6.566593556701335,6.387504809723308,6.566593556701335,42193215.0
2023-11-16,6.417352199554443,6.516846414586698,6.407403062705364,6.467099307070571,25394249.0
2023-11-17,6.506897449493408,6.516847061754129,6.3974540867436,6.417352836841418,34723484.0
2023-11-20,6.486998558044434,6.576543168745255,6.457150196336289,6.516846919752579,32476030.0
2023-11-21,6.42730188369751,6.516846488472333,6.38750438700283,6.447200632044851,28665531.0
2023-11-22,6.1686177253723145,6.417352318724804,6.15866858833848,6.417352318724804,46108615.0
2023-11-23,6.556644439697266,6.765581549040405,6.15866897073778,6.168618108389369,95068002.0
2023-11-24,6.377554893493652,6.566593243499171,6.357656144778524,6.546694494784043,49335144.0
2023-11-27,6.8451762199401855,7.014315821724901,6.52679576514404,6.616340371835617,143833835.0
2023-11-28,7.372493267059326,7.521734119411147,6.606390731038476,6.6859857257798225,161715711.0
2023-11-29,7.2033538818359375,7.332695989377534,6.964568890457856,7.143657633991417,115326340.0
2023-11-30,6.815328121185303,7.243151947868985,6.72578398548003,7.044163978074088,87987765.0
2023-12-01,6.616340637207031,6.884973993632647,6.457150166212273,6.835226882492357,60817178.0
2023-12-04,6.546694755554199,6.7556318625972995,6.506897256538714,6.656138115058588,56109759.0
2023-12-05,6.417352199554443,6.586491795800985,6.407403062705364,6.55664391083017,40028199.0
2023-12-06,6.397453784942627,6.4969480051616815,6.367605898415793,6.367605898415793,31397302.0
2023-12-07,6.218364715576172,6.387504311747616,6.188516356195032,6.377554700479377,45188936.0
2023-12-08,6.05917501449585,6.248213367635098,6.039276265450855,6.2382637559008005,35882462.0
2023-12-11,6.13877010345459,6.158668852800326,5.9596808849193605,6.039276356725911,28707644.0
2023-12-12,6.1686177253723145,6.228314445269668,6.089022731407291,6.1188710913559685,25393238.0
2023-12-13,6.13877010345459,6.248213462067941,6.0989726047631185,6.13877010345459,27790754.0
2023-12-14,6.049225330352783,6.18851657200044,6.039276193161176,6.118871188388408,20641825.0
2023-12-15,6.009428024291992,6.1089217714974335,5.999478886783252,6.059175135106518,17150082.0
2023-12-18,5.949731349945068,6.0591747012462935,5.9298326019288075,5.979579709181248,20136700.0
2023-12-19,5.870136260986328,5.949731251737562,5.810440017922902,5.949731251737562,19667441.0
2023-12-20,5.750743865966797,5.9198829867810066,5.740794254753481,5.870136353985148,15095206.0
2023-12-21,5.7706427574157715,5.8004906429505265,5.661199403466633,5.730845260420373,16252650.0
2023-12-22,5.691047668457031,5.790541892002979,5.661199780932142,5.770643142178513,16241095.0
2023-12-25,5.720895767211914,5.720895767211914,5.651249908818579,5.681098269393893,10986663.0
2023-12-26,5.631351470947266,5.7109464709795965,5.611452720939183,5.7109464709795965,11885500.0
2023-12-27,5.691047668457031,5.691047668457031,5.601503531458744,5.631351418983634,10670300.0
2023-12-28,5.750743865966797,5.790541361972914,5.65124965152793,5.671148399530988,16189033.0
2023-12-29,5.740794658660889,5.830339268186565,5.720895909257806,5.730845521171151,18579493.0
2024-01-02,5.800490856170654,5.840288354628967,5.7507442203095644,5.7507442203095644,18152894.0
2024-01-03,5.78059196472168,5.810440325042858,5.720895718502915,5.790541576303269,13267229.0
2024-01-04,5.710946559906006,5.770643285283428,5.671149059270145,5.760693672912647,9520300.0
2024-01-05,5.641301155090332,5.750744518742013,5.591554042224033,5.720896156137508,14163475.0
2024-01-08,5.531857490539551,5.641300848238186,5.531857490539551,5.641300848238186,13946965.0
2024-01-09,5.541807174682617,5.581604673560974,5.482110926365083,5.531857562751223,10175163.0
2024-01-10,5.49206018447876,5.561706046257115,5.442313072576561,5.531857684231071,10148311.0
2024-01-11,5.591554164886475,5.601503777447451,5.462212048135609,5.462212048135609,11442813.0
2024-01-12,5.531857490539551,5.621402099058761,5.531857490539551,5.571654988898399,9764700.0
2024-01-15,5.541807174682617,5.5716550616295795,5.492060063872867,5.541807174682617,8029810.0
2024-01-16,5.571654796600342,5.611452293585634,5.492059802629758,5.5617056595658125,15438527.0
2024-01-17,5.551756381988525,5.6611997424917595,5.541807244355658,5.5716551316778755,16995104.0
2024-01-18,5.392566204071045,5.521908309936625,5.243325349181807,5.521908309936625,23249403.0
2024-01-19,5.322920322418213,5.402515318171043,5.322920322418213,5.37266743197553,9021272.0
2024-01-22,5.86018705368042,5.86018705368042,5.760693308386549,5.86018705368042,38230661.0
2024-01-23,5.999478816986084,6.427302162204046,5.94973170675031,6.427302162204046,137320149.0
2024-01-24,6.367605686187744,6.467099428667137,5.870136499367195,5.999478601802199,117988652.0
2024-01-25,6.1686177253723145,6.3178585762685255,5.870136498003478,6.04922523442478,99721121.0
2024-01-26,5.959681034088135,6.148719394815994,5.959681034088135,6.029326895753226,64463491.0
2024-01-29,5.601503372192383,5.949731721431241,5.601503372192383,5.949731721431241,50811191.0
2024-01-30,5.641301155090332,5.790542019265601,5.472161540653269,5.551756541700445,34596425.0
2024-01-31,5.392566204071045,5.611452443331289,5.392566204071045,5.601503306031259,34163633.0
2024-02-01,5.442313194274902,5.541807420304141,5.30302194202705,5.372667805362791,22751325.0
2024-02-02,5.322920322418213,5.4920599256047735,5.0343882256024095,5.452262427728359,32881733.0
2024-02-05,4.974691867828369,5.283122706702898,4.875198125356519,5.283122706702898,32726002.0
2024-02-06,5.21347713470459,5.342819244199011,4.8055525310629985,4.8751983918115975,29716185.0
2024-02-07,5.472161293029785,5.59155378919786,5.223426688801158,5.273173799416327,40083398.0
2024-02-08,5.531857490539551,5.611452487257248,5.43236374464243,5.482110854802792,32766744.0
2024-02-19,5.541807174682617,5.611452560507936,5.472161314433689,5.541807174682617,23526553.0
2024-02-20,5.511959075927734,5.521908688333174,5.432364074378741,5.502009937945926,19058408.0
2024-02-21,5.890035629272461,6.059175239651861,5.770643130565926,5.810440630134771,74864637.0
2024-02-22,5.8402886390686035,5.880086139465175,5.710946525567932,5.770643250586417,48359883.0
2024-02-23,5.890035629272461,5.969630628410151,5.770643130565926,5.860187267384019,44566203.0
2024-02-26,5.9198832511901855,6.069124105090694,5.880085753406529,5.8999845022983575,49744887.0
2024-02-27,6.05917501449585,6.069124151806547,5.850237912311607,5.90993415944659,58194651.0
2024-02-28,5.760693550109863,6.0492256607809285,5.750744412374803,6.0492256607809285,63376974.0
2024-02-29,6.039276599884033,6.039276599884033,5.651250260383751,5.671149010530666,52058081.0
2024-03-01,6.0193772315979,6.1188709721153085,5.9696301241274075,6.049225116541335,35612187.0
2024-03-04,5.9198832511901855,5.999478721181093,5.840288255622873,5.979579972289265,31176082.0
2024-03-05,6.516847133636475,6.516847133636475,5.800491173366225,5.850238286371304,82796541.0
2024-03-06,6.685986042022705,7.143657757856621,6.54669479463696,6.6262897931431,187513825.0
2024-03-07,6.70588493347168,7.0740125209835085,6.417352820572965,6.546694933092699,149216431.0
2024-03-08,7.024265289306641,7.103860288143763,6.6660873201159765,6.805379042504555,161040737.0
2024-03-11,6.86507511138916,6.944670108136508,6.666087145097189,6.86507511138916,110651153.0
2024-03-12,6.715834617614746,6.855125869437769,6.586492503710124,6.795429618656473,97360249.0
2024-03-13,6.86507511138916,7.243151820362663,6.626289646723515,6.685985894284025,126842736.0
2024-03-14,6.835227012634277,7.004366624423325,6.735733262882961,6.795429512733751,82159584.0
2024-03-15,7.521734237670898,7.521734237670898,6.676036693612302,6.76558130131597,185056936.0
2024-03-18,8.277887344360352,8.277887344360352,7.690873999622857,7.760519859761438,94223076.0
2024-03-19,8.56641960144043,9.103686319495104,7.969457108517033,8.954445933476064,296120370.0
2024-03-20,9.422066688537598,9.422066688537598,8.45697619792115,8.536571192111458,296186894.0
2024-03-21,9.203180313110352,9.690699907378812,8.994243208588554,9.03404070712379,254518313.0
2024-03-22,8.626115798950195,9.053939604416152,8.456976199061197,9.02409076995538,190917599.0
2024-03-25,8.19829273223877,8.795256191386565,8.168444843935559,8.456976961125966,138670471.0
2024-03-26,8.228140830993652,8.447026590704017,8.108747390800684,8.138596225272513,101059579.0
2024-03-27,7.6610260009765625,8.307736573399843,7.631178112663877,8.24803984792721,137676710.0
2024-03-28,7.969456672668457,8.068949941624133,7.651076219431215,7.661025356557347,93569817.0
2024-03-29,7.840114593505859,7.999304583408974,7.730671238235672,7.939608337195306,37278673.0
2024-04-01,8.148545265197754,8.307736209876609,7.860013634964721,7.860013634964721,117876370.0
2024-04-02,7.850063800811768,8.18834253237877,7.810266302980356,8.108747536715946,77889877.0
2024-04-03,7.561532020568848,7.939608740203194,7.531684133158756,7.929659128117419,68342714.0
2024-04-08,7.541633129119873,7.750570234759224,7.491886492896547,7.531683991644651,65855026.0
2024-04-09,7.382442951202393,7.591380051664618,7.272999595145133,7.591380051664618,58308558.0
2024-04-10,7.1635565757751465,7.422240797809816,7.064062826693973,7.392392435873655,62442154.0
2024-04-11,7.302847862243652,7.442139102628472,7.083961152929633,7.113809513081032,66218187.0
2024-04-12,7.243151664733887,7.442139152326744,7.113809560586733,7.183454944032437,53632249.0
2024-04-15,7.2729997634887695,7.462038119445557,6.884973914116211,7.163556404898292,81738889.0
2024-04-16,6.86507511138916,7.302848067923175,6.855125499583941,7.223253071175827,65640450.0
2024-04-17,7.263050556182861,7.3127971918466,6.96456884450602,6.96456884450602,63629923.0
2024-04-18,7.481936931610107,7.700823176205361,7.173506077014081,7.253101075048718,109251304.0
2024-04-19,7.412291049957275,7.5416331586061185,7.173506056535049,7.402341912443154,89488038.0
2024-04-22,7.133708477020264,7.3227468318885265,7.093910978566272,7.312797220063226,56057750.0
2024-04-23,7.024265289306641,7.243152010532342,6.974518652245248,7.173506149338053,45234889.0
2024-04-24,7.282949447631836,7.352594833806566,6.994417342104385,7.044163978740104,57790755.0
2024-04-25,7.332695960998535,7.919709774166533,7.133708468953588,7.292898462589546,126674186.0
2024-04-26,7.402341842651367,7.511785200816489,7.1337084903723245,7.1337084903723245,106188731.0
2024-04-29,7.5515828132629395,7.661025698655437,7.26305070736706,7.3824432047535735,106727683.0
2024-04-30,7.342645168304443,7.720721856785107,7.33269555703852,7.680923886144994,88505304.0
2024-05-06,7.830165386199951,7.830165386199951,7.462038278330641,7.511785389955626,125497285.0
2024-05-07,7.670975208282471,7.760519817339214,7.551582712489216,7.740621068040338,83711414.0
2024-05-08,7.462038516998291,7.581431019408591,7.352595152577032,7.581431019408591,83207604.0
2024-05-09,7.452088356018066,7.551582575126256,7.392392109207312,7.40234172088757,48898101.0
2024-05-10,7.2332024574279785,7.452088706014335,7.193404957685004,7.4222408184189135,57262043.0
2024-05-13,7.133708477020264,7.2829493334345345,7.024265119059985,7.083961366740972,43363898.0
2024-05-14,7.362544536590576,7.3923924240554015,7.153607426642331,7.153607426642331,63543617.0
2024-05-15,7.113810062408447,7.312797564038262,7.103860450115143,7.312797564038262,46438400.0
2024-05-16,7.0939106941223145,7.203353573270667,7.074011945693197,7.143657327983315,34475633.0
2024-05-17,7.133708477020264,7.14365761442196,7.04416386828698,7.093910978566272,28473200.0
2024-05-20,7.213303565979004,7.253101064940862,7.074012319612503,7.093911069093432,39845633.0
2024-05-21,7.302847862243652,7.372493245224267,7.054113267201823,7.193404507586643,66448117.0
2024-05-22,7.442139148712158,7.541632892460264,7.163556191793871,7.233202049629341,91064572.0
2024-05-23,7.143657684326172,7.372493539887698,7.1237589349044566,7.362544402388644,56929854.0
2024-05-24,7.083961486816406,7.163556485073551,7.014316100553211,7.0640627372521205,33555071.0
2024-05-27,7.143657684326172,7.213303544513979,7.083961436061027,7.093911047983688,24964685.0
2024-05-28,6.954619407653809,7.113809879283375,6.884974021088012,7.113809879283375,41218400.0
2024-05-29,6.914822101593018,6.984467964528743,6.894923351386185,6.894923351386185,24566141.0
2024-05-30,6.875024318695068,7.024265176326041,6.865075181212261,6.954619316251958,26073700.0
2024-05-31,6.894922733306885,7.034214446691853,6.815327739614665,6.894922733306885,30094554.0
2024-06-03,6.646188259124756,6.875024107275498,6.536745378061405,6.8551253584981975,51913722.0
2024-06-04,6.656137943267822,6.685985829547275,6.536745449302813,6.6262895825647705,40408193.0
2024-06-05,6.586492538452148,6.765581766164313,6.51684714938509,6.626290039182934,33916048.0
2024-06-06,6.407403469085693,6.606390962923544,6.357656358414427,6.556644326675885,39776524.0
2024-06-07,6.516847133636475,6.526796271583312,6.397454157309014,6.427302519996786,24698055.0
2024-06-11,6.486998558044434,6.516846919752579,6.397453947343613,6.4770494204241285,16273031.0
2024-06-12,6.516847133636475,6.53674588395378,6.447201270314092,6.467100020631396,17208731.0
2024-06-13,6.42730188369751,6.546694373781552,6.397453523964708,6.467099380392191,26191239.0
2024-06-14,6.506897449493408,6.516847061754129,6.367606198808686,6.417352836841418,21051700.0
2024-06-17,6.596441745758057,6.676036742331685,6.457150027330605,6.467099639114109,41339063.0
2024-06-18,6.835227012634277,6.845176624821219,6.566593651093914,6.566593651093914,58397899.0
2024-06-19,6.8451762199401855,6.954619100981454,6.785479973620332,6.835226608341747,48616589.0
2024-06-20,6.636239528656006,6.835227028624135,6.566593666455349,6.795429528630509,39199090.0
2024-06-21,6.616340637207031,6.795429383349571,6.5466947764953485,6.596441887635638,27807255.0
2024-06-24,6.3477067947387695,6.616340130595184,6.327808046691019,6.576542634499684,32692800.0
2024-06-25,6.288011074066162,6.477049433468831,6.1984664631849995,6.387504822587668,34924693.0
2024-06-26,6.457149982452393,6.477049205881099,6.228314606105455,6.2581624924013175,25445923.0
2024-06-27,6.248213291168213,6.44720077918291,6.248213291168213,6.42730203038144,24644983.0
2024-06-28,6.357656478881836,6.467099839778234,6.188516868702934,6.22831484264822,29394900.0
2024-07-01,6.447200775146484,6.49694788433081,6.258162424439077,6.347707031201426,25685602.0
2024-07-02,6.387504577636719,6.546694569166437,6.367605828695504,6.437251212777957,24665320.0
2024-07-03,6.3477067947387695,6.427301786929769,6.327808046691019,6.367605542786519,18140222.0
2024-07-04,6.228314399719238,6.457149768483311,6.208415176949928,6.407403134830784,22692302.0
2024-07-05,6.228314399719238,6.228314399719238,6.228314399719238,6.228314399719238,0.0
2024-07-08,6.13877010345459,6.34770720879662,6.118871354108855,6.278061348874741,23755582.0
2024-07-09,6.357656478881836,6.357656478881836,6.0790739822301525,6.138770231512656,33859139.0
2024-07-10,6.536745548248291,6.666087181456405,6.35765633016634,6.377555079461712,54689971.0
2024-07-11,6.825277328491211,6.99441692674023,6.556643988455588,6.556643988455588,67497530.0
2024-07-12,6.8451762199401855,6.90487246626004,6.71583411570204,6.795429110795178,50042720.0
2024-07-15,6.765331268310547,6.975186486689394,6.735351747181431,6.8352831666062706,42023100.0
2024-07-16,6.915227890014648,7.015158832484275,6.695379340073149,6.695379340073149,58240265.0
2024-07-17,6.855269432067871,7.0951036977571285,6.835283243260433,6.92522085463974,60964332.0
2024-07-18,6.875255584716797,6.905234629516124,6.6354208437805555,6.785317497302166,41005041.0
2024-07-19,6.665400505065918,6.955200485589798,6.635420983128676,6.865262396286409,49320833.0
2024-07-22,6.765331268310547,6.885248399810368,6.60544175964412,6.61543461568161,43996373.0
2024-07-23,7.095103740692139,7.344931340551075,6.685386629406148,6.8152970956947945,139621933.0
2024-07-24,6.5954484939575195,6.9851794135368666,6.575462305171612,6.9851794135368666,100817800.0
2024-07-25,6.7053728103637695,6.805303754886888,6.495517588611054,6.615434722038796,62209378.0
2024-07-26,7.13507604598999,7.344931265858078,6.925220826121903,6.945207014847039,137230390.0
2024-07-29,7.504821300506592,7.684697000191405,7.195034658509142,7.284972746605713,167556406.0
2024-07-30,7.384903430938721,7.524807224499746,7.115089652654333,7.3049586783371705,115440492.0
2024-07-31,7.584765911102295,7.744655418880389,7.3249449844545715,7.3249449844545715,140273562.0
2024-08-01,7.844586372375488,7.994483024384359,7.434869269858453,7.484834502855862,169625933.0
2024-08-02,7.414883136749268,7.704683110427429,7.374910759449405,7.67470358919837,126288915.0
2024-08-05,7.045138359069824,7.4448621292655215,6.985179317032149,7.294965953696296,105323000.0
2024-08-06,6.945207118988037,7.165055674769409,6.875255695655328,7.085110918670122,61584500.0
2024-08-07,7.06512451171875,7.1650554537604485,6.835283106768682,6.895241671993702,64815101.0
2024-08-08,6.805303573608398,6.96519308058628,6.745345008491692,6.945206892214045,53244200.0
2024-08-09,6.77532434463501,6.985179078569491,6.77532434463501,6.825289575949579,35222387.0
2024-08-12,6.635420799255371,6.805303640339354,6.575462233550728,6.805303640339354,35673950.0
2024-08-13,6.675393104553223,6.675393104553223,6.575462162787577,6.595448351140707,26452599.0
2024-08-14,6.685386657714844,6.835283313566596,6.635420946928148,6.635420946928148,35593461.0
2024-08-15,6.7953104972839355,6.7953104972839355,6.5754619558113845,6.665400038823638,37302001.0
2024-08-16,6.665400505065918,6.805303828920262,6.655407172250725,6.775324783491356,33468692.0
2024-08-19,6.625427722930908,6.735351518146976,6.59544820282124,6.65540676653227,27579976.0
2024-08-20,6.475531101226807,6.645413937339788,6.445551580997566,6.6354206050939375,30457800.0
2024-08-21,6.355614185333252,6.455545128583645,6.325634664103972,6.435558939933567,25887900.0
2024-08-22,6.275669574737549,6.375600520281007,6.195724341794446,6.3556143311723154,26458100.0
2024-08-23,6.275669574737549,6.345620998363802,6.215710530903138,6.23569672001183,22481400.0
2024-08-26,6.215710163116455,6.305648247038054,6.175737787264257,6.285662059111955,22169400.0
2024-08-27,6.02584171295166,6.19572407480059,5.99586219232637,6.19572407480059,27112375.0
2024-08-28,5.91591739654541,6.015848337059695,5.905924064239826,5.995862148956838,22613027.0
2024-08-29,6.065814018249512,6.105786394275183,5.8459654736000095,5.895931181886254,26680800.0
2024-08-30,6.20571756362915,6.285662318634304,6.055820909740324,6.08580043112142,35934212.0
2024-09-02,5.875945091247559,6.145758872146257,5.855958902903519,6.115779351376038,50784646.0
2024-09-03,5.895931243896484,5.925910287976887,5.835972679227366,5.855958867450405,23981915.0
2024-09-04,5.895931243896484,6.00585551737736,5.805993158638649,5.815986491004326,26925500.0
2024-09-05,5.965882778167725,6.005855631884235,5.825979457939067,5.875945167703464,25918600.0
2024-09-06,5.9758758544921875,6.1157791687221135,5.96588252236447,5.9758758544921875,34997400.0
2024-09-09,5.875945091247559,5.9558898446237185,5.796000337871399,5.875945091247559,20963900.0
2024-09-10,5.815986633300781,5.905924244250755,5.736041401944333,5.905924244250755,23927600.0
2024-09-11,5.766020774841309,5.815986483589362,5.716055066093255,5.776014107194245,13771601.0
2024-09-12,5.746034622192383,5.845965563798413,5.736041289777622,5.756027954607144,14937400.0
2024-09-13,5.69606876373291,5.805993034870496,5.6660897202915805,5.796000179226154,18013500.0
2024-09-18,5.6860761642456055,5.716055209037488,5.586145220758789,5.676082831642761,16750479.0
2024-09-19,5.825979232788086,5.855958752789799,5.66608973013443,5.716054961459545,21092600.0
2024-09-20,5.786006927490234,5.885937867864063,5.736041219049165,5.815986447856538,19200197.0
2024-09-23,5.925910472869873,6.035834749780471,5.756028105927731,5.756028105927731,45628671.0
2024-09-24,6.065814018249512,6.075806874001775,5.8459654736000095,5.895931181886254,51679889.0
2024-09-25,6.055820941925049,6.235696641642626,6.055820941925049,6.0858004634654765,53034606.0
2024-09-26,6.215710163116455,6.215710163116455,6.00585542814657,6.035834471781564,41303900.0
2024-09-27,6.4855241775512695,6.495517510137015,6.285662290919614,6.365607045572276,43220700.0
2024-09-30,7.045138359069824,7.085110736089394,6.5754622143273975,6.835283141462922,99903649.0
2024-10-08,7.215020656585693,7.744655361971258,6.825289745986243,7.704682985320459,135573222.0
2024-10-09,6.5055108070373535,7.075117419067206,6.495517474506426,7.075117419067206,85296224.0
2024-10-10,6.585455417633057,6.775324443005037,6.405579248065754,6.505510665162394,59986901.0
2024-10-11,6.335628032684326,6.615434675375383,6.215710423594118,6.615434675375383,48121786.0
2024-10-14,6.445551872253418,6.465538061139927,6.235696650690904,6.345620927820871,37259074.0
2024-10-15,6.255682945251465,6.445551490163811,6.245689613146445,6.395586259163621,35056202.0
2024-10-16,6.335628032684326,6.355614221447973,6.165745189939163,6.195724234830471,35067718.0
2024-10-17,6.245689868927002,6.425565565609104,6.235696536412725,6.345620811528169,33069000.0
2024-10-18,6.435558795928955,6.545483069298841,6.195724060986323,6.24568976974763,55414750.0
2024-10-21,6.515503406524658,6.595448157591121,6.40557913555412,6.4555448432248115,48253734.0
2024-10-22,6.635420799255371,6.685386508930068,6.505510811816138,6.535489856414299,45545011.0
2024-10-23,6.685386657714844,6.795310935540574,6.555476190876102,6.675393324954172,55164500.0
2024-10-24,6.545483112335205,6.715365474922328,6.525496924000937,6.685386430675084,33358600.0
2024-10-25,6.625427722930908,6.675392954435947,6.5254967834125255,6.565469159219878,32342201.0
2024-10-28,6.765331268310547,6.765331268310547,6.595448427098307,6.655406992848217,41052800.0
2024-10-29,6.625427722930908,6.8452757898713505,6.605441535027232,6.815296746269989,39401569.0
2024-10-30,6.7053728103637695,6.765331377077641,6.545483299126778,6.555476155324925,36540729.0
2024-10-31,6.575462341308594,6.6454142406978685,6.385593308544846,6.635420907995831,59779000.0
2024-11-01,6.2856621742248535,6.50551072194646,6.2356964652404026,6.495517389546244,56416350.0
2024-11-04,6.535490036010742,6.565469557941068,6.295655766601481,6.325634812023471,48080962.0
2024-11-05,6.695379257202148,6.72535877782613,6.4655378541126725,6.545483083607185,48922301.0
2024-11-06,6.945207118988037,7.185041863794231,6.62542809459089,6.755338561506398,124121753.0
2024-11-07,6.995172500610352,7.005165832906641,6.735351579006549,6.825289663639913,89894851.0
2024-11-08,6.885248184204102,7.105096728244373,6.855269140522078,7.085110540286921,62930712.0
2024-11-11,7.574772357940674,7.574772357940674,7.574772357940674,7.574772357940674,32828277.0
2024-11-12,8.334248542785645,8.334248542785645,8.334248542785645,8.334248542785645,19684536.0
2024-11-13,8.374220848083496,9.16367598653085,8.334248472200716,9.16367598653085,339560283.0
2024-11-14,7.634731292724609,8.364227900932491,7.564779869963463,8.294276478171344,234098872.0
2024-11-15,7.235006809234619,7.59475867382616,7.2050277651485075,7.49482773269193,140322235.0
2024-11-18,7.215020656585693,7.474841581324205,7.055131149982497,7.294965886395609,123542135.0
2024-11-19,7.165055274963379,7.2649862145113975,6.925220543539828,7.195034318573631,91624341.0
2024-11-20,7.394896984100342,7.5348003053309585,7.07511748763632,7.115089865130782,103978627.0
2024-11-21,7.424875736236572,7.5947585721444595,7.294965752755518,7.334938128674044,93973366.0
2024-11-22,6.995172500610352,7.44486197076055,6.995172500610352,7.4148829268883025,78934020.0
2024-11-25,7.35492467880249,7.49482800140641,6.895241856595564,7.045138511925359,107786564.0
2024-11-26,7.2250142097473145,7.454855620765878,7.175048499153062,7.2250142097473145,78819391.0
2024-11-27,7.24500036239624,7.254993695068371,6.985179431020791,7.155062274380381,65315675.0
2024-11-28,7.294965744018555,7.434869059565836,7.185041472120108,7.22501384799076,77696402.0
2024-11-29,7.35492467880249,7.444862290793702,7.225014212416113,7.2749799230288215,78195869.0
2024-12-02,7.614745140075684,7.614745140075684,7.364917539864474,7.384903728821038,101634507.0
2024-12-03,7.654717445373535,7.94451742074873,7.594758879072632,7.744655533079054,107222545.0
2024-12-04,7.584765911102295,8.074427766926867,7.564779722630033,7.944517303603006,102669657.0
2024-12-05,7.564779758453369,7.6647107012879045,7.434869294514311,7.51481404878194,72241856.0
2024-12-06,7.524807453155518,7.544793641913224,7.364917466585539,7.504821264397811,64410573.0
2024-12-09,7.854579448699951,8.104406558555437,7.5148137787625355,7.524807110941074,124771384.0
2024-12-10,7.784627914428711,8.284283110356142,7.774635058294493,7.934524568508605,115827531.0
2024-12-11,7.8246002197265625,7.8545797408690285,7.6747035670308765,7.6747035670308765,53287802.0
2024-12-12,8.154372215270996,8.154372215270996,7.704682753240844,7.834593211696951,117698585.0
2024-12-13,8.21433162689209,8.404200180607225,8.004476408040286,8.054442117865316,131421306.0
2024-12-16,8.184351921081543,8.444172859024876,8.07442811795937,8.114400496641677,101977115.0
2024-12-17,7.88455867767334,8.274289588145473,7.844586301035599,8.084421037370362,80429015.0
2024-12-18,8.004476547241211,8.224324149467938,7.794621324739944,7.9145384585954295,74192792.0
2024-12-19,7.734662055969238,7.894552039626796,7.64472444645195,7.80461395360119,67143233.0
2024-12-20,7.6247382164001465,7.744655346106902,7.584765839831228,7.724669157822443,50292911.0
2024-12-23,7.24500036239624,7.6447246156232165,7.215020840888178,7.6447246156232165,57736461.0
2024-12-24,7.284972667694092,7.3549245661790685,7.20502791314459,7.284972667694092,37310884.0
2024-12-25,7.1150898933410645,7.284972736620251,7.015158949208699,7.284972736620251,35777720.0
2024-12-26,7.8246002197265625,7.8246002197265625,7.0851107653067205,7.0951036213486605,114141782.0
2024-12-27,7.724668979644775,7.884558482232429,7.664710416174405,7.794620875281026,94546910.0
2024-12-30,7.784627914428711,7.874566002178313,7.524807460330777,7.65471744912558,72900046.0
2024-12-31,7.364917278289795,7.804613896226124,7.324944901796339,7.774634852110189,56874166.0
2025-01-02,7.434869289398193,7.854579725522754,7.284972636995376,7.354924535185577,78419967.0
2025-01-03,6.895241737365723,7.464848350657861,6.845276027617001,7.354924551623992,72330200.0
2025-01-06,6.84527587890625,7.035144904714913,6.695379229424852,6.855269211242223,41301574.0
2025-01-07,7.035144805908203,7.055130993791135,6.8452757827662,6.885248158532064,37596775.0
2025-01-08,6.875255584716797,6.985179384325429,6.665400365088208,6.975186528228428,50873688.0
2025-01-09,6.825289726257324,6.905234479327837,6.775324493842411,6.795310682110039,26142039.0
2025-01-10,6.565469264984131,6.8852482765943295,6.505510700307219,6.875255420735668,33737199.0
2025-01-13,6.555476188659668,6.585455710423216,6.405579532858596,6.5055109543982,22263100.0
2025-01-14,6.855269432067871,6.895241809682747,6.555476123447971,6.575462312255409,49945604.0
2025-01-15,6.765331268310547,6.8952417323561805,6.745345079727244,6.8352831666062706,24895937.0
2025-01-16,6.895241737365723,6.995172680354841,6.7753246057787795,6.795310794376603,33731275.0
2025-01-17,6.965193271636963,7.175048493555783,6.775324715146916,6.85526947082869,47216501.0
2025-01-20,6.935214042663574,7.02515212867555,6.885248333432851,6.9552002310542,33623040.0
2025-01-21,7.235006809234619,7.235006809234619,6.925220653464351,6.975186362285623,49474164.0
2025-01-22,7.205028057098389,7.334938524091055,7.105097111914928,7.155062346252492,41656448.0
2025-01-23,6.915227890014648,7.29496594790755,6.895241701520723,7.2450002384185765,60905902.0
2025-01-24,6.875255584716797,6.945207006920776,6.785317497302166,6.915227962121449,36599705.0
2025-01-27,6.645413875579834,6.975186212495166,6.645413875579834,6.905234316949248,30987130.0
2025-02-05,6.755338191986084,6.805303423560849,6.665400108039877,6.675392963751507,26460100.0
2025-02-06,7.015158653259277,7.025151985505088,6.665400125297141,6.71536535700127,40617702.0
2025-02-07,7.294965744018555,7.534799999242465,6.965192928323217,7.005165780702176,78390598.0
2025-02-10,8.02446174621582,8.02446174621582,8.02446174621582,8.02446174621582,16000300.0
2025-02-11,7.894552230834961,8.664021217389898,7.814607475324058,8.664021217389898,253573162.0
2025-02-12,8.094414710998535,8.194345180297073,7.644724740105096,7.644724740105096,134974094.0
2025-02-13,8.064434051513672,8.264296879762858,7.834593133250341,8.05444167251449,122490257.0
2025-02-14,7.964503288269043,8.304269436619748,7.9045447243865565,7.99448280846444,97253937.0
2025-02-17,7.794620990753174,7.984489539634637,7.704682905961092,7.9645033515150985,77535325.0
2025-02-18,7.574772357940674,7.794620901239157,7.504820938579771,7.754648525459125,63708949.0
2025-02-19,7.594758987426758,7.684697076415419,7.50482137494643,7.50482137494643,50218774.0
2025-02-20,7.654717445373535,7.774635054483669,7.624738400477248,7.704683155545118,53414908.0
2025-02-21,7.6247382164001465,7.654717260572677,7.4948277542970025,7.644724404684606,56909373.0
2025-02-24,7.564779758453369,7.6647107012879045,7.524807381319555,7.5747726144826615,40832993.0
2025-02-25,7.584765911102295,7.744655418880389,7.444862115288142,7.4948278247229565,47117833.0
2025-02-26,7.604752063751221,7.614744919686118,7.534800166173663,7.574772542929891,39956229.0
2025-02-27,7.684696674346924,7.744655238366182,7.544793358301991,7.604751922321248,56188953.0
2025-02-28,7.374910831451416,7.674703664127289,7.354924642606358,7.674703664127289,46614225.0
2025-03-03,7.394896984100342,7.504821260464276,7.334938417858649,7.414883172847573,30337900.0
2025-03-04,7.384903430938721,7.39489676326807,7.264986302036395,7.324944866487558,27001232.0
2025-03-05,7.364917278289795,7.424875843029979,7.294965857680405,7.354924422420589,22873904.0
2025-03-06,7.444861888885498,7.484834264614437,7.384903325292088,7.414882845342945,31699438.0
2025-03-07,7.554786205291748,7.704682853420249,7.334938137476038,7.434869077392269,60676889.0
2025-03-10,7.4048895835876465,7.534800044196488,7.364917207478512,7.494827668087353,31019592.0
2025-03-11,7.324944972991943,7.364917349873915,7.254993551702652,7.334938305466596,26494298.0
2025-03-12,7.414883136749268,7.47484170269906,7.374910759449405,7.384903615520209,32414404.0
2025-03-13,7.3149518966674805,7.4148828358620555,7.254993333150735,7.404889503688446,27828444.0
2025-03-14,7.414883136749268,7.414883136749268,7.2749798161997505,7.304958860920484,29445377.0
2025-03-17,7.394896984100342,7.4648484064614875,7.374910795353111,7.4248760289670255,22676658.0
2025-03-18,7.444861888885498,7.444861888885498,7.374910469614005,7.404889513156558,22041700.0
2025-03-19,7.494827747344971,7.594758688674574,7.434869182547209,7.45485537081313,44615154.0
2025-03-20,7.694689750671387,7.764641648953244,7.404889778016771,7.444862155175454,76233219.0
2025-03-21,7.424875736236572,7.6547171360222475,7.40488954827731,7.64472428029677,48691451.0
2025-03-24,7.294965744018555,7.584765707334934,7.175048139898292,7.394896683695184,40122210.0
2025-03-25,7.185041427612305,7.294965698829824,7.145069051989262,7.28497236666991,23966824.0
2025-03-26,7.3349385261535645,7.454855660407437,7.155062348264421,7.175048537306734,28846487.0
2025-03-27,7.235006809234619,7.344931082736429,7.2050277651485075,7.264986329829045,22176273.0
2025-03-28,7.424875736236572,7.714675699900035,7.205027668684682,7.215020524410159,55781054.0
2025-03-31,7.70468282699585,7.974496602098461,7.634730931040244,7.744655202825251,120149658.0
2025-04-01,7.8146071434021,7.994482835661492,7.5447933667588565,7.5547862225191125,106127452.0
2025-04-02,7.764641761779785,8.044448882464716,7.524807495342698,7.72466938404027,81186386.0
2025-04-03,7.5148138999938965,7.744655302216792,7.464848191311753,7.644724361360819,56331105.0
2025-04-07,6.765331268310547,7.045138384985117,6.765331268310547,7.0351450524393035,48830822.0
2025-04-08,6.885248184204102,6.985179123991358,6.475531092822197,6.67539297239671,69691260.0
2025-04-09,6.825289726257324,6.9252206675954655,6.395586440249158,6.685386408383926,56676978.0
2025-04-10,6.905234336853027,7.06512431620338,6.8752552933242965,6.905234336853027,47993726.0
2025-04-11,6.915227890014648,6.965193122995301,6.815296947545022,6.825289803537824,34958199.0
2025-04-14,7.125082969665527,7.205027722095204,7.005165841021011,7.095103449250242,47420875.0
2025-04-15,7.005166053771973,7.135076042161485,6.975186532446192,7.125083186058442,31404800.0
2025-04-16,6.9552001953125,7.015158760176259,6.835283065584981,6.985179239490222,23905233.0
2025-04-17,6.995172500610352,7.125082961412253,6.8952415601890085,6.8952415601890085,27086373.0
2025-04-18,6.9552001953125,6.9951725718883395,6.875255442160821,6.9552001953125,19705801.0
2025-04-21,6.995172500610352,7.01515868869462,6.8952415601890085,6.955200124441815,18697006.0
2025-04-22,6.985179424285889,7.095103701031696,6.9651932354692265,6.9651932354692265,18970701.0
2025-04-23,7.125082969665527,7.165055345880366,7.02515202912843,7.02515202912843,39324395.0
2025-04-24,7.055130958557129,7.244999980750908,7.055130958557129,7.1150895219064845,31510293.0
2025-04-25,7.075117588043213,7.14506948790541,7.035145209981481,7.065124731781946,24611034.0
2025-04-28,6.875255584716797,7.045138426940733,6.865262252111471,7.045138426940733,26711108.0
2025-04-29,6.905234336853027,6.935213856890064,6.835282917613784,6.8752552933242965,13826830.0
2025-04-30,7.015158653259277,7.035144841242591,6.915227713342711,6.9252205690802136,20589467.0
2025-05-06,7.095103740692139,7.11508992962052,7.035145173906994,7.04513850662535,23200471.0
2025-05-07,7.195034503936768,7.225014024827678,7.0951035618142635,7.155062127087766,41643745.0
2025-05-08,7.175048351287842,7.195034539811996,7.125083118231617,7.145069306755771,26053673.0
2025-05-09,7.085110664367676,7.195034461804587,7.045138287752742,7.195034461804587,21598360.0
2025-05-12,7.125082969665527,7.145069157772946,7.085110593450688,7.115089637357662,16598900.0
2025-05-13,7.085110664367676,7.195034461804587,7.075117331959785,7.1750482734971195,22176559.0
2025-05-14,7.095103740692139,7.11508992962052,7.015158984978612,7.065124695553732,21489200.0
2025-05-15,6.935214042663574,7.085110693847426,6.935214042663574,7.085110693847426,24081860.0
2025-05-16,7.035144805908203,7.085110513869686,6.935213866493545,6.945206722180858,23385761.0
2025-05-19,7.1150898933410645,7.165055603661412,7.0251522818761,7.0951037045145915,27295500.0
2025-05-20,7.8246002197265625,7.8246002197265625,7.14506933108333,7.1650555196755334,158119521.0
2025-05-21,7.614745140075684,7.764641795504076,7.524807528025314,7.764641795504076,122187292.0
2025-05-22,7.8146071434021,8.094414252313907,7.574772410547934,7.6547171626632196,141075656.0
2025-05-23,7.724668979644775,8.094414169141183,7.674703271831981,7.874565626574854,136680049.0
2025-05-26,7.734662055969238,7.864572518782154,7.594758737213653,7.754648720871211,82221662.0
2025-05-27,7.734662055969238,7.9345244164141056,7.664710634845605,7.774634909264866,62279919.0
2025-05-28,8.104406356811523,8.384213932745649,7.984489232704007,7.984489232704007,148208310.0
2025-05-29,8.913848876953125,8.913848876953125,8.37422129709348,8.37422129709348,157191408.0
2025-05-30,8.174359321594238,8.933834496157077,8.144379323625317,8.813917363331365,185512042.0
2025-06-03,8.054442405700684,8.434179526701323,8.00447669409007,8.304270010737078,105712405.0
2025-06-04,7.924530982971191,8.094414296914707,7.844586230415405,8.064434299943818,68867828.0
2025-06-05,7.394896984100342,7.704683147936585,7.304958896483639,7.674703626561575,157532354.0
2025-06-06,7.294965744018555,7.344930975602716,7.22501384799076,7.31495193195388,73902577.0
2025-06-09,7.3149518966674805,7.334938084506396,7.254993333150735,7.294965708828566,54295091.0
2025-06-10,7.24500036239624,7.304958928904037,7.135076085544449,7.294966072740236,60201901.0
2025-06-11,7.254993438720703,7.284972482661159,7.2250139182719355,7.245000106401677,39410627.0
2025-06-12,7.24500036239624,7.254993695068371,7.175048463216313,7.225014173560308,34156218.0
2025-06-13,7.105096817016602,7.215020613901835,7.095103484658863,7.195034425694673,38565496.0
2025-06-16,7.145069122314453,7.155061978064416,7.045138182273279,7.085110558289748,25019000.0
2025-06-17,7.175048351287842,7.225014060852388,7.125083118231617,7.135075974239533,31753114.0
2025-06-18,7.095103740692139,7.185041829124022,7.065124695553732,7.185041829124022,23841430.0
2025-06-19,6.9552001953125,7.105096845726056,6.93521400702458,7.075117325040019,36981470.0
2025-06-20,6.945207118988037,6.985179497037681,6.89524188468015,6.955200451754615,22356115.0
2025-06-23,6.965193271636963,6.975186604351349,6.845276138114302,6.8852485159551895,20577970.0
2025-06-24,7.1150898933410645,7.1150898933410645,6.995172760382225,6.995172760382225,35748000.0
2025-06-25,7.185041427612305,7.185041427612305,7.075117156394785,7.075117156394785,47039285.0
2025-06-26,7.105096817016602,7.15506204928035,7.095103484658863,7.15506204928035,35027791.0
2025-06-27,7.235006809234619,7.274979662196626,7.1150896798735435,7.14506920046797,55076516.0
2025-06-30,7.2250142097473145,7.2250142097473145,7.145069454003176,7.195034688089097,28217416.0
2025-07-01,7.205028057098389,7.284972813245158,7.155062346252492,7.245000435171773,29210357.0
2025-07-02,7.175048351287842,7.225014060852388,7.135075974239533,7.205027872328234,22485687.0
2025-07-03,7.175048351287842,7.205027872328234,7.155062162763688,7.165055495279925,16731600.0
2025-07-04,7.145069122314453,7.185041498330922,7.135075790056181,7.175048166072651,18375968.0
2025-07-07,7.13507604598999,7.155062234715126,7.095103668539719,7.13507604598999,15976747.0
2025-07-08,7.165055274963379,7.1750481306640275,7.095103379025613,7.115089566935216,22259510.0
2025-07-09,7.155062198638916,7.215020764512009,7.145069342580896,7.16505553120526,26512110.0
2025-07-10,7.185041427612305,7.205027615423826,7.115089532017827,7.135075719829349,22827600.0
2025-07-11,7.205028057098389,7.245000435171773,7.155062346252492,7.155062346252492,30413002.0
2025-07-14,7.185041427612305,7.225013803235347,7.165055239800783,7.205027615423826,20860468.0
2025-07-15,7.264986515045166,7.27497984766752,7.085110816417739,7.19503461621367,51583175.0
2025-07-16,7.24500036239624,7.264986551232173,7.215020840888178,7.24500036239624,29523952.0
2025-07-17,7.320000171661377,7.320000171661377,7.230000019073486,7.239999771118164,36938143.0
2025-07-18,7.329999923706055,7.369999885559082,7.269999980926514,7.340000152587891,31544051.0
2025-07-21,7.46999979019165,7.480000019073486,7.309999942779541,7.320000171661377,51473660.0
2025-07-22,7.480000019073486,7.690000057220459,7.420000076293945,7.449999809265137,62120301.0
2025-07-23,7.369999885559082,7.550000190734863,7.369999885559082,7.46999979019165,52871518.0
2025-07-24,7.440000057220459,7.440000057220459,7.349999904632568,7.360000133514404,35312239.0
2025-07-25,7.420000076293945,7.5,7.389999866485596,7.429999828338623,30397747.0
2025-07-28,7.380000114440918,7.449999809265137,7.340000152587891,7.440000057220459,27394506.0
2025-07-29,7.329999923706055,7.380000114440918,7.25,7.360000133514404,29235681.0
2025-07-30,7.300000190734863,7.360000133514404,7.25,7.320000171661377,27288452.0
2025-07-31,7.159999847412109,7.300000190734863,7.130000114440918,7.269999980926514,30442200.0
2025-08-01,7.230000019073486,7.340000152587891,7.159999847412109,7.159999847412109,25074660.0
2025-08-04,7.269999980926514,7.28000020980835,7.199999809265137,7.239999771118164,21830401.0
2025-08-05,7.329999923706055,7.340000152587891,7.25,7.269999980926514,25587500.0
2025-08-06,7.340000152587891,7.340000152587891,7.260000228881836,7.309999942779541,23990966.0
2025-08-07,7.309999942779541,7.360000133514404,7.269999980926514,7.349999904632568,23741578.0
2025-08-08,7.360000133514404,7.440000057220459,7.25,7.28000020980835,43098134.0
2025-08-11,7.639999866485596,7.789999961853027,7.5,7.519999980926514,105062173.0
2025-08-12,7.550000190734863,7.619999885559082,7.5,7.519999980926514,49723159.0
2025-08-13,7.570000171661377,7.690000057220459,7.510000228881836,7.550000190734863,44463200.0
2025-08-14,7.409999847412109,7.639999866485596,7.400000095367432,7.570000171661377,46236701.0
2025-08-15,7.71999979019165,7.75,7.360000133514404,7.369999885559082,58856165.0
2025-08-18,7.670000076293945,7.730000019073486,7.630000114440918,7.690000057220459,53685804.0
2025-08-19,7.670000076293945,7.699999809265137,7.590000152587891,7.659999847412109,36495995.0
2025-08-20,7.889999866485596,7.960000038146973,7.590000152587891,7.639999866485596,89506029.0
2025-08-21,7.929999828338623,7.949999809265137,7.809999942779541,7.889999866485596,58554530.0
2025-08-22,8.479999542236328,8.65999984741211,7.849999904632568,7.960000038146973,160727172.0
2025-08-25,8.279999732971191,8.9399995803833,8.15999984741211,8.539999961853027,187245139.0
2025-08-26,7.909999847412109,8.300000190734863,7.900000095367432,8.270000457763672,123294949.0
2025-08-27,7.619999885559082,8.0600004196167,7.619999885559082,7.940000057220459,105865331.0
2025-08-28,7.610000133514404,7.670000076293945,7.369999885559082,7.630000114440918,69708375.0
2025-08-29,7.550000190734863,7.650000095367432,7.53000020980835,7.539999961853027,52157968.0
2025-09-01,7.610000133514404,7.690000057220459,7.5,7.550000190734863,44614547.0
2025-09-02,7.570000171661377,7.619999885559082,7.460000038146973,7.610000133514404,37625865.0
2025-09-03,7.619999885559082,7.769999980926514,7.53000020980835,7.610000133514404,79996977.0
2025-09-04,7.420000076293945,7.559999942779541,7.349999904632568,7.550000190734863,51439646.0
2025-09-05,7.480000019073486,7.5,7.349999904632568,7.409999847412109,34965394.0
2025-09-08,7.489999771118164,7.53000020980835,7.420000076293945,7.5,33963200.0
2025-09-09,7.460000038146973,7.539999961853027,7.420000076293945,7.460000038146973,30121893.0
2025-09-10,7.460000038146973,7.5,7.429999828338623,7.440000057220459,21287417.0
2025-09-11,7.570000171661377,7.599999904632568,7.369999885559082,7.440000057220459,43328832.0
2025-09-12,7.5,7.599999904632568,7.489999771118164,7.539999961853027,34764400.0
2025-09-15,7.590000152587891,7.630000114440918,7.510000228881836,7.53000020980835,34766848.0
2025-09-16,7.559999942779541,7.590000152587891,7.5,7.570000171661377,24655863.0
2025-09-17,7.539999961853027,7.570000171661377,7.510000228881836,7.559999942779541,22992532.0
2025-09-18,7.409999847412109,7.610000133514404,7.369999885559082,7.559999942779541,45593399.0
2025-09-19,7.340000152587891,7.440000057220459,7.309999942779541,7.420000076293945,27601331.0
2025-09-22,7.329999923706055,7.349999904632568,7.260000228881836,7.340000152587891,19567202.0
2025-09-23,7.650000095367432,7.860000133514404,7.159999847412109,7.340000152587891,99868334.0
2025-09-24,7.710000038146973,7.769999980926514,7.5,7.53000020980835,67575690.0
2025-09-25,7.659999847412109,7.730000019073486,7.610000133514404,7.650000095367432,40821750.0
2025-09-26,7.599999904632568,7.849999904632568,7.599999904632568,7.670000076293945,53115500.0
2025-09-29,7.599999904632568,7.679999828338623,7.440000057220459,7.599999904632568,39571944.0
2025-09-30,8.0600004196167,8.149999618530273,7.53000020980835,7.579999923706055,123261167.0
2025-10-09,7.889999866485596,8.0,7.820000171661377,7.960000038146973,65314585.0
2025-10-10,7.800000190734863,7.989999771118164,7.760000228881836,7.849999904632568,52547307.0
2025-10-13,7.659999847412109,7.679999828338623,7.480000019073486,7.53000020980835,54543952.0
2025-10-14,7.570000171661377,7.760000228881836,7.559999942779541,7.639999866485596,44612584.0
2025-10-15,7.769999980926514,7.829999923706055,7.579999923706055,7.590000152587891,50436150.0
2025-10-16,7.699999809265137,7.849999904632568,7.679999828338623,7.739999771118164,40424346.0
2025-10-17,7.409999847412109,7.679999828338623,7.409999847412109,7.650000095367432,46178049.0
2025-10-20,7.510000228881836,7.519999980926514,7.429999828338623,7.489999771118164,22673660.0
2025-10-21,7.590000152587891,7.610000133514404,7.46999979019165,7.510000228881836,26038723.0
2025-10-22,7.579999923706055,7.639999866485596,7.550000190734863,7.570000171661377,21299201.0
2025-10-23,7.679999828338623,7.679999828338623,7.5,7.550000190734863,26380911.0
2025-10-24,7.71999979019165,7.769999980926514,7.659999847412109,7.699999809265137,29350642.0
2025-10-27,7.71999979019165,7.78000020980835,7.659999847412109,7.769999980926514,27222579.0
2025-10-28,7.659999847412109,7.739999771118164,7.650000095367432,7.699999809265137,23977848.0
2025-10-29,7.679999828338623,7.690000057220459,7.599999904632568,7.659999847412109,21442600.0
2025-10-30,7.71999979019165,7.78000020980835,7.650000095367432,7.670000076293945,39357686.0
2025-10-31,7.730000019073486,7.820000171661377,7.71999979019165,7.730000019073486,35893132.0
2025-11-03,7.789999961853027,7.800000190734863,7.679999828338623,7.75,31070944.0
2025-11-04,7.829999923706055,7.960000038146973,7.75,7.78000020980835,41616652.0
2025-11-05,7.840000152587891,7.860000133514404,7.730000019073486,7.760000228881836,31797466.0
2025-11-06,7.849999904632568,7.900000095367432,7.809999942779541,7.849999904632568,29573815.0
2025-11-07,7.820000171661377,7.840000152587891,7.760000228881836,7.800000190734863,26129841.0
2025-11-10,7.769999980926514,7.829999923706055,7.730000019073486,7.820000171661377,25470734.0
2025-11-11,7.849999904632568,7.869999885559082,7.730000019073486,7.769999980926514,33138852.0
2025-11-12,7.739999771118164,7.849999904632568,7.710000038146973,7.849999904632568,28811389.0
2025-11-13,7.900000095367432,7.920000076293945,7.679999828338623,7.730000019073486,44983536.0
2025-11-14,7.900000095367432,8.010000228881836,7.860000133514404,7.889999866485596,45111424.0
2025-11-17,8.119999885559082,8.1899995803833,7.909999847412109,7.980000019073486,79916458.0
2025-11-18,7.889999866485596,8.229999542236328,7.820000171661377,8.130000114440918,68333071.0
2025-11-19,7.909999847412109,8.020000457763672,7.800000190734863,7.849999904632568,45928873.0
2025-11-20,7.690000057220459,7.960000038146973,7.670000076293945,7.960000038146973,47383351.0
2025-11-21,7.349999904632568,7.639999866485596,7.349999904632568,7.579999923706055,47429700.0
2025-11-24,7.489999771118164,7.579999923706055,7.309999942779541,7.389999866485596,34571671.0
2025-11-25,7.449999809265137,7.53000020980835,7.440000057220459,7.519999980926514,30779127.0
2025-11-26,7.360000133514404,7.46999979019165,7.349999904632568,7.460000038146973,25803301.0
2025-11-27,7.329999923706055,7.420000076293945,7.300000190734863,7.349999904632568,17749800.0
2025-11-28,7.429999828338623,7.449999809265137,7.320000171661377,7.340000152587891,20485709.0
2025-12-01,7.460000038146973,7.46999979019165,7.409999847412109,7.429999828338623,16351241.0
2025-12-02,7.420000076293945,7.460000038146973,7.400000095367432,7.460000038146973,12304449.0
2025-12-03,7.369999885559082,7.440000057220459,7.329999923706055,7.420000076293945,18025800.0
2025-12-04,7.25,7.389999866485596,7.230000019073486,7.369999885559082,19810712.0
2025-12-05,7.369999885559082,7.369999885559082,7.210000038146973,7.28000020980835,17736804.0
2025-12-08,7.360000133514404,7.400000095367432,7.340000152587891,7.349999904632568,18232581.0
2025-12-09,7.25,7.349999904632568,7.239999771118164,7.329999923706055,19060200.0
2025-12-10,7.269999980926514,7.28000020980835,7.190000057220459,7.230000019073486,16794400.0
2025-12-11,7.099999904632568,7.28000020980835,7.099999904632568,7.28000020980835,23872886.0
2025-12-12,7.119999885559082,7.159999847412109,7.079999923706055,7.099999904632568,11748124.0
2025-12-15,7.099999904632568,7.150000095367432,7.070000171661377,7.090000152587891,10352187.0
2025-12-16,7.130000114440918,7.239999771118164,7.03000020980835,7.150000095367432,22911700.0
2025-12-17,7.130000114440918,7.150000095367432,7.050000190734863,7.059999942779541,15147866.0
2025-12-18,7.150000095367432,7.170000076293945,7.090000152587891,7.110000133514404,13777494.0
2025-12-19,7.21999979019165,7.239999771118164,7.139999866485596,7.170000076293945,14854919.0
2025-12-22,7.28000020980835,7.409999847412109,7.190000057220459,7.269999980926514,23299011.0
2025-12-23,7.179999828338623,7.269999980926514,7.159999847412109,7.269999980926514,15377500.0
2025-12-24,7.210000038146973,7.230000019073486,7.159999847412109,7.170000076293945,9807429.0
2025-12-25,7.190000057220459,7.230000019073486,7.170000076293945,7.230000019073486,11556007.0
2025-12-26,7.199999809265137,7.21999979019165,7.170000076293945,7.179999828338623,15275418.0
2025-12-29,7.199999809265137,7.230000019073486,7.159999847412109,7.190000057220459,14349912.0
2025-12-30,7.179999828338623,7.230000019073486,7.170000076293945,7.199999809265137,11504000.0
2025-12-31,7.179999828338623,7.230000019073486,7.150000095367432,7.21999979019165,12326290.0
2026-01-05,7.199999809265137,7.210000038146973,7.150000095367432,7.170000076293945,16313293.0
2026-01-06,7.309999942779541,7.309999942779541,7.199999809265137,7.199999809265137,24446045.0
2026-01-07,7.21999979019165,7.309999942779541,7.21999979019165,7.300000190734863,20202000.0
2026-01-08,7.239999771118164,7.260000228881836,7.190000057220459,7.21999979019165,16834700.0
2026-01-09,7.260000228881836,7.289999961853027,7.210000038146973,7.239999771118164,22003200.0
2026-01-12,7.380000114440918,7.389999866485596,7.230000019073486,7.25,35470646.0
2026-01-13,7.449999809265137,7.630000114440918,7.300000190734863,7.380000114440918,58418513.0
2026-01-14,7.369999885559082,7.5,7.320000171661377,7.360000133514404,41826484.0
2026-01-15,7.440000057220459,7.46999979019165,7.340000152587891,7.369999885559082,25482592.0
2026-01-16,7.340000152587891,7.46999979019165,7.300000190734863,7.460000038146973,26644774.0
2026-01-19,7.369999885559082,7.409999847412109,7.340000152587891,7.349999904632568,20355201.0
2026-01-20,7.309999942779541,7.389999866485596,7.28000020980835,7.360000133514404,18123624.0
2026-01-21,7.28000020980835,7.340000152587891,7.25,7.28000020980835,17340706.0
2026-01-22,7.349999904632568,7.369999885559082,7.289999961853027,7.300000190734863,18481785.0
2026-01-23,7.239999771118164,7.260000228881836,7.090000152587891,7.239999771118164,51101019.0
2026-01-26,7.119999885559082,7.25,7.090000152587891,7.230000019073486,32691134.0
2026-01-27,7.03000020980835,7.130000114440918,6.96999979019165,7.099999904632568,27985121.0
2026-01-28,6.949999809265137,7.03000020980835,6.909999847412109,7.03000020980835,21147002.0
2026-01-29,6.989999771118164,7.0,6.860000133514404,6.920000076293945,23271633.0
2026-01-30,6.929999828338623,7.0,6.880000114440918,6.96999979019165,18691355.0
2026-02-02,6.820000171661377,6.929999828338623,6.809999942779541,6.909999847412109,15737684.0
2026-02-03,6.869999885559082,6.880000114440918,6.820000171661377,6.860000133514404,10864704.0
2026-02-04,6.960000038146973,6.96999979019165,6.829999923706055,6.860000133514404,14028875.0
2026-02-05,6.920000076293945,6.960000038146973,6.900000095367432,6.929999828338623,13089568.0
2026-02-06,6.909999847412109,6.960000038146973,6.900000095367432,6.929999828338623,12817900.0
2026-02-09,6.949999809265137,6.960000038146973,6.920000076293945,6.940000057220459,11084765.0
2026-02-10,6.920000076293945,6.949999809265137,6.920000076293945,6.949999809265137,9783102.0
2026-02-11,6.909999847412109,6.949999809265137,6.900000095367432,6.929999828338623,9420237.0
2026-02-12,6.849999904632568,6.940000057220459,6.840000152587891,6.920000076293945,12457800.0
2026-02-13,6.869999885559082,6.940000057220459,6.829999923706055,6.849999904632568,16531800.0
2026-02-24,6.949999809265137,6.960000038146973,6.900000095367432,6.900000095367432,13495320.0
2026-02-25,6.960000038146973,7.0,6.940000057220459,6.949999809265137,16315984.0
2026-02-26,6.909999847412109,6.980000019073486,6.900000095367432,6.96999979019165,13535801.0
2026-02-27,6.940000057220459,6.960000038146973,6.880000114440918,6.900000095367432,10914541.0
2026-03-02,6.829999923706055,6.900000095367432,6.800000190734863,6.900000095367432,18266173.0
2026-03-03,6.690000057220459,6.849999904632568,6.659999847412109,6.829999923706055,22660709.0
2026-03-04,6.860000133514404,7.050000190734863,6.510000228881836,6.650000095367432,34679116.0
2026-03-05,6.78000020980835,6.929999828338623,6.760000228881836,6.880000114440918,20377111.0
2026-03-06,6.78000020980835,6.820000171661377,6.739999771118164,6.75,9788560.0
2026-03-09,6.710000038146973,6.75,6.670000076293945,6.75,13948410.0
2026-03-10,6.880000114440918,6.940000057220459,6.71999979019165,6.730000019073486,23425466.0
2026-03-11,6.989999771118164,7.010000228881836,6.869999885559082,6.929999828338623,23874025.0
2026-03-12,6.940000057220459,7.0,6.920000076293945,7.0,14044243.0
2026-03-13,6.900000095367432,6.980000019073486,6.889999866485596,6.900000095367432,14876023.0
2026-03-16,6.980000019073486,7.039999961853027,6.829999923706055,6.900000095367432,18648000.0
2026-03-17,6.949999809265137,7.119999885559082,6.940000057220459,7.0,19834201.0
2026-03-18,6.920000076293945,6.960000038146973,6.860000133514404,6.960000038146973,11813270.0
2026-03-19,6.739999771118164,6.889999866485596,6.730000019073486,6.869999885559082,15661491.0
2026-03-20,6.590000152587891,6.800000190734863,6.579999923706055,6.78000020980835,14683711.0
2026-03-23,6.21999979019165,6.550000190734863,6.179999828338623,6.5,22102163.0
2026-03-24,6.349999904632568,6.369999885559082,6.230000019073486,6.309999942779541,15079062.0
2026-03-25,6.460000038146973,6.480000019073486,6.360000133514404,6.360000133514404,12213057.0
2026-03-26,6.369999885559082,6.489999771118164,6.349999904632568,6.46999979019165,11517940.0
2026-03-27,6.389999866485596,6.389999866485596,6.289999961853027,6.300000190734863,11690539.0
2026-03-30,6.360000133514404,6.369999885559082,6.230000019073486,6.320000171661377,11202656.0
2026-03-31,6.369999885559082,6.480000019073486,6.349999904632568,6.369999885559082,12322810.0
2026-04-01,6.389999866485596,6.449999809265137,6.369999885559082,6.429999828338623,7978534.0
2026-04-02,6.289999961853027,6.400000095367432,6.269999980926514,6.389999866485596,9233200.0
2026-04-03,6.190000057220459,6.309999942779541,6.179999828338623,6.300000190734863,9811100.0
2026-04-07,6.210000038146973,6.239999771118164,6.170000076293945,6.190000057220459,5601400.0
2026-04-08,6.340000152587891,6.360000133514404,6.28000020980835,6.28000020980835,13456601.0
2026-04-09,6.25,6.329999923706055,6.25,6.300000190734863,9913681.0
2026-04-10,6.380000114440918,6.409999847412109,6.260000228881836,6.269999980926514,15783800.0
2026-04-13,6.400000095367432,6.429999828338623,6.320000171661377,6.340000152587891,11176400.0
2026-04-14,6.389999866485596,6.449999809265137,6.340000152587891,6.409999847412109,9033901.0
2026-04-15,6.360000133514404,6.440000057220459,6.349999904632568,6.400000095367432,7174000.0
2026-04-16,6.380000114440918,6.420000076293945,6.360000133514404,6.369999885559082,8627349.0
2026-04-17,6.389999866485596,6.400000095367432,6.320000171661377,6.389999866485596,8233297.0
2026-04-20,6.449999809265137,6.519999980926514,6.360000133514404,6.380000114440918,13580400.0
2026-04-21,6.369999885559082,6.46999979019165,6.349999904632568,6.460000038146973,10257901.0
2026-04-22,6.420000076293945,6.429999828338623,6.320000171661377,6.340000152587891,10808316.0
2026-04-23,6.289999961853027,6.440000057220459,6.269999980926514,6.369999885559082,19411660.0
2026-04-24,6.400000095367432,6.46999979019165,6.25,6.300000190734863,20288988.0
2026-04-27,6.550000190734863,6.639999866485596,6.389999866485596,6.389999866485596,24109411.0
2026-04-28,6.519999980926514,6.579999923706055,6.46999979019165,6.550000190734863,15178800.0
2026-04-29,6.730000019073486,6.800000190734863,6.579999923706055,6.599999904632568,29733842.0
2026-04-30,6.710000038146973,6.75,6.659999847412109,6.699999809265137,17373860.0
2026-05-06,6.809999942779541,6.849999904632568,6.699999809265137,6.71999979019165,22257500.0
2026-05-07,6.949999809265137,6.980000019073486,6.78000020980835,6.809999942779541,29029361.0
2026-05-08,6.889999866485596,6.980000019073486,6.849999904632568,6.960000038146973,18495943.0
2026-05-11,6.860000133514404,6.889999866485596,6.699999809265137,6.849999904632568,23054719.0
2026-05-12,6.71999979019165,6.840000152587891,6.710000038146973,6.829999923706055,15209284.0
2026-05-13,6.78000020980835,6.820000171661377,6.659999847412109,6.739999771118164,16802480.0
2026-05-14,6.650000095367432,6.800000190734863,6.650000095367432,6.800000190734863,14363300.0
2026-05-15,6.860000133514404,7.039999961853027,6.579999923706055,6.670000076293945,37989838.0
2026-05-18,6.579999923706055,6.840000152587891,6.539999961853027,6.840000152587891,28477740.0
2026-05-19,6.78000020980835,6.809999942779541,6.550000190734863,6.559999942779541,23748533.0
2026-05-20,6.710000038146973,6.800000190734863,6.619999885559082,6.769999980926514,17456391.0
2026-05-21,6.550000190734863,6.769999980926514,6.519999980926514,6.670000076293945,19034400.0
2026-05-22,6.5,6.590000152587891,6.46999979019165,6.579999923706055,13965672.0
2026-05-25,6.360000133514404,6.53000020980835,6.320000171661377,6.449999809265137,16429201.0
2026-05-26,6.349999904632568,6.460000038146973,6.260000228881836,6.349999904632568,14399500.0
2026-05-27,6.170000076293945,6.389999866485596,6.139999866485596,6.349999904632568,15793800.0
2026-05-28,6.079999923706055,6.179999828338623,6.010000228881836,6.159999847412109,14357843.0
2026-05-29,6.119999885559082,6.139999866485596,6.03000020980835,6.090000152587891,14295214.0
2026-06-01,6.210000038146973,6.21999979019165,6.050000190734863,6.119999885559082,16115600.0
2026-06-02,6.179999828338623,6.269999980926514,6.179999828338623,6.21999979019165,13624623.0
2026-06-03,6.099999904632568,6.210000038146973,6.099999904632568,6.159999847412109,11453570.0
2026-06-04,5.929999828338623,6.130000114440918,5.880000114440918,6.099999904632568,18287851.0
2026-06-05,5.96999979019165,6.090000152587891,5.900000095367432,6.0,14259703.0
2026-06-08,5.889999866485596,6.059999942779541,5.809999942779541,5.949999809265137,16692900.0
2026-06-09,5.820000171661377,5.909999847412109,5.769999980926514,5.880000114440918,10923402.0
2026-06-10,5.769999980926514,5.820000171661377,5.659999847412109,5.789999961853027,13909100.0
2026-06-11,5.639999866485596,5.769999980926514,5.570000171661377,5.75,13465710.0
2026-06-12,5.78000020980835,5.800000190734863,5.639999866485596,5.659999847412109,13332106.0
2026-06-15,5.829999923706055,5.989999771118164,5.800000190734863,5.820000171661377,14268282.0
2026-06-16,5.75,5.820000171661377,5.71999979019165,5.800000190734863,12509400.0
2026-06-17,5.659999847412109,5.760000228881836,5.630000114440918,5.760000228881836,11095911.0
2026-06-18,5.559999942779541,5.670000076293945,5.489999771118164,5.610000133514404,17809900.0
2026-06-22,5.539999961853027,5.550000190734863,5.329999923706055,5.519999980926514,17674075.0
2026-06-23,5.539999961853027,5.679999828338623,5.519999980926514,5.550000190734863,14388078.0
2026-06-24,5.429999828338623,5.619999885559082,5.400000095367432,5.599999904632568,12352015.0
2026-06-25,5.349999904632568,5.440000057220459,5.300000190734863,5.429999828338623,14491400.0
2026-06-26,5.190000057220459,5.369999885559082,5.190000057220459,5.349999904632568,16041502.0
2026-06-29,5.170000076293945,5.230000019073486,5.019999980926514,5.159999847412109,18626015.0
2026-06-30,5.130000114440918,5.21999979019165,5.090000152587891,5.190000057220459,12823100.0
2026-07-01,5.210000038146973,5.239999771118164,5.110000133514404,5.130000114440918,15476900.0
2026-07-02,5.190000057220459,5.340000152587891,5.179999828338623,5.230000019073486,16834225.0
2026-07-03,5.309999942779541,5.340000152587891,5.199999809265137,5.199999809265137,17737100.0
2026-07-06,5.369999885559082,5.369999885559082,5.269999980926514,5.309999942779541,12362000.0
2026-07-07,5.230000019073486,5.409999847412109,5.21999979019165,5.340000152587891,12084204.0
2026-07-08,5.21999979019165,5.300000190734863,5.170000076293945,5.260000228881836,12140100.0
2026-07-09,5.110000133514404,5.239999771118164,5.099999904632568,5.190000057220459,14606482.0
2026-07-10,5.269999980926514,5.329999923706055,5.070000171661377,5.099999904632568,20798500.0
2026-07-13,5.130000114440918,5.309999942779541,5.099999904632568,5.260000228881836,18660708.0
2026-07-14,5.230000019073486,5.25,5.099999904632568,5.099999904632568,13838500.0
2026-07-15,5.329999923706055,5.369999885559082,5.210000038146973,5.21999979019165,15149259.0
2026-07-16,5.349999904632568,5.400000095367432,5.25,5.329999923706055,15160098.0
2026-07-17,5.239999771118164,5.440000057220459,5.21999979019165,5.349999904632568,17445400.0
2026-07-20,5.28000020980835,5.340000152587891,5.199999809265137,5.260000228881836,21252844.0
2026-07-21,5.320000171661377,5.409999847412109,5.269999980926514,5.28000020980835,24487896.0
2026-07-22,5.230000019073486,5.329999923706055,5.150000095367432,5.329999923706055,22050860.0
2026-07-23,5.329999923706055,5.340000152587891,5.199999809265137,5.199999809265137,16495888.0
2026-07-24,5.329999923706055,5.440000057220459,5.300000190734863,5.360000133514404,22609822.0
2026-07-27,5.400000095367432,5.449999809265137,5.320000171661377,5.349999904632568,20282301.0
2026-07-28,5.489999771118164,5.5,5.360000133514404,5.380000114440918,18653618.0
2026-07-29,5.650000095367432,5.670000076293945,5.480000019073486,5.480000019073486,21009300.0
2026-07-30,5.75,5.760000228881836,5.610000133514404,5.639999866485596,21186661.0
2026-07-31,5.699999809265137,5.739999771118164,5.630000114440918,5.710000038146973,21169522.0
2026-08-03,5.75,5.760000228881836,5.650000095367432,5.690000057220459,11919200.0
2026-08-04,5.610000133514404,5.760000228881836,5.599999904632568,5.739999771118164,18895300.0
2026-08-05,5.590000152587891,5.650000095367432,5.550000190734863,5.599999904632568,13179001.0
2026-08-06,5.460000038146973,5.579999923706055,5.420000076293945,5.579999923706055,15773900.0
2026-08-07,5.400000095367432,5.5,5.329999923706055,5.46999979019165,14819740.0
2026-08-10,5.46999979019165,5.489999771118164,5.360000133514404,5.380000114440918,14340309.0
2026-08-11,5.409999847412109,5.460000038146973,5.369999885559082,5.460000038146973,14761479.0
2026-08-12,5.440000057220459,5.46999979019165,5.349999904632568,5.369999885559082,12288104.0
2026-08-13,5.389999866485596,5.460000038146973,5.380000114440918,5.449999809265137,10607400.0
2026-08-14,5.320000171661377,5.409999847412109,5.309999942779541,5.409999847412109,13059991.0
2026-08-17,5.380000114440918,5.400000095367432,5.25,5.300000190734863,12373000.0
2026-08-18,5.329999923706055,5.389999866485596,5.300000190734863,5.380000114440918,7647985.0
2026-08-19,5.210000038146973,5.380000114440918,5.190000057220459,5.380000114440918,13407581.0
2026-08-20,5.309999942779541,5.349999904632568,5.21999979019165,5.21999979019165,13301500.0
2026-08-21,5.28000020980835,5.309999942779541,5.230000019073486,5.300000190734863,8728589.0
2026-08-24,5.300000190734863,5.329999923706055,5.239999771118164,5.269999980926514,8488400.0
2026-08-25,5.369999885559082,5.389999866485596,5.28000020980835,5.300000190734863,13854492.0
2026-08-26,5.409999847412109,5.480000019073486,5.369999885559082,5.369999885559082,11659814.0
2026-08-27,5.369999885559082,5.440000057220459,5.329999923706055,5.409999847412109,10699700.0
