Date,Close,High,Low,Open,Volume
2021-08-25,40.056636810302734,41.05357334375957,39.88528722945038,40.9523240197152,40738077
2021-08-26,38.631324768066406,40.44606388529897,38.53786271459719,40.44606388529897,76303507
2021-08-27,39.21547317504883,39.58153714369417,38.553445501346694,38.70921759254294,38614176
2021-08-30,37.73564147949219,39.21546875115344,37.08140114715721,39.21546875115344,107968202
2021-08-31,38.13285446166992,38.51449586363788,37.268322343238474,37.73563852755261,71044024
2021-09-01,39.55817413330078,39.68279121759177,37.852474263879884,38.070556389718355,82605536
2021-09-02,40.18904113769531,40.407123232684825,39.17652709966871,39.48028101396617,72620098
2021-09-03,40.50058364868164,40.75760800950565,39.26220029904121,40.26692702954489,64257332
2021-09-06,39.877498626708984,41.08472697683086,39.86192112250743,40.118942514070284,54742847
2021-09-07,41.131465911865234,41.341757794764355,39.29336172454457,39.94760214763996,77232009
2021-09-08,40.81991958618164,41.70781662012989,40.703089778091424,41.061366469718884,55390668
2021-09-09,40.57847213745117,41.03021088659555,40.251353433123505,40.57847213745117,35780025
2021-09-10,42.151763916015625,42.46330808116084,40.30587261095945,40.50058697139887,107097799
2021-09-13,41.99599838256836,42.44773719536543,41.668879632147714,41.80128399176393,59283043
2021-09-14,40.57847213745117,42.75148514570346,40.34481549563064,42.29195912931074,63116569
2021-09-15,40.03327560424805,40.882230375100605,39.565959334240716,40.50058890314989,54233793
2021-09-16,39.48807907104492,40.3681889498739,39.10643755757209,39.90087262902314,62989614
2021-09-17,39.916446685791016,40.142316072785704,39.332303563559925,39.55038271177242,42016472
2021-09-22,38.48334884643555,38.927297382481356,37.46304445474654,37.914783229589254,112259622
2021-09-23,38.039398193359375,39.35566622175346,37.8602613353724,38.55344399444104,86102453
2021-09-24,37.9848747253418,38.421035927121984,37.696698327059316,37.735640601783146,53203933
2021-09-27,38.23411560058594,38.787103724188675,37.54872015421449,37.61103018165992,66790515
2021-09-28,39.26998519897461,39.7061463738889,38.234106493822445,38.241893759845496,70992547
2021-09-29,40.15789031982422,40.63299085828191,38.639117731073654,38.90392937716916,90460986
2021-09-30,39.29335403442383,40.056633883469,39.02075217834018,40.03326911364369,58611808
2021-10-08,39.667213439941406,39.784043255525575,38.95845322079132,38.95845322079132,64555292
2021-10-11,41.27944564819336,42.19849769465289,40.06442693310141,40.06442693310141,97177865
2021-10-12,41.349544525146484,41.894745365824775,40.73424639107948,41.045790577497236,58937329
2021-10-13,41.30281066894531,41.590990071940766,40.539530705144095,41.240503616341876,44255673
2021-10-14,40.78097915649414,41.47416185579629,40.65636207539607,41.2716602131765,28899621
2021-10-15,41.52089309692383,41.62214242956342,40.77318766225202,40.851075192481105,42035759
2021-10-18,40.39154815673828,41.55204410273854,40.15010127570142,41.520892062528475,57794539
2021-10-19,41.18598175048828,41.52867795025827,40.500586379842986,40.69530073743839,48169257
2021-10-20,40.812137603759766,41.777919320760994,40.718672556742234,41.44301033004607,30570959
2021-10-21,41.863590240478516,42.05830461369005,40.96790293526327,41.1626173084748,57658698
2021-10-22,42.284175872802734,42.68139190446385,41.84801458788966,42.12840377311195,54715058
2021-10-25,42.51782989501953,42.78264155670859,41.35733094408957,41.92589951829984,62334126
2021-10-26,43.07081604003906,43.795153700328974,42.291958596381555,42.51782796810752,71542369
2021-10-27,42.46331024169922,42.992933566730166,41.92589964914084,42.992933566730166,42039441
2021-10-28,42.229652404785156,42.83716027244058,41.94147300557465,42.29195945657025,34623228
2021-10-29,42.03493881225586,42.642446691073566,41.82464693779462,42.22965318070825,40543943
2021-11-01,42.151763916015625,42.75927474093825,41.51310105146276,42.058301854914205,42501781
2021-11-02,40.6953010559082,42.43994302090238,40.24356231662115,42.330900484067165,75220649
2021-11-03,40.266929626464844,40.88222770772107,40.243561883270544,40.773185172060046,44437241
2021-11-04,40.30587387084961,40.57847279554361,39.93980991102728,40.50058823737545,48291475
2021-11-05,40.15789031982422,40.58626131380379,40.04884778346286,40.28250739027474,36197416
2021-11-08,39.955387115478516,40.422703374278605,39.56595838536448,39.97096462121573,38674906
2021-11-09,39.768463134765625,40.26693143576375,39.41018644370597,40.03327479105906,38788364
2021-11-10,39.43355178833008,39.83855800102188,38.974025794228346,39.7684607147655,55807106
2021-11-11,41.139251708984375,41.178193988624194,39.301147587372206,39.37124487916608,84973170
2021-11-12,40.812137603759766,41.419645553844596,40.695307780540766,41.13925635500365,34359656
2021-11-15,41.22492218017578,41.75454544678714,40.78876096911196,41.11588262018612,36695032
2021-11-16,40.8900146484375,41.57541001159697,40.625203006155786,41.20155880562961,32231509
2021-11-17,40.375972747802734,41.14704297682277,40.352607973655495,40.671939428458515,33938551
2021-11-18,40.04106140136719,40.50058741589171,39.7217299655861,40.34481533160951,34244267
2021-11-19,40.75761032104492,41.076941745233675,39.807403315412664,40.09557972965489,46466797
2021-11-22,40.25913619995117,40.765394676557385,40.181251651752554,40.578467601333614,37653834
2021-11-23,40.30587387084961,40.73424488298538,40.06442698675961,40.30587387084961,38914891
2021-11-24,40.2980842590332,40.42270132751562,39.85413279576526,40.181254457472384,31503965
2021-11-25,40.04884719848633,40.266929296918285,39.908655595994375,40.266929296918285,21566020
2021-11-26,39.02075958251953,40.072218990747714,38.849412952779275,39.87750461564311,82335731
2021-11-29,38.802677154541016,39.02075628547788,38.023819719931836,38.77152214409137,82724704
2021-11-30,38.54566192626953,38.826048151955774,38.09392311563663,38.53787168685542,61004256
2021-12-01,38.935081481933594,39.09864081761164,38.38209048766648,38.53786255688109,50036103
2021-12-02,39.63605880737305,39.72173361014438,38.54566005956189,38.95066335630803,55607048
2021-12-03,39.916446685791016,39.93981145992648,39.30893878942447,39.77625209876711,49407647
2021-12-06,40.36039352416992,40.812132279167336,39.978755030842876,40.103372106168806,60471643
2021-12-07,40.375972747802734,40.95232860264762,39.79961689295785,40.72645921553911,54077371
2021-12-08,40.53173828125,40.71866238638512,40.03327003941624,40.485005769413675,49097472
2021-12-09,41.380699157714844,41.93368726097403,40.34481727283544,40.695303736558,84055721
2021-12-10,41.66108703613281,41.66108703613281,41.03021142100549,41.20156101375486,56426281
2021-12-13,40.82770538330078,42.214073640218366,40.81991811622439,41.71560535638049,64554566
2021-12-14,39.83856201171875,40.89001844031315,39.604902386603946,40.749823853686486,81062947
2021-12-15,39.72173309326172,39.98654476606102,39.55038348994876,39.72173309326172,37849327
2021-12-16,39.877498626708984,39.95538317661164,39.41797265163103,39.65162927244412,38365339
2021-12-17,39.5425910949707,40.03327209558641,39.45691630442293,39.79182522868863,47644905
2021-12-20,39.48028564453125,39.95538919537902,39.24662898852078,39.69057752627234,47082627
2021-12-21,39.43355178833008,39.71394093335557,39.176527415021624,39.449129293176526,35694442
2021-12-22,38.950660705566406,39.52701653973765,38.84941137382311,39.43355447539559,43682819
2021-12-23,39.114219665527344,39.145371703556506,38.69363595552905,39.02854487596045,42370871
2021-12-24,38.833831787109375,39.114220936217144,38.81825428203613,39.114220936217144,34465068
2021-12-27,38.42103958129883,38.98960516543662,38.16401519568708,38.84162034786426,73594333
2021-12-28,38.65469741821289,38.78710176318182,38.31978846539025,38.4210407693171,65322073
2021-12-29,37.089195251464844,38.72479786938839,37.081407983345365,38.685852615473806,143890268
2021-12-30,37.77458572387695,37.99266485565284,37.120345357443945,37.299482211560615,96791651
2021-12-31,37.93814468383789,38.07055199184844,37.64218099977723,37.805740346932645,49293501
2022-01-04,37.65775680541992,37.93814596492896,37.003516423600644,37.93814596492896,71960645
2022-01-05,38.20296096801758,38.6936420401761,37.69670535994795,37.766802655970594,83717375
2022-01-06,37.501983642578125,38.46776511984191,37.46303839710201,38.02381665558104,68186664
2022-01-07,38.20296096801758,38.27305826404022,37.41631617585736,37.49420073983556,66073705
2022-01-10,38.34315490722656,38.9428755471859,38.09392074141302,38.53008201713953,57093634
2022-01-11,38.82604217529297,39.02075653519134,38.07833974634851,38.545655992767806,71561748
2022-01-12,38.75594711303711,39.02075877655396,38.311998584656735,38.84162191169043,51841118
2022-01-13,38.42882537841797,38.98181343580867,38.257475794565245,38.826041356952125,40140754
2022-01-14,37.40073776245117,38.53008173939995,37.38516025581191,38.53008173939995,66657098
2022-01-17,37.83689498901367,38.04718387839283,37.29948146629614,37.673332672344486,53180761
2022-01-18,38.17180252075195,38.42882690675303,37.60323693575291,37.89141633298541,57907708
2022-01-19,38.7092170715332,38.92729621360938,38.24969104279735,38.53008020895557,62028026
2022-01-20,40.00990295410156,40.414909150009805,38.8494071166326,38.8494071166326,138624871
2022-01-21,40.36039352416992,40.500588105299784,39.885289996019345,40.0254845771492,85808094
2022-01-24,40.38375473022461,40.50058452788172,39.745091904204116,40.461642252364406,63815520
2022-01-25,39.64384460449219,40.33702724582034,39.48807252337112,40.15010015425399,58351289
2022-01-26,39.72173309326172,40.10337458124816,39.41018890016644,39.91644747116987,43669628
2022-01-27,39.5425910949707,39.86192251449087,39.036332589609465,39.643843390263996,52940057
2022-01-28,38.327579498291016,39.877507337189,38.2808499465843,39.760677515710654,71514411
2022-02-07,39.994327545166016,40.11115734724087,39.04412350797132,39.17652784395789,73234913
2022-02-08,40.27471923828125,40.50058861864284,39.713943877759455,40.1501021613758,52824176
2022-02-09,40.20462417602539,40.76540253874574,39.9398125015303,40.422706301030885,51220706
2022-02-10,40.27471923828125,40.422704059741484,39.7217311452074,40.422704059741484,33554247
2022-02-11,41.0925178527832,41.27944494851569,40.22798857694848,40.36039291763389,80993265
2022-02-14,39.877498626708984,41.271654056144406,39.721726555798554,41.271654056144406,59405166
2022-02-15,39.114219665527344,40.01769413268747,38.903927810528195,39.682785212256064,56617903
2022-02-16,39.7762451171875,40.0021144645373,39.12200481627759,39.37902917107668,40495579
2022-02-17,40.08000183105469,40.48500804306618,39.659418114222916,39.932019991919915,44157043
2022-02-18,40.54731750488281,40.58625978084549,39.91644193830874,39.91644193830874,35439010
2022-02-21,40.31365966796875,40.414911966779,39.72951658969515,40.36818242202453,31345076
2022-02-22,39.89308166503906,39.994330999737194,39.51923042565496,39.78404209160689,36983993
2022-02-23,39.589324951171875,40.08000299731493,39.4491303748152,40.08000299731493,37499974
2022-02-24,38.95845031738281,39.39461156247208,38.82604300484813,39.37124381843337,48238083
2022-02-25,38.794891357421875,39.33230193806681,38.592386752931596,38.97402821763686,45184050
2022-02-28,38.78710174560547,38.89614131696706,38.405463245839904,38.62354238856308,33528964
2022-03-01,39.12980270385742,39.3323043496583,38.444407261498355,38.94287559372109,40645436
2022-03-02,38.53007888793945,39.122009240896894,38.50671114415712,38.7871003007021,39707598
2022-03-03,38.73257827758789,38.9195053615118,38.51449915559766,38.615751449852496,31128967
2022-03-04,37.930355072021484,38.46776559564094,37.77458300150559,38.35872603761135,57789720
2022-03-07,36.419376373291016,37.587662654746666,36.216874725125194,37.39294827450406,101435369
2022-03-08,35.42243194580078,36.42715864105618,35.204352838404574,36.26359931050902,83466464
2022-03-09,34.573486328125,35.61715556876902,33.49866207227232,35.51590325489375,90043112
2022-03-10,34.8149299621582,35.59378744242525,34.76041017622795,35.51589991173525,67149583
2022-03-11,34.620216369628906,34.88502803771134,33.5687569649903,34.659158650295765,74052488
2022-03-14,32.82883834838867,34.254145747724934,32.789893104173785,33.88029457788091,108046557
2022-03-15,30.725929260253906,32.40826135734456,30.515637376729373,32.40826135734456,131309249
2022-03-16,33.16374969482422,33.335096303385605,31.084198880769843,31.20102867983438,137744932
2022-03-17,34.66694641113281,35.18099224812226,34.01270598486391,34.38656020367952,131964759
2022-03-18,35.9598503112793,35.9598503112793,34.28530842412611,34.73704424124122,92358531
2022-03-21,34.90060806274414,35.741772676050715,34.73704571837121,35.741772676050715,79103220
2022-03-22,35.46137619018555,35.71840055627891,34.90838815363368,35.079737731029255,54903830
2022-03-23,35.6405143737793,35.80407669067036,35.282240672218464,35.58599459185071,46995984
2022-03-24,35.6483039855957,35.89753811892105,35.32897256657852,35.51589668101992,38033234
2022-03-25,35.188777923583984,35.78849848414803,35.04858335248562,35.60157139898181,31825936
2022-03-28,35.087528228759766,35.43801468247789,34.46444285054169,34.92396887405979,38645874
2022-03-29,35.056373596191406,35.476957345201576,34.9784890372364,35.16541613827608,34962089
2022-03-30,36.0065803527832,36.06110013779977,35.321184949725115,35.32897518821631,52072269
2022-03-31,36.45052719116211,36.6997613314934,35.687247265009375,35.81965457330711,61588490
2022-04-01,36.68418502807617,36.972364426297794,36.04552215116704,36.20908447514068,47613944
2022-04-06,36.910057067871094,37.174868741150945,36.12341228698115,36.13898979377475,47826855
2022-04-07,36.49726104736328,37.065826636574336,36.27918190933861,36.87889953890646,37720107
2022-04-08,36.746490478515625,36.746490478515625,36.29475178363404,36.37263930228865,36423474
2022-04-11,35.74956512451172,36.50505497818989,35.50811819826474,36.38043788069924,49261173
2022-04-12,35.59378433227539,36.18571465826964,35.13425834022654,35.98321303838102,58884049
2022-04-13,35.63272476196289,35.90532365366702,35.2900285879484,35.5937824875916,44822252
2022-04-14,35.6405143737793,36.16235039223118,35.632727106834615,35.835228729554345,32661329
2022-04-15,36.47389221191406,36.606296539223365,35.43022321301541,35.59378254831692,42315903
2022-04-18,33.79462432861328,35.79628774029693,33.31952080805472,35.79628774029693,236677506
2022-04-19,32.789894104003906,33.296152583184416,32.24469632163115,32.71200955540925,250477022
2022-04-20,32.011043548583984,32.69643901233259,31.85527441823242,32.55624441813161,131826851
2022-04-21,32.1512336730957,32.78989652628801,31.621610384433016,31.699497909886528,114350098
2022-04-22,33.1014404296875,33.46750436872244,31.66055538766086,31.668342654593285,119533984
2022-04-25,30.243038177490234,31.894215247019826,30.15736337703867,31.45026670932133,236874515
2022-04-26,29.915916442871094,30.500059567611693,29.285040798553236,30.26640291193657,145471877
2022-04-27,29.62773895263672,30.0872649800337,29.29283000193525,29.464179596556132,154620795
2022-04-28,30.858333587646484,31.21661029881637,29.55764297741527,29.643317778540556,156452310
2022-04-29,31.099775314331055,31.31785442922881,30.157358600831355,30.453322265019704,123692861
2022-05-05,30.57794189453125,31.29449228682321,30.391017772093598,30.889486060067817,94425132
2022-05-06,29.526487350463867,30.18072776142676,29.51870008284413,30.141785481116994,88945545
2022-05-09,28.404932022094727,29.456388386334517,28.155697876925213,29.44081088087325,125240592
2022-05-10,28.80215072631836,28.94234531757396,27.462514841478455,28.023293206500863,121763735
2022-05-11,28.98128318786621,29.253885060970774,28.50617969772001,28.685319514582677,87239856
2022-05-12,28.51396942138672,28.864455839855342,28.37377485399927,28.661951255360073,63002311
2022-05-13,28.93455696105957,29.28504045490671,28.73984258843092,28.80214964269721,70130077
2022-05-16,28.732053756713867,28.91898087087762,28.381567274597884,28.91898087087762,64474236
2022-05-17,30.06389808654785,30.08726583172475,29.098116457595257,29.098116457595257,118395443
2022-05-18,29.98600959777832,30.437748311355847,29.518696350930334,30.37543829385336,88775539
2022-05-19,29.61994743347168,29.791297020684226,29.222731447148906,29.510907867465637,54201095
2022-05-20,31.12314224243164,31.294491828075465,30.180725463601238,30.180725463601238,133887244
2022-05-23,30.75708770751953,31.193246058838533,30.72593269068076,31.130938996266934,61808829
2022-05-24,30.29755401611328,31.021891635028798,30.250821502565277,30.84275181864738,68742972
2022-05-25,30.20408821105957,30.453322334685765,30.095048653361253,30.359860281102222,48902540
2022-05-26,29.93149185180664,30.37544035780927,29.658892934473577,30.37544035780927,61542963
2022-05-27,30.46889877319336,30.694768118300477,30.165144881341377,30.297552176133657,60839589
2022-05-30,30.429956436157227,30.764865334448483,30.21187732884385,30.764865334448483,47153667
2022-05-31,30.912853240966797,30.95958576076974,30.219670538303813,30.41438491415771,64540394
2022-06-01,30.912853240966797,30.920643479820082,30.58573451566293,30.920643479820082,43383408
2022-06-02,30.313129425048828,30.71034837391664,30.172937822566087,30.609096077190788,54728121
2022-06-06,30.352075576782227,30.398805121966138,29.674467460561864,30.258610544203673,69870287
2022-06-07,30.64803695678711,30.764866753152532,30.118413696512782,30.34428305156319,62272629
2022-06-08,30.78823471069336,30.84275449567887,30.39101870992668,30.655830367472948,59693086
2022-06-09,31.38016700744629,31.621610912621865,30.694771627533434,30.764868916059807,90860722
2022-06-10,31.247760772705078,31.278915784478876,30.764869974633022,31.08420141755082,79539375
2022-06-13,30.04053497314453,30.81160524228546,29.86139809611508,30.81160524228546,97131216
2022-06-14,30.562362670898438,30.609092208785203,29.682253063737235,29.752350341672283,59836244
2022-06-15,31.528148651123047,32.01103942950868,30.523421845669528,30.523421845669528,139489478
2022-06-16,31.12314224243164,31.917577178909394,31.12314224243164,31.839692624219644,63688339
2022-06-17,31.03746795654297,31.286702100947267,30.585732183974685,31.02968068938893,55073077
2022-06-20,30.92064094543457,31.23218213860223,30.686984307782488,31.068622789356308,61420616
2022-06-21,31.41132164001465,31.660555780418036,30.725926268352666,30.95179563656365,58391388
2022-06-22,30.616886138916016,31.52036062399979,30.609095900925276,31.465840842485658,73071187
2022-06-23,31.26333999633789,31.31785978438487,30.62467707541134,30.62467707541134,61602983
2022-06-24,31.310068130493164,31.613822041662257,30.889484420672023,31.364587910902735,63995033
2022-06-27,32.12786865234375,32.21354344412684,31.27112667672336,31.411321250349282,89340811
2022-06-28,32.1512336730957,32.26027323762532,31.855269989688253,32.01103909838468,49916367
2022-06-29,31.940948486328125,32.48614939402237,31.92537394908782,32.14345312372315,62280411
2022-06-30,32.86778259277344,33.25721128943875,31.901998117757184,31.964308135354116,83262823
2022-07-01,32.2291259765625,33.00798351993256,32.09671864921461,33.00798351993256,69574815
2022-07-04,31.97209930419922,32.22133346279566,31.777384932101654,32.15123616999632,48691785
2022-07-05,31.917579650878906,32.45499025051258,31.746230051964307,32.291430890333494,53453841
2022-07-06,30.99852752685547,32.00325440263911,30.8427554345385,31.902002096967248,88526638
2022-07-07,30.95958137512207,31.28670005408722,30.80380930228407,30.998523650555278,50812921
2022-07-08,31.006315231323242,31.32564665747545,30.866120656807123,31.310069152406403,48036145
2022-07-11,30.718137741088867,30.912852109817866,30.531213610928095,30.827180283305708,40375487
2022-07-12,30.609094619750977,30.998523312040696,30.398802769381913,30.655827132423592,58062988
2022-07-13,29.518699645996094,30.570156054326922,29.355137317346777,30.42996147040208,141083081
2022-07-14,28.412721633911133,28.965709753444884,27.64944162995491,28.950132246698153,232523374
2022-07-15,28.3411922454834,29.22710864405984,28.333065937442548,28.528128335032072,138245173
2022-07-18,28.958900451660156,29.129580844584012,28.454982481416472,28.56877251049365,90308021
2022-07-19,29.0239200592041,29.13770698717018,28.609410092976066,28.853239667254986,53781384
2022-07-20,29.137706756591797,29.357154301844623,29.02391982952616,29.21085593834274,46968871
2022-07-21,28.820730209350586,29.121456368721212,28.747581021998467,28.88575308720201,46624082
2022-07-22,28.926387786865234,29.300259993721394,28.650046786045216,28.893876351366142,51033274
2022-07-25,29.137706756591797,29.243367374778988,28.625665584796433,28.75570823008019,40464861
2022-07-26,29.52783966064453,29.544092279429464,29.088944542377213,29.137708599654854,45628522
2022-07-27,29.30025863647461,29.544088190500858,29.18647171795976,29.446556988982557,44247135
2022-07-28,29.080810546875,29.544087620728646,29.056428522080893,29.340895812881925,57066760
2022-07-29,28.50374984741211,29.405922074479598,28.454982691732873,29.12145475083728,64970631
2022-08-01,28.056726455688477,28.454980680640595,27.99983299498103,28.438728063690817,70588273
2022-08-02,27.560935974121094,27.8047655170912,27.089532604440333,27.796639209191902,81160751
2022-08-03,26.870086669921875,28.03234409708371,26.780681775453882,27.552811290768958,100320625
2022-08-04,27.35774803161621,27.390259468722327,27.008257833878687,27.089536426643978,59307271
2022-08-05,27.87791633605957,27.910427770498092,27.32523435244883,27.479662115801297,48871948
2022-08-08,27.560935974121094,28.03234244426271,27.325232739050286,27.788509800831747,57211197
2022-08-09,27.308979034423828,27.593449439227648,27.14642806077717,27.593449439227648,49867119
2022-08-10,26.9432373046875,27.3902587007484,26.84570299610384,27.276471774528666,52960480
2022-08-11,27.926685333251953,27.959196769838996,26.967619657162953,27.195193512349753,82668809
2022-08-12,27.934812545776367,27.991706011413402,27.658471526770192,27.76413214886526,40200050
2022-08-15,27.414640426635742,27.902302662815636,27.25208634790911,27.71536345698025,45918083
2022-08-16,27.560935974121094,27.934808146705983,27.430893344506313,27.520298233702885,47915454
2022-08-17,27.82915496826172,27.902304152571215,27.260217212572456,27.63408944328262,45395476
2022-08-18,27.40651512145996,27.772257936410938,27.178938162724954,27.73974959984418,50734443
2022-08-19,27.512170791625977,27.756003452483558,27.195192053064414,27.21144777048566,42844967
2022-08-22,27.32523536682129,27.73161901100556,27.227704160346185,27.260215595991603,52563482
2022-08-23,26.90259552001953,27.308979156880618,26.837575750361527,27.300852848346278,53965720
2022-08-24,26.69127655029297,27.17893565894428,26.65876511625995,26.935106104618626,58965852
2022-08-25,27.382129669189453,27.44715254247551,26.488086864734857,26.74004584802647,65073875
2022-08-26,27.390260696411133,27.666601723276724,27.089537640853745,27.390260696411133,54968310
2022-08-29,27.048892974853516,27.487788032130634,26.91072403115201,27.073278100565126,38901392
2022-08-30,27.463407516479492,27.52842728754213,26.886343483781,26.910725510371847,59087736
2022-08-31,28.487491607666016,28.641919370085862,27.203320959710084,27.26021441940339,166545105
2022-09-01,28.040470123291016,28.47936518237491,28.032343814994356,28.333066829346944,60742108
2022-09-02,27.89417266845703,28.3655791768289,27.731618593140485,28.12174651362353,47663498
2022-09-05,27.82102394104004,27.95106658331126,27.27647134542342,27.837279658881588,46737206
2022-09-06,27.32523536682129,28.243663270806863,27.227704160346185,27.8941730887715,87756101
2022-09-07,27.130172729492188,27.211448217472395,26.87008744740217,27.105787602729226,62522016
2022-09-08,27.065149307250977,27.25208540616529,27.02451156408892,27.12204276777007,41667222
2022-09-09,28.040470123291016,28.251788244075293,27.130171671475576,27.18706513093523,135166615
2022-09-13,28.731321334838867,28.97515399264778,27.869790025512298,27.999832662795235,143861057
2022-09-14,28.333065032958984,28.69068148409744,28.211148713011813,28.365576465006335,56078636
2022-09-15,29.26774787902832,29.30838872268964,28.56877063478527,28.56877063478527,134095049
2022-09-16,28.406217575073242,29.25962261457271,28.381832447914164,29.00766363700342,86516134
2022-09-19,28.520004272460938,28.70694037672768,28.243663270401157,28.357450194697336,44998129
2022-09-20,28.072982788085938,28.601279663437044,27.918555019530373,28.52813048371629,50434551
2022-09-21,27.967323303222656,28.349324935033245,27.520301898177372,27.999834740070632,53038925
2022-09-22,27.77225685119629,27.837279722711575,27.560938719693947,27.634087899918057,38514551
2022-09-23,27.926685333251953,28.170514906732276,27.634088604891073,27.634088604891073,36643717
2022-09-26,27.593448638916016,28.056725721386634,27.504043745726772,27.65034209813444,52549140
2022-09-27,27.552812576293945,27.674725810424803,27.178937263760254,27.54468316707518,47541362
2022-09-28,27.365873336791992,27.63408803238652,27.16268151302444,27.463407644532463,48729860
2022-09-29,26.9432373046875,27.89417355991917,26.821320969188523,27.62596196246711,61785902
2022-09-30,27.349620819091797,27.59345038841032,26.91885204281917,27.032638968470405,53971707
2022-10-10,25.845998764038086,26.894469294486115,25.398977382203526,26.813193807047504,127799132
2022-10-11,25.52089500427246,26.06544920196938,25.447745817251178,25.83787533144159,61866447
2022-10-12,25.155147552490234,25.439614855967818,24.423655771460627,25.398977112679745,117369975
2022-10-13,24.29361343383789,24.838167571893976,24.13918876724433,24.765018392884162,135038091
2022-10-14,25.260807037353516,25.374593960646237,24.46429547384336,24.62684799994288,126919692
2022-10-17,25.2120418548584,25.342084497998187,24.82191392543903,24.95195656857882,64630961
2022-10-18,25.03322982788086,25.504634754826977,24.951954345831542,25.439613439049253,56281382
2022-10-19,24.59433937072754,25.25268046804455,24.55370007445449,24.96821159505576,52827518
2022-10-20,24.439910888671875,24.74876331090635,24.285484677554635,24.38301742937355,55115404
2022-10-21,24.041656494140625,24.602466361056553,23.976635172630846,24.504933603676598,72871094
2022-10-24,22.773738861083984,23.968506168057107,22.757483143925857,23.887229132496984,145145835
2022-10-25,22.911911010742188,23.1394848664651,22.6030585633602,22.77374050538301,86028249
2022-10-26,22.700592041015625,23.017570807357195,22.562421531286873,22.741229787899687,75402189
2022-10-27,22.70871925354004,23.115102911726787,22.676207816774397,22.920038941824824,76286564
2022-10-28,22.091014862060547,22.75748378192283,21.93658864519009,22.432377180798614,94946422
2022-10-31,21.798418045043945,22.05037546597026,21.37577869042329,21.863439364967853,95303253
2022-11-01,22.911911010742188,22.96067661550701,21.952845332393846,22.02599451465639,105901901
2022-11-02,23.098846435546875,23.326421834748484,22.63556932844948,22.887526754194795,72836102
2022-11-03,22.79812240600586,23.066335556068374,22.65995190141422,23.04195352893672,50172213
2022-11-04,23.635272979736328,23.773443482498536,22.749356500301698,22.798122104149947,92682957
2022-11-07,23.700294494628906,23.919742039079132,23.261400955959054,23.407697768695265,54538019
2022-11-08,23.692167282104492,23.87910339533883,23.521486887472438,23.73280657861021,43978188
2022-11-09,23.716548919677734,24.017271938063622,23.570250564687615,23.692165343769208,46305956
2022-11-10,23.72467803955078,23.814081388840474,23.38331570983672,23.570251817714976,40004562
2022-11-11,25.390850067138672,25.845999317509868,24.14731554979367,24.464295848468232,168871688
2022-11-14,26.93510627746582,27.382127646674967,26.276766786607972,26.414935731443464,204968536
2022-11-15,27.048892974853516,27.49591744085484,26.618127326300595,26.943235465126833,91330506
2022-11-16,27.130172729492188,27.211448217472395,26.707533370980627,27.032638423362588,61459443
2022-11-17,26.260513305664062,27.065151218666127,26.008554319527576,27.065151218666127,103715191
2022-11-18,26.065446853637695,26.561235398729927,25.87038288923188,26.2442566503493,56273194
2022-11-21,25.90289306640625,25.984168551619724,25.236422615949994,25.68344553577665,47910404
2022-11-22,26.374296188354492,26.72378633144075,25.84599626960713,26.065443785065536,65416650
2022-11-23,26.18736457824707,26.78068436192891,26.130471112720137,26.276769481349778,57764427
2022-11-24,26.18736457824707,26.715661486777364,26.0735776471932,26.4962139338329,40630100
2022-11-25,26.837574005126953,27.000128069392797,26.154849415579136,26.1792314400577,83012155
2022-11-28,25.976043701171875,26.097960043571458,25.561533717843776,26.089830633832083,80937686
2022-11-29,28.333065032958984,28.37370277278777,26.618125748221228,26.650637180268582,175318695
2022-11-30,28.414344787597656,28.8044727294788,27.796642988067827,27.90230360788812,87332461
2022-12-01,28.446853637695312,29.666004507882253,28.32493731049222,29.178345399991876,83139723
2022-12-02,27.951065063476562,28.44685357907128,27.764128969155127,28.44685357907128,59846240
2022-12-05,29.340896606445312,29.34089660644531,28.12987513518331,28.42247184247,105060439
2022-12-06,29.137706756591797,29.243367374778988,28.788216566055212,29.186473911246168,65110353
2022-12-07,28.706941604614258,29.21898588630996,28.690685886096475,29.09706954765722,56460628
2022-12-08,28.812602996826172,29.072688299157523,28.576899722694204,28.650048907753735,44355151
2022-12-09,29.869197845458984,30.015496205392,28.95889935067888,29.097068301470536,95816291
2022-12-12,29.08894157409668,29.747281083858255,28.999536677595454,29.592856417467747,60626240
2022-12-13,29.3734073638916,29.47093856391959,28.942641721678793,29.04017292170678,38290398
2022-12-14,29.999238967895508,30.104899578152704,29.275876614015235,29.37340781554288,64436167
2022-12-15,29.52783966064453,30.039880864828312,29.43843475502029,29.763539838563123,40340341
2022-12-16,30.145538330078125,30.23494322633164,29.50345143922205,29.50345143922205,60782001
2022-12-19,29.66600799560547,30.348732687194023,29.46281616001913,30.15366716082814,54784253
2022-12-20,29.03204917907715,29.706644431203255,28.690685298122016,29.45468855049429,70291116
2022-12-21,29.21898078918457,29.446554607811706,29.023915301460782,29.25149222054866,33049776
2022-12-22,29.66600799560547,29.9504753252418,29.46281616001913,29.690390023728195,35971483
2022-12-23,29.560348510742188,29.909838729439393,29.381541796857704,29.49532873309187,33058360
2022-12-26,29.21898078918457,29.909831653137367,29.17021364213844,29.544085801443227,36047352
2022-12-27,29.80417823791504,30.05613724104879,29.527840306071013,29.62537152321958,36790747
2022-12-28,30.340600967407227,30.495025618748578,29.731025569352322,29.80417164067654,52885997
2022-12-29,30.259326934814453,30.33247611759246,29.78792350171495,29.991115331602607,51362913
2022-12-30,30.28370475769043,30.584430856503733,30.226811301257825,30.348727622448173,52322805
2023-01-03,30.54379653930664,30.70634751849642,29.69038839625436,30.137412890409816,60626616
2023-01-04,31.413455963134766,31.55975431854891,30.50315439601097,30.706346211812722,83645411
2023-01-05,31.29153823852539,31.91736937535121,31.21026275601229,31.68979554394579,61908519
2023-01-06,31.19400978088379,31.64103117491388,30.79575244046279,31.421583632289394,59000699
2023-01-09,31.53537368774414,31.779203281372226,31.21839490598148,31.21839490598148,49914886
2023-01-10,31.088350296020508,31.535371706328544,31.01520111248201,31.519115987713178,54197159
2023-01-11,31.63290023803711,31.84422146167523,30.998942768044827,31.194008274444553,54170698
2023-01-12,31.73855972290039,31.819838306206382,31.47847445724309,31.787326872883988,30434871
2023-01-13,32.234352111816406,32.234352111816406,31.673543771534515,31.75481926416854,46376708
2023-01-16,32.89269256591797,33.43724515119371,32.34813688018114,32.510690955048595,88046855
2023-01-17,33.06337356567383,33.274691696618056,32.73826540987839,32.876437461252856,43204705
2023-01-18,32.819541931152344,33.28281900867077,32.697625605295514,33.03898945741807,29467472
2023-01-19,33.03899002075195,33.16090324822652,32.445667198623894,32.673244137406236,47249021
2023-01-20,33.364097595214844,33.40473534079288,33.06337455738385,33.30720413131334,41340273
2023-01-30,34.160606384277344,34.64826859254002,34.01430803184464,34.583245724587265,100700740
2023-01-31,33.494140625,34.420694876822004,33.494140625,34.420694876822004,64231185
2023-02-01,32.949588775634766,33.884269358284755,32.470055920027775,33.843631611293254,91679130
2023-02-02,32.53507614135742,33.12026962753764,32.144948184057746,33.07963187998877,72723293
2023-02-03,31.941749572753906,32.34000685539161,31.70604634630426,32.34000685539161,63816364
2023-02-06,31.16962432861328,31.486606176073174,30.78762581065999,31.470350458219247,73100066
2023-02-07,31.218393325805664,31.64915902276001,31.0152014913236,31.29154251023766,42657086
2023-02-08,31.283414840698242,31.63290192838547,31.17775422323306,31.291541149521162,31706528
2023-02-09,31.283414840698242,31.608519901455505,31.14524278701897,31.226518277092985,49817481
2023-02-10,31.015199661254883,31.202135765892752,30.80388153006547,31.128986585776964,41102639
2023-02-13,30.65757942199707,30.868897527353205,30.129279507915562,30.803877764343927,82518134
2023-02-14,30.885156631469727,30.93392378442226,30.48689930017683,30.70634683777155,48607663
2023-02-15,30.210559844970703,30.958307392818227,30.07239088856896,30.885158209881634,77104778
2023-02-16,30.29183578491211,30.763239177755747,30.088643972376175,30.234942325438926,65415231
2023-02-17,29.836687088012695,30.38124279579932,29.812305060956696,30.194306687293828,57581280
2023-02-20,31.283414840698242,31.29966745834408,29.926091833141523,29.926091833141523,108022830
2023-02-21,31.445960998535156,31.55162159979704,30.990813363180692,31.234642896472117,53046540
2023-02-22,31.015199661254883,31.372816152675874,30.998943943400135,31.259029228153793,38309139
2023-02-23,31.104604721069336,31.510988368169073,31.015199822633605,31.015199822633605,37063824
2023-02-24,30.44626235961914,31.08834927169423,30.39749830584106,31.023326399375193,53369015
2023-02-27,30.20243263244629,30.54379650942548,30.145539169693286,30.291837531189913,44933367
2023-02-28,30.324350357055664,30.462519315656827,29.950475026949785,30.210560325873068,37822552
2023-03-01,31.088350296020508,31.16149947955901,30.234945221712206,30.27558296801997,57119401
2023-03-02,31.088350296020508,31.291542128020644,30.698222350635607,30.91766990125111,34907009
2023-03-03,31.088350296020508,31.510989678636143,30.803882971404843,31.291542128020644,35711390
2023-03-06,30.072389602661133,31.07209299307264,29.99924042285243,30.901412607006048,81051939
2023-03-07,29.714773178100586,30.46251759515767,29.592856844664205,29.98298477101501,73741149
2023-03-08,29.25962257385254,29.519707859805443,29.09706849501668,29.46281439728207,61658357
2023-03-09,28.91826057434082,29.32464420399399,28.853237705375015,29.259621335028182,53999602
2023-03-10,28.47123908996582,28.98328338520695,28.40621931463596,28.487494808913628,55845366
2023-03-13,28.487491607666016,28.755706289472474,28.211150617529523,28.381830996609438,58420463
2023-03-14,28.10549545288086,28.389962775091686,27.910429931606807,28.186770944809304,62666750
2023-03-15,28.349323272705078,29.02391849520723,28.349323272705078,28.568770807869225,67638378
2023-03-16,28.162385940551758,28.568769558161677,27.80476637276002,28.0404696150844,40389489
2023-03-17,27.926685333251953,28.747578954076655,27.650344323184594,28.463111635093156,83271578
2023-03-20,27.731618881225586,28.37370578014254,27.650343392953552,27.991704164249466,52072515
2023-03-21,27.82102394104004,28.04047148120919,27.64221414524418,27.804768223198494,36747539
2023-03-22,28.072982788085938,28.22740745618036,27.861661557576582,28.056727070318974,45986740
2023-03-23,28.609411239624023,28.72319817215061,27.894175106006543,27.959197981999665,54214633
2023-03-24,27.98357582092285,28.430597174838432,27.821021755736936,28.430597174838432,67871839
2023-03-27,27.80476951599121,28.121748277486528,27.674726867673613,28.121748277486528,44983610
2023-03-28,27.959196090698242,28.2192813761545,27.780386294274127,27.96732239941699,53323436
2023-03-29,27.731618881225586,28.20302539449458,27.71536316347895,28.129876214865295,41863012
2023-03-30,27.918556213378906,27.951067650303077,27.398385624437264,27.7560052296806,56228970
2023-03-31,27.85353660583496,28.300558014589473,27.747875985432927,27.92668578911925,57779428
2023-04-03,27.934812545776367,27.999835421053746,27.617833779952505,27.886048489779675,50467501
2023-04-04,27.861661911010742,27.975448836361753,27.68285521422823,27.942940500876595,48782066
2023-04-06,27.471534729003906,27.77225776854237,27.414641264779366,27.77225776854237,48679567
2023-04-07,27.747873306274414,27.84540450774937,27.430894576135056,27.51217006062069,39414120
2023-04-10,27.82915496826172,27.87791902416049,27.609707415333233,27.756005783952222,33015949
2023-04-11,27.414640426635742,27.91042897154444,27.33336493750301,27.82915348241171,73399153
2023-04-12,27.42276954650879,27.593449932163505,27.357746675519675,27.544682778921672,41612769
2023-04-13,27.642213821411133,27.829153024168324,27.024512052974607,27.34962020507454,63430456
2023-04-14,27.951065063476562,28.27617320170749,27.650342050912602,27.79664040307042,69392338
2023-04-17,28.609411239624023,28.60941123962402,27.71536529748683,27.894175106006543,89373012
2023-04-18,28.99953842163086,29.544091041489818,28.544387603188657,28.617536786501486,94271463
2023-04-19,28.853240966796875,29.129581990215637,28.690686876469123,29.129581990215637,51088648
2023-04-20,28.43872833251953,29.048303789113916,28.333067718580732,28.934513766162304,68091530
2023-04-21,28.040470123291016,28.593152101294212,27.983576663831364,28.438727439969586,53159146
2023-04-24,27.308979034423828,28.194895482826887,27.2358298560984,28.05672653513501,72987368
2023-04-25,27.658470153808594,27.747875052646272,27.235830786869407,27.317109376931473,51221280
2023-04-26,27.487791061401367,27.601577992392052,27.105789421251494,27.471535342622506,49650070
2023-04-27,26.520597457885742,26.81319417744443,26.122340122828387,26.796938459639932,155927939
2023-04-28,27.308979034423828,27.430895365119905,26.341787099197443,26.382424842609108,94021308
2023-05-04,27.73974609375,27.95919361526085,26.683149327574753,27.05702150475877,72543303
2023-05-05,28.19489288330078,28.495618977834997,27.75600095427445,27.780382977981247,80088973
2023-05-08,28.934511184692383,29.218981565999968,28.154255413974845,28.333065190770423,106426580
2023-05-09,28.43872833251953,29.340897403891894,28.414343205942206,28.99953663642037,98552978
2023-05-10,27.959196090698242,28.54438643274424,27.869791192486183,28.365579736781292,63837387
2023-05-11,27.999834060668945,28.71507015166332,27.959196315825658,28.121747295198805,44580284
2023-05-12,27.666597366333008,28.081107291123537,27.63408593288957,28.016087524697603,45936569
2023-05-15,28.20302391052246,28.324937136515747,27.39838297693848,27.707235396951226,52809453
2023-05-16,28.300556182861328,28.60940861456715,28.09736436471875,28.406216796424573,38524804
2023-05-17,28.040470123291016,28.55251435888889,27.983576663831364,28.29242908694162,39637635
2023-05-18,27.999834060668945,28.316812811092248,27.804768544775502,28.227407912160302,32901230
2023-05-19,27.593448638916016,27.999832262168205,27.585319230192813,27.91855367724117,39298980
2023-05-22,27.79664421081543,27.91043114464515,27.617834400247922,27.617834400247922,29693441
2023-05-23,27.308979034423828,27.942939613397915,27.308979034423828,27.804767565244955,34692126
2023-05-24,26.764427185058594,27.300853473989868,26.764427185058594,27.300853473989868,46399873
2023-05-25,26.349912643432617,26.626253631262355,26.13859452354446,26.626253631262355,70605103
2023-05-26,26.610002517700195,26.707533724660248,26.187363153591754,26.36616984960832,29462374
2023-05-29,26.56936264038086,26.780683880362094,26.366170809878053,26.780683880362094,38730090
2023-05-30,26.528722763061523,26.740043986065263,26.301148923329215,26.569360505805,34007178
2023-05-31,26.252384185791016,26.658767851516764,26.20362013019917,26.4962137651342,52541398
2023-06-01,26.05731964111328,26.414936121671463,26.024808206391338,26.26051145743383,47239881
2023-06-02,26.87821388244629,26.902595908862814,26.171107212216764,26.187362929981497,55885607
2023-06-05,26.853832244873047,27.040768351182578,26.6912781653331,26.878214271642626,31273034
2023-06-06,26.87821388244629,27.47153362878384,26.80506470273557,26.853831856029764,38663375
2023-06-07,27.065149307250977,27.31710827559343,26.951362386212796,27.02451156408892,33890635
2023-06-08,27.699108123779297,27.812895037593414,27.00012782410873,27.08140330527285,54961501
2023-06-09,27.42276954650879,27.837279497450407,27.42276954650879,27.674725420438758,41510872
2023-06-12,27.414640426635742,27.569065096172398,27.130173114210013,27.414640426635742,40677376
2023-06-13,27.414640426635742,27.585320814091176,27.227704321261523,27.276471475017864,23124556
2023-06-14,27.1382999420166,27.666599932867722,27.1382999420166,27.577195032834958,38263310
2023-06-15,27.40651512145996,27.463408586028393,27.073280643075744,27.227705318267017,36953706
2023-06-16,27.577192306518555,27.666597197712637,27.430893957375677,27.52029884856976,42680637
2023-06-19,27.292726516723633,27.560938104585286,27.27647079920761,27.560938104585286,27896062
2023-06-20,26.975744247436523,27.276470366015324,26.902595070006686,27.227703214241753,30764875
2023-06-21,26.959487915039062,27.341489510729907,26.821318972191467,26.87008612285231,42786599
2023-06-26,26.504343032836914,26.902597286858068,26.349915256392496,26.764428329472324,43210300
2023-06-27,26.67502212524414,26.829446793688835,26.366169687893603,26.520597456799447,34571527
2023-06-28,26.86195945739746,26.967620077722497,26.59374785252473,26.666897035755706,33381801
2023-06-29,26.561237335205078,26.967621011569342,26.55310792541941,26.86196038758544,25854831
2023-06-30,26.62625503540039,26.82132054905094,26.528723828805692,26.601873008867006,29361327
2023-07-03,27.40651512145996,27.43902345802672,26.65876757212142,26.740046164691524,45366767
2023-07-04,27.235830307006836,27.308979486543304,27.113917074753484,27.308979486543304,22408656
2023-07-05,26.845701217651367,27.22770281647783,26.691276556649246,27.22770281647783,41307158
2023-07-06,26.479961395263672,26.918853402013198,26.42306482910403,26.84570421747805,40784246
2023-07-07,26.260513305664062,26.47996085479043,26.244257587159,26.414937980770194,47279440
2023-07-10,26.374296188354492,26.56935857956587,26.276764992748802,26.431189644162878,27207677
2023-07-11,26.585617065429688,26.658766244870286,26.39055465389551,26.60187278313439,32916654
2023-07-12,26.98387336730957,27.178935771392734,26.59374545868223,26.59374545868223,63204933
2023-07-13,27.316646575927734,27.445296074101662,26.97358070217489,27.43671922277445,56385028
2023-07-14,27.385263442993164,27.608255064097804,27.256613927473612,27.393840295476778,34752056
2023-07-17,27.145112991333008,27.256610423418785,26.956427168552555,27.248033572037794,26200279
2023-07-18,26.982158660888672,27.24803617146241,26.92212233136147,27.14511558093914,31638946
2023-07-19,27.0850772857666,27.13653675936002,26.8106245787788,26.836355133509095,24029564
2023-07-20,27.17942237854004,27.53106349559652,27.102232346350217,27.248035558723515,27239443
2023-07-21,27.27376365661621,27.42814371634155,27.110808381010315,27.27376365661621,31566900
2023-07-24,26.973581314086914,27.21372661322819,26.930697056478003,26.982156529741538,23912203
2023-07-25,28.534534454345703,28.603145999961043,27.445298766925212,27.445298766925212,126162096
2023-07-26,28.603145599365234,28.929059433743628,28.36300028547301,28.534534054710825,50175140
2023-07-27,28.869022369384766,29.006248726930142,28.47449700040861,28.73179601183939,54848896
2023-07-28,30.104061126708984,30.267019683944675,28.654607446532566,28.723222264681194,125628759
2023-07-31,30.498586654663086,30.910265706061796,30.02686800768452,30.46427924911296,116275605
2023-08-01,30.009719848632812,30.515742667737435,29.821032375556154,30.472856771685816,66009585
2023-08-02,29.186359405517578,29.863916016694905,28.963367788435416,29.297856849925974,91535761
2023-08-03,29.743839263916016,29.82960450367153,29.049129043653313,29.17778017502076,50929381
2023-08-04,29.915376663208008,30.44712841235214,29.77815029982454,30.086910435370992,81264248
2023-08-07,29.589462280273438,29.829607593853943,29.400774807183314,29.80387867360875,34467192
2023-08-08,29.289281845092773,29.718114649432437,28.997675407272418,29.443661916393825,50228255
2023-08-09,29.17778205871582,29.426505850492077,29.11774573266423,29.17778205871582,38683250
2023-08-10,29.28070068359375,29.375044415412717,28.98909427239619,29.074862788474505,28772469
2023-08-11,28.43161392211914,29.563732171684208,28.43161392211914,29.297854676811205,60624004
2023-08-14,27.83982276916504,28.157161376049828,27.65971379016626,28.131429184953998,66707291
2023-08-15,27.754058837890625,27.994204154595504,27.573949850361963,27.83982408764678,58295914
2023-08-16,27.419567108154297,27.659714051623226,27.34237707760597,27.573948805118167,58015181
2023-08-17,27.26519012451172,27.333803306863867,27.007889463790686,27.256613272234286,64607569
2023-08-18,27.342376708984375,27.98562750017072,27.230880908510624,27.230880908510624,67459467
2023-08-21,26.699127197265625,27.308070573490067,26.699127197265625,27.28234001870858,80957531
2023-08-22,26.862085342407227,26.990734850502676,26.587632622239006,26.767741606399184,60107044
2023-08-23,26.458982467651367,26.965005271547714,26.458982467651367,26.759165736450978,56074358
2023-08-24,26.63909149169922,26.716281521972228,26.416098252673553,26.587632016806285,41225614
2023-08-25,27.06792449951172,27.316648296061665,26.501865363207905,26.58763224601365,64747134
2023-08-28,27.668291091918945,29.100594359481825,27.471028394563035,28.560264110016277,140509367
2023-08-29,27.479604721069336,27.822668974456327,27.24803463237256,27.668288915325142,72116998
2023-08-30,27.153690338134766,27.60825201855098,27.059346607089665,27.60825201855098,63980158
2023-08-31,27.059349060058594,27.513914053416105,27.00788958203601,27.27376546033122,50322017
2023-09-01,27.67686653137207,27.98562663991169,27.342375868498433,27.402413828611138,69752619
2023-09-04,28.757524490356445,28.826139303943883,27.848401112463584,27.942744845279123,110429932
2023-09-05,28.397306442260742,28.68033436805637,28.277233790605965,28.560261716401598,44732261
2023-09-06,28.611724853515625,28.6974901045641,28.10570202016655,28.38872996601421,54674047
2023-09-07,28.423036575317383,28.56884142407845,28.31153913470416,28.56884142407845,35870198
2023-09-08,28.44876480102539,28.525954831606292,28.260080604287754,28.30296322755838,29850098
2023-09-11,28.225772857666016,28.551686679726835,28.225772857666016,28.414460323869818,63287369
2023-09-12,28.200044631958008,28.345846207258372,28.148583520345507,28.21719833582884,27759078
2023-09-13,28.08854866027832,28.371579881333602,28.011358624693667,28.260082436214738,29891534
2023-09-14,28.363000869750977,28.465919824719986,28.174313392528965,28.260081914781967,43734390
2023-09-15,28.268657684326172,28.663183079206625,28.13143131777059,28.560264122223604,43960215
2023-09-18,28.320117950439453,28.34584687098091,28.04566522554872,28.191466804263055,36040192
2023-09-19,28.268657684326172,28.302965093898727,28.062819770360132,28.302965093898727,38465270
2023-09-20,28.071392059326172,28.182889492941612,27.98562681607387,28.182889492941612,30931758
2023-09-21,27.762632369995117,28.140007298192273,27.762632369995117,28.088546188419652,39031854
2023-09-22,28.594572067260742,28.620300989054634,27.719752737186493,27.951322848535682,71283316
2023-09-25,28.302963256835938,28.543108564787403,28.21719801020597,28.543108564787403,45651541
2023-09-26,28.13142967224121,28.37157825346713,28.088547048651233,28.24292711096273,32202356
2023-09-27,28.148582458496094,28.380152544415104,28.088546133080165,28.21719727139107,35246679
2023-09-28,28.27723503112793,28.42303660832379,28.088547557830204,28.32011765549527,38856469
2023-10-09,27.942747116088867,28.045666073099504,27.771213339914702,28.045666073099504,36134267
2023-10-10,27.95132064819336,28.4144608344331,27.95132064819336,28.405882346687296,34263698
2023-10-11,27.831247329711914,28.174311581467773,27.788364707209226,28.165736365660987,37609124
2023-10-12,28.363000869750977,28.585995755874187,28.114277062819163,28.294389323683166,61745963
2023-10-13,27.968475341796875,28.20004544311236,27.882706819975635,28.11427692129112,41037187
2023-10-16,27.7111759185791,28.01135756127075,27.65113959004077,27.94274601654174,28677414
2023-10-17,27.891284942626953,27.959896487450507,27.633985924003206,27.779787501587336,28622914
2023-10-18,27.865554809570312,27.99420267741614,27.79693999599836,27.865554809570312,24931667
2023-10-19,27.07650375366211,27.788367799000795,27.033621126388212,27.788367799000795,60429338
2023-10-20,27.145112991333008,27.282339341694634,26.930696614409577,27.007886640971382,37258937
2023-10-23,26.784893035888672,27.14511260948758,26.587630364502086,27.093653137792625,39380184
2023-10-24,26.844932556152344,26.93927629538563,26.621940940292895,26.913545738540012,36552663
2023-10-25,26.947853088378906,27.23088266958876,26.75916724619477,27.102233157378336,37569332
2023-10-26,27.016462326049805,27.230878693716864,26.81062280939347,26.896389683633707,28702985
2023-10-27,27.042194366455078,27.145113312510453,26.716280553589698,26.973581190462443,39145276
2023-10-30,26.50186538696289,26.69912807248587,26.20168211480732,26.596209121720502,83850056
2023-10-31,26.381792068481445,26.5790547490398,26.253142565328922,26.36463836516319,52801599
2023-11-01,26.115917205810547,26.484712026004864,26.098763501838558,26.41609884598415,52989707
2023-11-02,26.31317901611328,26.42467481647737,26.16737580894966,26.244565838381412,36466771
2023-11-03,26.57905387878418,26.621938135675688,26.244564854366068,26.31317802952535,43956879
2023-11-06,26.707704544067383,26.887815159143006,26.553324484250336,26.71628139582024,51982385
2023-11-07,26.416099548339844,26.707705980147978,26.287450036863856,26.707705980147978,51624067
2023-11-08,26.244565963745117,26.398946023346056,26.158799082203796,26.364638616382646,44518298
2023-11-09,26.2960262298584,26.398946817979432,26.175953573606566,26.20168249373639,32764958
2023-11-10,25.8671932220459,26.210259119712177,25.815733746362767,26.158799644029042,51696462
2023-11-13,25.575586318969727,25.961536469001345,25.39547733953311,25.875769587231296,63424273
2023-11-14,25.901500701904297,25.901500701904297,25.609894279108772,25.618471131057728,44834267
2023-11-15,26.278873443603516,26.390370887617422,26.064457043741562,26.115918157532892,60193960
2023-11-16,26.193105697631836,26.390368374108707,26.04730249417781,26.304601495159197,31571993
2023-11-17,26.012996673583984,26.175953589932572,25.81573398508516,26.12449247790633,43245282
2023-11-20,26.227413177490234,26.235990029531035,25.850039867031214,26.02157363611275,36922708
2023-11-21,26.098764419555664,26.476137740872893,26.04730494169746,26.37321714928917,48854470
2023-11-22,25.8671932220459,26.081609612570727,25.858616370120835,25.987265877262285,27370542
2023-11-23,25.850040435791016,25.91007676553031,25.687085151032157,25.74712148077145,29979383
2023-11-24,25.72996711730957,25.81573400154072,25.66993078910794,25.781426593501358,29116276
2023-11-27,25.21536636352539,25.75569656584027,25.121024267208377,25.72996601091717,58101958
2023-11-28,25.0095272064209,25.292556771346494,24.90660825692098,25.223943593057477,47516511
2023-11-29,24.70076560974121,25.07813888570757,24.597846666393092,25.043833116547233,62063752
2023-11-30,24.69219398498535,24.855149274960656,24.529237059142698,24.700769201622077,55156006
2023-12-01,24.237628936767578,24.6493080132119,24.07467202222482,24.632154309393247,88273644
2023-12-04,24.083250045776367,24.40916225485017,24.031790567684148,24.246206968246923,55787830
2023-12-05,23.59438133239746,24.0746736201275,23.585804479918863,24.0660967676489,61890167
2023-12-06,23.808794021606445,23.980326136810273,23.542918179726904,23.63726027053553,61125926
2023-12-07,23.85167694091797,23.963174371274132,23.405692127094643,23.8173711717933,59496698
2023-12-08,23.58580207824707,23.971752221147078,23.58580207824707,23.757335838617557,53349765
2023-12-11,23.808794021606445,23.88598404600165,23.071201182215432,23.37138442865599,75808597
2023-12-12,24.057518005371094,24.074671708966548,23.680146341474423,23.757336371786742,50420111
2023-12-13,23.34565544128418,23.94602197443846,23.32850337372018,23.94602197443846,67123932
2023-12-14,23.18269920349121,23.705874049477192,23.18269920349121,23.534341929890704,44526808
2023-12-15,23.354232788085938,24.05751828500194,23.328503868260913,23.560072326022286,98068659
2023-12-18,23.39711570739746,23.482880949724592,23.07120189743267,23.156968775626936,47716425
2023-12-19,23.40569305419922,23.457152527858096,23.174122968933514,23.328503025777316,37657373
2023-12-20,23.208431243896484,23.50861453838994,23.208431243896484,23.422847649125043,53112808
2023-12-21,23.765911102294922,23.800218508785093,23.088356182785848,23.139815656653923,75910481
2023-12-22,23.680145263671875,23.88598478984687,23.50861150725914,23.825948465862556,62364372
2023-12-25,23.611534118652344,23.774489401803223,23.517190380925943,23.671570447799223,41903386
2023-12-26,23.388538360595703,23.577224179932802,23.294194632993598,23.577224179932802,36525708
2023-12-27,23.414268493652344,23.474306455339754,23.199852109513156,23.43999904866123,41063687
2023-12-28,24.006059646606445,24.126132305622924,23.371387306870727,23.371387306870727,106106285
2023-12-29,23.86025619506836,24.057518886035542,23.817373570377153,23.928869376094653,65577345
2024-01-02,23.654417037963867,23.98032924418992,23.637263333460574,23.971754027805577,54219480
2024-01-03,23.817373275756836,23.877409603928783,23.602956883218585,23.654416359384935,43395588
2024-01-04,23.85167694091797,23.868830643413858,23.46572844996314,23.80879432054536,63710249
2024-01-05,24.26335906982422,24.68361499085695,23.688723088847382,23.8002188899919,119063315
2024-01-08,24.126131057739258,24.520658059035764,23.971752633789013,24.160438464750783,81682070
2024-01-09,24.160438537597656,24.2547822712966,23.92886844717327,24.11755591457116,55866306
2024-01-10,24.057518005371094,24.31481865170124,24.03178908584513,24.03178908584513,45364048
2024-01-11,24.340547561645508,24.50350447400373,23.885985867615453,24.014635372796274,73531826
2024-01-12,24.47777557373047,24.683615109355046,24.237628630901526,24.237628630901526,57783201
2024-01-15,24.675037384033203,24.820840587755768,24.33197150347045,24.44346730120316,48245229
2024-01-16,24.983797073364258,24.983797073364258,24.529235372967165,24.554964292843387,85344024
2024-01-17,25.03525733947754,25.3697463735115,24.898030985214007,24.97522101397064,130860146
2024-01-18,25.369747161865234,25.455514044911904,24.529235306915766,24.820841727754107,129512645
2024-01-19,25.498394012451172,25.644197207682698,24.99237125463983,25.18963555585923,96861623
2024-01-22,25.944381713867188,26.158798091667745,25.472666337052825,25.524125809682157,154970267
2024-01-23,25.721389770507812,26.030149893453558,25.55843285719009,25.738543474197517,88605552
2024-01-24,25.807157516479492,25.97869128738081,25.198214102060376,25.85861699340298,97489239
2024-01-25,26.50186538696289,26.587632269845514,25.884346774769003,25.995842577409356,123450922
2024-01-26,26.6905517578125,26.887814435215535,26.29602476713927,26.51901799910811,100991578
2024-01-29,26.8878173828125,27.102233786764963,26.733437310227952,26.759167867614487,83882433
2024-01-30,26.58763313293457,27.016465925401256,26.39894729316145,26.759166904268156,74399913
2024-01-31,26.338909149169922,26.750589870400564,26.23599019576271,26.51901977143344,80894928
2024-02-01,26.090187072753906,26.450406682668348,25.901501233605302,26.304603468277566,85970009
2024-02-02,25.927228927612305,26.296025372205662,25.421206127244744,26.115916393702225,98729165
2024-02-05,26.338909149169922,26.544750327718877,25.78142684992361,25.927230063806544,106397881
2024-02-06,26.870662689208984,26.887816393502188,26.244567205312507,26.338909307190576,106215843
2024-02-07,26.85350799560547,26.999311204991617,26.424675219277646,26.9478517298751,111051058
2024-02-08,26.93069839477539,26.9735826545154,26.60478620008753,26.853508363110617,87300436
2024-02-19,27.119386672973633,27.436722025157433,26.939276048439964,27.436722025157433,87549010
2024-02-20,26.93069839477539,27.119385865896945,26.836356295081856,27.119385865896945,60640469
2024-02-21,28.302963256835938,28.637452299121033,26.887815421167584,26.93069804448257,152865612
2024-02-22,28.13142967224121,28.260080814745614,27.77978692402824,28.140008159999883,75276038
2024-02-23,28.260080337524414,28.64603048678571,27.977049137488,28.140007684806324,63984872
2024-02-26,27.659713745117188,28.354424012353817,27.513912173327377,28.182890249510084,66639018
2024-02-27,27.59967613220215,27.788363589707203,27.436719228684275,27.651137240176503,54349154
2024-02-28,27.46245002746582,27.69402010781321,27.10223044777004,27.69402010781321,68370752
2024-02-29,27.479604721069336,27.61683107677101,27.316647810223397,27.35095358121522,49892829
2024-03-01,27.39383888244629,27.513913175155892,27.230881965397927,27.376685178363882,42717392
2024-03-04,27.033618927001953,27.333802201099193,26.990734667349642,27.239458465731342,59135015
2024-03-05,27.59967613220215,27.625405050322204,26.853506425245254,26.947850153997777,89402867
2024-03-06,27.33380126953125,27.66828866821614,27.33380126953125,27.565369720292665,51610177
2024-03-07,27.445297241210938,27.556794677338985,27.2566114115898,27.333801440950083,51949197
2024-03-08,27.162269592285156,27.453874391017234,27.059349000598832,27.35095543519822,44107117
2024-03-11,26.999311447143555,27.230881541045623,26.759166137201177,27.059347774629153,73853794
2024-03-12,27.402416229248047,27.573950001434717,26.82778021905017,26.947852878060466,76925375
2024-03-13,27.033618927001953,27.436721152530264,26.95642889549503,27.410990596738877,46938714
2024-03-14,26.802047729492188,27.205149938431568,26.724857701161877,26.982156705018134,50817498
2024-03-15,26.74201202392578,26.947851558953495,26.587631963688192,26.793471498715906,52078063
2024-03-18,26.699127197265625,26.87923780900168,26.587631398280198,26.71628090045328,46189770
2024-03-19,26.416099548339844,26.681977059373157,26.35606321870887,26.67340020715912,54702530
2024-03-20,26.74201202392578,26.759165727478226,26.296025546765463,26.41609819989816,49827225
2024-03-21,27.059349060058594,27.239459686938602,26.63051625951334,26.733436851425818,64676108
2024-03-22,26.759166717529297,27.059348361467336,26.501866062324492,27.042196293147498,55287852
2024-03-25,26.8878173828125,27.02504375047269,26.519020906275486,26.681977831322214,48375902
2024-03-26,27.78836441040039,28.011356008073196,27.21372680545213,27.273763130661514,124430791
2024-03-27,27.70259666442871,28.00278157055208,27.625406633909495,27.694021448475215,78208488
2024-03-28,27.59967613220215,27.874128831263544,27.505332403449625,27.736902481732848,69474492
2024-03-29,27.616832733154297,27.994204416034044,27.505335290042368,27.531064210862585,30480176
2024-04-01,27.994203567504883,28.174312551256325,27.599678192125207,27.599678192125207,57015232
2024-04-02,27.91701316833496,28.234348507683794,27.822669433782334,28.04566431031299,53661899
2024-04-03,27.642560958862305,27.98562849593303,27.642560958862305,27.908438463678845,49808163
2024-04-08,27.78836441040039,27.925590763983887,27.471025809454396,27.65113805681689,47729123
2024-04-09,27.7111759185791,27.985628640964187,27.7111759185791,27.874131200078207,38477207
2024-04-10,27.865554809570312,28.028510084202114,27.60825253040988,27.60825253040988,50401372
2024-04-11,27.70259666442871,27.805515614542855,27.55679509107821,27.711175152116645,44374773
2024-04-12,27.5482177734375,27.848402692310533,27.496759932062094,27.685444136662877,47820414
2024-04-15,28.157163619995117,28.302965203641843,27.5224896273805,27.531064843939564,76464473
2024-04-16,28.08854866027832,28.27723614098184,27.831249632241022,28.054241250744106,74155610
2024-04-17,28.560260772705078,28.723219313195788,27.8484001021014,28.03708428915247,94821196
2024-04-18,28.860448837280273,29.24639574107723,28.465920173550966,28.525956503996476,100657401
2024-04-19,28.834714889526367,29.023402357577,28.663181125092557,28.783257050410324,54038350
2024-04-22,28.594572067260742,29.323586539788593,28.345848250804053,28.971943764421614,60753507
2024-04-23,28.628877639770508,29.00624931270766,28.500226495589803,28.56026282374493,51245244
2024-04-24,28.69748878479004,28.774678815877603,28.388728660439774,28.62887724145357,44338353
2024-04-25,29.50369644165039,29.50369644165039,28.628877181727844,28.680335021189233,91948180
2024-04-26,29.57230567932129,29.906794696680606,29.349314091659814,29.503694141477066,95489883
2024-04-29,29.915376663208008,30.15552198119544,29.33216380089461,29.503697573057593,81806412
2024-04-30,29.4265079498291,29.65807805472059,29.20351306138487,29.503697984792932,86804180
2024-05-06,29.915376663208008,30.327055753358422,29.77815029982454,30.10406086802617,100070494
2024-05-07,29.906795501708984,29.975410313134375,29.700957610901387,29.9153739890043,47384857
2024-05-08,29.649497985839844,29.983987028939005,29.632344282125214,29.863914374671044,41286158
2024-05-09,29.88106918334961,29.95825921705261,29.675228002896755,29.675228002896755,51239131
2024-05-10,30.550046920776367,30.747309610775698,29.84676140974065,29.88106881801911,94036570
2024-05-13,30.79876708984375,30.93599343503437,30.301322815428055,30.395663269462613,74780026
2024-05-14,30.309900283813477,30.987456844944436,30.18982763181242,30.781615675989496,68777884
2024-05-15,30.061176300048828,30.39566533469442,29.752416184457708,30.301324874249904,67494406
2024-05-16,31.090375900268555,31.261909663030707,30.018293972673085,30.086908786471707,129147553
2024-05-17,31.60497283935547,31.64785873238476,30.927419570732177,31.133257461641893,91687944
2024-05-20,31.201873779296875,31.73362550683935,30.953149983351327,31.604974365009735,91425000
2024-05-21,31.081802368164062,31.321947685999515,30.9874586299474,31.184721322702888,44599944
2024-05-22,30.927419662475586,31.201872365658872,30.670117390473745,31.06464601406723,66447739
2024-05-23,30.447126388549805,30.884534370343317,30.292746331038128,30.79019391007228,92458495
2024-05-24,29.79530143737793,30.429972086449755,29.726686625730004,30.27559203197622,87044000
2024-05-27,30.138368606567383,30.198404936721133,29.80387954664374,29.88964479779635,57093814
2024-05-28,29.87249183654785,30.30132459948376,29.778148105224457,30.104058649407026,47619058
2024-05-29,29.649497985839844,30.069755547512155,29.5551542512766,29.803878047537065,49104118
2024-05-30,29.452238082885742,29.932532017062297,29.31501171194026,29.546581826361024,55924484
2024-05-31,29.400774002075195,29.67522671629005,29.400774002075195,29.615190389538952,50893248
2024-06-03,29.289281845092773,29.48654454248086,29.092015875970034,29.349318175961553,60811135
2024-06-04,29.623767852783203,29.74384050213314,29.24639292998704,29.289278823384283,53378842
2024-06-05,29.152055740356445,29.760997542770696,29.06628721567753,29.743843837834913,69104122
2024-06-06,29.16063117980957,29.332164958743626,28.971943695808637,29.23782121674316,67724066
2024-06-07,29.152055740356445,29.37504736105227,28.86044929991749,29.203513583429118,67826559
2024-06-11,28.611724853515625,29.134901391421316,28.405883670570827,28.971942834000757,69044831
2024-06-12,28.38015365600586,28.611723750994983,28.26008100047101,28.603145263179933,51138059
2024-06-13,28.148582458496094,28.491649979502263,28.06281721411173,28.47449627627852,55018421
2024-06-14,28.9976749420166,29.17778393173317,28.148584563484132,28.148584563484132,99167429
2024-06-17,28.929058074951172,28.989094400604333,28.637451662463942,28.817560639423426,45768248
2024-06-18,28.91190528869629,29.41792810077624,28.834715257303262,29.040556431596155,45367539
2024-06-19,29.289281845092773,29.503698247262605,28.869024257276656,28.911906883363695,58593722
2024-06-20,29.169204711914062,29.357892185018034,29.074864247096595,29.2978558566185,39246667
2024-06-21,28.90332794189453,29.229241747275907,28.723218972499915,29.057707993299697,52396280
2024-06-24,29.220664978027344,29.349316119006552,28.72322066115888,28.980519671382872,69258954
2024-06-25,29.41792869567871,29.56373354536272,29.134900756003745,29.220666005181727,63816020
2024-06-26,29.21208953857422,29.469388546829364,29.117745805475973,29.315008487529397,45263801
2024-06-27,29.383617401123047,29.45223220877827,29.0148242610456,29.126318415884178,55517260
2024-06-28,29.323583602905273,29.5723073944512,29.19493573508573,29.332162090467207,52574940
2024-07-01,29.469388961791992,29.503696369171603,29.11774621548707,29.32358411629586,47223865
2024-07-02,30.086910247802734,30.232711826604838,29.469389980559576,29.486543684842395,86877071
2024-07-03,29.555150985717773,30.095481141956782,29.426503129674067,30.026866334679536,69137270
2024-07-04,29.76957130432129,30.052602514325955,29.57230861480343,29.62376972709551,69691892
2024-07-05,29.76957130432129,29.76957130432129,29.76957130432129,29.76957130432129,0
2024-07-08,29.152055740356445,29.357893656116488,28.91190714299016,29.031979805805964,54573002
2024-07-09,29.563735961914062,29.632347512517875,28.920486725296158,29.15205684308678,62103701
2024-07-10,29.743839263916016,30.01829195721467,29.54657659509099,29.56373029738893,72631424
2024-07-11,29.91844367980957,30.12759954703246,29.818411858748433,30.082131483547638,73238896
2024-07-12,30.91875648498535,30.991508165359846,30.018473519801773,30.018473519801773,94490425
2024-07-15,30.718692779541016,30.96422449689149,30.664132488346052,30.918756431232005,47460366
2024-07-16,30.727787017822266,30.81872314483161,30.42769155450785,30.700503404526756,45579255
2024-07-17,30.982410430908203,31.09153447529407,30.600474541062262,30.645942603807136,57795422
2024-07-18,31.000598907470703,31.146098792266177,30.700503443772657,30.982410988247405,59862717
2024-07-19,31.146100997924805,31.191569064707487,30.545913497016407,30.91875719502024,81007218
2024-07-22,30.31856918334961,31.073348792401955,30.091225384275,31.073348792401955,80820577
2024-07-23,30.31856918334961,30.65503703466253,30.21853735671821,30.31856918334961,53875468
2024-07-24,30.173067092895508,30.536818532515664,30.036659435790245,30.41859879429049,48245294
2024-07-25,29.85478973388672,30.300381643024394,29.43647450191175,30.2094455098509,76207854
2024-07-26,29.436471939086914,30.045755079074922,29.20003593202597,29.827503521872593,60146167
2024-07-29,29.50922393798828,29.691099659485623,29.28188015336432,29.44556795581284,41347533
2024-07-30,29.48194122314453,29.636536805274122,29.236412980982106,29.46375677253254,39078161
2024-07-31,29.76384735107422,30.009379050493514,29.327347708436847,29.48193981418744,59536965
2024-08-01,29.74566078186035,29.872972749781706,29.345536958537387,29.763848701419253,40913881
2024-08-02,29.354629516601562,29.645629294861003,29.309161451684332,29.481941485966193,38613024
2024-08-05,29.190940856933594,29.57288022288682,29.145472793341536,29.281880453108595,58441984
2024-08-06,28.827194213867188,29.45466184606661,28.65441244212601,29.42738170044652,51438864
2024-08-07,28.718067169189453,29.009066939686083,28.690785290269602,28.854473094797818,39073173
2024-08-08,29.03635025024414,29.08181831619025,28.536192852359264,28.74535046539976,39459978
2024-08-09,29.400100708007812,29.62744449893646,28.927223472101847,29.07272335953654,48274847
2024-08-12,29.209129333496094,29.40919297990754,29.036349300953184,29.372817140743468,31894321
2024-08-13,29.045442581176758,29.309160470964247,28.88175477775914,29.19094073094244,28237769
2024-08-14,28.972692489624023,29.227316418520083,28.92722269196728,29.00906659325399,28244610
2024-08-15,29.791128158569336,29.9366280426909,28.78172292928792,28.96359865168759,73978983
2024-08-16,30.145788192749023,30.236724321910263,29.754756593171958,29.782036738122137,41850302
2024-08-19,30.391313552856445,30.46406522447817,30.03665782617714,30.23672145414624,42284342
2024-08-20,30.445878982543945,30.555003026992903,30.154879218019502,30.41859883867941,42372873
2024-08-21,30.227632522583008,30.400412558020708,29.84569314294308,30.282192813252276,37810105
2024-08-22,30.282190322875977,30.50953409927743,30.17306628152068,30.26400240448497,38286399
2024-08-23,30.64594078063965,30.78234496075941,30.073033510962926,30.254909220113223,46558726
2024-08-26,30.7096004486084,30.773256434111413,30.436788586596748,30.64594446310538,35117460
2024-08-27,30.64594078063965,30.864188856427514,30.491345213715178,30.70959675849366,38720857
2024-08-28,30.627756118774414,30.900567977006396,30.40950455079423,30.7641637823859,41523208
2024-08-29,29.945722579956055,30.709597809333566,29.918442436796738,30.54591001239619,51638782
2024-08-30,29.236412048339844,30.109411347486976,29.209128435310287,29.827503806120554,111222983
2024-09-02,29.03635025024414,29.445569781741266,28.95450634394472,29.10000623636691,55802065
2024-09-03,28.75444221496582,29.172755674393066,28.554378577393717,29.109096224173104,50575188
2024-09-04,28.518003463745117,29.036346989094575,28.508909504678154,28.672597298892793,38052590
2024-09-05,28.37250518798828,28.59075501441952,28.099691604077652,28.518005072275773,54206345
2024-09-06,28.417972564697266,28.86356616637227,28.37250450239191,28.417972564697266,38318214
2024-09-09,27.49950408935547,28.181535445940163,27.317630101630144,28.172441486379583,87107347
2024-09-10,27.45403480529785,27.672284621560973,27.226691029878513,27.50859682573979,47602357
2024-09-11,27.35400390625,27.46312968528821,27.217597983323802,27.408565928521398,41579376
2024-09-12,27.49040985107422,27.735941553234206,27.226691964472884,27.372191846976122,41026697
2024-09-13,27.826879501342773,28.099691348274444,27.28125407298401,27.535879735416877,49597443
2024-09-18,28.29066276550293,28.37250667150596,27.83597516970633,27.83597516970633,41854027
2024-09-19,28.026941299438477,28.399784964914815,27.854159538646016,28.372504821023394,45119126
2024-09-20,28.13606834411621,28.290662192938107,27.881442671205008,28.026942560155554,48741755
2024-09-23,28.545284271240234,28.636222129532364,28.045128652376604,28.054222611655355,34460872
2024-09-24,30.127601623535156,30.13669384926244,28.79991291742488,28.80900687764772,136121800
2024-09-25,31.055164337158203,31.364352042619192,30.645944805078795,30.782349003111214,185624279
2024-09-26,32.17369842529297,32.17369842529297,30.836915651639018,31.06425947197519,174532999
2024-09-27,32.40103530883789,33.19219066291043,31.746284136369223,32.837534934153446,74545782
2024-09-30,34.20159912109375,34.556254865995705,32.664752934530874,33.05578451711272,256101260
2024-10-08,36.37500762939453,37.6208506693838,35.30194462680811,37.6208506693838,297303868
2024-10-09,33.655975341796875,36.12038482266935,33.655975341796875,36.102196902003406,185593210
2024-10-10,35.22010040283203,35.92031970965357,34.010633213951934,34.010633213951934,143329841
2024-10-11,34.94728469848633,35.6656918462292,34.58353327788495,35.220096529442046,90347580
2024-10-14,35.76572799682617,36.19313197851494,35.1837249594998,35.47472474366746,129293839
2024-10-15,35.01094055175781,36.36591094622068,35.01094055175781,35.620220189750825,95597653
2024-10-16,35.920318603515625,35.920318603515625,34.674475613141524,34.69266353251082,101254815
2024-10-17,35.00185012817383,36.184037098245845,35.00185012817383,35.94759762283696,84892228
2024-10-18,35.5110969543457,35.856660463596384,34.74722173173355,35.02003356788274,92819433
2024-10-21,35.3292236328125,35.6020389564254,35.01094371391871,35.6020389564254,71753946
2024-10-22,35.62022399902344,36.01125560244468,35.238288090002314,35.32013199464841,60052610
2024-10-23,36.06581497192383,36.320438880278296,35.48381548483329,35.5201913200241,62709968
2024-10-24,35.747535705566406,36.084003514431934,35.592940137823454,35.96578378250975,33631220
2024-10-25,35.55656433105469,35.91122352711101,35.52019196419484,35.692971980998706,44793119
2024-10-28,35.02913284301758,35.55656865096747,34.810881270389,35.474724744855635,66464094
2024-10-29,35.10187911987305,35.55656669121333,34.929099091600456,35.10187911987305,51468161
2024-10-30,34.4471321105957,35.37469519218781,34.20160040055741,35.02003596502743,70340828
2024-10-31,33.9742546081543,34.54716189781921,33.565035115536496,34.3743784070524,85039251
2024-11-01,34.565345764160156,34.82906537373054,33.99244195315086,34.04700223858564,70310211
2024-11-04,35.238285064697266,35.238285064697266,34.01972229402294,34.647189863112516,64661209
2024-11-05,35.53838348388672,35.556567934664294,34.92000808771943,34.94728823287678,62874476
2024-11-06,35.06550598144531,35.53838146154569,34.69266231988416,35.46562978661142,64833629
2024-11-07,35.98397445678711,35.99307015093435,34.90181927565607,34.93819164527232,74347218
2024-11-08,35.283756256103516,36.23859950038255,35.23828819094566,36.084007385047634,74536846
2024-11-11,34.856353759765625,35.19282161899912,34.45622644382089,34.829070144320475,70314555
2024-11-12,34.183414459228516,35.32013347760005,34.110662776936984,34.7290382004504,89328928
2024-11-13,34.3925666809082,34.53806656101025,34.11065914552704,34.18341082007345,48530440
2024-11-14,34.610816955566406,34.992752825837826,34.128845801997834,34.24706553426831,67644030
2024-11-15,34.3925666809082,35.07459801932229,34.383474456085295,34.629006154193256,69927688
2024-11-18,34.4653205871582,35.15644419514694,34.374380988086656,34.60172478227902,76344807
2024-11-19,34.301631927490234,34.71994366587648,34.05610021957025,34.47441195795649,52124855
2024-11-20,34.08338165283203,34.41984950130032,34.01063344161856,34.37438143566801,45129126
2024-11-21,34.03791046142578,34.24706631931998,33.89241058336935,34.083378522882654,35033614
2024-11-22,33.14672088623047,34.147032042164476,33.06487699390929,34.03790800873306,69049090
2024-11-25,32.93756866455078,33.51956819882376,32.84662906920134,33.37406831525551,53409473
2024-11-26,33.0921630859375,33.264946594681675,32.592007418028196,32.764787457781274,45942121
2024-11-27,33.28312683105469,33.35587850320551,32.83753498059823,33.09215889514478,39207688
2024-11-28,33.16490936279297,33.51046938598713,32.90118976431016,33.283125622258616,45193910
2024-11-29,33.04669189453125,33.64687933306411,33.019411751095,33.27403567380871,66437999
2024-12-02,33.20128631591797,33.355881900488626,32.91938223009838,33.14672602523857,42465209
2024-12-03,33.756004333496094,33.8469439291816,33.08306867037769,33.32860037524226,72198609
2024-12-04,33.47410202026367,33.72872596359592,33.21947460794037,33.72872596359592,62051124
2024-12-05,33.56503677368164,33.97425628651528,33.29222492145619,33.33769298532861,56894934
2024-12-06,34.283443450927734,34.392567496343865,33.65597238455556,33.65597238455556,87723587
2024-12-09,34.283443450927734,34.547163073925,33.965160070726974,34.18341163055009,49299535
2024-12-10,35.10187911987305,35.4565383394708,34.92000686652963,35.28375484220733,103895319
2024-12-11,34.82906723022461,35.27466257597409,34.76541124783052,35.04731879056924,51770936
2024-12-12,35.283756256103516,35.311039870391035,34.74722476166238,34.819976441107755,58688876
2024-12-13,33.9196891784668,35.10187606734816,33.901501260915936,34.965471889202554,111798280
2024-12-16,34.319820404052734,34.35619277437922,33.93788102920148,33.96516117419407,64031589
2024-12-17,34.41984939575195,34.70175695219343,34.13794530830151,34.13794530830151,60310408
2024-12-18,35.02913284301758,35.15644481497131,34.428945354527805,34.574445246616506,80585536
2024-12-19,34.57444381713867,35.03822361993676,34.55625589775568,34.90181942805069,61119582
2024-12-20,34.47441101074219,34.81087883724369,34.42894294807834,34.60172297379731,54215038
2024-12-23,34.87453842163086,35.19282183114107,34.53807056036914,34.54716625523607,90269156
2024-12-24,35.66569519042969,35.729351174655044,34.84725615183082,34.87453629678713,99342846
2024-12-25,35.82938003540039,35.97487991145418,35.45653638620063,35.67478446578598,75591307
2024-12-26,35.902130126953125,35.9566938842142,35.47472270088519,35.82938191959588,53925194
2024-12-27,35.774818420410156,36.04763027070184,35.26556708927236,35.90213038594688,70031955
2024-12-30,36.029441833496094,36.19312963511597,35.69297400527337,35.774817906083314,67884533
2024-12-31,35.73844528198242,36.28407249277834,35.73844528198242,35.97488478069133,64371699
2025-01-02,35.02003479003906,35.92031769663993,34.86544268278937,35.78391003930952,64200070
2025-01-03,35.15644073486328,35.502004239340955,35.04731669570899,35.10187698079081,68258306
2025-01-06,35.5110969543457,35.55656501553878,34.67447352762277,35.374692770766465,61715863
2025-01-07,35.37469482421875,35.60203861237185,35.110975197403334,35.43835080738234,49275205
2025-01-08,35.720252990722656,35.96578468518932,35.30194127525681,35.3110369689356,75148102
2025-01-09,35.46562957763672,35.856661155627364,35.31103747279849,35.82938101218315,44708335
2025-01-10,35.447444915771484,35.874852370283314,35.29285279672999,35.774820543143,48142480
2025-01-13,35.5292854309082,35.602037105152874,35.047317730504915,35.40197346997079,60632274
2025-01-14,36.23859786987305,36.34772538413106,35.37469426377098,35.54747429119322,70801188
2025-01-15,36.95700454711914,37.28438014735395,36.274973202960226,36.365912796909235,79670088
2025-01-16,37.27528762817383,37.42078750835274,36.85697243729253,36.966099949169795,59259386
2025-01-17,37.020660400390625,37.429879899269274,36.4932246332732,37.2480041809909,47590050
2025-01-20,36.484130859375,37.34803796491691,36.475038634028465,37.26619406083418,54257482
2025-01-21,36.502315521240234,36.83878333288805,36.38409578834048,36.66600331479661,40068506
2025-01-22,35.874847412109375,36.52050288297371,35.7566276810105,36.50231496518999,58891222
2025-01-23,36.22041320800781,36.584161179768145,35.938505667976116,36.07490985651468,60661810
2025-01-24,36.61144256591797,36.875162195961124,35.88394312872214,36.06581885526884,57465234
2025-01-27,36.96609878540039,37.257098536596935,36.8751591950323,36.902442806638064,52606047
2025-02-05,36.37500762939453,37.19344668865233,36.284071497917466,37.147975153922744,50478889
2025-02-06,36.556880950927734,36.720568751986384,36.129473529386715,36.37500523097469,46608842
2025-02-07,36.556880950927734,36.738756670880775,36.338629393185926,36.4659413564558,52106618
2025-02-10,36.920631408691406,37.21163119262069,36.338631840832825,36.55688341327532,58180595
2025-02-11,37.26619338989258,37.320757147962354,36.95700569881234,37.05703752077814,45777119
2025-02-12,37.84819030761719,37.88456614380679,36.88425493152733,37.248002886451374,60359149
2025-02-13,37.93003845214844,38.14829002473633,37.59357060219187,37.87547816074476,46220698
2025-02-14,38.22103500366211,38.22103500366211,37.75725522100051,37.91184732555745,49873690
2025-02-17,37.93912887573242,38.18466055990983,37.611753296829214,38.18466055990983,53612561
2025-02-18,38.23922348022461,38.63025506320951,37.748160078012305,37.748160078012305,54666539
2025-02-19,38.175567626953125,38.33016320327594,37.975503987826244,38.19375554587291,37470223
2025-02-20,38.05734634399414,38.27559789318354,37.90275424293595,38.19375399586135,40767508
2025-02-21,37.64813232421875,38.184663797582424,37.484444520888076,38.15738018436673,59525579
2025-02-24,37.529911041259766,37.96641067586507,37.375315469363095,37.63903508266341,57110709
2025-02-25,37.31166076660156,37.68450443406758,37.202536721462714,37.42078828073126,50732120
2025-02-26,37.72087860107422,37.92094223245832,37.32984703190931,37.40259870477287,47644661
2025-02-27,38.5393180847168,38.55750600317285,37.539003383578624,37.8300031408939,62259657
2025-02-28,38.23922348022461,38.793942863946945,38.23922348022461,38.53931893790685,70542365
2025-03-03,38.23922348022461,38.75756702622955,38.148287354921955,38.30287946173463,47014902
2025-03-04,38.01188278198242,38.284694649015165,37.98460263597648,38.11191460932569,31724542
2025-03-05,39.00309753417969,39.02128545248199,37.96641047388342,38.15737841257153,63203743
2025-03-06,39.06675720214844,39.19406917329374,38.60297738312041,39.003101216575786,57205304
2025-03-07,39.62147521972656,39.83063108906543,38.96672399815034,39.01219553108607,60541319
2025-03-10,39.166786193847656,39.630569448309686,38.939442413540206,39.548725548639375,50874971
2025-03-11,39.56690979003906,39.68512952649395,38.839410390683554,38.89397414650676,56574109
2025-03-12,39.59419250488281,39.885192258028326,39.3304728945351,39.55781666849195,41825836
2025-03-13,39.86700439453125,40.35806777950956,39.55781672276609,39.64875284487732,58553928
2025-03-14,41.0673828125,41.34929036591804,39.957943987619146,40.012507747020024,91127535
2025-03-17,40.958255767822266,41.37656748566905,40.903692012411085,41.21287968842627,65420973
2025-03-18,41.0491943359375,41.2674459015898,40.75819456106173,41.18560199809406,42822001
2025-03-19,41.84944534301758,41.92219355205275,41.01281839067207,41.17650619723987,67070594
2025-03-20,41.140132904052734,41.75850480844395,40.7218177027713,41.75850480844395,67865603
2025-03-21,40.649070739746094,41.23107029274796,40.48538293184045,41.03100664553195,67541170
2025-03-24,40.967350006103516,41.09466197266289,40.51266242896809,40.51266242896809,44957619
2025-03-25,41.003726959228516,41.37657064385304,40.87641498920907,40.92188305436016,35687155
2025-03-26,38.793941497802734,40.54903571246604,38.74847343675258,40.46719181497949,157832632
2025-03-27,39.33956527709961,39.77606837756129,38.86669327808242,38.8757855027213,82795081
2025-03-28,39.30319595336914,39.51235182616836,39.157696064943984,39.37594416308623,38618409
2025-03-31,39.366851806640625,39.812443695775166,38.74847641564534,39.29410012817485,53956888
2025-04-01,38.98491287231445,39.36685225058505,38.875788822376144,39.35775655617877,38936035
2025-04-02,38.85759735107422,39.23953669443658,38.8121292901715,38.98490930919811,33120189
2025-04-03,38.78485107421875,38.96672332686486,38.211943765209114,38.211943765209114,46416550
2025-04-07,37.12978744506836,38.19375465976041,35.82028506515107,37.22981579332026,181563292
2025-04-08,37.4207878112793,37.46625587376751,36.77512883557982,37.084316517086776,161047736
2025-04-09,36.79331588745117,37.30256719469626,36.64781600952268,36.920627847014764,97396935
2025-04-10,37.37531661987305,37.69359999816814,36.87516098997028,37.275288269085166,74378875
2025-04-11,37.74816131591797,37.91184912202335,37.11160147994252,37.38441333378785,58305691
2025-04-14,37.72087860107422,38.111910170239135,37.65722262181395,37.90275431424243,48215984
2025-04-15,38.284690856933594,38.45747434850005,37.69359911507521,37.72997495214086,61456386
2025-04-16,38.42110061645508,38.721196085202216,38.030069019052355,38.17556890629586,57629358
2025-04-17,38.302879333496094,38.52113089007891,38.05734763321198,38.302879333496094,40579288
2025-04-18,38.875789642333984,38.91216548274432,38.239226311117434,38.31197799193811,43500128
2025-04-21,38.44837951660156,39.17588239825929,38.44837951660156,38.7939430384899,41646585
2025-04-22,38.202850341796875,38.68482155312977,38.202850341796875,38.47566567496273,43378813
2025-04-23,38.18466567993164,38.46656976812718,37.98460202844497,38.46656976812718,46774359
2025-04-24,38.38472366333008,38.53931924034678,38.148287654293235,38.19375571730138,41365185
2025-04-25,38.266510009765625,38.69391399405477,38.23013416927559,38.45747796885169,42434993
2025-04-28,38.51203536987305,38.70300678361584,38.22103560577743,38.33016311905641,38697317
2025-04-29,38.19375228881836,38.78484746183676,38.19375228881836,38.51203217029563,45769853
2025-04-30,37.04794692993164,37.86638252313735,36.838787582599416,37.86638252313735,117268210
2025-05-06,37.620849609375,37.65722544853732,36.838786412339935,37.19344564068611,66640999
2025-05-07,38.211944580078125,38.40291253082344,37.56628905003963,38.002788709882175,71291388
2025-05-08,38.92125701904297,39.48506865945355,38.19375756867591,38.20284979412193,83380964
2025-05-09,39.53963088989258,39.64875493597947,38.92125551374873,38.92125551374873,66815472
2025-05-12,39.83062744140625,40.37625456574861,39.20315989085266,39.51234755394948,84897409
2025-05-13,40.52175521850586,40.60359911528322,39.87609626882194,40.094347816558454,69912417
2025-05-14,40.74909973144531,41.19469159056186,40.30350440333803,40.5126602613506,71279018
2025-05-15,40.8491325378418,41.26744776851726,40.603604285237886,40.76729209963456,68460048
2025-05-16,40.25803756713867,40.903693079218556,40.0397860087925,40.69453721484018,61965535
2025-05-19,39.86700439453125,40.43081598340041,39.785160497034866,40.194379984516786,50281701
2025-05-20,39.92156982421875,40.56722533767466,39.89428621124806,40.03978609412532,50053483
2025-05-21,39.92156982421875,40.348973778863346,39.867006067268214,39.96703788718211,49920035
2025-05-22,40.476287841796875,40.52175937610916,39.78516422953697,39.92157189449179,56565562
2025-05-23,40.05797576904297,40.63088310066896,39.92157157417363,40.57631934132663,54146009
2025-05-26,39.83062744140625,40.16709524657348,39.67603534435313,39.91247133660807,45609975
2025-05-27,39.77606964111328,40.14891330498397,39.712410190656065,39.83062992866115,36375001
2025-05-28,39.72150421142578,40.05797202343132,39.6487525391053,39.812440332835706,30035524
2025-05-29,39.530540466308594,39.96704013953947,39.51235254630009,39.739696342919785,49298970
2025-05-30,39.49416732788086,39.903386883587075,39.4214156428703,39.603291386405424,57139144
2025-06-03,39.9852294921875,40.40354126039766,39.55782202915168,39.55782202915168,50368513
2025-06-04,40.06706619262695,40.25803412171688,39.92156632251216,40.0579704994376,37341667
2025-06-05,40.34897232055664,40.39444038187668,40.012504503999494,40.067068258977976,42131680
2025-06-06,40.43991470336914,40.6581628003652,40.28531912142189,40.42172678378764,37349895
2025-06-09,40.55813217163086,40.630883852099444,40.20347640182417,40.55813217163086,47477446
2025-06-10,40.62178421020508,40.967347720869284,40.42172404633904,40.53084808744695,52834892
2025-06-11,41.20378875732422,41.54025658711339,40.667257287070264,40.667257287070264,77676108
2025-06-12,41.13104248046875,41.512981892494444,41.01282272567612,41.28563807811932,45239070
2025-06-13,41.0855712890625,41.24016340597341,40.876415412011305,41.14013504920279,47408056
2025-06-16,41.63119125366211,41.658474865763054,40.87641171935678,40.99463145448559,41447435
2025-06-17,41.81306838989258,41.876724371973836,41.56753668658309,41.72213226377389,47420901
2025-06-18,41.694847106933594,41.894910739776094,41.512974861430294,41.758503086657896,42642859
2025-06-19,41.494789123535156,41.885820716098344,41.25834964157138,41.68575707274297,51345430
2025-06-20,41.82216262817383,41.99494264938164,41.422035361600976,41.58572315810974,44815652
2025-06-23,42.058597564697266,42.14044146088009,41.31291027458297,41.740317673425544,53893148
2025-06-24,42.51328659057617,42.7406303691354,41.99494305298038,42.113162789148596,65581461
2025-06-25,43.19532012939453,43.19532012939453,42.36778887199103,42.51328875893041,60767987
2025-06-26,43.54087829589844,43.54087829589844,42.78609534048637,43.18622258200236,59020064
2025-06-27,42.03132247924805,43.53178946447245,41.867634667188504,43.513601544355716,95414320
2025-06-30,41.78578567504883,42.09497334141727,41.622097882913145,41.94947346718451,62461363
2025-07-01,42.240474700927734,42.44053486691324,41.75850353202955,41.79487936911446,45061309
2025-07-02,42.649696350097656,42.88613236511159,42.240476834697645,42.46782062447644,51856318
2025-07-03,42.3859748840332,42.69516256348921,42.1404431854366,42.64969450130261,55622576
2025-07-04,42.804290771484375,43.1953223885208,42.19501104711992,42.37688331356291,67894832
2025-07-07,42.922508239746094,43.013444368136895,42.4678206598102,42.804288497645295,56742742
2025-07-08,43.304443359375,43.34991142274891,42.831567868506426,42.99525567184519,63742101
2025-07-09,42.85885238647461,43.44085193552476,42.85885238647461,43.195320225333425,61456635
2025-07-10,43.86825942993164,44.1501635105674,42.8315688292032,42.8315688292032,121978404
2025-07-11,43.29903030395508,44.114919720848405,43.280055710651325,43.90620281354073,118444284
2025-07-14,43.23262405395508,43.72595265717942,43.10929099839052,43.308522432466766,64848437
2025-07-15,42.900577545166016,43.564670259645965,42.50211829744418,43.422366228986206,66620626
2025-07-16,42.79621887207031,43.204163605530084,42.578016464248506,42.9385229020234,46818639
2025-07-17,42.69186019897461,43.004935577569995,42.60647633381531,42.78672955180325,41689506
2025-07-18,42.73929214477539,42.84365059763972,42.445194998376195,42.73929214477539,54343057
2025-07-21,42.5495491027832,42.91005912857972,42.530578128981816,42.73929141209892,56641201
2025-07-22,42.63493728637695,42.67288647589679,41.94238086329259,42.549553419474286,92231906
2025-07-23,42.80570602416992,43.35595842801168,42.65391288156426,42.66340198868373,85324905
2025-07-24,42.57801818847656,43.03339761702828,42.50211980753428,42.89108996227849,82662013
2025-07-25,42.530582427978516,42.85313968167578,42.454684048966996,42.540067915838,69626423
2025-07-28,42.16058349609375,42.8436544349056,42.13212341332123,42.502118965499676,63512720
2025-07-29,41.87596893310547,42.50211604430288,41.87596893310547,42.1605805983709,78581282
2025-07-30,42.141605377197266,42.45468073765015,41.67674050862819,41.90442838983609,72546085
2025-07-31,42.19853210449219,42.274430482885236,41.600845041265465,42.12263734513301,73319517
2025-08-01,42.141605377197266,42.66339764461875,42.07519611025883,42.21750375028898,59462094
2025-08-04,42.596988677978516,42.66339794538513,42.03725083909879,42.03725083909879,49800832
2025-08-05,42.92903518676758,43.07134282837033,42.350322752165766,42.48314128751038,55525830
2025-08-06,42.80570602416992,43.384418511302115,42.796220536084434,42.966988273895055,43029640
2025-08-07,42.83416748046875,43.26108318357581,42.653910644990496,42.80570377963682,44064325
2025-08-08,42.245967864990234,42.95749889502192,42.245967864990234,42.8816041337162,45642153
2025-08-11,41.83802032470703,42.34083801329917,41.83802032470703,42.24596504420927,53672371
2025-08-12,41.7431526184082,42.19853203087041,41.7431526184082,41.8664856735648,56225243
2025-08-13,41.30674743652344,41.98032925199868,41.25931276004546,41.87597079232683,87673736
2025-08-14,41.53443145751953,41.68622457951236,41.268794398790455,41.31622907084443,67635168
2025-08-15,41.07905578613281,41.49648962343163,41.07905578613281,41.42059124609227,93295684
2025-08-18,41.278282165527344,41.430075295904224,40.69008423769614,40.88931204274698,92639738
2025-08-19,41.173927307128906,41.45853897405615,41.06956885148106,41.22136198177783,57411852
2025-08-20,41.22136306762695,41.39213079608838,40.9367513932025,41.07905542089783,54724013
2025-08-21,41.24033737182617,41.35418131698874,41.01264586246727,41.268797453358374,57854002
2025-08-22,41.041107177734375,41.24982409933479,40.83239387516784,41.240338611550165,79449625
2025-08-25,41.61981964111328,41.61981964111328,40.89880314145772,41.0980309562138,90738990
2025-08-26,41.28777313232422,41.76212713850575,41.192900159667595,41.63879408356907,75572231
2025-08-27,40.79444122314453,41.420588315761684,40.79444122314453,41.26879519085551,75814078
2025-08-28,40.77547073364258,41.07905701400671,40.414960668572455,40.81341992344658,82242557
2025-08-29,40.690086364746094,41.73366735729421,40.690086364746094,40.775470231236085,136087899
2025-09-01,39.826759338378906,40.45290644111536,39.73188999091693,40.43393184781624,127633329
2025-09-02,41.21187210083008,41.26879588075909,39.71291541970229,39.71291541970229,145214114
2025-09-03,40.69957733154297,41.33520999632347,40.50983499522367,41.21187693486082,81840560
2025-09-04,40.84187698364258,41.09802856731132,39.97855288418142,40.61418909973725,93536328
2025-09-05,40.566749572753906,40.81341566168897,40.348547182716615,40.79444106876831,57232838
2025-09-08,40.25368118286133,40.88931381288362,40.19675739936808,40.50983278003018,85168162
2025-09-09,40.63316345214844,40.680598126094466,40.225218741952034,40.24418971630353,58952653
2025-09-10,40.79444122314453,40.93674886107125,40.37701103441095,40.604698912253426,47138694
2025-09-11,41.07905578613281,41.10751948715198,40.58572719052846,40.91777716283741,65073072
2025-09-12,40.35803985595703,41.24033860007005,40.24419228837002,41.15495473389673,82314003
2025-09-15,40.0544548034668,40.59521809939799,39.9500963395092,40.3011173027024,69949106
2025-09-16,39.608558654785156,40.253680378685196,39.52317479076798,40.14932192054934,85905078
2025-09-17,39.618045806884766,40.02599054999181,39.561125641170996,39.618045806884766,57236258
2025-09-18,38.735748291015625,39.69394175177374,38.707284590870735,39.63701797051767,100352240
2025-09-19,38.897029876708984,39.399843982878004,38.47011053230416,38.707287543747505,83656307
2025-09-22,38.821128845214844,39.248048160469736,38.70728490082479,39.03933486559359,65611030
2025-09-23,39.41881561279297,39.60855793148106,38.54600601347496,38.87805235690383,93885081
2025-09-24,39.20061492919922,39.74137820876343,39.1721548468118,39.37138266159148,64389951
2025-09-25,38.72625732421875,39.238560473811305,38.71677183731528,39.20061128813033,66694887
2025-09-26,38.7072868347168,38.89702916420262,38.2329328205192,38.71677594165975,68276667
2025-09-29,38.593441009521484,39.172153457770406,38.28985474470791,38.67882487268991,83555055
2025-09-30,38.3372917175293,38.69780178573805,38.3372917175293,38.56498323930166,70002520
2025-10-09,38.26139450073242,38.365749338353694,37.777551405156245,38.14754693763583,97231953
2025-10-10,38.11909103393555,38.564984990679385,38.07165635363036,38.232934990474824,95504979
2025-10-13,38.052677154541016,38.23293036550949,37.663707032636864,37.72062719450391,106593617
2025-10-14,39.1436882019043,39.36189421391233,37.78703917063433,38.03370164385607,173382668
2025-10-15,39.37137985229492,39.4377891191496,38.906511365278575,39.1342028652329,106276702
2025-10-16,39.779327392578125,39.83625117637912,39.02036170373419,39.37138265625566,106248776
2025-10-17,39.45676803588867,40.054455122106155,39.25754021349418,39.73189423959573,82982705
2025-10-20,39.29548263549805,39.6465071923823,38.991896372648874,39.475739467150426,64947729
2025-10-21,39.826759338378906,39.94060327914,39.36189446916816,39.36189446916816,75993124
2025-10-22,39.798301696777344,40.03547869900005,39.589584776730526,39.826761778953234,55133364
2025-10-23,40.07342529296875,40.31060227983306,39.637016886672875,39.79829911963808,71317373
2025-10-24,39.798301696777344,40.27265570122276,39.70342872446795,40.17778272891337,69883194
2025-10-27,39.45676803588867,39.81727810905537,39.295485785116455,39.75086883492388,98894862
2025-10-28,39.466251373291016,39.58009893905567,39.11523042643456,39.48522596758512,70595074
2025-10-29,38.67882537841797,39.3998418620191,38.602927001705325,39.3998418620191,91098760
2025-10-30,39.08677291870117,39.238566064017064,38.64087897100832,38.7072882458944,113153844
2025-10-31,38.79267120361328,39.18164135552324,38.745236525386986,39.143692165328616,70260700
2025-11-03,39.646507263183594,39.81727498872043,38.95395087363253,39.029845629963496,92198068
2025-11-04,40.80392837524414,40.89880134407804,39.66548170150709,39.6939417826404,134003592
2025-11-05,40.60470199584961,41.24033824275117,40.55726731928295,40.88931367428342,73171377
2025-11-06,40.168296813964844,40.69008548949823,40.13983673209166,40.4623975964451,87197274
2025-11-07,40.3295783996582,40.52880984450958,40.11137597818676,40.22522355211157,59319118
2025-11-10,40.528804779052734,40.68059790628001,40.111370964902505,40.2726531982879,53236873
2025-11-11,40.756492614746094,40.83239098779156,40.33906242009684,40.50034103426805,54467066
2025-11-12,40.72803497314453,41.13597970510743,40.72803497314453,40.90828819137057,58792878
2025-11-13,40.99367141723633,41.07905528117663,40.54778112246701,40.76598352608472,58798006
2025-11-14,41.031620025634766,41.354180882736365,40.96521075673447,41.022134538234894,51820955
2025-11-17,40.462398529052734,40.984187216612696,40.32009087833916,40.88931424312568,61067446
2025-11-18,40.680599212646484,40.70905929396752,40.2631653850913,40.37701294844293,51743927
2025-11-19,41.0031623840332,41.26879947543942,40.60470312788993,40.680601507739674,51169639
2025-11-20,41.01264572143555,41.54392349542355,40.84187799476204,41.003160233968686,58585152
2025-11-21,40.79444122314453,41.3162298638199,40.56674972626849,41.02213272002057,79126405
2025-11-24,40.443424224853516,40.99367299889498,40.32957665585135,40.88931453682662,67854882
2025-11-25,41.031620025634766,41.07905470070159,40.26316526103085,40.47188217416534,66640949
2025-11-26,41.031620025634766,41.39213007040331,40.76598295003359,41.11700388836854,45107206
2025-11-27,40.97469711303711,41.16443943636177,40.41495924969797,40.96521162543609,62143434
2025-11-28,40.747005462646484,40.908284070227594,40.623672421003974,40.889309477741556,49465789
2025-12-01,41.21187210083008,41.2403358003114,40.72803263805115,40.87034027835687,56791942
2025-12-02,41.15495681762695,41.41110842911621,41.003163672192656,41.211876985268525,40673497
2025-12-03,40.80392837524414,41.344695250013075,40.79444288787761,41.05059447517856,46895972
2025-12-04,41.0031623840332,41.192901095589676,40.803930946444595,40.84188013636947,36120746
2025-12-05,41.22136306762695,41.31623241942384,40.70905988224266,41.03162074499939,54890622
2025-12-08,40.965213775634766,41.401618608864,40.8608553113769,41.211876275580074,58003881
2025-12-09,40.832393646240234,41.079056136630086,40.633165832575294,40.96521218868352,46593870
2025-12-10,39.56112289428711,40.8703409003087,39.41881525181579,40.8703409003087,108315686
2025-12-11,39.542152404785156,39.89317337520435,39.28600079317091,39.71292014586132,84623107
2025-12-12,39.59907150268555,39.68445536311359,39.352405408545145,39.608556989829275,71762547
2025-12-15,39.6559944152832,40.1113738294863,39.4947157894136,39.599074250403994,56266557
2025-12-16,39.56112289428711,39.96906760906895,39.30497130925895,39.63701764964711,56617635
2025-12-17,39.390357971191406,39.70342974023739,39.11523177300614,39.46625273194676,63126744
2025-12-18,40.196754455566406,40.24418912881998,39.27651021353948,39.40932874626294,76811931
2025-12-19,39.83625030517578,40.301115196098955,39.76035192843432,40.196756737596345,57382341
2025-12-22,39.627532958984375,39.969068412554364,39.570609177044794,39.92163373712159,52473989
2025-12-23,39.760353088378906,39.88368614466493,39.52317608269327,39.59907446164895,60651014
2025-12-24,39.6844596862793,39.83625283035042,39.41881896987931,39.77932904418599,53630520
2025-12-25,39.637020111083984,39.92163541370107,39.56112535101096,39.779327762392526,49921351
2025-12-26,39.56112289428711,39.731890617639216,39.48522451989342,39.64650675596316,50880959
2025-12-29,39.72240447998047,39.77932826502993,39.29548513969435,39.52317666085826,68255105
2025-12-30,40.11137008666992,40.30111239630804,39.637016122091396,39.75086367929439,83478293
2025-12-31,39.94060516357422,40.15881118729244,39.769837434858786,40.07342732293473,55414239
2026-01-05,40.17778396606445,40.604703307017765,40.10188920491384,40.3011170243474,84082964
2026-01-06,40.538291931152344,40.595215713338135,39.93111939730565,40.27265485235286,92371482
2026-01-07,39.98804473876953,40.81341970796211,39.97855563185166,40.55726810668843,88055952
2026-01-08,39.44728088378906,40.08291351481677,39.18164017943423,40.035478838014285,111572692
2026-01-09,39.181636810302734,39.618041589814354,39.010869093270614,39.40932830602341,98547074
2026-01-12,39.01087188720703,39.30497266961091,38.89702794071003,39.18163961646944,118664058
2026-01-13,39.020362854003906,39.257539864948924,38.92548987820551,39.08677212754579,115936473
2026-01-14,38.01472854614258,39.058305878644674,38.00524305869819,39.020360309833386,191774380
2026-01-15,38.052677154541016,38.346774308277276,37.94831869907318,38.052677154541016,121727094
2026-01-16,37.68574905395508,38.444913241255165,37.617619124982134,38.43518198546017,152524530
2026-01-19,37.520286560058594,37.8804024154666,37.471622857349814,37.695478860052226,98870273
2026-01-20,37.69548034667969,38.0847974093088,37.481355590953406,37.53975426418858,111387322
2026-01-21,37.218570709228516,37.89986999716936,37.160172036203875,37.88040377282781,121499985
2026-01-22,36.838985443115234,37.54948964717455,36.79032173795023,37.24776873466721,187754633
2026-01-23,36.49833679199219,37.1504386271971,36.3815431538426,36.838986450262986,189211273
2026-01-26,37.00444793701172,37.27696766678995,36.31341364347242,36.49833721542153,216679416
2026-01-27,37.082305908203125,37.48135421195514,36.85844990490834,37.0433771736146,157240627
2026-01-28,36.790321350097656,37.413225680369365,36.692993940793706,37.10177351523351,204166688
2026-01-29,37.500823974609375,37.617621327804734,36.54700120033124,36.86818835241415,199998187
2026-01-30,37.637081146240234,38.12372561130857,37.50082129006952,37.50082129006952,166084303
2026-02-02,37.4229621887207,38.25025634025071,37.384029738276205,37.84147674899197,138497888
2026-02-03,37.2769660949707,37.63708196739343,37.12124001126336,37.63708196739343,84279156
2026-02-04,37.96800231933594,37.977737288521695,37.2380355681253,37.27696801926256,102131628
2026-02-05,38.6493034362793,38.85369322535633,37.870673016364854,37.8998704968608,121889452
2026-02-06,38.542240142822266,38.882893496003334,38.25998917485267,38.6395712635037,80297978
2026-02-09,38.425445556640625,38.678502751325894,38.27945444844761,38.54223918575554,65894891
2026-02-10,38.289188385009766,38.503313147382954,38.25999090388716,38.43518321622835,49596465
2026-02-11,38.34758758544922,38.39625129225455,38.152929045425054,38.30865513488382,52881696
2026-02-12,37.94853973388672,38.36705058800057,37.6954825147821,38.347588075272114,77752571
2026-02-13,37.6760139465332,38.04586478302547,37.59815276205216,37.909604925581654,70537032
2026-02-24,37.899871826171875,38.357318838267425,37.783078187288936,38.15292904202156,75467438
2026-02-25,37.744144439697266,38.10426402581578,37.68574947866388,37.860941787369455,72397149
2026-02-26,37.666282653808594,37.97773481703243,37.47162412359303,37.76361006251505,59332534
2026-02-27,37.71494674682617,37.909605279047746,37.60788436846417,37.71494674682617,63703472
2026-03-02,37.637081146240234,37.83173967482809,37.393758913706066,37.56895121815487,68547313
2026-03-03,38.133460998535156,38.493576867055545,37.5300228948086,37.62735030377,138465642
2026-03-04,37.56895065307617,37.987465183764236,36.99471004442064,37.96799895991798,115193902
2026-03-05,38.10426330566406,38.19185945836133,37.59815261372462,37.62735009368949,78336979
2026-03-06,38.15292739868164,38.269721032533994,37.90960516235434,38.05559627646911,46595667
2026-03-09,37.75387954711914,38.13346164644163,37.71494709775203,37.860941926477324,76677490
2026-03-10,38.172393798828125,38.19186002336023,37.76361050925927,37.899870368181325,61371700
2026-03-11,38.44491195678711,38.44491195678711,37.90960379868349,38.250253432166915,68940710
2026-03-12,38.44491195678711,38.522776851756205,38.279454624181604,38.396248253832695,52772330
2026-03-13,38.697967529296875,38.980222219596136,38.298919203040334,38.405981583002315,76527668
2026-03-16,38.843963623046875,38.97049223192014,38.581175148988336,38.7077037578616,61094451
2026-03-17,39.0483512878418,39.281942267401746,38.76610031657697,38.82449527686495,65622927
2026-03-18,38.853694915771484,39.24301199906815,38.7271700195825,39.05808842654381,70583141
2026-03-19,38.70770263671875,38.9704911031658,38.63957270609945,38.81476501706415,65024684
2026-03-20,38.688236236572266,39.00942337615327,38.60064008148679,38.785563647643805,61580273
2026-03-23,37.64681625366211,38.63957141160201,37.5202876526926,38.52277777913927,95773829
2026-03-24,38.20159149169922,38.26972142153918,37.69548078945758,37.76361071929754,61633642
2026-03-25,38.21132278442383,38.34758635703771,37.89987061548324,38.27945642713213,65381669
2026-03-26,38.50331115722656,38.62983604408656,38.09452787862535,38.104262847031556,61679007
2026-03-27,38.38651657104492,38.63957378855099,38.201592998869614,38.44491524727006,46800671
2026-03-30,38.425445556640625,38.51304170667744,38.08479592472106,38.191858298410786,64605410
2026-03-31,38.26972198486328,38.66877031385813,38.23078953500945,38.48384674625659,66309671
2026-04-01,38.75636672973633,38.97049149256671,38.367049654190694,38.50331322959362,88152581
2026-04-02,38.697967529296875,38.85369361484082,38.52277893176233,38.79529865326356,53462988
2026-04-03,38.34758758544922,38.7563671779774,38.30865513488382,38.69796850212931,46448537
2026-04-07,37.94853973388672,38.54224290497981,37.91933853918826,38.337853106105,52836661
2026-04-08,38.56170654296875,38.581172767193884,38.143192004134896,38.44491291042056,66949789
2026-04-09,38.21132278442383,38.464379992189755,38.07506292461266,38.4254475428715,53585405
2026-04-10,38.16265869140625,38.32811974292621,38.08479750636361,38.26972106954222,54320208
2026-04-13,37.938804626464844,38.113996942805656,37.88040595008362,38.08479946101647,52514495
2026-04-14,38.08479690551758,38.13346060950182,37.90960460093222,37.95826830491646,50399861
2026-04-15,38.834232330322266,38.85369484292803,38.172395517640474,38.20159299935198,105210379
2026-04-16,38.843963623046875,39.07755461536654,38.68823753243473,38.83423236673487,61725776
2026-04-17,38.464378356933594,38.8342291841279,38.444912133102044,38.78556176814775,58792518
2026-04-20,38.805030822753906,38.8342320170327,38.27945759217247,38.44491493760668,58877642
2026-04-21,38.805030822753906,39.077554263473246,38.79529956652953,38.843963273257074,54594915
2026-04-22,38.678504943847656,38.96075592080812,38.56170759530946,38.80502983555993,50759455
2026-04-23,38.74663543701172,38.79529914320826,38.46438074314787,38.65903928073683,56948934
2026-04-24,38.328121185302734,38.73690077596595,38.308654960108846,38.6785058131871,62941438
2026-04-27,38.328121185302734,38.92182805890649,38.26972250972106,38.46438104885714,92616843
2026-04-28,38.542240142822266,38.571441335428005,38.21132175811065,38.32811910292836,66930520
2026-04-29,37.47162628173828,37.97773700432668,37.31590019115746,37.87067462090182,253311717
2026-04-30,37.24776840209961,37.48135566992711,37.10177357510541,37.37429700464107,116957410
2026-05-06,36.984981536865234,37.32563119747839,36.8097892220348,37.26723623440347,143177103
2026-05-07,36.936317443847656,37.14070723807855,36.92658247490173,37.03364485649014,79008987
2026-05-08,36.92658233642578,37.160173323815684,36.887653599196454,37.01417849259665,86953912
2026-05-11,36.95578384399414,36.96551510018337,36.692995373251264,36.93631761881287,92548934
2026-05-12,36.88765335083008,37.12124062384444,36.8487209010601,36.96551453756728,96729929
2026-05-13,36.868186950683594,37.07257674180023,36.83898575709354,36.94604813705066,71830416
2026-05-14,36.80005645751953,37.004446245510394,36.722191559540526,36.80005645751953,86786790
2026-05-15,36.64432907104492,36.95578122627824,36.60539662344012,36.80005514866158,82173796
2026-05-18,36.469139099121094,36.654062667852216,36.35234174884616,36.6443314117307,70768410
2026-05-19,36.37180709838867,36.73192668386378,36.34260961792415,36.478869477162206,71991007
2026-05-20,36.177146911621094,36.43993536219686,36.177146911621094,36.371805435692316,69318422
2026-05-21,36.157684326171875,36.34260788161679,36.11875187887741,36.18688180524146,72519969
2026-05-22,36.031158447265625,36.332879367357506,35.982494740877335,36.10901963492633,79761712
2026-05-25,35.95329284667969,36.264745016863166,35.914364110008805,36.02142277685715,71066833
2026-05-26,36.01169204711914,36.293946740723285,35.914364634815605,35.95329337205535,70620290
2026-05-27,36.01169204711914,36.19661561561696,35.79756728468802,36.021423303228374,84514627
2026-05-28,36.12848663330078,36.43020755985041,35.982495511011265,36.06035670033843,99579106
2026-05-29,36.994712829589844,37.02391402395894,35.94356265237358,36.109019998319454,153138355
2026-06-01,37.17963790893555,37.17963790893555,36.79032085139172,36.98497938016363,96137886
2026-06-02,37.76361083984375,37.84147573865381,37.03364412111171,37.14070650057418,125696953
2026-06-03,37.47162628173828,37.77334720658988,37.22830403315557,37.77334720658988,88127454
2026-06-04,37.082305908203125,37.61761777782385,36.97524724708152,37.37429555083354,73884128
2026-06-05,37.54948806762695,37.666281697670485,37.09204109015283,37.16017101707843,77870900
2026-06-08,37.47162628173828,37.72467978663104,37.33536641658042,37.37429886742634,76947767
2026-06-09,37.46189498901367,37.60788611033968,37.37429883109693,37.47162624531426,66450037
2026-06-10,37.86094284057617,38.036135154155204,37.35483212499262,37.4229620566286,93586076
2026-06-11,37.69548034667969,38.04586496048535,37.53975426418858,37.89013887799424,59445402
2026-06-12,38.289188385009766,38.29891964111637,37.3158994110266,37.55922165452239,111983390
2026-06-15,37.90960693359375,38.31838652757762,37.69548216752438,38.16266043756431,97740434
2026-06-16,37.53975296020508,37.851205114368675,37.38402688312328,37.77334393222905,78966910
2026-06-17,37.20883560180664,37.812273702932146,37.12123944899788,37.64681636585041,66045163
2026-06-18,36.26474380493164,37.179637772973166,36.26474380493164,37.130974069158796,100346053
2026-06-22,36.64432907104492,36.88765129937111,35.96302608917109,36.02142104777573,110076764
2026-06-23,36.40100860595703,37.16990406298258,36.35234118769234,36.64433084606957,100800729
2026-06-24,35.778099060058594,36.5761993901141,35.76836780449323,36.48860323881548,123616556
2026-06-25,35.26225662231445,36.001958270116674,35.23305914322839,35.748901075362355,118116225
2026-06-26,35.03840255737305,35.495849556635626,34.92160892176657,35.408253401730086,105541023
2026-06-29,35.447181701660156,35.73917135628292,34.454430242032466,34.941074716000145,108073461
2026-06-30,34.5517578125,35.41798438614523,34.4057629845092,35.39851816155961,109903751
2026-07-01,34.9508056640625,35.15519545025638,34.337632592678204,34.57122357175882,89122129
2026-07-02,35.62237548828125,35.81703402851068,35.16493218846535,35.310923309035296,94461448
2026-07-03,35.84623336791992,36.07008937811882,35.379051410423564,35.690503573552704,85312390
2026-07-06,36.722190856933594,36.75138833671574,35.54451214355383,35.71970444785195,97154407
2026-07-07,36.547000885009766,36.848721808956924,36.30367863715644,36.71246194420752,65258740
2026-07-08,36.92658233642578,36.95578353035126,36.15768686870683,36.36207666217126,76713452
2026-07-09,36.547000885009766,36.80005810194683,36.37180856953114,36.69299571884291,76564557
2026-07-10,36.880001068115234,36.91999816894531,36.33000183105469,36.61000061035156,79377153
2026-07-13,37.25,37.400001525878906,36.709999084472656,36.810001373291016,93308476
2026-07-14,37.18000030517578,37.2400016784668,36.81999969482422,37.099998474121094,80415432
2026-07-15,37.7599983215332,37.959999084472656,36.75,37.0,115462595
2026-07-16,37.66999816894531,38.119998931884766,37.5,37.70000076293945,76689870
2026-07-17,38.02000045776367,38.20000076293945,37.68000030517578,37.7599983215332,115858449
2026-07-20,38.90999984741211,38.90999984741211,37.88999938964844,37.95000076293945,143361015
2026-07-21,37.9900016784668,39.400001525878906,37.900001525878906,39.18000030517578,156012742
2026-07-22,38.709999084472656,38.709999084472656,37.630001068115234,37.849998474121094,108454598
2026-07-23,38.90999984741211,38.9900016784668,38.45000076293945,38.68000030517578,79493797
2026-07-24,39.20000076293945,39.25,38.900001525878906,39.18000030517578,98296005
2026-07-27,39.0,39.2400016784668,38.689998626708984,39.119998931884766,71584573
2026-07-28,39.59000015258789,39.59000015258789,38.95000076293945,39.16999816894531,105018681
2026-07-29,39.65999984741211,40.06999969482422,39.4900016784668,39.97999954223633,114871245
2026-07-30,40.54999923706055,40.54999923706055,39.54999923706055,39.65999984741211,137457952
2026-07-31,39.619998931884766,40.16999816894531,39.040000915527344,39.849998474121094,149155003
2026-08-03,40.36000061035156,40.41999816894531,39.79999923706055,39.880001068115234,121749307
2026-08-04,39.279998779296875,40.15999984741211,39.209999084472656,40.15999984741211,110499947
2026-08-05,38.939998626708984,39.47999954223633,38.720001220703125,39.18000030517578,96045405
2026-08-06,38.970001220703125,39.150001525878906,38.470001220703125,39.0,85375464
2026-08-07,38.79999923706055,39.099998474121094,38.47999954223633,38.900001525878906,77964748
2026-08-10,38.90999984741211,39.27000045776367,38.70000076293945,38.790000915527344,65175786
2026-08-11,38.95000076293945,39.20000076293945,38.77000045776367,39.0,50076953
2026-08-12,38.70000076293945,38.970001220703125,38.560001373291016,38.95000076293945,55748865
2026-08-13,38.77000045776367,38.810001373291016,38.5,38.59000015258789,50198478
2026-08-14,38.459999084472656,38.75,38.459999084472656,38.650001525878906,48680178
2026-08-17,38.20000076293945,38.459999084472656,38.060001373291016,38.349998474121094,65674416
2026-08-18,38.290000915527344,38.36000061035156,38.029998779296875,38.150001525878906,60136128
2026-08-19,39.150001525878906,39.150001525878906,38.400001525878906,38.54999923706055,124893872
2026-08-20,38.86000061035156,39.06999969482422,38.470001220703125,38.79999923706055,74785718
2026-08-21,38.900001525878906,39.099998474121094,38.7599983215332,38.79999923706055,51421949
2026-08-24,39.58000183105469,39.70000076293945,38.77000045776367,38.869998931884766,104578329
2026-08-25,39.790000915527344,39.91999816894531,39.45000076293945,39.70000076293945,34905956
