Date,Close,High,Low,Open,Volume
2021-08-31,38.13286590576172,38.514507422264494,37.26833352787461,37.73564985243551,71044024.0
2021-09-01,39.558170318603516,39.68278739087736,37.85247061366768,38.07055271847592,82605536.0
2021-09-02,40.18904113769531,40.407123232684825,39.17652709966871,39.48028101396617,72620098.0
2021-09-03,40.50059127807617,40.75761568731777,39.26220769515231,40.26693461492379,64257332.0
2021-09-06,39.877506256103516,41.084734837193274,39.86192874892166,40.11895018965805,54742847.0
2021-09-07,41.131465911865234,41.341757794764355,39.29336172454457,39.94760214763996,77232009.0
2021-09-08,40.81991958618164,41.70781662012989,40.703089778091424,41.061366469718884,55390668.0
2021-09-09,40.57847595214844,41.03021474375983,40.25135721706903,40.57847595214844,35780025.0
2021-09-10,42.151763916015625,42.46330808116084,40.30587261095945,40.50058697139887,107097799.0
2021-09-13,41.99599075317383,42.44772948390371,41.668872062180704,41.80127639774308,59283043.0
2021-09-14,40.57847595214844,42.75148916468113,40.34481928836233,42.29196310508934,63116569.0
2021-09-15,40.03327560424805,40.882230375100605,39.565959334240716,40.50058890314989,54233793.0
2021-09-16,39.488075256347656,40.3681850501547,39.10643377974284,39.90086877444846,62989614.0
2021-09-17,39.916446685791016,40.142316072785704,39.332303563559925,39.55038271177242,42016472.0
2021-09-22,38.48334884643555,38.927297382481356,37.46304445474654,37.914783229589254,112259622.0
2021-09-23,38.03939437866211,39.35566227505715,37.86025753863947,38.55344012819382,86102453.0
2021-09-24,37.98487854003906,38.4210397856215,37.69670211281596,37.73564439145064,53203933.0
2021-09-27,38.23411178588867,38.78709985431863,37.548716407900564,37.61102642912918,66790515.0
2021-09-28,39.26999282836914,39.706154088021066,38.234113921965886,38.24190118950185,70992547.0
2021-09-29,40.15789031982422,40.63299085828191,38.639117731073654,38.90392937716916,90460986.0
2021-09-30,39.293357849121094,40.056637772267386,39.02075596657258,40.03327300017377,58611808.0
2021-10-08,39.667213439941406,39.784043255525575,38.95845322079132,38.95845322079132,64555292.0
2021-10-11,41.27944564819336,42.19849769465289,40.06442693310141,40.06442693310141,97177865.0
2021-10-12,41.349544525146484,41.894745365824775,40.73424639107948,41.045790577497236,58937329.0
2021-10-13,41.30281066894531,41.590990071940766,40.539530705144095,41.240503616341876,44255673.0
2021-10-14,40.78097915649414,41.47416185579629,40.65636207539607,41.2716602131765,28899621.0
2021-10-15,41.52088928222656,41.62213860556395,40.773183916249565,40.851071439322794,42035759.0
2021-10-18,40.39155197143555,41.552048027036484,40.15010506759573,41.520895983884316,57794539.0
2021-10-19,41.18598175048828,41.52867795025827,40.500586379842986,40.69530073743839,48169257.0
2021-10-20,40.812129974365234,41.777911510823856,40.71866494482,41.443002582716595,30570959.0
2021-10-21,41.863590240478516,42.05830461369005,40.96790293526327,41.1626173084748,57658698.0
2021-10-22,42.28417205810547,42.68138805393146,41.848010812541,42.12839997246777,54715058.0
2021-10-25,42.5178337097168,42.78264539516474,41.357334654666936,41.92590327988915,62334126.0
2021-10-26,43.07081985473633,43.795157579179396,42.29196234209695,42.51783173382772,71542369.0
2021-10-27,42.46330642700195,42.99292970445411,41.925895882721925,42.99292970445411,42039441.0
2021-10-28,42.229652404785156,42.83716027244058,41.94147300557465,42.29195945657025,34623228.0
2021-10-29,42.034934997558594,42.64244282124458,41.82464314218148,42.22964934834054,40543943.0
2021-11-01,42.151763916015625,42.75927474093825,41.51310105146276,42.058301854914205,42501781.0
2021-11-02,40.69530487060547,42.43994699913895,40.24356608897332,42.330904452082294,75220649.0
2021-11-03,40.266929626464844,40.88222770772107,40.243561883270544,40.773185172060046,44437241.0
2021-11-04,40.305870056152344,40.578468955046574,39.93980613097567,40.5005844042497,48291475.0
2021-11-05,40.15789031982422,40.58626131380379,40.04884778346286,40.28250739027474,36197416.0
2021-11-08,39.95539093017578,40.422707233592384,39.56596216288146,39.97096843740024,38674906.0
2021-11-09,39.768463134765625,40.26693143576375,39.41018644370597,40.03327479105906,38788364.0
2021-11-10,39.43355178833008,39.83855800102188,38.974025794228346,39.7684607147655,55807106.0
2021-11-11,41.139251708984375,41.178193988624194,39.301147587372206,39.37124487916608,84973170.0
2021-11-12,40.812129974365234,41.41963781088292,40.69530017298632,41.13924866445775,34359656.0
2021-11-15,41.22492218017578,41.75454544678714,40.78876096911196,41.11588262018612,36695032.0
2021-11-16,40.8900146484375,41.57541001159697,40.625203006155786,41.20155880562961,32231509.0
2021-11-17,40.3759651184082,41.147035201727746,40.35260034867594,40.67193174313848,33938551.0
2021-11-18,40.04106140136719,40.50058741589171,39.7217299655861,40.34481533160951,34244267.0
2021-11-19,40.75761413574219,41.07694558981867,39.807407041175566,40.09558348238958,46466797.0
2021-11-22,40.2591438293457,40.76540240189152,40.18125926638741,40.57847529124373,37653834.0
2021-11-23,40.305870056152344,40.73424102774549,40.064423194913765,40.305870056152344,38914891.0
2021-11-24,40.2980842590332,40.42270132751562,39.85413279576526,40.181254457472384,31503965.0
2021-11-25,40.04884719848633,40.266929296918285,39.908655595994375,40.266929296918285,21566020.0
2021-11-26,39.020755767822266,40.072215073259024,38.849409154832976,39.87750071718985,82335731.0
2021-11-29,38.802677154541016,39.02075628547788,38.023819719931836,38.77152214409137,82724704.0
2021-11-30,38.545654296875,38.82604046706402,38.09391557565536,38.53786405900282,61004256.0
2021-12-01,38.935089111328125,39.098648479055896,38.3820980087015,38.537870108439904,50036103.0
2021-12-02,39.63605499267578,39.72172978720151,38.545656349807984,38.95065960757535,55607048.0
2021-12-03,39.916446685791016,39.93981145992648,39.30893878942447,39.77625209876711,49407647.0
2021-12-06,40.36039352416992,40.812132279167336,39.978755030842876,40.103372106168806,60471643.0
2021-12-07,40.3759651184082,40.95232086434559,39.79960937247082,40.726451519917084,54077371.0
2021-12-08,40.53173828125,40.71866238638512,40.03327003941624,40.485005769413675,49097472.0
2021-12-09,41.38069534301758,41.933683395299326,40.34481355363138,40.6952999850442,84055721.0
2021-12-10,41.66108322143555,41.66108322143555,41.03020766407435,41.20155724113409,56426281.0
2021-12-13,40.82770538330078,42.214073640218366,40.81991811622439,41.71560535638049,64554566.0
2021-12-14,39.83856201171875,40.89001844031315,39.604902386603946,40.749823853686486,81062947.0
2021-12-15,39.72172927856445,39.986540925932424,39.550379691707136,39.72172927856445,37849327.0
2021-12-16,39.877506256103516,39.955390820907105,39.41798019310869,39.651636858625146,38365339.0
2021-12-17,39.5425910949707,40.03327209558641,39.45691630442293,39.79182522868863,47644905.0
2021-12-20,39.48028564453125,39.95538919537902,39.24662898852078,39.69057752627234,47082627.0
2021-12-21,39.43355178833008,39.71394093335557,39.176527415021624,39.449129293176526,35694442.0
2021-12-22,38.95065689086914,39.527012668594026,38.849407569041865,39.43355061340532,43682819.0
2021-12-23,39.114227294921875,39.14537933902738,38.69364350288694,39.02855248864375,42370871.0
2021-12-24,38.833831787109375,39.114220936217144,38.81825428203613,39.114220936217144,34465068.0
2021-12-27,38.42103958129883,38.98960516543662,38.16401519568708,38.84162034786426,73594333.0
2021-12-28,38.654693603515625,38.78709793541804,38.31978468374398,38.4210369776786,65322073.0
2021-12-29,37.08918762207031,38.724789903543915,37.08140035555271,38.68584465764052,143890268.0
2021-12-30,37.77458572387695,37.99266485565284,37.120345357443945,37.299482211560615,96791651.0
2021-12-31,37.938148498535156,38.07055581985932,37.64218478471521,37.80574414831659,49293501.0
2022-01-04,37.65775680541992,37.93814596492896,37.003516423600644,37.93814596492896,71960645.0
2022-01-05,38.20296096801758,38.6936420401761,37.69670535994795,37.766802655970594,83717375.0
2022-01-06,37.501991271972656,38.46777294571479,37.463046018573536,38.02382439113716,68186664.0
2022-01-07,38.20296096801758,38.27305826404022,37.41631617585736,37.49420073983556,66073705.0
2022-01-10,38.3431510925293,38.942871672823415,38.09391695151165,38.53007818384519,57093634.0
2022-01-11,38.8260383605957,39.02075270136319,38.07833600511375,38.54565220561876,71561748.0
2022-01-12,38.75594711303711,39.02075877655396,38.311998584656735,38.84162191169043,51841118.0
2022-01-13,38.42882537841797,38.98181343580867,38.257475794565245,38.826041356952125,40140754.0
2022-01-14,37.400733947753906,38.530077809514964,37.385156442703476,38.530077809514964,66657098.0
2022-01-17,37.83689498901367,38.04718387839283,37.29948146629614,37.673332672344486,53180761.0
2022-01-18,38.17180252075195,38.42882690675303,37.60323693575291,37.89141633298541,57907708.0
2022-01-19,38.70921325683594,38.927292377420954,38.249687273385234,38.53007641191179,62028026.0
2022-01-20,40.00990295410156,40.414909150009805,38.8494071166326,38.8494071166326,138624871.0
2022-01-21,40.36039352416992,40.500588105299784,39.885289996019345,40.0254845771492,85808094.0
2022-01-24,40.38375473022461,40.50058452788172,39.745091904204116,40.461642252364406,63815520.0
2022-01-25,39.64384460449219,40.33702724582034,39.48807252337112,40.15010015425399,58351289.0
2022-01-26,39.72172927856445,40.10337072989975,39.41018511538848,39.9164436377731,43669628.0
2022-01-27,39.5425910949707,39.86192251449087,39.036332589609465,39.643843390263996,52940057.0
2022-01-28,38.32757568359375,39.877503368229306,38.28084613653797,39.76067355837889,71514411.0
2022-02-07,39.99433135986328,40.11116117308147,39.04412723203721,39.176531580652636,73234913.0
2022-02-08,40.274715423583984,40.500584782551925,39.713940116177106,40.15009835848188,52824176.0
2022-02-09,40.20462417602539,40.76540253874574,39.9398125015303,40.422706301030885,51220706.0
2022-02-10,40.274715423583984,40.422700231027555,39.721727382887465,40.422700231027555,33554247.0
2022-02-11,41.09251403808594,41.27944111646562,40.22798484250713,40.36038917090118,80993265.0
2022-02-14,39.877506256103516,41.27166195226985,39.72173415539065,41.27166195226985,59405166.0
2022-02-15,39.114227294921875,40.01770193830853,38.90393539890441,39.68279295255172,56617903.0
2022-02-16,39.776248931884766,40.00211830089632,39.122008568230655,39.379032947679384,40495579.0
2022-02-17,40.08000183105469,40.48500804306618,39.659418114222916,39.932019991919915,44157043.0
2022-02-18,40.54732131958008,40.58626359920645,39.916445693653145,39.916445693653145,35439010.0
2022-02-21,40.313663482666016,40.41491579105731,39.729520349117635,40.368186241881034,31345076.0
2022-02-22,39.8930778503418,39.994327175358166,39.519226646706485,39.78403828733632,36983993.0
2022-02-23,39.58932876586914,40.08000685929232,39.449134176003774,40.08000685929232,37499974.0
2022-02-24,38.95845413208008,39.394615419876985,38.826046806580464,39.37124767355017,48238083.0
2022-02-25,38.794891357421875,39.33230193806681,38.592386752931596,38.97402821763686,45184050.0
2022-02-28,38.78710174560547,38.89614131696706,38.405463245839904,38.62354238856308,33528964.0
2022-03-01,39.129798889160156,39.332300515219494,38.444403513619115,38.94287179724702,40645436.0
2022-03-02,38.53007888793945,39.122009240896894,38.50671114415712,38.7871003007021,39707598.0
2022-03-03,38.73257827758789,38.9195053615118,38.51449915559766,38.615751449852496,31128967.0
2022-03-04,37.93035888671875,38.467769464386166,37.77458680053669,38.35872989539035,57789720.0
2022-03-07,36.419368743896484,37.58765478061107,36.21686713815217,37.392940441158636,101435369.0
2022-03-08,35.42243194580078,36.42715864105618,35.204352838404574,36.26359931050902,83466464.0
2022-03-09,34.573486328125,35.61715556876902,33.49866207227232,35.51590325489375,90043112.0
2022-03-10,34.81492614746094,35.593783542388,34.76040636750446,35.51589602023219,67149583.0
2022-03-11,34.620216369628906,34.88502803771134,33.5687569649903,34.659158650295765,74052488.0
2022-03-14,32.82883834838867,34.254145747724934,32.789893104173785,33.88029457788091,108046557.0
2022-03-15,30.725929260253906,32.40826135734456,30.515637376729373,32.40826135734456,131309249.0
2022-03-16,33.16374969482422,33.335096303385605,31.084198880769843,31.20102867983438,137744932.0
2022-03-17,34.66694641113281,35.18099224812226,34.01270598486391,34.38656020367952,131964759.0
2022-03-18,35.9598503112793,35.9598503112793,34.28530842412611,34.73704424124122,92358531.0
2022-03-21,34.90060043334961,35.741764862774666,34.73703812473198,35.741764862774666,79103220.0
2022-03-22,35.46137619018555,35.71840055627891,34.90838815363368,35.079737731029255,54903830.0
2022-03-23,35.64051818847656,35.80408052287412,35.28224444856876,35.585998400712576,46995984.0
2022-03-24,35.64830017089844,35.89753427755343,35.32896878605266,35.51589288049146,38033234.0
2022-03-25,35.188777923583984,35.78849848414803,35.04858335248562,35.60157139898181,31825936.0
2022-03-28,35.087528228759766,35.43801468247789,34.46444285054169,34.92396887405979,38645874.0
2022-03-29,35.05636978149414,35.47695348473803,34.978485231014226,35.16541231171323,34962089.0
2022-03-30,36.0065803527832,36.06110013779977,35.321184949725115,35.32897518821631,52072269.0
2022-03-31,36.450523376464844,36.699757490712756,35.68724353019248,35.81965082463325,61588490.0
2022-04-01,36.68418502807617,36.972364426297794,36.04552215116704,36.20908447514068,47613944.0
2022-04-06,36.91005325317383,37.17486489908509,36.12340855358454,36.138986058768175,47826855.0
2022-04-07,36.497257232666016,37.06582276245054,36.279178117434995,36.8788956843203,37720107.0
2022-04-08,36.746498107910156,36.746498107910156,36.29475931923751,36.3726468540633,36423474.0
2022-04-11,35.74956130981445,36.50505108287723,35.508114409331334,36.380433998684,49261173.0
2022-04-12,35.59379196166992,36.18572241454222,35.1342658711234,35.98322075124813,58884049.0
2022-04-13,35.632728576660156,35.90532749754763,35.29003236595798,35.59378629811986,44822252.0
2022-04-14,35.64051818847656,36.16235426278192,35.63273092069839,35.8352325650924,32661329.0
2022-04-15,36.47389602661133,36.60630036776841,35.4302269185584,35.593786270966106,42315903.0
2022-04-18,33.794620513916016,35.79628369965427,33.319517046986576,35.79628369965427,236677506.0
2022-04-19,32.78989791870117,33.296156456778576,32.24470007290142,32.712013361045614,250477022.0
2022-04-20,32.01103973388672,32.696435115958,31.855270622097873,32.556240538463754,131826851.0
2022-04-21,32.15123748779297,32.7899004167617,31.621614136291246,31.699501670986002,114350098.0
2022-04-22,33.101444244384766,33.46750822560588,31.660559036306736,31.66834630413659,119533984.0
2022-04-25,30.2430362701416,31.89421323553581,30.157361475093317,31.450264725835975,236874515.0
2022-04-26,29.915912628173828,30.500055678428023,29.28503706430143,30.266399052547385,145471877.0
2022-04-27,29.62773895263672,30.0872649800337,29.29283000193525,29.464179596556132,154620795.0
2022-04-28,30.85833168029785,31.21660836932271,29.557641150462118,29.643315946291857,156452310.0
2022-04-29,31.099777221679688,31.31785634995223,30.157360450381585,30.45332413272138,123692861.0
2022-05-05,30.577945709228516,31.294496190912454,30.391021563471472,30.889489913631223,94425132.0
2022-05-06,29.526485443115234,30.18072581181558,29.51869817599854,30.141783534021403,88945545.0
2022-05-09,28.404932022094727,29.456388386334517,28.155697876925213,29.44081088087325,125240592.0
2022-05-10,28.80214500427246,28.94233956767598,27.46250938557442,28.023287639188496,121763735.0
2022-05-11,28.981285095214844,29.25388698626018,28.5061815738006,28.685321402453013,87239856.0
2022-05-12,28.51396942138672,28.864455839855342,28.37377485399927,28.661951255360073,63002311.0
2022-05-13,28.93455696105957,29.28504045490671,28.73984258843092,28.80214964269721,70130077.0
2022-05-16,28.7320499420166,28.918977031362413,28.381563506434006,28.918977031362413,64474236.0
2022-05-17,30.06389617919922,30.08726392289359,29.098114611518863,29.098114611518863,118395443.0
2022-05-18,29.986011505126953,30.437750247438657,29.51869822855413,30.37544022597276,88775539.0
2022-05-19,29.61994743347168,29.791297020684226,29.222731447148906,29.510907867465637,54201095.0
2022-05-20,31.12314224243164,31.294491828075465,30.180725463601238,30.180725463601238,133887244.0
2022-05-23,30.757080078125,31.193238321253524,30.725925069014338,31.130931274137392,61808829.0
2022-05-24,30.297557830810547,31.021895540925794,30.250825311378556,30.84275570198928,68742972.0
2022-05-25,30.204092025756836,30.453326180860643,30.095052454287103,30.359864115473087,48902540.0
2022-05-26,29.931495666503906,30.375444229086714,29.65889671442876,30.375444229086714,61542963.0
2022-05-27,30.46889877319336,30.694768118300477,30.165144881341377,30.297552176133657,60839589.0
2022-05-30,30.42995834350586,30.764867262789192,30.21187922252329,30.764867262789192,47153667.0
2022-05-31,30.912845611572266,30.959578119841474,30.219663079989072,30.414377407786816,64540394.0
2022-06-01,30.912845611572266,30.920635848502894,30.585726967002383,30.920635848502894,43383408.0
2022-06-02,30.31313133239746,30.7103503062589,30.17293972109365,30.609098003162096,54728121.0
2022-06-06,30.352073669433594,30.39880321168098,29.674465595794665,30.258608642728458,69870287.0
2022-06-07,30.64804458618164,30.764874411630185,30.118421194065107,30.344290605342486,62272629.0
2022-06-08,30.788232803344727,30.84275258495271,30.391016827185805,30.65582846832684,59693086.0
2022-06-09,31.380168914794922,31.621612834645937,30.69477349322238,30.764870786009407,90860722.0
2022-06-10,31.247760772705078,31.278915784478876,30.764869974633022,31.08420141755082,79539375.0
2022-06-13,30.0405330657959,30.811603285979647,29.861396200140295,30.811603285979647,97131216.0
2022-06-14,30.562368392944336,30.609097939580053,29.682258621004394,29.752355912063425,59836244.0
2022-06-15,31.528148651123047,32.01103942950868,30.523421845669528,30.523421845669528,139489478.0
2022-06-16,31.12314224243164,31.917577178909394,31.12314224243164,31.839692624219644,63688339.0
2022-06-17,31.037466049194336,31.286700178282427,30.58573030438662,31.02967878251885,55073077.0
2022-06-20,30.92064094543457,31.23218213860223,30.686984307782488,31.068622789356308,61420616.0
2022-06-21,31.411317825317383,31.660551935452933,30.72592253689214,30.95179187767278,58391388.0
2022-06-22,30.616886138916016,31.52036062399979,30.609095900925276,31.465840842485658,73071187.0
2022-06-23,31.263334274291992,31.317854052360357,30.624671470258214,30.624671470258214,61602983.0
2022-06-24,31.310070037841797,31.61382396751499,30.88948630239951,31.364589821572608,63995033.0
2022-06-27,32.127872467041016,32.21354726899669,31.271130389695507,31.41132497996741,89340811.0
2022-06-28,32.15123748779297,32.26027706525997,31.85527376926986,32.01104289644806,49916367.0
2022-06-29,31.940940856933594,32.486141634401505,31.925366323413414,32.14344544595849,62280411.0
2022-06-30,32.8677864074707,33.257215149333845,31.902001820363672,31.964311845192423,83262823.0
2022-07-01,32.2291259765625,33.00798351993256,32.09671864921461,33.00798351993256,69574815.0
2022-07-04,31.97209930419922,32.22133346279566,31.777384932101654,32.15123616999632,48691785.0
2022-07-05,31.91758155822754,32.4549921899761,31.746231949073337,32.29143282002294,53453841.0
2022-07-06,30.99852180480957,32.003248495129775,30.84274974124671,31.90199620814817,88526638.0
2022-07-07,30.95958137512207,31.28670005408722,30.80380930228407,30.998523650555278,50812921.0
2022-07-08,31.006315231323242,31.32564665747545,30.866120656807123,31.310069152406403,48036145.0
2022-07-11,30.718135833740234,30.912850190379043,30.531211715185947,30.827178369186417,40375487.0
2022-07-12,30.609100341796875,30.998529106886163,30.398808452115976,30.65583286320564,58062988.0
2022-07-13,29.518695831298828,30.5701521037501,29.35513352378665,30.42995753794258,141083081.0
2022-07-14,28.4127197265625,28.965707808974106,27.649439773845334,28.95013030327309,232523374.0
2022-07-15,28.34119415283203,29.22711061103022,28.333067844244283,28.52813025496141,138245173.0
2022-07-18,28.95889663696289,29.129577007403366,28.4549787330993,28.568768747187143,90308021.0
2022-07-19,29.0239200592041,29.13770698717018,28.609410092976066,28.853239667254986,53781384.0
2022-07-20,29.13770866394043,29.35715622355825,29.02392172942632,29.2108578504797,46968871.0
2022-07-21,28.820728302001953,29.1214544414706,28.74757911949083,28.885751175550176,46624082.0
2022-07-22,28.926389694213867,29.300261925722417,28.65004867517247,28.893878256571032,51033274.0
2022-07-25,29.13770866394043,29.243369289044143,28.625667458626946,28.755710112423273,40464861.0
2022-07-26,29.527835845947266,29.544088462632523,29.088940784380743,29.137704835358562,45628522.0
2022-07-27,29.300264358520508,29.54409396016422,29.186477417784218,29.446562739599056,44247135.0
2022-07-28,29.080812454223633,29.544089558462638,29.05643042783036,29.340897737288998,57066760.0
2022-07-29,28.503747940063477,29.405920106761467,28.454980787647525,29.121452802154483,64970631.0
2022-08-01,28.056726455688477,28.454980680640595,27.99983299498103,28.438728063690817,70588273.0
2022-08-02,27.56093978881836,27.80476936553681,27.089536353890864,27.79664305651275,81160751.0
2022-08-03,26.870086669921875,28.03234409708371,26.780681775453882,27.552811290768958,100320625.0
2022-08-04,27.35774803161621,27.390259468722327,27.008257833878687,27.089536426643978,59307271.0
2022-08-05,27.877920150756836,27.910431589644087,27.325238091519413,27.479665876003125,48871948.0
2022-08-08,27.56093978881836,28.032346324207143,27.32523652112397,27.788513647027408,57211197.0
2022-08-09,27.30898094177246,27.593451366444626,27.14642995677271,27.593451366444626,49867119.0
2022-08-10,26.943235397338867,27.39025676175451,26.84570109565979,27.27646984358991,52960480.0
2022-08-11,27.92668342590332,27.959194860269882,26.967617815316995,27.19519165496086,82668809.0
2022-08-12,27.934810638427734,27.99170410018017,27.65846963828973,27.764130253170443,40200050.0
2022-08-15,27.414640426635742,27.902302662815636,27.25208634790911,27.71536345698025,45918083.0
2022-08-16,27.56093978881836,27.934812013150736,27.430897141204436,27.520302042775498,47915454.0
2022-08-17,27.829153060913086,27.9023022402091,27.26021534421756,27.634087549303345,45395476.0
2022-08-18,27.40651512145996,27.772257936410938,27.178938162724954,27.73974959984418,50734443.0
2022-08-19,27.51217269897461,27.756005376736486,27.19519393843772,27.21144965698593,42844967.0
2022-08-22,27.32523536682129,27.73161901100556,27.227704160346185,27.260215595991603,52563482.0
2022-08-23,26.90259552001953,27.308979156880618,26.837575750361527,27.300852848346278,53965720.0
2022-08-24,26.691280364990234,27.178939543337417,26.658768926310703,26.935109954163824,58965852.0
2022-08-25,27.38212776184082,27.4471506305976,26.488085019662293,26.740043985403275,65073875.0
2022-08-26,27.3902587890625,27.666599796684803,27.08953575444627,27.390258789062504,54968310.0
2022-08-29,27.04889488220215,27.48778997042789,26.91072592875768,27.073280009633276,38901392.0
2022-08-30,27.46340560913086,27.528425375677838,26.88634161650978,26.91072364140728,59087736.0
2022-08-31,28.48749351501465,28.641921287774036,27.203322781078484,27.260216244581027,166545105.0
2022-09-01,28.04047393798828,28.479369056780577,28.032347628586095,28.33307068384981,60742108.0
2022-09-02,27.89417266845703,28.3655791768289,27.731618593140485,28.12174651362353,47663498.0
2022-09-05,27.821025848388672,27.95106849957533,27.276473215438717,27.837281567344675,46737206.0
2022-09-06,27.32523536682129,28.243663270806863,27.227704160346185,27.8941730887715,87756101.0
2022-09-07,27.13017463684082,27.21145013053499,26.870089336465874,27.105789508363493,62522016.0
2022-09-08,27.065149307250977,27.25208540616529,27.02451156408892,27.12204276777007,41667222.0
2022-09-09,28.04047393798828,28.251792087520815,27.130175362333514,27.187068829533096,135166615.0
2022-09-13,28.7313232421875,28.975155916183414,27.86979187566758,27.999834521583487,143861057.0
2022-09-14,28.333066940307617,28.690683415520393,28.211150612153187,28.365578374543603,56078636.0
2022-09-15,29.267745971679688,29.308386812692483,28.568768772988257,28.568768772988257,134095049.0
2022-09-16,28.406217575073242,29.25962261457271,28.381832447914164,29.00766363700342,86516134.0
2022-09-19,28.520002365112305,28.706938456877214,28.24366138153354,28.357448298219925,44998129.0
2022-09-20,28.072982788085938,28.601279663437044,27.918555019530373,28.52813048371629,50434551.0
2022-09-21,27.967321395874023,28.349323001632413,27.520300021315236,27.99983283050475,53038925.0
2022-09-22,27.77225685119629,27.837279722711575,27.560938719693947,27.634087899918057,38514551.0
2022-09-23,27.92668342590332,28.170512982730465,27.634086717526337,27.634086717526337,36643717.0
2022-09-26,27.59345245361328,28.05672960013033,27.50404754806413,27.65034592069703,52549140.0
2022-09-27,27.552814483642578,27.6747277262129,27.178939145227297,27.544685073861054,47541362.0
2022-09-28,27.365873336791992,27.63408803238652,27.16268151302444,27.463407644532463,48729860.0
2022-09-29,26.943235397338867,27.894171585252458,26.821319070470516,27.625960006787466,61785902.0
2022-09-30,27.349620819091797,27.59345038841032,26.91885204281917,27.032638968470405,53971707.0
2022-10-10,25.845998764038086,26.894469294486115,25.398977382203526,26.813193807047504,127799132.0
2022-10-11,25.520893096923828,26.06544725392254,25.44774391536948,25.83787340040288,61866447.0
2022-10-12,25.155147552490234,25.439614855967818,24.423655771460627,25.398977112679745,117369975.0
2022-10-13,24.29361343383789,24.838167571893976,24.13918876724433,24.765018392884162,135038091.0
2022-10-14,25.26080894470215,25.37459587658649,24.464297321050395,24.626849859423647,126919692.0
2022-10-17,25.2120418548584,25.342084497998187,24.82191392543903,24.95195656857882,64630961.0
2022-10-18,25.033231735229492,25.50463669809321,24.951956246987578,25.43961537736134,56281382.0
2022-10-19,24.59433937072754,25.25268046804455,24.55370007445449,24.96821159505576,52827518.0
2022-10-20,24.439912796020508,24.74876524235856,24.28548657285148,24.383019332282082,55115404.0
2022-10-21,24.041656494140625,24.602466361056553,23.976635172630846,24.504933603676598,72871094.0
2022-10-24,22.773740768432617,23.96850817547002,22.75748504991304,23.887231133102773,145145835.0
2022-10-25,22.911911010742188,23.1394848664651,22.6030585633602,22.77374050538301,86028249.0
2022-10-26,22.700590133666992,23.017568873375378,22.562419635547595,22.741227877136588,75402189.0
2022-10-27,22.70871925354004,23.115102911726787,22.676207816774397,22.920038941824824,76286564.0
2022-10-28,22.09101676940918,22.757485746814698,21.936590539205486,22.432379117620627,94946422.0
2022-10-31,21.798418045043945,22.05037546597026,21.37577869042329,21.863439364967853,95303253.0
2022-11-01,22.911911010742188,22.96067661550701,21.952845332393846,22.02599451465639,105901901.0
2022-11-02,23.098846435546875,23.326421834748484,22.63556932844948,22.887526754194795,72836102.0
2022-11-03,22.798124313354492,23.0663374858564,22.659953797203162,23.041955456684885,50172213.0
2022-11-04,23.635272979736328,23.773443482498536,22.749356500301698,22.798122104149947,92682957.0
2022-11-07,23.700294494628906,23.919742039079132,23.261400955959054,23.407697768695265,54538019.0
2022-11-08,23.69216537475586,23.879101472940825,23.521484993864508,23.732804667989893,43978188.0
2022-11-09,23.716550827026367,24.017273869597208,23.57025246027054,23.692167249156846,46305956.0
2022-11-10,23.72467613220215,23.814079474304247,23.383313829931957,23.57024992278146,40004562.0
2022-11-11,25.39084815979004,25.84599737597064,24.147313735858763,24.464294010721915,168871688.0
2022-11-14,26.935110092163086,27.382131524681846,26.276770508067592,26.41493947247133,204968536.0
2022-11-15,27.04889488220215,27.495919379725336,26.618129203273853,26.94323736502504,91330506.0
2022-11-16,27.13017463684082,27.21145013053499,26.707535248616193,27.032640323854206,61459443.0
2022-11-17,26.260513305664062,27.065151218666127,26.008554319527576,27.065151218666127,103715191.0
2022-11-18,26.065446853637695,26.561235398729927,25.87038288923188,26.2442566503493,56273194.0
2022-11-21,25.90289306640625,25.984168551619724,25.236422615949994,25.68344553577665,47910404.0
2022-11-22,26.374298095703125,26.723788264063973,25.845998138749927,26.06544567007844,65416650.0
2022-11-23,26.187362670898438,26.780682411366016,26.130469209515322,26.27676756748937,57764427.0
2022-11-24,26.187362670898438,26.71565954095039,26.073575748132207,26.496212003989324,40630100.0
2022-11-25,26.83757781982422,27.00013190719552,26.15485313323381,26.17923516117804,83012155.0
2022-11-28,25.976043701171875,26.097960043571458,25.561533717843776,26.089830633832083,80937686.0
2022-11-29,28.333066940307617,28.373704682872088,26.618127540122167,26.650638974358152,175318695.0
2022-11-30,28.414342880249023,28.80447079594234,27.796641122183203,27.902301734910896,87332461.0
2022-12-01,28.446853637695312,29.666004507882253,28.32493731049222,29.178345399991876,83139723.0
2022-12-02,27.951065063476562,28.44685357907128,27.764128969155127,28.44685357907128,59846240.0
2022-12-05,29.340900421142578,29.340900421142578,28.12987879243207,28.42247553776013,105060439.0
2022-12-06,29.13770866394043,29.243369289044143,28.788218450526283,29.186475821787088,65110353.0
2022-12-07,28.706941604614258,29.21898588630996,28.690685886096475,29.09706954765722,56460628.0
2022-12-08,28.81260108947754,29.072686374591658,28.57689783094876,28.650047011165928,44355151.0
2022-12-09,29.86919593811035,30.015494288701237,28.95889750145891,29.09706644342755,95816291.0
2022-12-12,29.088943481445312,29.747283034373908,28.999538579081847,29.592858357857846,60626240.0
2022-12-13,29.373409271240234,29.470940477601367,28.94264360105586,29.04017480741699,38290398.0
2022-12-14,29.99924087524414,30.104901492219227,29.275878475372558,29.373409683101226,64436167.0
2022-12-15,29.527835845947266,30.039876983980516,29.43843095187323,29.763535993415783,40340341.0
2022-12-16,30.145536422729492,30.234941313326242,29.50344957249912,29.50344957249912,60782001.0
2022-12-19,29.66600227355957,30.34872683346266,29.462810477165327,30.153661344721453,54784253.0
2022-12-20,29.03204917907715,29.706644431203255,28.690685298122016,29.45468855049429,70291116.0
2022-12-21,29.21898651123047,29.446560374424106,29.023920985306383,29.251497948961376,33049776.0
2022-12-22,29.66600227355957,29.95046954832721,29.462810477165327,29.69038429697944,35971483.0
2022-12-23,29.560344696044922,29.90983486964119,29.381538005235047,29.49532492678526,33058360.0
2022-12-26,29.21898651123047,29.909837510474787,29.17021935463411,29.544091587155474,36047352.0
2022-12-27,29.804174423217773,30.05613339410278,29.5278365267428,29.62536773140815,36790747.0
2022-12-28,30.34060287475586,30.49502753580505,29.731027438380266,29.80417351430278,52885997.0
2022-12-29,30.25932502746582,30.332474205632984,29.787921624080486,29.991113441160266,51362913.0
2022-12-30,30.283710479736328,30.584436635371226,30.226817012553816,30.348733356780013,52322805.0
2023-01-03,30.543794631958008,30.706345600997068,29.69038654219795,30.13741100843836,60626616.0
2023-01-04,31.413455963134766,31.55975431854891,30.50315439601097,30.706346211812722,83645411.0
2023-01-05,31.291540145874023,31.917371320846836,31.210264658406846,31.689797475569854,61908519.0
2023-01-06,31.194005966186523,31.64102730555063,30.79574867446818,31.421579789762255,59000699.0
2023-01-09,31.535371780395508,31.77920135927609,31.218393017804623,31.218393017804623,49914886.0
2023-01-10,31.088346481323242,31.535367836779496,31.015197306760516,31.519112120158788,54197159.0
2023-01-11,31.632904052734375,31.844225301856294,30.99894650629144,31.194012036214644,54170698.0
2023-01-12,31.738563537597656,31.81984213067262,31.478478240680378,31.787330693442634,30434871.0
2023-01-13,32.23434829711914,32.23434829711914,31.673540023204772,31.754815506220442,46376708.0
2023-01-16,32.892696380615234,33.437249029044914,32.3481406317241,32.51069472544361,88046855.0
2023-01-17,33.06337356567383,33.274691696618056,32.73826540987839,32.876437461252856,43204705.0
2023-01-18,32.819541931152344,33.28281900867077,32.697625605295514,33.03898945741807,29467472.0
2023-01-19,33.03899383544922,33.16090707699994,32.445670944815824,32.67324790987431,47249021.0
2023-01-20,33.364097595214844,33.40473534079288,33.06337455738385,33.30720413131334,41340273.0
2023-01-30,34.160606384277344,34.64826859254002,34.01430803184464,34.583245724587265,100700740.0
2023-01-31,33.494136810302734,34.4206909565981,33.494136810302734,34.4206909565981,64231185.0
2023-02-01,32.949588775634766,33.884269358284755,32.470055920027775,33.843631611293254,91679130.0
2023-02-02,32.535072326660156,33.12026574422716,32.1449444151025,33.07962800144302,72723293.0
2023-02-03,31.941755294799805,32.34001264878133,31.70605202612628,32.34001264878133,63816364.0
2023-02-06,31.16962432861328,31.486606176073174,30.78762581065999,31.470350458219247,73100066.0
2023-02-07,31.2183895111084,31.649155155425802,31.01519770145514,31.29153868660201,42657086.0
2023-02-08,31.28341293334961,31.632899999728618,31.17775232232655,31.291539241677068,31706528.0
2023-02-09,31.28341293334961,31.608517974285228,31.145240888094683,31.226516373213332,49817481.0
2023-02-10,31.01519775390625,31.20213384704807,30.803879635712317,31.128984671430754,41102639.0
2023-02-13,30.657583236694336,30.86890136834461,30.129283256876906,30.803881597244974,82518134.0
2023-02-14,30.885154724121094,30.93392187406196,30.48689741742304,30.70634494146553,48607663.0
2023-02-15,30.21055793762207,30.958305438260435,30.07238898994365,30.88515625994213,77104778.0
2023-02-16,30.291837692260742,30.76324111478666,30.088645866930683,30.234944229205222,65415231.0
2023-02-17,29.836685180664062,30.381240853639266,29.81230315516672,30.194304757083906,57581280.0
2023-02-20,31.28341293334961,31.299665550004526,29.926090008548822,29.926090008548822,108022830.0
2023-02-21,31.445964813232422,31.551625427311954,30.99081712266418,31.234646685534468,53046540.0
2023-02-22,31.01519775390625,31.372814223334824,30.998942037051183,31.25902730581032,38309139.0
2023-02-23,31.104604721069336,31.510988368169073,31.015199822633605,31.015199822633605,37063824.0
2023-02-24,30.44626235961914,31.08834927169423,30.39749830584106,31.023326399375193,53369015.0
2023-02-27,30.202436447143555,30.543800367238475,30.145542977204666,30.291841357179404,44933367.0
2023-02-28,30.32434844970703,30.46251739961761,29.950473143117254,30.21055842568163,37822552.0
2023-03-01,31.088346481323242,31.161495655885968,30.234941511732043,30.275579253053355,57119401.0
2023-03-02,31.088346481323242,31.291538288390715,30.698218583809005,30.917666107497187,34907009.0
2023-03-03,31.088346481323242,31.510985812078896,30.80387919161315,31.291538288390715,35711390.0
2023-03-06,30.072389602661133,31.07209299307264,29.99924042285243,30.901412607006048,81051939.0
2023-03-07,29.71477508544922,30.462519550502947,29.592858744187204,29.982986695579758,73741149.0
2023-03-08,29.259624481201172,29.519709784108272,29.09707039176889,29.462816317876182,61658357.0
2023-03-09,28.918262481689453,29.32464613814628,28.85323960843496,29.259623264891793,53999602.0
2023-03-10,28.471237182617188,28.983281443555384,28.40621741164314,28.48749290047599,55845366.0
2023-03-13,28.48749351501465,28.755708214779126,28.211152506376045,28.381832896883683,58420463.0
2023-03-14,28.105493545532227,28.38996084843799,27.910428037496082,28.186769031944998,62666750.0
2023-03-15,28.349327087402344,29.02392240067832,28.349327087402344,28.568774652095446,67638378.0
2023-03-16,28.162385940551758,28.568769558161677,27.80476637276002,28.0404696150844,40389489.0
2023-03-17,27.92668342590332,28.747576990662278,27.650342434709618,28.46310969110745,83271578.0
2023-03-20,27.731618881225586,28.37370578014254,27.650343392953552,27.991704164249466,52072515.0
2023-03-21,27.821025848388672,28.040473403602668,27.642216040334002,27.80477012943267,36747539.0
2023-03-22,28.072982788085938,28.22740745618036,27.861661557576582,28.056727070318974,45986740.0
2023-03-23,28.609407424926758,28.723194342281325,27.894171386676824,27.959194253999986,54214633.0
2023-03-24,27.983577728271484,28.43059911265585,27.821023652005955,28.43059911265585,67871839.0
2023-03-27,27.804765701293945,28.12174441930111,27.67472307081765,28.12174441930111,44983610.0
2023-03-28,27.959197998046875,28.219283301245895,27.780388189424535,27.96732430731999,53323436.0
2023-03-29,27.731618881225586,28.20302539449458,27.71536316347895,28.129876214865295,41863012.0
2023-03-30,27.91855812072754,27.951069559872835,27.39838749624872,27.75600712592402,56228970.0
2023-03-31,27.853534698486328,28.300556076629803,27.7478740853197,27.926683876761523,57779428.0
2023-04-03,27.934810638427734,27.999833509265446,27.617831894246727,27.886046585760585,50467501.0
2023-04-04,27.861661911010742,27.975448836361753,27.68285521422823,27.942940500876595,48782066.0
2023-04-06,27.471534729003906,27.77225776854237,27.414641264779366,27.77225776854237,48679567.0
2023-04-07,27.747873306274414,27.84540450774937,27.430894576135056,27.51217006062069,39414120.0
2023-04-10,27.829153060913086,27.87791711346968,27.60970552302505,27.756003881617076,33015949.0
2023-04-11,27.414640426635742,27.91042897154444,27.33336493750301,27.82915348241171,73399153.0
2023-04-12,27.422767639160156,27.593448012943462,27.357744772693607,27.54468086309355,41612769.0
2023-04-13,27.642213821411133,27.829153024168324,27.024512052974607,27.34962020507454,63430456.0
2023-04-14,27.951065063476562,28.27617320170749,27.650342050912602,27.79664040307042,69392338.0
2023-04-17,28.609407424926758,28.609407424926758,27.7153616019991,27.894171386676824,89373012.0
2023-04-18,28.999536514282227,29.54408909832504,28.54438572577606,28.617534904277747,94271463.0
2023-04-19,28.85323715209961,29.129578138983227,28.69068308326319,29.129578138983227,51088648.0
2023-04-20,28.43872833251953,29.048303789113916,28.333067718580732,28.934513766162304,68091530.0
2023-04-21,28.04047393798828,28.593155991179746,27.983580470788695,28.438731308846794,53159146.0
2023-04-24,27.30898094177246,28.194897452050828,27.235831758338055,28.05672849470878,72987368.0
2023-04-25,27.658470153808594,27.747875052646272,27.235830786869407,27.317109376931473,51221280.0
2023-04-26,27.487789154052734,27.601576077147865,27.105787540409548,27.47153343640184,49650070.0
2023-04-27,26.520597457885742,26.81319417744443,26.122340122828387,26.796938459639932,155927939.0
2023-04-28,27.30898094177246,27.430897280983576,26.34178893899422,26.38242668524416,94021308.0
2023-05-04,27.739749908447266,27.959197460135965,26.683152996971597,27.057025225569536,72543303.0
2023-05-05,28.194896697998047,28.495622833219734,27.756004709590755,27.780386736596377,80088973.0
2023-05-08,28.934513092041016,29.218983492100747,28.154257269889403,28.333067058472036,106426580.0
2023-05-09,28.43872833251953,29.340897403891894,28.414343205942206,28.99953663642037,98552978.0
2023-05-10,27.959197998046875,28.544388380013977,27.869793093735705,28.365581671853015,63837387.0
2023-05-11,27.999835968017578,28.715072107733832,27.959198220406048,28.12174921085217,44580284.0
2023-05-12,27.666597366333008,28.081107291123537,27.63408593288957,28.016087524697603,45936569.0
2023-05-15,28.20302391052246,28.324937136515747,27.39838297693848,27.707235396951226,52809453.0
2023-05-16,28.300556182861328,28.60940861456715,28.09736436471875,28.406216796424573,38524804.0
2023-05-17,28.04047393798828,28.552518243245963,27.983580470788695,28.29243293591603,39637635.0
2023-05-18,27.999835968017578,28.316814740033475,27.80477043883627,28.22740983501127,32901230.0
2023-05-19,27.59345245361328,27.999836133046582,27.58532304376622,27.918557536883068,39298980.0
2023-05-22,27.79664421081543,27.91043114464515,27.617834400247922,27.617834400247922,29693441.0
2023-05-23,27.30898094177246,27.942941565024434,27.30898094177246,27.804769507221085,34692126.0
2023-05-24,26.76442527770996,27.300851528413183,26.76442527770996,27.300851528413183,46399873.0
2023-05-25,26.34991455078125,26.62625555861404,26.13859641559675,26.62625555861404,70605103.0
2023-05-26,26.610002517700195,26.707533724660248,26.187363153591754,26.36616984960832,29462374.0
2023-05-29,26.56936264038086,26.780683880362094,26.366170809878053,26.780683880362094,38730090.0
2023-05-30,26.528724670410156,26.740045908607364,26.30115081431586,26.56936241607539,34007178.0
2023-05-31,26.252384185791016,26.658767851516764,26.20362013019917,26.4962137651342,52541398.0
2023-06-01,26.057321548461914,26.414938055196977,26.024810111360193,26.260513379655734,47239881.0
2023-06-02,26.878215789794922,26.90259781794166,26.17110906938725,26.18736478830553,55885607.0
2023-06-05,26.85383415222168,27.040770271808732,26.69128006113599,26.87821618072304,31273034.0
2023-06-06,26.878215789794922,27.471535578235997,26.805066604893344,26.853833761648183,38663375.0
2023-06-07,27.065149307250977,27.31710827559343,26.951362386212796,27.02451156408892,33890635.0
2023-06-08,27.699111938476562,27.812898867961316,27.00013154254303,27.08140703490034,54961501.0
2023-06-09,27.422767639160156,27.83727756127117,27.422767639160156,27.674723495565722,41510872.0
2023-06-12,27.414640426635742,27.569065096172398,27.130173114210013,27.414640426635742,40677376.0
2023-06-13,27.414640426635742,27.585320814091176,27.227704321261523,27.276471475017864,23124556.0
2023-06-14,27.13829803466797,27.666597988388826,27.13829803466797,27.577193094639664,38263310.0
2023-06-15,27.40651512145996,27.463408586028393,27.073280643075744,27.227705318267017,36953706.0
2023-06-16,27.577194213867188,27.66659911124487,27.430895854605733,27.520300751983417,42680637.0
2023-06-19,27.292724609375,27.56093617849272,27.276468892995005,27.56093617849272,27896062.0
2023-06-20,26.97574806213379,27.276474223238907,26.902598874359768,27.227707064569067,30764875.0
2023-06-21,26.959489822387695,27.341491445104655,26.821320869764822,26.87008802387588,42786599.0
2023-06-26,26.50434112548828,26.902595350849612,26.349913360157043,26.76442640340701,43210300.0
2023-06-27,26.67502212524414,26.829446793688835,26.366169687893603,26.520597456799447,34571527.0
2023-06-28,26.861957550048828,26.96761816287137,26.59374596422061,26.66689514225759,33381801.0
2023-06-29,26.561235427856445,26.967619075038506,26.553106018654546,26.86195845864204,25854831.0
2023-06-30,26.62625503540039,26.82132054905094,26.528723828805692,26.601873008867006,29361327.0
2023-07-03,27.40651512145996,27.43902345802672,26.65876757212142,26.740046164691524,45366767.0
2023-07-04,27.235830307006836,27.308979486543304,27.113917074753484,27.308979486543304,22408656.0
2023-07-05,26.845701217651367,27.22770281647783,26.691276556649246,27.22770281647783,41307158.0
2023-07-06,26.47995948791504,26.918851463051222,26.42306292585365,26.845702283785005,40784246.0
2023-07-07,26.260513305664062,26.47996085479043,26.244257587159,26.414937980770194,47279440.0
2023-07-10,26.374298095703125,26.569360501021116,26.27676689304413,26.431191555625958,27207677.0
2023-07-11,26.58561897277832,26.658768157466906,26.39055654724966,26.601874691649268,32916654.0
2023-07-12,26.98387336730957,27.178935771392734,26.59374545868223,26.59374545868223,63204933.0
2023-07-13,27.316648483276367,27.445297990433076,26.973582585569403,27.436721138506996,56385028.0
2023-07-14,27.38526153564453,27.608253141218093,27.256612029085254,27.39383838753078,34752056.0
2023-07-17,27.145112991333008,27.256610423418785,26.956427168552555,27.248033572037794,26200279.0
2023-07-18,26.98215675354004,27.24803424531909,26.922120428256758,27.145113662071203,31638946.0
2023-07-19,27.0850772857666,27.13653675936002,26.8106245787788,26.836355133509095,24029564.0
2023-07-20,27.17942237854004,27.53106349559652,27.102232346350217,27.248035558723515,27239443.0
2023-07-21,27.27376365661621,27.42814371634155,27.110808381010315,27.27376365661621,31566900.0
2023-07-24,26.973581314086914,27.21372661322819,26.930697056478003,26.982156529741538,23912203.0
2023-07-25,28.534534454345703,28.603145999961043,27.445298766925212,27.445298766925212,126162096.0
2023-07-26,28.6031436920166,28.929057504662026,28.362998394138028,28.534532151937427,50175140.0
2023-07-27,28.8690242767334,29.00625064334519,28.47449888169133,28.731797910121607,54848896.0
2023-07-28,30.10405731201172,30.267015848597783,28.654603815505766,28.723218624959728,125628759.0
2023-07-31,30.49858856201172,30.91026763915639,30.026869885532378,30.464281154316044,116275605.0
2023-08-01,30.00971794128418,30.515740728227154,29.821030480200058,30.472854834901266,66009585.0
2023-08-02,29.186357498168945,29.863914065067483,28.96336589565944,29.297854935290907,91535761.0
2023-08-03,29.74384117126465,29.82960641651993,29.049130906453072,29.177782046070384,50929381.0
2023-08-04,29.91537857055664,30.447130353604273,29.778152198423875,30.0869123536563,81264248.0
2023-08-07,29.58946418762207,29.829609516682442,29.40077670236908,29.803880594778754,34467192.0
2023-08-08,29.289281845092773,29.718114649432437,28.997675407272418,29.443661916393825,50228255.0
2023-08-09,29.17778205871582,29.426505850492077,29.11774573266423,29.17778205871582,38683250.0
2023-08-10,29.28070068359375,29.375044415412717,28.98909427239619,29.074862788474505,28772469.0
2023-08-11,28.431612014770508,29.56373018838687,28.431612014770508,29.29785271135039,60624004.0
2023-08-14,27.839820861816406,28.15715944695984,27.659711895157166,28.131427257626964,66707291.0
2023-08-15,27.754058837890625,27.994204154595504,27.573949850361963,27.83982408764678,58295914.0
2023-08-16,27.419567108154297,27.659714051623226,27.34237707760597,27.573948805118167,58015181.0
2023-08-17,27.26519012451172,27.333803306863867,27.007889463790686,27.256613272234286,64607569.0
2023-08-18,27.342376708984375,27.98562750017072,27.230880908510624,27.230880908510624,67459467.0
2023-08-21,26.699127197265625,27.308070573490067,26.699127197265625,27.28234001870858,80957531.0
2023-08-22,26.862085342407227,26.990734850502676,26.587632622239006,26.767741606399184,60107044.0
2023-08-23,26.458982467651367,26.965005271547714,26.458982467651367,26.759165736450978,56074358.0
2023-08-24,26.63909149169922,26.716281521972228,26.416098252673553,26.587632016806285,41225614.0
2023-08-25,27.06792449951172,27.316648296061665,26.501865363207905,26.58763224601365,64747134.0
2023-08-28,27.668289184570312,29.10059235339555,27.471026500812954,28.560262141178356,140509367.0
2023-08-29,27.479604721069336,27.822668974456327,27.24803463237256,27.668288915325142,72116998.0
2023-08-30,27.1536922454834,27.608253957829255,27.05934850781134,27.608253957829255,63980158.0
2023-08-31,27.059349060058594,27.513914053416105,27.00788958203601,27.27376546033122,50322017.0
2023-09-01,27.676868438720703,27.985628568538495,27.342377752795674,27.40241571704589,69752619.0
2023-09-04,28.757524490356445,28.826139303943883,27.848401112463584,27.942744845279123,110429932.0
2023-09-05,28.397306442260742,28.68033436805637,28.277233790605965,28.560261716401598,44732261.0
2023-09-06,28.611724853515625,28.6974901045641,28.10570202016655,28.38872996601421,54674047.0
2023-09-07,28.423038482666016,28.568843341211423,28.311541034570674,28.568843341211423,35870198.0
2023-09-08,28.44876480102539,28.525954831606292,28.260080604287754,28.30296322755838,29850098.0
2023-09-11,28.225772857666016,28.551686679726835,28.225772857666016,28.414460323869818,63287369.0
2023-09-12,28.200042724609375,28.34584429004825,28.148581616477518,28.217196427319994,27759078.0
2023-09-13,28.088546752929688,28.37157795476578,28.011356722586612,28.260080517218128,29891534.0
2023-09-14,28.363000869750977,28.465919824719986,28.174313392528965,28.260081914781967,43734390.0
2023-09-15,28.26865577697754,28.663181145238497,28.131429419680927,28.560262195199645,43960215.0
2023-09-18,28.320117950439453,28.34584687098091,28.04566522554872,28.191466804263055,36040192.0
2023-09-19,28.26865577697754,28.302963184235303,28.06281787689984,28.302963184235303,38465270.0
2023-09-20,28.071392059326172,28.182889492941612,27.98562681607387,28.182889492941612,30931758.0
2023-09-21,27.76263427734375,28.14000923146732,27.76263427734375,28.08854811815922,39031854.0
2023-09-22,28.594568252563477,28.62029717092497,27.719749039195676,27.95131911965194,71283316.0
2023-09-25,28.302963256835938,28.543108564787403,28.21719801020597,28.543108564787403,45651541.0
2023-09-26,28.13142967224121,28.37157825346713,28.088547048651233,28.24292711096273,32202356.0
2023-09-27,28.148582458496094,28.380152544415104,28.088546133080165,28.21719727139107,35246679.0
2023-09-28,28.27723503112793,28.42303660832379,28.088547557830204,28.32011765549527,38856469.0
2023-10-09,27.942745208740234,28.045664158725707,27.771211444274822,28.045664158725707,36134267.0
2023-10-10,27.95132064819336,28.4144608344331,27.95132064819336,28.405882346687296,34263698.0
2023-10-11,27.831247329711914,28.174311581467773,27.788364707209226,28.165736365660987,37609124.0
2023-10-12,28.363000869750977,28.585995755874187,28.114277062819163,28.294389323683166,61745963.0
2023-10-13,27.968473434448242,28.200043519971487,27.882704918476108,28.11427500399935,41037187.0
2023-10-16,27.7111759185791,28.01135756127075,27.65113959004077,27.94274601654174,28677414.0
2023-10-17,27.891284942626953,27.959896487450507,27.633985924003206,27.779787501587336,28622914.0
2023-10-18,27.865556716918945,27.994204593570494,27.79694189865043,27.865556716918945,24931667.0
2023-10-19,27.076501846313477,27.788365841506362,27.03361922206036,27.788365841506362,60429338.0
2023-10-20,27.145112991333008,27.282339341694634,26.930696614409577,27.007886640971382,37258937.0
2023-10-23,26.784894943237305,27.1451145424874,26.58763225780367,27.093655067128022,39380184.0
2023-10-24,26.84493064880371,26.939274381333817,26.62193904878795,26.91354382631637,36552663.0
2023-10-25,26.947851181030273,27.230880742207507,26.75916535220118,27.1022312391028,37569332.0
2023-10-26,27.01646614074707,27.230882538689507,26.810626595026406,26.896393481376837,28702985.0
2023-10-27,27.042194366455078,27.145113312510453,26.716280553589698,26.973581190462443,39145276.0
2023-10-30,26.50186538696289,26.69912807248587,26.20168211480732,26.596209121720502,83850056.0
2023-10-31,26.381793975830078,26.57905667065011,26.25314446337646,26.364640271271647,52801599.0
2023-11-01,26.115917205810547,26.484712026004864,26.098763501838558,26.41609884598415,52989707.0
2023-11-02,26.31317901611328,26.42467481647737,26.16737580894966,26.244565838381412,36466771.0
2023-11-03,26.579055786132812,26.621940046101756,26.244566737711324,26.31317991779438,43956879.0
2023-11-06,26.707704544067383,26.887815159143006,26.553324484250336,26.71628139582024,51982385.0
2023-11-07,26.41609764099121,26.707704051744187,26.287448138804233,26.707704051744187,51624067.0
2023-11-08,26.244565963745117,26.398946023346056,26.158799082203796,26.364638616382646,44518298.0
2023-11-09,26.2960262298584,26.398946817979432,26.175953573606566,26.20168249373639,32764958.0
2023-11-10,25.8671932220459,26.210259119712177,25.815733746362767,26.158799644029042,51696462.0
2023-11-13,25.57558822631836,25.961538405132952,25.395479233449766,25.875771516966672,63424273.0
2023-11-14,25.901500701904297,25.901500701904297,25.609894279108772,25.618471131057728,44834267.0
2023-11-15,26.278871536254883,26.39036897217619,26.0644551519555,26.11591626201173,60193960.0
2023-11-16,26.193105697631836,26.390368374108707,26.04730249417781,26.304601495159197,31571993.0
2023-11-17,26.012996673583984,26.175953589932572,25.81573398508516,26.12449247790633,43245282.0
2023-11-20,26.2274112701416,26.235988121558663,25.85003798712648,26.02157174373348,36922708.0
2023-11-21,26.098764419555664,26.476137740872893,26.04730494169746,26.37321714928917,48854470.0
2023-11-22,25.8671932220459,26.081609612570727,25.858616370120835,25.987265877262285,27370542.0
2023-11-23,25.85004234313965,25.910078677308732,25.687087046357114,25.747123380526197,29979383.0
2023-11-24,25.729965209960938,25.815732087834235,25.66992888620977,25.781424682338063,29116276.0
2023-11-27,25.215368270874023,25.755698514060732,25.12102616742076,25.72996795719131,58101958.0
2023-11-28,25.0095272064209,25.292556771346494,24.90660825692098,25.223943593057477,47516511.0
2023-11-29,24.700767517089844,25.078140822196286,24.597848565794507,25.04383505038692,62063752.0
2023-11-30,24.69219207763672,24.855147355024542,24.529235164381674,24.700767293611047,55156006.0
2023-12-01,24.237627029418945,24.649306073466718,24.07467012769987,24.63215237099795,88273644.0
2023-12-04,24.0832462310791,24.40915838852962,24.031786761137873,24.24620312773789,55787830.0
2023-12-05,23.59438133239746,24.0746736201275,23.585804479918863,24.0660967676489,61890167.0
2023-12-06,23.808795928955078,23.980328057900532,23.54292006577593,23.637262164142406,61125926.0
2023-12-07,23.8516788482666,23.963176287538886,23.405693998779178,23.817373076398603,59496698.0
2023-12-08,23.58580207824707,23.971752221147078,23.58580207824707,23.757335838617557,53349765.0
2023-12-11,23.808795928955078,23.885985959534057,23.071203030474692,23.37138630096326,75808597.0
2023-12-12,24.057519912719727,24.074673617675174,23.680148218903952,23.75733825533612,50420111.0
2023-12-13,23.34565544128418,23.94602197443846,23.32850337372018,23.94602197443846,67123932.0
2023-12-14,23.182701110839844,23.705875999869853,23.182701110839844,23.534343866170623,44526808.0
2023-12-15,23.354232788085938,24.05751828500194,23.328503868260913,23.560072326022286,98068659.0
2023-12-18,23.397117614746094,23.482882864064866,23.07120377821259,23.15697066339863,47716425.0
2023-12-19,23.40569305419922,23.457152527858096,23.174122968933514,23.328503025777316,37657373.0
2023-12-20,23.20842933654785,23.50861260637121,23.20842933654785,23.422845724154932,53112808.0
2023-12-21,23.765911102294922,23.800218508785093,23.088356182785848,23.139815656653923,75910481.0
2023-12-22,23.680145263671875,23.88598478984687,23.50861150725914,23.825948465862556,62364372.0
2023-12-25,23.611534118652344,23.774489401803223,23.517190380925943,23.671570447799223,41903386.0
2023-12-26,23.388538360595703,23.577224179932802,23.294194632993598,23.577224179932802,36525708.0
2023-12-27,23.414270401000977,23.474308367579138,23.199853999395227,23.4400009581059,41063687.0
2023-12-28,24.006059646606445,24.126132305622924,23.371387306870727,23.371387306870727,106106285.0
2023-12-29,23.86025619506836,24.057518886035542,23.817373570377153,23.928869376094653,65577345.0
2024-01-02,23.654417037963867,23.98032924418992,23.637263333460574,23.971754027805577,54219480.0
2024-01-03,23.817373275756836,23.877409603928783,23.602956883218585,23.654416359384935,43395588.0
2024-01-04,23.8516788482666,23.86883255213422,23.465730326448604,23.808796224464793,63710249.0
2024-01-05,24.26336097717285,24.683616931242,23.68872495102374,23.80022076093297,119063315.0
2024-01-08,24.126129150390625,24.52065612049686,23.971750738645135,24.160436554689895,81682070.0
2024-01-09,24.16044044494629,24.25478418609321,23.92887033624057,24.11755781853442,55866306.0
2024-01-10,24.057519912719727,24.3148205794494,24.031790991153898,24.031790991153898,45364048.0
2024-01-11,24.340545654296875,24.50350255388564,23.885983995886708,24.014633490986434,73531826.0
2024-01-12,24.47777557373047,24.683615109355046,24.237628630901526,24.237628630901526,57783201.0
2024-01-15,24.675037384033203,24.820840587755768,24.33197150347045,24.44346730120316,48245229.0
2024-01-16,24.983797073364258,24.983797073364258,24.529235372967165,24.554964292843387,85344024.0
2024-01-17,25.03525733947754,25.3697463735115,24.898030985214007,24.97522101397064,130860146.0
2024-01-18,25.369747161865234,25.455514044911904,24.529235306915766,24.820841727754107,129512645.0
2024-01-19,25.498397827148438,25.644201044192904,24.992374993633362,25.189639324364563,96861623.0
2024-01-22,25.944381713867188,26.158798091667745,25.472666337052825,25.524125809682157,154970267.0
2024-01-23,25.721389770507812,26.030149893453558,25.55843285719009,25.738543474197517,88605552.0
2024-01-24,25.807157516479492,25.97869128738081,25.198214102060376,25.85861699340298,97489239.0
2024-01-25,26.50186538696289,26.587632269845514,25.884346774769003,25.995842577409356,123450922.0
2024-01-26,26.6905517578125,26.887814435215535,26.29602476713927,26.51901799910811,100991578.0
2024-01-29,26.887815475463867,27.102231864206214,26.73343541383062,26.7591659693919,83882433.0
2024-01-30,26.587631225585938,27.016463987288937,26.398945399348797,26.759164984614003,74399913.0
2024-01-31,26.338909149169922,26.750589870400564,26.23599019576271,26.51901977143344,80894928.0
2024-02-01,26.090185165405273,26.45040474898551,25.901499340050734,26.304601545253817,85970009.0
2024-02-02,25.927228927612305,26.296025372205662,25.421206127244744,26.115916393702225,98729165.0
2024-02-05,26.338909149169922,26.544750327718877,25.78142684992361,25.927230063806544,106397881.0
2024-02-06,26.870662689208984,26.887816393502188,26.244567205312507,26.338909307190576,106215843.0
2024-02-07,26.85350799560547,26.999311204991617,26.424675219277646,26.9478517298751,111051058.0
2024-02-08,26.93069839477539,26.9735826545154,26.60478620008753,26.853508363110617,87300436.0
2024-02-19,27.119386672973633,27.436722025157433,26.939276048439964,27.436722025157433,87549010.0
2024-02-20,26.93069839477539,27.119385865896945,26.836356295081856,27.119385865896945,60640469.0
2024-02-21,28.302963256835938,28.637452299121033,26.887815421167584,26.93069804448257,152865612.0
2024-02-22,28.13142967224121,28.260080814745614,27.77978692402824,28.140008159999883,75276038.0
2024-02-23,28.260080337524414,28.64603048678571,27.977049137488,28.140007684806324,63984872.0
2024-02-26,27.65971565246582,28.35442596760803,27.513914070621876,28.182892192935736,66639018.0
2024-02-27,27.59967803955078,27.788365510095577,27.43672112477134,27.65113915108149,54349154.0
2024-02-28,27.462451934814453,27.694022031245073,27.102232330100357,27.694022031245073,68370752.0
2024-02-29,27.479604721069336,27.61683107677101,27.316647810223397,27.35095358121522,49892829.0
2024-03-01,27.393836975097656,27.513911259446857,27.230880069395482,27.376683272209608,42717392.0
2024-03-04,27.033618927001953,27.333802201099193,26.990734667349642,27.239458465731342,59135015.0
2024-03-05,27.59967803955078,27.6254069594489,26.85350828102785,26.94785201630025,89402867.0
2024-03-06,27.33380126953125,27.66828866821614,27.33380126953125,27.565369720292665,51610177.0
2024-03-07,27.445297241210938,27.556794677338985,27.2566114115898,27.333801440950083,51949197.0
2024-03-08,27.162269592285156,27.453874391017234,27.059349000598832,27.35095543519822,44107117.0
2024-03-11,26.999311447143555,27.230881541045623,26.759166137201177,27.059347774629153,73853794.0
2024-03-12,27.402416229248047,27.573950001434717,26.82778021905017,26.947852878060466,76925375.0
2024-03-13,27.033618927001953,27.436721152530264,26.95642889549503,27.410990596738877,46938714.0
2024-03-14,26.80204963684082,27.205151874466683,26.724859603017336,26.982158625184095,50817498.0
2024-03-15,26.74201202392578,26.947851558953495,26.587631963688192,26.793471498715906,52078063.0
2024-03-18,26.699127197265625,26.87923780900168,26.587631398280198,26.71628090045328,46189770.0
2024-03-19,26.41609764099121,26.681975132827095,26.356061315695097,26.67339828123234,54702530.0
2024-03-20,26.74201202392578,26.759165727478226,26.296025546765463,26.41609819989816,49827225.0
2024-03-21,27.059349060058594,27.239459686938602,26.63051625951334,26.733436851425818,64676108.0
2024-03-22,26.759166717529297,27.059348361467336,26.501866062324492,27.042196293147498,55287852.0
2024-03-25,26.887815475463867,27.02504183338959,26.519019025088273,26.68197593857528,48375902.0
2024-03-26,27.788366317749023,28.011357930727613,27.21372867335856,27.27376500268874,124430791.0
2024-03-27,27.702598571777344,28.00278349856871,27.625408535943524,27.694023355233433,78208488.0
2024-03-28,27.59967803955078,27.874130757578953,27.50533430427838,27.736904398564867,69474492.0
2024-03-29,27.616832733154297,27.994204416034044,27.505335290042368,27.531064210862585,30480176.0
2024-04-01,27.994203567504883,28.174312551256325,27.599678192125207,27.599678192125207,57015232.0
2024-04-02,27.91701316833496,28.234348507683794,27.822669433782334,28.04566431031299,53661899.0
2024-04-03,27.642560958862305,27.98562849593303,27.642560958862305,27.908438463678845,49808163.0
2024-04-08,27.788366317749023,27.925592680751517,27.471027695021416,27.65113995474653,47729123.0
2024-04-09,27.7111759185791,27.985628640964187,27.7111759185791,27.874131200078207,38477207.0
2024-04-10,27.865556716918945,28.02851200270475,27.608254420146622,27.608254420146622,50401372.0
2024-04-11,27.702598571777344,27.80551752897755,27.556796988388275,27.711177060055913,44374773.0
2024-04-12,27.548215866088867,27.848400764178074,27.49675802827623,27.685442219813137,47820414.0
2024-04-15,28.157161712646484,28.302963286416702,27.522487763024287,27.53106297900247,76464473.0
2024-04-16,28.088546752929688,28.277234220820418,27.83124774236424,28.054239345725115,74155610.0
2024-04-17,28.560260772705078,28.723219313195788,27.8484001021014,28.03708428915247,94821196.0
2024-04-18,28.86044692993164,29.24639380822188,28.465918292276207,28.525954618753996,100657401.0
2024-04-19,28.834714889526367,29.023402357577,28.663181125092557,28.783257050410324,54038350.0
2024-04-22,28.594568252563477,29.32358262783617,28.345844469288124,28.97193989938057,60753507.0
2024-04-23,28.62887954711914,29.00625124519802,28.500228394367284,28.560264726522224,51245244.0
2024-04-24,28.69748878479004,28.774678815877603,28.388728660439774,28.62887724145357,44338353.0
2024-04-25,29.503698348999023,29.503698348999027,28.62887903252135,28.680336875309376,91948180.0
2024-04-26,29.572307586669922,29.906796625603043,29.349315984625978,29.503696044400403,95489883.0
2024-04-29,29.91537857055664,30.15552390385529,29.33216567105868,29.503699454158337,81806412.0
2024-04-30,29.426504135131836,29.6580742100038,29.203509275595486,29.503694160089157,86804180.0
2024-05-06,29.91537857055664,30.327057686954948,29.778152198423875,30.104062787404956,100070494.0
2024-05-07,29.906797409057617,29.975412224859014,29.700959505122412,29.915375896900038,47384857.0
2024-05-08,29.649497985839844,29.983987028939005,29.632344282125214,29.863914374671044,41286158.0
2024-05-09,29.881071090698242,29.958261129328385,29.67522989710627,29.67522989710627,51239131.0
2024-05-10,30.550045013427734,30.74730769111125,29.846759546300646,29.88106695243717,94036570.0
2024-05-13,30.79876708984375,30.93599343503437,30.301322815428055,30.395663269462613,74780026.0
2024-05-14,30.309900283813477,30.987456844944436,30.18982763181242,30.781615675989496,68777884.0
2024-05-15,30.06117820739746,30.395667263266017,29.75241807221585,30.3013267968357,67494406.0
2024-05-16,31.090375900268555,31.261909663030707,30.018293972673085,30.086908786471707,129147553.0
2024-05-17,31.60497283935547,31.64785873238476,30.927419570732177,31.133257461641893,91687944.0
2024-05-20,31.201873779296875,31.73362550683935,30.953149983351327,31.604974365009735,91425000.0
2024-05-21,31.081802368164062,31.321947685999515,30.9874586299474,31.184721322702888,44599944.0
2024-05-22,30.92742156982422,31.20187428993349,30.670119281954094,31.064647929878856,66447739.0
2024-05-23,30.447126388549805,30.884534370343317,30.292746331038128,30.79019391007228,92458495.0
2024-05-24,29.795305252075195,30.42997598240401,29.726690431642506,30.27559590816517,87044000.0
2024-05-27,30.13836669921875,30.19840302557302,29.803877660463716,29.889642906188552,57093814.0
2024-05-28,29.872493743896484,30.30132653421322,29.778150006549275,30.104060571541122,47619058.0
2024-05-29,29.649497985839844,30.069755547512155,29.5551542512766,29.803878047537065,49104118.0
2024-05-30,29.452234268188477,29.932528140156652,29.315007915016757,29.546577999444217,55924484.0
2024-05-31,29.400774002075195,29.67522671629005,29.400774002075195,29.615190389538952,50893248.0
2024-06-03,29.289281845092773,29.48654454248086,29.092015875970034,29.349318175961553,60811135.0
2024-06-04,29.623769760131836,29.74384241721274,29.2463948130381,29.28928070919659,53378842.0
2024-06-05,29.15205192565918,29.760993648390244,29.066283412203518,29.74383994569911,69104122.0
2024-06-06,29.16063117980957,29.332164958743626,28.971943695808637,29.23782121674316,67724066.0
2024-06-07,29.15205192565918,29.375043517175396,28.860445523378434,29.203509761998323,67826559.0
2024-06-11,28.611724853515625,29.134901391421316,28.405883670570827,28.971942834000757,69044831.0
2024-06-12,28.380155563354492,28.611725673906776,28.260082899749907,28.60314718551519,51138059.0
2024-06-13,28.148582458496094,28.491649979502263,28.06281721411173,28.47449627627852,55018421.0
2024-06-14,28.9976749420166,29.17778393173317,28.148584563484132,28.148584563484132,99167429.0
2024-06-17,28.929058074951172,28.989094400604333,28.637451662463942,28.817560639423426,45768248.0
2024-06-18,28.911907196044922,29.41793004150773,28.83471715955959,29.04055834743204,45367539.0
2024-06-19,29.289281845092773,29.503698247262605,28.869024257276656,28.911906883363695,58593722.0
2024-06-20,29.169204711914062,29.357892185018034,29.074864247096595,29.2978558566185,39246667.0
2024-06-21,28.903329849243164,29.229243676131794,28.723220867963047,29.057709910835968,52396280.0
2024-06-24,29.220664978027344,29.349316119006552,28.72322066115888,28.980519671382872,69258954.0
2024-06-25,29.417930603027344,29.563735462164797,29.134902645001905,29.220667899740583,63816020.0
2024-06-26,29.21209144592285,29.469390470977853,29.11774770666461,29.31501040159793,45263801.0
2024-06-27,29.383617401123047,29.45223220877827,29.0148242610456,29.126318415884178,55517260.0
2024-06-28,29.323583602905273,29.5723073944512,29.19493573508573,29.332162090467207,52574940.0
2024-07-01,29.46938705444336,29.503694459602492,29.117744330897825,29.32358221838416,47223865.0
2024-07-02,30.086912155151367,30.232713743196506,29.469391848760736,29.486545554131006,86877071.0
2024-07-03,29.555152893066406,30.095483084175747,29.426505028720378,30.026868272470427,69137270.0
2024-07-04,29.769569396972656,30.052600588843397,29.572306720093493,29.623767829088443,69691892.0
2024-07-05,29.769569396972656,29.769569396972656,29.769569396972656,29.769569396972656,0.0
2024-07-08,29.15205192565918,29.357889814484263,28.911903359717577,29.03197600682125,54573002.0
2024-07-09,29.56373405456543,29.632345600742664,28.92048485944771,29.15205496229824,62103701.0
2024-07-10,29.74384117126465,30.018293882162816,29.546578489789994,29.563732193187928,72631424.0
2024-07-11,29.918441772460938,30.127597626349804,29.818409957776986,30.082129565763644,73238896.0
2024-07-12,30.91875648498535,30.991508165359846,30.018473519801773,30.018473519801773,94490425.0
2024-07-15,30.718690872192383,30.964222574297594,30.664130584385113,30.91875451146126,47460366.0
2024-07-16,30.727787017822266,30.81872314483161,30.42769155450785,30.700503404526756,45579255.0
2024-07-17,30.982410430908203,31.09153447529407,30.600474541062262,30.645942603807136,57795422.0
2024-07-18,31.000598907470703,31.146098792266177,30.700503443772657,30.982410988247405,59862717.0
2024-07-19,31.146100997924805,31.191569064707487,30.545913497016407,30.91875719502024,81007218.0
2024-07-22,30.318567276000977,31.07334683756995,30.09122349122862,31.07334683756995,80820577.0
2024-07-23,30.318567276000977,30.655035106146624,30.218535455662604,30.318567276000977,53875468.0
2024-07-24,30.17306900024414,30.536820462858337,30.036661334516058,30.418600717160068,48245294.0
2024-07-25,29.854787826538086,30.300379707207995,29.43647262128824,30.209443579844187,76207854.0
2024-07-26,29.436473846435547,30.04575702590232,29.200037824054633,29.827505454558285,60146167.0
2024-07-29,29.50922393798828,29.691099659485623,29.28188015336432,29.44556795581284,41347533.0
2024-07-30,29.48194122314453,29.636536805274122,29.236412980982106,29.46375677253254,39078161.0
2024-07-31,29.76384735107422,30.009379050493514,29.327347708436847,29.48193981418744,59536965.0
2024-08-01,29.74566078186035,29.872972749781706,29.345536958537387,29.763848701419253,40913881.0
2024-08-02,29.354629516601562,29.645629294861003,29.309161451684332,29.481941485966193,38613024.0
2024-08-05,29.190940856933594,29.57288022288682,29.145472793341536,29.281880453108595,58441984.0
2024-08-06,28.827192306518555,29.45465989720164,28.654410546209466,29.42737975338654,51438864.0
2024-08-07,28.718067169189453,29.009066939686083,28.690785290269602,28.854473094797818,39073173.0
2024-08-08,29.036348342895508,29.081816405854898,28.53619097786512,28.745348577166407,39459978.0
2024-08-09,29.40009880065918,29.627442576838764,28.927221595431398,29.072721473426704,48274847.0
2024-08-12,29.209129333496094,29.40919297990754,29.036349300953184,29.372817140743468,31894321.0
2024-08-13,29.045440673828125,29.309158546297855,28.881752881159514,29.19093881403927,28237769.0
2024-08-14,28.972692489624023,29.227316418520083,28.92722269196728,29.00906659325399,28244610.0
2024-08-15,29.791128158569336,29.9366280426909,28.78172292928792,28.96359865168759,73978983.0
2024-08-16,30.14578628540039,30.236722408808028,29.754754710564214,29.782034853788357,41850302.0
2024-08-19,30.39131736755371,30.464069048307174,30.03666159635826,30.23672524943921,42284342.0
2024-08-20,30.445880889892578,30.555004941177852,30.15488110713782,30.418600744319022,42372873.0
2024-08-21,30.227628707885742,30.400408721518772,29.845689376446188,30.282188991669553,37810105.0
2024-08-22,30.282190322875977,30.50953409927743,30.17306628152068,30.26400240448497,38286399.0
2024-08-23,30.64594268798828,30.782346876597593,30.07303538265483,30.254911103124748,46558726.0
2024-08-26,30.7096004486084,30.773256434111413,30.436788586596748,30.64594446310538,35117460.0
2024-08-27,30.64594268798828,30.864190777359514,30.491347111442057,30.709598669804127,38720857.0
2024-08-28,30.62775421142578,30.90056605266836,30.409502657037255,30.764161866542455,41523208.0
2024-08-29,29.945724487304688,30.709599765336108,29.918444342407803,30.54591195797288,51638782.0
2024-08-30,29.236412048339844,30.109411347486976,29.209128435310287,29.827503806120554,111222983.0
2024-09-02,29.036348342895508,29.445567847511693,28.95450444197227,29.10000432483682,55802065.0
2024-09-03,28.75444221496582,29.172755674393066,28.554378577393717,29.109096224173104,50575188.0
2024-09-04,28.518003463745117,29.036346989094575,28.508909504678154,28.672597298892793,38052590.0
2024-09-05,28.37250518798828,28.59075501441952,28.099691604077652,28.518005072275773,54206345.0
2024-09-06,28.4179744720459,28.863568103628115,28.372506406688828,28.4179744720459,38318214.0
2024-09-09,27.499502182006836,28.18153349128626,27.317628206896178,28.172439532356428,87107347.0
2024-09-10,27.454036712646484,27.67228654407235,27.22669292143261,27.508598736879083,47602357.0
2024-09-11,27.35400390625,27.46312968528821,27.217597983323802,27.408565928521398,41579376.0
2024-09-12,27.49040985107422,27.735941553234206,27.226691964472884,27.372191846976122,41026697.0
2024-09-13,27.826881408691406,28.099693274322526,27.281255942933626,27.535881622819403,49597443.0
2024-09-18,28.29066276550293,28.37250667150596,27.83597516970633,27.83597516970633,41854027.0
2024-09-19,28.02694320678711,28.399786897636993,27.85416143423614,28.37250675188905,45119126.0
2024-09-20,28.13606834411621,28.290662192938107,27.881442671205008,28.026942560155554,48741755.0
2024-09-23,28.545286178588867,28.636224042957313,28.045130526305666,28.054224486192062,34460872.0
2024-09-24,30.127601623535156,30.13669384926244,28.79991291742488,28.80900687764772,136121800.0
2024-09-25,31.055164337158203,31.364352042619192,30.645944805078795,30.782349003111214,185624279.0
2024-09-26,32.1736946105957,32.1736946105957,30.836911995438346,31.064255788819338,174532999.0
2024-09-27,32.40103530883789,33.19219066291043,31.746284136369223,32.837534934153446,74545782.0
2024-09-30,34.20159912109375,34.556254865995705,32.664752934530874,33.05578451711272,256101260.0
2024-10-08,36.375003814697266,37.62084672403326,35.30194092464444,37.62084672403326,297303868.0
2024-10-09,33.655975341796875,36.12038482266935,33.655975341796875,36.102196902003406,185593210.0
2024-10-10,35.22010040283203,35.92031970965357,34.010633213951934,34.010633213951934,143329841.0
2024-10-11,34.947288513183594,35.66569573934474,34.58353705287666,35.220100373918285,90347580.0
2024-10-14,35.765724182128906,36.19312811823167,35.183721206877756,35.474720960007986,129293839.0
2024-10-15,35.01094055175781,36.36591094622068,35.01094055175781,35.620220189750825,95597653.0
2024-10-16,35.920318603515625,35.920318603515625,34.674475613141524,34.69266353251082,101254815.0
2024-10-17,35.00185012817383,36.184037098245845,35.00185012817383,35.94759762283696,84892228.0
2024-10-18,35.5110969543457,35.856660463596384,34.74722173173355,35.02003356788274,92819433.0
2024-10-21,35.3292236328125,35.6020389564254,35.01094371391871,35.6020389564254,71753946.0
2024-10-22,35.62022018432617,36.01125174587044,35.23828431620793,35.320128212089074,60052610.0
2024-10-23,36.06581497192383,36.320438880278296,35.48381548483329,35.5201913200241,62709968.0
2024-10-24,35.747535705566406,36.084003514431934,35.592940137823454,35.96578378250975,33631220.0
2024-10-25,35.55656814575195,35.911227379858005,35.52019577498988,35.692975810330516,44793119.0
2024-10-28,35.02913284301758,35.55656865096747,34.810881270389,35.474724744855635,66464094.0
2024-10-29,35.10187911987305,35.55656669121333,34.929099091600456,35.10187911987305,51468161.0
2024-10-30,34.4471321105957,35.37469519218781,34.20160040055741,35.02003596502743,70340828.0
2024-10-31,33.97425842285156,34.547165776843656,33.565038884285784,34.37438226667636,85039251.0
2024-11-01,34.565345764160156,34.82906537373054,33.99244195315086,34.04700223858564,70310211.0
2024-11-04,35.23828887939453,35.23828887939453,34.0197259768055,34.64719361382116,64661209.0
2024-11-05,35.53838348388672,35.556567934664294,34.92000808771943,34.94728823287678,62874476.0
2024-11-06,35.06550598144531,35.53838146154569,34.69266231988416,35.46562978661142,64833629.0
2024-11-07,35.98397445678711,35.99307015093435,34.90181927565607,34.93819164527232,74347218.0
2024-11-08,35.283756256103516,36.23859950038255,35.23828819094566,36.084007385047634,74536846.0
2024-11-11,34.856353759765625,35.19282161899912,34.45622644382089,34.829070144320475,70314555.0
2024-11-12,34.18341064453125,35.32012953605066,34.11065897035844,34.72903432486426,89328928.0
2024-11-13,34.3925666809082,34.53806656101025,34.11065914552704,34.18341082007345,48530440.0
2024-11-14,34.610816955566406,34.992752825837826,34.128845801997834,34.24706553426831,67644030.0
2024-11-15,34.3925666809082,35.07459801932229,34.383474456085295,34.629006154193256,69927688.0
2024-11-18,34.46531677246094,35.1564403039546,34.37437718345479,34.601720952484236,76344807.0
2024-11-19,34.301631927490234,34.71994366587648,34.05610021957025,34.47441195795649,52124855.0
2024-11-20,34.08338165283203,34.41984950130032,34.01063344161856,34.37438143566801,45129126.0
2024-11-21,34.03791046142578,34.24706631931998,33.89241058336935,34.083378522882654,35033614.0
2024-11-22,33.14672088623047,34.147032042164476,33.06487699390929,34.03790800873306,69049090.0
2024-11-25,32.93756866455078,33.51956819882376,32.84662906920134,33.37406831525551,53409473.0
2024-11-26,33.0921630859375,33.264946594681675,32.592007418028196,32.764787457781274,45942121.0
2024-11-27,33.28312683105469,33.35587850320551,32.83753498059823,33.09215889514478,39207688.0
2024-11-28,33.164913177490234,33.51047324043143,32.901193548673845,33.28312945055336,45193910.0
2024-11-29,33.046695709228516,33.64688321704315,33.019415562643225,33.27403951474908,66437999.0
2024-12-02,33.20128631591797,33.355881900488626,32.91938223009838,33.14672602523857,42465209.0
2024-12-03,33.75600814819336,33.846947754155764,33.08307240902787,33.328604141639474,72198609.0
2024-12-04,33.47410202026367,33.72872596359592,33.21947460794037,33.72872596359592,62051124.0
2024-12-05,33.56503677368164,33.97425628651528,33.29222492145619,33.33769298532861,56894934.0
2024-12-06,34.283443450927734,34.392567496343865,33.65597238455556,33.65597238455556,87723587.0
2024-12-09,34.283443450927734,34.547163073925,33.965160070726974,34.18341163055009,49299535.0
2024-12-10,35.10187911987305,35.4565383394708,34.92000686652963,35.28375484220733,103895319.0
2024-12-11,34.82906723022461,35.27466257597409,34.76541124783052,35.04731879056924,51770936.0
2024-12-12,35.283756256103516,35.311039870391035,34.74722476166238,34.819976441107755,58688876.0
2024-12-13,33.91969299316406,35.10188001499726,33.90150507356774,34.9654758215113,111798280.0
2024-12-16,34.319820404052734,34.35619277437922,33.93788102920148,33.96516117419407,64031589.0
2024-12-17,34.41984939575195,34.70175695219343,34.13794530830151,34.13794530830151,60310408.0
2024-12-18,35.02913284301758,35.15644481497131,34.428945354527805,34.574445246616506,80585536.0
2024-12-19,34.57444381713867,35.03822361993676,34.55625589775568,34.90181942805069,61119582.0
2024-12-20,34.47440719604492,34.810874985315245,34.42893913841225,34.60171914501259,54215038.0
2024-12-23,34.874534606933594,35.19281798162886,34.53806678247589,34.5471624763479,90269156.0
2024-12-24,35.66569519042969,35.729351174655044,34.84725615183082,34.87453629678713,99342846.0
2024-12-25,35.829383850097656,35.974883741642586,35.45654016120183,35.6747882640237,75591307.0
2024-12-26,35.902130126953125,35.9566938842142,35.47472270088519,35.82938191959588,53925194.0
2024-12-27,35.774818420410156,36.04763027070184,35.26556708927236,35.90213038594688,70031955.0
2024-12-30,36.029441833496094,36.19312963511597,35.69297400527337,35.774817906083314,67884533.0
2024-12-31,35.73844528198242,36.28407249277834,35.73844528198242,35.97488478069133,64371699.0
2025-01-02,35.02003479003906,35.92031769663993,34.86544268278937,35.78391003930952,64200070.0
2025-01-03,35.15644454956055,35.50200809153406,35.04732049856561,35.101880789567566,68258306.0
2025-01-06,35.5110969543457,35.55656501553878,34.67447352762277,35.374692770766465,61715863.0
2025-01-07,35.374698638916016,35.60204245158516,35.110978983661894,35.438354628944076,49275205.0
2025-01-08,35.720252990722656,35.96578468518932,35.30194127525681,35.3110369689356,75148102.0
2025-01-09,35.46562957763672,35.856661155627364,35.31103747279849,35.82938101218315,44708335.0
2025-01-10,35.44744110107422,35.87484850959034,35.29284899866924,35.77481669321502,48142480.0
2025-01-13,35.5292854309082,35.602037105152874,35.047317730504915,35.40197346997079,60632274.0
2025-01-14,36.23859405517578,36.347721557946365,35.3746905400135,35.54747054924786,70801188.0
2025-01-15,36.95700454711914,37.28438014735395,36.274973202960226,36.365912796909235,79670088.0
2025-01-16,37.27528762817383,37.42078750835274,36.85697243729253,36.966099949169795,59259386.0
2025-01-17,37.02066421508789,37.42988375613349,36.493228393622225,37.24800801911421,47590050.0
2025-01-20,36.484130859375,37.34803796491691,36.475038634028465,37.26619406083418,54257482.0
2025-01-21,36.502315521240234,36.83878333288805,36.38409578834048,36.66600331479661,40068506.0
2025-01-22,35.87485122680664,36.52050676632577,35.75663148313705,36.502318846608055,58891222.0
2025-01-23,36.22041320800781,36.584161179768145,35.938505667976116,36.07490985651468,60661810.0
2025-01-24,36.61144256591797,36.875162195961124,35.88394312872214,36.06581885526884,57465234.0
2025-01-27,36.96609878540039,37.257098536596935,36.8751591950323,36.902442806638064,52606047.0
2025-02-05,36.375003814697266,37.19344278812423,36.2840676927568,37.14797125816331,50478889.0
2025-02-06,36.556884765625,36.720572583764415,36.12947729948417,36.3750090266933,46608842.0
2025-02-07,36.556884765625,36.7387605045567,36.33863318510872,36.465945161663555,52106618.0
2025-02-10,36.920631408691406,37.21163119262069,36.338631840832825,36.55688341327532,58180595.0
2025-02-11,37.26619338989258,37.320757147962354,36.95700569881234,37.05703752077814,45777119.0
2025-02-12,37.84819030761719,37.88456614380679,36.88425493152733,37.248002886451374,60359149.0
2025-02-13,37.93003845214844,38.14829002473633,37.59357060219187,37.87547816074476,46220698.0
2025-02-14,38.22103500366211,38.22103500366211,37.75725522100051,37.91184732555745,49873690.0
2025-02-17,37.93913269042969,38.184664399294775,37.61175707860957,38.184664399294775,53612561.0
2025-02-18,38.23922348022461,38.63025506320951,37.748160078012305,37.748160078012305,54666539.0
2025-02-19,38.175567626953125,38.33016320327594,37.975503987826244,38.19375554587291,37470223.0
2025-02-20,38.057350158691406,38.275601729757355,37.90275804213759,38.193757824231504,40767508.0
2025-02-21,37.64813232421875,38.184663797582424,37.484444520888076,38.15738018436673,59525579.0
2025-02-24,37.529911041259766,37.96641067586507,37.375315469363095,37.63903508266341,57110709.0
2025-02-25,37.31166076660156,37.68450443406758,37.202536721462714,37.42078828073126,50732120.0
2025-02-26,37.72087860107422,37.92094223245832,37.32984703190931,37.40259870477287,47644661.0
2025-02-27,38.5393180847168,38.55750600317285,37.539003383578624,37.8300031408939,62259657.0
2025-02-28,38.23922348022461,38.793942863946945,38.23922348022461,38.53931893790685,70542365.0
2025-03-03,38.23922348022461,38.75756702622955,38.148287354921955,38.30287946173463,47014902.0
2025-03-04,38.011878967285156,38.28469080693976,37.98459882401692,38.11191078458969,31724542.0
2025-03-05,39.00310134887695,39.02128926895812,37.966414187187524,38.15738214455325,63203743.0
2025-03-06,39.06675720214844,39.19406917329374,38.60297738312041,39.003101216575786,57205304.0
2025-03-07,39.62147521972656,39.83063108906543,38.96672399815034,39.01219553108607,60541319.0
2025-03-10,39.166786193847656,39.630569448309686,38.939442413540206,39.548725548639375,50874971.0
2025-03-11,39.56690979003906,39.68512952649395,38.839410390683554,38.89397414650676,56574109.0
2025-03-12,39.59419250488281,39.885192258028326,39.3304728945351,39.55781666849195,41825836.0
2025-03-13,39.86700439453125,40.35806777950956,39.55781672276609,39.64875284487732,58553928.0
2025-03-14,41.0673828125,41.34929036591804,39.957943987619146,40.012507747020024,91127535.0
2025-03-17,40.958255767822266,41.37656748566905,40.903692012411085,41.21287968842627,65420973.0
2025-03-18,41.049190521240234,41.26744206661044,40.758190773407044,41.185598170720446,42822001.0
2025-03-19,41.84944152832031,41.92218973072427,41.012814652235754,41.17650244388294,67070594.0
2025-03-20,41.140132904052734,41.75850480844395,40.7218177027713,41.75850480844395,67865603.0
2025-03-21,40.64906692504883,41.231066423433155,40.485379132504406,41.03100279499205,67541170.0
2025-03-24,40.96734619140625,41.0946581461109,40.51265865660931,40.51265865660931,44957619.0
2025-03-25,41.003726959228516,41.37657064385304,40.87641498920907,40.92188305436016,35687155.0
2025-03-26,38.793941497802734,40.54903571246604,38.74847343675258,40.46719181497949,157832632.0
2025-03-27,39.33956527709961,39.77606837756129,38.86669327808242,38.8757855027213,82795081.0
2025-03-28,39.30319595336914,39.51235182616836,39.157696064943984,39.37594416308623,38618409.0
2025-03-31,39.366851806640625,39.812443695775166,38.74847641564534,39.29410012817485,53956888.0
2025-04-01,38.98491287231445,39.36685225058505,38.875788822376144,39.35775655617877,38936035.0
2025-04-02,38.85759735107422,39.23953669443658,38.8121292901715,38.98490930919811,33120189.0
2025-04-03,38.784854888916016,38.96672715945023,38.21194752355789,38.21194752355789,46416550.0
2025-04-07,37.12978744506836,38.19375465976041,35.82028506515107,37.22981579332026,181563292.0
2025-04-08,37.4207878112793,37.46625587376751,36.77512883557982,37.084316517086776,161047736.0
2025-04-09,36.79331970214844,37.302571062192236,36.64781980913465,36.92063167491162,97396935.0
2025-04-10,37.37531661987305,37.69359999816814,36.87516098997028,37.275288269085166,74378875.0
2025-04-11,37.74816131591797,37.91184912202335,37.11160147994252,37.38441333378785,58305691.0
2025-04-14,37.72087860107422,38.111910170239135,37.65722262181395,37.90275431424243,48215984.0
2025-04-15,38.284690856933594,38.45747434850005,37.69359911507521,37.72997495214086,61456386.0
2025-04-16,38.42110061645508,38.721196085202216,38.030069019052355,38.17556890629586,57629358.0
2025-04-17,38.302879333496094,38.52113089007891,38.05734763321198,38.302879333496094,40579288.0
2025-04-18,38.875789642333984,38.91216548274432,38.239226311117434,38.31197799193811,43500128.0
2025-04-21,38.44837951660156,39.17588239825929,38.44837951660156,38.7939430384899,41646585.0
2025-04-22,38.202850341796875,38.68482155312977,38.202850341796875,38.47566567496273,43378813.0
2025-04-23,38.18466567993164,38.46656976812718,37.98460202844497,38.46656976812718,46774359.0
2025-04-24,38.38472366333008,38.53931924034678,38.148287654293235,38.19375571730138,41365185.0
2025-04-25,38.26650619506836,38.69391013675062,38.23013035820455,38.45747413511729,42434993.0
2025-04-28,38.51203918457031,38.70301061722922,38.221039391650564,38.33016691573884,38697317.0
2025-04-29,38.193756103515625,38.78485133557115,38.193756103515625,38.512036016781906,45769853.0
2025-04-30,37.04794692993164,37.86638252313735,36.838787582599416,37.86638252313735,117268210.0
2025-05-06,37.620849609375,37.65722544853732,36.838786412339935,37.19344564068611,66640999.0
2025-05-07,38.211944580078125,38.40291253082344,37.56628905003963,38.002788709882175,71291388.0
2025-05-08,38.92125701904297,39.48506865945355,38.19375756867591,38.20284979412193,83380964.0
2025-05-09,39.539634704589844,39.64875876120478,38.92125926878649,38.92125926878649,66815472.0
2025-05-12,39.830631256103516,40.37625843270221,39.2031636454555,39.512351338164144,84897409.0
2025-05-13,40.52175521850586,40.60359911528322,39.87609626882194,40.094347816558454,69912417.0
2025-05-14,40.74909973144531,41.19469159056186,40.30350440333803,40.5126602613506,71279018.0
2025-05-15,40.8491325378418,41.26744776851726,40.603604285237886,40.76729209963456,68460048.0
2025-05-16,40.25803756713867,40.903693079218556,40.0397860087925,40.69453721484018,61965535.0
2025-05-19,39.86700439453125,40.43081598340041,39.785160497034866,40.194379984516786,50281701.0
2025-05-20,39.92156982421875,40.56722533767466,39.89428621124806,40.03978609412532,50053483.0
2025-05-21,39.92156982421875,40.348973778863346,39.867006067268214,39.96703788718211,49920035.0
2025-05-22,40.47628402709961,40.52175555712642,39.785160479974806,39.92156813207386,56565562.0
2025-05-23,40.05797576904297,40.63088310066896,39.92157157417363,40.57631934132663,54146009.0
2025-05-26,39.830631256103516,40.16709909349527,39.676039144244655,39.91247515914377,45609975.0
2025-05-27,39.77606964111328,40.14891330498397,39.712410190656065,39.83062992866115,36375001.0
2025-05-28,39.72150421142578,40.05797202343132,39.6487525391053,39.812440332835706,30035524.0
2025-05-29,39.530540466308594,39.96704013953947,39.51235254630009,39.739696342919785,49298970.0
2025-05-30,39.494163513183594,39.90338302936375,39.42141183520004,39.60328756116799,57139144.0
2025-06-03,39.985225677490234,40.40353740579234,39.557818255230224,39.557818255230224,50368513.0
2025-06-04,40.06707000732422,40.25803795459579,39.92157012335671,40.057974313268886,37341667.0
2025-06-05,40.34897232055664,40.39444038187668,40.012504503999494,40.067068258977976,42131680.0
2025-06-06,40.43991470336914,40.6581628003652,40.28531912142189,40.42172678378764,37349895.0
2025-06-09,40.55813217163086,40.630883852099444,40.20347640182417,40.55813217163086,47477446.0
2025-06-10,40.62178421020508,40.967347720869284,40.42172404633904,40.53084808744695,52834892.0
2025-06-11,41.20378875732422,41.54025658711339,40.667257287070264,40.667257287070264,77676108.0
2025-06-12,41.131038665771484,41.512978042374215,41.01281892194314,41.28563424908409,45239070.0
2025-06-13,41.0855712890625,41.24016340597341,40.876415412011305,41.14013504920279,47408056.0
2025-06-16,41.63119125366211,41.658474865763054,40.87641171935678,40.99463145448559,41447435.0
2025-06-17,41.81306838989258,41.876724371973836,41.56753668658309,41.72213226377389,47420901.0
2025-06-18,41.694847106933594,41.894910739776094,41.512974861430294,41.758503086657896,42642859.0
2025-06-19,41.494789123535156,41.885820716098344,41.25834964157138,41.68575707274297,51345430.0
2025-06-20,41.82216262817383,41.99494264938164,41.422035361600976,41.58572315810974,44815652.0
2025-06-23,42.05860137939453,42.14044528300056,41.312914021646705,41.74032145925496,53893148.0
2025-06-24,42.51328659057617,42.7406303691354,41.99494305298038,42.113162789148596,65581461.0
2025-06-25,43.19532012939453,43.19532012939453,42.36778887199103,42.51328875893041,60767987.0
2025-06-26,43.5408821105957,43.5408821105957,42.7860990890557,43.18622636562758,59020064.0
2025-06-27,42.03132247924805,43.53178946447245,41.867634667188504,43.513601544355716,95414320.0
2025-06-30,41.785789489746094,42.09497718434082,41.622101682667065,41.94947729682512,62461363.0
2025-07-01,42.240474700927734,42.44053486691324,41.75850353202955,41.79487936911446,45061309.0
2025-07-02,42.649696350097656,42.88613236511159,42.240476834697645,42.46782062447644,51856318.0
2025-07-03,42.3859748840332,42.69516256348921,42.1404431854366,42.64969450130261,55622576.0
2025-07-04,42.804290771484375,43.1953223885208,42.19501104711992,42.37688331356291,67894832.0
2025-07-07,42.922508239746094,43.013444368136895,42.4678206598102,42.804288497645295,56742742.0
2025-07-08,43.304443359375,43.34991142274891,42.831567868506426,42.99525567184519,63742101.0
2025-07-09,42.858848571777344,43.44084806902601,42.858848571777344,43.19531638068849,61456635.0
2025-07-10,43.86825942993164,44.1501635105674,42.8315688292032,42.8315688292032,121978404.0
2025-07-11,43.29903030395508,44.114919720848405,43.280055710651325,43.90620281354073,118444284.0
2025-07-14,43.23262405395508,43.72595265717942,43.10929099839052,43.308522432466766,64848437.0
2025-07-15,42.900577545166016,43.564670259645965,42.50211829744418,43.422366228986206,66620626.0
2025-07-16,42.79621887207031,43.204163605530084,42.578016464248506,42.9385229020234,46818639.0
2025-07-17,42.69186019897461,43.004935577569995,42.60647633381531,42.78672955180325,41689506.0
2025-07-18,42.73929214477539,42.84365059763972,42.445194998376195,42.73929214477539,54343057.0
2025-07-21,42.5495491027832,42.91005912857972,42.530578128981816,42.73929141209892,56641201.0
2025-07-22,42.63493728637695,42.67288647589679,41.94238086329259,42.549553419474286,92231906.0
2025-07-23,42.80570602416992,43.35595842801168,42.65391288156426,42.66340198868373,85324905.0
2025-07-24,42.57801818847656,43.03339761702828,42.50211980753428,42.89108996227849,82662013.0
2025-07-25,42.530582427978516,42.85313968167578,42.454684048966996,42.540067915838,69626423.0
2025-07-28,42.16058349609375,42.8436544349056,42.13212341332123,42.502118965499676,63512720.0
2025-07-29,41.87596893310547,42.50211604430288,41.87596893310547,42.1605805983709,78581282.0
2025-07-30,42.141605377197266,42.45468073765015,41.67674050862819,41.90442838983609,72546085.0
2025-07-31,42.19853210449219,42.274430482885236,41.600845041265465,42.12263734513301,73319517.0
2025-08-01,42.141605377197266,42.66339764461875,42.07519611025883,42.21750375028898,59462094.0
2025-08-04,42.596988677978516,42.66339794538513,42.03725083909879,42.03725083909879,49800832.0
2025-08-05,42.92903518676758,43.07134282837033,42.350322752165766,42.48314128751038,55525830.0
2025-08-06,42.80570602416992,43.384418511302115,42.796220536084434,42.966988273895055,43029640.0
2025-08-07,42.83416748046875,43.26108318357581,42.653910644990496,42.80570377963682,44064325.0
2025-08-08,42.245967864990234,42.95749889502192,42.245967864990234,42.8816041337162,45642153.0
2025-08-11,41.83802032470703,42.34083801329917,41.83802032470703,42.24596504420927,53672371.0
2025-08-12,41.7431526184082,42.19853203087041,41.7431526184082,41.8664856735648,56225243.0
2025-08-13,41.30674743652344,41.98032925199868,41.25931276004546,41.87597079232683,87673736.0
2025-08-14,41.53443145751953,41.68622457951236,41.268794398790455,41.31622907084443,67635168.0
2025-08-15,41.07905578613281,41.49648962343163,41.07905578613281,41.42059124609227,93295684.0
2025-08-18,41.278282165527344,41.430075295904224,40.69008423769614,40.88931204274698,92639738.0
2025-08-19,41.173927307128906,41.45853897405615,41.06956885148106,41.22136198177783,57411852.0
2025-08-20,41.22136306762695,41.39213079608838,40.9367513932025,41.07905542089783,54724013.0
2025-08-21,41.24033737182617,41.35418131698874,41.01264586246727,41.268797453358374,57854002.0
2025-08-22,41.041107177734375,41.24982409933479,40.83239387516784,41.240338611550165,79449625.0
2025-08-25,41.61981964111328,41.61981964111328,40.89880314145772,41.0980309562138,90738990.0
2025-08-26,41.28777313232422,41.76212713850575,41.192900159667595,41.63879408356907,75572231.0
2025-08-27,40.79444122314453,41.420588315761684,40.79444122314453,41.26879519085551,75814078.0
2025-08-28,40.77547073364258,41.07905701400671,40.414960668572455,40.81341992344658,82242557.0
2025-08-29,40.690086364746094,41.73366735729421,40.690086364746094,40.775470231236085,136087899.0
2025-09-01,39.826759338378906,40.45290644111536,39.73188999091693,40.43393184781624,127633329.0
2025-09-02,41.21187210083008,41.26879588075909,39.71291541970229,39.71291541970229,145214114.0
2025-09-03,40.69957733154297,41.33520999632347,40.50983499522367,41.21187693486082,81840560.0
2025-09-04,40.84187698364258,41.09802856731132,39.97855288418142,40.61418909973725,93536328.0
2025-09-05,40.566749572753906,40.81341566168897,40.348547182716615,40.79444106876831,57232838.0
2025-09-08,40.25368118286133,40.88931381288362,40.19675739936808,40.50983278003018,85168162.0
2025-09-09,40.63316345214844,40.680598126094466,40.225218741952034,40.24418971630353,58952653.0
2025-09-10,40.79444122314453,40.93674886107125,40.37701103441095,40.604698912253426,47138694.0
2025-09-11,41.07905578613281,41.10751948715198,40.58572719052846,40.91777716283741,65073072.0
2025-09-12,40.35803985595703,41.24033860007005,40.24419228837002,41.15495473389673,82314003.0
2025-09-15,40.0544548034668,40.59521809939799,39.9500963395092,40.3011173027024,69949106.0
2025-09-16,39.608558654785156,40.253680378685196,39.52317479076798,40.14932192054934,85905078.0
2025-09-17,39.618045806884766,40.02599054999181,39.561125641170996,39.618045806884766,57236258.0
2025-09-18,38.735748291015625,39.69394175177374,38.707284590870735,39.63701797051767,100352240.0
2025-09-19,38.897029876708984,39.399843982878004,38.47011053230416,38.707287543747505,83656307.0
2025-09-22,38.821128845214844,39.248048160469736,38.70728490082479,39.03933486559359,65611030.0
2025-09-23,39.41881561279297,39.60855793148106,38.54600601347496,38.87805235690383,93885081.0
2025-09-24,39.20061492919922,39.74137820876343,39.1721548468118,39.37138266159148,64389951.0
2025-09-25,38.72625732421875,39.238560473811305,38.71677183731528,39.20061128813033,66694887.0
2025-09-26,38.7072868347168,38.89702916420262,38.2329328205192,38.71677594165975,68276667.0
2025-09-29,38.593441009521484,39.172153457770406,38.28985474470791,38.67882487268991,83555055.0
2025-09-30,38.3372917175293,38.69780178573805,38.3372917175293,38.56498323930166,70002520.0
2025-10-09,38.26139450073242,38.365749338353694,37.777551405156245,38.14754693763583,97231953.0
2025-10-10,38.11909103393555,38.564984990679385,38.07165635363036,38.232934990474824,95504979.0
2025-10-13,38.052677154541016,38.23293036550949,37.663707032636864,37.72062719450391,106593617.0
2025-10-14,39.1436882019043,39.36189421391233,37.78703917063433,38.03370164385607,173382668.0
2025-10-15,39.37137985229492,39.4377891191496,38.906511365278575,39.1342028652329,106276702.0
2025-10-16,39.779327392578125,39.83625117637912,39.02036170373419,39.37138265625566,106248776.0
2025-10-17,39.45676803588867,40.054455122106155,39.25754021349418,39.73189423959573,82982705.0
2025-10-20,39.29548263549805,39.6465071923823,38.991896372648874,39.475739467150426,64947729.0
2025-10-21,39.826759338378906,39.94060327914,39.36189446916816,39.36189446916816,75993124.0
2025-10-22,39.798301696777344,40.03547869900005,39.589584776730526,39.826761778953234,55133364.0
2025-10-23,40.07342529296875,40.31060227983306,39.637016886672875,39.79829911963808,71317373.0
2025-10-24,39.798301696777344,40.27265570122276,39.70342872446795,40.17778272891337,69883194.0
2025-10-27,39.45676803588867,39.81727810905537,39.295485785116455,39.75086883492388,98894862.0
2025-10-28,39.466251373291016,39.58009893905567,39.11523042643456,39.48522596758512,70595074.0
2025-10-29,38.67882537841797,39.3998418620191,38.602927001705325,39.3998418620191,91098760.0
2025-10-30,39.08677291870117,39.238566064017064,38.64087897100832,38.7072882458944,113153844.0
2025-10-31,38.79267120361328,39.18164135552324,38.745236525386986,39.143692165328616,70260700.0
2025-11-03,39.646507263183594,39.81727498872043,38.95395087363253,39.029845629963496,92198068.0
2025-11-04,40.80392837524414,40.89880134407804,39.66548170150709,39.6939417826404,134003592.0
2025-11-05,40.60470199584961,41.24033824275117,40.55726731928295,40.88931367428342,73171377.0
2025-11-06,40.168296813964844,40.69008548949823,40.13983673209166,40.4623975964451,87197274.0
2025-11-07,40.3295783996582,40.52880984450958,40.11137597818676,40.22522355211157,59319118.0
2025-11-10,40.528804779052734,40.68059790628001,40.111370964902505,40.2726531982879,53236873.0
2025-11-11,40.756492614746094,40.83239098779156,40.33906242009684,40.50034103426805,54467066.0
2025-11-12,40.72803497314453,41.13597970510743,40.72803497314453,40.90828819137057,58792878.0
2025-11-13,40.99367141723633,41.07905528117663,40.54778112246701,40.76598352608472,58798006.0
2025-11-14,41.031620025634766,41.354180882736365,40.96521075673447,41.022134538234894,51820955.0
2025-11-17,40.462398529052734,40.984187216612696,40.32009087833916,40.88931424312568,61067446.0
2025-11-18,40.680599212646484,40.70905929396752,40.2631653850913,40.37701294844293,51743927.0
2025-11-19,41.0031623840332,41.26879947543942,40.60470312788993,40.680601507739674,51169639.0
2025-11-20,41.01264572143555,41.54392349542355,40.84187799476204,41.003160233968686,58585152.0
2025-11-21,40.79444122314453,41.3162298638199,40.56674972626849,41.02213272002057,79126405.0
2025-11-24,40.443424224853516,40.99367299889498,40.32957665585135,40.88931453682662,67854882.0
2025-11-25,41.031620025634766,41.07905470070159,40.26316526103085,40.47188217416534,66640949.0
2025-11-26,41.031620025634766,41.39213007040331,40.76598295003359,41.11700388836854,45107206.0
2025-11-27,40.97469711303711,41.16443943636177,40.41495924969797,40.96521162543609,62143434.0
2025-11-28,40.747005462646484,40.908284070227594,40.623672421003974,40.889309477741556,49465789.0
2025-12-01,41.21187210083008,41.2403358003114,40.72803263805115,40.87034027835687,56791942.0
2025-12-02,41.15495681762695,41.41110842911621,41.003163672192656,41.211876985268525,40673497.0
2025-12-03,40.80392837524414,41.344695250013075,40.79444288787761,41.05059447517856,46895972.0
2025-12-04,41.0031623840332,41.192901095589676,40.803930946444595,40.84188013636947,36120746.0
2025-12-05,41.22136306762695,41.31623241942384,40.70905988224266,41.03162074499939,54890622.0
2025-12-08,40.965213775634766,41.401618608864,40.8608553113769,41.211876275580074,58003881.0
2025-12-09,40.832393646240234,41.079056136630086,40.633165832575294,40.96521218868352,46593870.0
2025-12-10,39.56112289428711,40.8703409003087,39.41881525181579,40.8703409003087,108315686.0
2025-12-11,39.542152404785156,39.89317337520435,39.28600079317091,39.71292014586132,84623107.0
2025-12-12,39.59907150268555,39.68445536311359,39.352405408545145,39.608556989829275,71762547.0
2025-12-15,39.6559944152832,40.1113738294863,39.4947157894136,39.599074250403994,56266557.0
2025-12-16,39.56112289428711,39.96906760906895,39.30497130925895,39.63701764964711,56617635.0
2025-12-17,39.390357971191406,39.70342974023739,39.11523177300614,39.46625273194676,63126744.0
2025-12-18,40.196754455566406,40.24418912881998,39.27651021353948,39.40932874626294,76811931.0
2025-12-19,39.83625030517578,40.301115196098955,39.76035192843432,40.196756737596345,57382341.0
2025-12-22,39.627532958984375,39.969068412554364,39.570609177044794,39.92163373712159,52473989.0
2025-12-23,39.760353088378906,39.88368614466493,39.52317608269327,39.59907446164895,60651014.0
2025-12-24,39.6844596862793,39.83625283035042,39.41881896987931,39.77932904418599,53630520.0
2025-12-25,39.637020111083984,39.92163541370107,39.56112535101096,39.779327762392526,49921351.0
2025-12-26,39.56112289428711,39.731890617639216,39.48522451989342,39.64650675596316,50880959.0
2025-12-29,39.72240447998047,39.77932826502993,39.29548513969435,39.52317666085826,68255105.0
2025-12-30,40.11137008666992,40.30111239630804,39.637016122091396,39.75086367929439,83478293.0
2025-12-31,39.94060516357422,40.15881118729244,39.769837434858786,40.07342732293473,55414239.0
2026-01-05,40.17778396606445,40.604703307017765,40.10188920491384,40.3011170243474,84082964.0
2026-01-06,40.538291931152344,40.595215713338135,39.93111939730565,40.27265485235286,92371482.0
2026-01-07,39.98804473876953,40.81341970796211,39.97855563185166,40.55726810668843,88055952.0
2026-01-08,39.44728088378906,40.08291351481677,39.18164017943423,40.035478838014285,111572692.0
2026-01-09,39.181636810302734,39.618041589814354,39.010869093270614,39.40932830602341,98547074.0
2026-01-12,39.01087188720703,39.30497266961091,38.89702794071003,39.18163961646944,118664058.0
2026-01-13,39.020362854003906,39.257539864948924,38.92548987820551,39.08677212754579,115936473.0
2026-01-14,38.01472854614258,39.058305878644674,38.00524305869819,39.020360309833386,191774380.0
2026-01-15,38.052677154541016,38.346774308277276,37.94831869907318,38.052677154541016,121727094.0
2026-01-16,37.68574905395508,38.444913241255165,37.617619124982134,38.43518198546017,152524530.0
2026-01-19,37.520286560058594,37.8804024154666,37.471622857349814,37.695478860052226,98870273.0
2026-01-20,37.69548034667969,38.0847974093088,37.481355590953406,37.53975426418858,111387322.0
2026-01-21,37.218570709228516,37.89986999716936,37.160172036203875,37.88040377282781,121499985.0
2026-01-22,36.838985443115234,37.54948964717455,36.79032173795023,37.24776873466721,187754633.0
2026-01-23,36.49833679199219,37.1504386271971,36.3815431538426,36.838986450262986,189211273.0
2026-01-26,37.00444793701172,37.27696766678995,36.31341364347242,36.49833721542153,216679416.0
2026-01-27,37.082305908203125,37.48135421195514,36.85844990490834,37.0433771736146,157240627.0
2026-01-28,36.790321350097656,37.413225680369365,36.692993940793706,37.10177351523351,204166688.0
2026-01-29,37.500823974609375,37.617621327804734,36.54700120033124,36.86818835241415,199998187.0
2026-01-30,37.637081146240234,38.12372561130857,37.50082129006952,37.50082129006952,166084303.0
2026-02-02,37.4229621887207,38.25025634025071,37.384029738276205,37.84147674899197,138497888.0
2026-02-03,37.2769660949707,37.63708196739343,37.12124001126336,37.63708196739343,84279156.0
2026-02-04,37.96800231933594,37.977737288521695,37.2380355681253,37.27696801926256,102131628.0
2026-02-05,38.6493034362793,38.85369322535633,37.870673016364854,37.8998704968608,121889452.0
2026-02-06,38.542240142822266,38.882893496003334,38.25998917485267,38.6395712635037,80297978.0
2026-02-09,38.425445556640625,38.678502751325894,38.27945444844761,38.54223918575554,65894891.0
2026-02-10,38.289188385009766,38.503313147382954,38.25999090388716,38.43518321622835,49596465.0
2026-02-11,38.34758758544922,38.39625129225455,38.152929045425054,38.30865513488382,52881696.0
2026-02-12,37.94853973388672,38.36705058800057,37.6954825147821,38.347588075272114,77752571.0
2026-02-13,37.6760139465332,38.04586478302547,37.59815276205216,37.909604925581654,70537032.0
2026-02-24,37.899871826171875,38.357318838267425,37.783078187288936,38.15292904202156,75467438.0
2026-02-25,37.744144439697266,38.10426402581578,37.68574947866388,37.860941787369455,72397149.0
2026-02-26,37.666282653808594,37.97773481703243,37.47162412359303,37.76361006251505,59332534.0
2026-02-27,37.71494674682617,37.909605279047746,37.60788436846417,37.71494674682617,63703472.0
2026-03-02,37.637081146240234,37.83173967482809,37.393758913706066,37.56895121815487,68547313.0
2026-03-03,38.133460998535156,38.493576867055545,37.5300228948086,37.62735030377,138465642.0
2026-03-04,37.56895065307617,37.987465183764236,36.99471004442064,37.96799895991798,115193902.0
2026-03-05,38.10426330566406,38.19185945836133,37.59815261372462,37.62735009368949,78336979.0
2026-03-06,38.15292739868164,38.269721032533994,37.90960516235434,38.05559627646911,46595667.0
2026-03-09,37.75387954711914,38.13346164644163,37.71494709775203,37.860941926477324,76677490.0
2026-03-10,38.172393798828125,38.19186002336023,37.76361050925927,37.899870368181325,61371700.0
2026-03-11,38.44491195678711,38.44491195678711,37.90960379868349,38.250253432166915,68940710.0
2026-03-12,38.44491195678711,38.522776851756205,38.279454624181604,38.396248253832695,52772330.0
2026-03-13,38.697967529296875,38.980222219596136,38.298919203040334,38.405981583002315,76527668.0
2026-03-16,38.843963623046875,38.97049223192014,38.581175148988336,38.7077037578616,61094451.0
2026-03-17,39.0483512878418,39.281942267401746,38.76610031657697,38.82449527686495,65622927.0
2026-03-18,38.853694915771484,39.24301199906815,38.7271700195825,39.05808842654381,70583141.0
2026-03-19,38.70770263671875,38.9704911031658,38.63957270609945,38.81476501706415,65024684.0
2026-03-20,38.688236236572266,39.00942337615327,38.60064008148679,38.785563647643805,61580273.0
2026-03-23,37.64681625366211,38.63957141160201,37.5202876526926,38.52277777913927,95773829.0
2026-03-24,38.20159149169922,38.26972142153918,37.69548078945758,37.76361071929754,61633642.0
2026-03-25,38.21132278442383,38.34758635703771,37.89987061548324,38.27945642713213,65381669.0
2026-03-26,38.50331115722656,38.62983604408656,38.09452787862535,38.104262847031556,61679007.0
2026-03-27,38.38651657104492,38.63957378855099,38.201592998869614,38.44491524727006,46800671.0
2026-03-30,38.425445556640625,38.51304170667744,38.08479592472106,38.191858298410786,64605410.0
2026-03-31,38.26972198486328,38.66877031385813,38.23078953500945,38.48384674625659,66309671.0
2026-04-01,38.75636672973633,38.97049149256671,38.367049654190694,38.50331322959362,88152581.0
2026-04-02,38.697967529296875,38.85369361484082,38.52277893176233,38.79529865326356,53462988.0
2026-04-03,38.34758758544922,38.7563671779774,38.30865513488382,38.69796850212931,46448537.0
2026-04-07,37.94853973388672,38.54224290497981,37.91933853918826,38.337853106105,52836661.0
2026-04-08,38.56170654296875,38.581172767193884,38.143192004134896,38.44491291042056,66949789.0
2026-04-09,38.21132278442383,38.464379992189755,38.07506292461266,38.4254475428715,53585405.0
2026-04-10,38.16265869140625,38.32811974292621,38.08479750636361,38.26972106954222,54320208.0
2026-04-13,37.938804626464844,38.113996942805656,37.88040595008362,38.08479946101647,52514495.0
2026-04-14,38.08479690551758,38.13346060950182,37.90960460093222,37.95826830491646,50399861.0
2026-04-15,38.834232330322266,38.85369484292803,38.172395517640474,38.20159299935198,105210379.0
2026-04-16,38.843963623046875,39.07755461536654,38.68823753243473,38.83423236673487,61725776.0
2026-04-17,38.464378356933594,38.8342291841279,38.444912133102044,38.78556176814775,58792518.0
2026-04-20,38.805030822753906,38.8342320170327,38.27945759217247,38.44491493760668,58877642.0
2026-04-21,38.805030822753906,39.077554263473246,38.79529956652953,38.843963273257074,54594915.0
2026-04-22,38.678504943847656,38.96075592080812,38.56170759530946,38.80502983555993,50759455.0
2026-04-23,38.74663543701172,38.79529914320826,38.46438074314787,38.65903928073683,56948934.0
2026-04-24,38.328121185302734,38.73690077596595,38.308654960108846,38.6785058131871,62941438.0
2026-04-27,38.328121185302734,38.92182805890649,38.26972250972106,38.46438104885714,92616843.0
2026-04-28,38.542240142822266,38.571441335428005,38.21132175811065,38.32811910292836,66930520.0
2026-04-29,37.47162628173828,37.97773700432668,37.31590019115746,37.87067462090182,253311717.0
2026-04-30,37.24776840209961,37.48135566992711,37.10177357510541,37.37429700464107,116957410.0
2026-05-06,36.984981536865234,37.32563119747839,36.8097892220348,37.26723623440347,143177103.0
2026-05-07,36.936317443847656,37.14070723807855,36.92658247490173,37.03364485649014,79008987.0
2026-05-08,36.92658233642578,37.160173323815684,36.887653599196454,37.01417849259665,86953912.0
2026-05-11,36.95578384399414,36.96551510018337,36.692995373251264,36.93631761881287,92548934.0
2026-05-12,36.88765335083008,37.12124062384444,36.8487209010601,36.96551453756728,96729929.0
2026-05-13,36.868186950683594,37.07257674180023,36.83898575709354,36.94604813705066,71830416.0
2026-05-14,36.80005645751953,37.004446245510394,36.722191559540526,36.80005645751953,86786790.0
2026-05-15,36.64432907104492,36.95578122627824,36.60539662344012,36.80005514866158,82173796.0
2026-05-18,36.469139099121094,36.654062667852216,36.35234174884616,36.6443314117307,70768410.0
2026-05-19,36.37180709838867,36.73192668386378,36.34260961792415,36.478869477162206,71991007.0
2026-05-20,36.177146911621094,36.43993536219686,36.177146911621094,36.371805435692316,69318422.0
2026-05-21,36.157684326171875,36.34260788161679,36.11875187887741,36.18688180524146,72519969.0
2026-05-22,36.031158447265625,36.332879367357506,35.982494740877335,36.10901963492633,79761712.0
2026-05-25,35.95329284667969,36.264745016863166,35.914364110008805,36.02142277685715,71066833.0
2026-05-26,36.01169204711914,36.293946740723285,35.914364634815605,35.95329337205535,70620290.0
2026-05-27,36.01169204711914,36.19661561561696,35.79756728468802,36.021423303228374,84514627.0
2026-05-28,36.12848663330078,36.43020755985041,35.982495511011265,36.06035670033843,99579106.0
2026-05-29,36.994712829589844,37.02391402395894,35.94356265237358,36.109019998319454,153138355.0
2026-06-01,37.17963790893555,37.17963790893555,36.79032085139172,36.98497938016363,96137886.0
2026-06-02,37.76361083984375,37.84147573865381,37.03364412111171,37.14070650057418,125696953.0
2026-06-03,37.47162628173828,37.77334720658988,37.22830403315557,37.77334720658988,88127454.0
2026-06-04,37.082305908203125,37.61761777782385,36.97524724708152,37.37429555083354,73884128.0
2026-06-05,37.54948806762695,37.666281697670485,37.09204109015283,37.16017101707843,77870900.0
2026-06-08,37.47162628173828,37.72467978663104,37.33536641658042,37.37429886742634,76947767.0
2026-06-09,37.46189498901367,37.60788611033968,37.37429883109693,37.47162624531426,66450037.0
2026-06-10,37.86094284057617,38.036135154155204,37.35483212499262,37.4229620566286,93586076.0
2026-06-11,37.69548034667969,38.04586496048535,37.53975426418858,37.89013887799424,59445402.0
2026-06-12,38.289188385009766,38.29891964111637,37.3158994110266,37.55922165452239,111983390.0
2026-06-15,37.90960693359375,38.31838652757762,37.69548216752438,38.16266043756431,97740434.0
2026-06-16,37.53975296020508,37.851205114368675,37.38402688312328,37.77334393222905,78966910.0
2026-06-17,37.20883560180664,37.812273702932146,37.12123944899788,37.64681636585041,66045163.0
2026-06-18,36.26474380493164,37.179637772973166,36.26474380493164,37.130974069158796,100346053.0
2026-06-22,36.64432907104492,36.88765129937111,35.96302608917109,36.02142104777573,110076764.0
2026-06-23,36.40100860595703,37.16990406298258,36.35234118769234,36.64433084606957,100800729.0
2026-06-24,35.778099060058594,36.5761993901141,35.76836780449323,36.48860323881548,123616556.0
2026-06-25,35.26225662231445,36.001958270116674,35.23305914322839,35.748901075362355,118116225.0
2026-06-26,35.03840255737305,35.495849556635626,34.92160892176657,35.408253401730086,105541023.0
2026-06-29,35.447181701660156,35.73917135628292,34.454430242032466,34.941074716000145,108073461.0
2026-06-30,34.5517578125,35.41798438614523,34.4057629845092,35.39851816155961,109903751.0
2026-07-01,34.9508056640625,35.15519545025638,34.337632592678204,34.57122357175882,89122129.0
2026-07-02,35.62237548828125,35.81703402851068,35.16493218846535,35.310923309035296,94461448.0
2026-07-03,35.84623336791992,36.07008937811882,35.379051410423564,35.690503573552704,85312390.0
2026-07-06,36.722190856933594,36.75138833671574,35.54451214355383,35.71970444785195,97154407.0
2026-07-07,36.547000885009766,36.848721808956924,36.30367863715644,36.71246194420752,65258740.0
2026-07-08,36.92658233642578,36.95578353035126,36.15768686870683,36.36207666217126,76713452.0
2026-07-09,36.547000885009766,36.80005810194683,36.37180856953114,36.69299571884291,76564557.0
2026-07-10,36.880001068115234,36.91999816894531,36.33000183105469,36.61000061035156,79377153.0
2026-07-13,37.25,37.400001525878906,36.709999084472656,36.810001373291016,93308476.0
2026-07-14,37.18000030517578,37.2400016784668,36.81999969482422,37.099998474121094,80415432.0
2026-07-15,37.7599983215332,37.959999084472656,36.75,37.0,115462595.0
2026-07-16,37.66999816894531,38.119998931884766,37.5,37.70000076293945,76689870.0
2026-07-17,38.02000045776367,38.20000076293945,37.68000030517578,37.7599983215332,115858449.0
2026-07-20,38.90999984741211,38.90999984741211,37.88999938964844,37.95000076293945,143361015.0
2026-07-21,37.9900016784668,39.400001525878906,37.900001525878906,39.18000030517578,156012742.0
2026-07-22,38.709999084472656,38.709999084472656,37.630001068115234,37.849998474121094,108454598.0
2026-07-23,38.90999984741211,38.9900016784668,38.45000076293945,38.68000030517578,79493797.0
2026-07-24,39.20000076293945,39.25,38.900001525878906,39.18000030517578,98296005.0
2026-07-27,39.0,39.2400016784668,38.689998626708984,39.119998931884766,71584573.0
2026-07-28,39.59000015258789,39.59000015258789,38.95000076293945,39.16999816894531,105018681.0
2026-07-29,39.65999984741211,40.06999969482422,39.4900016784668,39.97999954223633,114871245.0
2026-07-30,40.54999923706055,40.54999923706055,39.54999923706055,39.65999984741211,137457952.0
2026-07-31,39.619998931884766,40.16999816894531,39.040000915527344,39.849998474121094,149155003.0
2026-08-03,40.36000061035156,40.41999816894531,39.79999923706055,39.880001068115234,121749307.0
2026-08-04,39.279998779296875,40.15999984741211,39.209999084472656,40.15999984741211,110499947.0
2026-08-05,38.939998626708984,39.47999954223633,38.720001220703125,39.18000030517578,96045405.0
2026-08-06,38.970001220703125,39.150001525878906,38.470001220703125,39.0,85375464.0
2026-08-07,38.79999923706055,39.099998474121094,38.47999954223633,38.900001525878906,77964748.0
2026-08-10,38.90999984741211,39.27000045776367,38.70000076293945,38.790000915527344,65175786.0
2026-08-11,38.95000076293945,39.20000076293945,38.77000045776367,39.0,50076953.0
2026-08-12,38.70000076293945,38.970001220703125,38.560001373291016,38.95000076293945,55748865.0
2026-08-13,38.77000045776367,38.810001373291016,38.5,38.59000015258789,50198478.0
2026-08-14,38.459999084472656,38.75,38.459999084472656,38.650001525878906,48680178.0
2026-08-17,38.20000076293945,38.459999084472656,38.060001373291016,38.349998474121094,65674416.0
2026-08-18,38.290000915527344,38.36000061035156,38.029998779296875,38.150001525878906,60136128.0
2026-08-19,39.150001525878906,39.150001525878906,38.400001525878906,38.54999923706055,124893872.0
2026-08-20,38.86000061035156,39.06999969482422,38.470001220703125,38.79999923706055,74785718.0
2026-08-21,38.900001525878906,39.099998474121094,38.7599983215332,38.79999923706055,51421949.0
2026-08-24,39.58000183105469,39.70000076293945,38.77000045776367,38.869998931884766,104578329.0
2026-08-25,39.5,39.91999816894531,39.41999816894531,39.70000076293945,63418322.0
2026-08-26,39.79999923706055,39.97999954223633,39.380001068115234,39.40999984741211,64645543.0
2026-08-27,39.58000183105469,39.939998626708984,39.31999969482422,39.630001068115234,61459228.0
2026-08-28,39.349998474121094,39.54999923706055,39.22999954223633,39.459999084472656,48103294.0
