Date,Close,High,Low,Open,Volume
2021-09-02,40.189048767089844,40.407130903479555,39.17653453684992,39.48028850881132,72620098.0
2021-09-03,40.50059127807617,40.75761568731777,39.26220769515231,40.26693461492379,64257332.0
2021-09-06,39.877498626708984,41.08472697683086,39.86192112250743,40.118942514070284,54742847.0
2021-09-07,41.131465911865234,41.341757794764355,39.29336172454457,39.94760214763996,77232009.0
2021-09-08,40.819923400878906,41.70782051780278,40.703093581870725,41.06137030697981,55390668.0
2021-09-09,40.57847213745117,41.03021088659555,40.251353433123505,40.57847213745117,35780025.0
2021-09-10,42.15176010131836,42.4633042382691,40.305868963313706,40.500583306131645,107097799.0
2021-09-13,41.995994567871094,42.44773333963456,41.6688758471642,41.8012801947535,59283043.0
2021-09-14,40.57847213745117,42.75148514570346,40.34481549563064,42.29195912931074,63116569.0
2021-09-15,40.03327178955078,40.88222647950799,39.56595556407316,40.500585043923195,54233793.0
2021-09-16,39.48807144165039,40.368181150435504,39.10643000191358,39.90086491987378,62989614.0
2021-09-17,39.916446685791016,40.142316072785704,39.332303563559925,39.55038271177242,42016472.0
2021-09-22,38.48334503173828,38.92729352377728,37.46304074118788,37.91477947125158,112259622.0
2021-09-23,38.039398193359375,39.35566622175346,37.8602613353724,38.55344399444104,86102453.0
2021-09-24,37.98487854003906,38.4210397856215,37.69670211281596,37.73564439145064,53203933.0
2021-09-27,38.23411178588867,38.78709985431863,37.548716407900564,37.61102642912918,66790515.0
2021-09-28,39.26999282836914,39.706154088021066,38.234113921965886,38.24190118950185,70992547.0
2021-09-29,40.15789031982422,40.63299085828191,38.639117731073654,38.90392937716916,90460986.0
2021-09-30,39.29336166381836,40.056641661065775,39.02075975480497,40.033276886703845,58611808.0
2021-10-08,39.66720962524414,39.78403942959308,38.95844947425377,38.95844947425377,64555292.0
2021-10-11,41.27944564819336,42.19849769465289,40.06442693310141,40.06442693310141,97177865.0
2021-10-12,41.34954071044922,41.89474150083007,40.73424263314647,41.04578679082275,58937329.0
2021-10-13,41.30281066894531,41.590990071940766,40.539530705144095,41.240503616341876,44255673.0
2021-10-14,40.780975341796875,41.47415797625795,40.65635827235562,41.27165635258039,28899621.0
2021-10-15,41.52089309692383,41.62214242956342,40.77318766225202,40.851075192481105,42035759.0
2021-10-18,40.39154815673828,41.55204410273854,40.15010127570142,41.520892062528475,57794539.0
2021-10-19,41.18598175048828,41.52867795025827,40.500586379842986,40.69530073743839,48169257.0
2021-10-20,40.812129974365234,41.777911510823856,40.71866494482,41.443002582716595,30570959.0
2021-10-21,41.86358642578125,42.05830078125,40.967899202182885,41.16261355765164,57658698.0
2021-10-22,42.28417205810547,42.68138805393146,41.848010812541,42.12839997246777,54715058.0
2021-10-25,42.51782989501953,42.78264155670859,41.35733094408957,41.92589951829984,62334126.0
2021-10-26,43.07081604003906,43.795153700328974,42.291958596381555,42.51782796810752,71542369.0
2021-10-27,42.46331024169922,42.992933566730166,41.92589964914084,42.992933566730166,42039441.0
2021-10-28,42.22964859008789,42.837156402865794,41.94146921690926,42.29195563624465,34623228.0
2021-10-29,42.03493881225586,42.642446691073566,41.82464693779462,42.22965318070825,40543943.0
2021-11-01,42.15176010131836,42.75927087126179,41.51309729456392,42.05829804867518,42501781.0
2021-11-02,40.6953010559082,42.43994302090238,40.24356231662115,42.330900484067165,75220649.0
2021-11-03,40.266929626464844,40.88222770772107,40.243561883270544,40.773185172060046,44437241.0
2021-11-04,40.305870056152344,40.578468955046574,39.93980613097567,40.5005844042497,48291475.0
2021-11-05,40.15789031982422,40.58626131380379,40.04884778346286,40.28250739027474,36197416.0
2021-11-08,39.955387115478516,40.422703374278605,39.56595838536448,39.97096462121573,38674906.0
2021-11-09,39.768463134765625,40.26693143576375,39.41018644370597,40.03327479105906,38788364.0
2021-11-10,39.433555603027344,39.838561854898366,38.97402956447229,39.76846456186097,55807106.0
2021-11-11,41.139251708984375,41.178193988624194,39.301147587372206,39.37124487916608,84973170.0
2021-11-12,40.812129974365234,41.41963781088292,40.69530017298632,41.13924866445775,34359656.0
2021-11-15,41.22492599487305,41.754549310492436,40.78876474344959,41.115886424793544,36695032.0
2021-11-16,40.890018463134766,41.57541389023591,40.62520679614833,41.20156264939135,32231509.0
2021-11-17,40.375972747802734,41.14704297682277,40.352607973655495,40.671939428458515,33938551.0
2021-11-18,40.04106140136719,40.50058741589171,39.7217299655861,40.34481533160951,34244267.0
2021-11-19,40.75761032104492,41.076941745233675,39.807403315412664,40.09557972965489,46466797.0
2021-11-22,40.25914001464844,40.76539853922445,40.18125545906998,40.57847144628867,37653834.0
2021-11-23,40.305870056152344,40.73424102774549,40.064423194913765,40.305870056152344,38914891.0
2021-11-24,40.29808807373047,40.422705154009385,39.85413656843719,40.18125826111031,31503965.0
2021-11-25,40.048851013183594,40.26693313238812,39.90865939733823,40.26693313238812,21566020.0
2021-11-26,39.020755767822266,40.072215073259024,38.849409154832976,39.87750071718985,82335731.0
2021-11-29,38.802677154541016,39.02075628547788,38.023819719931836,38.77152214409137,82724704.0
2021-11-30,38.545658111572266,38.826044309509896,38.09391934564599,38.53786787292912,61004256.0
2021-12-01,38.935089111328125,39.098648479055896,38.3820980087015,38.537870108439904,50036103.0
2021-12-02,39.63605499267578,39.72172978720151,38.545656349807984,38.95065960757535,55607048.0
2021-12-03,39.916446685791016,39.93981145992648,39.30893878942447,39.77625209876711,49407647.0
2021-12-06,40.36039352416992,40.812132279167336,39.978755030842876,40.103372106168806,60471643.0
2021-12-07,40.375972747802734,40.95232860264762,39.79961689295785,40.72645921553911,54077371.0
2021-12-08,40.531742095947266,40.71866621867499,40.03327380719952,40.48500957971265,49097472.0
2021-12-09,41.380699157714844,41.93368726097403,40.34481727283544,40.695303736558,84055721.0
2021-12-10,41.66108322143555,41.66108322143555,41.03020766407435,41.20155724113409,56426281.0
2021-12-13,40.82770538330078,42.214073640218366,40.81991811622439,41.71560535638049,64554566.0
2021-12-14,39.838558197021484,40.89001452493485,39.6048985942805,40.74981995173236,81062947.0
2021-12-15,39.72172927856445,39.986540925932424,39.550379691707136,39.72172927856445,37849327.0
2021-12-16,39.877498626708984,39.95538317661164,39.41797265163103,39.65162927244412,38365339.0
2021-12-17,39.5425910949707,40.03327209558641,39.45691630442293,39.79182522868863,47644905.0
2021-12-20,39.48028564453125,39.95538919537902,39.24662898852078,39.69057752627234,47082627.0
2021-12-21,39.433555603027344,39.71394477517694,39.17653120485503,39.44913310938071,35694442.0
2021-12-22,38.95065689086914,39.527012668594026,38.849407569041865,39.43355061340532,43682819.0
2021-12-23,39.11422348022461,39.14537552129194,38.69363972920799,39.028548682302095,42370871.0
2021-12-24,38.83382797241211,39.11421709397689,38.81825046886906,39.11421709397689,34465068.0
2021-12-27,38.42103958129883,38.98960516543662,38.16401519568708,38.84162034786426,73594333.0
2021-12-28,38.654693603515625,38.78709793541804,38.31978468374398,38.4210369776786,65322073.0
2021-12-29,37.08919143676758,38.72479388646615,37.08140416944904,38.68584863655716,143890268.0
2021-12-30,37.77458953857422,37.99266869237301,37.12034910607221,37.299485978279165,96791651.0
2021-12-31,37.938148498535156,38.07055581985932,37.64218478471521,37.80574414831659,49293501.0
2022-01-04,37.65775680541992,37.93814596492896,37.003516423600644,37.93814596492896,71960645.0
2022-01-05,38.20295715332031,38.693638176482644,37.69670159580205,37.766798884825235,83717375.0
2022-01-06,37.50198745727539,38.46776903277835,37.46304220783777,38.0238205233591,68186664.0
2022-01-07,38.20295715332031,38.2730544423435,37.41631243970929,37.49419699591044,66073705.0
2022-01-10,38.34315490722656,38.9428755471859,38.09392074141302,38.53008201713953,57093634.0
2022-01-11,38.8260383605957,39.02075270136319,38.07833600511375,38.54565220561876,71561748.0
2022-01-12,38.75594711303711,39.02075877655396,38.311998584656735,38.84162191169043,51841118.0
2022-01-13,38.4288215637207,38.98180956621818,38.257471996877264,38.8260375028246,40140754.0
2022-01-14,37.400733947753906,38.530077809514964,37.385156442703476,38.530077809514964,66657098.0
2022-01-17,37.83689880371094,38.04718771429132,37.29948522681163,37.673336470551476,53180761.0
2022-01-18,38.17179870605469,38.42882306637004,37.60323317787522,37.89141254630852,57907708.0
2022-01-19,38.7092170715332,38.92729621360938,38.24969104279735,38.53008020895557,62028026.0
2022-01-20,40.00990676879883,40.41491300332191,38.84941082068375,38.84941082068375,138624871.0
2022-01-21,40.36039352416992,40.500588105299784,39.885289996019345,40.0254845771492,85808094.0
2022-01-24,40.38375473022461,40.50058452788172,39.745091904204116,40.461642252364406,63815520.0
2022-01-25,39.64384460449219,40.33702724582034,39.48807252337112,40.15010015425399,58351289.0
2022-01-26,39.72172927856445,40.10337072989975,39.41018511538848,39.9164436377731,43669628.0
2022-01-27,39.5425910949707,39.86192251449087,39.036332589609465,39.643843390263996,52940057.0
2022-01-28,38.32757568359375,39.877503368229306,38.28084613653797,39.76067355837889,71514411.0
2022-02-07,39.994327545166016,40.11115734724087,39.04412350797132,39.17652784395789,73234913.0
2022-02-08,40.274715423583984,40.500584782551925,39.713940116177106,40.15009835848188,52824176.0
2022-02-09,40.204620361328125,40.765398670840675,39.939808711958904,40.422702465641535,51220706.0
2022-02-10,40.274715423583984,40.422700231027555,39.721727382887465,40.422700231027555,33554247.0
2022-02-11,41.0925178527832,41.27944494851569,40.22798857694848,40.36039291763389,80993265.0
2022-02-14,39.877498626708984,41.271654056144406,39.721726555798554,41.271654056144406,59405166.0
2022-02-15,39.11422348022461,40.01769803549799,38.9039316047163,39.68278908240389,56617903.0
2022-02-16,39.776248931884766,40.00211830089632,39.122008568230655,39.379032947679384,40495579.0
2022-02-17,40.08000183105469,40.48500804306618,39.659418114222916,39.932019991919915,44157043.0
2022-02-18,40.547325134277344,40.586267417567406,39.91644944899755,39.91644944899755,35439010.0
2022-02-21,40.31365966796875,40.414911966779,39.72951658969515,40.36818242202453,31345076.0
2022-02-22,39.8930778503418,39.994327175358166,39.519226646706485,39.78403828733632,36983993.0
2022-02-23,39.58932113647461,40.07999913533754,39.449126573626614,40.07999913533754,37499974.0
2022-02-24,38.95845031738281,39.39461156247208,38.82604300484813,39.37124381843337,48238083.0
2022-02-25,38.794891357421875,39.33230193806681,38.592386752931596,38.97402821763686,45184050.0
2022-02-28,38.78710174560547,38.89614131696706,38.405463245839904,38.62354238856308,33528964.0
2022-03-01,39.12979507446289,39.33229668078069,38.444399765739874,38.94286800077296,40645436.0
2022-03-02,38.53008270263672,39.12201311419864,38.50671495654085,38.78710414084595,39707598.0
2022-03-03,38.732582092285156,38.91950919461915,38.514502948816734,38.615755253043716,31128967.0
2022-03-04,37.930355072021484,38.46776559564094,37.77458300150559,38.35872603761135,57789720.0
2022-03-07,36.41937255859375,37.58765871767887,36.21687093163868,37.39294435783135,101435369.0
2022-03-08,35.42243576049805,36.42716256395404,35.20435662961656,36.26360321579292,83466464.0
2022-03-09,34.573482513427734,35.617151638917555,33.498658376166766,35.51589933621405,90043112.0
2022-03-10,34.8149299621582,35.59378744242525,34.76041017622795,35.51589991173525,67149583.0
2022-03-11,34.620216369628906,34.88502803771134,33.5687569649903,34.659158650295765,74052488.0
2022-03-14,32.8288459777832,34.2541537083597,32.789900724517466,33.880302451632986,108046557.0
2022-03-15,30.725929260253906,32.40826135734456,30.515637376729373,32.40826135734456,131309249.0
2022-03-16,33.163753509521484,33.3351001377922,31.084202456264457,31.201032268767474,137744932.0
2022-03-17,34.66694259643555,35.180988376860185,34.012702242158255,34.38655641983552,131964759.0
2022-03-18,35.959842681884766,35.959842681884766,34.285301150009495,34.73703687128242,92358531.0
2022-03-21,34.900604248046875,35.741768769412694,34.7370419215516,35.741768769412694,79103220.0
2022-03-22,35.46138000488281,35.71840439862513,34.9083919088442,35.07974150467241,54903830.0
2022-03-23,35.6405143737793,35.80407669067036,35.282240672218464,35.58599459185071,46995984.0
2022-03-24,35.64830780029297,35.89754196028867,35.32897634710438,35.515900481548385,38033234.0
2022-03-25,35.188777923583984,35.78849848414803,35.04858335248562,35.60157139898181,31825936.0
2022-03-28,35.087528228759766,35.43801468247789,34.46444285054169,34.92396887405979,38645874.0
2022-03-29,35.05636978149414,35.47695348473803,34.978485231014226,35.16541231171323,34962089.0
2022-03-30,36.0065803527832,36.06110013779977,35.321184949725115,35.32897518821631,52072269.0
2022-03-31,36.450531005859375,36.69976517227404,35.68725099982626,35.81965832198097,61588490.0
2022-04-01,36.68418502807617,36.972364426297794,36.04552215116704,36.20908447514068,47613944.0
2022-04-06,36.910057067871094,37.174868741150945,36.12341228698115,36.13898979377475,47826855.0
2022-04-07,36.497257232666016,37.06582276245054,36.279178117434995,36.8788956843203,37720107.0
2022-04-08,36.74649429321289,36.74649429321289,36.29475555143577,36.37264307817597,36423474.0
2022-04-11,35.74956130981445,36.50505108287723,35.508114409331334,36.380433998684,49261173.0
2022-04-12,35.59378433227539,36.18571465826964,35.13425834022654,35.98321303838102,58884049.0
2022-04-13,35.632728576660156,35.90532749754763,35.29003236595798,35.59378629811986,44822252.0
2022-04-14,35.6405143737793,36.16235039223118,35.632727106834615,35.835228729554345,32661329.0
2022-04-15,36.47389602661133,36.60630036776841,35.4302269185584,35.593786270966106,42315903.0
2022-04-18,33.79462814331055,35.7962917809396,33.31952456912286,35.7962917809396,236677506.0
2022-04-19,32.78989791870117,33.296156456778576,32.24470007290142,32.712013361045614,250477022.0
2022-04-20,32.01103973388672,32.696435115958,31.855270622097873,32.556240538463754,131826851.0
2022-04-21,32.15123748779297,32.7899004167617,31.621614136291246,31.699501670986002,114350098.0
2022-04-22,33.1014404296875,33.46750436872244,31.66055538766086,31.668342654593285,119533984.0
2022-04-25,30.24303436279297,31.894211224051798,30.15735957314797,31.450262742350628,236874515.0
2022-04-26,29.915916442871094,30.500059567611693,29.285040798553236,30.26640291193657,145471877.0
2022-04-27,29.62773895263672,30.0872649800337,29.29283000193525,29.464179596556132,154620795.0
2022-04-28,30.85833168029785,31.21660836932271,29.557641150462118,29.643315946291857,156452310.0
2022-04-29,31.099781036376953,31.31786019139907,30.157364149482053,30.453327868124738,123692861.0
2022-05-05,30.577939987182617,31.294490334778587,30.39101587640466,30.88948413328611,94425132.0
2022-05-06,29.526487350463867,30.18072776142676,29.51870008284413,30.141785481116994,88945545.0
2022-05-09,28.40493392944336,29.45639036428687,28.15569976753815,29.4408128577796,125240592.0
2022-05-10,28.802148818969727,28.9423434009413,27.46251302284378,28.023291350730076,121763735.0
2022-05-11,28.981285095214844,29.25388698626018,28.5061815738006,28.685321402453013,87239856.0
2022-05-12,28.51397705078125,28.86446356302844,28.373782445882373,28.661958924349648,63002311.0
2022-05-13,28.934551239013672,29.285034663549826,28.739836904891387,28.802143946835944,70130077.0
2022-05-16,28.7320499420166,28.918977031362413,28.381563506434006,28.918977031362413,64474236.0
2022-05-17,30.063892364501953,30.08726010523128,29.09811091936607,29.09811091936607,118395443.0
2022-05-18,29.986011505126953,30.437750247438657,29.51869822855413,30.37544022597276,88775539.0
2022-05-19,29.619953155517578,29.791302775831813,29.22273709245976,29.510913568447037,54201095.0
2022-05-20,31.123138427734375,31.294487992376247,30.180721764413992,30.180721764413992,133887244.0
2022-05-23,30.757078170776367,31.193236386857272,30.72592316359773,31.130929343605004,61808829.0
2022-05-24,30.297557830810547,31.021895540925794,30.250825311378556,30.84275570198928,68742972.0
2022-05-25,30.204090118408203,30.453324257773204,30.09505055382418,30.359862198287654,48902540.0
2022-05-26,29.931493759155273,30.37544229344799,29.658894824451167,30.37544229344799,61542963.0
2022-05-27,30.468902587890625,30.694771961276523,30.165148658008743,30.29755596937838,60839589.0
2022-05-30,30.429960250854492,30.764869191129907,30.211881116202736,30.764869191129907,47153667.0
2022-05-31,30.91285514831543,30.959587671001813,30.2196724028825,30.414386790750438,64540394.0
2022-06-01,30.91285514831543,30.92064538764938,30.58573640282807,30.92064538764938,43383408.0
2022-06-02,30.31313133239746,30.7103503062589,30.17293972109365,30.609098003162096,54728121.0
2022-06-06,30.352075576782227,30.398805121966138,29.674467460561864,30.258610544203673,69870287.0
2022-06-07,30.64803695678711,30.764866753152532,30.118413696512782,30.34428305156319,62272629.0
2022-06-08,30.788236618041992,30.842756406405037,30.391020592667555,30.655832266619058,59693086.0
2022-06-09,31.38016700744629,31.621610912621865,30.694771627533434,30.764868916059807,90860722.0
2022-06-10,31.247760772705078,31.278915784478876,30.764869974633022,31.08420141755082,79539375.0
2022-06-13,30.040531158447266,30.811601329673838,29.86139430416551,30.811601329673838,97131216.0
2022-06-14,30.562368392944336,30.609097939580053,29.682258621004394,29.752355912063425,59836244.0
2022-06-15,31.52814483642578,32.011035556384826,30.52341815253756,30.52341815253756,139489478.0
2022-06-16,31.123138427734375,31.91757326683993,31.123138427734375,31.839688721696326,63688339.0
2022-06-17,31.037473678588867,31.286707868941797,30.585737822738892,31.029686409999172,55073077.0
2022-06-20,30.920639038085938,31.23218021203609,30.686982414847034,31.06862087287937,61420616.0
2022-06-21,31.411325454711914,31.660559625383144,30.7259299998132,30.951799395454525,58391388.0
2022-06-22,30.616886138916016,31.52036062399979,30.609095900925276,31.465840842485658,73071187.0
2022-06-23,31.263338088989258,31.317857873710032,30.624675207026964,30.624675207026964,61602983.0
2022-06-24,31.310068130493164,31.613822041662257,30.889484420672023,31.364587910902735,63995033.0
2022-06-27,32.127872467041016,32.21354726899669,31.271130389695507,31.41132497996741,89340811.0
2022-06-28,32.15123748779297,32.26027706525997,31.85527376926986,32.01104289644806,49916367.0
2022-06-29,31.940942764282227,32.486143574306716,31.925368229832014,32.14344736539965,62280411.0
2022-06-30,32.8677864074707,33.257215149333845,31.902001820363672,31.964311845192423,83262823.0
2022-07-01,32.22911834716797,33.00797570616407,32.096711051164014,33.00797570616407,69574815.0
2022-07-04,31.972095489501953,32.22132961836144,31.777381140636404,32.151232333925634,48691785.0
2022-07-05,31.917577743530273,32.45498831104907,31.746228154855284,32.29142896064405,53453841.0
2022-07-06,30.998523712158203,32.003250464299555,30.84275163901064,31.90199817108786,88526638.0
2022-07-07,30.95958137512207,31.28670005408722,30.80380930228407,30.998523650555278,50812921.0
2022-07-08,31.006319046020508,31.325650511459962,30.866124454256294,31.310073004474418,48036145.0
2022-07-11,30.7181396484375,30.912854029256692,30.53121550667025,30.827182197425007,40375487.0
2022-07-12,30.609100341796875,30.998529106886163,30.398808452115976,30.65583286320564,58062988.0
2022-07-13,29.51869773864746,30.57015407903851,29.355135420566715,30.42995950417233,141083081.0
2022-07-14,28.4127197265625,28.965707808974106,27.649439773845334,28.95013030327309,232523374.0
2022-07-15,28.3411922454834,29.22710864405984,28.333065937442548,28.528128335032072,138245173.0
2022-07-18,28.958898544311523,29.12957892599369,28.454980607257884,28.568770628840397,90308021.0
2022-07-19,29.023923873901367,29.137710816822786,28.609413853193093,28.853243459519234,53781384.0
2022-07-20,29.137706756591797,29.357154301844623,29.02391982952616,29.21085593834274,46968871.0
2022-07-21,28.82072639465332,29.121452514219985,28.747577216983192,28.885749263898347,46624082.0
2022-07-22,28.9263858795166,29.30025806172037,28.650044896917965,28.89387444616125,51033274.0
2022-07-25,29.137706756591797,29.243367374778988,28.625665584796433,28.75570823008019,40464861.0
2022-07-26,29.5278377532959,29.544090371030993,29.08894266337898,29.13770671750671,45628522.0
2022-07-27,29.300256729125977,29.54408626727974,29.186469818018274,29.446555072110392,44247135.0
2022-07-28,29.080812454223633,29.544089558462638,29.05643042783036,29.340897737288998,57066760.0
2022-07-29,28.50374984741211,29.405922074479598,28.454982691732873,29.12145475083728,64970631.0
2022-08-01,28.056726455688477,28.454980680640595,27.99983299498103,28.438728063690817,70588273.0
2022-08-02,27.560937881469727,27.804767441314002,27.089534479165597,27.796641132852326,81160751.0
2022-08-03,26.870086669921875,28.03234409708371,26.780681775453882,27.552811290768958,100320625.0
2022-08-04,27.35774803161621,27.390259468722327,27.008257833878687,27.089536426643978,59307271.0
2022-08-05,27.877918243408203,27.91042968007109,27.32523622198412,27.47966399590221,48871948.0
2022-08-08,27.560937881469727,28.032344384234925,27.325234630087127,27.788511723929577,57211197.0
2022-08-09,27.308979034423828,27.593449439227648,27.14642806077717,27.593449439227648,49867119.0
2022-08-10,26.9432373046875,27.3902587007484,26.84570299610384,27.276471774528666,52960480.0
2022-08-11,27.926685333251953,27.959196769838996,26.967619657162953,27.195193512349753,82668809.0
2022-08-12,27.9348087310791,27.99170218894693,27.65846774980926,27.76412835747562,40200050.0
2022-08-15,27.414640426635742,27.902302662815636,27.25208634790911,27.71536345698025,45918083.0
2022-08-16,27.560937881469727,27.934810079928358,27.43089524285537,27.52030013823919,47915454.0
2022-08-17,27.829153060913086,27.9023022402091,27.26021534421756,27.634087549303345,45395476.0
2022-08-18,27.406513214111328,27.77225600360854,27.178936271214475,27.73974766930419,50734443.0
2022-08-19,27.51217269897461,27.756005376736486,27.19519393843772,27.21144965698593,42844967.0
2022-08-22,27.32523536682129,27.73161901100556,27.227704160346185,27.260215595991603,52563482.0
2022-08-23,26.90259552001953,27.308979156880618,26.837575750361527,27.300852848346278,53965720.0
2022-08-24,26.6912784576416,27.17893760114085,26.658767021285325,26.935108029391223,58965852.0
2022-08-25,27.382129669189453,27.44715254247551,26.488086864734857,26.74004584802647,65073875.0
2022-08-26,27.3902587890625,27.666599796684803,27.08953575444627,27.390258789062504,54968310.0
2022-08-29,27.04889488220215,27.48778997042789,26.91072592875768,27.073280009633276,38901392.0
2022-08-30,27.463407516479492,27.52842728754213,26.886343483781,26.910725510371847,59087736.0
2022-08-31,28.48749351501465,28.641921287774036,27.203322781078484,27.260216244581027,166545105.0
2022-09-01,28.040470123291016,28.47936518237491,28.032343814994356,28.333066829346944,60742108.0
2022-09-02,27.894174575805664,28.36558111641138,27.73162048937399,28.121748436533213,47663498.0
2022-09-05,27.821025848388672,27.95106849957533,27.276473215438717,27.837281567344675,46737206.0
2022-09-06,27.32523536682129,28.243663270806863,27.227704160346185,27.8941730887715,87756101.0
2022-09-07,27.13017463684082,27.21145013053499,26.870089336465874,27.105789508363493,62522016.0
2022-09-08,27.06515121459961,27.252087326687775,27.02451346857371,27.122044679128127,41667222.0
2022-09-09,28.040470123291016,28.251788244075293,27.130171671475576,27.18706513093523,135166615.0
2022-09-13,28.731321334838867,28.97515399264778,27.869790025512298,27.999832662795235,143861057.0
2022-09-14,28.333066940307617,28.690683415520393,28.211150612153187,28.365578374543603,56078636.0
2022-09-15,29.267749786376953,29.308390632686788,28.56877249658228,28.56877249658228,134095049.0
2022-09-16,28.406217575073242,29.25962261457271,28.381832447914164,29.00766363700342,86516134.0
2022-09-19,28.52000617980957,28.706942296578145,28.243665159268776,28.357452091174746,44998129.0
2022-09-20,28.072982788085938,28.601279663437044,27.918555019530373,28.52813048371629,50434551.0
2022-09-21,27.967321395874023,28.349323001632413,27.520300021315236,27.99983283050475,53038925.0
2022-09-22,27.772254943847656,27.837277810897284,27.56093682685826,27.634086002058616,38514551.0
2022-09-23,27.926685333251953,28.170514906732276,27.634088604891073,27.634088604891073,36643717.0
2022-09-26,27.593448638916016,28.056725721386634,27.504043745726772,27.65034209813444,52549140.0
2022-09-27,27.552810668945312,27.6747238946367,27.178935382293204,27.544681260289305,47541362.0
2022-09-28,27.365873336791992,27.63408803238652,27.16268151302444,27.463407644532463,48729860.0
2022-09-29,26.9432373046875,27.89417355991917,26.821320969188523,27.62596196246711,61785902.0
2022-09-30,27.349620819091797,27.59345038841032,26.91885204281917,27.032638968470405,53971707.0
2022-10-10,25.845998764038086,26.894469294486115,25.398977382203526,26.813193807047504,127799132.0
2022-10-11,25.52089500427246,26.06544920196938,25.447745817251178,25.83787533144159,61866447.0
2022-10-12,25.1551456451416,25.43961292704991,24.423653919576186,25.398975186843128,117369975.0
2022-10-13,24.29361343383789,24.838167571893976,24.13918876724433,24.765018392884162,135038091.0
2022-10-14,25.26080894470215,25.37459587658649,24.464297321050395,24.626849859423647,126919692.0
2022-10-17,25.212039947509766,25.34208258081153,24.82191204760447,24.951954680906233,64630961.0
2022-10-18,25.033231735229492,25.50463669809321,24.951956246987578,25.43961537736134,56281382.0
2022-10-19,24.594337463378906,25.252678509640024,24.55369817025753,24.96820965871246,52827518.0
2022-10-20,24.439910888671875,24.74876331090635,24.285484677554635,24.38301742937355,55115404.0
2022-10-21,24.041656494140625,24.602466361056553,23.976635172630846,24.504933603676598,72871094.0
2022-10-24,22.773740768432617,23.96850817547002,22.75748504991304,23.887231133102773,145145835.0
2022-10-25,22.911911010742188,23.1394848664651,22.6030585633602,22.77374050538301,86028249.0
2022-10-26,22.700590133666992,23.017568873375378,22.562419635547595,22.741227877136588,75402189.0
2022-10-27,22.708717346191406,23.115100970245216,22.676205912156462,22.920037016727047,76286564.0
2022-10-28,22.09101676940918,22.757485746814698,21.936590539205486,22.432379117620627,94946422.0
2022-10-31,21.798416137695312,22.050373536575503,21.37577682005535,21.86343745192989,95303253.0
2022-11-01,22.911911010742188,22.96067661550701,21.952845332393846,22.02599451465639,105901901.0
2022-11-02,23.098846435546875,23.326421834748484,22.63556932844948,22.887526754194795,72836102.0
2022-11-03,22.79812240600586,23.066335556068374,22.65995190141422,23.04195352893672,50172213.0
2022-11-04,23.635272979736328,23.773443482498536,22.749356500301698,22.798122104149947,92682957.0
2022-11-07,23.700294494628906,23.919742039079132,23.261400955959054,23.407697768695265,54538019.0
2022-11-08,23.69216537475586,23.879101472940825,23.521484993864508,23.732804667989893,43978188.0
2022-11-09,23.716548919677734,24.017271938063622,23.570250564687615,23.692165343769208,46305956.0
2022-11-10,23.72467803955078,23.814081388840474,23.38331570983672,23.570251817714976,40004562.0
2022-11-11,25.390850067138672,25.845999317509868,24.14731554979367,24.464295848468232,168871688.0
2022-11-14,26.93510627746582,27.382127646674967,26.276766786607972,26.414935731443464,204968536.0
2022-11-15,27.04889488220215,27.495919379725336,26.618129203273853,26.94323736502504,91330506.0
2022-11-16,27.13017463684082,27.21145013053499,26.707535248616193,27.032640323854206,61459443.0
2022-11-17,26.260513305664062,27.065151218666127,26.008554319527576,27.065151218666127,103715191.0
2022-11-18,26.065446853637695,26.561235398729927,25.87038288923188,26.2442566503493,56273194.0
2022-11-21,25.902894973754883,25.984170464953042,25.236424474223355,25.683447426966353,47910404.0
2022-11-22,26.374300003051758,26.723790196687197,25.84600000789272,26.06544755509134,65416650.0
2022-11-23,26.18736457824707,26.78068436192891,26.130471112720137,26.276769481349778,57764427.0
2022-11-24,26.18736457824707,26.715661486777364,26.0735776471932,26.4962139338329,40630100.0
2022-11-25,26.837574005126953,27.000128069392797,26.154849415579136,26.1792314400577,83012155.0
2022-11-28,25.97603988647461,26.097956210970235,25.56152996401914,26.0898268024247,80937686.0
2022-11-29,28.333066940307617,28.373704682872088,26.618127540122167,26.650638974358152,175318695.0
2022-11-30,28.414342880249023,28.80447079594234,27.796641122183203,27.902301734910896,87332461.0
2022-12-01,28.446855545043945,29.6660064969744,28.324939209666418,29.1783473563867,83139723.0
2022-12-02,27.951066970825195,28.446855520251948,27.764130863747454,28.446855520251948,59846240.0
2022-12-05,29.340900421142578,29.340900421142578,28.12987879243207,28.42247553776013,105060439.0
2022-12-06,29.137706756591797,29.243367374778988,28.788216566055212,29.186473911246168,65110353.0
2022-12-07,28.706939697265625,29.218983944940042,28.690683979827902,29.09706761438768,56460628.0
2022-12-08,28.81260108947754,29.072686374591658,28.57689783094876,28.650047011165928,44355151.0
2022-12-09,29.86919593811035,30.015494288701237,28.95889750145891,29.09706644342755,95816291.0
2022-12-12,29.088939666748047,29.747279133342598,28.999534776109055,29.592854477077648,60626240.0
2022-12-13,29.373409271240234,29.470940477601367,28.94264360105586,29.04017480741699,38290398.0
2022-12-14,29.99924087524414,30.104901492219227,29.275878475372558,29.373409683101226,64436167.0
2022-12-15,29.5278377532959,30.039878924404416,29.438432853446763,29.763537915989456,40340341.0
2022-12-16,30.14554214477539,30.23494705234244,29.50345517266792,29.50345517266792,60782001.0
2022-12-19,29.66600799560547,30.348732687194023,29.46281616001913,30.15366716082814,54784253.0
2022-12-20,29.03205108642578,29.706646382871476,28.690687183043714,29.454690485609504,70291116.0
2022-12-21,29.218982696533203,29.44655653001584,29.023917196075985,29.251494130019566,33049776.0
2022-12-22,29.66600799560547,29.9504753252418,29.46281616001913,29.690390023728195,35971483.0
2022-12-23,29.560340881347656,29.909831009842993,29.381534213612394,29.495321120478653,33058360.0
2022-12-26,29.218982696533203,29.909833605583174,29.170215546303663,29.544087730013977,36047352.0
2022-12-27,29.804174423217773,30.05613339410278,29.5278365267428,29.62536773140815,36790747.0
2022-12-28,30.34060287475586,30.49502753580505,29.731027438380266,29.80417351430278,52885997.0
2022-12-29,30.259326934814453,30.33247611759246,29.78792350171495,29.991115331602607,51362913.0
2022-12-30,30.283708572387695,30.584434709082064,30.22681510878849,30.348731445336067,52322805.0
2023-01-03,30.543800354003906,30.706351353495116,29.690392104367177,30.13741665435273,60626616.0
2023-01-04,31.4134578704834,31.559756234780423,30.503156248088306,30.706348076227368,83645411.0
2023-01-05,31.29154396057129,31.917375211838092,31.21026846319596,31.68980133881798,61908519.0
2023-01-06,31.19400978088379,31.64103117491388,30.79575244046279,31.421583632289394,59000699.0
2023-01-09,31.535369873046875,31.77919943717995,31.21839112962776,31.21839112962776,49914886.0
2023-01-10,31.088346481323242,31.535367836779496,31.015197306760516,31.519112120158788,54197159.0
2023-01-11,31.63290023803711,31.84422146167523,30.998942768044827,31.194008274444553,54170698.0
2023-01-12,31.73855972290039,31.819838306206382,31.47847445724309,31.787326872883988,30434871.0
2023-01-13,32.23434829711914,32.23434829711914,31.673540023204772,31.754815506220442,46376708.0
2023-01-16,32.89269256591797,33.43724515119371,32.34813688018114,32.510690955048595,88046855.0
2023-01-17,33.063377380371094,33.27469553569622,32.73826918706619,32.8764412543823,43204705.0
2023-01-18,32.81954574584961,33.28282287721589,32.69762940582214,33.03899329762227,29467472.0
2023-01-19,33.03899002075195,33.16090324822652,32.445667198623894,32.673244137406236,47249021.0
2023-01-20,33.36409378051758,33.404731521449285,33.06337077706988,33.30720032312101,41340273.0
2023-01-30,34.160606384277344,34.64826859254002,34.01430803184464,34.583245724587265,100700740.0
2023-01-31,33.494140625,34.420694876822004,33.494140625,34.420694876822004,64231185.0
2023-02-01,32.949588775634766,33.884269358284755,32.470055920027775,33.843631611293254,91679130.0
2023-02-02,32.53507614135742,33.12026962753764,32.144948184057746,33.07963187998877,72723293.0
2023-02-03,31.941757202148438,32.340014579911234,31.706053919400283,32.340014579911234,63816364.0
2023-02-06,31.16962432861328,31.486606176073174,30.78762581065999,31.470350458219247,73100066.0
2023-02-07,31.21839141845703,31.649157089092903,31.01519959638937,31.291540598419832,42657086.0
2023-02-08,31.283416748046875,31.632903857042315,31.177756124139567,31.291543057365253,31706528.0
2023-02-09,31.283416748046875,31.60852182862578,31.145244685943258,31.226520180972635,49817481.0
2023-02-10,31.01519775390625,31.20213384704807,30.803879635712317,31.128984671430754,41102639.0
2023-02-13,30.657583236694336,30.86890136834461,30.129283256876906,30.803881597244974,82518134.0
2023-02-14,30.885156631469727,30.93392378442226,30.48689930017683,30.70634683777155,48607663.0
2023-02-15,30.210556030273438,30.958303483702636,30.072387091318337,30.885154310002616,77104778.0
2023-02-16,30.29183578491211,30.763239177755747,30.088643972376175,30.234942325438926,65415231.0
2023-02-17,29.836685180664062,30.381240853639266,29.81230315516672,30.194304757083906,57581280.0
2023-02-20,31.283416748046875,31.299669366683634,29.92609365773422,29.92609365773422,108022830.0
2023-02-21,31.44596290588379,31.551623513554496,30.990815242922434,31.23464479100329,53046540.0
2023-02-22,31.01519775390625,31.372814223334824,30.998942037051183,31.25902730581032,38309139.0
2023-02-23,31.104602813720703,31.510986435900808,31.01519792076732,31.01519792076732,37063824.0
2023-02-24,30.44626235961914,31.08834927169423,30.39749830584106,31.023326399375193,53369015.0
2023-02-27,30.202430725097656,30.543794580518984,30.1455372659376,30.291835618195172,44933367.0
2023-02-28,30.3243465423584,30.46251548357839,29.950471259284726,30.210556525490187,37822552.0
2023-03-01,31.088346481323242,31.161495655885968,30.234941511732043,30.275579253053355,57119401.0
2023-03-02,31.088346481323242,31.291538288390715,30.698218583809005,30.917666107497187,34907009.0
2023-03-03,31.088346481323242,31.510985812078896,30.80387919161315,31.291538288390715,35711390.0
2023-03-06,30.072391510009766,31.072094963827706,29.99924232556156,30.901414566935667,81051939.0
2023-03-07,29.71477508544922,30.462519550502947,29.592858744187204,29.982986695579758,73741149.0
2023-03-08,29.25962257385254,29.519707859805443,29.09706849501668,29.46281439728207,61658357.0
2023-03-09,28.918262481689453,29.32464613814628,28.85323960843496,29.259623264891793,53999602.0
2023-03-10,28.471237182617188,28.983281443555384,28.40621741164314,28.48749290047599,55845366.0
2023-03-13,28.48749351501465,28.755708214779126,28.211152506376045,28.381832896883683,58420463.0
2023-03-14,28.10549545288086,28.389962775091686,27.910429931606807,28.186770944809304,62666750.0
2023-03-15,28.349323272705078,29.02391849520723,28.349323272705078,28.568770807869225,67638378.0
2023-03-16,28.16238784790039,28.568771493033378,27.80476825588822,28.040471514176033,40389489.0
2023-03-17,27.926685333251953,28.747578954076655,27.650344323184594,28.463111635093156,83271578.0
2023-03-20,27.731618881225586,28.37370578014254,27.650343392953552,27.991704164249466,52072515.0
2023-03-21,27.821025848388672,28.040473403602668,27.642216040334002,27.80477012943267,36747539.0
2023-03-22,28.072982788085938,28.22740745618036,27.861661557576582,28.056727070318974,45986740.0
2023-03-23,28.60940933227539,28.72319625721597,27.894173246341687,27.959196117999827,54214633.0
2023-03-24,27.983577728271484,28.43059911265585,27.821023652005955,28.43059911265585,67871839.0
2023-03-27,27.804767608642578,28.12174634839382,27.67472496924563,28.12174634839382,44983610.0
2023-03-28,27.95919418334961,28.219279451063105,27.78038439912372,27.967320491513988,53323436.0
2023-03-29,27.731618881225586,28.20302539449458,27.71536316347895,28.129876214865295,41863012.0
2023-03-30,27.918554306030273,27.95106574073332,27.398383752625808,27.756003333437178,56228970.0
2023-03-31,27.85353660583496,28.300558014589473,27.747875985432927,27.92668578911925,57779428.0
2023-04-03,27.9348087310791,27.999831597477144,27.617830008540945,27.886044681741488,50467501.0
2023-04-04,27.861663818359375,27.97545075149999,27.682857109336148,27.942942413789382,48782066.0
2023-04-06,27.471534729003906,27.77225776854237,27.414641264779366,27.77225776854237,48679567.0
2023-04-07,27.747873306274414,27.84540450774937,27.430894576135056,27.51217006062069,39414120.0
2023-04-10,27.829153060913086,27.87791711346968,27.60970552302505,27.756003881617076,33015949.0
2023-04-11,27.414640426635742,27.91042897154444,27.33336493750301,27.82915348241171,73399153.0
2023-04-12,27.42276954650879,27.593449932163505,27.357746675519675,27.544682778921672,41612769.0
2023-04-13,27.642213821411133,27.829153024168324,27.024512052974607,27.34962020507454,63430456.0
2023-04-14,27.951066970825195,28.276175131241125,27.65034393774024,27.796642299881288,69392338.0
2023-04-17,28.60940933227539,28.60940933227539,27.715363449742966,27.894173246341687,89373012.0
2023-04-18,28.99953842163086,29.544091041489818,28.544387603188657,28.617536786501486,94271463.0
2023-04-19,28.853240966796875,29.129581990215637,28.690686876469123,29.129581990215637,51088648.0
2023-04-20,28.4387264251709,29.048301840881848,28.333065818318616,28.934511825561984,68091530.0
2023-04-21,28.040470123291016,28.593152101294212,27.983576663831364,28.438727439969586,53159146.0
2023-04-24,27.308979034423828,28.194895482826887,27.2358298560984,28.05672653513501,72987368.0
2023-04-25,27.658470153808594,27.747875052646272,27.235830786869407,27.317109376931473,51221280.0
2023-04-26,27.487789154052734,27.601576077147865,27.105787540409548,27.47153343640184,49650070.0
2023-04-27,26.52059555053711,26.81319224905238,26.12233824412223,26.796936532416986,155927939.0
2023-04-28,27.308979034423828,27.430895365119905,26.341787099197443,26.382424842609108,94021308.0
2023-05-04,27.739748001098633,27.959195537698406,26.683151162273177,27.057023365164152,72543303.0
2023-05-05,28.194896697998047,28.495622833219734,27.756004709590755,27.780386736596377,80088973.0
2023-05-08,28.934513092041016,29.218983492100747,28.154257269889403,28.333067058472036,106426580.0
2023-05-09,28.4387264251709,29.34089543603595,28.41434130022905,28.999534691459047,98552978.0
2023-05-10,27.95919418334961,28.5443844854745,27.869789291236664,28.365577801709566,63837387.0
2023-05-11,27.999834060668945,28.71507015166332,27.959196315825658,28.121747295198805,44580284.0
2023-05-12,27.66659927368164,28.081109227048685,27.634087837996848,28.016089456140257,45936569.0
2023-05-15,28.203027725219727,28.32494096770281,27.398386682801263,27.707239144588907,52809453.0
2023-05-16,28.300556182861328,28.60940861456715,28.09736436471875,28.406216796424573,38524804.0
2023-05-17,28.040470123291016,28.55251435888889,27.983576663831364,28.29242908694162,39637635.0
2023-05-18,27.999834060668945,28.316812811092248,27.804768544775502,28.227407912160302,32901230.0
2023-05-19,27.593448638916016,27.999832262168205,27.585319230192813,27.91855367724117,39298980.0
2023-05-22,27.796642303466797,27.91042922948869,27.61783250516885,27.61783250516885,29693441.0
2023-05-23,27.308979034423828,27.942939613397915,27.308979034423828,27.804767565244955,34692126.0
2023-05-24,26.76443099975586,27.30085736514324,26.76443099975586,27.30085736514324,46399873.0
2023-05-25,26.349912643432617,26.626253631262355,26.13859452354446,26.626253631262355,70605103.0
2023-05-26,26.610002517700195,26.707533724660248,26.187363153591754,26.36616984960832,29462374.0
2023-05-29,26.569360733032227,26.780681957843235,26.36616891711606,26.780681957843235,38730090.0
2023-05-30,26.528722763061523,26.740043986065263,26.301148923329215,26.569360505805,34007178.0
2023-05-31,26.252382278442383,26.65876591464261,26.203618226393456,26.496211840070302,52541398.0
2023-06-01,26.057321548461914,26.414938055196977,26.024810111360193,26.260513379655734,47239881.0
2023-06-02,26.87821388244629,26.902595908862814,26.171107212216764,26.187362929981497,55885607.0
2023-06-05,26.85382843017578,27.040764509930266,26.691274373727303,26.878210453481792,31273034.0
2023-06-06,26.87821388244629,27.47153362878384,26.80506470273557,26.853831856029764,38663375.0
2023-06-07,27.06515121459961,27.317110200698238,26.951364285542578,27.02451346857371,33890635.0
2023-06-08,27.69911003112793,27.812896952777365,27.000129683325877,27.081405170086594,54961501.0
2023-06-09,27.42276954650879,27.837279497450407,27.42276954650879,27.674725420438758,41510872.0
2023-06-12,27.414640426635742,27.569065096172398,27.130173114210013,27.414640426635742,40677376.0
2023-06-13,27.414640426635742,27.585320814091176,27.227704321261523,27.276471475017864,23124556.0
2023-06-14,27.138301849365234,27.666601877346622,27.138301849365234,27.577196971030254,38263310.0
2023-06-15,27.406513214111328,27.463406674720275,27.07327875891847,27.227703423362602,36953706.0
2023-06-16,27.577194213867188,27.66659911124487,27.430895854605733,27.520300751983417,42680637.0
2023-06-19,27.292728424072266,27.560940030677852,27.276472705420215,27.560940030677852,27896062.0
2023-06-20,26.975746154785156,27.27647229462712,26.90259697218323,27.227705139405412,30764875.0
2023-06-21,26.959487915039062,27.341489510729907,26.821318972191467,26.87008612285231,42786599.0
2023-06-26,26.504343032836914,26.902597286858068,26.349915256392496,26.764428329472324,43210300.0
2023-06-27,26.675020217895508,26.829444875298346,26.3661678026289,26.520595560492666,34571527.0
2023-06-28,26.861955642700195,26.967616248020246,26.593744075916494,26.666893248759475,33381801.0
2023-06-29,26.561235427856445,26.967619075038506,26.553106018654546,26.86195845864204,25854831.0
2023-06-30,26.62625503540039,26.82132054905094,26.528723828805692,26.601873008867006,29361327.0
2023-07-03,27.406513214111328,27.439021548415678,26.658765716812063,26.740044303725607,45366767.0
2023-07-04,27.235828399658203,27.308977574071967,27.113915175942537,27.308977574071967,22408656.0
2023-07-05,26.845701217651367,27.22770281647783,26.691276556649246,27.22770281647783,41307158.0
2023-07-06,26.47995948791504,26.918851463051222,26.42306292585365,26.845702283785005,40784246.0
2023-07-07,26.260513305664062,26.47996085479043,26.244257587159,26.414937980770194,47279440.0
2023-07-10,26.374300003051758,26.56936242247636,26.276768793339457,26.431193467089038,27207677.0
2023-07-11,26.585617065429688,26.658766244870286,26.39055465389551,26.60187278313439,32916654.0
2023-07-12,26.98387336730957,27.178935771392734,26.59374545868223,26.59374545868223,63204933.0
2023-07-13,27.316648483276367,27.445297990433076,26.973582585569403,27.436721138506996,56385028.0
2023-07-14,27.3852596282959,27.608251218338374,27.256610130696895,27.39383647958478,34752056.0
2023-07-17,27.145116806030273,27.256614253784765,26.956430956733843,27.24803740119847,26200279.0
2023-07-18,26.98215675354004,27.24803424531909,26.922120428256758,27.145113662071203,31638946.0
2023-07-19,27.0850772857666,27.13653675936002,26.8106245787788,26.836355133509095,24029564.0
2023-07-20,27.179420471191406,27.531061563571054,27.102230444418492,27.248033646559875,27239443.0
2023-07-21,27.27376365661621,27.42814371634155,27.110808381010315,27.27376365661621,31566900.0
2023-07-24,26.973581314086914,27.21372661322819,26.930697056478003,26.982156529741538,23912203.0
2023-07-25,28.534534454345703,28.603145999961043,27.445298766925212,27.445298766925212,126162096.0
2023-07-26,28.603145599365234,28.929059433743628,28.36300028547301,28.534534054710825,50175140.0
2023-07-27,28.869022369384766,29.006248726930142,28.47449700040861,28.73179601183939,54848896.0
2023-07-28,30.10405921936035,30.26701776627123,28.654605631019166,28.723220444820463,125628759.0
2023-07-31,30.49858856201172,30.91026763915639,30.026869885532378,30.464281154316044,116275605.0
2023-08-01,30.00971794128418,30.515740728227154,29.821030480200058,30.472854834901266,66009585.0
2023-08-02,29.186355590820312,29.863912113440062,28.963364002883463,29.29785302065584,91535761.0
2023-08-03,29.74384307861328,29.82960832936833,29.04913276925283,29.177783917120003,50929381.0
2023-08-04,29.915374755859375,30.447126471100006,29.778148401225202,30.086908517085686,81264248.0
2023-08-07,29.589462280273438,29.829607593853943,29.400774807183314,29.80387867360875,34467192.0
2023-08-08,29.28927993774414,29.718112714157762,28.997673518913498,29.443659998991798,50228255.0
2023-08-09,29.177783966064453,29.426507774099758,29.11774763608829,29.177783966064453,38683250.0
2023-08-10,29.28070068359375,29.375044415412717,28.98909427239619,29.074862788474505,28772469.0
2023-08-11,28.43161392211914,29.563732171684208,28.43161392211914,29.297854676811205,60624004.0
2023-08-14,27.83982276916504,28.157161376049828,27.65971379016626,28.131429184953998,66707291.0
2023-08-15,27.754056930541992,27.99420223074331,27.573947955391002,27.83982217440408,58295914.0
2023-08-16,27.419567108154297,27.659714051623226,27.34237707760597,27.573948805118167,58015181.0
2023-08-17,27.265188217163086,27.333801394715366,27.007887574441636,27.25661136548565,64607569.0
2023-08-18,27.342378616333008,27.98562945239122,27.230882808081535,27.230882808081535,67459467.0
2023-08-21,26.699129104614258,27.308072524340773,26.699129104614258,27.28234196772113,80957531.0
2023-08-22,26.862083435058594,26.990732934019253,26.58763073437795,26.76773970574945,60107044.0
2023-08-23,26.458982467651367,26.965005271547714,26.458982467651367,26.759165736450978,56074358.0
2023-08-24,26.63909149169922,26.716281521972228,26.416098252673553,26.587632016806285,41225614.0
2023-08-25,27.067922592163086,27.31664637118664,26.50186349574678,26.58763037250894,64747134.0
2023-08-28,27.668289184570312,29.10059235339555,27.471026500812954,28.560262141178356,140509367.0
2023-08-29,27.479604721069336,27.822668974456327,27.24803463237256,27.668288915325142,72116998.0
2023-08-30,27.1536922454834,27.608253957829255,27.05934850781134,27.608253957829255,63980158.0
2023-08-31,27.05934715270996,27.513912114026276,27.00788767831463,27.27376353786889,50322017.0
2023-09-01,27.676868438720703,27.985628568538495,27.342377752795674,27.40241571704589,69752619.0
2023-09-04,28.757524490356445,28.826139303943883,27.848401112463584,27.942744845279123,110429932.0
2023-09-05,28.397306442260742,28.68033436805637,28.277233790605965,28.560261716401598,44732261.0
2023-09-06,28.611724853515625,28.6974901045641,28.10570202016655,28.38872996601421,54674047.0
2023-09-07,28.423036575317383,28.56884142407845,28.31153913470416,28.56884142407845,35870198.0
2023-09-08,28.44876480102539,28.525954831606292,28.260080604287754,28.30296322755838,29850098.0
2023-09-11,28.22577476501465,28.551688609099003,28.22577476501465,28.414462243968952,63287369.0
2023-09-12,28.20004653930664,28.3458481244685,28.1485854242135,28.21720024433769,27759078.0
2023-09-13,28.088546752929688,28.37157795476578,28.011356722586612,28.260080517218128,29891534.0
2023-09-14,28.36299705505371,28.46591599618058,28.174309603209323,28.26007811392684,43734390.0
2023-09-15,28.26865577697754,28.663181145238497,28.131429419680927,28.560262195199645,43960215.0
2023-09-18,28.320117950439453,28.34584687098091,28.04566522554872,28.191466804263055,36040192.0
2023-09-19,28.26865577697754,28.302963184235303,28.06281787689984,28.302963184235303,38465270.0
2023-09-20,28.071393966674805,28.182891407866087,27.985628717595066,28.182891407866087,30931758.0
2023-09-21,27.76263427734375,28.14000923146732,27.76263427734375,28.08854811815922,39031854.0
2023-09-22,28.594572067260742,28.620300989054634,27.719752737186493,27.951322848535682,71283316.0
2023-09-25,28.302961349487305,28.543106641255278,28.217196108637093,28.543106641255278,45651541.0
2023-09-26,28.131431579589844,28.371580177098156,28.088548953092364,28.242929025871035,32202356.0
2023-09-27,28.148582458496094,28.380152544415104,28.088546133080165,28.21719727139107,35246679.0
2023-09-28,28.277233123779297,28.42303469114059,28.088545663208873,28.32011574525413,38856469.0
2023-10-09,27.9427433013916,28.045662244351917,27.771209548634946,28.045662244351917,36134267.0
2023-10-10,27.951318740844727,28.4144588954806,27.951318740844727,28.405880408320176,34263698.0
2023-10-11,27.831249237060547,28.174313512327505,27.788366611619004,28.165738295933036,37609124.0
2023-10-12,28.36299705505371,28.5859919111851,28.11427328157414,28.294385518213847,61745963.0
2023-10-13,27.968475341796875,28.20004544311236,27.882706819975635,28.11427692129112,41037187.0
2023-10-16,27.711177825927734,28.011359489280757,27.65114149325713,27.942747939829246,28677414.0
2023-10-17,27.89128303527832,27.959894575409866,27.633984034249995,27.77978560186347,28622914.0
2023-10-18,27.865556716918945,27.994204593570494,27.79694189865043,27.865556716918945,24931667.0
2023-10-19,27.076501846313477,27.788365841506362,27.03361922206036,27.788365841506362,60429338.0
2023-10-20,27.145116806030273,27.282343175676292,26.930700398974952,27.00789043638426,37258937.0
2023-10-23,26.784894943237305,27.1451145424874,26.58763225780367,27.093655067128022,39380184.0
2023-10-24,26.84493064880371,26.939274381333817,26.62193904878795,26.91354382631637,36552663.0
2023-10-25,26.947851181030273,27.230880742207507,26.75916535220118,27.1022312391028,37569332.0
2023-10-26,27.016464233398438,27.230880616203187,26.81062470220994,26.896391582505274,28702985.0
2023-10-27,27.04219627380371,27.1451152271182,26.716282437950877,26.97358309297163,39145276.0
2023-10-30,26.50186538696289,26.69912807248587,26.20168211480732,26.596209121720502,83850056.0
2023-10-31,26.381792068481445,26.5790547490398,26.253142565328922,26.36463836516319,52801599.0
2023-11-01,26.11591911315918,26.484713960288037,26.098765407934387,26.41610077525623,52989707.0
2023-11-02,26.313180923461914,26.424676731907937,26.16737770572954,26.24456774075652,36466771.0
2023-11-03,26.57905387878418,26.621938135675688,26.244564854366068,26.31317802952535,43956879.0
2023-11-06,26.707704544067383,26.887815159143006,26.553324484250336,26.71628139582024,51982385.0
2023-11-07,26.416099548339844,26.707705980147978,26.287450036863856,26.707705980147978,51624067.0
2023-11-08,26.244565963745117,26.398946023346056,26.158799082203796,26.364638616382646,44518298.0
2023-11-09,26.2960262298584,26.398946817979432,26.175953573606566,26.20168249373639,32764958.0
2023-11-10,25.8671932220459,26.210259119712177,25.815733746362767,26.158799644029042,51696462.0
2023-11-13,25.575586318969727,25.961536469001345,25.39547733953311,25.875769587231296,63424273.0
2023-11-14,25.901498794555664,25.901498794555664,25.60989239323361,25.61846924455098,44834267.0
2023-11-15,26.278873443603516,26.390370887617422,26.064457043741562,26.115918157532892,60193960.0
2023-11-16,26.19310760498047,26.39037029582176,26.04730439090924,26.30460341062681,31571993.0
2023-11-17,26.012996673583984,26.175953589932572,25.81573398508516,26.12449247790633,43245282.0
2023-11-20,26.227413177490234,26.235990029531035,25.850039867031214,26.02157363611275,36922708.0
2023-11-21,26.09876251220703,26.47613580594508,26.047303038109582,26.373215221882997,48854470.0
2023-11-22,25.8671932220459,26.081609612570727,25.858616370120835,25.987265877262285,27370542.0
2023-11-23,25.850040435791016,25.91007676553031,25.687085151032157,25.74712148077145,29979383.0
2023-11-24,25.72996711730957,25.81573400154072,25.66993078910794,25.781426593501358,29116276.0
2023-11-27,25.21536636352539,25.75569656584027,25.121024267208377,25.72996601091717,58101958.0
2023-11-28,25.009525299072266,25.292554842412642,24.906606357421445,25.2239416693564,47516511.0
2023-11-29,24.700767517089844,25.078140822196286,24.597848565794507,25.04383505038692,62063752.0
2023-11-30,24.69219398498535,24.855149274960656,24.529237059142698,24.700769201622077,55156006.0
2023-12-01,24.237628936767578,24.6493080132119,24.07467202222482,24.632154309393247,88273644.0
2023-12-04,24.083248138427734,24.409160321689896,24.03178866441101,24.246205047992405,55787830.0
2023-12-05,23.594379425048828,24.074671673952466,23.585802573263575,24.066094822167216,61890167.0
2023-12-06,23.808795928955078,23.980328057900532,23.54292006577593,23.637262164142406,61125926.0
2023-12-07,23.851680755615234,23.963178203803643,23.405695870463713,23.817374981003905,59496698.0
2023-12-08,23.58580207824707,23.971752221147078,23.58580207824707,23.757335838617557,53349765.0
2023-12-11,23.808795928955078,23.885985959534057,23.071203030474692,23.37138630096326,75808597.0
2023-12-12,24.057519912719727,24.074673617675174,23.680148218903952,23.75733825533612,50420111.0
2023-12-13,23.34565544128418,23.94602197443846,23.32850337372018,23.94602197443846,67123932.0
2023-12-14,23.182701110839844,23.705875999869853,23.182701110839844,23.534343866170623,44526808.0
2023-12-15,23.354230880737305,24.057516320215726,23.32850196301357,23.560070401862664,98068659.0
2023-12-18,23.397117614746094,23.482882864064866,23.07120377821259,23.15697066339863,47716425.0
2023-12-19,23.40569305419922,23.457152527858096,23.174122968933514,23.328503025777316,37657373.0
2023-12-20,23.20842933654785,23.50861260637121,23.20842933654785,23.422845724154932,53112808.0
2023-12-21,23.765911102294922,23.800218508785093,23.088356182785848,23.139815656653923,75910481.0
2023-12-22,23.680147171020508,23.88598671377512,23.50861340079136,23.8259503849551,62364372.0
2023-12-25,23.61153221130371,23.774487481291004,23.517188481198435,23.671568535600834,41903386.0
2023-12-26,23.388540267944336,23.577226102668874,23.29419653264845,23.577226102668874,36525708.0
2023-12-27,23.414268493652344,23.474306455339754,23.199852109513156,23.43999904866123,41063687.0
2023-12-28,24.006059646606445,24.126132305622924,23.371387306870727,23.371387306870727,106106285.0
2023-12-29,23.86025619506836,24.057518886035542,23.817373570377153,23.928869376094653,65577345.0
2024-01-02,23.654417037963867,23.98032924418992,23.637263333460574,23.971754027805577,54219480.0
2024-01-03,23.817373275756836,23.877409603928783,23.602956883218585,23.654416359384935,43395588.0
2024-01-04,23.851680755615234,23.868834460854586,23.46573220293407,23.80879812838423,63710249.0
2024-01-05,24.26336097717285,24.683616931242,23.68872495102374,23.80022076093297,119063315.0
2024-01-08,24.12613296508789,24.520659997574665,23.97175452893289,24.160440374811667,81682070.0
2024-01-09,24.160438537597656,24.2547822712966,23.92886844717327,24.11755591457116,55866306.0
2024-01-10,24.057519912719727,24.3148205794494,24.031790991153898,24.031790991153898,45364048.0
2024-01-11,24.34054946899414,24.503506394121825,23.885987739344195,24.014637254606118,73531826.0
2024-01-12,24.4777774810791,24.683617032743033,24.23763051953751,24.23763051953751,57783201.0
2024-01-15,24.675039291381836,24.820842506374802,24.331973384300532,24.443469190651726,48245229.0
2024-01-16,24.983797073364258,24.983797073364258,24.529235372967165,24.554964292843387,85344024.0
2024-01-17,25.035259246826172,25.369748306343684,24.89803288210784,24.975222916745317,130860146.0
2024-01-18,25.369747161865234,25.455514044911904,24.529235306915766,24.820841727754107,129512645.0
2024-01-19,25.498397827148438,25.644201044192904,24.992374993633362,25.189639324364563,96861623.0
2024-01-22,25.944381713867188,26.158798091667745,25.472666337052825,25.524125809682157,154970267.0
2024-01-23,25.721391677856445,26.03015182369804,25.558434752454787,25.738545382818167,88605552.0
2024-01-24,25.807157516479492,25.97869128738081,25.198214102060376,25.85861699340298,97489239.0
2024-01-25,26.50186538696289,26.587632269845514,25.884346774769003,25.995842577409356,123450922.0
2024-01-26,26.690553665161133,26.887816356660867,26.296026646294386,26.51901989419867,100991578.0
2024-01-29,26.8878173828125,27.102233786764963,26.733437310227952,26.759167867614487,83882433.0
2024-01-30,26.587631225585938,27.016463987288937,26.398945399348797,26.759164984614003,74399913.0
2024-01-31,26.338909149169922,26.750589870400564,26.23599019576271,26.51901977143344,80894928.0
2024-02-01,26.090185165405273,26.45040474898551,25.901499340050734,26.304601545253817,85970009.0
2024-02-02,25.927230834960938,26.29602730668498,25.421207997367578,26.115918314931744,98729165.0
2024-02-05,26.338909149169922,26.544750327718877,25.78142684992361,25.927230063806544,106397881.0
2024-02-06,26.870662689208984,26.887816393502188,26.244567205312507,26.338909307190576,106215843.0
2024-02-07,26.85350799560547,26.999311204991617,26.424675219277646,26.9478517298751,111051058.0
2024-02-08,26.93069839477539,26.9735826545154,26.60478620008753,26.853508363110617,87300436.0
2024-02-19,27.119384765625,27.436720095490113,26.93927415375879,27.436720095490113,87549010.0
2024-02-20,26.93069839477539,27.119385865896945,26.836356295081856,27.119385865896945,60640469.0
2024-02-21,28.302961349487305,28.637450369231043,26.887813609186363,26.93069622961147,152865612.0
2024-02-22,28.131431579589844,28.260082730816965,27.77978880753502,28.14001006793015,75276038.0
2024-02-23,28.26007843017578,28.646028553388263,27.9770472492419,28.140005785561716,63984872.0
2024-02-26,27.65971565246582,28.35442596760803,27.513914070621876,28.182892192935736,66639018.0
2024-02-27,27.59967803955078,27.788365510095577,27.43672112477134,27.65113915108149,54349154.0
2024-02-28,27.462451934814453,27.694022031245073,27.102232330100357,27.694022031245073,68370752.0
2024-02-29,27.479604721069336,27.61683107677101,27.316647810223397,27.35095358121522,49892829.0
2024-03-01,27.39383888244629,27.513913175155892,27.230881965397927,27.376685178363882,42717392.0
2024-03-04,27.033618927001953,27.333802201099193,26.990734667349642,27.239458465731342,59135015.0
2024-03-05,27.59967803955078,27.6254069594489,26.85350828102785,26.94785201630025,89402867.0
2024-03-06,27.33380126953125,27.66828866821614,27.33380126953125,27.565369720292665,51610177.0
2024-03-07,27.44529914855957,27.556796592436285,27.256613305825454,27.333803340550162,51949197.0
2024-03-08,27.162267684936523,27.45387246319196,27.05934710047734,27.35095351459997,44107117.0
2024-03-11,26.999309539794922,27.230879617337873,26.75916424681745,27.05934586303929,73853794.0
2024-03-12,27.402414321899414,27.573948082146455,26.82777835169915,26.947851002351772,76925375.0
2024-03-13,27.033618927001953,27.436721152530264,26.95642889549503,27.410990596738877,46938714.0
2024-03-14,26.80204963684082,27.205151874466683,26.724859603017336,26.982158625184095,50817498.0
2024-03-15,26.742013931274414,26.947853480983436,26.587633860025814,26.793473409734837,52078063.0
2024-03-18,26.699129104614258,26.879239729217165,26.58763329766373,26.71628280902735,46189770.0
2024-03-19,26.416099548339844,26.681977059373157,26.35606321870887,26.67340020715912,54702530.0
2024-03-20,26.742013931274414,26.75916763605033,26.296027422304533,26.416100084001297,49827225.0
2024-03-21,27.05934715270996,27.239457766894404,26.630514382392104,26.733434967049956,64676108.0
2024-03-22,26.759164810180664,27.059346432722258,26.501864173315816,27.04219436562499,55287852.0
2024-03-25,26.8878173828125,27.02504375047269,26.519020906275486,26.681977831322214,48375902.0
2024-03-26,27.78836441040039,28.011356008073196,27.21372680545213,27.273763130661514,124430791.0
2024-03-27,27.702598571777344,28.00278349856871,27.625408535943524,27.694023355233433,78208488.0
2024-03-28,27.59967803955078,27.874130757578953,27.50533430427838,27.736904398564867,69474492.0
2024-03-29,27.616830825805664,27.994202482622345,27.505333390394277,27.531062309437534,30480176.0
2024-04-01,27.99420166015625,28.1743106316362,27.59967631165705,27.59967631165705,57015232.0
2024-04-02,27.917015075683594,28.234350436713438,27.822671334685204,28.045666226451335,53661899.0
2024-04-03,27.642560958862305,27.98562849593303,27.642560958862305,27.908438463678845,49808163.0
2024-04-08,27.78836441040039,27.925590763983887,27.471025809454396,27.65113805681689,47729123.0
2024-04-09,27.711177825927734,27.985630567203284,27.711177825927734,27.87413311864298,38477207.0
2024-04-10,27.865556716918945,28.02851200270475,27.608254420146622,27.608254420146622,50401372.0
2024-04-11,27.702598571777344,27.80551752897755,27.556796988388275,27.711177060055913,44374773.0
2024-04-12,27.5482177734375,27.848402692310533,27.496759932062094,27.685444136662877,47820414.0
2024-04-15,28.15715980529785,28.302961369191564,27.522485898668073,27.531061114065377,76464473.0
2024-04-16,28.088546752929688,28.277234220820418,27.83124774236424,28.054239345725115,74155610.0
2024-04-17,28.56026268005371,28.72322123142733,27.848401961909623,28.037086161561646,94821196.0
2024-04-18,28.860448837280273,29.24639574107723,28.465920173550966,28.525956503996476,100657401.0
2024-04-19,28.834714889526367,29.023402357577,28.663181125092557,28.783257050410324,54038350.0
2024-04-22,28.594572067260742,29.323586539788593,28.345848250804053,28.971943764421614,60753507.0
2024-04-23,28.628877639770508,29.00624931270766,28.500226495589803,28.56026282374493,51245244.0
2024-04-24,28.697486877441406,28.77467690339862,28.38872677361256,28.628875338665132,44338353.0
2024-04-25,29.50369644165039,29.50369644165039,28.628877181727844,28.680335021189233,91948180.0
2024-04-26,29.57230567932129,29.906794696680606,29.349314091659814,29.503694141477066,95489883.0
2024-04-29,29.915374755859375,30.15552005853559,29.332161930730543,29.503695691956853,81806412.0
2024-04-30,29.4265079498291,29.65807805472059,29.20351306138487,29.503697984792932,86804180.0
2024-05-06,29.915374755859375,30.3270538197619,29.778148401225202,30.104058948647385,100070494.0
2024-05-07,29.90679359436035,29.975408401409734,29.700955716680358,29.915372081108565,47384857.0
2024-05-08,29.649499893188477,29.98398895780528,29.632346188370352,29.86391629581306,41286158.0
2024-05-09,29.881067276000977,29.958257304776833,29.675226108687237,29.675226108687237,51239131.0
2024-05-10,30.550048828125,30.747311530440143,29.846763273180656,29.881070683601045,94036570.0
2024-05-13,30.798770904541016,30.93599726672832,30.30132656851249,30.39566703423194,74780026.0
2024-05-14,30.309900283813477,30.987456844944436,30.18982763181242,30.781615675989496,68777884.0
2024-05-15,30.06117820739746,30.395667263266017,29.75241807221585,30.3013267968357,67494406.0
2024-05-16,31.090375900268555,31.261909663030707,30.018293972673085,30.086908786471707,129147553.0
2024-05-17,31.604976654052734,31.647862552258317,30.92742330364925,31.13326121940345,91687944.0
2024-05-20,31.201871871948242,31.73362356698511,30.95314809120701,31.60497243301985,91425000.0
2024-05-21,31.081798553466797,31.321943841829,30.987454826829026,31.184717495374287,44599944.0
2024-05-22,30.92742156982422,31.20187428993349,30.670119281954094,31.064647929878856,66447739.0
2024-05-23,30.447128295898438,30.884536305093206,30.29274822871568,30.790195838912247,92458495.0
2024-05-24,29.795303344726562,30.429974034426884,29.726688528686253,30.275593970070695,87044000.0
2024-05-27,30.138370513916016,30.19840684786925,29.80388143282377,29.889646689404152,57093814.0
2024-05-28,29.87249183654785,30.30132459948376,29.778148105224457,30.104058649407026,47619058.0
2024-05-29,29.649499893188477,30.06975748189591,29.555156152556116,29.80387996481695,49104118.0
2024-05-30,29.45223617553711,29.932530078609474,29.31500981347851,29.546579912902622,55924484.0
2024-05-31,29.400775909423828,29.675228641443553,29.400775909423828,29.615192310797653,50893248.0
2024-06-03,29.28927993774414,29.486542622286272,29.092013981467566,29.34931626470329,60811135.0
2024-06-04,29.623769760131836,29.74384241721274,29.2463948130381,29.28928070919659,53378842.0
2024-06-05,29.152053833007812,29.76099559558047,29.066285313940522,29.743841891767012,69104122.0
2024-06-06,29.160627365112305,29.33216112160688,28.971939905794844,29.23781739194815,67724066.0
2024-06-07,29.152053833007812,29.375045439113833,28.86044741164796,29.20351167271372,67826559.0
2024-06-11,28.611724853515625,29.134901391421316,28.405883670570827,28.971942834000757,69044831.0
2024-06-12,28.38015365600586,28.611723750994983,28.26008100047101,28.603145263179933,51138059.0
2024-06-13,28.148582458496094,28.491649979502263,28.06281721411173,28.47449627627852,55018421.0
2024-06-14,28.997676849365234,29.177785850928636,28.14858641498307,28.14858641498307,99167429.0
2024-06-17,28.929059982299805,28.989096311911275,28.637453550586404,28.81756253942082,45768248.0
2024-06-18,28.91190528869629,29.41792810077624,28.834715257303262,29.040556431596155,45367539.0
2024-06-19,29.28927993774414,29.50369632595095,28.869022377295636,28.91190500059011,58593722.0
2024-06-20,29.16920280456543,29.357890265331296,29.074862345916802,29.297853940857483,39246667.0
2024-06-21,28.903329849243164,29.229243676131794,28.723220867963047,29.057709910835968,52396280.0
2024-06-24,29.22066307067871,29.349314203260352,28.72321878628041,28.980517779709476,69258954.0
2024-06-25,29.41792869567871,29.56373354536272,29.134900756003745,29.220666005181727,63816020.0
2024-06-26,29.21209144592285,29.469390470977853,29.11774770666461,29.31501040159793,45263801.0
2024-06-27,29.383621215820312,29.45223603238338,29.01482802786468,29.12632219717787,55517260.0
2024-06-28,29.323583602905273,29.5723073944512,29.19493573508573,29.332162090467207,52574940.0
2024-07-01,29.469388961791992,29.503696369171603,29.11774621548707,29.32358411629586,47223865.0
2024-07-02,30.0869083404541,30.232709910013167,29.469388112358416,29.486541815553778,86877071.0
2024-07-03,29.555152893066406,30.095483084175747,29.426505028720378,30.026868272470427,69137270.0
2024-07-04,29.76957130432129,30.052602514325955,29.57230861480343,29.62376972709551,69691892.0
2024-07-05,29.76957130432129,29.76957130432129,29.76957130432129,29.76957130432129,0.0
2024-07-08,29.152053833007812,29.357891735300374,28.91190525135387,29.031977906313607,54573002.0
2024-07-09,29.563732147216797,29.632343688967453,28.920482993599265,29.152053081509703,62103701.0
2024-07-10,29.74384307861328,30.018295807110956,29.54658038448899,29.56373408898692,72631424.0
2024-07-11,29.918445587158203,30.127601467715113,29.818413759719874,30.082133401331628,73238896.0
2024-07-12,30.918752670288086,30.991504341686618,30.018469816179707,30.018469816179707,94490425.0
2024-07-15,30.718692779541016,30.96422449689149,30.664132488346052,30.918756431232005,47460366.0
2024-07-16,30.7277889251709,30.818725057824867,30.427693443228822,30.70050531018183,45579255.0
2024-07-17,30.98240852355957,31.09153256122751,30.600472657226486,30.64594071717224,57795422.0
2024-07-18,31.000600814819336,31.146100708566863,30.70050533265756,30.982412894477005,59862717.0
2024-07-19,31.146100997924805,31.191569064707487,30.545913497016407,30.91875719502024,81007218.0
2024-07-22,30.31856918334961,31.073348792401955,30.091225384275,31.073348792401955,80820577.0
2024-07-23,30.31856918334961,30.65503703466253,30.21853735671821,30.31856918334961,53875468.0
2024-07-24,30.17306900024414,30.536820462858337,30.036661334516058,30.418600717160068,48245294.0
2024-07-25,29.854785919189453,30.3003777713916,29.43647074066473,30.209441649837476,76207854.0
2024-07-26,29.436471939086914,30.045755079074922,29.20003593202597,29.827503521872593,60146167.0
2024-07-29,29.509225845336914,29.69110157858991,29.281882046018435,29.445569859047026,41347533.0
2024-07-30,29.4819393157959,29.636534887923855,29.236411089518047,29.46375486636036,39078161.0
2024-07-31,29.76384735107422,30.009379050493514,29.327347708436847,29.48193981418744,59536965.0
2024-08-01,29.74566078186035,29.872972749781706,29.345536958537387,29.763848701419253,40913881.0
2024-08-02,29.35462760925293,29.645627368604348,29.309159547290037,29.48193957034533,38613024.0
2024-08-05,29.190940856933594,29.57288022288682,29.145472793341536,29.281880453108595,58441984.0
2024-08-06,28.827192306518555,29.45465989720164,28.654410546209466,29.42737975338654,51438864.0
2024-08-07,28.718067169189453,29.009066939686083,28.690785290269602,28.854473094797818,39073173.0
2024-08-08,29.036348342895508,29.081816405854898,28.53619097786512,28.745348577166407,39459978.0
2024-08-09,29.400100708007812,29.62744449893646,28.927223472101847,29.07272335953654,48274847.0
2024-08-12,29.209129333496094,29.40919297990754,29.036349300953184,29.372817140743468,31894321.0
2024-08-13,29.045442581176758,29.309160470964247,28.88175477775914,29.19094073094244,28237769.0
2024-08-14,28.972692489624023,29.227316418520083,28.92722269196728,29.00906659325399,28244610.0
2024-08-15,29.791128158569336,29.9366280426909,28.78172292928792,28.96359865168759,73978983.0
2024-08-16,30.14578628540039,30.236722408808028,29.754754710564214,29.782034853788357,41850302.0
2024-08-19,30.391315460205078,30.46406713639267,30.036659711267703,30.236723351792726,42284342.0
2024-08-20,30.445877075195312,30.555001112807957,30.154877328901186,30.418596933039804,42372873.0
2024-08-21,30.227630615234375,30.40041063976974,29.845691259694632,30.28219090246091,37810105.0
2024-08-22,30.28219223022461,30.509536020945504,30.173068181996047,30.264004310688026,38286399.0
2024-08-23,30.64594268798828,30.782346876597593,30.07303538265483,30.254911103124748,46558726.0
2024-08-26,30.70960235595703,30.773258345413673,30.436790477001257,30.645946366500393,35117460.0
2024-08-27,30.64594268798828,30.864190777359514,30.491347111442057,30.709598669804127,38720857.0
2024-08-28,30.627756118774414,30.900567977006396,30.40950455079423,30.7641637823859,41523208.0
2024-08-29,29.94572639465332,30.709601721338643,29.918446248018867,30.54591390354956,51638782.0
2024-08-30,29.236412048339844,30.109411347486976,29.209128435310287,29.827503806120554,111222983.0
2024-09-02,29.036348342895508,29.445567847511693,28.95450444197227,29.10000432483682,55802065.0
2024-09-03,28.754444122314453,29.172757609489402,28.554380471471667,29.10909815504676,50575188.0
2024-09-04,28.51800537109375,29.036348931111196,28.508911411418563,28.67259921658101,38052590.0
2024-09-05,28.37250518798828,28.59075501441952,28.099691604077652,28.518005072275773,54206345.0
2024-09-06,28.4179744720459,28.863568103628115,28.372506406688828,28.4179744720459,38318214.0
2024-09-09,27.4995059967041,28.18153740059407,27.31763199636411,28.172443440402738,87107347.0
2024-09-10,27.454036712646484,27.67228654407235,27.22669292143261,27.508598736879083,47602357.0
2024-09-11,27.35400390625,27.46312968528821,27.217597983323802,27.408565928521398,41579376.0
2024-09-12,27.49041175842285,27.735943477618402,27.22669385352416,27.372193746122516,41026697.0
2024-09-13,27.826879501342773,28.099691348274444,27.28125407298401,27.535879735416877,49597443.0
2024-09-18,28.29066276550293,28.37250667150596,27.83597516970633,27.83597516970633,41854027.0
2024-09-19,28.026941299438477,28.399784964914815,27.854159538646016,28.372504821023394,45119126.0
2024-09-20,28.13606834411621,28.290662192938107,27.881442671205008,28.026942560155554,48741755.0
2024-09-23,28.545286178588867,28.636224042957313,28.045130526305666,28.054224486192062,34460872.0
2024-09-24,30.127599716186523,30.136691941338185,28.799911094130906,28.809005053778016,136121800.0
2024-09-25,31.055164337158203,31.364352042619192,30.645944805078795,30.782349003111214,185624279.0
2024-09-26,32.17369079589844,32.17369079589844,30.83690833923767,31.064252105663485,174532999.0
2024-09-27,32.401039123535156,33.19219457075342,31.74628787398014,32.837538800241475,74545782.0
2024-09-30,34.20159912109375,34.556254865995705,32.664752934530874,33.05578451711272,256101260.0
2024-10-08,36.375003814697266,37.62084672403326,35.30194092464444,37.62084672403326,297303868.0
2024-10-09,33.655975341796875,36.12038482266935,33.655975341796875,36.102196902003406,185593210.0
2024-10-10,35.22010040283203,35.92031970965357,34.010633213951934,34.010633213951934,143329841.0
2024-10-11,34.947288513183594,35.66569573934474,34.58353705287666,35.220100373918285,90347580.0
2024-10-14,35.765724182128906,36.19312811823167,35.183721206877756,35.474720960007986,129293839.0
2024-10-15,35.01094436645508,36.36591490855185,35.01094436645508,35.62022407083355,95597653.0
2024-10-16,35.920318603515625,35.920318603515625,34.674475613141524,34.69266353251082,101254815.0
2024-10-17,35.001853942871094,36.184041041784454,35.001853942871094,35.947601540607074,84892228.0
2024-10-18,35.51110076904297,35.85666431541501,34.7472254643733,35.02003732982867,92819433.0
2024-10-21,35.3292236328125,35.6020389564254,35.01094371391871,35.6020389564254,71753946.0
2024-10-22,35.62022018432617,36.01125174587044,35.23828431620793,35.320128212089074,60052610.0
2024-10-23,36.065818786621094,36.32044272190725,35.48381923797221,35.5201950770105,62709968.0
2024-10-24,35.74753952026367,36.08400736503441,35.59294393602349,35.96578762049674,33631220.0
2024-10-25,35.55656433105469,35.91122352711101,35.52019196419484,35.692971980998706,44793119.0
2024-10-28,35.02913284301758,35.55656865096747,34.810881270389,35.474724744855635,66464094.0
2024-10-29,35.10187530517578,35.55656282710288,34.929095295680064,35.10187530517578,51468161.0
2024-10-30,34.4471321105957,35.37469519218781,34.20160040055741,35.02003596502743,70340828.0
2024-10-31,33.9742546081543,34.54716189781921,33.565035115536496,34.3743784070524,85039251.0
2024-11-01,34.56534957885742,34.8290692175324,33.992445704621375,34.04700599607753,70310211.0
2024-11-04,35.23828887939453,35.23828887939453,34.0197259768055,34.64719361382116,64661209.0
2024-11-05,35.53837966918945,35.5565641180151,34.9200043393987,34.9472844816278,62874476.0
2024-11-06,35.06550598144531,35.53838146154569,34.69266231988416,35.46562978661142,64833629.0
2024-11-07,35.98397445678711,35.99307015093435,34.90181927565607,34.93819164527232,74347218.0
2024-11-08,35.28375244140625,36.238595582452575,35.23828438116416,36.08400348383136,74536846.0
2024-11-11,34.85634994506836,35.19281776747864,34.45622267291376,34.82906633260914,70314555.0
2024-11-12,34.18341064453125,35.32012953605066,34.11065897035844,34.72903432486426,89328928.0
2024-11-13,34.3925666809082,34.53806656101025,34.11065914552704,34.18341082007345,48530440.0
2024-11-14,34.61082077026367,34.99275668263088,34.12884956357373,34.24706930887402,67644030.0
2024-11-15,34.3925666809082,35.07459801932229,34.383474456085295,34.629006154193256,69927688.0
2024-11-18,34.4653205871582,35.15644419514694,34.374380988086656,34.60172478227902,76344807.0
2024-11-19,34.301631927490234,34.71994366587648,34.05610021957025,34.47441195795649,52124855.0
2024-11-20,34.08338165283203,34.41984950130032,34.01063344161856,34.37438143566801,45129126.0
2024-11-21,34.03791046142578,34.24706631931998,33.89241058336935,34.083378522882654,35033614.0
2024-11-22,33.146724700927734,34.14703597198276,33.064880799187534,34.03791192599278,69049090.0
2024-11-25,32.937564849853516,33.51956431672164,32.84662526503634,33.37406445000461,53409473.0
2024-11-26,33.092159271240234,33.2649427600668,32.59200366098635,32.76478368082221,45942121.0
2024-11-27,33.28313064575195,33.3558823262411,32.83753874422463,33.09216268795453,39207688.0
2024-11-28,33.164913177490234,33.51047324043143,32.901193548673845,33.28312945055336,45193910.0
2024-11-29,33.04669189453125,33.64687933306411,33.019411751095,33.27403567380871,66437999.0
2024-12-02,33.20128631591797,33.355881900488626,32.91938223009838,33.14672602523857,42465209.0
2024-12-03,33.75600814819336,33.846947754155764,33.08307240902787,33.328604141639474,72198609.0
2024-12-04,33.47410202026367,33.72872596359592,33.21947460794037,33.72872596359592,62051124.0
2024-12-05,33.56503677368164,33.97425628651528,33.29222492145619,33.33769298532861,56894934.0
2024-12-06,34.283443450927734,34.392567496343865,33.65597238455556,33.65597238455556,87723587.0
2024-12-09,34.283443450927734,34.547163073925,33.965160070726974,34.18341163055009,49299535.0
2024-12-10,35.10187530517578,35.45653448623093,34.920003071597336,35.28375100774472,103895319.0
2024-12-11,34.82906723022461,35.27466257597409,34.76541124783052,35.04731879056924,51770936.0
2024-12-12,35.28375244140625,35.31103605274401,34.747221004972126,34.81997267655197,58688876.0
2024-12-13,33.91969299316406,35.10188001499726,33.90150507356774,34.9654758215113,111798280.0
2024-12-16,34.319820404052734,34.35619277437922,33.93788102920148,33.96516117419407,64031589.0
2024-12-17,34.41984939575195,34.70175695219343,34.13794530830151,34.13794530830151,60310408.0
2024-12-18,35.02913284301758,35.15644481497131,34.428945354527805,34.574445246616506,80585536.0
2024-12-19,34.57444763183594,35.03822748580418,34.55625971044622,34.90182327886825,61119582.0
2024-12-20,34.47441101074219,34.81087883724369,34.42894294807834,34.60172297379731,54215038.0
2024-12-23,34.874534606933594,35.19281798162886,34.53806678247589,34.5471624763479,90269156.0
2024-12-24,35.66569519042969,35.729351174655044,34.84725615183082,34.87453629678713,99342846.0
2024-12-25,35.829383850097656,35.974883741642586,35.45654016120183,35.6747882640237,75591307.0
2024-12-26,35.902130126953125,35.9566938842142,35.47472270088519,35.82938191959588,53925194.0
2024-12-27,35.774818420410156,36.04763027070184,35.26556708927236,35.90213038594688,70031955.0
2024-12-30,36.029441833496094,36.19312963511597,35.69297400527337,35.774817906083314,67884533.0
2024-12-31,35.73844528198242,36.28407249277834,35.73844528198242,35.97488478069133,64371699.0
2025-01-02,35.02003479003906,35.92031769663993,34.86544268278937,35.78391003930952,64200070.0
2025-01-03,35.15644454956055,35.50200809153406,35.04732049856561,35.101880789567566,68258306.0
2025-01-06,35.51110076904297,35.55656883512035,34.67447725244771,35.374696570810826,61715863.0
2025-01-07,35.37469482421875,35.60203861237185,35.110975197403334,35.43835080738234,49275205.0
2025-01-08,35.720252990722656,35.96578468518932,35.30194127525681,35.3110369689356,75148102.0
2025-01-09,35.465633392333984,35.856665012384134,35.31104127086777,35.82938486600566,44708335.0
2025-01-10,35.447444915771484,35.874852370283314,35.29285279672999,35.774820543143,48142480.0
2025-01-13,35.5292854309082,35.602037105152874,35.047317730504915,35.40197346997079,60632274.0
2025-01-14,36.23860168457031,36.34772921031576,35.37469798752845,35.547478033138574,70801188.0
2025-01-15,36.95700454711914,37.28438014735395,36.274973202960226,36.365912796909235,79670088.0
2025-01-16,37.27528762817383,37.42078750835274,36.85697243729253,36.966099949169795,59259386.0
2025-01-17,37.020660400390625,37.429879899269274,36.4932246332732,37.2480041809909,47590050.0
2025-01-20,36.484130859375,37.34803796491691,36.475038634028465,37.26619406083418,54257482.0
2025-01-21,36.5023193359375,36.83878718274809,36.38409959068312,36.66600714660017,40068506.0
2025-01-22,35.87485122680664,36.52050676632577,35.75663148313705,36.502318846608055,58891222.0
2025-01-23,36.22041320800781,36.584161179768145,35.938505667976116,36.07490985651468,60661810.0
2025-01-24,36.61144256591797,36.875162195961124,35.88394312872214,36.06581885526884,57465234.0
2025-01-27,36.966102600097656,37.25710238132377,36.875163000345104,36.90244661476638,52606047.0
2025-02-05,36.375003814697266,37.19344278812423,36.2840676927568,37.14797125816331,50478889.0
2025-02-06,36.556880950927734,36.720568751986384,36.129473529386715,36.37500523097469,46608842.0
2025-02-07,36.556880950927734,36.738756670880775,36.338629393185926,36.4659413564558,52106618.0
2025-02-10,36.920631408691406,37.21163119262069,36.338631840832825,36.55688341327532,58180595.0
2025-02-11,37.26619338989258,37.320757147962354,36.95700569881234,37.05703752077814,45777119.0
2025-02-12,37.84819412231445,37.88456996217036,36.884258649070105,37.2480066406561,60359149.0
2025-02-13,37.93003845214844,38.14829002473633,37.59357060219187,37.87547816074476,46220698.0
2025-02-14,38.22103500366211,38.22103500366211,37.75725522100051,37.91184732555745,49873690.0
2025-02-17,37.93913269042969,38.184664399294775,37.61175707860957,38.184664399294775,53612561.0
2025-02-18,38.23922348022461,38.63025506320951,37.748160078012305,37.748160078012305,54666539.0
2025-02-19,38.175567626953125,38.33016320327594,37.975503987826244,38.19375554587291,37470223.0
2025-02-20,38.05734634399414,38.27559789318354,37.90275424293595,38.19375399586135,40767508.0
2025-02-21,37.64813232421875,38.184663797582424,37.484444520888076,38.15738018436673,59525579.0
2025-02-24,37.529911041259766,37.96641067586507,37.375315469363095,37.63903508266341,57110709.0
2025-02-25,37.31166076660156,37.68450443406758,37.202536721462714,37.42078828073126,50732120.0
2025-02-26,37.72087860107422,37.92094223245832,37.32984703190931,37.40259870477287,47644661.0
2025-02-27,38.5393180847168,38.55750600317285,37.539003383578624,37.8300031408939,62259657.0
2025-02-28,38.23922348022461,38.793942863946945,38.23922348022461,38.53931893790685,70542365.0
2025-03-03,38.23922348022461,38.75756702622955,38.148287354921955,38.30287946173463,47014902.0
2025-03-04,38.01188278198242,38.284694649015165,37.98460263597648,38.11191460932569,31724542.0
2025-03-05,39.00310134887695,39.02128926895812,37.966414187187524,38.15738214455325,63203743.0
2025-03-06,39.06675338745117,39.19406534616502,38.60297361370921,39.00309740809425,57205304.0
2025-03-07,39.62147521972656,39.83063108906543,38.96672399815034,39.01219553108607,60541319.0
2025-03-10,39.16679000854492,39.630573308177695,38.93944620609505,39.5487294005361,50874971.0
2025-03-11,39.56690979003906,39.68512952649395,38.839410390683554,38.89397414650676,56574109.0
2025-03-12,39.59419631958008,39.885196100761924,39.33047668382434,39.557820479684594,41825836.0
2025-03-13,39.86700439453125,40.35806777950956,39.55781672276609,39.64875284487732,58553928.0
2025-03-14,41.067378997802734,41.349286525034735,39.95794027597625,40.01250403030877,91127535.0
2025-03-17,40.958255767822266,41.37656748566905,40.903692012411085,41.21287968842627,65420973.0
2025-03-18,41.049190521240234,41.26744206661044,40.758190773407044,41.185598170720446,42822001.0
2025-03-19,41.84944534301758,41.92219355205275,41.01281839067207,41.17650619723987,67070594.0
2025-03-20,41.140132904052734,41.75850480844395,40.7218177027713,41.75850480844395,67865603.0
2025-03-21,40.64906692504883,41.231066423433155,40.485379132504406,41.03100279499205,67541170.0
2025-03-24,40.967350006103516,41.09466197266289,40.51266242896809,40.51266242896809,44957619.0
2025-03-25,41.00372314453125,41.376566794469035,40.87641118635601,40.92187924727707,35687155.0
2025-03-26,38.7939453125,40.54903969974575,38.748477246978865,40.4671957942113,157832632.0
2025-03-27,39.33956527709961,39.77606837756129,38.86669327808242,38.8757855027213,82795081.0
2025-03-28,39.303192138671875,39.512347991170806,39.15769226436868,39.37594034132816,38618409.0
2025-03-31,39.36684799194336,39.81243983789948,38.748472660869425,39.29409632052731,53956888.0
2025-04-01,38.98490905761719,39.36684839851478,38.87578501835673,39.357752704998525,38936035.0
2025-04-02,38.85760498046875,39.239544398822005,38.81213691063872,38.98491696358938,33120189.0
2025-04-03,38.78485107421875,38.96672332686486,38.211943765209114,38.211943765209114,46416550.0
2025-04-07,37.129791259765625,38.193758583769174,35.820288745310656,37.22981961829439,181563292.0
2025-04-08,37.42079162597656,37.466259693099815,36.775132584458234,37.08432029748396,161047736.0
2025-04-09,36.79331588745117,37.30256719469626,36.64781600952268,36.920627847014764,97396935.0
2025-04-10,37.37531661987305,37.69359999816814,36.87516098997028,37.275288269085166,74378875.0
2025-04-11,37.74816131591797,37.91184912202335,37.11160147994252,37.38441333378785,58305691.0
2025-04-14,37.72087860107422,38.111910170239135,37.65722262181395,37.90275431424243,48215984.0
2025-04-15,38.284690856933594,38.45747434850005,37.69359911507521,37.72997495214086,61456386.0
2025-04-16,38.421104431152344,38.72119992969492,38.03007279492546,38.17557269661514,57629358.0
2025-04-17,38.302879333496094,38.52113089007891,38.05734763321198,38.302879333496094,40579288.0
2025-04-18,38.87578582763672,38.912161664477665,38.23922255888312,38.31197423256501,43500128.0
2025-04-21,38.44837951660156,39.17588239825929,38.44837951660156,38.7939430384899,41646585.0
2025-04-22,38.20284652709961,38.68481769030588,38.20284652709961,38.475661833023835,43378813.0
2025-04-23,38.18466567993164,38.46656976812718,37.98460202844497,38.46656976812718,46774359.0
2025-04-24,38.38472366333008,38.53931924034678,38.148287654293235,38.19375571730138,41365185.0
2025-04-25,38.266510009765625,38.69391399405477,38.23013416927559,38.45747796885169,42434993.0
2025-04-28,38.51203536987305,38.70300678361584,38.22103560577743,38.33016311905641,38697317.0
2025-04-29,38.19375228881836,38.78484746183676,38.19375228881836,38.51203217029563,45769853.0
2025-04-30,37.04794692993164,37.86638252313735,36.838787582599416,37.86638252313735,117268210.0
2025-05-06,37.620845794677734,37.6572216301516,36.8387826769427,37.19344186932696,66640999.0
2025-05-07,38.211944580078125,38.40291253082344,37.56628905003963,38.002788709882175,71291388.0
2025-05-08,38.9212532043457,39.485064789496754,38.193753825281334,38.202846049836225,83380964.0
2025-05-09,39.53963088989258,39.64875493597947,38.92125551374873,38.92125551374873,66815472.0
2025-05-12,39.830631256103516,40.37625843270221,39.2031636454555,39.512351338164144,84897409.0
2025-05-13,40.521759033203125,40.603602937685224,39.8761000227372,40.09435159101981,69912417.0
2025-05-14,40.74910354614258,41.19469544697289,40.30350817632122,40.51266405391376,71279018.0
2025-05-15,40.8491325378418,41.26744776851726,40.603604285237886,40.76729209963456,68460048.0
2025-05-16,40.25803756713867,40.903693079218556,40.0397860087925,40.69453721484018,61965535.0
2025-05-19,39.86700439453125,40.43081598340041,39.785160497034866,40.194379984516786,50281701.0
2025-05-20,39.92156982421875,40.56722533767466,39.89428621124806,40.03978609412532,50053483.0
2025-05-21,39.92156982421875,40.348973778863346,39.867006067268214,39.96703788718211,49920035.0
2025-05-22,40.476287841796875,40.52175937610916,39.78516422953697,39.92157189449179,56565562.0
2025-05-23,40.05797576904297,40.63088310066896,39.92157157417363,40.57631934132663,54146009.0
2025-05-26,39.830631256103516,40.16709909349527,39.676039144244655,39.91247515914377,45609975.0
2025-05-27,39.77606964111328,40.14891330498397,39.712410190656065,39.83062992866115,36375001.0
2025-05-28,39.72150421142578,40.05797202343132,39.6487525391053,39.812440332835706,30035524.0
2025-05-29,39.53053665161133,39.96703628271999,39.51234873335796,39.73969250803897,49298970.0
2025-05-30,39.494163513183594,39.90338302936375,39.42141183520004,39.60328756116799,57139144.0
2025-06-03,39.985225677490234,40.40353740579234,39.557818255230224,39.557818255230224,50368513.0
2025-06-04,40.06707000732422,40.25803795459579,39.92157012335671,40.057974313268886,37341667.0
2025-06-05,40.348976135253906,40.39444420087261,40.012508286886224,40.067072047023295,42131680.0
2025-06-06,40.43991470336914,40.6581628003652,40.28531912142189,40.42172678378764,37349895.0
2025-06-09,40.55813217163086,40.630883852099444,40.20347640182417,40.55813217163086,47477446.0
2025-06-10,40.62178421020508,40.967347720869284,40.42172404633904,40.53084808744695,52834892.0
2025-06-11,41.20378875732422,41.54025658711339,40.667257287070264,40.667257287070264,77676108.0
2025-06-12,41.13103485107422,41.51297419225399,41.01281511821016,41.285630420048854,45239070.0
2025-06-13,41.085567474365234,41.240159576922636,40.87641161673366,41.140131229439405,47408056.0
2025-06-16,41.63119125366211,41.658474865763054,40.87641171935678,40.99463145448559,41447435.0
2025-06-17,41.81306838989258,41.876724371973836,41.56753668658309,41.72213226377389,47420901.0
2025-06-18,41.69485092163086,41.89491457277735,41.51297865948791,41.758506907179104,42642859.0
2025-06-19,41.494789123535156,41.885820716098344,41.25834964157138,41.68575707274297,51345430.0
2025-06-20,41.822166442871094,41.99494647983858,41.422039139801704,41.58572695124081,44815652.0
2025-06-23,42.05860137939453,42.14044528300056,41.312914021646705,41.74032145925496,53893148.0
2025-06-24,42.51329040527344,42.740634204232116,41.99494682116693,42.11316656794294,65581461.0
2025-06-25,43.19532012939453,43.19532012939453,42.36778887199103,42.51328875893041,60767987.0
2025-06-26,43.5408821105957,43.5408821105957,42.7860990890557,43.18622636562758,59020064.0
2025-06-27,42.03132247924805,43.53178946447245,41.867634667188504,43.513601544355716,95414320.0
2025-06-30,41.785789489746094,42.09497718434082,41.622101682667065,41.94947729682512,62461363.0
2025-07-01,42.240478515625,42.440538699677745,41.75850730320045,41.79488314357043,45061309.0
2025-07-02,42.649696350097656,42.88613236511159,42.240476834697645,42.46782062447644,51856318.0
2025-07-03,42.3859748840332,42.69516256348921,42.1404431854366,42.64969450130261,55622576.0
2025-07-04,42.80428695678711,43.195318538974995,42.19500728672137,42.37687953695598,67894832.0
2025-07-07,42.922508239746094,43.013444368136895,42.4678206598102,42.804288497645295,56742742.0
2025-07-08,43.304443359375,43.34991142274891,42.831567868506426,42.99525567184519,63742101.0
2025-07-09,42.85885238647461,43.44085193552476,42.85885238647461,43.195320225333425,61456635.0
2025-07-10,43.86825942993164,44.1501635105674,42.8315688292032,42.8315688292032,121978404.0
2025-07-11,43.29903030395508,44.114919720848405,43.280055710651325,43.90620281354073,118444284.0
2025-07-14,43.23262023925781,43.725948798952544,43.10928719457574,43.30851861107249,64848437.0
2025-07-15,42.900577545166016,43.564670259645965,42.50211829744418,43.422366228986206,66620626.0
2025-07-16,42.79621505737305,43.204159754470126,42.578012669001,42.938519074641675,46818639.0
2025-07-17,42.69186019897461,43.004935577569995,42.60647633381531,42.78672955180325,41689506.0
2025-07-18,42.739295959472656,42.84365442165151,42.44519878682381,42.739295959472656,54343057.0
2025-07-21,42.54955291748047,42.91006297559782,42.53058194197828,42.73929524380717,56641201.0
2025-07-22,42.63493728637695,42.67288647589679,41.94238086329259,42.549553419474286,92231906.0
2025-07-23,42.805702209472656,43.355954564277816,42.65390908039428,42.66339818666811,85324905.0
2025-07-24,42.5780143737793,43.03339376153215,42.502115999636985,42.891086119532154,82662013.0
2025-07-25,42.530582427978516,42.85313968167578,42.454684048966996,42.540067915838,69626423.0
2025-07-28,42.16058349609375,42.8436544349056,42.13212341332123,42.502118965499676,63512720.0
2025-07-29,41.875972747802734,42.5021199160391,41.875972747802734,42.1605844389949,78581282.0
2025-07-30,42.14160919189453,42.45468458068729,41.67674428124546,41.904432183063875,72546085.0
2025-07-31,42.19853210449219,42.274430482885236,41.600845041265465,42.12263734513301,73319517.0
2025-08-01,42.14160919189453,42.66340150654913,42.07519991894466,42.217507571856636,59462094.0
2025-08-04,42.59699249267578,42.66340176602955,42.03725460366973,42.03725460366973,49800832.0
2025-08-05,42.92903518676758,43.07134282837033,42.350322752165766,42.48314128751038,55525830.0
2025-08-06,42.805702209472656,43.38441464503199,42.79621672223249,42.96698444482487,43029640.0
2025-08-07,42.83416748046875,43.26108318357581,42.653910644990496,42.80570377963682,44064325.0
2025-08-08,42.245967864990234,42.95749889502192,42.245967864990234,42.8816041337162,45642153.0
2025-08-11,41.8380241394043,42.34084187384222,41.8380241394043,42.24596889610203,53672371.0
2025-08-12,41.7431526184082,42.19853203087041,41.7431526184082,41.8664856735648,56225243.0
2025-08-13,41.30674743652344,41.98032925199868,41.25931276004546,41.87597079232683,87673736.0
2025-08-14,41.5344352722168,41.68622840815095,41.26879818909049,41.31623286550107,67635168.0
2025-08-15,41.07905578613281,41.49648962343163,41.07905578613281,41.42059124609227,93295684.0
2025-08-18,41.278282165527344,41.430075295904224,40.69008423769614,40.88931204274698,92639738.0
2025-08-19,41.173927307128906,41.45853897405615,41.06956885148106,41.22136198177783,57411852.0
2025-08-20,41.22136306762695,41.39213079608838,40.9367513932025,41.07905542089783,54724013.0
2025-08-21,41.24033737182617,41.35418131698874,41.01264586246727,41.268797453358374,57854002.0
2025-08-22,41.04110336303711,41.24982026523766,40.8323900798701,41.2403347783347,79449625.0
2025-08-25,41.61981964111328,41.61981964111328,40.89880314145772,41.0980309562138,90738990.0
2025-08-26,41.28777313232422,41.76212713850575,41.192900159667595,41.63879408356907,75572231.0
2025-08-27,40.7944450378418,41.42059218901011,40.7944450378418,41.268799049909724,75814078.0
2025-08-28,40.77547073364258,41.07905701400671,40.414960668572455,40.81341992344658,82242557.0
2025-08-29,40.690086364746094,41.73366735729421,40.690086364746094,40.775470231236085,136087899.0
2025-09-01,39.826759338378906,40.45290644111536,39.73188999091693,40.43393184781624,127633329.0
2025-09-02,41.21187210083008,41.26879588075909,39.71291541970229,39.71291541970229,145214114.0
2025-09-03,40.6995735168457,41.33520612204951,40.50983119831061,41.21187307214664,81840560.0
2025-09-04,40.841880798339844,41.09803240593355,39.97855661824282,40.6141928931681,93536328.0
2025-09-05,40.566749572753906,40.81341566168897,40.348547182716615,40.79444106876831,57232838.0
2025-09-08,40.25368118286133,40.88931381288362,40.19675739936808,40.50983278003018,85168162.0
2025-09-09,40.63316345214844,40.680598126094466,40.225218741952034,40.24418971630353,58952653.0
2025-09-10,40.7944450378418,40.93675268907574,40.37701481007423,40.60470270920784,47138694.0
2025-09-11,41.07905578613281,41.10751948715198,40.58572719052846,40.91777716283741,65073072.0
2025-09-12,40.35803985595703,41.24033860007005,40.24419228837002,41.15495473389673,82314003.0
2025-09-15,40.0544548034668,40.59521809939799,39.9500963395092,40.3011173027024,69949106.0
2025-09-16,39.608558654785156,40.253680378685196,39.52317479076798,40.14932192054934,85905078.0
2025-09-17,39.618045806884766,40.02599054999181,39.561125641170996,39.618045806884766,57236258.0
2025-09-18,38.73575210571289,39.69394566083392,38.707288402764895,39.63702187397199,100352240.0
2025-09-19,38.89702606201172,39.399840118868916,38.4701067594756,38.70728374765859,83656307.0
2025-09-22,38.821128845214844,39.248048160469736,38.70728490082479,39.03933486559359,65611030.0
2025-09-23,39.41881561279297,39.60855793148106,38.54600601347496,38.87805235690383,93885081.0
2025-09-24,39.20061492919922,39.74137820876343,39.1721548468118,39.37138266159148,64389951.0
2025-09-25,38.726261138916016,39.23856433897256,38.71677565107818,39.200615149553435,66694887.0
2025-09-26,38.7072868347168,38.89702916420262,38.2329328205192,38.71677594165975,68276667.0
2025-09-29,38.593441009521484,39.172153457770406,38.28985474470791,38.67882487268991,83555055.0
2025-09-30,38.33728790283203,38.69779793516875,38.33728790283203,38.56497940194828,70002520.0
2025-10-09,38.26139831542969,38.36575316345524,37.7775551716139,38.14755074098239,97231953.0
2025-10-10,38.11908721923828,38.564981131360106,38.07165254368003,38.23293116438483,95504979.0
2025-10-13,38.052677154541016,38.23293036550949,37.663707032636864,37.72062719450391,106593617.0
2025-10-14,39.14369201660156,39.361898049874576,37.78704285312113,38.03370535038104,173382668.0
2025-10-15,39.37137985229492,39.4377891191496,38.906511365278575,39.1342028652329,106276702.0
2025-10-16,39.779327392578125,39.83625117637912,39.02036170373419,39.37138265625566,106248776.0
2025-10-17,39.456764221191406,40.05445124962424,39.25753641805834,39.73189039829915,82982705.0
2025-10-20,39.29548263549805,39.6465071923823,38.991896372648874,39.475739467150426,64947729.0
2025-10-21,39.826759338378906,39.94060327914,39.36189446916816,39.36189446916816,75993124.0
2025-10-22,39.798301696777344,40.03547869900005,39.589584776730526,39.826761778953234,55133364.0
2025-10-23,40.073429107666016,40.310606117107845,39.63702065982724,39.798302908145345,71317373.0
2025-10-24,39.798301696777344,40.27265570122276,39.70342872446795,40.17778272891337,69883194.0
2025-10-27,39.456764221191406,39.81727425950384,39.29548198601203,39.750864991792824,98894862.0
2025-10-28,39.466251373291016,39.58009893905567,39.11523042643456,39.48522596758512,70595074.0
2025-10-29,38.67882537841797,39.3998418620191,38.602927001705325,39.3998418620191,91098760.0
2025-10-30,39.086769104003906,39.23856223450546,38.64087519982835,38.707284468233176,113153844.0
2025-10-31,38.792667388916016,39.18163750257639,38.745232715354234,39.14368831611352,70260700.0
2025-11-03,39.64651107788086,39.817278819848575,38.95395462169358,39.029849385326976,92198068.0
2025-11-04,40.80392837524414,40.89880134407804,39.66548170150709,39.6939417826404,134003592.0
2025-11-05,40.604698181152344,41.24033436833767,40.55726350904204,40.889309832847694,73171377.0
2025-11-06,40.168296813964844,40.69008548949823,40.13983673209166,40.4623975964451,87197274.0
2025-11-07,40.32957458496094,40.5288060109674,40.11137218412884,40.22521974728503,59319118.0
2025-11-10,40.52880859375,40.68060173526452,40.1113747403096,40.27265698887538,53236873.0
2025-11-11,40.756492614746094,40.83239098779156,40.33906242009684,40.50034103426805,54467066.0
2025-11-12,40.72803497314453,41.13597970510743,40.72803497314453,40.90828819137057,58792878.0
2025-11-13,40.993675231933594,41.079059103819354,40.54778489567161,40.76598731959431,58798006.0
2025-11-14,41.031620025634766,41.354180882736365,40.96521075673447,41.022134538234894,51820955.0
2025-11-17,40.462398529052734,40.984187216612696,40.32009087833916,40.88931424312568,61067446.0
2025-11-18,40.680599212646484,40.70905929396752,40.2631653850913,40.37701294844293,51743927.0
2025-11-19,41.00315856933594,41.26879563602881,40.60469935026301,40.680597723051605,51169639.0
2025-11-20,41.01264572143555,41.54392349542355,40.84187799476204,41.003160233968686,58585152.0
2025-11-21,40.7944450378418,41.316233727309736,40.56675351967427,41.02213655600932,79126405.0
2025-11-24,40.443424224853516,40.99367299889498,40.32957665585135,40.88931453682662,67854882.0
2025-11-25,41.031620025634766,41.07905470070159,40.26316526103085,40.47188217416534,66640949.0
2025-11-26,41.031620025634766,41.39213007040331,40.76598295003359,41.11700388836854,45107206.0
2025-11-27,40.97469711303711,41.16443943636177,40.41495924969797,40.96521162543609,62143434.0
2025-11-28,40.74700927734375,40.908287900023616,40.62367622415491,40.88931330576119,49465789.0
2025-12-01,41.21187210083008,41.2403358003114,40.72803263805115,40.87034027835687,56791942.0
2025-12-02,41.15495300292969,41.411104590675976,41.003159871565266,41.21187316529527,40673497.0
2025-12-03,40.80392837524414,41.344695250013075,40.79444288787761,41.05059447517856,46895972.0
2025-12-04,41.00315856933594,41.19289726324022,40.80392715028267,40.84187633667697,36120746.0
2025-12-05,41.22136306762695,41.31623241942384,40.70905988224266,41.03162074499939,54890622.0
2025-12-08,40.965213775634766,41.401618608864,40.8608553113769,41.211876275580074,58003881.0
2025-12-09,40.832393646240234,41.079056136630086,40.633165832575294,40.96521218868352,46593870.0
2025-12-10,39.561126708984375,40.870344841247835,39.41881905279099,40.870344841247835,108315686.0
2025-12-11,39.54214859008789,39.893169526643504,39.28599700318502,39.7129163146898,84623107.0
2025-12-12,39.59907531738281,39.684459186036136,39.35240919948032,39.608560805440305,71762547.0
2025-12-15,39.6559944152832,40.1113738294863,39.4947157894136,39.599074250403994,56266557.0
2025-12-16,39.561126708984375,39.96907146310245,39.304975099256694,39.63702147166256,56617635.0
2025-12-17,39.39035415649414,39.70342589522118,39.11522798495303,39.46624890989958,63126744.0
2025-12-18,40.196754455566406,40.24418912881998,39.27651021353948,39.40932874626294,76811931.0
2025-12-19,39.83625030517578,40.301115196098955,39.76035192843432,40.196756737596345,57382341.0
2025-12-22,39.62753677368164,39.96907226012913,39.570612986262354,39.92163758013012,52473989.0
2025-12-23,39.76034927368164,39.88368231813481,39.52317229075129,39.599070662425106,60651014.0
2025-12-24,39.68445587158203,39.83624900106193,39.41881518071695,39.77932522036934,53630520.0
2025-12-25,39.637020111083984,39.92163541370107,39.56112535101096,39.779327762392526,49921351.0
2025-12-26,39.561126708984375,39.73189444880283,39.48522832727216,39.6465105788936,50880959.0
2025-12-29,39.7224006652832,39.779324444866056,39.29548136599581,39.523172865293624,68255105.0
2025-12-30,40.11137390136719,40.30111622905031,39.63701989167634,39.75086745970654,83478293.0
2025-12-31,39.94060516357422,40.15881118729244,39.769837434858786,40.07342732293473,55414239.0
2026-01-05,40.17778015136719,40.60469945178646,40.10188539742244,40.301113197940225,84082964.0
2026-01-06,40.53829574584961,40.59521953339199,39.93112315486732,40.272658642053386,92371482.0
2026-01-07,39.98804473876953,40.81341970796211,39.97855563185166,40.55726810668843,88055952.0
2026-01-08,39.44728088378906,40.08291351481677,39.18164017943423,40.035478838014285,111572692.0
2026-01-09,39.181640625,39.61804544699969,39.01087289134205,39.40933214288856,98547074.0
2026-01-12,39.01087188720703,39.30497266961091,38.89702794071003,39.18163961646944,118664058.0
2026-01-13,39.020362854003906,39.257539864948924,38.92548987820551,39.08677212754579,115936473.0
2026-01-14,38.01472854614258,39.058305878644674,38.00524305869819,39.020360309833386,191774380.0
2026-01-15,38.052677154541016,38.346774308277276,37.94831869907318,38.052677154541016,121727094.0
2026-01-16,37.68574905395508,38.444913241255165,37.617619124982134,38.43518198546017,152524530.0
2026-01-19,37.520286560058594,37.8804024154666,37.471622857349814,37.695478860052226,98870273.0
2026-01-20,37.69548034667969,38.0847974093088,37.481355590953406,37.53975426418858,111387322.0
2026-01-21,37.218570709228516,37.89986999716936,37.160172036203875,37.88040377282781,121499985.0
2026-01-22,36.838985443115234,37.54948964717455,36.79032173795023,37.24776873466721,187754633.0
2026-01-23,36.49833679199219,37.1504386271971,36.3815431538426,36.838986450262986,189211273.0
2026-01-26,37.00444793701172,37.27696766678995,36.31341364347242,36.49833721542153,216679416.0
2026-01-27,37.082305908203125,37.48135421195514,36.85844990490834,37.0433771736146,157240627.0
2026-01-28,36.790321350097656,37.413225680369365,36.692993940793706,37.10177351523351,204166688.0
2026-01-29,37.500823974609375,37.617621327804734,36.54700120033124,36.86818835241415,199998187.0
2026-01-30,37.637081146240234,38.12372561130857,37.50082129006952,37.50082129006952,166084303.0
2026-02-02,37.4229621887207,38.25025634025071,37.384029738276205,37.84147674899197,138497888.0
2026-02-03,37.2769660949707,37.63708196739343,37.12124001126336,37.63708196739343,84279156.0
2026-02-04,37.96800231933594,37.977737288521695,37.2380355681253,37.27696801926256,102131628.0
2026-02-05,38.6493034362793,38.85369322535633,37.870673016364854,37.8998704968608,121889452.0
2026-02-06,38.542240142822266,38.882893496003334,38.25998917485267,38.6395712635037,80297978.0
2026-02-09,38.425445556640625,38.678502751325894,38.27945444844761,38.54223918575554,65894891.0
2026-02-10,38.289188385009766,38.503313147382954,38.25999090388716,38.43518321622835,49596465.0
2026-02-11,38.34758758544922,38.39625129225455,38.152929045425054,38.30865513488382,52881696.0
2026-02-12,37.94853973388672,38.36705058800057,37.6954825147821,38.347588075272114,77752571.0
2026-02-13,37.6760139465332,38.04586478302547,37.59815276205216,37.909604925581654,70537032.0
2026-02-24,37.899871826171875,38.357318838267425,37.783078187288936,38.15292904202156,75467438.0
2026-02-25,37.744144439697266,38.10426402581578,37.68574947866388,37.860941787369455,72397149.0
2026-02-26,37.666282653808594,37.97773481703243,37.47162412359303,37.76361006251505,59332534.0
2026-02-27,37.71494674682617,37.909605279047746,37.60788436846417,37.71494674682617,63703472.0
2026-03-02,37.637081146240234,37.83173967482809,37.393758913706066,37.56895121815487,68547313.0
2026-03-03,38.133460998535156,38.493576867055545,37.5300228948086,37.62735030377,138465642.0
2026-03-04,37.56895065307617,37.987465183764236,36.99471004442064,37.96799895991798,115193902.0
2026-03-05,38.10426330566406,38.19185945836133,37.59815261372462,37.62735009368949,78336979.0
2026-03-06,38.15292739868164,38.269721032533994,37.90960516235434,38.05559627646911,46595667.0
2026-03-09,37.75387954711914,38.13346164644163,37.71494709775203,37.860941926477324,76677490.0
2026-03-10,38.172393798828125,38.19186002336023,37.76361050925927,37.899870368181325,61371700.0
2026-03-11,38.44491195678711,38.44491195678711,37.90960379868349,38.250253432166915,68940710.0
2026-03-12,38.44491195678711,38.522776851756205,38.279454624181604,38.396248253832695,52772330.0
2026-03-13,38.697967529296875,38.980222219596136,38.298919203040334,38.405981583002315,76527668.0
2026-03-16,38.843963623046875,38.97049223192014,38.581175148988336,38.7077037578616,61094451.0
2026-03-17,39.0483512878418,39.281942267401746,38.76610031657697,38.82449527686495,65622927.0
2026-03-18,38.853694915771484,39.24301199906815,38.7271700195825,39.05808842654381,70583141.0
2026-03-19,38.70770263671875,38.9704911031658,38.63957270609945,38.81476501706415,65024684.0
2026-03-20,38.688236236572266,39.00942337615327,38.60064008148679,38.785563647643805,61580273.0
2026-03-23,37.64681625366211,38.63957141160201,37.5202876526926,38.52277777913927,95773829.0
2026-03-24,38.20159149169922,38.26972142153918,37.69548078945758,37.76361071929754,61633642.0
2026-03-25,38.21132278442383,38.34758635703771,37.89987061548324,38.27945642713213,65381669.0
2026-03-26,38.50331115722656,38.62983604408656,38.09452787862535,38.104262847031556,61679007.0
2026-03-27,38.38651657104492,38.63957378855099,38.201592998869614,38.44491524727006,46800671.0
2026-03-30,38.425445556640625,38.51304170667744,38.08479592472106,38.191858298410786,64605410.0
2026-03-31,38.26972198486328,38.66877031385813,38.23078953500945,38.48384674625659,66309671.0
2026-04-01,38.75636672973633,38.97049149256671,38.367049654190694,38.50331322959362,88152581.0
2026-04-02,38.697967529296875,38.85369361484082,38.52277893176233,38.79529865326356,53462988.0
2026-04-03,38.34758758544922,38.7563671779774,38.30865513488382,38.69796850212931,46448537.0
2026-04-07,37.94853973388672,38.54224290497981,37.91933853918826,38.337853106105,52836661.0
2026-04-08,38.56170654296875,38.581172767193884,38.143192004134896,38.44491291042056,66949789.0
2026-04-09,38.21132278442383,38.464379992189755,38.07506292461266,38.4254475428715,53585405.0
2026-04-10,38.16265869140625,38.32811974292621,38.08479750636361,38.26972106954222,54320208.0
2026-04-13,37.938804626464844,38.113996942805656,37.88040595008362,38.08479946101647,52514495.0
2026-04-14,38.08479690551758,38.13346060950182,37.90960460093222,37.95826830491646,50399861.0
2026-04-15,38.834232330322266,38.85369484292803,38.172395517640474,38.20159299935198,105210379.0
2026-04-16,38.843963623046875,39.07755461536654,38.68823753243473,38.83423236673487,61725776.0
2026-04-17,38.464378356933594,38.8342291841279,38.444912133102044,38.78556176814775,58792518.0
2026-04-20,38.805030822753906,38.8342320170327,38.27945759217247,38.44491493760668,58877642.0
2026-04-21,38.805030822753906,39.077554263473246,38.79529956652953,38.843963273257074,54594915.0
2026-04-22,38.678504943847656,38.96075592080812,38.56170759530946,38.80502983555993,50759455.0
2026-04-23,38.74663543701172,38.79529914320826,38.46438074314787,38.65903928073683,56948934.0
2026-04-24,38.328121185302734,38.73690077596595,38.308654960108846,38.6785058131871,62941438.0
2026-04-27,38.328121185302734,38.92182805890649,38.26972250972106,38.46438104885714,92616843.0
2026-04-28,38.542240142822266,38.571441335428005,38.21132175811065,38.32811910292836,66930520.0
2026-04-29,37.47162628173828,37.97773700432668,37.31590019115746,37.87067462090182,253311717.0
2026-04-30,37.24776840209961,37.48135566992711,37.10177357510541,37.37429700464107,116957410.0
2026-05-06,36.984981536865234,37.32563119747839,36.8097892220348,37.26723623440347,143177103.0
2026-05-07,36.936317443847656,37.14070723807855,36.92658247490173,37.03364485649014,79008987.0
2026-05-08,36.92658233642578,37.160173323815684,36.887653599196454,37.01417849259665,86953912.0
2026-05-11,36.95578384399414,36.96551510018337,36.692995373251264,36.93631761881287,92548934.0
2026-05-12,36.88765335083008,37.12124062384444,36.8487209010601,36.96551453756728,96729929.0
2026-05-13,36.868186950683594,37.07257674180023,36.83898575709354,36.94604813705066,71830416.0
2026-05-14,36.80005645751953,37.004446245510394,36.722191559540526,36.80005645751953,86786790.0
2026-05-15,36.64432907104492,36.95578122627824,36.60539662344012,36.80005514866158,82173796.0
2026-05-18,36.469139099121094,36.654062667852216,36.35234174884616,36.6443314117307,70768410.0
2026-05-19,36.37180709838867,36.73192668386378,36.34260961792415,36.478869477162206,71991007.0
2026-05-20,36.177146911621094,36.43993536219686,36.177146911621094,36.371805435692316,69318422.0
2026-05-21,36.157684326171875,36.34260788161679,36.11875187887741,36.18688180524146,72519969.0
2026-05-22,36.031158447265625,36.332879367357506,35.982494740877335,36.10901963492633,79761712.0
2026-05-25,35.95329284667969,36.264745016863166,35.914364110008805,36.02142277685715,71066833.0
2026-05-26,36.01169204711914,36.293946740723285,35.914364634815605,35.95329337205535,70620290.0
2026-05-27,36.01169204711914,36.19661561561696,35.79756728468802,36.021423303228374,84514627.0
2026-05-28,36.12848663330078,36.43020755985041,35.982495511011265,36.06035670033843,99579106.0
2026-05-29,36.994712829589844,37.02391402395894,35.94356265237358,36.109019998319454,153138355.0
2026-06-01,37.17963790893555,37.17963790893555,36.79032085139172,36.98497938016363,96137886.0
2026-06-02,37.76361083984375,37.84147573865381,37.03364412111171,37.14070650057418,125696953.0
2026-06-03,37.47162628173828,37.77334720658988,37.22830403315557,37.77334720658988,88127454.0
2026-06-04,37.082305908203125,37.61761777782385,36.97524724708152,37.37429555083354,73884128.0
2026-06-05,37.54948806762695,37.666281697670485,37.09204109015283,37.16017101707843,77870900.0
2026-06-08,37.47162628173828,37.72467978663104,37.33536641658042,37.37429886742634,76947767.0
2026-06-09,37.46189498901367,37.60788611033968,37.37429883109693,37.47162624531426,66450037.0
2026-06-10,37.86094284057617,38.036135154155204,37.35483212499262,37.4229620566286,93586076.0
2026-06-11,37.69548034667969,38.04586496048535,37.53975426418858,37.89013887799424,59445402.0
2026-06-12,38.289188385009766,38.29891964111637,37.3158994110266,37.55922165452239,111983390.0
2026-06-15,37.90960693359375,38.31838652757762,37.69548216752438,38.16266043756431,97740434.0
2026-06-16,37.53975296020508,37.851205114368675,37.38402688312328,37.77334393222905,78966910.0
2026-06-17,37.20883560180664,37.812273702932146,37.12123944899788,37.64681636585041,66045163.0
2026-06-18,36.26474380493164,37.179637772973166,36.26474380493164,37.130974069158796,100346053.0
2026-06-22,36.64432907104492,36.88765129937111,35.96302608917109,36.02142104777573,110076764.0
2026-06-23,36.40100860595703,37.16990406298258,36.35234118769234,36.64433084606957,100800729.0
2026-06-24,35.778099060058594,36.5761993901141,35.76836780449323,36.48860323881548,123616556.0
2026-06-25,35.26225662231445,36.001958270116674,35.23305914322839,35.748901075362355,118116225.0
2026-06-26,35.03840255737305,35.495849556635626,34.92160892176657,35.408253401730086,105541023.0
2026-06-29,35.447181701660156,35.73917135628292,34.454430242032466,34.941074716000145,108073461.0
2026-06-30,34.5517578125,35.41798438614523,34.4057629845092,35.39851816155961,109903751.0
2026-07-01,34.9508056640625,35.15519545025638,34.337632592678204,34.57122357175882,89122129.0
2026-07-02,35.62237548828125,35.81703402851068,35.16493218846535,35.310923309035296,94461448.0
2026-07-03,35.84623336791992,36.07008937811882,35.379051410423564,35.690503573552704,85312390.0
2026-07-06,36.722190856933594,36.75138833671574,35.54451214355383,35.71970444785195,97154407.0
2026-07-07,36.547000885009766,36.848721808956924,36.30367863715644,36.71246194420752,65258740.0
2026-07-08,36.92658233642578,36.95578353035126,36.15768686870683,36.36207666217126,76713452.0
2026-07-09,36.547000885009766,36.80005810194683,36.37180856953114,36.69299571884291,76564557.0
2026-07-10,36.880001068115234,36.91999816894531,36.33000183105469,36.61000061035156,79377153.0
2026-07-13,37.25,37.400001525878906,36.709999084472656,36.810001373291016,93308476.0
2026-07-14,37.18000030517578,37.2400016784668,36.81999969482422,37.099998474121094,80415432.0
2026-07-15,37.7599983215332,37.959999084472656,36.75,37.0,115462595.0
2026-07-16,37.66999816894531,38.119998931884766,37.5,37.70000076293945,76689870.0
2026-07-17,38.02000045776367,38.20000076293945,37.68000030517578,37.7599983215332,115858449.0
2026-07-20,38.90999984741211,38.90999984741211,37.88999938964844,37.95000076293945,143361015.0
2026-07-21,37.9900016784668,39.400001525878906,37.900001525878906,39.18000030517578,156012742.0
2026-07-22,38.709999084472656,38.709999084472656,37.630001068115234,37.849998474121094,108454598.0
2026-07-23,38.90999984741211,38.9900016784668,38.45000076293945,38.68000030517578,79493797.0
2026-07-24,39.20000076293945,39.25,38.900001525878906,39.18000030517578,98296005.0
2026-07-27,39.0,39.2400016784668,38.689998626708984,39.119998931884766,71584573.0
2026-07-28,39.59000015258789,39.59000015258789,38.95000076293945,39.16999816894531,105018681.0
2026-07-29,39.65999984741211,40.06999969482422,39.4900016784668,39.97999954223633,114871245.0
2026-07-30,40.54999923706055,40.54999923706055,39.54999923706055,39.65999984741211,137457952.0
2026-07-31,39.619998931884766,40.16999816894531,39.040000915527344,39.849998474121094,149155003.0
2026-08-03,40.36000061035156,40.41999816894531,39.79999923706055,39.880001068115234,121749307.0
2026-08-04,39.279998779296875,40.15999984741211,39.209999084472656,40.15999984741211,110499947.0
2026-08-05,38.939998626708984,39.47999954223633,38.720001220703125,39.18000030517578,96045405.0
2026-08-06,38.970001220703125,39.150001525878906,38.470001220703125,39.0,85375464.0
2026-08-07,38.79999923706055,39.099998474121094,38.47999954223633,38.900001525878906,77964748.0
2026-08-10,38.90999984741211,39.27000045776367,38.70000076293945,38.790000915527344,65175786.0
2026-08-11,38.95000076293945,39.20000076293945,38.77000045776367,39.0,50076953.0
2026-08-12,38.70000076293945,38.970001220703125,38.560001373291016,38.95000076293945,55748865.0
2026-08-13,38.77000045776367,38.810001373291016,38.5,38.59000015258789,50198478.0
2026-08-14,38.459999084472656,38.75,38.459999084472656,38.650001525878906,48680178.0
2026-08-17,38.20000076293945,38.459999084472656,38.060001373291016,38.349998474121094,65674416.0
2026-08-18,38.290000915527344,38.36000061035156,38.029998779296875,38.150001525878906,60136128.0
2026-08-19,39.150001525878906,39.150001525878906,38.400001525878906,38.54999923706055,124893872.0
2026-08-20,38.86000061035156,39.06999969482422,38.470001220703125,38.79999923706055,74785718.0
2026-08-21,38.900001525878906,39.099998474121094,38.7599983215332,38.79999923706055,51421949.0
2026-08-24,39.58000183105469,39.70000076293945,38.77000045776367,38.869998931884766,104578329.0
2026-08-25,39.5,39.91999816894531,39.41999816894531,39.70000076293945,63418322.0
2026-08-26,39.79999923706055,39.97999954223633,39.380001068115234,39.40999984741211,64645543.0
2026-08-27,39.58000183105469,39.939998626708984,39.31999969482422,39.630001068115234,61459228.0
2026-08-28,39.349998474121094,39.54999923706055,39.22999954223633,39.459999084472656,48103294.0
2026-08-31,40.119998931884766,40.279998779296875,39.5,39.5099983215332,113625091.0
2026-09-01,40.86000061035156,40.880001068115234,39.900001525878906,40.040000915527344,114766127.0
