Date,Close,High,Low,Open,Volume
2021-08-19,8.547961235046387,8.724409335029332,8.342104339350415,8.391118064013083,92064208
2021-08-20,8.32249927520752,8.489145394157326,8.234274749309488,8.410723801105549,57261241
2021-08-23,8.498948097229004,8.547961825276028,8.30289411990001,8.342104915365809,57641649
2021-08-24,8.528356552124023,8.714608544659896,8.45973788901037,8.45973788901037,63382250
2021-08-25,8.50875186920166,8.596976401417866,8.293092005435293,8.52835680143904,53391413
2021-08-26,8.136247634887695,8.45973691646189,8.097036841207764,8.45973691646189,74381880
2021-08-27,8.55776309967041,8.655790547478885,8.087233593851389,8.106839457356696,91327992
2021-08-30,8.626382827758789,8.783225998922925,8.263682760726967,8.508750449385689,77525640
2021-08-31,8.695001602172852,8.88125357166096,8.53815842883069,8.66559374088596,77562065
2021-09-01,8.430329322814941,8.783226477148654,8.302894005590773,8.626383297444782,64978874
2021-09-02,8.861648559570312,8.871451492561468,8.302894467102465,8.342105264207945,105459901
2021-09-03,8.538158416748047,8.832239833777964,8.430328968942668,8.783226108463136,74417550
2021-09-06,8.675397872924805,8.695002804874823,8.391119348205667,8.538159609837944,54339069
2021-09-07,8.861648559570312,8.95967601976358,8.587172979831967,8.645988708060612,85452155
2021-09-08,9.008687973022461,9.292966459182454,8.744015351012356,8.8224369378938,84707614
2021-09-09,9.283164978027344,9.557640547370774,8.832240360962153,8.861648223962742,117100385
2021-09-10,9.018491744995117,9.430205581895382,8.969478014914772,9.214545730457353,87850625
2021-09-13,8.645987510681152,8.822436540649017,8.52835513565558,8.822436540649017,80089350
2021-09-14,8.469539642333984,8.675396537855057,8.440130846645944,8.577369088613008,52212081
2021-09-15,8.567566871643066,8.596975669785142,8.391118757086208,8.469540349080171,35882750
2021-09-16,8.2440767288208,8.577368928178911,8.234273797108145,8.528355204474655,49295790
2021-09-17,8.165655136108398,8.400919887806495,8.018614900011842,8.332301235609306,34321980
2021-09-22,7.920588493347168,8.08723461474272,7.8911806292359366,7.99901008754988,40982928
2021-09-23,7.999009609222412,8.038220403979029,7.900983089760416,7.969601746869722,31023391
2021-09-24,7.597098350524902,8.018615074289565,7.5578875577230065,7.9990092104590955,48779851
2021-09-27,7.342227458953857,7.714730444255978,7.234398016442326,7.597098070190942,39162651
2021-09-28,7.371636390686035,7.391241787971255,7.2638064719025515,7.352030993400815,21380368
2021-09-29,7.067752361297607,7.3324254532042925,7.0579494291312885,7.322622521037974,29546302
2021-09-30,7.1657795906066895,7.234398715826454,7.067752602742418,7.067752602742418,19938235
2021-10-08,7.469663619995117,7.489269017917825,7.23439884492262,7.254004242845329,29757524
2021-10-11,7.4108476638793945,7.538282988178394,7.312820671122307,7.469663859533647,23118910
2021-10-12,7.440255641937256,7.518677232417143,7.312820323692666,7.352031118932609,23972375
2021-10-13,7.714731216430664,7.78335034188484,7.361834058913746,7.410847319298543,43921113
2021-10-14,7.636309623718262,7.6951258166211645,7.528479703014831,7.616704226083961,24533411
2021-10-15,7.6069016456604,7.72453402968289,7.548084986219612,7.626507042997482,23416821
2021-10-18,7.616703987121582,7.7343363692368525,7.557887796063946,7.616703987121582,22952294
2021-10-19,7.371636390686035,7.56769036353824,7.293214801545153,7.548084966253019,35683425
2021-10-20,7.577492713928223,7.695125088605131,7.303016705585929,7.420649547692344,38951692
2021-10-21,7.3520307540893555,7.55788765259822,7.3520307540893555,7.528479323912871,28523449
2021-10-22,7.293215274810791,7.450058463270301,7.273609876253353,7.381439802034052,20161556
2021-10-25,7.440255641937256,7.450058107032467,7.234398733212779,7.303017391167905,24257653
2021-10-26,7.4108476638793945,7.636309980935482,7.361834401215637,7.5284800551879,30450508
2021-10-27,7.381439208984375,7.597098575789401,7.332425482813919,7.41084707074302,24531326
2021-10-28,6.85209321975708,7.332426193524382,6.685447562970037,7.332426193524382,51377078
2021-10-29,6.812881946563721,6.930514799079855,6.744263288977986,6.861895674064573,26967762
2021-11-01,6.871697902679443,6.95011948470457,6.675643480187128,6.714854271199691,23624181
2021-11-02,6.705051898956299,6.95011957985465,6.626630315857548,6.901105856703177,29542484
2021-11-03,6.616828441619873,6.763869167141786,6.499196048174174,6.705052970418937,28926691
2021-11-04,6.950119495391846,7.126568055219707,6.636432699379481,6.636432699379481,54505829
2021-11-05,6.891303539276123,7.097159965579161,6.861895211273108,6.871698143083952,31251822
2021-11-08,6.940317630767822,7.038344623518582,6.871698969557077,6.891304368107228,24729919
2021-11-09,6.969725608825684,7.028541801493171,6.910909416158196,6.989331006381513,17422735
2021-11-10,6.901105880737305,6.979527464109171,6.773670574043269,6.959922068266204,22335113
2021-11-11,6.881500720977783,6.9795277035556245,6.842289927946647,6.9011061174933515,20494214
2021-11-12,6.950119495391846,7.018738146054597,6.793275863670913,6.891303308782558,32086802
2021-11-15,6.803079128265381,7.018738489725821,6.763868335272574,6.930514439206766,32560993
2021-11-16,6.665841102600098,6.81288133708947,6.646235706839548,6.79327594132892,24746226
2021-11-17,6.7148542404174805,6.734459635833887,6.646235590174806,6.685446381007619,16651732
2021-11-18,6.616828441619873,6.714855436157955,6.5972230427122565,6.6952500372503385,19502093
2021-11-19,6.832487106323242,6.920711625782945,6.52860322170925,6.63643313800116,46696441
2021-11-22,6.9599223136901855,7.0089360387407,6.734460019830962,6.7638683483471755,46861599
2021-11-23,6.969725608825684,7.05794966411214,6.910909416158196,6.920711881221337,31812246
2021-11-24,6.910909175872803,7.008936160243648,6.891303778998634,6.9991332280917975,19141748
2021-11-25,6.812881946563721,6.930514799079855,6.79327654904929,6.930514799079855,19737700
2021-11-26,7.283411979675293,7.499071820513765,6.773671175097379,6.7834741076034675,90167160
2021-11-29,7.10696268081665,7.136371007923493,6.901105793357257,6.969724911653555,62755589
2021-11-30,7.077555179595947,7.224595897429468,7.0579497817134484,7.087358112251975,34667201
2021-12-01,7.077555179595947,7.126568908016973,7.008936520721979,7.087358112251975,25950428
2021-12-02,7.2147932052612305,7.332425588856092,7.018738765173588,7.048147094787074,48246584
2021-12-03,7.254004001617432,7.37163638524188,7.126568685642842,7.254004001617432,43517803
2021-12-06,7.097160339355469,7.214793190133218,7.067752477233188,7.1853848605813955,30479596
2021-12-07,7.077555179595947,7.175582636437999,7.0285419186044775,7.116766442790501,24472478
2021-12-08,7.10696268081665,7.126568076411378,7.0187381669256235,7.10696268081665,20214127
2021-12-09,7.10696268081665,7.20498965879029,7.0677518896271945,7.126568076411378,29847124
2021-12-10,7.116765975952148,7.263806216710718,6.999133128943957,7.038343922136846,27750801
2021-12-13,7.077555179595947,7.146174305899472,7.0285419186044775,7.087358112251975,22358316
2021-12-14,6.920711517333984,7.057949293008898,6.901106120808996,7.048146828461166,28218965
2021-12-15,6.901105880737305,6.959922068266204,6.871698020687609,6.910908812373542,15308532
2021-12-16,6.920711517333984,6.93051444931124,6.822684534709046,6.901106120808996,22305540
2021-12-17,6.85209321975708,6.9599231473259975,6.842290754030586,6.92071234956086,18757664
2021-12-20,6.75406551361084,6.832487100877165,6.744263048917315,6.803079239367058,18691875
2021-12-21,6.8226847648620605,6.842290162048407,6.7638685733030215,6.803079367675714,13890824
2021-12-22,6.84229040145874,6.920711992948081,6.812882070935459,6.852092866680129,14733100
2021-12-23,6.85209321975708,6.901106950678291,6.842290754030586,6.891304484951798,16256301
2021-12-24,6.7148542404174805,6.881500335171685,6.695248845001074,6.861894939755278,22013983
2021-12-27,6.734460353851318,6.763868683826146,6.636433366317804,6.705052491306038,11225633
2021-12-28,6.7736711502075195,6.783474082677588,6.705052492635231,6.75406575269693,9787900
2021-12-29,6.695249557495117,6.7736711475062,6.695249557495117,6.7736711475062,11109275
2021-12-30,6.6756439208984375,6.72465764661467,6.6756439208984375,6.685446853013496,13507782
2021-12-31,6.6756439208984375,6.7148547144996105,6.66584145621291,6.695249317699024,10476487
2022-01-04,6.734460353851318,6.754065751358021,6.67564416133121,6.67564416133121,14328567
2022-01-05,6.656038284301758,6.754065264773088,6.626630423875115,6.744262800440712,15101023
2022-01-06,6.6756439208984375,6.7148547144996105,6.616827730496677,6.646236059412323,12584553
2022-01-07,6.646235942840576,6.724657528667446,6.646235942840576,6.675643803810892,12787344
2022-01-10,6.75406551361084,6.812881704060583,6.528603216505393,6.64623606483441,22656790
2022-01-11,6.763868808746338,6.812882069703535,6.724658013008757,6.744263410877548,16757633
2022-01-12,6.832487106323242,6.842290038454112,6.7442630542930715,6.783473847957487,19932807
2022-01-13,6.950119495391846,6.9697248909282745,6.793275863670913,6.832486654743771,39783115
2022-01-14,6.695249557495117,6.989330987466227,6.6462362974529645,6.979528055000068,33464122
2022-01-17,6.6756439208984375,6.734460111300198,6.636433127297264,6.66584145621291,13214901
2022-01-18,6.607025146484375,6.685447205248057,6.5776172834488555,6.6756442726165135,16651588
2022-01-19,6.577617168426514,6.62663089586802,6.5482088384757,6.5874196334570865,10117400
2022-01-20,6.479589939117432,6.587419387576656,6.450181610264306,6.567813990817749,16034564
2022-01-21,6.3031415939331055,6.459985252679971,6.3031415939331055,6.459985252679971,16812031
2022-01-24,6.322746276855469,6.34235167355,6.234522225444842,6.273733018833904,7404385
2022-01-25,6.0580735206604,6.3521549546679035,6.0580735206604,6.3031412265234685,14606062
2022-01-26,6.0580735206604,6.11688971397599,5.989454862173655,6.067876453261109,8867335
2022-01-27,5.891427993774414,6.06787657732897,5.891427993774414,6.058073644527823,11502762
2022-01-28,5.920835971832275,5.979652167488012,5.832611444633885,5.920835971832275,11904265
2022-02-07,6.0482707023620605,6.175706014153661,6.0286653057348545,6.0286653057348545,12825497
2022-02-08,6.136495590209961,6.136495590209961,6.009060270748962,6.048271066363184,12002933
2022-02-09,6.175705909729004,6.205113770457793,6.1168892534123875,6.146297581570695,10315343
2022-02-10,6.165902614593506,6.185508009734125,6.087481034031027,6.175705545878561,11186777
2022-02-11,6.087481498718262,6.156100620663209,6.087481498718262,6.136495224026014,9148190
2022-02-14,6.0580735206604,6.11688971397599,6.018862725116674,6.0874818510329725,7551197
2022-02-15,6.077678680419922,6.08748161263673,6.038467886411757,6.048270818628566,5306100
2022-02-16,6.3031415939331055,6.528603915166491,6.09728467161438,6.09728467161438,33320481
2022-02-17,6.175705909729004,6.224719166753492,6.1266921852749965,6.185508374162094,21183531
2022-02-18,6.156100749969482,6.185508611828212,6.107087023632218,6.126692420681216,8466530
2022-02-21,6.175705909729004,6.185508374162094,6.1168892534123875,6.146297581570695,7922700
2022-02-22,6.126692771911621,6.146298170084556,6.058073644591568,6.146298170084556,11863869
2022-02-23,6.205113887786865,6.2443246811196795,6.107086904454831,6.116889369073271,12066822
2022-02-24,6.009059906005859,6.185508475559631,5.950243716154602,6.185508475559631,18686263
2022-02-25,6.038467884063721,6.097284075053097,6.0188624870672625,6.067876213273177,10307322
2022-02-28,6.009059906005859,6.048270699240031,5.9404407841312965,6.038467767216725,8921900
2022-03-01,6.0580735206604,6.107087248804835,6.028665657717382,6.0580735206604,8410651
2022-03-02,6.067876815795898,6.067876815795898,6.0090606189662426,6.038468483666279,6887133
2022-03-03,6.0482707023620605,6.097283960215312,6.038467770333694,6.097283960215312,7808527
2022-03-04,5.979651927947998,6.05807351901414,5.9600465301814625,6.05807351901414,9112844
2022-03-07,5.901230335235596,5.960046528518794,5.8620195397134625,5.950244063353038,11496035
2022-03-08,5.626754283905029,5.911033251814547,5.567938090781197,5.8914278541066025,15581116
2022-03-09,5.411094665527344,5.675767756384623,5.175829903622887,5.665965291686703,17996857
2022-03-10,5.469910621643066,5.56793760156992,5.469910621643066,5.518924345321249,10484051
2022-03-11,5.528727054595947,5.558135383591942,5.293462292346113,5.391489276616878,12330188
2022-03-14,5.450305938720703,5.626754525673792,5.450305938720703,5.48951673582139,8609971
2022-03-15,5.067999839782715,5.440502836046595,5.028789047273834,5.430699904204617,14306803
2022-03-16,5.215040683746338,5.2444485451933485,4.930762196801077,5.146421561320763,16837746
2022-03-17,5.293461799621582,5.391488774767827,5.273856404592333,5.273856404592333,15358971
2022-03-18,5.381686210632324,5.40129207442841,5.2640538324329285,5.283659228799494,12436306
2022-03-21,5.411094665527344,5.479713788130909,5.35227847505123,5.401292200829424,10504967
2022-03-22,5.4405035972595215,5.4699114620410505,5.371884467053316,5.391489866050863,7757583
2022-03-23,5.460108280181885,5.5091215375330345,5.430699951827578,5.469910744680306,7873889
2022-03-24,5.391489505767822,5.460108631388597,5.371884108080394,5.460108631388597,7036484
2022-03-25,5.352278709411621,5.420897835019814,5.342475776854928,5.391489504779288,5711702
2022-03-28,5.401292324066162,5.46991098080581,5.234646213533516,5.342475664818546,9744510
2022-03-29,5.303264617919922,5.420897463388109,5.293462153464793,5.401292067048332,7803525
2022-03-30,5.420897960662842,5.43070042601718,5.293462639049512,5.30326510440385,10419200
2022-03-31,5.352278709411621,5.440503232703647,5.352278709411621,5.381686572222596,9659986
2022-04-01,5.342475414276123,5.371883742520788,5.293462157107707,5.342475414276123,7727005
2022-04-06,5.420897960662842,5.450305824155418,5.332673435325988,5.342475900680326,9633429
2022-04-07,5.234645843505859,5.41109440648725,5.224842911847694,5.391489010600429,12345900
2022-04-08,5.185632705688477,5.283659696192788,5.097408180519816,5.234646434655414,10024203
2022-04-11,4.969973564147949,5.17583048776192,4.950368165109932,5.146422155490102,13095701
2022-04-12,5.058197021484375,5.067999953546405,4.862143054539061,4.969972970073748,13947607
2022-04-13,4.9895782470703125,5.0679998319671355,4.969972850846107,5.04839443574293,7270000
2022-04-14,5.117013454437256,5.234646307617191,5.06800019408937,5.097408056812191,14143176
2022-04-15,5.048394680023193,5.107210871541792,4.969973091331729,5.06800007719606,12605784
2022-04-18,5.0876054763793945,5.126816270740622,4.999380955351864,5.048394682018167,9406500
2022-04-19,5.097407817840576,5.185632336732086,5.058197024428689,5.107210749908312,9992901
2022-04-20,5.097407817840576,5.224843130143973,5.058197024428689,5.097407817840576,14006155
2022-04-21,4.852340221405029,5.058197124609319,4.83273482431079,5.058197124609319,16996999
2022-04-22,4.8033270835876465,4.871945741434188,4.705300095642909,4.842537878765542,11715846
2022-04-25,4.381810188293457,4.734707800566675,4.372007723540344,4.734707800566675,19565375
2022-04-26,4.1759538650512695,4.440626964425678,4.146545535152092,4.381810304627324,14507277
2022-04-27,4.273980617523193,4.293586013902356,4.019109997164556,4.11713697906037,14005114
2022-04-28,4.244572639465332,4.322994231452659,4.166151047478005,4.264178037462164,12758833
2022-04-29,4.548456192016602,4.558259123975223,4.332796830651688,4.332796830651688,20376515
2022-05-05,4.666089057922363,4.744510644201811,4.489640021364082,4.489640021364082,17557050
2022-05-06,4.548456192016602,4.626877777967479,4.499442934512064,4.558259123975223,12151711
2022-05-09,4.548456192016602,4.626877777967479,4.519048330999784,4.558259123975223,9240383
2022-05-10,4.626877784729004,4.626877784729004,4.470034612598045,4.538653734120102,10962809
2022-05-11,4.734708309173584,4.9013544347436,4.587667582645359,4.587667582645359,27929282
2022-05-12,4.754312992095947,4.78372131994379,4.656286011652327,4.705299735588894,13132932
2022-05-13,5.018985748291016,5.028788679415906,4.744510220806849,4.744510220806849,32707546
2022-05-16,4.871945381164551,5.028789017707439,4.852339985025379,5.028789017707439,23659213
2022-05-17,5.0876054763793945,5.205237859463076,4.832734845601879,4.852340242782492,43056956
2022-05-18,5.0876054763793945,5.293462380490607,4.97977555817125,5.077802544074318,39188165
2022-05-19,5.166027069091797,5.175830001404445,4.96997309713424,5.009183891525751,29069932
2022-05-20,5.244448661804199,5.391489374597306,5.0974079490110915,5.107210881331085,40870777
2022-05-23,5.646359920501709,5.7737947667305445,5.205237788783401,5.224843185697801,69433604
2022-05-24,6.0580735206604,6.214917170264861,5.518924848219383,5.773795019253606,125825439
2022-05-25,6.0580735206604,6.0580735206604,6.0580735206604,6.0580735206604,0
2022-05-26,6.0580735206604,6.0580735206604,6.0580735206604,6.0580735206604,0
2022-05-27,6.0580735206604,6.0580735206604,6.0580735206604,6.0580735206604,0
2022-05-30,6.0580735206604,6.0580735206604,6.0580735206604,6.0580735206604,0
2022-05-31,6.665841102600098,6.665841102600098,6.665841102600098,6.665841102600098,9235888
2022-06-01,7.332425117492676,7.332425117492676,7.332425117492676,7.332425117492676,5523600
2022-06-02,8.067627906799316,8.067627906799316,8.067627906799316,8.067627906799316,9542224
2022-06-06,8.87144947052002,8.87144947052002,8.87144947052002,8.87144947052002,13948533
2022-06-07,9.07730770111084,9.665469611690732,8.87145079869311,9.214545012816611,368996408
2022-06-08,9.86152458190918,9.98895896223262,8.489144911769115,9.067504828805513,390761083
2022-06-09,8.87144947052002,9.19493870662312,8.87144947052002,9.12632006104335,186466710
2022-06-10,8.136247634887695,8.89105564694113,8.008812321713155,8.008812321713155,230373422
2022-06-13,8.528356552124023,8.763621341250122,7.969602444234747,7.969602444234747,195553144
2022-06-14,8.763620376586914,8.910661554749417,8.136247674642584,8.410723231743228,200751314
2022-06-15,8.146050453186035,8.969477108957665,8.136247521188277,8.626382902767583,212801181
2022-06-16,7.53828239440918,8.224472224518701,7.508874065183678,8.028417319588073,176901626
2022-06-17,7.783350467681885,7.930391186071896,7.283412118641758,7.49907196359499,143878851
2022-06-20,7.655914306640625,8.057825621768002,7.655914306640625,7.842165800493896,110295646
2022-06-21,7.469663619995117,7.646112668729047,7.322622901860028,7.616704338130206,94898479
2022-06-22,7.459860801696777,7.773547153614317,7.420650007707085,7.4794661986916235,102498951
2022-06-23,8.008811950683594,8.038219810866378,7.508873653281152,7.55788737682514,166555268
2022-06-24,7.695125579833984,7.940193743866065,7.616703991709896,7.822560894250397,128825885
2022-06-27,7.822560787200928,7.930390703110696,7.528479368330479,7.685323009861832,116884355
2022-06-28,8.60677719116211,8.60677719116211,7.626506878076534,7.734336327383932,186755943
2022-06-29,7.744139194488525,9.03809678217119,7.744139194488525,8.959675195177608,228151235
2022-06-30,7.401044845581055,7.67552041221926,7.273609527355685,7.3912419130577725,127930949
2022-07-01,7.420649528503418,7.6363088815200815,7.057949006376591,7.3520304097379094,101822106
2022-07-04,7.136371612548828,7.361833914705125,7.038344158840362,7.3422280500197985,88865907
2022-07-05,7.077555179595947,7.244201295311967,6.979528190183452,7.136371840673001,59652595
2022-07-06,7.10696268081665,7.146173472006106,6.9795273757361675,7.0481464940324665,46014601
2022-07-07,7.391241550445557,7.420649879143089,7.048146875265153,7.185384651851408,95878118
2022-07-08,7.224595546722412,7.479466174252147,7.155976891179432,7.34222792830712,69207509
2022-07-11,7.195187568664551,7.3128199483466485,6.940316945257146,7.087357653574531,62424869
2022-07-12,6.950119495391846,7.303016615047568,6.940316563908881,7.136370986702672,55192057
2022-07-13,7.097160339355469,7.10696327168259,6.83248724310723,6.9305146966602775,47476700
2022-07-14,6.989330768585205,7.106963149918002,6.940317042648441,7.028541562362804,41622472
2022-07-15,6.925900936126709,7.163021419034686,6.916020680447283,6.925900936126709,46807646
2022-07-18,7.083981513977051,7.15314142176538,6.8271005104302915,6.896260889335159,41403419
2022-07-19,7.083981513977051,7.251942097662772,7.024701391108538,7.123501595889392,49597864
2022-07-20,7.0247015953063965,7.251942308466187,7.00494155377583,7.074101463574537,48615535
2022-07-21,7.0543413162231445,7.172902034744589,6.906140771408748,7.014821233754845,52318102
2022-07-22,7.074101448059082,7.222301994771562,7.004941538412061,7.034581365084628,55817024
2022-07-25,6.649260520935059,7.034581577107897,6.5405800539213885,7.014821535025098,76169184
2022-07-26,6.836980819702148,6.965421322475618,6.609740111378526,6.629500152488557,57839159
2022-07-27,6.955540657043457,6.975300696990651,6.767820041986857,6.846860201775633,47246437
2022-07-28,6.965421199798584,7.163021607418694,6.955540943859312,7.024701322084617,37189823
2022-07-29,7.074101448059082,7.143261828822653,6.94566141395038,6.965421455437607,46524576
2022-08-01,7.212421894073486,7.271702015941915,6.916020813614811,7.074101138597288,71074435
2022-08-02,6.886380672454834,7.123501636393695,6.738180599999155,7.113621380301161,63452133
2022-08-03,6.698660850524902,7.1531418176710355,6.659140295308675,6.9160213130730535,68918647
2022-08-04,6.669020175933838,6.777700636639464,6.451659725639123,6.708540257805605,45034925
2022-08-05,6.678900241851807,6.767820187973995,6.530699703492795,6.678900241851807,33041342
2022-08-08,6.975301265716553,7.0148213488331805,6.609740261329469,6.688780427562724,52104248
2022-08-09,6.817220211029053,7.074100724073037,6.797460171564131,6.955540487283506,36771670
2022-08-10,6.836980819702148,7.014821189692423,6.7480603991487405,6.866620645808924,42418572
2022-08-11,6.896261215209961,6.9061410005966355,6.738180880090692,6.846860874926909,33767079
2022-08-12,6.777700424194336,6.906140450693391,6.767820168477819,6.84686032974386,30703014
2022-08-15,6.678900241851807,6.777700443718974,6.6492599457333945,6.7283001072271285,25629804
2022-08-16,6.757940769195557,6.846860720131543,6.669020347143021,6.67890060342288,31268044
2022-08-17,6.856740951538086,6.866620736665555,6.688780364322162,6.797460827423621,40944872
2022-08-18,6.767819881439209,6.955540492042661,6.748059841960767,6.8369802551720085,37699130
2022-08-19,6.580099582672119,6.8073402830015795,6.570219798022938,6.7974604983523985,43176859
2022-08-22,6.678900241851807,6.767820187973995,6.520819447747816,6.589979824613095,30667788
2022-08-23,6.609739780426025,6.69866019652715,6.580099484686811,6.669019900787936,22675760
2022-08-24,6.392378807067871,6.639379541780357,6.382499022659959,6.609739717440107,32114155
2022-08-25,6.412138938903809,6.461539275000954,6.283698913060967,6.422019194569845,19701121
2022-08-26,6.481299877166748,6.550460259475883,6.362739625593855,6.412139494857613,25347668
2022-08-29,6.461539268493652,6.580099509667577,6.422019188102344,6.580099509667577,22585385
2022-08-30,6.362739086151123,6.510939623610851,6.352858830466098,6.42201920691171,16909980
2022-08-31,6.095978736877441,6.323219451369546,6.056458653584602,6.323219451369546,29576195
2022-09-01,6.0860981941223145,6.175018612905443,6.056458368605626,6.095978450038899,15979808
2022-09-02,6.115738868713379,6.155258952589026,6.056458742899909,6.115738868713379,13657491
2022-09-05,6.135498046875,6.1750181251868765,6.036697851095309,6.0860977134269065,14936082
2022-09-06,6.402259349822998,6.481299513098406,6.204658941634478,6.204658941634478,37341883
2022-09-07,6.333098888397217,6.402259265915051,6.303459063115665,6.34297914423542,22635707
2022-09-08,6.3429789543151855,6.481299234092766,6.32321891434696,6.3429789543151855,26703072
2022-09-09,6.3232197761535645,6.372619647248698,6.204659520185351,6.342979818814934,16228600
2022-09-13,6.3429789543151855,6.412138858645719,6.313338658804589,6.32321891434696,17604384
2022-09-14,6.2935791015625,6.342979440830395,6.175018852659411,6.254059018594804,19501300
2022-09-15,6.145378112792969,6.3429789845331115,6.036698128008233,6.3429789845331115,23912217
2022-09-16,5.957658290863037,6.165138487211949,5.957658290863037,6.095978578801159,18642148
2022-09-19,6.01693868637085,6.135498938536639,5.9280182616882255,5.937898518260323,21344188
2022-09-20,6.046578407287598,6.175018913761816,6.0268183656082215,6.046578407287598,17068567
2022-09-21,6.1947784423828125,6.21453848242564,5.898377370623886,6.066337946546176,28353657
2022-09-22,6.066338539123535,6.184899262078367,6.056458753695294,6.135498921587474,18700330
2022-09-23,5.928017616271973,6.09597819077832,5.878617281023101,6.056458111025828,18076080
2022-09-26,5.829217910766602,5.957658416402477,5.809457869216202,5.937898374852077,14086000
2022-09-27,5.928017616271973,5.967537696024465,5.809457377014496,5.819337161394363,15477101
2022-09-28,5.700777530670166,5.918137992511159,5.681017488684621,5.908258207076669,15770249
2022-09-29,5.651376724243164,5.8094575182117545,5.631616683886656,5.8094575182117545,10902324
2022-09-30,5.651376724243164,5.651376724243164,5.651376724243164,5.651376724243164,0
2022-10-10,5.473536968231201,5.74029777819494,5.434016883134098,5.720537735646388,17474878
2022-10-11,5.572336673736572,5.582216929669758,5.354976225488339,5.483416725920561,13804367
2022-10-12,5.750177383422852,5.760057168019272,5.493296388284612,5.513056428593975,19750299
2022-10-13,5.700777530670166,5.79957774059789,5.681017488684621,5.730417829206765,13008540
2022-10-14,5.7798171043396,5.839097224201135,5.710657200059399,5.710657200059399,15174154
2022-10-17,5.819337368011475,5.848977664436486,5.730417420969497,5.730417420969497,12204400
2022-10-18,5.809457302093506,5.97741787443377,5.809457302093506,5.888497460579158,16280827
2022-10-19,5.720537185668945,5.848977685444439,5.700777145020141,5.7600572669665535,11495142
2022-10-20,5.720537185668945,5.7896975634980254,5.572336645244648,5.681017104371336,15022284
2022-10-21,5.651376724243164,5.730417356785721,5.611856643530147,5.710657316429213,10152920
2022-10-24,5.552576541900635,5.760057201928642,5.493296420623565,5.681017040225882,13804000
2022-10-25,5.6019768714904785,5.671136777335308,5.434016292524707,5.542696750287829,15637539
2022-10-26,5.631617069244385,5.700777450782901,5.592096985827106,5.611857027535745,13390431
2022-10-27,5.710657119750977,5.789697278454823,5.641496745326857,5.651376529606584,19809517
2022-10-28,5.384615898132324,5.710657267919934,5.364855857943668,5.681016972078689,22173283
2022-10-31,5.404376029968262,5.483416663179776,5.266055746302035,5.295696042645919,10591335
2022-11-01,5.631617069244385,5.631617069244385,5.404376354036752,5.404376354036752,19781700
2022-11-02,5.848978042602539,5.8687380844579575,5.582217241996112,5.631617111076378,34338773
2022-11-03,5.7798171043396,5.918137384016515,5.7501772799670885,5.7798171043396,20674556
2022-11-04,5.928017616271973,5.967537696024465,5.78969733713825,5.78969733713825,26423526
2022-11-07,5.928017616271973,5.967537696024465,5.868737496643234,5.928017616271973,20140261
2022-11-08,5.848978042602539,5.9477782518796305,5.829218000747121,5.928018210024213,12320567
2022-11-09,5.7798171043396,5.89837734406267,5.769937319920934,5.85885726415498,12665874
2022-11-10,5.710657119750977,5.769937238778861,5.690897080075016,5.7600569833826265,12258000
2022-11-11,5.730417251586914,5.868737531543194,5.72053699603178,5.819337196000551,16947930
2022-11-14,5.671136856079102,5.779817315351252,5.64149703062449,5.730417449221388,14421636
2022-11-15,5.809457302093506,5.809457302093506,5.641496729753242,5.690897064365028,17228924
2022-11-16,5.819337368011475,5.898377530322801,5.789697542702991,5.799577327433643,13233210
2022-11-17,5.760056972503662,5.809457307158517,5.700776853587739,5.809457307158517,11268317
2022-11-18,5.6908979415893555,5.799577940701369,5.681017684697402,5.799577940701369,14276210
2022-11-21,5.700777530670166,5.720537572655711,5.572337022205843,5.661257446699076,12963900
2022-11-22,5.6414971351623535,5.710657514365553,5.601977053079536,5.700777258286579,11792486
2022-11-23,5.740297317504883,5.908257901246112,5.611856815689056,5.651376897614458,32416437
2022-11-24,5.661257266998291,5.7798175151481965,5.631616969402541,5.720537391073243,20619301
2022-11-25,5.6414971351623535,5.690897473324145,5.572336755959153,5.631616879083379,14092419
2022-11-28,5.621737003326416,5.631616788129286,5.483416718270514,5.6019769626041445,14163534
2022-11-29,5.769937515258789,5.809457596504408,5.631616759782591,5.631616759782591,21421254
2022-11-30,6.3429789543151855,6.3429789543151855,5.760057068577751,5.789697364088347,100589899
2022-12-01,6.352858543395996,6.530699368758087,6.184898444388965,6.5208191135195275,106517962
2022-12-02,6.0860981941223145,6.313338897921896,6.056458368605626,6.313338897921896,60595103
2022-12-05,6.165138244628906,6.204658796458447,6.046578002489856,6.115738379295897,51855718
2022-12-06,6.165138244628906,6.273818702147964,6.066338042846364,6.105858123559381,44620928
2022-12-07,6.1947784423828125,6.263938818090966,6.125618066674659,6.145378106717486,36417823
2022-12-08,6.155258655548096,6.224419034551212,6.135498614563853,6.19477873751658,23632669
2022-12-09,6.175018787384033,6.263939208679658,6.125618448638343,6.184899043579789,24264129
2022-12-12,6.036698341369629,6.165138370756319,6.026818085430981,6.165138370756319,22983286
2022-12-13,6.066338539123535,6.175019005533564,6.016938669749204,6.046578497150491,18018493
2022-12-14,6.076218605041504,6.105858431512911,6.007058224747307,6.036698522335262,15429392
2022-12-15,6.165138244628906,6.214538581078439,6.046578002489856,6.07621829858288,31103548
2022-12-16,6.105858325958252,6.145378407981293,6.056458458987721,6.115738582022282,18109163
2022-12-19,6.056458473205566,6.224419057756055,6.026818176060434,6.11573859637929,28789801
2022-12-20,6.056458473205566,6.076218514263474,5.908257929712986,5.987298093944618,18252216
2022-12-21,5.908258438110352,6.046578737417976,5.868738352593887,6.046578737417976,18175992
2022-12-22,5.769937515258789,5.967537921486886,5.760057259389119,5.928017840241266,28091947
2022-12-23,5.671136856079102,5.7501774898966405,5.6118567340533465,5.6908973678708845,18134780
2022-12-26,5.760056972503662,5.760056972503662,5.601976655394534,5.611856439655601,13503689
2022-12-27,5.6810173988342285,5.760057565526316,5.611857017420373,5.750177780248083,19025580
2022-12-28,5.542696952819824,5.671136984560546,5.532816696700093,5.671136984560546,17024628
2022-12-29,5.503176689147949,5.621736931976844,5.503176689147949,5.503176689147949,14078940
2022-12-30,5.51305627822876,5.621736732524324,5.49329623845834,5.5723363975400195,14392391
2023-01-03,5.59209680557251,5.59209680557251,5.453776518070623,5.513056641285718,12782137
2023-01-04,5.59209680557251,5.621737102738328,5.5426969384515345,5.562456979523233,10933800
2023-01-05,5.59209680557251,5.661257184881723,5.59209680557251,5.641497143810025,15286592
2023-01-06,5.6019768714904785,5.671136777335308,5.572336575330891,5.592096615731775,14862100
2023-01-09,5.651376724243164,5.710657316429213,5.592096603173639,5.592096603173639,17426932
2023-01-10,5.848978042602539,5.888498126313376,5.552576943654705,5.651377152931796,38696978
2023-01-11,5.6908979415893555,5.819337983368697,5.671137427805449,5.809458197593322,19416226
2023-01-12,5.671136856079102,5.760057274676001,5.671136856079102,5.700777152650245,11970710
2023-01-13,5.671136856079102,5.700777152650245,5.64149703062449,5.671136856079102,9232247
2023-01-16,5.6908979415893555,5.710657984256683,5.651377385138121,5.681017684697402,12009582
2023-01-17,5.671136856079102,5.720537193325497,5.65137681540385,5.6810171119749935,8333240
2023-01-18,5.700777530670166,5.740297614641256,5.671137232133567,5.671137232133567,9161600
2023-01-19,5.700777530670166,5.720537572655711,5.671137232133567,5.700777530670166,8599398
2023-01-20,5.769937515258789,5.789697555881599,5.7007771375206895,5.7007771375206895,15144199
2023-01-30,5.878617763519287,5.997178483624321,5.8687379783285225,5.918137846515449,33847781
2023-01-31,5.94777774810791,5.97741804393881,5.8489775471991114,5.878617371913491,18190826
2023-02-01,6.066338539123535,6.0959788376413835,5.928018245312221,5.957658543830069,30582468
2023-02-02,5.997178077697754,6.076218238340143,5.977418037537157,6.056458198179546,17649211
2023-02-03,5.94777774810791,6.026817908834949,5.888497627562631,6.026817908834949,17157087
2023-02-06,5.957658290863037,6.046578240407844,5.937898249729019,6.026818199273827,13828963
2023-02-07,5.977417945861816,5.98729773023233,5.918137355172688,5.957657906004277,11205175
2023-02-08,5.94777774810791,5.997178084120569,5.93789796357529,5.96753778828967,10976630
2023-02-09,5.957658290863037,5.987298117005792,5.8983776963444425,5.918137737478459,11615561
2023-02-10,5.928017616271973,5.957657911644597,5.878617281023101,5.957657911644597,13290747
2023-02-13,6.01693868637085,6.095978854481375,5.908258219660594,5.918138005116128,24953665
2023-02-14,5.977417945861816,6.056458105291971,5.937897866146739,6.046577849804946,17501076
2023-02-15,5.977417945861816,6.066337889662484,5.967537690374791,5.997177985719355,16657926
2023-02-16,5.868737697601318,6.046578062577166,5.8292176164955745,5.977418156200378,21229465
2023-02-17,5.848978042602539,5.918137953538223,5.83909778611655,5.8687380844579575,11382373
2023-02-20,5.918137073516846,5.937897583550455,5.8390969178483685,5.878616995682607,11739110
2023-02-21,6.046578407287598,6.076218705364939,5.908258115531968,5.928018157211344,26428461
2023-02-22,6.066338539123535,6.066338539123535,5.997178627776159,6.0268184551774455,13583815
2023-02-23,6.046578407287598,6.115738788723689,6.007058323928846,6.086098490646348,14388653
2023-02-24,6.01693868637085,6.0663385558816465,5.98729838777112,6.056458770426112,10271819
2023-02-27,5.957658290863037,6.036698455399106,5.947778034737757,6.0070581581398095,10372500
2023-02-28,5.997178077697754,5.997178077697754,5.928017701577404,5.977418037537157,8427915
2023-03-01,6.026817798614502,6.036698054082948,5.967537679153358,6.0070577587941205,10456519
2023-03-02,6.01693868637085,6.046578513854015,5.997178644343218,6.0366987283984805,9261225
2023-03-03,6.046578407287598,6.046578407287598,5.977418496968061,6.007058323928846,13066684
2023-03-06,6.105858325958252,6.254058869102924,6.066338243935212,6.086098284946732,30442728
2023-03-07,6.718420505523682,6.718420505523682,6.194778714695516,6.2639390934438515,90404093
2023-03-08,6.619619846343994,7.004941351752131,6.550459938539871,6.728300307186023,168999646
2023-03-09,6.886380672454834,7.192662015691808,6.431899727878721,6.4714198100157745,155742096
2023-03-10,6.392378807067871,6.787580076831151,6.333098687270856,6.669019837237122,114073103
2023-03-13,6.056458473205566,6.214538801668831,5.937898226858119,6.214538801668831,85406560
2023-03-14,5.918137073516846,6.007057484202127,5.730416939362457,5.997177700301812,75173188
2023-03-15,5.898377895355225,5.908258151813863,5.829217984610985,5.878617853554505,40644528
2023-03-16,5.730417251586914,5.898377355975568,5.730417251586914,5.839097235994305,35438382
2023-03-17,5.740297317504883,5.799577440392986,5.730417532581802,5.769937614507204,28624453
2023-03-20,5.621737003326416,5.740297247660046,5.611856747407014,5.740297247660046,32847743
2023-03-21,5.730417251586914,5.740297036025534,5.631616580501627,5.661256876050516,24420521
2023-03-22,5.750177383422852,5.789697464041577,5.710657302804126,5.750177383422852,21604237
2023-03-23,5.750177383422852,5.760057168019272,5.671136751068878,5.720537087400547,18304825
2023-03-24,5.6810173988342285,5.740297523853295,5.67113714243944,5.740297523853295,17084592
2023-03-27,5.621737003326416,5.710657422134904,5.6019769626041445,5.671136869573829,17827588
2023-03-28,5.661257266998291,5.700777349714926,5.601977142923338,5.641497225639974,20823538
2023-03-29,5.5624566078186035,5.661256806574887,5.552576352384721,5.64149676682363,19924501
2023-03-30,5.59209680557251,5.611856846644208,5.493296600214019,5.5426969384515345,16026296
2023-03-31,5.661257266998291,5.6711370521191755,5.562457060206703,5.562457060206703,15257903
2023-04-03,5.6414971351623535,5.661257176203762,5.601977053079536,5.661257176203762,12117615
2023-04-04,5.6019768714904785,5.671136777335308,5.592096615731775,5.641496952292245,14100383
2023-04-06,5.5624566078186035,5.601976687321117,5.5328163126334635,5.592096431887234,12917687
2023-04-07,5.59209680557251,5.611856846644208,5.5426969384515345,5.562456979523233,8334862
2023-04-10,5.552576541900635,5.6217369189488124,5.5328165014749455,5.601976878523122,11782350
2023-04-11,5.6908979415893555,5.720537770032057,5.592097257136137,5.6316173424707925,29384866
2023-04-12,5.661257266998291,5.730417647310676,5.611856928044223,5.700777349714926,17690209
2023-04-13,5.661257266998291,5.700777349714926,5.611856928044223,5.661257266998291,14280908
2023-04-14,5.760056972503662,5.789697267519877,5.661256774310457,5.671136558571524,32611100
2023-04-17,5.769937515258789,5.809457596504408,5.720537178143499,5.7304174340131695,20228670
2023-04-18,5.740297317504883,5.789697655469905,5.690897450656399,5.779817399430286,17191994
2023-04-19,5.661257266998291,5.740297432431562,5.641497225639974,5.740297432431562,14907950
2023-04-20,5.59209680557251,5.641497143810025,5.532816682357415,5.631616887715905,16347492
2023-04-21,5.473536968231201,5.621737522903628,5.473536968231201,5.592097223522512,17432594
2023-04-24,5.434016704559326,5.52293712866396,5.3253362385555025,5.4735367883577055,17549441
2023-04-25,5.295695781707764,5.453776098108546,5.196895583957274,5.4438963138917495,21314402
2023-04-26,5.443896770477295,5.493296637937508,5.275936184656174,5.295696225863568,14804527
2023-04-27,5.463656902313232,5.493296729057702,5.404376306591188,5.43401660445221,9385954
2023-04-28,5.6908979415893555,5.789698154925994,5.453776958464843,5.463657215356796,28728869
2023-05-04,5.6414971351623535,5.690897473324145,5.601977053079536,5.631616879083379,16402252
2023-05-05,5.631617069244385,5.661257367365622,5.542697117113785,5.6414973256569825,17571207
2023-05-08,5.700777530670166,5.720537572655711,5.631617148162477,5.661257446699076,21661257
2023-05-09,5.799577713012695,5.799577713012695,5.651377163267731,5.681017461663347,34232880
2023-05-10,6.2046589851379395,6.3726190977175525,5.740297315964281,5.789697653916045,92488860
2023-05-11,5.9378981590271,6.13549856734891,5.9181376470783835,6.125618311374552,61597610
2023-05-12,5.789697647094727,5.928017933633545,5.789697647094727,5.908257892699429,31840869
2023-05-15,5.839097499847412,5.8588575407340695,5.700777213640811,5.77981737718744,24720021
2023-05-16,5.6810173988342285,5.839097732218405,5.661257357161206,5.839097732218405,23526609
2023-05-17,5.700777530670166,5.750177871192309,5.641497404713531,5.71065778722122,14895907
2023-05-18,5.6414971351623535,5.700777258286579,5.61185683804197,5.68101721724517,17973220
2023-05-19,5.611856937408447,5.651377020191028,5.542697028097206,5.611856937408447,10808004
2023-05-22,5.582217216491699,5.681017425317386,5.5426971329614245,5.621737300021974,13857400
2023-05-23,5.522936820983887,5.621737024975724,5.513056565026435,5.572336687421538,11560372
2023-05-24,5.503176689147949,5.562456810562397,5.473536392882462,5.522936729619432,9391152
2023-05-25,5.473536968231201,5.532817095876857,5.404376583752982,5.513057053328305,15188071
2023-05-26,5.611856937408447,5.621737193662367,5.3944964821042545,5.493296689060706,19985844
2023-05-29,5.51305627822876,5.6019766927539045,5.483416454131385,5.582216652983484,14763120
2023-05-30,5.5624566078186035,5.5624566078186035,5.46365640906232,5.483416448813577,13229789
2023-05-31,5.522936820983887,5.552576646623171,5.483416739387152,5.542696861782254,8498214
2023-06-01,5.5624566078186035,5.61185647163849,5.473536193379694,5.503176488564834,13315084
2023-06-02,5.621737003326416,5.631616788129286,5.542696840437329,5.5525766252401985,15799985
2023-06-05,5.661257266998291,5.661257266998291,5.592096886685906,5.621737184281656,15667512
2023-06-06,5.522936820983887,5.661257106572459,5.503176780185519,5.661257106572459,11980700
2023-06-07,5.463656902313232,5.522937026918725,5.43401660445221,5.522937026918725,11141068
2023-06-08,5.4932966232299805,5.51305666438447,5.443896755902029,5.453776540921003,8933700
2023-06-09,5.6810173988342285,5.779817607199338,5.57233693407433,5.582217190469118,45355042
2023-06-12,5.760056972503662,5.799577051780943,5.651376518932883,5.681016813949098,26328130
2023-06-13,5.769937515258789,5.819337381257548,5.720537178143499,5.760057259389119,19599100
2023-06-14,5.740297317504883,5.799577440392986,5.740297317504883,5.789697655469905,14180324
2023-06-15,5.7798171043396,5.8786173041088245,5.700776944524219,5.7205369844780645,20579828
2023-06-16,5.799577713012695,5.987298346540776,5.799577713012695,5.888498137082986,27396277
2023-06-19,5.789697647094727,5.8687378108311945,5.750177565226493,5.789697647094727,17652401
2023-06-20,5.730417251586914,5.809457411561931,5.72053699603178,5.7896973715681765,13210242
2023-06-21,5.700777530670166,5.79957774059789,5.690897745235675,5.730417829206765,12815505
2023-06-26,5.661257266998291,5.878617721939785,5.651377010760858,5.651377010760858,21198734
2023-06-27,5.750177383422852,5.769937423732214,5.572336549522063,5.6316166704501525,15561002
2023-06-28,5.7798171043396,5.819337184247289,5.671136649035194,5.7501772799670885,14565055
2023-06-29,5.789697647094727,5.829217728962961,5.730417524292376,5.740297309201165,17366471
2023-06-30,5.839097499847412,5.8588575407340695,5.730417510529065,5.77981737718744,20325230
2023-07-03,5.957658290863037,5.987298117005792,5.83909757294239,5.84897782906767,37680191
2023-07-04,6.076218605041504,6.125618472866032,5.918137803099989,5.947778100687945,53238050
2023-07-05,5.977417945861816,6.095978185007048,5.967537690374791,6.046577849804946,40400713
2023-07-06,5.997178077697754,6.046577942540988,5.898377405778248,5.987297822059196,21880501
2023-07-07,5.977417945861816,6.066337889662484,5.957657906004277,6.007057770089868,22329205
2023-07-10,5.9378981590271,6.066338188878009,5.9378981590271,5.9774182406914615,16962117
2023-07-11,6.115738868713379,6.145378696061833,5.937898491272968,5.957658533210791,42402831
2023-07-12,6.066338539123535,6.224419346024457,6.056458753695294,6.12561866504267,39652011
2023-07-13,5.979579925537109,6.089022806374671,5.939781953641023,6.069124057638424,27309840
2023-07-14,5.909934043884277,6.009427787163759,5.8900352952283805,5.999478650047606,18047042
2023-07-17,5.890035152435303,5.909933900608791,5.810440159741352,5.880085541136769,16483992
2023-07-18,6.089023113250732,6.118871475071204,5.830339366642316,5.919883503256498,37216034
2023-07-19,6.079073429107666,6.138769672958531,6.03927593320709,6.079073429107666,21393340
2023-07-20,6.009428024291992,6.218365130635224,5.999478886783252,6.079073884547606,21016307
2023-07-21,5.929832935333252,5.999478794517787,5.89998457441885,5.989529182738453,15552626
2023-07-24,5.899984836578369,5.95968108663611,5.880086086559122,5.899984836578369,12603900
2023-07-25,6.1686177253723145,6.208415222354826,5.949731491968501,5.999478600408434,45778974
2023-07-26,5.93978214263916,6.138770110756827,5.929833005166261,6.118871361387421,35378199
2023-07-27,5.989529609680176,6.118871725489593,5.979580471615255,6.029327110787129,31146208
2023-07-28,6.21836519241333,6.288011053360861,5.899984723769267,5.959680972685601,65518443
2023-07-31,6.3775553703308105,6.486998733658678,6.2183653687074605,6.228314981020733,65059078
2023-08-01,6.307909965515137,6.467099966726695,6.218365352621822,6.327808715666581,44072167
2023-08-02,6.327808380126953,6.457150012041036,6.258162521078138,6.258162521078138,31441637
2023-08-03,6.248213768005371,6.307910018965544,6.198466654993411,6.288011268645486,24857400
2023-08-04,6.2084150314331055,6.317858381981194,6.2084150314331055,6.268111749494661,22474318
2023-08-07,6.188516616821289,6.248213338097666,6.148719118919437,6.188516616821289,18666838
2023-08-08,6.118871688842773,6.208415828585308,6.069124575545206,6.1686183277167075,19696096
2023-08-09,6.029326915740967,6.1089219153800105,6.009428165831206,6.089023165470249,16552933
2023-08-10,5.989529609680176,6.049225861340607,5.979580471615255,6.0094283602336525,14932539
2023-08-11,5.850237846374512,6.01937744856242,5.840288234752355,5.989529088119545,22100598
2023-08-14,5.740794658660889,5.830339268186565,5.641300911645474,5.820389656273219,25517010
2023-08-15,5.691047191619873,5.77064265867227,5.641300558438651,5.7208955510674695,15818600
2023-08-16,5.651249885559082,5.700996994838657,5.641300748357324,5.651249885559082,11710100
2023-08-17,5.700997352600098,5.720896102675939,5.57165523989532,5.641301102372575,16272234
2023-08-18,5.601503372192383,5.720895867744516,5.601503372192383,5.681098369227138,13799606
2023-08-21,5.511959075927734,5.661199941043913,5.511959075927734,5.6015036898821675,14237474
2023-08-22,5.581604957580566,5.591554095594613,5.482111205321943,5.571655345142887,13607126
2023-08-23,5.472161293029785,5.5617059023676445,5.462211681137308,5.5617059023676445,13823465
2023-08-24,5.49206018447876,5.561706046257115,5.432363934850293,5.49206018447876,10101231
2023-08-25,5.402515411376953,5.511958769637043,5.3826166620954465,5.482110882926586,14517800
2023-08-28,5.511959075927734,5.730845804611097,5.492060325540486,5.69104782941297,21603964
2023-08-29,5.611452579498291,5.6313513290048105,5.492060082459172,5.511958831965692,16137211
2023-08-30,5.571654796600342,5.651249790570926,5.5418069110731665,5.621401905043751,12665100
2023-08-31,5.482110977172852,5.591553862890835,5.472161365149246,5.571655113267236,13187332
2023-09-01,5.581604957580566,5.611452846046337,5.4920603433359885,5.4920603433359885,12715031
2023-09-04,5.700997352600098,5.710946490426206,5.561706102069212,5.59155398997116,20637410
2023-09-05,5.641301155090332,5.700997405875714,5.621402404828538,5.691047793533002,10398100
2023-09-06,5.651249885559082,5.681098246011546,5.601503250703101,5.631351136731971,10047235
2023-09-07,5.541806697845459,5.651249573132272,5.531857086770166,5.651249573132272,10728244
2023-09-08,5.541806697845459,5.581604193299494,5.502009202391424,5.521907950118441,8472500
2023-09-11,5.671148777008057,5.700997138211167,5.531857531715289,5.5617058929184,16191796
2023-09-12,5.700997352600098,5.720896102675939,5.661199852448416,5.681098602524257,11989501
2023-09-13,5.591553688049316,5.691047433056251,5.571654939047929,5.671148684054864,11674600
2023-09-14,5.541806697845459,5.5915533299512195,5.502009202391424,5.551755834497183,10717054
2023-09-15,5.591553688049316,5.611452437050703,5.541807052757648,5.581604550760422,10546070
2023-09-18,5.651249885559082,5.710946132040415,5.551756141423526,5.571654890250637,15058398
2023-09-19,5.621402263641357,5.651250151072574,5.581604764117324,5.651250151072574,9991000
2023-09-20,5.551756381988525,5.631351380745927,5.551756381988525,5.611452631056577,8868770
2023-09-21,5.511959075927734,5.58160493949492,5.502009937945926,5.531857826314982,9409900
2023-09-22,5.571654796600342,5.581604408058459,5.482110665595228,5.492059802629758,9946691
2023-09-25,5.531857490539551,5.601503349879337,5.511958741360127,5.571654988898399,9566144
2023-09-26,5.472161293029785,5.541807153006299,5.462211681137308,5.521908403644953,8428331
2023-09-27,5.452262878417969,5.502009992087433,5.452262878417969,5.46221201649768,8364641
2023-09-28,5.531857490539551,5.541807102341065,5.462211631199764,5.462211631199764,12507968
2023-10-09,5.621402263641357,5.631351401310558,5.561706014355307,5.571655152024507,18296450
2023-10-10,5.691047191619873,5.750743910515065,5.611452198991055,5.661199306595855,20956644
2023-10-11,5.591553688049316,5.710946182057638,5.571654939047929,5.7009970447687435,15160200
2023-10-12,5.760693073272705,5.80049056976598,5.601503087299606,5.6313509724577715,31254495
2023-10-13,5.810440540313721,5.850238039267353,5.6910475690292115,5.740794679933058,24018167
2023-10-16,5.949731349945068,6.1686175781239445,5.860186746660104,5.919882990708889,55911448
2023-10-17,5.810440540313721,6.0193776470320985,5.780592178886691,5.9994788975552815,37220537
2023-10-18,5.870136737823486,5.989529233648711,5.76069337943856,5.8104404899108735,38132908
2023-10-19,5.621402263641357,5.840288511023543,5.601503513879341,5.840288511023543,32133551
2023-10-20,5.641301155090332,5.750744518742013,5.561706154043156,5.58160490430495,20187899
2023-10-23,6.2084150314331055,6.2084150314331055,5.591553372750375,5.6114521206297026,61965664
2023-10-24,6.13877010345459,6.427302206179563,6.069124243532711,6.427302206179563,126016741
2023-10-25,6.1586689949035645,6.258162743927932,6.069124383569825,6.138770245098692,76882011
2023-10-26,6.2382636070251465,6.317858601305597,6.079073618464246,6.098972367034358,74302784
2023-10-27,6.407403469085693,6.765581432417433,6.198466363344146,6.228314724631628,108737429
2023-10-30,6.1686177253723145,6.26811194225218,5.999478600408434,6.238263582303502,70762733
2023-10-31,6.05917501449585,6.178567508765817,5.999478767360865,6.158668759720823,47754926
2023-11-01,6.079073429107666,6.138769672958531,5.919882971081789,6.049225069970447,40249691
2023-11-02,6.685986042022705,6.685986042022705,6.019377692321979,6.069124329176509,106385691
2023-11-03,6.467099666595459,6.656138021472928,6.31785881017392,6.656138021472928,124173347
2023-11-06,6.516846656799316,6.546694542879492,6.3775549403465135,6.427302049711599,88132624
2023-11-07,6.646188259124756,6.875024107275498,6.437251159751314,6.467099520129061,110401751
2023-11-08,6.646188259124756,6.7058845054566545,6.467099520129061,6.546694515238259,70474818
2023-11-09,6.467099666595459,6.606390911191213,6.4472009173674945,6.566593412735284,49994165
2023-11-10,6.367605686187744,6.486998177163015,6.317858577736255,6.467099428667137,35105523
2023-11-13,6.457149982452393,6.5068970921769616,6.357656237426855,6.367605849141208,30337485
2023-11-14,6.516846656799316,6.596441652244578,6.4670995474342305,6.486998296295546,41257416
2023-11-15,6.486998081207275,6.5665930740134195,6.3875043401995955,6.5665930740134195,42193215
2023-11-16,6.417352676391602,6.516846898816709,6.407403538803258,6.467099787604155,25394249
2023-11-17,6.506897449493408,6.516847061754129,6.3974540867436,6.417352836841418,34723484
2023-11-20,6.486998081207275,6.576542685325977,6.457149721693181,6.516846440721369,32476030
2023-11-21,6.42730188369751,6.516846488472333,6.38750438700283,6.447200632044851,28665531
2023-11-22,6.1686177253723145,6.417352318724804,6.15866858833848,6.417352318724804,46108615
2023-11-23,6.556643962860107,6.76558105700813,6.158668522843703,6.168617659771733,95068002
2023-11-24,6.3775553703308105,6.566593734470353,6.357656620127892,6.546694984267434,49335144
2023-11-27,6.845176696777344,7.014316310344378,6.526796219802714,6.616340832731997,143833835
2023-11-28,7.372493267059326,7.521734119411147,6.606390731038476,6.6859857257798225,161715711
2023-11-29,7.2033538818359375,7.332695989377534,6.964568890457856,7.143657633991417,115326340
2023-11-30,6.815328121185303,7.243151947868985,6.72578398548003,7.044163978074088,87987765
2023-12-01,6.616340160369873,6.884973497435185,6.4571497008479115,6.835226389880151,60817178
2023-12-04,6.546694755554199,6.7556318625972995,6.506897256538714,6.656138115058588,56109759
2023-12-05,6.417352676391602,6.586492285205949,6.407403538803258,6.5566443980173075,40028199
2023-12-06,6.397453784942627,6.4969480051616815,6.367605898415793,6.367605898415793,31397302
2023-12-07,6.21836519241333,6.387504801554751,6.188516830743357,6.377555189523555,45188936
2023-12-08,6.05917501449585,6.248213367635098,6.039276265450855,6.2382637559008005,35882462
2023-12-11,6.13877010345459,6.158668852800326,5.9596808849193605,6.039276356725911,28707644
2023-12-12,6.1686177253723145,6.228314445269668,6.089022731407291,6.1188710913559685,25393238
2023-12-13,6.13877010345459,6.248213462067941,6.0989726047631185,6.13877010345459,27790754
2023-12-14,6.049225330352783,6.18851657200044,6.039276193161176,6.118871188388408,20641825
2023-12-15,6.009428024291992,6.1089217714974335,5.999478886783252,6.059175135106518,17150082
2023-12-18,5.949731349945068,6.0591747012462935,5.9298326019288075,5.979579709181248,20136700
2023-12-19,5.870136737823486,5.949731735040302,5.8104404899108735,5.949731735040302,19667441
2023-12-20,5.750744342803955,5.919883477642753,5.740794730765642,5.870136840722029,15095206
2023-12-21,5.77064323425293,5.800491122254062,5.661199871260318,5.730845733969003,16252650
2023-12-22,5.691047191619873,5.790541406829474,5.661199306595855,5.77064265867227,16241095
2023-12-25,5.720895767211914,5.720895767211914,5.651249908818579,5.681098269393893,10986663
2023-12-26,5.631350994110107,5.710945987402697,5.6114522457869604,5.710945987402697,11885500
2023-12-27,5.691047191619873,5.691047191619873,5.601503062124242,5.63135094714826,10670300
2023-12-28,5.750744342803955,5.79054184210998,5.651250120115279,5.671148869768291,16189033
2023-12-29,5.740794658660889,5.830339268186565,5.720895909257806,5.730845521171151,18579493
2024-01-02,5.800490856170654,5.840288354628967,5.7507442203095644,5.7507442203095644,18152894
2024-01-03,5.78059196472168,5.810440325042858,5.720895718502915,5.790541576303269,13267229
2024-01-04,5.710946559906006,5.770643285283428,5.671149059270145,5.760693672912647,9520300
2024-01-05,5.641301155090332,5.750744518742013,5.591554042224033,5.720896156137508,14163475
2024-01-08,5.531857490539551,5.641300848238186,5.531857490539551,5.641300848238186,13946965
2024-01-09,5.541806697845459,5.581604193299494,5.482110454664406,5.531857086770166,10175163
2024-01-10,5.49206018447876,5.561706046257115,5.442313072576561,5.531857684231071,10148311
2024-01-11,5.591553688049316,5.601503299761809,5.462211582328502,5.462211582328502,11442813
2024-01-12,5.531857490539551,5.621402099058761,5.531857490539551,5.571654988898399,9764700
2024-01-15,5.541806697845459,5.571654582224202,5.4920595913161305,5.541806697845459,8029810
2024-01-16,5.571654796600342,5.611452293585634,5.492059802629758,5.5617056595658125,15438527
2024-01-17,5.551756381988525,5.6611997424917595,5.541807244355658,5.5716551316778755,16995104
2024-01-18,5.392566204071045,5.521908309936625,5.243325349181807,5.521908309936625,23249403
2024-01-19,5.322920799255371,5.402515802138469,5.322920799255371,5.372667913269127,9021272
2024-01-22,5.860187530517578,5.860187530517578,5.760693777128007,5.860187530517578,38230661
2024-01-23,5.999478816986084,6.427302162204046,5.94973170675031,6.427302162204046,137320149
2024-01-24,6.367605686187744,6.467099428667137,5.870136499367195,5.999478601802199,117988652
2024-01-25,6.1686177253723145,6.3178585762685255,5.870136498003478,6.04922523442478,99721121
2024-01-26,5.959681034088135,6.148719394815994,5.959681034088135,6.029326895753226,64463491
2024-01-29,5.601503372192383,5.949731721431241,5.601503372192383,5.949731721431241,50811191
2024-01-30,5.641301155090332,5.790542019265601,5.472161540653269,5.551756541700445,34596425
2024-01-31,5.392566204071045,5.611452443331289,5.392566204071045,5.601503306031259,34163633
2024-02-01,5.442312717437744,5.5418069347496335,5.303021477394123,5.372667334627727,22751325
2024-02-02,5.322920799255371,5.492060417593773,5.0343886765923225,5.4522629161522245,32881733
2024-02-05,4.974692344665527,5.283123213103954,4.875198592656943,5.283123213103954,32726002
2024-02-06,5.21347713470459,5.342819244199011,4.8055525310629985,4.8751983918115975,29716185
2024-02-07,5.472161293029785,5.59155378919786,5.223426688801158,5.273173799416327,40083398
2024-02-08,5.531857490539551,5.611452487257248,5.43236374464243,5.482110854802792,32766744
2024-02-19,5.541806697845459,5.611452077678237,5.472160843589113,5.541806697845459,23526553
2024-02-20,5.511959075927734,5.521908688333174,5.432364074378741,5.502009937945926,19058408
2024-02-21,5.890035152435303,6.059174749121738,5.770642663394376,5.810440159741352,74864637
2024-02-22,5.8402886390686035,5.880086139465175,5.710946525567932,5.770643250586417,48359883
2024-02-23,5.890035152435303,5.969630145129253,5.770642663394376,5.860186792963281,44566203
2024-02-26,5.9198832511901855,6.069124105090694,5.880085753406529,5.8999845022983575,49744887
2024-02-27,6.05917501449585,6.069124151806547,5.850237912311607,5.90993415944659,58194651
2024-02-28,5.760693073272705,6.049225160060738,5.750743936361177,6.049225160060738,63376974
2024-02-29,6.039276123046875,6.039276123046875,5.651249814183603,5.671148562759392,52058081
2024-03-01,6.019377708435059,6.118871456834064,5.969630597023748,6.049225595742953,35612187
2024-03-04,5.9198832511901855,5.999478721181093,5.840288255622873,5.979579972289265,31176082
2024-03-05,6.516846656799316,6.516846656799316,5.800490748944773,5.850237858309859,82796541
2024-03-06,6.685986042022705,7.143657757856621,6.54669479463696,6.6262897931431,187513825
2024-03-07,6.7058844566345215,7.074012017969803,6.417352364252537,6.546694467575106,149216431
2024-03-08,7.024264812469482,7.1038598059033555,6.666086867593469,6.80537858052633,161040737
2024-03-11,6.86507511138916,6.944670108136508,6.666087145097189,6.86507511138916,110651153
2024-03-12,6.715834140777588,6.855125382710665,6.586492036056505,6.795429136167917,97360249
2024-03-13,6.86507511138916,7.243151820362663,6.626289646723515,6.685985894284025,126842736
2024-03-14,6.835226535797119,7.0043661357866975,6.735732792986658,6.795429038672935,82159584
2024-03-15,7.521734237670898,7.521734237670898,6.676036693612302,6.76558130131597,185056936
2024-03-18,8.277887344360352,8.277887344360352,7.690873999622857,7.760519859761438,94223076
2024-03-19,8.56641960144043,9.103686319495104,7.969457108517033,8.954445933476064,296120370
2024-03-20,9.422066688537598,9.422066688537598,8.45697619792115,8.536571192111458,296186894
2024-03-21,9.203180313110352,9.690699907378812,8.994243208588554,9.03404070712379,254518313
2024-03-22,8.626116752624512,9.053940605389228,8.45697713403601,9.02409176762847,190917599
2024-03-25,8.198291778564453,8.795255168269899,8.168443893733325,8.456975977359956,138670471
2024-03-26,8.228141784667969,8.447027569748066,8.108748330636825,8.138597168568253,101059579
2024-03-27,7.661025524139404,8.30773605631016,7.631177637684508,8.248039334553166,137676710
2024-03-28,7.969457149505615,8.068950424414279,7.651076677218689,7.661025814940108,93569817
2024-03-29,7.840115070343018,7.999305069928095,7.730671708416466,7.9396088200836905,37278673
2024-04-01,8.148545265197754,8.307736209876609,7.860013634964721,7.860013634964721,117876370
2024-04-02,7.850063800811768,8.18834253237877,7.810266302980356,8.108747536715946,77889877
2024-04-03,7.561532020568848,7.939608740203194,7.531684133158756,7.929659128117419,68342714
2024-04-08,7.541632652282715,7.750569744711536,7.491886019204735,7.5316835154365505,65855026
2024-04-09,7.382442951202393,7.591380051664618,7.272999595145133,7.591380051664618,58308558
2024-04-10,7.1635565757751465,7.422240797809816,7.064062826693973,7.392392435873655,62442154
2024-04-11,7.3028483390808105,7.442139588560608,7.083961615474652,7.113809977574991,66218187
2024-04-12,7.243151664733887,7.442139152326744,7.113809560586733,7.183454944032437,53632249
2024-04-15,7.2729997634887695,7.462038119445557,6.884973914116211,7.163556404898292,81738889
2024-04-16,6.86507511138916,7.302848067923175,6.855125499583941,7.223253071175827,65640450
2024-04-17,7.263050556182861,7.3127971918466,6.96456884450602,6.96456884450602,63629923
2024-04-18,7.481936931610107,7.700823176205361,7.173506077014081,7.253101075048718,109251304
2024-04-19,7.412290573120117,7.541632673448305,7.173505595059074,7.402341436246029,89488038
2024-04-22,7.133708477020264,7.3227468318885265,7.093910978566272,7.312797220063226,56057750
2024-04-23,7.024264812469482,7.243151518836217,6.974518178785103,7.173505662369786,45234889
2024-04-24,7.282948970794678,7.3525943524095085,6.994416884158313,7.044163517536967,57790755
2024-04-25,7.332695960998535,7.919709774166533,7.133708468953588,7.292898462589546,126674186
2024-04-26,7.402341842651367,7.511785200816489,7.1337084903723245,7.1337084903723245,106188731
2024-04-29,7.5515828132629395,7.661025698655437,7.26305070736706,7.3824432047535735,106727683
2024-04-30,7.342645645141602,7.720722358174863,7.332696033229544,7.680924384950239,88505304
2024-05-06,7.830165386199951,7.830165386199951,7.462038278330641,7.511785389955626,125497285
2024-05-07,7.670975208282471,7.760519817339214,7.551582712489216,7.740621068040338,83711414
2024-05-08,7.462038040161133,7.581430534942046,7.3525946827334945,7.581430534942046,83207604
2024-05-09,7.452088832855225,7.551583058329754,7.392392582224683,7.402342194541586,48898101
2024-05-10,7.2332024574279785,7.452088706014335,7.193404957685004,7.4222408184189135,57262043
2024-05-13,7.133708477020264,7.2829493334345345,7.024265119059985,7.083961366740972,43363898
2024-05-14,7.362544536590576,7.3923924240554015,7.153607426642331,7.153607426642331,63543617
2024-05-15,7.113809585571289,7.312797073863014,7.103859973944905,7.312797073863014,46438400
2024-05-16,7.0939106941223145,7.203353573270667,7.074011945693197,7.143657327983315,34475633
2024-05-17,7.133708477020264,7.14365761442196,7.04416386828698,7.093910978566272,28473200
2024-05-20,7.213303565979004,7.253101064940862,7.074012319612503,7.093911069093432,39845633
2024-05-21,7.3028483390808105,7.372493726608899,7.054113727797935,7.193404977277732,66448117
2024-05-22,7.442139148712158,7.541632892460264,7.163556191793871,7.233202049629341,91064572
2024-05-23,7.143657684326172,7.372493539887698,7.1237589349044566,7.362544402388644,56929854
2024-05-24,7.083961486816406,7.163556485073551,7.014316100553211,7.0640627372521205,33555071
2024-05-27,7.143657684326172,7.213303544513979,7.083961436061027,7.093911047983688,24964685
2024-05-28,6.954619407653809,7.113809879283375,6.884974021088012,7.113809879283375,41218400
2024-05-29,6.914822101593018,6.984467964528743,6.894923351386185,6.894923351386185,24566141
2024-05-30,6.87502384185791,7.024264689137852,6.865074705065155,6.954618833894259,26073700
2024-05-31,6.894922733306885,7.034214446691853,6.815327739614665,6.894922733306885,30094554
2024-06-03,6.646188259124756,6.875024107275498,6.536745378061405,6.8551253584981975,51913722
2024-06-04,6.6561384201049805,6.685986308522698,6.536745917586847,6.626290057263631,40408193
2024-06-05,6.58649206161499,6.765581276361772,6.516846677589995,6.6262895594645865,33916048
2024-06-06,6.407403469085693,6.606390962923544,6.357656358414427,6.556644326675885,39776524
2024-06-07,6.516846656799316,6.5267957940181764,6.397453689207829,6.427302049711599,24698055
2024-06-11,6.486998081207275,6.516846440721369,6.397453477088574,6.477048944318297,16273031
2024-06-12,6.516846656799316,6.536745405660632,6.447200798572915,6.4670995474342305,17208731
2024-06-13,6.42730188369751,6.546694373781552,6.397453523964708,6.467099380392191,26191239
2024-06-14,6.506897449493408,6.516847061754129,6.367606198808686,6.417352836841418,21051700
2024-06-17,6.596441745758057,6.676036742331685,6.457150027330605,6.467099639114109,41339063
2024-06-18,6.835226535797119,6.845176147289959,6.56659319299708,6.56659319299708,58397899
2024-06-19,6.845176696777344,6.954619585442439,6.785480446299031,6.835227084485812,48616589
2024-06-20,6.636239528656006,6.835227028624135,6.566593666455349,6.795429528630509,39199090
2024-06-21,6.616340160369873,6.795428893605555,6.546694304677541,6.596441412232576,27807255
2024-06-24,6.347707271575928,6.616340627611969,6.327808522033392,6.576543128526897,32692800
2024-06-25,6.288011074066162,6.477049433468831,6.1984664631849995,6.387504822587668,34924693
2024-06-26,6.457149982452393,6.477049205881099,6.228314606105455,6.2581624924013175,25445923
2024-06-27,6.248213768005371,6.44720127120595,6.248213768005371,6.427302520885892,24644983
2024-06-28,6.357656002044678,6.467099354732602,6.18851640455159,6.228314375511948,29394900
2024-07-01,6.447200775146484,6.49694788433081,6.258162424439077,6.347707031201426,25685602
2024-07-02,6.387504577636719,6.546694569166437,6.367605828695504,6.437251212777957,24665320
2024-07-03,6.347707271575928,6.427302269746072,6.327808522033392,6.367606021118464,18140222
2024-07-04,6.228314399719238,6.457149768483311,6.208415176949928,6.407403134830784,22692302
2024-07-05,6.228314399719238,6.228314399719238,6.228314399719238,6.228314399719238,0
2024-07-08,6.13877010345459,6.34770720879662,6.118871354108855,6.278061348874741,23755582
2024-07-09,6.357656002044678,6.357656002044678,6.079073526287248,6.138769771092412,33859139
2024-07-10,6.536745548248291,6.666087181456405,6.35765633016634,6.377555079461712,54689971
2024-07-11,6.825277805328369,6.994417415394057,6.556644446525105,6.556644446525105,67497530
2024-07-12,6.845176696777344,6.904872947255657,6.715834583529186,6.7954295841669365,50042720
2024-07-15,6.765331268310547,6.975186486689394,6.735351747181431,6.8352831666062706,42023100
2024-07-16,6.915227890014648,7.015158832484275,6.695379340073149,6.695379340073149,58240265
2024-07-17,6.855269432067871,7.0951036977571285,6.835283243260433,6.92522085463974,60964332
2024-07-18,6.875255584716797,6.905234629516124,6.6354208437805555,6.785317497302166,41005041
2024-07-19,6.665400505065918,6.955200485589798,6.635420983128676,6.865262396286409,49320833
2024-07-22,6.765331268310547,6.885248399810368,6.60544175964412,6.61543461568161,43996373
2024-07-23,7.095103740692139,7.344931340551075,6.685386629406148,6.8152970956947945,139621933
2024-07-24,6.5954484939575195,6.9851794135368666,6.575462305171612,6.9851794135368666,100817800
2024-07-25,6.7053728103637695,6.805303754886888,6.495517588611054,6.615434722038796,62209378
2024-07-26,7.13507604598999,7.344931265858078,6.925220826121903,6.945207014847039,137230390
2024-07-29,7.504821300506592,7.684697000191405,7.195034658509142,7.284972746605713,167556406
2024-07-30,7.384903430938721,7.524807224499746,7.115089652654333,7.3049586783371705,115440492
2024-07-31,7.584765911102295,7.744655418880389,7.3249449844545715,7.3249449844545715,140273562
2024-08-01,7.844586372375488,7.994483024384359,7.434869269858453,7.484834502855862,169625933
2024-08-02,7.414883136749268,7.704683110427429,7.374910759449405,7.67470358919837,126288915
2024-08-05,7.045138359069824,7.4448621292655215,6.985179317032149,7.294965953696296,105323000
2024-08-06,6.945207118988037,7.165055674769409,6.875255695655328,7.085110918670122,61584500
2024-08-07,7.06512451171875,7.1650554537604485,6.835283106768682,6.895241671993702,64815101
2024-08-08,6.805303573608398,6.96519308058628,6.745345008491692,6.945206892214045,53244200
2024-08-09,6.77532434463501,6.985179078569491,6.77532434463501,6.825289575949579,35222387
2024-08-12,6.635420799255371,6.805303640339354,6.575462233550728,6.805303640339354,35673950
2024-08-13,6.675393104553223,6.675393104553223,6.575462162787577,6.595448351140707,26452599
2024-08-14,6.685386657714844,6.835283313566596,6.635420946928148,6.635420946928148,35593461
2024-08-15,6.7953104972839355,6.7953104972839355,6.5754619558113845,6.665400038823638,37302001
2024-08-16,6.665400505065918,6.805303828920262,6.655407172250725,6.775324783491356,33468692
2024-08-19,6.625427722930908,6.735351518146976,6.59544820282124,6.65540676653227,27579976
2024-08-20,6.475531101226807,6.645413937339788,6.445551580997566,6.6354206050939375,30457800
2024-08-21,6.355614185333252,6.455545128583645,6.325634664103972,6.435558939933567,25887900
2024-08-22,6.275669574737549,6.375600520281007,6.195724341794446,6.3556143311723154,26458100
2024-08-23,6.275669574737549,6.345620998363802,6.215710530903138,6.23569672001183,22481400
2024-08-26,6.215710163116455,6.305648247038054,6.175737787264257,6.285662059111955,22169400
2024-08-27,6.02584171295166,6.19572407480059,5.99586219232637,6.19572407480059,27112375
2024-08-28,5.91591739654541,6.015848337059695,5.905924064239826,5.995862148956838,22613027
2024-08-29,6.065814018249512,6.105786394275183,5.8459654736000095,5.895931181886254,26680800
2024-08-30,6.20571756362915,6.285662318634304,6.055820909740324,6.08580043112142,35934212
2024-09-02,5.875945091247559,6.145758872146257,5.855958902903519,6.115779351376038,50784646
2024-09-03,5.895931243896484,5.925910287976887,5.835972679227366,5.855958867450405,23981915
2024-09-04,5.895931243896484,6.00585551737736,5.805993158638649,5.815986491004326,26925500
2024-09-05,5.965882778167725,6.005855631884235,5.825979457939067,5.875945167703464,25918600
2024-09-06,5.9758758544921875,6.1157791687221135,5.96588252236447,5.9758758544921875,34997400
2024-09-09,5.875945091247559,5.9558898446237185,5.796000337871399,5.875945091247559,20963900
2024-09-10,5.815986633300781,5.905924244250755,5.736041401944333,5.905924244250755,23927600
2024-09-11,5.766020774841309,5.815986483589362,5.716055066093255,5.776014107194245,13771601
2024-09-12,5.746034622192383,5.845965563798413,5.736041289777622,5.756027954607144,14937400
2024-09-13,5.69606876373291,5.805993034870496,5.6660897202915805,5.796000179226154,18013500
2024-09-18,5.6860761642456055,5.716055209037488,5.586145220758789,5.676082831642761,16750479
2024-09-19,5.825979232788086,5.855958752789799,5.66608973013443,5.716054961459545,21092600
2024-09-20,5.786006927490234,5.885937867864063,5.736041219049165,5.815986447856538,19200197
2024-09-23,5.925910472869873,6.035834749780471,5.756028105927731,5.756028105927731,45628671
2024-09-24,6.065814018249512,6.075806874001775,5.8459654736000095,5.895931181886254,51679889
2024-09-25,6.055820941925049,6.235696641642626,6.055820941925049,6.0858004634654765,53034606
2024-09-26,6.215710163116455,6.215710163116455,6.00585542814657,6.035834471781564,41303900
2024-09-27,6.4855241775512695,6.495517510137015,6.285662290919614,6.365607045572276,43220700
2024-09-30,7.045138359069824,7.085110736089394,6.5754622143273975,6.835283141462922,99903649
2024-10-08,7.215020656585693,7.744655361971258,6.825289745986243,7.704682985320459,135573222
2024-10-09,6.5055108070373535,7.075117419067206,6.495517474506426,7.075117419067206,85296224
2024-10-10,6.585455417633057,6.775324443005037,6.405579248065754,6.505510665162394,59986901
2024-10-11,6.335628032684326,6.615434675375383,6.215710423594118,6.615434675375383,48121786
2024-10-14,6.445551872253418,6.465538061139927,6.235696650690904,6.345620927820871,37259074
2024-10-15,6.255682945251465,6.445551490163811,6.245689613146445,6.395586259163621,35056202
2024-10-16,6.335628032684326,6.355614221447973,6.165745189939163,6.195724234830471,35067718
2024-10-17,6.245689868927002,6.425565565609104,6.235696536412725,6.345620811528169,33069000
2024-10-18,6.435558795928955,6.545483069298841,6.195724060986323,6.24568976974763,55414750
2024-10-21,6.515503406524658,6.595448157591121,6.40557913555412,6.4555448432248115,48253734
2024-10-22,6.635420799255371,6.685386508930068,6.505510811816138,6.535489856414299,45545011
2024-10-23,6.685386657714844,6.795310935540574,6.555476190876102,6.675393324954172,55164500
2024-10-24,6.545483112335205,6.715365474922328,6.525496924000937,6.685386430675084,33358600
2024-10-25,6.625427722930908,6.675392954435947,6.5254967834125255,6.565469159219878,32342201
2024-10-28,6.765331268310547,6.765331268310547,6.595448427098307,6.655406992848217,41052800
2024-10-29,6.625427722930908,6.8452757898713505,6.605441535027232,6.815296746269989,39401569
2024-10-30,6.7053728103637695,6.765331377077641,6.545483299126778,6.555476155324925,36540729
2024-10-31,6.575462341308594,6.6454142406978685,6.385593308544846,6.635420907995831,59779000
2024-11-01,6.2856621742248535,6.50551072194646,6.2356964652404026,6.495517389546244,56416350
2024-11-04,6.535490036010742,6.565469557941068,6.295655766601481,6.325634812023471,48080962
2024-11-05,6.695379257202148,6.72535877782613,6.4655378541126725,6.545483083607185,48922301
2024-11-06,6.945207118988037,7.185041863794231,6.62542809459089,6.755338561506398,124121753
2024-11-07,6.995172500610352,7.005165832906641,6.735351579006549,6.825289663639913,89894851
2024-11-08,6.885248184204102,7.105096728244373,6.855269140522078,7.085110540286921,62930712
2024-11-11,7.574772357940674,7.574772357940674,7.574772357940674,7.574772357940674,32828277
2024-11-12,8.334248542785645,8.334248542785645,8.334248542785645,8.334248542785645,19684536
2024-11-13,8.374220848083496,9.16367598653085,8.334248472200716,9.16367598653085,339560283
2024-11-14,7.634731292724609,8.364227900932491,7.564779869963463,8.294276478171344,234098872
2024-11-15,7.235006809234619,7.59475867382616,7.2050277651485075,7.49482773269193,140322235
2024-11-18,7.215020656585693,7.474841581324205,7.055131149982497,7.294965886395609,123542135
2024-11-19,7.165055274963379,7.2649862145113975,6.925220543539828,7.195034318573631,91624341
2024-11-20,7.394896984100342,7.5348003053309585,7.07511748763632,7.115089865130782,103978627
2024-11-21,7.424875736236572,7.5947585721444595,7.294965752755518,7.334938128674044,93973366
2024-11-22,6.995172500610352,7.44486197076055,6.995172500610352,7.4148829268883025,78934020
2024-11-25,7.35492467880249,7.49482800140641,6.895241856595564,7.045138511925359,107786564
2024-11-26,7.2250142097473145,7.454855620765878,7.175048499153062,7.2250142097473145,78819391
2024-11-27,7.24500036239624,7.254993695068371,6.985179431020791,7.155062274380381,65315675
2024-11-28,7.294965744018555,7.434869059565836,7.185041472120108,7.22501384799076,77696402
2024-11-29,7.35492467880249,7.444862290793702,7.225014212416113,7.2749799230288215,78195869
2024-12-02,7.614745140075684,7.614745140075684,7.364917539864474,7.384903728821038,101634507
2024-12-03,7.654717445373535,7.94451742074873,7.594758879072632,7.744655533079054,107222545
2024-12-04,7.584765911102295,8.074427766926867,7.564779722630033,7.944517303603006,102669657
2024-12-05,7.564779758453369,7.6647107012879045,7.434869294514311,7.51481404878194,72241856
2024-12-06,7.524807453155518,7.544793641913224,7.364917466585539,7.504821264397811,64410573
2024-12-09,7.854579448699951,8.104406558555437,7.5148137787625355,7.524807110941074,124771384
2024-12-10,7.784627914428711,8.284283110356142,7.774635058294493,7.934524568508605,115827531
2024-12-11,7.8246002197265625,7.8545797408690285,7.6747035670308765,7.6747035670308765,53287802
2024-12-12,8.154372215270996,8.154372215270996,7.704682753240844,7.834593211696951,117698585
2024-12-13,8.21433162689209,8.404200180607225,8.004476408040286,8.054442117865316,131421306
2024-12-16,8.184351921081543,8.444172859024876,8.07442811795937,8.114400496641677,101977115
2024-12-17,7.88455867767334,8.274289588145473,7.844586301035599,8.084421037370362,80429015
2024-12-18,8.004476547241211,8.224324149467938,7.794621324739944,7.9145384585954295,74192792
2024-12-19,7.734662055969238,7.894552039626796,7.64472444645195,7.80461395360119,67143233
2024-12-20,7.6247382164001465,7.744655346106902,7.584765839831228,7.724669157822443,50292911
2024-12-23,7.24500036239624,7.6447246156232165,7.215020840888178,7.6447246156232165,57736461
2024-12-24,7.284972667694092,7.3549245661790685,7.20502791314459,7.284972667694092,37310884
2024-12-25,7.1150898933410645,7.284972736620251,7.015158949208699,7.284972736620251,35777720
2024-12-26,7.8246002197265625,7.8246002197265625,7.0851107653067205,7.0951036213486605,114141782
2024-12-27,7.724668979644775,7.884558482232429,7.664710416174405,7.794620875281026,94546910
2024-12-30,7.784627914428711,7.874566002178313,7.524807460330777,7.65471744912558,72900046
2024-12-31,7.364917278289795,7.804613896226124,7.324944901796339,7.774634852110189,56874166
2025-01-02,7.434869289398193,7.854579725522754,7.284972636995376,7.354924535185577,78419967
2025-01-03,6.895241737365723,7.464848350657861,6.845276027617001,7.354924551623992,72330200
2025-01-06,6.84527587890625,7.035144904714913,6.695379229424852,6.855269211242223,41301574
2025-01-07,7.035144805908203,7.055130993791135,6.8452757827662,6.885248158532064,37596775
2025-01-08,6.875255584716797,6.985179384325429,6.665400365088208,6.975186528228428,50873688
2025-01-09,6.825289726257324,6.905234479327837,6.775324493842411,6.795310682110039,26142039
2025-01-10,6.565469264984131,6.8852482765943295,6.505510700307219,6.875255420735668,33737199
2025-01-13,6.555476188659668,6.585455710423216,6.405579532858596,6.5055109543982,22263100
2025-01-14,6.855269432067871,6.895241809682747,6.555476123447971,6.575462312255409,49945604
2025-01-15,6.765331268310547,6.8952417323561805,6.745345079727244,6.8352831666062706,24895937
2025-01-16,6.895241737365723,6.995172680354841,6.7753246057787795,6.795310794376603,33731275
2025-01-17,6.965193271636963,7.175048493555783,6.775324715146916,6.85526947082869,47216501
2025-01-20,6.935214042663574,7.02515212867555,6.885248333432851,6.9552002310542,33623040
2025-01-21,7.235006809234619,7.235006809234619,6.925220653464351,6.975186362285623,49474164
2025-01-22,7.205028057098389,7.334938524091055,7.105097111914928,7.155062346252492,41656448
2025-01-23,6.915227890014648,7.29496594790755,6.895241701520723,7.2450002384185765,60905902
2025-01-24,6.875255584716797,6.945207006920776,6.785317497302166,6.915227962121449,36599705
2025-01-27,6.645413875579834,6.975186212495166,6.645413875579834,6.905234316949248,30987130
2025-02-05,6.755338191986084,6.805303423560849,6.665400108039877,6.675392963751507,26460100
2025-02-06,7.015158653259277,7.025151985505088,6.665400125297141,6.71536535700127,40617702
2025-02-07,7.294965744018555,7.534799999242465,6.965192928323217,7.005165780702176,78390598
2025-02-10,8.02446174621582,8.02446174621582,8.02446174621582,8.02446174621582,16000300
2025-02-11,7.894552230834961,8.664021217389898,7.814607475324058,8.664021217389898,253573162
2025-02-12,8.094414710998535,8.194345180297073,7.644724740105096,7.644724740105096,134974094
2025-02-13,8.064434051513672,8.264296879762858,7.834593133250341,8.05444167251449,122490257
2025-02-14,7.964503288269043,8.304269436619748,7.9045447243865565,7.99448280846444,97253937
2025-02-17,7.794620990753174,7.984489539634637,7.704682905961092,7.9645033515150985,77535325
2025-02-18,7.574772357940674,7.794620901239157,7.504820938579771,7.754648525459125,63708949
2025-02-19,7.594758987426758,7.684697076415419,7.50482137494643,7.50482137494643,50218774
2025-02-20,7.654717445373535,7.774635054483669,7.624738400477248,7.704683155545118,53414908
2025-02-21,7.6247382164001465,7.654717260572677,7.4948277542970025,7.644724404684606,56909373
2025-02-24,7.564779758453369,7.6647107012879045,7.524807381319555,7.5747726144826615,40832993
2025-02-25,7.584765911102295,7.744655418880389,7.444862115288142,7.4948278247229565,47117833
2025-02-26,7.604752063751221,7.614744919686118,7.534800166173663,7.574772542929891,39956229
2025-02-27,7.684696674346924,7.744655238366182,7.544793358301991,7.604751922321248,56188953
2025-02-28,7.374910831451416,7.674703664127289,7.354924642606358,7.674703664127289,46614225
2025-03-03,7.394896984100342,7.504821260464276,7.334938417858649,7.414883172847573,30337900
2025-03-04,7.384903430938721,7.39489676326807,7.264986302036395,7.324944866487558,27001232
2025-03-05,7.364917278289795,7.424875843029979,7.294965857680405,7.354924422420589,22873904
2025-03-06,7.444861888885498,7.484834264614437,7.384903325292088,7.414882845342945,31699438
2025-03-07,7.554786205291748,7.704682853420249,7.334938137476038,7.434869077392269,60676889
2025-03-10,7.4048895835876465,7.534800044196488,7.364917207478512,7.494827668087353,31019592
2025-03-11,7.324944972991943,7.364917349873915,7.254993551702652,7.334938305466596,26494298
2025-03-12,7.414883136749268,7.47484170269906,7.374910759449405,7.384903615520209,32414404
2025-03-13,7.3149518966674805,7.4148828358620555,7.254993333150735,7.404889503688446,27828444
2025-03-14,7.414883136749268,7.414883136749268,7.2749798161997505,7.304958860920484,29445377
2025-03-17,7.394896984100342,7.4648484064614875,7.374910795353111,7.4248760289670255,22676658
2025-03-18,7.444861888885498,7.444861888885498,7.374910469614005,7.404889513156558,22041700
2025-03-19,7.494827747344971,7.594758688674574,7.434869182547209,7.45485537081313,44615154
2025-03-20,7.694689750671387,7.764641648953244,7.404889778016771,7.444862155175454,76233219
2025-03-21,7.424875736236572,7.6547171360222475,7.40488954827731,7.64472428029677,48691451
2025-03-24,7.294965744018555,7.584765707334934,7.175048139898292,7.394896683695184,40122210
2025-03-25,7.185041427612305,7.294965698829824,7.145069051989262,7.28497236666991,23966824
2025-03-26,7.3349385261535645,7.454855660407437,7.155062348264421,7.175048537306734,28846487
2025-03-27,7.235006809234619,7.344931082736429,7.2050277651485075,7.264986329829045,22176273
2025-03-28,7.424875736236572,7.714675699900035,7.205027668684682,7.215020524410159,55781054
2025-03-31,7.70468282699585,7.974496602098461,7.634730931040244,7.744655202825251,120149658
2025-04-01,7.8146071434021,7.994482835661492,7.5447933667588565,7.5547862225191125,106127452
2025-04-02,7.764641761779785,8.044448882464716,7.524807495342698,7.72466938404027,81186386
2025-04-03,7.5148138999938965,7.744655302216792,7.464848191311753,7.644724361360819,56331105
2025-04-07,6.765331268310547,7.045138384985117,6.765331268310547,7.0351450524393035,48830822
2025-04-08,6.885248184204102,6.985179123991358,6.475531092822197,6.67539297239671,69691260
2025-04-09,6.825289726257324,6.9252206675954655,6.395586440249158,6.685386408383926,56676978
2025-04-10,6.905234336853027,7.06512431620338,6.8752552933242965,6.905234336853027,47993726
2025-04-11,6.915227890014648,6.965193122995301,6.815296947545022,6.825289803537824,34958199
2025-04-14,7.125082969665527,7.205027722095204,7.005165841021011,7.095103449250242,47420875
2025-04-15,7.005166053771973,7.135076042161485,6.975186532446192,7.125083186058442,31404800
2025-04-16,6.9552001953125,7.015158760176259,6.835283065584981,6.985179239490222,23905233
2025-04-17,6.995172500610352,7.125082961412253,6.8952415601890085,6.8952415601890085,27086373
2025-04-18,6.9552001953125,6.9951725718883395,6.875255442160821,6.9552001953125,19705801
2025-04-21,6.995172500610352,7.01515868869462,6.8952415601890085,6.955200124441815,18697006
2025-04-22,6.985179424285889,7.095103701031696,6.9651932354692265,6.9651932354692265,18970701
2025-04-23,7.125082969665527,7.165055345880366,7.02515202912843,7.02515202912843,39324395
2025-04-24,7.055130958557129,7.244999980750908,7.055130958557129,7.1150895219064845,31510293
2025-04-25,7.075117588043213,7.14506948790541,7.035145209981481,7.065124731781946,24611034
2025-04-28,6.875255584716797,7.045138426940733,6.865262252111471,7.045138426940733,26711108
2025-04-29,6.905234336853027,6.935213856890064,6.835282917613784,6.8752552933242965,13826830
2025-04-30,7.015158653259277,7.035144841242591,6.915227713342711,6.9252205690802136,20589467
2025-05-06,7.095103740692139,7.11508992962052,7.035145173906994,7.04513850662535,23200471
2025-05-07,7.195034503936768,7.225014024827678,7.0951035618142635,7.155062127087766,41643745
2025-05-08,7.175048351287842,7.195034539811996,7.125083118231617,7.145069306755771,26053673
2025-05-09,7.085110664367676,7.195034461804587,7.045138287752742,7.195034461804587,21598360
2025-05-12,7.125082969665527,7.145069157772946,7.085110593450688,7.115089637357662,16598900
2025-05-13,7.085110664367676,7.195034461804587,7.075117331959785,7.1750482734971195,22176559
2025-05-14,7.095103740692139,7.11508992962052,7.015158984978612,7.065124695553732,21489200
2025-05-15,6.935214042663574,7.085110693847426,6.935214042663574,7.085110693847426,24081860
2025-05-16,7.035144805908203,7.085110513869686,6.935213866493545,6.945206722180858,23385761
2025-05-19,7.1150898933410645,7.165055603661412,7.0251522818761,7.0951037045145915,27295500
2025-05-20,7.8246002197265625,7.8246002197265625,7.14506933108333,7.1650555196755334,158119521
2025-05-21,7.614745140075684,7.764641795504076,7.524807528025314,7.764641795504076,122187292
2025-05-22,7.8146071434021,8.094414252313907,7.574772410547934,7.6547171626632196,141075656
2025-05-23,7.724668979644775,8.094414169141183,7.674703271831981,7.874565626574854,136680049
2025-05-26,7.734662055969238,7.864572518782154,7.594758737213653,7.754648720871211,82221662
2025-05-27,7.734662055969238,7.9345244164141056,7.664710634845605,7.774634909264866,62279919
2025-05-28,8.104406356811523,8.384213932745649,7.984489232704007,7.984489232704007,148208310
2025-05-29,8.913848876953125,8.913848876953125,8.37422129709348,8.37422129709348,157191408
2025-05-30,8.174359321594238,8.933834496157077,8.144379323625317,8.813917363331365,185512042
2025-06-03,8.054442405700684,8.434179526701323,8.00447669409007,8.304270010737078,105712405
2025-06-04,7.924530982971191,8.094414296914707,7.844586230415405,8.064434299943818,68867828
2025-06-05,7.394896984100342,7.704683147936585,7.304958896483639,7.674703626561575,157532354
2025-06-06,7.294965744018555,7.344930975602716,7.22501384799076,7.31495193195388,73902577
2025-06-09,7.3149518966674805,7.334938084506396,7.254993333150735,7.294965708828566,54295091
2025-06-10,7.24500036239624,7.304958928904037,7.135076085544449,7.294966072740236,60201901
2025-06-11,7.254993438720703,7.284972482661159,7.2250139182719355,7.245000106401677,39410627
2025-06-12,7.24500036239624,7.254993695068371,7.175048463216313,7.225014173560308,34156218
2025-06-13,7.105096817016602,7.215020613901835,7.095103484658863,7.195034425694673,38565496
2025-06-16,7.145069122314453,7.155061978064416,7.045138182273279,7.085110558289748,25019000
2025-06-17,7.175048351287842,7.225014060852388,7.125083118231617,7.135075974239533,31753114
2025-06-18,7.095103740692139,7.185041829124022,7.065124695553732,7.185041829124022,23841430
2025-06-19,6.9552001953125,7.105096845726056,6.93521400702458,7.075117325040019,36981470
2025-06-20,6.945207118988037,6.985179497037681,6.89524188468015,6.955200451754615,22356115
2025-06-23,6.965193271636963,6.975186604351349,6.845276138114302,6.8852485159551895,20577970
2025-06-24,7.1150898933410645,7.1150898933410645,6.995172760382225,6.995172760382225,35748000
2025-06-25,7.185041427612305,7.185041427612305,7.075117156394785,7.075117156394785,47039285
2025-06-26,7.105096817016602,7.15506204928035,7.095103484658863,7.15506204928035,35027791
2025-06-27,7.235006809234619,7.274979662196626,7.1150896798735435,7.14506920046797,55076516
2025-06-30,7.2250142097473145,7.2250142097473145,7.145069454003176,7.195034688089097,28217416
2025-07-01,7.205028057098389,7.284972813245158,7.155062346252492,7.245000435171773,29210357
2025-07-02,7.175048351287842,7.225014060852388,7.135075974239533,7.205027872328234,22485687
2025-07-03,7.175048351287842,7.205027872328234,7.155062162763688,7.165055495279925,16731600
2025-07-04,7.145069122314453,7.185041498330922,7.135075790056181,7.175048166072651,18375968
2025-07-07,7.13507604598999,7.155062234715126,7.095103668539719,7.13507604598999,15976747
2025-07-08,7.165055274963379,7.1750481306640275,7.095103379025613,7.115089566935216,22259510
2025-07-09,7.155062198638916,7.215020764512009,7.145069342580896,7.16505553120526,26512110
2025-07-10,7.185041427612305,7.205027615423826,7.115089532017827,7.135075719829349,22827600
2025-07-11,7.205028057098389,7.245000435171773,7.155062346252492,7.155062346252492,30413002
2025-07-14,7.185041427612305,7.225013803235347,7.165055239800783,7.205027615423826,20860468
2025-07-15,7.264986515045166,7.27497984766752,7.085110816417739,7.19503461621367,51583175
2025-07-16,7.24500036239624,7.264986551232173,7.215020840888178,7.24500036239624,29523952
2025-07-17,7.320000171661377,7.320000171661377,7.230000019073486,7.239999771118164,36938143
2025-07-18,7.329999923706055,7.369999885559082,7.269999980926514,7.340000152587891,31544051
2025-07-21,7.46999979019165,7.480000019073486,7.309999942779541,7.320000171661377,51473660
2025-07-22,7.480000019073486,7.690000057220459,7.420000076293945,7.449999809265137,62120301
2025-07-23,7.369999885559082,7.550000190734863,7.369999885559082,7.46999979019165,52871518
2025-07-24,7.440000057220459,7.440000057220459,7.349999904632568,7.360000133514404,35312239
2025-07-25,7.420000076293945,7.5,7.389999866485596,7.429999828338623,30397747
2025-07-28,7.380000114440918,7.449999809265137,7.340000152587891,7.440000057220459,27394506
2025-07-29,7.329999923706055,7.380000114440918,7.25,7.360000133514404,29235681
2025-07-30,7.300000190734863,7.360000133514404,7.25,7.320000171661377,27288452
2025-07-31,7.159999847412109,7.300000190734863,7.130000114440918,7.269999980926514,30442200
2025-08-01,7.230000019073486,7.340000152587891,7.159999847412109,7.159999847412109,25074660
2025-08-04,7.269999980926514,7.28000020980835,7.199999809265137,7.239999771118164,21830401
2025-08-05,7.329999923706055,7.340000152587891,7.25,7.269999980926514,25587500
2025-08-06,7.340000152587891,7.340000152587891,7.260000228881836,7.309999942779541,23990966
2025-08-07,7.309999942779541,7.360000133514404,7.269999980926514,7.349999904632568,23741578
2025-08-08,7.360000133514404,7.440000057220459,7.25,7.28000020980835,43098134
2025-08-11,7.639999866485596,7.789999961853027,7.5,7.519999980926514,105062173
2025-08-12,7.550000190734863,7.619999885559082,7.5,7.519999980926514,49723159
2025-08-13,7.570000171661377,7.690000057220459,7.510000228881836,7.550000190734863,44463200
2025-08-14,7.409999847412109,7.639999866485596,7.400000095367432,7.570000171661377,46236701
2025-08-15,7.71999979019165,7.75,7.360000133514404,7.369999885559082,58856165
2025-08-18,7.670000076293945,7.730000019073486,7.630000114440918,7.690000057220459,53685804
2025-08-19,7.670000076293945,7.699999809265137,7.590000152587891,7.659999847412109,36495995
2025-08-20,7.889999866485596,7.960000038146973,7.590000152587891,7.639999866485596,89506029
2025-08-21,7.929999828338623,7.949999809265137,7.809999942779541,7.889999866485596,58554530
2025-08-22,8.479999542236328,8.65999984741211,7.849999904632568,7.960000038146973,160727172
2025-08-25,8.279999732971191,8.9399995803833,8.15999984741211,8.539999961853027,187245139
2025-08-26,7.909999847412109,8.300000190734863,7.900000095367432,8.270000457763672,123294949
2025-08-27,7.619999885559082,8.0600004196167,7.619999885559082,7.940000057220459,105865331
2025-08-28,7.610000133514404,7.670000076293945,7.369999885559082,7.630000114440918,69708375
2025-08-29,7.550000190734863,7.650000095367432,7.53000020980835,7.539999961853027,52157968
2025-09-01,7.610000133514404,7.690000057220459,7.5,7.550000190734863,44614547
2025-09-02,7.570000171661377,7.619999885559082,7.460000038146973,7.610000133514404,37625865
2025-09-03,7.619999885559082,7.769999980926514,7.53000020980835,7.610000133514404,79996977
2025-09-04,7.420000076293945,7.559999942779541,7.349999904632568,7.550000190734863,51439646
2025-09-05,7.480000019073486,7.5,7.349999904632568,7.409999847412109,34965394
2025-09-08,7.489999771118164,7.53000020980835,7.420000076293945,7.5,33963200
2025-09-09,7.460000038146973,7.539999961853027,7.420000076293945,7.460000038146973,30121893
2025-09-10,7.460000038146973,7.5,7.429999828338623,7.440000057220459,21287417
2025-09-11,7.570000171661377,7.599999904632568,7.369999885559082,7.440000057220459,43328832
2025-09-12,7.5,7.599999904632568,7.489999771118164,7.539999961853027,34764400
2025-09-15,7.590000152587891,7.630000114440918,7.510000228881836,7.53000020980835,34766848
2025-09-16,7.559999942779541,7.590000152587891,7.5,7.570000171661377,24655863
2025-09-17,7.539999961853027,7.570000171661377,7.510000228881836,7.559999942779541,22992532
2025-09-18,7.409999847412109,7.610000133514404,7.369999885559082,7.559999942779541,45593399
2025-09-19,7.340000152587891,7.440000057220459,7.309999942779541,7.420000076293945,27601331
2025-09-22,7.329999923706055,7.349999904632568,7.260000228881836,7.340000152587891,19567202
2025-09-23,7.650000095367432,7.860000133514404,7.159999847412109,7.340000152587891,99868334
2025-09-24,7.710000038146973,7.769999980926514,7.5,7.53000020980835,67575690
2025-09-25,7.659999847412109,7.730000019073486,7.610000133514404,7.650000095367432,40821750
2025-09-26,7.599999904632568,7.849999904632568,7.599999904632568,7.670000076293945,53115500
2025-09-29,7.599999904632568,7.679999828338623,7.440000057220459,7.599999904632568,39571944
2025-09-30,8.0600004196167,8.149999618530273,7.53000020980835,7.579999923706055,123261167
2025-10-09,7.889999866485596,8.0,7.820000171661377,7.960000038146973,65314585
2025-10-10,7.800000190734863,7.989999771118164,7.760000228881836,7.849999904632568,52547307
2025-10-13,7.659999847412109,7.679999828338623,7.480000019073486,7.53000020980835,54543952
2025-10-14,7.570000171661377,7.760000228881836,7.559999942779541,7.639999866485596,44612584
2025-10-15,7.769999980926514,7.829999923706055,7.579999923706055,7.590000152587891,50436150
2025-10-16,7.699999809265137,7.849999904632568,7.679999828338623,7.739999771118164,40424346
2025-10-17,7.409999847412109,7.679999828338623,7.409999847412109,7.650000095367432,46178049
2025-10-20,7.510000228881836,7.519999980926514,7.429999828338623,7.489999771118164,22673660
2025-10-21,7.590000152587891,7.610000133514404,7.46999979019165,7.510000228881836,26038723
2025-10-22,7.579999923706055,7.639999866485596,7.550000190734863,7.570000171661377,21299201
2025-10-23,7.679999828338623,7.679999828338623,7.5,7.550000190734863,26380911
2025-10-24,7.71999979019165,7.769999980926514,7.659999847412109,7.699999809265137,29350642
2025-10-27,7.71999979019165,7.78000020980835,7.659999847412109,7.769999980926514,27222579
2025-10-28,7.659999847412109,7.739999771118164,7.650000095367432,7.699999809265137,23977848
2025-10-29,7.679999828338623,7.690000057220459,7.599999904632568,7.659999847412109,21442600
2025-10-30,7.71999979019165,7.78000020980835,7.650000095367432,7.670000076293945,39357686
2025-10-31,7.730000019073486,7.820000171661377,7.71999979019165,7.730000019073486,35893132
2025-11-03,7.789999961853027,7.800000190734863,7.679999828338623,7.75,31070944
2025-11-04,7.829999923706055,7.960000038146973,7.75,7.78000020980835,41616652
2025-11-05,7.840000152587891,7.860000133514404,7.730000019073486,7.760000228881836,31797466
2025-11-06,7.849999904632568,7.900000095367432,7.809999942779541,7.849999904632568,29573815
2025-11-07,7.820000171661377,7.840000152587891,7.760000228881836,7.800000190734863,26129841
2025-11-10,7.769999980926514,7.829999923706055,7.730000019073486,7.820000171661377,25470734
2025-11-11,7.849999904632568,7.869999885559082,7.730000019073486,7.769999980926514,33138852
2025-11-12,7.739999771118164,7.849999904632568,7.710000038146973,7.849999904632568,28811389
2025-11-13,7.900000095367432,7.920000076293945,7.679999828338623,7.730000019073486,44983536
2025-11-14,7.900000095367432,8.010000228881836,7.860000133514404,7.889999866485596,45111424
2025-11-17,8.119999885559082,8.1899995803833,7.909999847412109,7.980000019073486,79916458
2025-11-18,7.889999866485596,8.229999542236328,7.820000171661377,8.130000114440918,68333071
2025-11-19,7.909999847412109,8.020000457763672,7.800000190734863,7.849999904632568,45928873
2025-11-20,7.690000057220459,7.960000038146973,7.670000076293945,7.960000038146973,47383351
2025-11-21,7.349999904632568,7.639999866485596,7.349999904632568,7.579999923706055,47429700
2025-11-24,7.489999771118164,7.579999923706055,7.309999942779541,7.389999866485596,34571671
2025-11-25,7.449999809265137,7.53000020980835,7.440000057220459,7.519999980926514,30779127
2025-11-26,7.360000133514404,7.46999979019165,7.349999904632568,7.460000038146973,25803301
2025-11-27,7.329999923706055,7.420000076293945,7.300000190734863,7.349999904632568,17749800
2025-11-28,7.429999828338623,7.449999809265137,7.320000171661377,7.340000152587891,20485709
2025-12-01,7.460000038146973,7.46999979019165,7.409999847412109,7.429999828338623,16351241
2025-12-02,7.420000076293945,7.460000038146973,7.400000095367432,7.460000038146973,12304449
2025-12-03,7.369999885559082,7.440000057220459,7.329999923706055,7.420000076293945,18025800
2025-12-04,7.25,7.389999866485596,7.230000019073486,7.369999885559082,19810712
2025-12-05,7.369999885559082,7.369999885559082,7.210000038146973,7.28000020980835,17736804
2025-12-08,7.360000133514404,7.400000095367432,7.340000152587891,7.349999904632568,18232581
2025-12-09,7.25,7.349999904632568,7.239999771118164,7.329999923706055,19060200
2025-12-10,7.269999980926514,7.28000020980835,7.190000057220459,7.230000019073486,16794400
2025-12-11,7.099999904632568,7.28000020980835,7.099999904632568,7.28000020980835,23872886
2025-12-12,7.119999885559082,7.159999847412109,7.079999923706055,7.099999904632568,11748124
2025-12-15,7.099999904632568,7.150000095367432,7.070000171661377,7.090000152587891,10352187
2025-12-16,7.130000114440918,7.239999771118164,7.03000020980835,7.150000095367432,22911700
2025-12-17,7.130000114440918,7.150000095367432,7.050000190734863,7.059999942779541,15147866
2025-12-18,7.150000095367432,7.170000076293945,7.090000152587891,7.110000133514404,13777494
2025-12-19,7.21999979019165,7.239999771118164,7.139999866485596,7.170000076293945,14854919
2025-12-22,7.28000020980835,7.409999847412109,7.190000057220459,7.269999980926514,23299011
2025-12-23,7.179999828338623,7.269999980926514,7.159999847412109,7.269999980926514,15377500
2025-12-24,7.210000038146973,7.230000019073486,7.159999847412109,7.170000076293945,9807429
2025-12-25,7.190000057220459,7.230000019073486,7.170000076293945,7.230000019073486,11556007
2025-12-26,7.199999809265137,7.21999979019165,7.170000076293945,7.179999828338623,15275418
2025-12-29,7.199999809265137,7.230000019073486,7.159999847412109,7.190000057220459,14349912
2025-12-30,7.179999828338623,7.230000019073486,7.170000076293945,7.199999809265137,11504000
2025-12-31,7.179999828338623,7.230000019073486,7.150000095367432,7.21999979019165,12326290
2026-01-05,7.199999809265137,7.210000038146973,7.150000095367432,7.170000076293945,16313293
2026-01-06,7.309999942779541,7.309999942779541,7.199999809265137,7.199999809265137,24446045
2026-01-07,7.21999979019165,7.309999942779541,7.21999979019165,7.300000190734863,20202000
2026-01-08,7.239999771118164,7.260000228881836,7.190000057220459,7.21999979019165,16834700
2026-01-09,7.260000228881836,7.289999961853027,7.210000038146973,7.239999771118164,22003200
2026-01-12,7.380000114440918,7.389999866485596,7.230000019073486,7.25,35470646
2026-01-13,7.449999809265137,7.630000114440918,7.300000190734863,7.380000114440918,58418513
2026-01-14,7.369999885559082,7.5,7.320000171661377,7.360000133514404,41826484
2026-01-15,7.440000057220459,7.46999979019165,7.340000152587891,7.369999885559082,25482592
2026-01-16,7.340000152587891,7.46999979019165,7.300000190734863,7.460000038146973,26644774
2026-01-19,7.369999885559082,7.409999847412109,7.340000152587891,7.349999904632568,20355201
2026-01-20,7.309999942779541,7.389999866485596,7.28000020980835,7.360000133514404,18123624
2026-01-21,7.28000020980835,7.340000152587891,7.25,7.28000020980835,17340706
2026-01-22,7.349999904632568,7.369999885559082,7.289999961853027,7.300000190734863,18481785
2026-01-23,7.239999771118164,7.260000228881836,7.090000152587891,7.239999771118164,51101019
2026-01-26,7.119999885559082,7.25,7.090000152587891,7.230000019073486,32691134
2026-01-27,7.03000020980835,7.130000114440918,6.96999979019165,7.099999904632568,27985121
2026-01-28,6.949999809265137,7.03000020980835,6.909999847412109,7.03000020980835,21147002
2026-01-29,6.989999771118164,7.0,6.860000133514404,6.920000076293945,23271633
2026-01-30,6.929999828338623,7.0,6.880000114440918,6.96999979019165,18691355
2026-02-02,6.820000171661377,6.929999828338623,6.809999942779541,6.909999847412109,15737684
2026-02-03,6.869999885559082,6.880000114440918,6.820000171661377,6.860000133514404,10864704
2026-02-04,6.960000038146973,6.96999979019165,6.829999923706055,6.860000133514404,14028875
2026-02-05,6.920000076293945,6.960000038146973,6.900000095367432,6.929999828338623,13089568
2026-02-06,6.909999847412109,6.960000038146973,6.900000095367432,6.929999828338623,12817900
2026-02-09,6.949999809265137,6.960000038146973,6.920000076293945,6.940000057220459,11084765
2026-02-10,6.920000076293945,6.949999809265137,6.920000076293945,6.949999809265137,9783102
2026-02-11,6.909999847412109,6.949999809265137,6.900000095367432,6.929999828338623,9420237
2026-02-12,6.849999904632568,6.940000057220459,6.840000152587891,6.920000076293945,12457800
2026-02-13,6.869999885559082,6.940000057220459,6.829999923706055,6.849999904632568,16531800
2026-02-24,6.949999809265137,6.960000038146973,6.900000095367432,6.900000095367432,13495320
2026-02-25,6.960000038146973,7.0,6.940000057220459,6.949999809265137,16315984
2026-02-26,6.909999847412109,6.980000019073486,6.900000095367432,6.96999979019165,13535801
2026-02-27,6.940000057220459,6.960000038146973,6.880000114440918,6.900000095367432,10914541
2026-03-02,6.829999923706055,6.900000095367432,6.800000190734863,6.900000095367432,18266173
2026-03-03,6.690000057220459,6.849999904632568,6.659999847412109,6.829999923706055,22660709
2026-03-04,6.860000133514404,7.050000190734863,6.510000228881836,6.650000095367432,34679116
2026-03-05,6.78000020980835,6.929999828338623,6.760000228881836,6.880000114440918,20377111
2026-03-06,6.78000020980835,6.820000171661377,6.739999771118164,6.75,9788560
2026-03-09,6.710000038146973,6.75,6.670000076293945,6.75,13948410
2026-03-10,6.880000114440918,6.940000057220459,6.71999979019165,6.730000019073486,23425466
2026-03-11,6.989999771118164,7.010000228881836,6.869999885559082,6.929999828338623,23874025
2026-03-12,6.940000057220459,7.0,6.920000076293945,7.0,14044243
2026-03-13,6.900000095367432,6.980000019073486,6.889999866485596,6.900000095367432,14876023
2026-03-16,6.980000019073486,7.039999961853027,6.829999923706055,6.900000095367432,18648000
2026-03-17,6.949999809265137,7.119999885559082,6.940000057220459,7.0,19834201
2026-03-18,6.920000076293945,6.960000038146973,6.860000133514404,6.960000038146973,11813270
2026-03-19,6.739999771118164,6.889999866485596,6.730000019073486,6.869999885559082,15661491
2026-03-20,6.590000152587891,6.800000190734863,6.579999923706055,6.78000020980835,14683711
2026-03-23,6.21999979019165,6.550000190734863,6.179999828338623,6.5,22102163
2026-03-24,6.349999904632568,6.369999885559082,6.230000019073486,6.309999942779541,15079062
2026-03-25,6.460000038146973,6.480000019073486,6.360000133514404,6.360000133514404,12213057
2026-03-26,6.369999885559082,6.489999771118164,6.349999904632568,6.46999979019165,11517940
2026-03-27,6.389999866485596,6.389999866485596,6.289999961853027,6.300000190734863,11690539
2026-03-30,6.360000133514404,6.369999885559082,6.230000019073486,6.320000171661377,11202656
2026-03-31,6.369999885559082,6.480000019073486,6.349999904632568,6.369999885559082,12322810
2026-04-01,6.389999866485596,6.449999809265137,6.369999885559082,6.429999828338623,7978534
2026-04-02,6.289999961853027,6.400000095367432,6.269999980926514,6.389999866485596,9233200
2026-04-03,6.190000057220459,6.309999942779541,6.179999828338623,6.300000190734863,9811100
2026-04-07,6.210000038146973,6.239999771118164,6.170000076293945,6.190000057220459,5601400
2026-04-08,6.340000152587891,6.360000133514404,6.28000020980835,6.28000020980835,13456601
2026-04-09,6.25,6.329999923706055,6.25,6.300000190734863,9913681
2026-04-10,6.380000114440918,6.409999847412109,6.260000228881836,6.269999980926514,15783800
2026-04-13,6.400000095367432,6.429999828338623,6.320000171661377,6.340000152587891,11176400
2026-04-14,6.389999866485596,6.449999809265137,6.340000152587891,6.409999847412109,9033901
2026-04-15,6.360000133514404,6.440000057220459,6.349999904632568,6.400000095367432,7174000
2026-04-16,6.380000114440918,6.420000076293945,6.360000133514404,6.369999885559082,8627349
2026-04-17,6.389999866485596,6.400000095367432,6.320000171661377,6.389999866485596,8233297
2026-04-20,6.449999809265137,6.519999980926514,6.360000133514404,6.380000114440918,13580400
2026-04-21,6.369999885559082,6.46999979019165,6.349999904632568,6.460000038146973,10257901
2026-04-22,6.420000076293945,6.429999828338623,6.320000171661377,6.340000152587891,10808316
2026-04-23,6.289999961853027,6.440000057220459,6.269999980926514,6.369999885559082,19411660
2026-04-24,6.400000095367432,6.46999979019165,6.25,6.300000190734863,20288988
2026-04-27,6.550000190734863,6.639999866485596,6.389999866485596,6.389999866485596,24109411
2026-04-28,6.519999980926514,6.579999923706055,6.46999979019165,6.550000190734863,15178800
2026-04-29,6.730000019073486,6.800000190734863,6.579999923706055,6.599999904632568,29733842
2026-04-30,6.710000038146973,6.75,6.659999847412109,6.699999809265137,17373860
2026-05-06,6.809999942779541,6.849999904632568,6.699999809265137,6.71999979019165,22257500
2026-05-07,6.949999809265137,6.980000019073486,6.78000020980835,6.809999942779541,29029361
2026-05-08,6.889999866485596,6.980000019073486,6.849999904632568,6.960000038146973,18495943
2026-05-11,6.860000133514404,6.889999866485596,6.699999809265137,6.849999904632568,23054719
2026-05-12,6.71999979019165,6.840000152587891,6.710000038146973,6.829999923706055,15209284
2026-05-13,6.78000020980835,6.820000171661377,6.659999847412109,6.739999771118164,16802480
2026-05-14,6.650000095367432,6.800000190734863,6.650000095367432,6.800000190734863,14363300
2026-05-15,6.860000133514404,7.039999961853027,6.579999923706055,6.670000076293945,37989838
2026-05-18,6.579999923706055,6.840000152587891,6.539999961853027,6.840000152587891,28477740
2026-05-19,6.78000020980835,6.809999942779541,6.550000190734863,6.559999942779541,23748533
2026-05-20,6.710000038146973,6.800000190734863,6.619999885559082,6.769999980926514,17456391
2026-05-21,6.550000190734863,6.769999980926514,6.519999980926514,6.670000076293945,19034400
2026-05-22,6.5,6.590000152587891,6.46999979019165,6.579999923706055,13965672
2026-05-25,6.360000133514404,6.53000020980835,6.320000171661377,6.449999809265137,16429201
2026-05-26,6.349999904632568,6.460000038146973,6.260000228881836,6.349999904632568,14399500
2026-05-27,6.170000076293945,6.389999866485596,6.139999866485596,6.349999904632568,15793800
2026-05-28,6.079999923706055,6.179999828338623,6.010000228881836,6.159999847412109,14357843
2026-05-29,6.119999885559082,6.139999866485596,6.03000020980835,6.090000152587891,14295214
2026-06-01,6.210000038146973,6.21999979019165,6.050000190734863,6.119999885559082,16115600
2026-06-02,6.179999828338623,6.269999980926514,6.179999828338623,6.21999979019165,13624623
2026-06-03,6.099999904632568,6.210000038146973,6.099999904632568,6.159999847412109,11453570
2026-06-04,5.929999828338623,6.130000114440918,5.880000114440918,6.099999904632568,18287851
2026-06-05,5.96999979019165,6.090000152587891,5.900000095367432,6.0,14259703
2026-06-08,5.889999866485596,6.059999942779541,5.809999942779541,5.949999809265137,16692900
2026-06-09,5.820000171661377,5.909999847412109,5.769999980926514,5.880000114440918,10923402
2026-06-10,5.769999980926514,5.820000171661377,5.659999847412109,5.789999961853027,13909100
2026-06-11,5.639999866485596,5.769999980926514,5.570000171661377,5.75,13465710
2026-06-12,5.78000020980835,5.800000190734863,5.639999866485596,5.659999847412109,13332106
2026-06-15,5.829999923706055,5.989999771118164,5.800000190734863,5.820000171661377,14268282
2026-06-16,5.75,5.820000171661377,5.71999979019165,5.800000190734863,12509400
2026-06-17,5.659999847412109,5.760000228881836,5.630000114440918,5.760000228881836,11095911
2026-06-18,5.559999942779541,5.670000076293945,5.489999771118164,5.610000133514404,17809900
2026-06-22,5.539999961853027,5.550000190734863,5.329999923706055,5.519999980926514,17674075
2026-06-23,5.539999961853027,5.679999828338623,5.519999980926514,5.550000190734863,14388078
2026-06-24,5.429999828338623,5.619999885559082,5.400000095367432,5.599999904632568,12352015
2026-06-25,5.349999904632568,5.440000057220459,5.300000190734863,5.429999828338623,14491400
2026-06-26,5.190000057220459,5.369999885559082,5.190000057220459,5.349999904632568,16041502
2026-06-29,5.170000076293945,5.230000019073486,5.019999980926514,5.159999847412109,18626015
2026-06-30,5.130000114440918,5.21999979019165,5.090000152587891,5.190000057220459,12823100
2026-07-01,5.210000038146973,5.239999771118164,5.110000133514404,5.130000114440918,15476900
2026-07-02,5.190000057220459,5.340000152587891,5.179999828338623,5.230000019073486,16834225
2026-07-03,5.309999942779541,5.340000152587891,5.199999809265137,5.199999809265137,17737100
2026-07-06,5.369999885559082,5.369999885559082,5.269999980926514,5.309999942779541,12362000
2026-07-07,5.230000019073486,5.409999847412109,5.21999979019165,5.340000152587891,12084204
2026-07-08,5.21999979019165,5.300000190734863,5.170000076293945,5.260000228881836,12140100
2026-07-09,5.110000133514404,5.239999771118164,5.099999904632568,5.190000057220459,14606482
2026-07-10,5.269999980926514,5.329999923706055,5.070000171661377,5.099999904632568,20798500
2026-07-13,5.130000114440918,5.309999942779541,5.099999904632568,5.260000228881836,18660708
2026-07-14,5.230000019073486,5.25,5.099999904632568,5.099999904632568,13838500
2026-07-15,5.329999923706055,5.369999885559082,5.210000038146973,5.21999979019165,15149259
2026-07-16,5.349999904632568,5.400000095367432,5.25,5.329999923706055,15160098
2026-07-17,5.239999771118164,5.440000057220459,5.21999979019165,5.349999904632568,17445400
2026-07-20,5.28000020980835,5.340000152587891,5.199999809265137,5.260000228881836,21252844
2026-07-21,5.320000171661377,5.409999847412109,5.269999980926514,5.28000020980835,24487896
2026-07-22,5.230000019073486,5.329999923706055,5.150000095367432,5.329999923706055,22050860
2026-07-23,5.329999923706055,5.340000152587891,5.199999809265137,5.199999809265137,16495888
2026-07-24,5.329999923706055,5.440000057220459,5.300000190734863,5.360000133514404,22609822
2026-07-27,5.400000095367432,5.449999809265137,5.320000171661377,5.349999904632568,20282301
2026-07-28,5.489999771118164,5.5,5.360000133514404,5.380000114440918,18653618
2026-07-29,5.650000095367432,5.670000076293945,5.480000019073486,5.480000019073486,21009300
2026-07-30,5.75,5.760000228881836,5.610000133514404,5.639999866485596,21186661
2026-07-31,5.699999809265137,5.739999771118164,5.630000114440918,5.710000038146973,21169522
2026-08-03,5.75,5.760000228881836,5.650000095367432,5.690000057220459,11919200
2026-08-04,5.610000133514404,5.760000228881836,5.599999904632568,5.739999771118164,18895300
2026-08-05,5.590000152587891,5.650000095367432,5.550000190734863,5.599999904632568,13179001
2026-08-06,5.460000038146973,5.579999923706055,5.420000076293945,5.579999923706055,15773900
2026-08-07,5.400000095367432,5.5,5.329999923706055,5.46999979019165,14819740
2026-08-10,5.46999979019165,5.489999771118164,5.360000133514404,5.380000114440918,14340309
2026-08-11,5.409999847412109,5.460000038146973,5.369999885559082,5.460000038146973,14761479
2026-08-12,5.440000057220459,5.46999979019165,5.349999904632568,5.369999885559082,12288104
2026-08-13,5.389999866485596,5.460000038146973,5.380000114440918,5.449999809265137,10607400
2026-08-14,5.320000171661377,5.409999847412109,5.309999942779541,5.409999847412109,13059991
2026-08-17,5.380000114440918,5.400000095367432,5.25,5.300000190734863,12373000
2026-08-18,5.329999923706055,5.389999866485596,5.300000190734863,5.380000114440918,7647985
2026-08-19,5.269999980926514,5.380000114440918,5.239999771118164,5.380000114440918,5681399
