Date,Close,High,Low,Open,Volume
2021-08-24,40.6563606262207,41.162616200277725,39.729518333179115,40.51616604359434,52827690
2021-08-25,40.056636810302734,41.05357334375957,39.88528722945038,40.9523240197152,40738077
2021-08-26,38.63132858276367,40.446067879194864,38.53786652006543,40.446067879194864,76303507
2021-08-27,39.21547317504883,39.58153714369417,38.553445501346694,38.70921759254294,38614176
2021-08-30,37.73564147949219,39.21546875115344,37.08140114715721,39.21546875115344,107968202
2021-08-31,38.13285827636719,38.51449971651342,37.268326071450524,37.735642302513575,71044024
2021-09-01,39.558170318603516,39.68278739087736,37.85247061366768,38.07055271847592,82605536
2021-09-02,40.18904495239258,40.40712706808219,39.176530818259316,39.480284761388745,72620098
2021-09-03,40.50059127807617,40.75761568731777,39.26220769515231,40.26693461492379,64257332
2021-09-06,39.87750244140625,41.084730907012066,39.86192493571455,40.11894635186417,54742847
2021-09-07,41.13146209716797,41.34175396056378,39.293358080320466,39.94759844273898,77232009
2021-09-08,40.819915771484375,41.707812722457,40.703085974312124,41.061362632457964,55390668
2021-09-09,40.57847213745117,41.03021088659555,40.251353433123505,40.57847213745117,35780025
2021-09-10,42.15176773071289,42.463311924052576,40.30587625860519,40.50059063666608,107097799
2021-09-13,41.995994567871094,42.44773333963456,41.6688758471642,41.8012801947535,59283043
2021-09-14,40.57847213745117,42.75148514570346,40.34481549563064,42.29195912931074,63116569
2021-09-15,40.03327560424805,40.882230375100605,39.565959334240716,40.50058890314989,54233793
2021-09-16,39.488075256347656,40.3681850501547,39.10643377974284,39.90086877444846,62989614
2021-09-17,39.91644287109375,40.14231223650276,39.332299804687494,39.550378932058806,42016472
2021-09-22,38.48334884643555,38.927297382481356,37.46304445474654,37.914783229589254,112259622
2021-09-23,38.03939437866211,39.35566227505715,37.86025753863947,38.55344012819382,86102453
2021-09-24,37.98487854003906,38.4210397856215,37.69670211281596,37.73564439145064,53203933
2021-09-27,38.23411178588867,38.78709985431863,37.548716407900564,37.61102642912918,66790515
2021-09-28,39.26999282836914,39.706154088021066,38.234113921965886,38.24190118950185,70992547
2021-09-29,40.15789031982422,40.63299085828191,38.639117731073654,38.90392937716916,90460986
2021-09-30,39.293357849121094,40.056637772267386,39.02075596657258,40.03327300017377,58611808
2021-10-08,39.66720962524414,39.78403942959308,38.95844947425377,38.95844947425377,64555292
2021-10-11,41.27944564819336,42.19849769465289,40.06442693310141,40.06442693310141,97177865
2021-10-12,41.349544525146484,41.894745365824775,40.73424639107948,41.045790577497236,58937329
2021-10-13,41.30281066894531,41.590990071940766,40.539530705144095,41.240503616341876,44255673
2021-10-14,40.780975341796875,41.47415797625795,40.65635827235562,41.27165635258039,28899621
2021-10-15,41.52089309692383,41.62214242956342,40.77318766225202,40.851075192481105,42035759
2021-10-18,40.39155197143555,41.552048027036484,40.15010506759573,41.520895983884316,57794539
2021-10-19,41.185977935791016,41.52867410382005,40.5005826286279,40.695296968188615,48169257
2021-10-20,40.8121337890625,41.77791541579242,40.71866875078111,41.44300645638133,30570959
2021-10-21,41.86358642578125,42.05830078125,40.967899202182885,41.16261355765164,57658698
2021-10-22,42.28417205810547,42.68138805393146,41.848010812541,42.12839997246777,54715058
2021-10-25,42.51782989501953,42.78264155670859,41.35733094408957,41.92589951829984,62334126
2021-10-26,43.07081604003906,43.795153700328974,42.291958596381555,42.51782796810752,71542369
2021-10-27,42.46331024169922,42.992933566730166,41.92589964914084,42.992933566730166,42039441
2021-10-28,42.22964859008789,42.837156402865794,41.94146921690926,42.29195563624465,34623228
2021-10-29,42.034934997558594,42.64244282124458,41.82464314218148,42.22964934834054,40543943
2021-11-01,42.15176773071289,42.75927861061471,41.51310480836161,42.058305661153234,42501781
2021-11-02,40.6953010559082,42.43994302090238,40.24356231662115,42.330900484067165,75220649
2021-11-03,40.266929626464844,40.88222770772107,40.243561883270544,40.773185172060046,44437241
2021-11-04,40.305870056152344,40.578468955046574,39.93980613097567,40.5005844042497,48291475
2021-11-05,40.15789031982422,40.58626131380379,40.04884778346286,40.28250739027474,36197416
2021-11-08,39.955387115478516,40.422703374278605,39.56595838536448,39.97096462121573,38674906
2021-11-09,39.76846694946289,40.26693529827543,39.41019022403637,40.03327863115776,38788364
2021-11-10,39.43355178833008,39.83855800102188,38.974025794228346,39.7684607147655,55807106
2021-11-11,41.13924789428711,41.17819017031595,39.30114394311584,39.371241228409836,84973170
2021-11-12,40.8121337890625,41.41964168236376,40.69530397676354,41.1392525097307,34359656
2021-11-15,41.22492599487305,41.754549310492436,40.78876474344959,41.115886424793544,36695032
2021-11-16,40.8900146484375,41.57541001159697,40.625203006155786,41.20155880562961,32231509
2021-11-17,40.37596893310547,41.14703908927525,40.35260416116572,40.6719355857985,33938551
2021-11-18,40.04105758666992,40.500583557415574,39.721726181311425,40.34481148797372,34244267
2021-11-19,40.75761413574219,41.07694558981867,39.807407041175566,40.09558348238958,46466797
2021-11-22,40.25914001464844,40.76539853922445,40.18125545906998,40.57847144628867,37653834
2021-11-23,40.305870056152344,40.73424102774549,40.064423194913765,40.305870056152344,38914891
2021-11-24,40.2980842590332,40.42270132751562,39.85413279576526,40.181254457472384,31503965
2021-11-25,40.04884338378906,40.26692546144846,39.90865179465052,40.26692546144846,21566020
2021-11-26,39.020755767822266,40.072215073259024,38.849409154832976,39.87750071718985,82335731
2021-11-29,38.80267333984375,39.020752449341224,38.02381598180416,38.77151833245696,82724704
2021-11-30,38.545654296875,38.82604046706402,38.09391557565536,38.53786405900282,61004256
2021-12-01,38.93508529663086,39.09864464833377,38.38209424818399,38.5378663326605,50036103
2021-12-02,39.63605499267578,39.72172978720151,38.545656349807984,38.95065960757535,55607048
2021-12-03,39.91644287109375,39.93980764299631,39.30893503278494,39.77624829746782,49407647
2021-12-06,40.36039352416992,40.812132279167336,39.978755030842876,40.103372106168806,60471643
2021-12-07,40.37596893310547,40.9523247334966,39.799613132714335,40.7264553677281,54077371
2021-12-08,40.531742095947266,40.71866621867499,40.03327380719952,40.48500957971265,49097472
2021-12-09,41.38070297241211,41.933691126648746,40.344820992039494,40.6953074880718,84055721
2021-12-10,41.66107940673828,41.66107940673828,41.03020390714321,41.201553468513325,56426281
2021-12-13,40.82770538330078,42.214073640218366,40.81991811622439,41.71560535638049,64554566
2021-12-14,39.83856201171875,40.89001844031315,39.604902386603946,40.749823853686486,81062947
2021-12-15,39.72172927856445,39.986540925932424,39.550379691707136,39.72172927856445,37849327
2021-12-16,39.87750244140625,39.95538699875937,39.41797642236986,39.65163306553463,38365339
2021-12-17,39.5425910949707,40.03327209558641,39.45691630442293,39.79182522868863,47644905
2021-12-20,39.48028564453125,39.95538919537902,39.24662898852078,39.69057752627234,47082627
2021-12-21,39.43355178833008,39.71394093335557,39.176527415021624,39.449129293176526,35694442
2021-12-22,38.95065689086914,39.527012668594026,38.849407569041865,39.43355061340532,43682819
2021-12-23,39.114227294921875,39.14537933902738,38.69364350288694,39.02855248864375,42370871
2021-12-24,38.833831787109375,39.114220936217144,38.81825428203613,39.114220936217144,34465068
2021-12-27,38.42103958129883,38.98960516543662,38.16401519568708,38.84162034786426,73594333
2021-12-28,38.654693603515625,38.78709793541804,38.31978468374398,38.4210369776786,65322073
2021-12-29,37.08919143676758,38.72479388646615,37.08140416944904,38.68584863655716,143890268
2021-12-30,37.77458953857422,37.99266869237301,37.12034910607221,37.299485978279165,96791651
2021-12-31,37.938140869140625,38.070548163837564,37.64217721483924,37.80573654554869,49293501
2022-01-04,37.65775680541992,37.93814596492896,37.003516423600644,37.93814596492896,71960645
2022-01-05,38.20295715332031,38.693638176482644,37.69670159580205,37.766798884825235,83717375
2022-01-06,37.501991271972656,38.46777294571479,37.463046018573536,38.02382439113716,68186664
2022-01-07,38.20295715332031,38.2730544423435,37.41631243970929,37.49419699591044,66073705
2022-01-10,38.34315490722656,38.9428755471859,38.09392074141302,38.53008201713953,57093634
2022-01-11,38.82604217529297,39.02075653519134,38.07833974634851,38.545655992767806,71561748
2022-01-12,38.755943298339844,39.02075493579163,38.31199481365674,38.8416180885603,51841118
2022-01-13,38.4288215637207,38.98180956621818,38.257471996877264,38.8260375028246,40140754
2022-01-14,37.40073776245117,38.53008173939995,37.38516025581191,38.53008173939995,66657098
2022-01-17,37.83689498901367,38.04718387839283,37.29948146629614,37.673332672344486,53180761
2022-01-18,38.17180252075195,38.42882690675303,37.60323693575291,37.89141633298541,57907708
2022-01-19,38.70921325683594,38.927292377420954,38.249687273385234,38.53007641191179,62028026
2022-01-20,40.00990676879883,40.41491300332191,38.84941082068375,38.84941082068375,138624871
2022-01-21,40.36039352416992,40.500588105299784,39.885289996019345,40.0254845771492,85808094
2022-01-24,40.383758544921875,40.500588353614866,39.74509565857254,40.46164607441902,63815520
2022-01-25,39.64384460449219,40.33702724582034,39.48807252337112,40.15010015425399,58351289
2022-01-26,39.72172927856445,40.10337072989975,39.41018511538848,39.9164436377731,43669628
2022-01-27,39.5425910949707,39.86192251449087,39.036332589609465,39.643843390263996,52940057
2022-01-28,38.327571868896484,39.87749939926962,38.28084232649164,39.76066960104713,71514411
2022-02-07,39.994327545166016,40.11115734724087,39.04412350797132,39.17652784395789,73234913
2022-02-08,40.27471923828125,40.50058861864284,39.713943877759455,40.1501021613758,52824176
2022-02-09,40.204620361328125,40.765398670840675,39.939808711958904,40.422702465641535,51220706
2022-02-10,40.27471923828125,40.422704059741484,39.7217311452074,40.422704059741484,33554247
2022-02-11,41.0925178527832,41.27944494851569,40.22798857694848,40.36039291763389,80993265
2022-02-14,39.87750244140625,41.271658004207126,39.7217303555946,41.271658004207126,59405166
2022-02-15,39.114227294921875,40.01770193830853,38.90393539890441,39.68279295255172,56617903
2022-02-16,39.77625274658203,40.002122137255334,39.12201232018372,39.37903672428209,40495579
2022-02-17,40.08000183105469,40.48500804306618,39.659418114222916,39.932019991919915,44157043
2022-02-18,40.54731750488281,40.58625978084549,39.91644193830874,39.91644193830874,35439010
2022-02-21,40.31365966796875,40.414911966779,39.72951658969515,40.36818242202453,31345076
2022-02-22,39.8930778503418,39.994327175358166,39.519226646706485,39.78403828733632,36983993
2022-02-23,39.589324951171875,40.08000299731493,39.4491303748152,40.08000299731493,37499974
2022-02-24,38.95845413208008,39.394615419876985,38.826046806580464,39.37124767355017,48238083
2022-02-25,38.79488754272461,39.33229807052602,38.59238295814658,38.97402438532508,45184050
2022-02-28,38.787105560302734,38.89614514238833,38.40546702300316,38.62354618717435,33528964
2022-03-01,39.12979507446289,39.33229668078069,38.444399765739874,38.94286800077296,40645436
2022-03-02,38.53008270263672,39.12201311419864,38.50671495654085,38.78710414084595,39707598
2022-03-03,38.73257827758789,38.9195053615118,38.51449915559766,38.615751449852496,31128967
2022-03-04,37.93035888671875,38.467769464386166,37.77458680053669,38.35872989539035,57789720
2022-03-07,36.41937255859375,37.58765871767887,36.21687093163868,37.39294435783135,101435369
2022-03-08,35.42243194580078,36.42715864105618,35.204352838404574,36.26359931050902,83466464
2022-03-09,34.573482513427734,35.617151638917555,33.498658376166766,35.51589933621405,90043112
2022-03-10,34.8149299621582,35.59378744242525,34.76041017622795,35.51589991173525,67149583
2022-03-11,34.62021255493164,34.88502419383528,33.568753266150175,34.65915483130757,74052488
2022-03-14,32.8288459777832,34.2541537083597,32.789900724517466,33.880302451632986,108046557
2022-03-15,30.72592544555664,32.408257333781755,30.515633588140346,32.408257333781755,131309249
2022-03-16,33.163753509521484,33.3351001377922,31.084202456264457,31.201032268767474,137744932
2022-03-17,34.66694641113281,35.18099224812226,34.01270598486391,34.38656020367952,131964759
2022-03-18,35.9598503112793,35.9598503112793,34.28530842412611,34.73704424124122,92358531
2022-03-21,34.900604248046875,35.741768769412694,34.7370419215516,35.741768769412694,79103220
2022-03-22,35.46138000488281,35.71840439862513,34.9083919088442,35.07974150467241,54903830
2022-03-23,35.64051818847656,35.80408052287412,35.28224444856876,35.585998400712576,46995984
2022-03-24,35.64830780029297,35.89754196028867,35.32897634710438,35.515900481548385,38033234
2022-03-25,35.18878173828125,35.78850236385899,35.04858715198487,35.60157525842863,31825936
2022-03-28,35.087528228759766,35.43801468247789,34.46444285054169,34.92396887405979,38645874
2022-03-29,35.05636978149414,35.47695348473803,34.978485231014226,35.16541231171323,34962089
2022-03-30,36.00658416748047,36.0611039582731,35.321188691808544,35.32897893112507,52072269
2022-03-31,36.450523376464844,36.699757490712756,35.68724353019248,35.81965082463325,61588490
2022-04-01,36.68418502807617,36.972364426297794,36.04552215116704,36.20908447514068,47613944
2022-04-06,36.910057067871094,37.174868741150945,36.12341228698115,36.13898979377475,47826855
2022-04-07,36.497257232666016,37.06582276245054,36.279178117434995,36.8788956843203,37720107
2022-04-08,36.74649429321289,36.74649429321289,36.29475555143577,36.37264307817597,36423474
2022-04-11,35.74955749511719,36.50504718756458,35.508110620397936,36.38043011666875,49261173
2022-04-12,35.593788146972656,36.18571853640593,35.13426210567496,35.983216894814575,58884049
2022-04-13,35.632728576660156,35.90532749754763,35.29003236595798,35.59378629811986,44822252
2022-04-14,35.64051818847656,36.16235426278192,35.63273092069839,35.8352325650924,32661329
2022-04-15,36.47389602661133,36.60630036776841,35.4302269185584,35.593786270966106,42315903
2022-04-18,33.794620513916016,35.79628369965427,33.319517046986576,35.79628369965427,236677506
2022-04-19,32.78989791870117,33.296156456778576,32.24470007290142,32.712013361045614,250477022
2022-04-20,32.011043548583984,32.69643901233259,31.85527441823242,32.55624441813161,131826851
2022-04-21,32.1512336730957,32.78989652628801,31.621610384433016,31.699497909886528,114350098
2022-04-22,33.1014404296875,33.46750436872244,31.66055538766086,31.668342654593285,119533984
2022-04-25,30.2430362701416,31.89421323553581,30.157361475093317,31.450264725835975,236874515
2022-04-26,29.91591453552246,30.50005762301986,29.285038931427334,30.266400982241976,145471877
2022-04-27,29.62773895263672,30.0872649800337,29.29283000193525,29.464179596556132,154620795
2022-04-28,30.858327865600586,31.21660451033539,29.557637496555802,29.64331228179445,156452310
2022-04-29,31.099777221679688,31.31785634995223,30.157360450381585,30.45332413272138,123692861
2022-05-05,30.577938079833984,31.29448838273396,30.39101398071572,30.889482206504407,94425132
2022-05-06,29.526485443115234,30.18072581181558,29.51869817599854,30.141783534021403,88945545
2022-05-09,28.40493392944336,29.45639036428687,28.15569976753815,29.4408128577796,125240592
2022-05-10,28.802146911621094,28.94234148430864,27.462511204209097,28.023289494959283,121763735
2022-05-11,28.981285095214844,29.25388698626018,28.5061815738006,28.685321402453013,87239856
2022-05-12,28.51396942138672,28.864455839855342,28.37377485399927,28.661951255360073,63002311
2022-05-13,28.934553146362305,29.28503659400212,28.739838799404563,28.802145845456362,70130077
2022-05-16,28.73204803466797,28.918975111604812,28.381561622352066,28.918975111604812,64474236
2022-05-17,30.063894271850586,30.08726201406244,29.09811276544247,29.09811276544247,118395443
2022-05-18,29.986013412475586,30.43775218352146,29.518700106177924,30.375442158092152,88775539
2022-05-19,29.61994743347168,29.791297020684226,29.222731447148906,29.510907867465637,54201095
2022-05-20,31.123146057128906,31.294495663774683,30.180729162788484,30.180729162788484,133887244
2022-05-23,30.757083892822266,31.19324219004603,30.725928879847547,31.13093513520216,61808829
2022-05-24,30.297555923461914,31.021893587977296,30.250823406971918,30.842753760318327,68742972
2022-05-25,30.204092025756836,30.453326180860643,30.095052454287103,30.359864115473087,48902540
2022-05-26,29.931493759155273,30.37544229344799,29.658894824451167,30.37544229344799,61542963
2022-05-27,30.46889877319336,30.694768118300477,30.165144881341377,30.297552176133657,60839589
2022-05-30,30.42995834350586,30.764867262789192,30.21187922252329,30.764867262789192,47153667
2022-05-31,30.91284942626953,30.95958194030561,30.219666809146442,30.414381160972265,64540394
2022-06-01,30.91284942626953,30.92063966416149,30.58573074133266,30.92063966416149,43383408
2022-06-02,30.31313133239746,30.7103503062589,30.17293972109365,30.609098003162096,54728121
2022-06-06,30.352079391479492,30.398808942536444,29.67447119009626,30.258614347154104,69870287
2022-06-07,30.64804458618164,30.764874411630185,30.118421194065107,30.344290605342486,62272629
2022-06-08,30.788232803344727,30.84275258495271,30.391016827185805,30.65582846832684,59693086
2022-06-09,31.380168914794922,31.621612834645937,30.69477349322238,30.764870786009407,90860722
2022-06-10,31.247758865356445,31.278913875228554,30.764868096759816,31.08419952018577,79539375
2022-06-13,30.0405330657959,30.811603285979647,29.861396200140295,30.811603285979647,97131216
2022-06-14,30.562368392944336,30.609097939580053,29.682258621004394,29.752355912063425,59836244
2022-06-15,31.528148651123047,32.01103942950868,30.523421845669528,30.523421845669528,139489478
2022-06-16,31.123146057128906,31.917581090978857,31.123146057128906,31.839696526742966,63688339
2022-06-17,31.037466049194336,31.286700178282427,30.58573030438662,31.02967878251885,55073077
2022-06-20,30.920644760131836,31.23218599173451,30.6869880936534,31.068626622310177,61420616
2022-06-21,31.41132164001465,31.660555780418036,30.725926268352666,30.95179563656365,58391388
2022-06-22,30.616886138916016,31.52036062399979,30.609095900925276,31.465840842485658,73071187
2022-06-23,31.263338088989258,31.317857873710032,30.624675207026964,30.624675207026964,61602983
2022-06-24,31.310070037841797,31.61382396751499,30.88948630239951,31.364589821572608,63995033
2022-06-27,32.12786865234375,32.21354344412684,31.27112667672336,31.411321250349282,89340811
2022-06-28,32.1512336730957,32.26027323762532,31.855269989688253,32.01103909838468,49916367
2022-06-29,31.940940856933594,32.486141634401505,31.925366323413414,32.14344544595849,62280411
2022-06-30,32.86778259277344,33.25721128943875,31.901998117757184,31.964308135354116,83262823
2022-07-01,32.22911834716797,33.00797570616407,32.096711051164014,33.00797570616407,69574815
2022-07-04,31.97209930419922,32.22133346279566,31.777384932101654,32.15123616999632,48691785
2022-07-05,31.917577743530273,32.45498831104907,31.746228154855284,32.29142896064405,53453841
2022-07-06,30.998525619506836,32.003252433469335,30.84275353677457,31.902000134027556,88526638
2022-07-07,30.95958137512207,31.28670005408722,30.80380930228407,30.998523650555278,50812921
2022-07-08,31.006315231323242,31.32564665747545,30.866120656807123,31.310069152406403,48036145
2022-07-11,30.7181396484375,30.912854029256692,30.53121550667025,30.827182197425007,40375487
2022-07-12,30.609100341796875,30.998529106886163,30.398808452115976,30.65583286320564,58062988
2022-07-13,29.518699645996094,30.570156054326922,29.355137317346777,30.42996147040208,141083081
2022-07-14,28.4127197265625,28.965707808974106,27.649439773845334,28.95013030327309,232523374
2022-07-15,28.34119415283203,29.22711061103022,28.333067844244283,28.52813025496141,138245173
2022-07-18,28.958900451660156,29.129580844584012,28.454982481416472,28.56877251049365,90308021
2022-07-19,29.02391815185547,29.137705072343877,28.60940821286755,28.85323777112286,53781384
2022-07-20,29.13770866394043,29.35715622355825,29.02392172942632,29.2108578504797,46968871
2022-07-21,28.82072639465332,29.121452514219985,28.747577216983192,28.885749263898347,46624082
2022-07-22,28.9263858795166,29.30025806172037,28.650044896917965,28.89387444616125,51033274
2022-07-25,29.13770866394043,29.243369289044143,28.625667458626946,28.755710112423273,40464861
2022-07-26,29.527835845947266,29.544088462632523,29.088940784380743,29.137704835358562,45628522
2022-07-27,29.30025863647461,29.544088190500858,29.18647171795976,29.446556988982557,44247135
2022-07-28,29.080810546875,29.544087620728646,29.056428522080893,29.340895812881925,57066760
2022-07-29,28.503746032714844,29.405918139043344,28.454978883562184,29.12145085347169,64970631
2022-08-01,28.056726455688477,28.454980680640595,27.99983299498103,28.438728063690817,70588273
2022-08-02,27.560937881469727,27.804767441314002,27.089534479165597,27.796641132852326,81160751
2022-08-03,26.870088577270508,28.03234608693413,26.780683676456192,27.55281324658018,100320625
2022-08-04,27.357744216918945,27.390255649491746,27.008254067913477,27.08953264934548,59307271
2022-08-05,27.877918243408203,27.91042968007109,27.32523622198412,27.47966399590221,48871948
2022-08-08,27.560937881469727,28.032344384234925,27.325234630087127,27.788511723929577,57211197
2022-08-09,27.30898094177246,27.593451366444626,27.14642995677271,27.593451366444626,49867119
2022-08-10,26.943235397338867,27.39025676175451,26.84570109565979,27.27646984358991,52960480
2022-08-11,27.926685333251953,27.959196769838996,26.967619657162953,27.195193512349753,82668809
2022-08-12,27.934810638427734,27.99170410018017,27.65846963828973,27.764130253170443,40200050
2022-08-15,27.414640426635742,27.902302662815636,27.25208634790911,27.71536345698025,45918083
2022-08-16,27.560937881469727,27.934810079928358,27.43089524285537,27.52030013823919,47915454
2022-08-17,27.82915496826172,27.902304152571215,27.260217212572456,27.63408944328262,45395476
2022-08-18,27.40651512145996,27.772257936410938,27.178938162724954,27.73974959984418,50734443
2022-08-19,27.51217269897461,27.756005376736486,27.19519393843772,27.21144965698593,42844967
2022-08-22,27.32523536682129,27.73161901100556,27.227704160346185,27.260215595991603,52563482
2022-08-23,26.902597427368164,27.308981093041165,26.837577653100368,27.300854783930685,53965720
2022-08-24,26.691280364990234,27.178939543337417,26.658768926310703,26.935109954163824,58965852
2022-08-25,27.382129669189453,27.44715254247551,26.488086864734857,26.74004584802647,65073875
2022-08-26,27.3902587890625,27.666599796684803,27.08953575444627,27.390258789062504,54968310
2022-08-29,27.048892974853516,27.487788032130634,26.91072403115201,27.073278100565126,38901392
2022-08-30,27.463409423828125,27.52842919940642,26.886345351052224,26.91072737933641,59087736
2022-08-31,28.487489700317383,28.64191745239769,27.20331913834168,27.26021259422575,166545105
2022-09-01,28.04047203063965,28.479367119577745,28.032345721790225,28.33306875659838,60742108
2022-09-02,27.89417266845703,28.3655791768289,27.731618593140485,28.12174651362353,47663498
2022-09-05,27.821025848388672,27.95106849957533,27.276473215438717,27.837281567344675,46737206
2022-09-06,27.32523536682129,28.243663270806863,27.227704160346185,27.8941730887715,87756101
2022-09-07,27.130172729492188,27.211448217472395,26.87008744740217,27.105787602729226,62522016
2022-09-08,27.06515121459961,27.252087326687775,27.02451346857371,27.122044679128127,41667222
2022-09-09,28.04047203063965,28.251790165798056,27.13017351690455,27.187066980234164,135166615
2022-09-13,28.7313232421875,28.975155916183414,27.86979187566758,27.999834521583487,143861057
2022-09-14,28.333070755004883,28.690687278366298,28.211154410435924,28.36558219361813,56078636
2022-09-15,29.267751693725586,29.308392542683944,28.568774358379297,28.568774358379297,134095049
2022-09-16,28.406217575073242,29.25962261457271,28.381832447914164,29.00766363700342,86516134
2022-09-19,28.52000617980957,28.706942296578145,28.243665159268776,28.357452091174746,44998129
2022-09-20,28.07298469543457,28.601281606679485,27.918556916386798,28.528132421988794,50434551
2022-09-21,27.96731948852539,28.349321068231582,27.520298144453097,27.999830920938862,53038925
2022-09-22,27.772254943847656,27.837277810897284,27.56093682685826,27.634086002058616,38514551
2022-09-23,27.926685333251953,28.170514906732276,27.634088604891073,27.634088604891073,36643717
2022-09-26,27.59345054626465,28.056727660758483,27.504045646895452,27.65034400941574,52549140
2022-09-27,27.552810668945312,27.6747238946367,27.178935382293204,27.544681260289305,47541362
2022-09-28,27.365873336791992,27.63408803238652,27.16268151302444,27.463407644532463,48729860
2022-09-29,26.943235397338867,27.894171585252458,26.821319070470516,27.625960006787466,61785902
2022-09-30,27.349620819091797,27.59345038841032,26.91885204281917,27.032638968470405,53971707
2022-10-10,25.84600067138672,26.89447127920838,25.398979256563468,26.813195785771907,127799132
2022-10-11,25.520891189575195,26.0654453058757,25.44774201348778,25.83787146936417,61866447
2022-10-12,25.155147552490234,25.439614855967818,24.423655771460627,25.398977112679745,117369975
2022-10-13,24.293615341186523,24.838169521996836,24.139190662468724,24.765020337243907,135038091
2022-10-14,25.260807037353516,25.374593960646237,24.46429547384336,24.62684799994288,126919692
2022-10-17,25.2120418548584,25.342084497998187,24.82191392543903,24.95195656857882,64630961
2022-10-18,25.033233642578125,25.504638641359445,24.951958148143614,25.439617315673424,56281382
2022-10-19,24.594337463378906,25.252678509640024,24.55369817025753,24.96820965871246,52827518
2022-10-20,24.439912796020508,24.74876524235856,24.28548657285148,24.383019332282082,55115404
2022-10-21,24.041656494140625,24.602466361056553,23.976635172630846,24.504933603676598,72871094
2022-10-24,22.773740768432617,23.96850817547002,22.75748504991304,23.887231133102773,145145835
2022-10-25,22.911909103393555,23.139482940171618,22.60305668172262,22.77373860953666,86028249
2022-10-26,22.700590133666992,23.017568873375378,22.562419635547595,22.741227877136588,75402189
2022-10-27,22.70871925354004,23.115102911726787,22.676207816774397,22.920038941824824,76286564
2022-10-28,22.091014862060547,22.75748378192283,21.93658864519009,22.432377180798614,94946422
2022-10-31,21.798418045043945,22.05037546597026,21.37577869042329,21.863439364967853,95303253
2022-11-01,22.911909103393555,22.960674704098786,21.952843504884587,22.025992681057676,105901901
2022-11-02,23.098848342895508,23.326423760888773,22.635571197543783,22.887528644094058,72836102
2022-11-03,22.79812240600586,23.066335556068374,22.65995190141422,23.04195352893672,50172213
2022-11-04,23.635272979736328,23.773443482498536,22.749356500301698,22.798122104149947,92682957
2022-11-07,23.700292587280273,23.919740114069835,23.26139908393163,23.40769588489419,54538019
2022-11-08,23.692167282104492,23.87910339533883,23.521486887472438,23.73280657861021,43978188
2022-11-09,23.716548919677734,24.017271938063622,23.570250564687615,23.692165343769208,46305956
2022-11-10,23.72467803955078,23.814081388840474,23.38331570983672,23.570251817714976,40004562
2022-11-11,25.39084815979004,25.84599737597064,24.147313735858763,24.464294010721915,168871688
2022-11-14,26.935108184814453,27.38212958567841,26.276768647337786,26.414937601957398,204968536
2022-11-15,27.048892974853516,27.49591744085484,26.618127326300595,26.943235465126833,91330506
2022-11-16,27.130172729492188,27.211448217472395,26.707533370980627,27.032638423362588,61459443
2022-11-17,26.260513305664062,27.065151218666127,26.008554319527576,27.065151218666127,103715191
2022-11-18,26.065444946289062,26.561233455101785,25.870380996157124,26.244254729916197,56273194
2022-11-21,25.90289306640625,25.984168551619724,25.236422615949994,25.68344553577665,47910404
2022-11-22,26.374298095703125,26.723788264063973,25.845998138749927,26.06544567007844,65416650
2022-11-23,26.187360763549805,26.78068046080312,26.130467306310507,26.276765653628953,57764427
2022-11-24,26.187360763549805,26.715657595123414,26.07357384907121,26.49621007414574,40630100
2022-11-25,26.83757781982422,27.00013190719552,26.15485313323381,26.17923516117804,83012155
2022-11-28,25.976043701171875,26.097960043571458,25.561533717843776,26.089830633832083,80937686
2022-11-29,28.333070755004883,28.373708503040724,26.61813112392404,26.650642562537286,175318695
2022-11-30,28.414342880249023,28.80447079594234,27.796641122183203,27.902301734910896,87332461
2022-12-01,28.446853637695312,29.666004507882253,28.32493731049222,29.178345399991876,83139723
2022-12-02,27.951066970825195,28.446855520251948,27.764130863747454,28.446855520251948,59846240
2022-12-05,29.340896606445312,29.34089660644531,28.12987513518331,28.42247184247,105060439
2022-12-06,29.13770866394043,29.243369289044143,28.788218450526283,29.186475821787088,65110353
2022-12-07,28.706941604614258,29.21898588630996,28.690685886096475,29.09706954765722,56460628
2022-12-08,28.81260108947754,29.072686374591658,28.57689783094876,28.650047011165928,44355151
2022-12-09,29.86919593811035,30.015494288701237,28.95889750145891,29.09706644342755,95816291
2022-12-12,29.088945388793945,29.74728498488956,28.999540480568243,29.592860298247945,60626240
2022-12-13,29.373409271240234,29.470940477601367,28.94264360105586,29.04017480741699,38290398
2022-12-14,29.99924087524414,30.104901492219227,29.275878475372558,29.373409683101226,64436167
2022-12-15,29.527835845947266,30.039876983980516,29.43843095187323,29.763535993415783,40340341
2022-12-16,30.145540237426758,30.234945139337043,29.503453305944987,29.503453305944987,60782001
2022-12-19,29.666006088256836,30.348730735950237,29.46281426573453,30.153665222125912,54784253
2022-12-20,29.03204917907715,29.706644431203255,28.690685298122016,29.45468855049429,70291116
2022-12-21,29.21898651123047,29.446560374424106,29.023920985306383,29.251497948961376,33049776
2022-12-22,29.666006088256836,29.950473399603606,29.46281426573453,29.690388114811945,35971483
2022-12-23,29.56034278869629,29.909832939742095,29.38153610942372,29.495323023631958,33058360
2022-12-26,29.21898651123047,29.909837510474787,29.17021935463411,29.544091587155474,36047352
2022-12-27,29.80417251586914,30.056131470629772,29.52783463707869,29.625365835502432,36790747
2022-12-28,30.340606689453125,30.495031369917992,29.731031176436147,29.804177261555253,52885997
2022-12-29,30.25932502746582,30.332474205632984,29.787921624080486,29.991113441160266,51362913
2022-12-30,30.283708572387695,30.584434709082064,30.22681510878849,30.348731445336067,52322805
2023-01-03,30.543798446655273,30.70634943599577,29.69039025031077,30.137414772381277,60626616
2023-01-04,31.4134578704834,31.559756234780423,30.503156248088306,30.706348076227368,83645411
2023-01-05,31.291540145874023,31.917371320846836,31.210264658406846,31.689797475569854,61908519
2023-01-06,31.19400978088379,31.64103117491388,30.79575244046279,31.421583632289394,59000699
2023-01-09,31.535371780395508,31.77920135927609,31.218393017804623,31.218393017804623,49914886
2023-01-10,31.088346481323242,31.535367836779496,31.015197306760516,31.519112120158788,54197159
2023-01-11,31.63290023803711,31.84422146167523,30.998942768044827,31.194008274444553,54170698
2023-01-12,31.738567352294922,31.81984595513886,31.478482024117667,31.787334514001284,30434871
2023-01-13,32.234352111816406,32.234352111816406,31.673543771534515,31.75481926416854,46376708
2023-01-16,32.892696380615234,33.437249029044914,32.3481406317241,32.51069472544361,88046855
2023-01-17,33.06337356567383,33.274691696618056,32.73826540987839,32.876437461252856,43204705
2023-01-18,32.819541931152344,33.28281900867077,32.697625605295514,33.03898945741807,29467472
2023-01-19,33.03899002075195,33.16090324822652,32.445667198623894,32.673244137406236,47249021
2023-01-20,33.364097595214844,33.40473534079288,33.06337455738385,33.30720413131334,41340273
2023-01-30,34.16061019897461,34.64827246169427,34.014311830204846,34.58324958648045,100700740
2023-01-31,33.494136810302734,34.4206909565981,33.494136810302734,34.4206909565981,64231185
2023-02-01,32.9495849609375,33.88426543537602,32.47005216084783,33.8436276930893,91679130
2023-02-02,32.535072326660156,33.12026574422716,32.1449444151025,33.07962800144302,72723293
2023-02-03,31.941755294799805,32.34001264878133,31.70605202612628,32.34001264878133,63816364
2023-02-06,31.169626235961914,31.48660810281873,30.78762769463316,31.470352383970074,73100066
2023-02-07,31.2183895111084,31.649155155425802,31.01519770145514,31.29153868660201,42657086
2023-02-08,31.28341293334961,31.632899999728618,31.17775232232655,31.291539241677068,31706528
2023-02-09,31.28341293334961,31.608517974285228,31.145240888094683,31.226516373213332,49817481
2023-02-10,31.015201568603516,31.202137684737437,30.803883424418622,31.128988500123175,41102639
2023-02-13,30.65757942199707,30.868897527353205,30.129279507915562,30.803877764343927,82518134
2023-02-14,30.88515853881836,30.933925694782566,30.48690118293062,30.706348734077583,48607663
2023-02-15,30.210559844970703,30.958307392818227,30.07239088856896,30.885158209881634,77104778
2023-02-16,30.291837692260742,30.76324111478666,30.088645866930683,30.234944229205222,65415231
2023-02-17,29.836685180664062,30.381240853639266,29.81230315516672,30.194304757083906,57581280
2023-02-20,31.28341293334961,31.299665550004526,29.926090008548822,29.926090008548822,108022830
2023-02-21,31.445968627929688,31.551629254826867,30.990820882147663,31.234650474596815,53046540
2023-02-22,31.015201568603516,31.372818082016927,30.998945849749084,31.259031150497268,38309139
2023-02-23,31.104604721069336,31.510988368169073,31.015199822633605,31.015199822633605,37063824
2023-02-24,30.44626235961914,31.08834927169423,30.39749830584106,31.023326399375193,53369015
2023-02-27,30.202430725097656,30.543794580518984,30.1455372659376,30.291835618195172,44933367
2023-02-28,30.32434844970703,30.46251739961761,29.950473143117254,30.21055842568163,37822552
2023-03-01,31.088346481323242,31.161495655885968,30.234941511732043,30.275579253053355,57119401
2023-03-02,31.088346481323242,31.291538288390715,30.698218583809005,30.917666107497187,34907009
2023-03-03,31.088346481323242,31.510985812078896,30.80387919161315,31.291538288390715,35711390
2023-03-06,30.0723876953125,31.072091022317576,29.9992385201433,30.90141064707643,81051939
2023-03-07,29.714773178100586,30.46251759515767,29.592856844664205,29.98298477101501,73741149
2023-03-08,29.25962257385254,29.519707859805443,29.09706849501668,29.46281439728207,61658357
2023-03-09,28.91826057434082,29.32464420399399,28.853237705375015,29.259621335028182,53999602
2023-03-10,28.471237182617188,28.983281443555384,28.40621741164314,28.48749290047599,55845366
2023-03-13,28.487489700317383,28.755704364165823,28.211148728682996,28.381829096335196,58420463
2023-03-14,28.105493545532227,28.38996084843799,27.910428037496082,28.186769031944998,62666750
2023-03-15,28.34932518005371,29.023920447942775,28.34932518005371,28.568772729982335,67638378
2023-03-16,28.162389755249023,28.568773427905075,27.80477013901642,28.04047341326766,40389489
2023-03-17,27.926685333251953,28.747578954076655,27.650344323184594,28.463111635093156,83271578
2023-03-20,27.731618881225586,28.37370578014254,27.650343392953552,27.991704164249466,52072515
2023-03-21,27.821025848388672,28.040473403602668,27.642216040334002,27.80477012943267,36747539
2023-03-22,28.07298469543457,28.22740937402099,27.861663450567523,28.056728976563154,45986740
2023-03-23,28.609413146972656,28.723200087085257,27.894176965671402,27.95919984599951,54214633
2023-03-24,27.98357582092285,28.430597174838432,27.821021755736936,28.430597174838432,67871839
2023-03-27,27.80476951599121,28.121748277486528,27.674726867673613,28.121748277486528,44983610
2023-03-28,27.959197998046875,28.219283301245895,27.780388189424535,27.96732430731999,53323436
2023-03-29,27.731618881225586,28.20302539449458,27.71536316347895,28.129876214865295,41863012
2023-03-30,27.918554306030273,27.95106574073332,27.398383752625808,27.756003333437178,56228970
2023-03-31,27.853532791137695,28.30055413867013,27.74787218520647,27.926681964403794,57779428
2023-04-03,27.934810638427734,27.999833509265446,27.617831894246727,27.886046585760585,50467501
2023-04-04,27.861661911010742,27.975448836361753,27.68285521422823,27.942940500876595,48782066
2023-04-06,27.471534729003906,27.77225776854237,27.414641264779366,27.77225776854237,48679567
2023-04-07,27.747875213623047,27.845406421802156,27.43089646169503,27.51217195176742,39414120
2023-04-10,27.82915496826172,27.87791902416049,27.609707415333233,27.756005783952222,33015949
2023-04-11,27.414640426635742,27.91042897154444,27.33336493750301,27.82915348241171,73399153
2023-04-12,27.422767639160156,27.593448012943462,27.357744772693607,27.54468086309355,41612769
2023-04-13,27.642213821411133,27.829153024168324,27.024512052974607,27.34962020507454,63430456
2023-04-14,27.951066970825195,28.276175131241125,27.65034393774024,27.796642299881288,69392338
2023-04-17,28.609413146972656,28.609413146972656,27.715367145230694,27.894176965671402,89373012
2023-04-18,28.999536514282227,29.54408909832504,28.54438572577606,28.617534904277747,94271463
2023-04-19,28.85323715209961,29.129578138983227,28.69068308326319,29.129578138983227,51088648
2023-04-20,28.438730239868164,29.04830573734598,28.333069618842842,28.93451570676262,68091530
2023-04-21,28.04047203063965,28.593154046236982,27.983578567310033,28.43872937440819,53159146
2023-04-24,27.30898094177246,28.194897452050828,27.235831758338055,28.05672849470878,72987368
2023-04-25,27.658472061157227,27.747876966160334,27.235832665072515,27.317111260739615,51221280
2023-04-26,27.4877872467041,27.601574161903677,27.1057856595676,27.471531530181174,49650070
2023-04-27,26.520597457885742,26.81319417744443,26.122340122828387,26.796938459639932,155927939
2023-04-28,27.30898094177246,27.430897280983576,26.34178893899422,26.38242668524416,94021308
2023-05-04,27.739748001098633,27.959195537698406,26.683151162273177,27.057023365164152,72543303
2023-05-05,28.194896697998047,28.495622833219734,27.756004709590755,27.780386736596377,80088973
2023-05-08,28.934513092041016,29.218983492100747,28.154257269889403,28.333067058472036,106426580
2023-05-09,28.438730239868164,29.340899371747835,28.414345111655358,28.999538581381685,98552978
2023-05-10,27.959197998046875,28.544388380013977,27.869793093735705,28.365581671853015,63837387
2023-05-11,27.999832153320312,28.715068195592803,27.959194411245267,28.12174537954544,44580284
2023-05-12,27.666601181030273,28.081111162973833,27.634089743104127,28.01609138758291,45936569
2023-05-15,28.203025817871094,28.324939052109276,27.39838482986987,27.70723727077007,52809453
2023-05-16,28.300554275512695,28.60940668640305,28.097362471064464,28.40621488195482,38524804
2023-05-17,28.04047203063965,28.552516301067428,27.983578567310033,28.292431011428828,39637635
2023-05-18,27.999832153320312,28.316810882151024,27.80476665071473,28.22740598930934,32901230
2023-05-19,27.59345054626465,27.999834197607395,27.58532113697952,27.91855560706212,39298980
2023-05-22,27.79664421081543,27.91043114464515,27.617834400247922,27.617834400247922,29693441
2023-05-23,27.30898094177246,27.942941565024434,27.30898094177246,27.804769507221085,34692126
2023-05-24,26.764427185058594,27.300853473989868,26.764427185058594,27.300853473989868,46399873
2023-05-25,26.349912643432617,26.626253631262355,26.13859452354446,26.626253631262355,70605103
2023-05-26,26.610002517700195,26.707533724660248,26.187363153591754,26.36616984960832,29462374
2023-05-29,26.569360733032227,26.780681957843235,26.36616891711606,26.780681957843235,38730090
2023-05-30,26.528722763061523,26.740043986065263,26.301148923329215,26.569360505805,34007178
2023-05-31,26.25238037109375,26.658763977768455,26.203616322587738,26.4962099150064,52541398
2023-06-01,26.05731964111328,26.414936121671463,26.024808206391338,26.26051145743383,47239881
2023-06-02,26.87821388244629,26.902595908862814,26.171107212216764,26.187362929981497,55885607
2023-06-05,26.853832244873047,27.040768351182578,26.6912781653331,26.878214271642626,31273034
2023-06-06,26.87821388244629,27.47153362878384,26.80506470273557,26.853831856029764,38663375
2023-06-07,27.06515121459961,27.317110200698238,26.951364285542578,27.02451346857371,33890635
2023-06-08,27.699113845825195,27.812900783145267,27.000133401760184,27.081408899714088,54961501
2023-06-09,27.422767639160156,27.83727756127117,27.422767639160156,27.674723495565722,41510872
2023-06-12,27.414640426635742,27.569065096172398,27.130173114210013,27.414640426635742,40677376
2023-06-13,27.414640426635742,27.585320814091176,27.227704321261523,27.276471475017864,23124556
2023-06-14,27.1382999420166,27.666599932867722,27.1382999420166,27.577195032834958,38263310
2023-06-15,27.40651512145996,27.463408586028393,27.073280643075744,27.227705318267017,36953706
2023-06-16,27.577192306518555,27.666597197712637,27.430893957375677,27.52029884856976,42680637
2023-06-19,27.292724609375,27.56093617849272,27.276468892995005,27.56093617849272,27896062
2023-06-20,26.975744247436523,27.276470366015324,26.902595070006686,27.227703214241753,30764875
2023-06-21,26.959489822387695,27.341491445104655,26.821320869764822,26.87008802387588,42786599
2023-06-26,26.50434112548828,26.902595350849612,26.349913360157043,26.76442640340701,43210300
2023-06-27,26.675024032592773,26.82944871207932,26.366171573158308,26.520599353106224,34571527
2023-06-28,26.861957550048828,26.96761816287137,26.59374596422061,26.66689514225759,33381801
2023-06-29,26.561235427856445,26.967619075038506,26.553106018654546,26.86195845864204,25854831
2023-06-30,26.626256942749023,26.821322470372923,26.52872572916776,26.60187491446905,29361327
2023-07-03,27.40651512145996,27.43902345802672,26.65876757212142,26.740046164691524,45366767
2023-07-04,27.235830307006836,27.308979486543304,27.113917074753484,27.308979486543304,22408656
2023-07-05,26.845701217651367,27.22770281647783,26.691276556649246,27.22770281647783,41307158
2023-07-06,26.479961395263672,26.918853402013198,26.42306482910403,26.84570421747805,40784246
2023-07-07,26.260513305664062,26.47996085479043,26.244257587159,26.414937980770194,47279440
2023-07-10,26.374298095703125,26.569360501021116,26.27676689304413,26.431191555625958,27207677
2023-07-11,26.585617065429688,26.658766244870286,26.39055465389551,26.60187278313439,32916654
2023-07-12,26.983875274658203,27.178937692529306,26.59374733845477,26.59374733845477,63204933
2023-07-13,27.316648483276367,27.445297990433076,26.973582585569403,27.436721138506996,56385028
2023-07-14,27.38526153564453,27.608253141218093,27.256612029085254,27.39383838753078,34752056
2023-07-17,27.14511489868164,27.256612338601776,26.9564290626432,27.248035486618132,26200279
2023-07-18,26.98215675354004,27.24803424531909,26.922120428256758,27.145113662071203,31638946
2023-07-19,27.0850772857666,27.13653675936002,26.8106245787788,26.836355133509095,24029564
2023-07-20,27.17942237854004,27.53106349559652,27.102232346350217,27.248035558723515,27239443
2023-07-21,27.273765563964844,27.428145634486512,27.11081027696292,27.273765563964844,31566900
2023-07-24,26.973583221435547,27.21372853755791,26.930698960794214,26.982158437696537,23912203
2023-07-25,28.53453254699707,28.60314408802617,27.44529693238492,27.44529693238492,126162096
2023-07-26,28.603145599365234,28.929059433743628,28.36300028547301,28.534534054710825,50175140
2023-07-27,28.869020462036133,29.006246810515094,28.474495119125887,28.731794113557168,54848896
2023-07-28,30.10405921936035,30.26701776627123,28.654605631019166,28.723220444820463,125628759
2023-07-31,30.49858856201172,30.91026763915639,30.026869885532378,30.464281154316044,116275605
2023-08-01,30.009719848632812,30.515742667737435,29.821032375556154,30.472856771685816,66009585
2023-08-02,29.186359405517578,29.863916016694905,28.963367788435416,29.297856849925974,91535761
2023-08-03,29.74384117126465,29.82960641651993,29.049130906453072,29.177782046070384,50929381
2023-08-04,29.915376663208008,30.44712841235214,29.77815029982454,30.086910435370992,81264248
2023-08-07,29.589462280273438,29.829607593853943,29.400774807183314,29.80387867360875,34467192
2023-08-08,29.28927993774414,29.718112714157762,28.997673518913498,29.443659998991798,50228255
2023-08-09,29.17778205871582,29.426505850492077,29.11774573266423,29.17778205871582,38683250
2023-08-10,29.280702590942383,29.37504632890691,28.989096160749543,29.07486468241483,28772469
2023-08-11,28.43161392211914,29.563732171684208,28.43161392211914,29.297854676811205,60624004
2023-08-14,27.83982276916504,28.157161376049828,27.65971379016626,28.131429184953998,66707291
2023-08-15,27.754056930541992,27.99420223074331,27.573947955391002,27.83982217440408,58295914
2023-08-16,27.419565200805664,27.659712127569588,27.3423751756268,27.5739468870305,58015181
2023-08-17,27.265188217163086,27.333801394715366,27.007887574441636,27.25661136548565,64607569
2023-08-18,27.342378616333008,27.98562945239122,27.230882808081535,27.230882808081535,67459467
2023-08-21,26.699129104614258,27.308072524340773,26.699129104614258,27.28234196772113,80957531
2023-08-22,26.862083435058594,26.990732934019253,26.58763073437795,26.76773970574945,60107044
2023-08-23,26.458980560302734,26.965003327721412,26.458980560302734,26.759163807463032,56074358
2023-08-24,26.63909339904785,26.716283434847636,26.416100144055957,26.58763392047044,41225614
2023-08-25,27.06792449951172,27.316648296061665,26.501865363207905,26.58763224601365,64747134
2023-08-28,27.668289184570312,29.10059235339555,27.471026500812954,28.560262141178356,140509367
2023-08-29,27.479604721069336,27.822668974456327,27.24803463237256,27.668288915325142,72116998
2023-08-30,27.1536922454834,27.608253957829255,27.05934850781134,27.608253957829255,63980158
2023-08-31,27.05934715270996,27.513912114026276,27.00788767831463,27.27376353786889,50322017
2023-09-01,27.676870346069336,27.985630497165303,27.342379637092915,27.40241760548064,69752619
2023-09-04,28.757526397705078,28.826141215843407,27.848402959514427,27.942746698587328,110429932
2023-09-05,28.397306442260742,28.68033436805637,28.277233790605965,28.560261716401598,44732261
2023-09-06,28.611724853515625,28.6974901045641,28.10570202016655,28.38872996601421,54674047
2023-09-07,28.423036575317383,28.56884142407845,28.31153913470416,28.56884142407845,35870198
2023-09-08,28.44876480102539,28.525954831606292,28.260080604287754,28.30296322755838,29850098
2023-09-11,28.225772857666016,28.551686679726835,28.225772857666016,28.414460323869818,63287369
2023-09-12,28.200044631958008,28.345846207258372,28.148583520345507,28.21719833582884,27759078
2023-09-13,28.08854866027832,28.371579881333602,28.011358624693667,28.260082436214738,29891534
2023-09-14,28.362998962402344,28.465917910450283,28.174311497869148,28.260080014354404,43734390
2023-09-15,28.26865577697754,28.663181145238497,28.131429419680927,28.560262195199645,43960215
2023-09-18,28.320117950439453,28.34584687098091,28.04566522554872,28.191466804263055,36040192
2023-09-19,28.26865577697754,28.302963184235303,28.06281787689984,28.302963184235303,38465270
2023-09-20,28.071392059326172,28.182889492941612,27.98562681607387,28.182889492941612,30931758
2023-09-21,27.762632369995117,28.140007298192273,27.762632369995117,28.088546188419652,39031854
2023-09-22,28.59457015991211,28.6202990799898,27.719750888191083,27.951320984093808,71283316
2023-09-25,28.30296516418457,28.54311048831953,28.217199911774845,28.54311048831953,45651541
2023-09-26,28.13142967224121,28.37157825346713,28.088547048651233,28.24292711096273,32202356
2023-09-27,28.148584365844727,28.380154467454933,28.088548036360734,28.21719918338904,35246679
2023-09-28,28.27723503112793,28.42303660832379,28.088547557830204,28.32011765549527,38856469
2023-10-09,27.942747116088867,28.045666073099504,27.771213339914702,28.045666073099504,36134267
2023-10-10,27.951322555541992,28.4144627733856,27.951322555541992,28.405884285054416,34263698
2023-10-11,27.831247329711914,28.174311581467773,27.788364707209226,28.165736365660987,37609124
2023-10-12,28.362998962402344,28.585993833529646,28.114275172196653,28.294387420948507,61745963
2023-10-13,27.968473434448242,28.200043519971487,27.882704918476108,28.11427500399935,41037187
2023-10-16,27.7111759185791,28.01135756127075,27.65113959004077,27.94274601654174,28677414
2023-10-17,27.891284942626953,27.959896487450507,27.633985924003206,27.779787501587336,28622914
2023-10-18,27.865556716918945,27.994204593570494,27.79694189865043,27.865556716918945,24931667
2023-10-19,27.076501846313477,27.788365841506362,27.03361922206036,27.788365841506362,60429338
2023-10-20,27.14511489868164,27.282341258685463,26.930698506692263,27.00788853867782,37258937
2023-10-23,26.784896850585938,27.145116475487217,26.587634151105256,27.09365699646342,39380184
2023-10-24,26.844932556152344,26.93927629538563,26.621940940292895,26.913545738540012,36552663
2023-10-25,26.947851181030273,27.230880742207507,26.75916535220118,27.1022312391028,37569332
2023-10-26,27.016464233398438,27.230880616203187,26.81062470220994,26.896391582505274,28702985
2023-10-27,27.04219627380371,27.1451152271182,26.716282437950877,26.97358309297163,39145276
2023-10-30,26.501867294311523,26.699129994031566,26.201684000551655,26.596211035859085,83850056
2023-10-31,26.381792068481445,26.5790547490398,26.253142565328922,26.36463836516319,52801599
2023-11-01,26.115917205810547,26.484712026004864,26.098763501838558,26.41609884598415,52989707
2023-11-02,26.31317901611328,26.42467481647737,26.16737580894966,26.244565838381412,36466771
2023-11-03,26.579055786132812,26.621940046101756,26.244566737711324,26.31317991779438,43956879
2023-11-06,26.707706451416016,26.88781707935436,26.553326380573814,26.716283303781395,51982385
2023-11-07,26.416099548339844,26.707705980147978,26.287450036863856,26.707705980147978,51624067
2023-11-08,26.244565963745117,26.398946023346056,26.158799082203796,26.364638616382646,44518298
2023-11-09,26.2960262298584,26.398946817979432,26.175953573606566,26.20168249373639,32764958
2023-11-10,25.8671932220459,26.210259119712177,25.815733746362767,26.158799644029042,51696462
2023-11-13,25.575586318969727,25.961536469001345,25.39547733953311,25.875769587231296,63424273
2023-11-14,25.901500701904297,25.901500701904297,25.609894279108772,25.618471131057728,44834267
2023-11-15,26.278873443603516,26.390370887617422,26.064457043741562,26.115918157532892,60193960
2023-11-16,26.19310760498047,26.39037029582176,26.04730439090924,26.30460341062681,31571993
2023-11-17,26.012996673583984,26.175953589932572,25.81573398508516,26.12449247790633,43245282
2023-11-20,26.227413177490234,26.235990029531035,25.850039867031214,26.02157363611275,36922708
2023-11-21,26.09876251220703,26.47613580594508,26.047303038109582,26.373215221882997,48854470
2023-11-22,25.8671932220459,26.081609612570727,25.858616370120835,25.987265877262285,27370542
2023-11-23,25.850038528442383,25.91007485375189,25.6870832557072,25.747119581016708,29979383
2023-11-24,25.729965209960938,25.815732087834235,25.66992888620977,25.781424682338063,29116276
2023-11-27,25.21536636352539,25.75569656584027,25.121024267208377,25.72996601091717,58101958
2023-11-28,25.009525299072266,25.292554842412642,24.906606357421445,25.2239416693564,47516511
2023-11-29,24.700767517089844,25.078140822196286,24.597848565794507,25.04383505038692,62063752
2023-11-30,24.69219207763672,24.855147355024542,24.529235164381674,24.700767293611047,55156006
2023-12-01,24.23763084411621,24.649309952957083,24.074673916749774,24.63215624778854,88273644
2023-12-04,24.083248138427734,24.409160321689896,24.03178866441101,24.246205047992405,55787830
2023-12-05,23.594379425048828,24.074671673952466,23.585802573263575,24.066094822167216,61890167
2023-12-06,23.808795928955078,23.980328057900532,23.54292006577593,23.637262164142406,61125926
2023-12-07,23.8516788482666,23.963176287538886,23.405693998779178,23.817373076398603,59496698
2023-12-08,23.58580207824707,23.971752221147078,23.58580207824707,23.757335838617557,53349765
2023-12-11,23.808795928955078,23.885985959534057,23.071203030474692,23.37138630096326,75808597
2023-12-12,24.057518005371094,24.074671708966548,23.680146341474423,23.757336371786742,50420111
2023-12-13,23.345657348632812,23.94602393083726,23.328505279667485,23.94602393083726,67123932
2023-12-14,23.18269920349121,23.705874049477192,23.18269920349121,23.534341929890704,44526808
2023-12-15,23.354232788085938,24.05751828500194,23.328503868260913,23.560072326022286,98068659
2023-12-18,23.397117614746094,23.482882864064866,23.07120377821259,23.15697066339863,47716425
2023-12-19,23.40569305419922,23.457152527858096,23.174122968933514,23.328503025777316,37657373
2023-12-20,23.208431243896484,23.50861453838994,23.208431243896484,23.422847649125043,53112808
2023-12-21,23.765913009643555,23.80022041888709,23.08835803575687,23.13981751375486,75910481
2023-12-22,23.680147171020508,23.88598671377512,23.50861340079136,23.8259503849551,62364372
2023-12-25,23.61153221130371,23.774487481291004,23.517188481198435,23.671568535600834,41903386
2023-12-26,23.388540267944336,23.577226102668874,23.29419653264845,23.577226102668874,36525708
2023-12-27,23.414270401000977,23.474308367579138,23.199853999395227,23.4400009581059,41063687
2023-12-28,24.006059646606445,24.126132305622924,23.371387306870727,23.371387306870727,106106285
2023-12-29,23.86025619506836,24.057518886035542,23.817373570377153,23.928869376094653,65577345
2024-01-02,23.654415130615234,23.98032731056171,23.637261427495115,23.971752094868815,54219480
2024-01-03,23.817373275756836,23.877409603928783,23.602956883218585,23.654416359384935,43395588
2024-01-04,23.8516788482666,23.86883255213422,23.465730326448604,23.808796224464793,63710249
2024-01-05,24.26335906982422,24.68361499085695,23.688723088847382,23.8002188899919,119063315
2024-01-08,24.126131057739258,24.520658059035764,23.971752633789013,24.160438464750783,81682070
2024-01-09,24.16044044494629,24.25478418609321,23.92887033624057,24.11755781853442,55866306
2024-01-10,24.057518005371094,24.31481865170124,24.03178908584513,24.03178908584513,45364048
2024-01-11,24.340547561645508,24.50350447400373,23.885985867615453,24.014635372796274,73531826
2024-01-12,24.47777557373047,24.683615109355046,24.237628630901526,24.237628630901526,57783201
2024-01-15,24.675039291381836,24.820842506374802,24.331973384300532,24.443469190651726,48245229
2024-01-16,24.983797073364258,24.983797073364258,24.529235372967165,24.554964292843387,85344024
2024-01-17,25.035259246826172,25.369748306343684,24.89803288210784,24.975222916745317,130860146
2024-01-18,25.369747161865234,25.455514044911904,24.529235306915766,24.820841727754107,129512645
2024-01-19,25.498395919799805,25.6441991259378,24.992373124136595,25.189637440111895,96861623
2024-01-22,25.94438362121582,26.158800014779587,25.472668209722436,25.524127686134907,154970267
2024-01-23,25.721389770507812,26.030149893453558,25.55843285719009,25.738543474197517,88605552
2024-01-24,25.807157516479492,25.97869128738081,25.198214102060376,25.85861699340298,97489239
2024-01-25,26.501867294311523,26.58763418336682,25.884348637674602,25.995844448339348,123450922
2024-01-26,26.6905517578125,26.887814435215535,26.29602476713927,26.51901799910811,100991578
2024-01-29,26.887815475463867,27.102231864206214,26.73343541383062,26.7591659693919,83882433
2024-01-30,26.587631225585938,27.016463987288937,26.398945399348797,26.759164984614003,74399913
2024-01-31,26.338909149169922,26.750589870400564,26.23599019576271,26.51901977143344,80894928
2024-02-01,26.090185165405273,26.45040474898551,25.901499340050734,26.304601545253817,85970009
2024-02-02,25.927228927612305,26.296025372205662,25.421206127244744,26.115916393702225,98729165
2024-02-05,26.338909149169922,26.544750327718877,25.78142684992361,25.927230063806544,106397881
2024-02-06,26.870662689208984,26.887816393502188,26.244567205312507,26.338909307190576,106215843
2024-02-07,26.8535099029541,26.999313122696346,26.42467709616718,26.94785364392477,111051058
2024-02-08,26.930696487426758,26.97358074412952,26.604784315821412,26.853506461228918,87300436
2024-02-19,27.119384765625,27.436720095490113,26.93927415375879,27.436720095490113,87549010
2024-02-20,26.930696487426758,27.11938394518465,26.83635439441494,27.11938394518465,60640469
2024-02-21,28.30296516418457,28.637454229011027,26.88781723314881,26.930699859353673,152865612
2024-02-22,28.13142967224121,28.260080814745614,27.77978692402824,28.140008159999883,75276038
2024-02-23,28.260080337524414,28.64603048678571,27.977049137488,28.140007684806324,63984872
2024-02-26,27.65971565246582,28.35442596760803,27.513914070621876,28.182892192935736,66639018
2024-02-27,27.59967803955078,27.788365510095577,27.43672112477134,27.65113915108149,54349154
2024-02-28,27.462451934814453,27.694022031245073,27.102232330100357,27.694022031245073,68370752
2024-02-29,27.479604721069336,27.61683107677101,27.316647810223397,27.35095358121522,49892829
2024-03-01,27.39383888244629,27.513913175155892,27.230881965397927,27.376685178363882,42717392
2024-03-04,27.03361701965332,27.333800272571217,26.990732763026692,27.23945654385976,59135015
2024-03-05,27.59967803955078,27.6254069594489,26.85350828102785,26.94785201630025,89402867
2024-03-06,27.33380126953125,27.66828866821614,27.33380126953125,27.565369720292665,51610177
2024-03-07,27.44529914855957,27.556796592436285,27.256613305825454,27.333803340550162,51949197
2024-03-08,27.162267684936523,27.45387246319196,27.05934710047734,27.35095351459997,44107117
2024-03-11,26.999309539794922,27.230879617337873,26.75916424681745,27.05934586303929,73853794
2024-03-12,27.402414321899414,27.573948082146455,26.82777835169915,26.947851002351772,76925375
2024-03-13,27.03361701965332,27.436719216740876,26.956426993592512,27.4109886627649,46938714
2024-03-14,26.802047729492188,27.205149938431568,26.724857701161877,26.982156705018134,50817498
2024-03-15,26.74201202392578,26.947851558953495,26.587631963688192,26.793471498715906,52078063
2024-03-18,26.699129104614258,26.879239729217165,26.58763329766373,26.71628280902735,46189770
2024-03-19,26.416099548339844,26.681977059373157,26.35606321870887,26.67340020715912,54702530
2024-03-20,26.74201202392578,26.759165727478226,26.296025546765463,26.41609819989816,49827225
2024-03-21,27.05934715270996,27.239457766894404,26.630514382392104,26.733434967049956,64676108
2024-03-22,26.759164810180664,27.059346432722258,26.501864173315816,27.04219436562499,55287852
2024-03-25,26.887815475463867,27.02504183338959,26.519019025088273,26.68197593857528,48375902
2024-03-26,27.78836441040039,28.011356008073196,27.21372680545213,27.273763130661514,124430791
2024-03-27,27.702594757080078,28.002779642535447,27.625404731875463,27.69401954171699,78208488
2024-03-28,27.59967803955078,27.874130757578953,27.50533430427838,27.736904398564867,69474492
2024-03-29,27.616830825805664,27.994202482622345,27.505333390394277,27.531062309437534,30480176
2024-04-01,27.99420166015625,28.1743106316362,27.59967631165705,27.59967631165705,57015232
2024-04-02,27.91701316833496,28.234348507683794,27.822669433782334,28.04566431031299,53661899
2024-04-03,27.642560958862305,27.98562849593303,27.642560958862305,27.908438463678845,49808163
2024-04-08,27.78836441040039,27.925590763983887,27.471025809454396,27.65113805681689,47729123
2024-04-09,27.7111759185791,27.985628640964187,27.7111759185791,27.874131200078207,38477207
2024-04-10,27.865556716918945,28.02851200270475,27.608254420146622,27.608254420146622,50401372
2024-04-11,27.702594757080078,27.805513700108158,27.556793193768147,27.711173244177374,44374773
2024-04-12,27.5482177734375,27.848402692310533,27.496759932062094,27.685444136662877,47820414
2024-04-15,28.157161712646484,28.302963286416702,27.522487763024287,27.53106297900247,76464473
2024-04-16,28.08854866027832,28.27723614098184,27.831249632241022,28.054241250744106,74155610
2024-04-17,28.56026268005371,28.72322123142733,27.848401961909623,28.037086161561646,94821196
2024-04-18,28.86044692993164,29.24639380822188,28.465918292276207,28.525954618753996,100657401
2024-04-19,28.834714889526367,29.023402357577,28.663181125092557,28.783257050410324,54038350
2024-04-22,28.59457015991211,29.32358458381238,28.345846360046085,28.97194183190109,60753507
2024-04-23,28.628877639770508,29.00624931270766,28.500226495589803,28.56026282374493,51245244
2024-04-24,28.69748878479004,28.774678815877603,28.388728660439774,28.62887724145357,44338353
2024-04-25,29.503698348999023,29.503698348999027,28.62887903252135,28.680336875309376,91948180
2024-04-26,29.572307586669922,29.906796625603043,29.349315984625978,29.503696044400403,95489883
2024-04-29,29.915376663208008,30.15552198119544,29.33216380089461,29.503697573057593,81806412
2024-04-30,29.42650604248047,29.658076132362194,29.203511168490177,29.503696072441045,86804180
2024-05-06,29.915376663208008,30.327055753358422,29.77815029982454,30.10406086802617,100070494
2024-05-07,29.906797409057617,29.975412224859014,29.700959505122412,29.915375896900038,47384857
2024-05-08,29.649497985839844,29.983987028939005,29.632344282125214,29.863914374671044,41286158
2024-05-09,29.88106918334961,29.95825921705261,29.675228002896755,29.675228002896755,51239131
2024-05-10,30.550045013427734,30.74730769111125,29.846759546300646,29.88106695243717,94036570
2024-05-13,30.79876708984375,30.93599343503437,30.301322815428055,30.395663269462613,74780026
2024-05-14,30.309900283813477,30.987456844944436,30.18982763181242,30.781615675989496,68777884
2024-05-15,30.061174392700195,30.39566340612283,29.752414296699566,30.30132295166411,67494406
2024-05-16,31.090375900268555,31.261909663030707,30.018293972673085,30.086908786471707,129147553
2024-05-17,31.60497283935547,31.64785873238476,30.927419570732177,31.133257461641893,91687944
2024-05-20,31.201875686645508,31.73362744669359,30.953151875495646,31.604976296999624,91425000
2024-05-21,31.08180046081543,31.321945763914254,30.98745672838821,31.184719409038586,44599944
2024-05-22,30.92742156982422,31.20187428993349,30.670119281954094,31.064647929878856,66447739
2024-05-23,30.447126388549805,30.884534370343317,30.292746331038128,30.79019391007228,92458495
2024-05-24,29.79530143737793,30.429972086449755,29.726686625730004,30.27559203197622,87044000
2024-05-27,30.13836669921875,30.19840302557302,29.803877660463716,29.889642906188552,57093814
2024-05-28,29.872493743896484,30.30132653421322,29.778150006549275,30.104060571541122,47619058
2024-05-29,29.649497985839844,30.069755547512155,29.5551542512766,29.803878047537065,49104118
2024-05-30,29.45223617553711,29.932530078609474,29.31500981347851,29.546579912902622,55924484
2024-05-31,29.400774002075195,29.67522671629005,29.400774002075195,29.615190389538952,50893248
2024-06-03,29.28927993774414,29.486542622286272,29.092013981467566,29.34931626470329,60811135
2024-06-04,29.62377166748047,29.743844332292344,29.246396696089164,29.289282595008896,53378842
2024-06-05,29.152053833007812,29.76099559558047,29.066285313940522,29.743841891767012,69104122
2024-06-06,29.160629272460938,29.332163040175253,28.97194180080174,29.237819304345656,67724066
2024-06-07,29.152053833007812,29.375045439113833,28.86044741164796,29.20351167271372,67826559
2024-06-11,28.611724853515625,29.134901391421316,28.405883670570827,28.971942834000757,69044831
2024-06-12,28.38015365600586,28.611723750994983,28.26008100047101,28.603145263179933,51138059
2024-06-13,28.148584365844727,28.49165191009716,28.062819115648903,28.474498205711082,55018421
2024-06-14,28.99767303466797,29.1777820125377,28.148582711985195,28.148582711985195,99167429
2024-06-17,28.929058074951172,28.989094400604333,28.637451662463942,28.817560639423426,45768248
2024-06-18,28.91190528869629,29.41792810077624,28.834715257303262,29.040556431596155,45367539
2024-06-19,29.28927993774414,29.50369632595095,28.869022377295636,28.91190500059011,58593722
2024-06-20,29.16920280456543,29.357890265331296,29.074862345916802,29.297853940857483,39246667
2024-06-21,28.903329849243164,29.229243676131794,28.723220867963047,29.057709910835968,52396280
2024-06-24,29.220666885375977,29.349318034752756,28.72322253603735,28.98052156305627,69258954
2024-06-25,29.41792869567871,29.56373354536272,29.134900756003745,29.220666005181727,63816020
2024-06-26,29.21209144592285,29.469390470977853,29.11774770666461,29.31501040159793,45263801
2024-06-27,29.38361930847168,29.452234120580826,29.01482614445514,29.126320306531024,55517260
2024-06-28,29.323585510253906,29.57230931797804,29.194937634066477,29.332163998373826,52574940
2024-07-01,29.469388961791992,29.503696369171603,29.11774621548707,29.32358411629586,47223865
2024-07-02,30.0869083404541,30.232709910013167,29.469388112358416,29.486541815553778,86877071
2024-07-03,29.55515480041504,30.095485026394716,29.426506927766695,30.026870210261325,69137270
2024-07-04,29.769573211669922,30.052604439808512,29.572310509513358,29.623771625102574,69691892
2024-07-05,29.769573211669922,29.769573211669922,29.769573211669922,29.769573211669922,0
2024-07-08,29.152053833007812,29.357891735300374,28.91190525135387,29.031977906313607,54573002
2024-07-09,29.563732147216797,29.632343688967453,28.920482993599265,29.152053081509703,62103701
2024-07-10,29.74384117126465,30.018293882162816,29.546578489789994,29.563732193187928,72631424
2024-07-11,29.918441772460938,30.127597626349804,29.818409957776986,30.082129565763644,73238896
2024-07-12,30.91875648498535,30.991508165359846,30.018473519801773,30.018473519801773,94490425
2024-07-15,30.71868896484375,30.964220651703695,30.66412868042417,30.918752591690506,47460366
2024-07-16,30.727785110473633,30.818721231838346,30.427689665786872,30.700501498871684,45579255
2024-07-17,30.98240852355957,31.09153256122751,30.600472657226486,30.64594071717224,57795422
2024-07-18,31.000600814819336,31.146100708566863,30.70050533265756,30.982412894477005,59862717
2024-07-19,31.146100997924805,31.191569064707487,30.545913497016407,30.91875719502024,81007218
2024-07-22,30.318565368652344,31.07334488273795,30.091221598182244,31.07334488273795,80820577
2024-07-23,30.318565368652344,30.655033177630717,30.218533554607,30.318565368652344,53875468
2024-07-24,30.17306900024414,30.536820462858337,30.036661334516058,30.418600717160068,48245294
2024-07-25,29.854787826538086,30.300379707207995,29.43647262128824,30.209443579844187,76207854
2024-07-26,29.436471939086914,30.045755079074922,29.20003593202597,29.827503521872593,60146167
2024-07-29,29.50922393798828,29.691099659485623,29.28188015336432,29.44556795581284,41347533
2024-07-30,29.48194122314453,29.636536805274122,29.236412980982106,29.46375677253254,39078161
2024-07-31,29.76384735107422,30.009379050493514,29.327347708436847,29.48193981418744,59536965
2024-08-01,29.74566078186035,29.872972749781706,29.345536958537387,29.763848701419253,40913881
2024-08-02,29.35462760925293,29.645627368604348,29.309159547290037,29.48193957034533,38613024
2024-08-05,29.190940856933594,29.57288022288682,29.145472793341536,29.281880453108595,58441984
2024-08-06,28.827192306518555,29.45465989720164,28.654410546209466,29.42737975338654,51438864
2024-08-07,28.71806526184082,29.00906501301031,28.690783384732928,28.854471178389602,39073173
2024-08-08,29.036348342895508,29.081816405854898,28.53619097786512,28.745348577166407,39459978
2024-08-09,29.40009880065918,29.627442576838764,28.927221595431398,29.072721473426704,48274847
2024-08-12,29.209129333496094,29.40919297990754,29.036349300953184,29.372817140743468,31894321
2024-08-13,29.045442581176758,29.309160470964247,28.88175477775914,29.19094073094244,28237769
2024-08-14,28.972692489624023,29.227316418520083,28.92722269196728,29.00906659325399,28244610
2024-08-15,29.79113006591797,29.93662995935502,28.781724772010342,28.963600506054433,73978983
2024-08-16,30.14578628540039,30.236722408808028,29.754754710564214,29.782034853788357,41850302
2024-08-19,30.391315460205078,30.46406713639267,30.036659711267703,30.236723351792726,42284342
2024-08-20,30.445880889892578,30.555004941177852,30.15488110713782,30.418600744319022,42372873
2024-08-21,30.227628707885742,30.400408721518772,29.845689376446188,30.282188991669553,37810105
2024-08-22,30.282190322875977,30.50953409927743,30.17306628152068,30.26400240448497,38286399
2024-08-23,30.64594268798828,30.782346876597593,30.07303538265483,30.254911103124748,46558726
2024-08-26,30.70960235595703,30.773258345413673,30.436790477001257,30.645946366500393,35117460
2024-08-27,30.64594268798828,30.864190777359514,30.491347111442057,30.709598669804127,38720857
2024-08-28,30.62775421142578,30.90056605266836,30.409502657037255,30.764161866542455,41523208
2024-08-29,29.945724487304688,30.709599765336108,29.918444342407803,30.54591195797288,51638782
2024-08-30,29.236412048339844,30.109411347486976,29.209128435310287,29.827503806120554,111222983
2024-09-02,29.036348342895508,29.445567847511693,28.95450444197227,29.10000432483682,55802065
2024-09-03,28.754444122314453,29.172757609489402,28.554380471471667,29.10909815504676,50575188
2024-09-04,28.518003463745117,29.036346989094575,28.508909504678154,28.672597298892793,38052590
2024-09-05,28.37250518798828,28.59075501441952,28.099691604077652,28.518005072275773,54206345
2024-09-06,28.4179744720459,28.863568103628115,28.372506406688828,28.4179744720459,38318214
2024-09-09,27.49950408935547,28.181535445940163,27.317630101630144,28.172441486379583,87107347
2024-09-10,27.454038619995117,27.672288466583726,27.2266948129867,27.50860064801837,47602357
2024-09-11,27.35400390625,27.46312968528821,27.217597983323802,27.408565928521398,41579376
2024-09-12,27.49041175842285,27.735943477618402,27.22669385352416,27.372193746122516,41026697
2024-09-13,27.826881408691406,28.099693274322526,27.281255942933626,27.535881622819403,49597443
2024-09-18,28.29066276550293,28.37250667150596,27.83597516970633,27.83597516970633,41854027
2024-09-19,28.02694320678711,28.399786897636993,27.85416143423614,28.37250675188905,45119126
2024-09-20,28.13606834411621,28.290662192938107,27.881442671205008,28.026942560155554,48741755
2024-09-23,28.545286178588867,28.636224042957313,28.045130526305666,28.054224486192062,34460872
2024-09-24,30.127601623535156,30.13669384926244,28.79991291742488,28.80900687764772,136121800
2024-09-25,31.055164337158203,31.364352042619192,30.645944805078795,30.782349003111214,185624279
2024-09-26,32.17369079589844,32.17369079589844,30.83690833923767,31.064252105663485,174532999
2024-09-27,32.401039123535156,33.19219457075342,31.74628787398014,32.837538800241475,74545782
2024-09-30,34.20159912109375,34.556254865995705,32.664752934530874,33.05578451711272,256101260
2024-10-08,36.375003814697266,37.62084672403326,35.30194092464444,37.62084672403326,297303868
2024-10-09,33.655975341796875,36.12038482266935,33.655975341796875,36.102196902003406,185593210
2024-10-10,35.220096588134766,35.92031581911539,34.010629530252345,34.010629530252345,143329841
2024-10-11,34.947288513183594,35.66569573934474,34.58353705287666,35.220100373918285,90347580
2024-10-14,35.765724182128906,36.19312811823167,35.183721206877756,35.474720960007986,129293839
2024-10-15,35.01094436645508,36.36591490855185,35.01094436645508,35.62022407083355,95597653
2024-10-16,35.92032241821289,35.92032241821289,34.674479295531675,34.692667216832504,101254815
2024-10-17,35.00185012817383,36.184037098245845,35.00185012817383,35.94759762283696,84892228
2024-10-18,35.51110076904297,35.85666431541501,34.7472254643733,35.02003732982867,92819433
2024-10-21,35.3292236328125,35.6020389564254,35.01094371391871,35.6020389564254,71753946
2024-10-22,35.62022018432617,36.01125174587044,35.23828431620793,35.320128212089074,60052610
2024-10-23,36.065818786621094,36.32044272190725,35.48381923797221,35.5201950770105,62709968
2024-10-24,35.74753952026367,36.08400736503441,35.59294393602349,35.96578762049674,33631220
2024-10-25,35.55656814575195,35.911227379858005,35.52019577498988,35.692975810330516,44793119
2024-10-28,35.02913284301758,35.55656865096747,34.810881270389,35.474724744855635,66464094
2024-10-29,35.10187911987305,35.55656669121333,34.929099091600456,35.10187911987305,51468161
2024-10-30,34.4471321105957,35.37469519218781,34.20160040055741,35.02003596502743,70340828
2024-10-31,33.97425842285156,34.547165776843656,33.565038884285784,34.37438226667636,85039251
2024-11-01,34.565345764160156,34.82906537373054,33.99244195315086,34.04700223858564,70310211
2024-11-04,35.23828887939453,35.23828887939453,34.0197259768055,34.64719361382116,64661209
2024-11-05,35.53837966918945,35.5565641180151,34.9200043393987,34.9472844816278,62874476
2024-11-06,35.06550979614258,35.538385327686015,34.6926660940206,35.465633644837254,64833629
2024-11-07,35.98397445678711,35.99307015093435,34.90181927565607,34.93819164527232,74347218
2024-11-08,35.28375244140625,36.238595582452575,35.23828438116416,36.08400348383136,74536846
2024-11-11,34.85634994506836,35.19281776747864,34.45622267291376,34.82906633260914,70314555
2024-11-12,34.18341064453125,35.32012953605066,34.11065897035844,34.72903432486426,89328928
2024-11-13,34.3925666809082,34.53806656101025,34.11065914552704,34.18341082007345,48530440
2024-11-14,34.610816955566406,34.992752825837826,34.128845801997834,34.24706553426831,67644030
2024-11-15,34.3925666809082,35.07459801932229,34.383474456085295,34.629006154193256,69927688
2024-11-18,34.46531677246094,35.1564403039546,34.37437718345479,34.601720952484236,76344807
2024-11-19,34.301631927490234,34.71994366587648,34.05610021957025,34.47441195795649,52124855
2024-11-20,34.08338165283203,34.41984950130032,34.01063344161856,34.37438143566801,45129126
2024-11-21,34.03791046142578,34.24706631931998,33.89241058336935,34.083378522882654,35033614
2024-11-22,33.146724700927734,34.14703597198276,33.064880799187534,34.03791192599278,69049090
2024-11-25,32.93756866455078,33.51956819882376,32.84662906920134,33.37406831525551,53409473
2024-11-26,33.092159271240234,33.2649427600668,32.59200366098635,32.76478368082221,45942121
2024-11-27,33.28312683105469,33.35587850320551,32.83753498059823,33.09215889514478,39207688
2024-11-28,33.164913177490234,33.51047324043143,32.901193548673845,33.28312945055336,45193910
2024-11-29,33.046695709228516,33.64688321704315,33.019415562643225,33.27403951474908,66437999
2024-12-02,33.2012825012207,33.355878068028936,32.919378447790784,33.14672221681007,42465209
2024-12-03,33.75600814819336,33.846947754155764,33.08307240902787,33.328604141639474,72198609
2024-12-04,33.47410202026367,33.72872596359592,33.21947460794037,33.72872596359592,62051124
2024-12-05,33.56503677368164,33.97425628651528,33.29222492145619,33.33769298532861,56894934
2024-12-06,34.283443450927734,34.392567496343865,33.65597238455556,33.65597238455556,87723587
2024-12-09,34.283443450927734,34.547163073925,33.965160070726974,34.18341163055009,49299535
2024-12-10,35.10187911987305,35.4565383394708,34.92000686652963,35.28375484220733,103895319
2024-12-11,34.82906723022461,35.27466257597409,34.76541124783052,35.04731879056924,51770936
2024-12-12,35.28375244140625,35.31103605274401,34.747221004972126,34.81997267655197,58688876
2024-12-13,33.91969299316406,35.10188001499726,33.90150507356774,34.9654758215113,111798280
2024-12-16,34.319820404052734,34.35619277437922,33.93788102920148,33.96516117419407,64031589
2024-12-17,34.41984939575195,34.70175695219343,34.13794530830151,34.13794530830151,60310408
2024-12-18,35.02913284301758,35.15644481497131,34.428945354527805,34.574445246616506,80585536
2024-12-19,34.57444381713867,35.03822361993676,34.55625589775568,34.90181942805069,61119582
2024-12-20,34.47441101074219,34.81087883724369,34.42894294807834,34.60172297379731,54215038
2024-12-23,34.874534606933594,35.19281798162886,34.53806678247589,34.5471624763479,90269156
2024-12-24,35.66569519042969,35.729351174655044,34.84725615183082,34.87453629678713,99342846
2024-12-25,35.829383850097656,35.974883741642586,35.45654016120183,35.6747882640237,75591307
2024-12-26,35.902130126953125,35.9566938842142,35.47472270088519,35.82938191959588,53925194
2024-12-27,35.774818420410156,36.04763027070184,35.26556708927236,35.90213038594688,70031955
2024-12-30,36.029441833496094,36.19312963511597,35.69297400527337,35.774817906083314,67884533
2024-12-31,35.73844528198242,36.28407249277834,35.73844528198242,35.97488478069133,64371699
2025-01-02,35.02003479003906,35.92031769663993,34.86544268278937,35.78391003930952,64200070
2025-01-03,35.15644454956055,35.50200809153406,35.04732049856561,35.101880789567566,68258306
2025-01-06,35.51110076904297,35.55656883512035,34.67447725244771,35.374696570810826,61715863
2025-01-07,35.37469482421875,35.60203861237185,35.110975197403334,35.43835080738234,49275205
2025-01-08,35.720252990722656,35.96578468518932,35.30194127525681,35.3110369689356,75148102
2025-01-09,35.46562957763672,35.856661155627364,35.31103747279849,35.82938101218315,44708335
2025-01-10,35.44744110107422,35.87484850959034,35.29284899866924,35.77481669321502,48142480
2025-01-13,35.5292854309082,35.602037105152874,35.047317730504915,35.40197346997079,60632274
2025-01-14,36.23859786987305,36.34772538413106,35.37469426377098,35.54747429119322,70801188
2025-01-15,36.95700454711914,37.28438014735395,36.274973202960226,36.365912796909235,79670088
2025-01-16,37.27528762817383,37.42078750835274,36.85697243729253,36.966099949169795,59259386
2025-01-17,37.020660400390625,37.429879899269274,36.4932246332732,37.2480041809909,47590050
2025-01-20,36.484130859375,37.34803796491691,36.475038634028465,37.26619406083418,54257482
2025-01-21,36.5023193359375,36.83878718274809,36.38409959068312,36.66600714660017,40068506
2025-01-22,35.87485122680664,36.52050676632577,35.75663148313705,36.502318846608055,58891222
2025-01-23,36.22041320800781,36.584161179768145,35.938505667976116,36.07490985651468,60661810
2025-01-24,36.61144256591797,36.875162195961124,35.88394312872214,36.06581885526884,57465234
2025-01-27,36.966102600097656,37.25710238132377,36.875163000345104,36.90244661476638,52606047
2025-02-05,36.375003814697266,37.19344278812423,36.2840676927568,37.14797125816331,50478889
2025-02-06,36.556880950927734,36.720568751986384,36.129473529386715,36.37500523097469,46608842
2025-02-07,36.556880950927734,36.738756670880775,36.338629393185926,36.4659413564558,52106618
2025-02-10,36.920631408691406,37.21163119262069,36.338631840832825,36.55688341327532,58180595
2025-02-11,37.26619338989258,37.320757147962354,36.95700569881234,37.05703752077814,45777119
2025-02-12,37.84819412231445,37.88456996217036,36.884258649070105,37.2480066406561,60359149
2025-02-13,37.93003845214844,38.14829002473633,37.59357060219187,37.87547816074476,46220698
2025-02-14,38.22103500366211,38.22103500366211,37.75725522100051,37.91184732555745,49873690
2025-02-17,37.93913269042969,38.184664399294775,37.61175707860957,38.184664399294775,53612561
2025-02-18,38.23922348022461,38.63025506320951,37.748160078012305,37.748160078012305,54666539
2025-02-19,38.175567626953125,38.33016320327594,37.975503987826244,38.19375554587291,37470223
2025-02-20,38.05734634399414,38.27559789318354,37.90275424293595,38.19375399586135,40767508
2025-02-21,37.64813232421875,38.184663797582424,37.484444520888076,38.15738018436673,59525579
2025-02-24,37.529911041259766,37.96641067586507,37.375315469363095,37.63903508266341,57110709
2025-02-25,37.31166076660156,37.68450443406758,37.202536721462714,37.42078828073126,50732120
2025-02-26,37.720882415771484,37.92094606738794,37.32985080706171,37.402602487282614,47644661
2025-02-27,38.5393180847168,38.55750600317285,37.539003383578624,37.8300031408939,62259657
2025-02-28,38.23922348022461,38.793942863946945,38.23922348022461,38.53931893790685,70542365
2025-03-03,38.23922348022461,38.75756702622955,38.148287354921955,38.30287946173463,47014902
2025-03-04,38.01188278198242,38.284694649015165,37.98460263597648,38.11191460932569,31724542
2025-03-05,39.00310134887695,39.02128926895812,37.966414187187524,38.15738214455325,63203743
2025-03-06,39.06675338745117,39.19406534616502,38.60297361370921,39.00309740809425,57205304
2025-03-07,39.62147521972656,39.83063108906543,38.96672399815034,39.01219553108607,60541319
2025-03-10,39.166786193847656,39.630569448309686,38.939442413540206,39.548725548639375,50874971
2025-03-11,39.56690979003906,39.68512952649395,38.839410390683554,38.89397414650676,56574109
2025-03-12,39.59419631958008,39.885196100761924,39.33047668382434,39.557820479684594,41825836
2025-03-13,39.86700439453125,40.35806777950956,39.55781672276609,39.64875284487732,58553928
2025-03-14,41.0673828125,41.34929036591804,39.957943987619146,40.012507747020024,91127535
2025-03-17,40.958255767822266,41.37656748566905,40.903692012411085,41.21287968842627,65420973
2025-03-18,41.049190521240234,41.26744206661044,40.758190773407044,41.185598170720446,42822001
2025-03-19,41.84944534301758,41.92219355205275,41.01281839067207,41.17650619723987,67070594
2025-03-20,41.140132904052734,41.75850480844395,40.7218177027713,41.75850480844395,67865603
2025-03-21,40.64906692504883,41.231066423433155,40.485379132504406,41.03100279499205,67541170
2025-03-24,40.96734619140625,41.0946581461109,40.51265865660931,40.51265865660931,44957619
2025-03-25,41.00372314453125,41.376566794469035,40.87641118635601,40.92187924727707,35687155
2025-03-26,38.793941497802734,40.54903571246604,38.74847343675258,40.46719181497949,157832632
2025-03-27,39.339569091796875,39.776072234585584,38.866697046926014,38.87578927244655,82795081
2025-03-28,39.30319595336914,39.51235182616836,39.157696064943984,39.37594416308623,38618409
2025-03-31,39.36684799194336,39.81243983789948,38.748472660869425,39.29409632052731,53956888
2025-04-01,38.98491287231445,39.36685225058505,38.875788822376144,39.35775655617877,38936035
2025-04-02,38.857601165771484,39.23954054662929,38.812133100405106,38.98491313639374,33120189
2025-04-03,38.78485107421875,38.96672332686486,38.211943765209114,38.211943765209114,46416550
2025-04-07,37.12978744506836,38.19375465976041,35.82028506515107,37.22981579332026,181563292
2025-04-08,37.42079162597656,37.466259693099815,36.775132584458234,37.08432029748396,161047736
2025-04-09,36.79331588745117,37.30256719469626,36.64781600952268,36.920627847014764,97396935
2025-04-10,37.37531661987305,37.69359999816814,36.87516098997028,37.275288269085166,74378875
2025-04-11,37.74816131591797,37.91184912202335,37.11160147994252,37.38441333378785,58305691
2025-04-14,37.720882415771484,38.11191402448126,37.65722643007371,37.90275814733271,48215984
2025-04-15,38.284690856933594,38.45747434850005,37.69359911507521,37.72997495214086,61456386
2025-04-16,38.42110061645508,38.721196085202216,38.030069019052355,38.17556890629586,57629358
2025-04-17,38.302879333496094,38.52113089007891,38.05734763321198,38.302879333496094,40579288
2025-04-18,38.875789642333984,38.91216548274432,38.239226311117434,38.31197799193811,43500128
2025-04-21,38.4483757019043,39.175878511382045,38.4483757019043,38.79393918950718,41646585
2025-04-22,38.20284652709961,38.68481769030588,38.20284652709961,38.475661833023835,43378813
2025-04-23,38.18466567993164,38.46656976812718,37.98460202844497,38.46656976812718,46774359
2025-04-24,38.38472366333008,38.53931924034678,38.148287654293235,38.19375571730138,41365185
2025-04-25,38.26650619506836,38.69391013675062,38.23013035820455,38.45747413511729,42434993
2025-04-28,38.51203918457031,38.70301061722922,38.221039391650564,38.33016691573884,38697317
2025-04-29,38.193756103515625,38.78485133557115,38.193756103515625,38.512036016781906,45769853
2025-04-30,37.047943115234375,37.86637862416863,36.83878378943856,37.86637862416863,117268210
2025-05-06,37.620845794677734,37.6572216301516,36.8387826769427,37.19344186932696,66640999
2025-05-07,38.211944580078125,38.40291253082344,37.56628905003963,38.002788709882175,71291388
2025-05-08,38.92125701904297,39.48506865945355,38.19375756867591,38.20284979412193,83380964
2025-05-09,39.53963088989258,39.64875493597947,38.92125551374873,38.92125551374873,66815472
2025-05-12,39.830631256103516,40.37625843270221,39.2031636454555,39.512351338164144,84897409
2025-05-13,40.521759033203125,40.603602937685224,39.8761000227372,40.09435159101981,69912417
2025-05-14,40.74909973144531,41.19469159056186,40.30350440333803,40.5126602613506,71279018
2025-05-15,40.8491325378418,41.26744776851726,40.603604285237886,40.76729209963456,68460048
2025-05-16,40.25803756713867,40.903693079218556,40.0397860087925,40.69453721484018,61965535
2025-05-19,39.86700439453125,40.43081598340041,39.785160497034866,40.194379984516786,50281701
2025-05-20,39.92156982421875,40.56722533767466,39.89428621124806,40.03978609412532,50053483
2025-05-21,39.92156982421875,40.348973778863346,39.867006067268214,39.96703788718211,49920035
2025-05-22,40.47628402709961,40.52175555712642,39.785160479974806,39.92156813207386,56565562
2025-05-23,40.05797576904297,40.63088310066896,39.92157157417363,40.57631934132663,54146009
2025-05-26,39.830631256103516,40.16709909349527,39.676039144244655,39.91247515914377,45609975
2025-05-27,39.77606964111328,40.14891330498397,39.712410190656065,39.83062992866115,36375001
2025-05-28,39.72150421142578,40.05797202343132,39.6487525391053,39.812440332835706,30035524
2025-05-29,39.53053665161133,39.96703628271999,39.51234873335796,39.73969250803897,49298970
2025-05-30,39.494163513183594,39.90338302936375,39.42141183520004,39.60328756116799,57139144
2025-06-03,39.985225677490234,40.40353740579234,39.557818255230224,39.557818255230224,50368513
2025-06-04,40.06707000732422,40.25803795459579,39.92157012335671,40.057974313268886,37341667
2025-06-05,40.348976135253906,40.39444420087261,40.012508286886224,40.067072047023295,42131680
2025-06-06,40.43991470336914,40.6581628003652,40.28531912142189,40.42172678378764,37349895
2025-06-09,40.55813217163086,40.630883852099444,40.20347640182417,40.55813217163086,47477446
2025-06-10,40.62178421020508,40.967347720869284,40.42172404633904,40.53084808744695,52834892
2025-06-11,41.20378875732422,41.54025658711339,40.667257287070264,40.667257287070264,77676108
2025-06-12,41.131038665771484,41.512978042374215,41.01281892194314,41.28563424908409,45239070
2025-06-13,41.0855712890625,41.24016340597341,40.876415412011305,41.14013504920279,47408056
2025-06-16,41.63119125366211,41.658474865763054,40.87641171935678,40.99463145448559,41447435
2025-06-17,41.81306838989258,41.876724371973836,41.56753668658309,41.72213226377389,47420901
2025-06-18,41.69485092163086,41.89491457277735,41.51297865948791,41.758506907179104,42642859
2025-06-19,41.494789123535156,41.885820716098344,41.25834964157138,41.68575707274297,51345430
2025-06-20,41.822166442871094,41.99494647983858,41.422039139801704,41.58572695124081,44815652
2025-06-23,42.05860137939453,42.14044528300056,41.312914021646705,41.74032145925496,53893148
2025-06-24,42.51328659057617,42.7406303691354,41.99494305298038,42.113162789148596,65581461
2025-06-25,43.19532012939453,43.19532012939453,42.36778887199103,42.51328875893041,60767987
2025-06-26,43.54088592529297,43.54088592529297,42.78610283762502,43.1862301492528,59020064
2025-06-27,42.03132247924805,43.53178946447245,41.867634667188504,43.513601544355716,95414320
2025-06-30,41.785789489746094,42.09497718434082,41.622101682667065,41.94947729682512,62461363
2025-07-01,42.240474700927734,42.44053486691324,41.75850353202955,41.79487936911446,45061309
2025-07-02,42.649696350097656,42.88613236511159,42.240476834697645,42.46782062447644,51856318
2025-07-03,42.3859748840332,42.69516256348921,42.1404431854366,42.64969450130261,55622576
2025-07-04,42.80428695678711,43.195318538974995,42.19500728672137,42.37687953695598,67894832
2025-07-07,42.922508239746094,43.013444368136895,42.4678206598102,42.804288497645295,56742742
2025-07-08,43.304439544677734,43.34990760404635,42.831564095464856,42.99525188438434,63742101
2025-07-09,42.85885238647461,43.44085193552476,42.85885238647461,43.195320225333425,61456635
2025-07-10,43.868263244628906,44.15016734977849,42.8315725537519,42.8315725537519,121978404
2025-07-11,43.29903030395508,44.114919720848405,43.280055710651325,43.90620281354073,118444284
2025-07-14,43.23262405395508,43.72595265717942,43.10929099839052,43.308522432466766,64848437
2025-07-15,42.900577545166016,43.564670259645965,42.50211829744418,43.422366228986206,66620626
2025-07-16,42.79621887207031,43.204163605530084,42.578016464248506,42.9385229020234,46818639
2025-07-17,42.69186019897461,43.004935577569995,42.60647633381531,42.78672955180325,41689506
2025-07-18,42.73929214477539,42.84365059763972,42.445194998376195,42.73929214477539,54343057
2025-07-21,42.5495491027832,42.91005912857972,42.530578128981816,42.73929141209892,56641201
2025-07-22,42.63493728637695,42.67288647589679,41.94238086329259,42.549553419474286,92231906
2025-07-23,42.80570602416992,43.35595842801168,42.65391288156426,42.66340198868373,85324905
2025-07-24,42.57801818847656,43.03339761702828,42.50211980753428,42.89108996227849,82662013
2025-07-25,42.530582427978516,42.85313968167578,42.454684048966996,42.540067915838,69626423
2025-07-28,42.16058349609375,42.8436544349056,42.13212341332123,42.502118965499676,63512720
2025-07-29,41.87596893310547,42.50211604430288,41.87596893310547,42.1605805983709,78581282
2025-07-30,42.141605377197266,42.45468073765015,41.67674050862819,41.90442838983609,72546085
2025-07-31,42.19853210449219,42.274430482885236,41.600845041265465,42.12263734513301,73319517
2025-08-01,42.141605377197266,42.66339764461875,42.07519611025883,42.21750375028898,59462094
2025-08-04,42.596988677978516,42.66339794538513,42.03725083909879,42.03725083909879,49800832
2025-08-05,42.92903518676758,43.07134282837033,42.350322752165766,42.48314128751038,55525830
2025-08-06,42.80570602416992,43.384418511302115,42.796220536084434,42.966988273895055,43029640
2025-08-07,42.83416748046875,43.26108318357581,42.653910644990496,42.80570377963682,44064325
2025-08-08,42.245967864990234,42.95749889502192,42.245967864990234,42.8816041337162,45642153
2025-08-11,41.83802032470703,42.34083801329917,41.83802032470703,42.24596504420927,53672371
2025-08-12,41.7431526184082,42.19853203087041,41.7431526184082,41.8664856735648,56225243
2025-08-13,41.30674743652344,41.98032925199868,41.25931276004546,41.87597079232683,87673736
2025-08-14,41.53443145751953,41.68622457951236,41.268794398790455,41.31622907084443,67635168
2025-08-15,41.07905578613281,41.49648962343163,41.07905578613281,41.42059124609227,93295684
2025-08-18,41.278282165527344,41.430075295904224,40.69008423769614,40.88931204274698,92639738
2025-08-19,41.173927307128906,41.45853897405615,41.06956885148106,41.22136198177783,57411852
2025-08-20,41.22136306762695,41.39213079608838,40.9367513932025,41.07905542089783,54724013
2025-08-21,41.24033737182617,41.35418131698874,41.01264586246727,41.268797453358374,57854002
2025-08-22,41.041107177734375,41.24982409933479,40.83239387516784,41.240338611550165,79449625
2025-08-25,41.61981964111328,41.61981964111328,40.89880314145772,41.0980309562138,90738990
2025-08-26,41.28777313232422,41.76212713850575,41.192900159667595,41.63879408356907,75572231
2025-08-27,40.79444122314453,41.420588315761684,40.79444122314453,41.26879519085551,75814078
2025-08-28,40.77547073364258,41.07905701400671,40.414960668572455,40.81341992344658,82242557
2025-08-29,40.690086364746094,41.73366735729421,40.690086364746094,40.775470231236085,136087899
2025-09-01,39.826759338378906,40.45290644111536,39.73188999091693,40.43393184781624,127633329
2025-09-02,41.21187210083008,41.26879588075909,39.71291541970229,39.71291541970229,145214114
2025-09-03,40.69957733154297,41.33520999632347,40.50983499522367,41.21187693486082,81840560
2025-09-04,40.84187698364258,41.09802856731132,39.97855288418142,40.61418909973725,93536328
2025-09-05,40.566749572753906,40.81341566168897,40.348547182716615,40.79444106876831,57232838
2025-09-08,40.25368118286133,40.88931381288362,40.19675739936808,40.50983278003018,85168162
2025-09-09,40.63316345214844,40.680598126094466,40.225218741952034,40.24418971630353,58952653
2025-09-10,40.79444122314453,40.93674886107125,40.37701103441095,40.604698912253426,47138694
2025-09-11,41.07905578613281,41.10751948715198,40.58572719052846,40.91777716283741,65073072
2025-09-12,40.35803985595703,41.24033860007005,40.24419228837002,41.15495473389673,82314003
2025-09-15,40.0544548034668,40.59521809939799,39.9500963395092,40.3011173027024,69949106
2025-09-16,39.608558654785156,40.253680378685196,39.52317479076798,40.14932192054934,85905078
2025-09-17,39.618045806884766,40.02599054999181,39.561125641170996,39.618045806884766,57236258
2025-09-18,38.735748291015625,39.69394175177374,38.707284590870735,39.63701797051767,100352240
2025-09-19,38.897029876708984,39.399843982878004,38.47011053230416,38.707287543747505,83656307
2025-09-22,38.821128845214844,39.248048160469736,38.70728490082479,39.03933486559359,65611030
2025-09-23,39.41881561279297,39.60855793148106,38.54600601347496,38.87805235690383,93885081
2025-09-24,39.20061492919922,39.74137820876343,39.1721548468118,39.37138266159148,64389951
2025-09-25,38.72625732421875,39.238560473811305,38.71677183731528,39.20061128813033,66694887
2025-09-26,38.7072868347168,38.89702916420262,38.2329328205192,38.71677594165975,68276667
2025-09-29,38.593441009521484,39.172153457770406,38.28985474470791,38.67882487268991,83555055
2025-09-30,38.3372917175293,38.69780178573805,38.3372917175293,38.56498323930166,70002520
2025-10-09,38.26139450073242,38.365749338353694,37.777551405156245,38.14754693763583,97231953
2025-10-10,38.11909103393555,38.564984990679385,38.07165635363036,38.232934990474824,95504979
2025-10-13,38.052677154541016,38.23293036550949,37.663707032636864,37.72062719450391,106593617
2025-10-14,39.1436882019043,39.36189421391233,37.78703917063433,38.03370164385607,173382668
2025-10-15,39.37137985229492,39.4377891191496,38.906511365278575,39.1342028652329,106276702
2025-10-16,39.779327392578125,39.83625117637912,39.02036170373419,39.37138265625566,106248776
2025-10-17,39.45676803588867,40.054455122106155,39.25754021349418,39.73189423959573,82982705
2025-10-20,39.29548263549805,39.6465071923823,38.991896372648874,39.475739467150426,64947729
2025-10-21,39.826759338378906,39.94060327914,39.36189446916816,39.36189446916816,75993124
2025-10-22,39.798301696777344,40.03547869900005,39.589584776730526,39.826761778953234,55133364
2025-10-23,40.07342529296875,40.31060227983306,39.637016886672875,39.79829911963808,71317373
2025-10-24,39.798301696777344,40.27265570122276,39.70342872446795,40.17778272891337,69883194
2025-10-27,39.45676803588867,39.81727810905537,39.295485785116455,39.75086883492388,98894862
2025-10-28,39.466251373291016,39.58009893905567,39.11523042643456,39.48522596758512,70595074
2025-10-29,38.67882537841797,39.3998418620191,38.602927001705325,39.3998418620191,91098760
2025-10-30,39.08677291870117,39.238566064017064,38.64087897100832,38.7072882458944,113153844
2025-10-31,38.79267120361328,39.18164135552324,38.745236525386986,39.143692165328616,70260700
2025-11-03,39.646507263183594,39.81727498872043,38.95395087363253,39.029845629963496,92198068
2025-11-04,40.80392837524414,40.89880134407804,39.66548170150709,39.6939417826404,134003592
2025-11-05,40.60470199584961,41.24033824275117,40.55726731928295,40.88931367428342,73171377
2025-11-06,40.168296813964844,40.69008548949823,40.13983673209166,40.4623975964451,87197274
2025-11-07,40.3295783996582,40.52880984450958,40.11137597818676,40.22522355211157,59319118
2025-11-10,40.528804779052734,40.68059790628001,40.111370964902505,40.2726531982879,53236873
2025-11-11,40.756492614746094,40.83239098779156,40.33906242009684,40.50034103426805,54467066
2025-11-12,40.72803497314453,41.13597970510743,40.72803497314453,40.90828819137057,58792878
2025-11-13,40.99367141723633,41.07905528117663,40.54778112246701,40.76598352608472,58798006
2025-11-14,41.031620025634766,41.354180882736365,40.96521075673447,41.022134538234894,51820955
2025-11-17,40.462398529052734,40.984187216612696,40.32009087833916,40.88931424312568,61067446
2025-11-18,40.680599212646484,40.70905929396752,40.2631653850913,40.37701294844293,51743927
2025-11-19,41.0031623840332,41.26879947543942,40.60470312788993,40.680601507739674,51169639
2025-11-20,41.01264572143555,41.54392349542355,40.84187799476204,41.003160233968686,58585152
2025-11-21,40.79444122314453,41.3162298638199,40.56674972626849,41.02213272002057,79126405
2025-11-24,40.443424224853516,40.99367299889498,40.32957665585135,40.88931453682662,67854882
2025-11-25,41.031620025634766,41.07905470070159,40.26316526103085,40.47188217416534,66640949
2025-11-26,41.031620025634766,41.39213007040331,40.76598295003359,41.11700388836854,45107206
2025-11-27,40.97469711303711,41.16443943636177,40.41495924969797,40.96521162543609,62143434
2025-11-28,40.747005462646484,40.908284070227594,40.623672421003974,40.889309477741556,49465789
2025-12-01,41.21187210083008,41.2403358003114,40.72803263805115,40.87034027835687,56791942
2025-12-02,41.15495681762695,41.41110842911621,41.003163672192656,41.211876985268525,40673497
2025-12-03,40.80392837524414,41.344695250013075,40.79444288787761,41.05059447517856,46895972
2025-12-04,41.0031623840332,41.192901095589676,40.803930946444595,40.84188013636947,36120746
2025-12-05,41.22136306762695,41.31623241942384,40.70905988224266,41.03162074499939,54890622
2025-12-08,40.965213775634766,41.401618608864,40.8608553113769,41.211876275580074,58003881
2025-12-09,40.832393646240234,41.079056136630086,40.633165832575294,40.96521218868352,46593870
2025-12-10,39.56112289428711,40.8703409003087,39.41881525181579,40.8703409003087,108315686
2025-12-11,39.542152404785156,39.89317337520435,39.28600079317091,39.71292014586132,84623107
2025-12-12,39.59907150268555,39.68445536311359,39.352405408545145,39.608556989829275,71762547
2025-12-15,39.6559944152832,40.1113738294863,39.4947157894136,39.599074250403994,56266557
2025-12-16,39.56112289428711,39.96906760906895,39.30497130925895,39.63701764964711,56617635
2025-12-17,39.390357971191406,39.70342974023739,39.11523177300614,39.46625273194676,63126744
2025-12-18,40.196754455566406,40.24418912881998,39.27651021353948,39.40932874626294,76811931
2025-12-19,39.83625030517578,40.301115196098955,39.76035192843432,40.196756737596345,57382341
2025-12-22,39.627532958984375,39.969068412554364,39.570609177044794,39.92163373712159,52473989
2025-12-23,39.760353088378906,39.88368614466493,39.52317608269327,39.59907446164895,60651014
2025-12-24,39.6844596862793,39.83625283035042,39.41881896987931,39.77932904418599,53630520
2025-12-25,39.637020111083984,39.92163541370107,39.56112535101096,39.779327762392526,49921351
2025-12-26,39.56112289428711,39.731890617639216,39.48522451989342,39.64650675596316,50880959
2025-12-29,39.72240447998047,39.77932826502993,39.29548513969435,39.52317666085826,68255105
2025-12-30,40.11137008666992,40.30111239630804,39.637016122091396,39.75086367929439,83478293
2025-12-31,39.94060516357422,40.15881118729244,39.769837434858786,40.07342732293473,55414239
2026-01-05,40.17778396606445,40.604703307017765,40.10188920491384,40.3011170243474,84082964
2026-01-06,40.538291931152344,40.595215713338135,39.93111939730565,40.27265485235286,92371482
2026-01-07,39.98804473876953,40.81341970796211,39.97855563185166,40.55726810668843,88055952
2026-01-08,39.44728088378906,40.08291351481677,39.18164017943423,40.035478838014285,111572692
2026-01-09,39.181636810302734,39.618041589814354,39.010869093270614,39.40932830602341,98547074
2026-01-12,39.01087188720703,39.30497266961091,38.89702794071003,39.18163961646944,118664058
2026-01-13,39.020362854003906,39.257539864948924,38.92548987820551,39.08677212754579,115936473
2026-01-14,38.01472854614258,39.058305878644674,38.00524305869819,39.020360309833386,191774380
2026-01-15,38.052677154541016,38.346774308277276,37.94831869907318,38.052677154541016,121727094
2026-01-16,37.68574905395508,38.444913241255165,37.617619124982134,38.43518198546017,152524530
2026-01-19,37.520286560058594,37.8804024154666,37.471622857349814,37.695478860052226,98870273
2026-01-20,37.69548034667969,38.0847974093088,37.481355590953406,37.53975426418858,111387322
2026-01-21,37.218570709228516,37.89986999716936,37.160172036203875,37.88040377282781,121499985
2026-01-22,36.838985443115234,37.54948964717455,36.79032173795023,37.24776873466721,187754633
2026-01-23,36.49833679199219,37.1504386271971,36.3815431538426,36.838986450262986,189211273
2026-01-26,37.00444793701172,37.27696766678995,36.31341364347242,36.49833721542153,216679416
2026-01-27,37.082305908203125,37.48135421195514,36.85844990490834,37.0433771736146,157240627
2026-01-28,36.790321350097656,37.413225680369365,36.692993940793706,37.10177351523351,204166688
2026-01-29,37.500823974609375,37.617621327804734,36.54700120033124,36.86818835241415,199998187
2026-01-30,37.637081146240234,38.12372561130857,37.50082129006952,37.50082129006952,166084303
2026-02-02,37.4229621887207,38.25025634025071,37.384029738276205,37.84147674899197,138497888
2026-02-03,37.2769660949707,37.63708196739343,37.12124001126336,37.63708196739343,84279156
2026-02-04,37.96800231933594,37.977737288521695,37.2380355681253,37.27696801926256,102131628
2026-02-05,38.6493034362793,38.85369322535633,37.870673016364854,37.8998704968608,121889452
2026-02-06,38.542240142822266,38.882893496003334,38.25998917485267,38.6395712635037,80297978
2026-02-09,38.425445556640625,38.678502751325894,38.27945444844761,38.54223918575554,65894891
2026-02-10,38.289188385009766,38.503313147382954,38.25999090388716,38.43518321622835,49596465
2026-02-11,38.34758758544922,38.39625129225455,38.152929045425054,38.30865513488382,52881696
2026-02-12,37.94853973388672,38.36705058800057,37.6954825147821,38.347588075272114,77752571
2026-02-13,37.6760139465332,38.04586478302547,37.59815276205216,37.909604925581654,70537032
2026-02-24,37.899871826171875,38.357318838267425,37.783078187288936,38.15292904202156,75467438
2026-02-25,37.744144439697266,38.10426402581578,37.68574947866388,37.860941787369455,72397149
2026-02-26,37.666282653808594,37.97773481703243,37.47162412359303,37.76361006251505,59332534
2026-02-27,37.71494674682617,37.909605279047746,37.60788436846417,37.71494674682617,63703472
2026-03-02,37.637081146240234,37.83173967482809,37.393758913706066,37.56895121815487,68547313
2026-03-03,38.133460998535156,38.493576867055545,37.5300228948086,37.62735030377,138465642
2026-03-04,37.56895065307617,37.987465183764236,36.99471004442064,37.96799895991798,115193902
2026-03-05,38.10426330566406,38.19185945836133,37.59815261372462,37.62735009368949,78336979
2026-03-06,38.15292739868164,38.269721032533994,37.90960516235434,38.05559627646911,46595667
2026-03-09,37.75387954711914,38.13346164644163,37.71494709775203,37.860941926477324,76677490
2026-03-10,38.172393798828125,38.19186002336023,37.76361050925927,37.899870368181325,61371700
2026-03-11,38.44491195678711,38.44491195678711,37.90960379868349,38.250253432166915,68940710
2026-03-12,38.44491195678711,38.522776851756205,38.279454624181604,38.396248253832695,52772330
2026-03-13,38.697967529296875,38.980222219596136,38.298919203040334,38.405981583002315,76527668
2026-03-16,38.843963623046875,38.97049223192014,38.581175148988336,38.7077037578616,61094451
2026-03-17,39.0483512878418,39.281942267401746,38.76610031657697,38.82449527686495,65622927
2026-03-18,38.853694915771484,39.24301199906815,38.7271700195825,39.05808842654381,70583141
2026-03-19,38.70770263671875,38.9704911031658,38.63957270609945,38.81476501706415,65024684
2026-03-20,38.688236236572266,39.00942337615327,38.60064008148679,38.785563647643805,61580273
2026-03-23,37.64681625366211,38.63957141160201,37.5202876526926,38.52277777913927,95773829
2026-03-24,38.20159149169922,38.26972142153918,37.69548078945758,37.76361071929754,61633642
2026-03-25,38.21132278442383,38.34758635703771,37.89987061548324,38.27945642713213,65381669
2026-03-26,38.50331115722656,38.62983604408656,38.09452787862535,38.104262847031556,61679007
2026-03-27,38.38651657104492,38.63957378855099,38.201592998869614,38.44491524727006,46800671
2026-03-30,38.425445556640625,38.51304170667744,38.08479592472106,38.191858298410786,64605410
2026-03-31,38.26972198486328,38.66877031385813,38.23078953500945,38.48384674625659,66309671
2026-04-01,38.75636672973633,38.97049149256671,38.367049654190694,38.50331322959362,88152581
2026-04-02,38.697967529296875,38.85369361484082,38.52277893176233,38.79529865326356,53462988
2026-04-03,38.34758758544922,38.7563671779774,38.30865513488382,38.69796850212931,46448537
2026-04-07,37.94853973388672,38.54224290497981,37.91933853918826,38.337853106105,52836661
2026-04-08,38.56170654296875,38.581172767193884,38.143192004134896,38.44491291042056,66949789
2026-04-09,38.21132278442383,38.464379992189755,38.07506292461266,38.4254475428715,53585405
2026-04-10,38.16265869140625,38.32811974292621,38.08479750636361,38.26972106954222,54320208
2026-04-13,37.938804626464844,38.113996942805656,37.88040595008362,38.08479946101647,52514495
2026-04-14,38.08479690551758,38.13346060950182,37.90960460093222,37.95826830491646,50399861
2026-04-15,38.834232330322266,38.85369484292803,38.172395517640474,38.20159299935198,105210379
2026-04-16,38.843963623046875,39.07755461536654,38.68823753243473,38.83423236673487,61725776
2026-04-17,38.464378356933594,38.8342291841279,38.444912133102044,38.78556176814775,58792518
2026-04-20,38.805030822753906,38.8342320170327,38.27945759217247,38.44491493760668,58877642
2026-04-21,38.805030822753906,39.077554263473246,38.79529956652953,38.843963273257074,54594915
2026-04-22,38.678504943847656,38.96075592080812,38.56170759530946,38.80502983555993,50759455
2026-04-23,38.74663543701172,38.79529914320826,38.46438074314787,38.65903928073683,56948934
2026-04-24,38.328121185302734,38.73690077596595,38.308654960108846,38.6785058131871,62941438
2026-04-27,38.328121185302734,38.92182805890649,38.26972250972106,38.46438104885714,92616843
2026-04-28,38.542240142822266,38.571441335428005,38.21132175811065,38.32811910292836,66930520
2026-04-29,37.47162628173828,37.97773700432668,37.31590019115746,37.87067462090182,253311717
2026-04-30,37.24776840209961,37.48135566992711,37.10177357510541,37.37429700464107,116957410
2026-05-06,36.984981536865234,37.32563119747839,36.8097892220348,37.26723623440347,143177103
2026-05-07,36.936317443847656,37.14070723807855,36.92658247490173,37.03364485649014,79008987
2026-05-08,36.92658233642578,37.160173323815684,36.887653599196454,37.01417849259665,86953912
2026-05-11,36.95578384399414,36.96551510018337,36.692995373251264,36.93631761881287,92548934
2026-05-12,36.88765335083008,37.12124062384444,36.8487209010601,36.96551453756728,96729929
2026-05-13,36.868186950683594,37.07257674180023,36.83898575709354,36.94604813705066,71830416
2026-05-14,36.80005645751953,37.004446245510394,36.722191559540526,36.80005645751953,86786790
2026-05-15,36.64432907104492,36.95578122627824,36.60539662344012,36.80005514866158,82173796
2026-05-18,36.469139099121094,36.654062667852216,36.35234174884616,36.6443314117307,70768410
2026-05-19,36.37180709838867,36.73192668386378,36.34260961792415,36.478869477162206,71991007
2026-05-20,36.177146911621094,36.43993536219686,36.177146911621094,36.371805435692316,69318422
2026-05-21,36.157684326171875,36.34260788161679,36.11875187887741,36.18688180524146,72519969
2026-05-22,36.031158447265625,36.332879367357506,35.982494740877335,36.10901963492633,79761712
2026-05-25,35.95329284667969,36.264745016863166,35.914364110008805,36.02142277685715,71066833
2026-05-26,36.01169204711914,36.293946740723285,35.914364634815605,35.95329337205535,70620290
2026-05-27,36.01169204711914,36.19661561561696,35.79756728468802,36.021423303228374,84514627
2026-05-28,36.12848663330078,36.43020755985041,35.982495511011265,36.06035670033843,99579106
2026-05-29,36.994712829589844,37.02391402395894,35.94356265237358,36.109019998319454,153138355
2026-06-01,37.17963790893555,37.17963790893555,36.79032085139172,36.98497938016363,96137886
2026-06-02,37.76361083984375,37.84147573865381,37.03364412111171,37.14070650057418,125696953
2026-06-03,37.47162628173828,37.77334720658988,37.22830403315557,37.77334720658988,88127454
2026-06-04,37.082305908203125,37.61761777782385,36.97524724708152,37.37429555083354,73884128
2026-06-05,37.54948806762695,37.666281697670485,37.09204109015283,37.16017101707843,77870900
2026-06-08,37.47162628173828,37.72467978663104,37.33536641658042,37.37429886742634,76947767
2026-06-09,37.46189498901367,37.60788611033968,37.37429883109693,37.47162624531426,66450037
2026-06-10,37.86094284057617,38.036135154155204,37.35483212499262,37.4229620566286,93586076
2026-06-11,37.69548034667969,38.04586496048535,37.53975426418858,37.89013887799424,59445402
2026-06-12,38.289188385009766,38.29891964111637,37.3158994110266,37.55922165452239,111983390
2026-06-15,37.90960693359375,38.31838652757762,37.69548216752438,38.16266043756431,97740434
2026-06-16,37.53975296020508,37.851205114368675,37.38402688312328,37.77334393222905,78966910
2026-06-17,37.20883560180664,37.812273702932146,37.12123944899788,37.64681636585041,66045163
2026-06-18,36.26474380493164,37.179637772973166,36.26474380493164,37.130974069158796,100346053
2026-06-22,36.64432907104492,36.88765129937111,35.96302608917109,36.02142104777573,110076764
2026-06-23,36.40100860595703,37.16990406298258,36.35234118769234,36.64433084606957,100800729
2026-06-24,35.778099060058594,36.5761993901141,35.76836780449323,36.48860323881548,123616556
2026-06-25,35.26225662231445,36.001958270116674,35.23305914322839,35.748901075362355,118116225
2026-06-26,35.03840255737305,35.495849556635626,34.92160892176657,35.408253401730086,105541023
2026-06-29,35.447181701660156,35.73917135628292,34.454430242032466,34.941074716000145,108073461
2026-06-30,34.5517578125,35.41798438614523,34.4057629845092,35.39851816155961,109903751
2026-07-01,34.9508056640625,35.15519545025638,34.337632592678204,34.57122357175882,89122129
2026-07-02,35.62237548828125,35.81703402851068,35.16493218846535,35.310923309035296,94461448
2026-07-03,35.84623336791992,36.07008937811882,35.379051410423564,35.690503573552704,85312390
2026-07-06,36.722190856933594,36.75138833671574,35.54451214355383,35.71970444785195,97154407
2026-07-07,36.547000885009766,36.848721808956924,36.30367863715644,36.71246194420752,65258740
2026-07-08,36.92658233642578,36.95578353035126,36.15768686870683,36.36207666217126,76713452
2026-07-09,36.547000885009766,36.80005810194683,36.37180856953114,36.69299571884291,76564557
2026-07-10,36.880001068115234,36.91999816894531,36.33000183105469,36.61000061035156,79377153
2026-07-13,37.25,37.400001525878906,36.709999084472656,36.810001373291016,93308476
2026-07-14,37.18000030517578,37.2400016784668,36.81999969482422,37.099998474121094,80415432
2026-07-15,37.7599983215332,37.959999084472656,36.75,37.0,115462595
2026-07-16,37.66999816894531,38.119998931884766,37.5,37.70000076293945,76689870
2026-07-17,38.02000045776367,38.20000076293945,37.68000030517578,37.7599983215332,115858449
2026-07-20,38.90999984741211,38.90999984741211,37.88999938964844,37.95000076293945,143361015
2026-07-21,37.9900016784668,39.400001525878906,37.900001525878906,39.18000030517578,156012742
2026-07-22,38.709999084472656,38.709999084472656,37.630001068115234,37.849998474121094,108454598
2026-07-23,38.90999984741211,38.9900016784668,38.45000076293945,38.68000030517578,79493797
2026-07-24,39.20000076293945,39.25,38.900001525878906,39.18000030517578,98296005
2026-07-27,39.0,39.2400016784668,38.689998626708984,39.119998931884766,71584573
2026-07-28,39.59000015258789,39.59000015258789,38.95000076293945,39.16999816894531,105018681
2026-07-29,39.65999984741211,40.06999969482422,39.4900016784668,39.97999954223633,114871245
2026-07-30,40.54999923706055,40.54999923706055,39.54999923706055,39.65999984741211,137457952
2026-07-31,39.619998931884766,40.16999816894531,39.040000915527344,39.849998474121094,149155003
2026-08-03,40.36000061035156,40.41999816894531,39.79999923706055,39.880001068115234,121749307
2026-08-04,39.279998779296875,40.15999984741211,39.209999084472656,40.15999984741211,110499947
2026-08-05,38.939998626708984,39.47999954223633,38.720001220703125,39.18000030517578,96045405
2026-08-06,38.970001220703125,39.150001525878906,38.470001220703125,39.0,85375464
2026-08-07,38.79999923706055,39.099998474121094,38.47999954223633,38.900001525878906,77964748
2026-08-10,38.90999984741211,39.27000045776367,38.70000076293945,38.790000915527344,65175786
2026-08-11,38.95000076293945,39.20000076293945,38.77000045776367,39.0,50076953
2026-08-12,38.70000076293945,38.970001220703125,38.560001373291016,38.95000076293945,55748865
2026-08-13,38.77000045776367,38.810001373291016,38.5,38.59000015258789,50198478
2026-08-14,38.459999084472656,38.75,38.459999084472656,38.650001525878906,48680178
2026-08-17,38.20000076293945,38.459999084472656,38.060001373291016,38.349998474121094,65674416
2026-08-18,38.290000915527344,38.36000061035156,38.029998779296875,38.150001525878906,60136128
2026-08-19,39.150001525878906,39.150001525878906,38.400001525878906,38.54999923706055,124893872
2026-08-20,38.86000061035156,39.06999969482422,38.470001220703125,38.79999923706055,74785718
2026-08-21,38.900001525878906,39.099998474121094,38.7599983215332,38.79999923706055,51421949
2026-08-24,39.66999816894531,39.689998626708984,38.77000045776367,38.869998931884766,77636438
