Date,Close,High,Low,Open,Volume
2021-09-01,39.558170318603516,39.68278739087736,37.85247061366768,38.07055271847592,82605536.0
2021-09-02,40.18904495239258,40.40712706808219,39.176530818259316,39.480284761388745,72620098.0
2021-09-03,40.500587463378906,40.757611848411706,39.262203997096755,40.266930822234336,64257332.0
2021-09-06,39.877498626708984,41.08472697683086,39.86192112250743,40.118942514070284,54742847.0
2021-09-07,41.13146209716797,41.34175396056378,39.293358080320466,39.94759844273898,77232009.0
2021-09-08,40.81991195678711,41.70780882478411,40.70308217053282,41.06135879519704,55390668.0
2021-09-09,40.57847213745117,41.03021088659555,40.251353433123505,40.57847213745117,35780025.0
2021-09-10,42.15176773071289,42.463311924052576,40.30587625860519,40.50059063666608,107097799.0
2021-09-13,41.995994567871094,42.44773333963456,41.6688758471642,41.8012801947535,59283043.0
2021-09-14,40.57847213745117,42.75148514570346,40.34481549563064,42.29195912931074,63116569.0
2021-09-15,40.03327178955078,40.88222647950799,39.56595556407316,40.500585043923195,54233793.0
2021-09-16,39.488075256347656,40.3681850501547,39.10643377974284,39.90086877444846,62989614.0
2021-09-17,39.91644287109375,40.14231223650276,39.332299804687494,39.550378932058806,42016472.0
2021-09-22,38.48335266113281,38.927301241185425,37.4630481683052,37.91478698792694,112259622.0
2021-09-23,38.039398193359375,39.35566622175346,37.8602613353724,38.55344399444104,86102453.0
2021-09-24,37.98487854003906,38.4210397856215,37.69670211281596,37.73564439145064,53203933.0
2021-09-27,38.23411178588867,38.78709985431863,37.548716407900564,37.61102642912918,66790515.0
2021-09-28,39.269989013671875,39.70615023095499,38.23411020789417,38.24189747467368,70992547.0
2021-09-29,40.15789031982422,40.63299085828191,38.639117731073654,38.90392937716916,90460986.0
2021-09-30,39.29336166381836,40.056641661065775,39.02075975480497,40.033276886703845,58611808.0
2021-10-08,39.667213439941406,39.784043255525575,38.95845322079132,38.95845322079132,64555292.0
2021-10-11,41.27944564819336,42.19849769465289,40.06442693310141,40.06442693310141,97177865.0
2021-10-12,41.349544525146484,41.894745365824775,40.73424639107948,41.045790577497236,58937329.0
2021-10-13,41.30280685424805,41.590986230627465,40.53952696094281,41.240499807399246,44255673.0
2021-10-14,40.78097915649414,41.47416185579629,40.65636207539607,41.2716602131765,28899621.0
2021-10-15,41.52088928222656,41.62213860556395,40.773183916249565,40.851071439322794,42035759.0
2021-10-18,40.39155197143555,41.552048027036484,40.15010506759573,41.520895983884316,57794539.0
2021-10-19,41.18598556518555,41.52868179669649,40.50059013105808,40.69530450668817,48169257.0
2021-10-20,40.8121337890625,41.77791541579242,40.71866875078111,41.44300645638133,30570959.0
2021-10-21,41.863590240478516,42.05830461369005,40.96790293526327,41.1626173084748,57658698.0
2021-10-22,42.28417205810547,42.68138805393146,41.848010812541,42.12839997246777,54715058.0
2021-10-25,42.517826080322266,42.78263771825244,41.3573272335122,41.92589575671054,62334126.0
2021-10-26,43.07081604003906,43.795153700328974,42.291958596381555,42.51782796810752,71542369.0
2021-10-27,42.46330642700195,42.99292970445411,41.925895882721925,42.99292970445411,42039441.0
2021-10-28,42.22965621948242,42.83716414201537,41.94147679424004,42.29196327689585,34623228.0
2021-10-29,42.03493881225586,42.642446691073566,41.82464693779462,42.22965318070825,40543943.0
2021-11-01,42.15176773071289,42.75927861061471,41.51310480836161,42.058305661153234,42501781.0
2021-11-02,40.69530487060547,42.43994699913895,40.24356608897332,42.330904452082294,75220649.0
2021-11-03,40.266929626464844,40.88222770772107,40.243561883270544,40.773185172060046,44437241.0
2021-11-04,40.30587387084961,40.57847279554361,39.93980991102728,40.50058823737545,48291475.0
2021-11-05,40.15789031982422,40.58626131380379,40.04884778346286,40.28250739027474,36197416.0
2021-11-08,39.955387115478516,40.422703374278605,39.56595838536448,39.97096462121573,38674906.0
2021-11-09,39.768463134765625,40.26693143576375,39.41018644370597,40.03327479105906,38788364.0
2021-11-10,39.433555603027344,39.838561854898366,38.97402956447229,39.76846456186097,55807106.0
2021-11-11,41.13924789428711,41.17819017031595,39.30114394311584,39.371241228409836,84973170.0
2021-11-12,40.8121337890625,41.41964168236376,40.69530397676354,41.1392525097307,34359656.0
2021-11-15,41.22492599487305,41.754549310492436,40.78876474344959,41.115886424793544,36695032.0
2021-11-16,40.8900146484375,41.57541001159697,40.625203006155786,41.20155880562961,32231509.0
2021-11-17,40.375972747802734,41.14704297682277,40.352607973655495,40.671939428458515,33938551.0
2021-11-18,40.04106140136719,40.50058741589171,39.7217299655861,40.34481533160951,34244267.0
2021-11-19,40.75761032104492,41.076941745233675,39.807403315412664,40.09557972965489,46466797.0
2021-11-22,40.25914001464844,40.76539853922445,40.18125545906998,40.57847144628867,37653834.0
2021-11-23,40.30587387084961,40.73424488298538,40.06442698675961,40.30587387084961,38914891.0
2021-11-24,40.29808807373047,40.422705154009385,39.85413656843719,40.18125826111031,31503965.0
2021-11-25,40.04884719848633,40.266929296918285,39.908655595994375,40.266929296918285,21566020.0
2021-11-26,39.020755767822266,40.072215073259024,38.849409154832976,39.87750071718985,82335731.0
2021-11-29,38.802677154541016,39.02075628547788,38.023819719931836,38.77152214409137,82724704.0
2021-11-30,38.545658111572266,38.826044309509896,38.09391934564599,38.53786787292912,61004256.0
2021-12-01,38.93508529663086,39.09864464833377,38.38209424818399,38.5378663326605,50036103.0
2021-12-02,39.63605499267578,39.72172978720151,38.545656349807984,38.95065960757535,55607048.0
2021-12-03,39.91644287109375,39.93980764299631,39.30893503278494,39.77624829746782,49407647.0
2021-12-06,40.360389709472656,40.81212842177359,39.9787512522165,40.10336831576414,60471643.0
2021-12-07,40.375972747802734,40.95232860264762,39.79961689295785,40.72645921553911,54077371.0
2021-12-08,40.531742095947266,40.71866621867499,40.03327380719952,40.48500957971265,49097472.0
2021-12-09,41.380699157714844,41.93368726097403,40.34481727283544,40.695303736558,84055721.0
2021-12-10,41.66109085083008,41.66109085083008,41.03021517793663,41.20156478637563,56426281.0
2021-12-13,40.82770538330078,42.214073640218366,40.81991811622439,41.71560535638049,64554566.0
2021-12-14,39.83856201171875,40.89001844031315,39.604902386603946,40.749823853686486,81062947.0
2021-12-15,39.72172546386719,39.98653708580384,39.550375893465514,39.72172546386719,37849327.0
2021-12-16,39.877498626708984,39.95538317661164,39.41797265163103,39.65162927244412,38365339.0
2021-12-17,39.5425910949707,40.03327209558641,39.45691630442293,39.79182522868863,47644905.0
2021-12-20,39.480281829833984,39.955385334775904,39.24662519640009,39.69057369125608,47082627.0
2021-12-21,39.433555603027344,39.71394477517694,39.17653120485503,39.44913310938071,35694442.0
2021-12-22,38.95065689086914,39.527012668594026,38.849407569041865,39.43355061340532,43682819.0
2021-12-23,39.11422348022461,39.14537552129194,38.69363972920799,39.028548682302095,42370871.0
2021-12-24,38.83382797241211,39.11421709397689,38.81825046886906,39.11421709397689,34465068.0
2021-12-27,38.42103958129883,38.98960516543662,38.16401519568708,38.84162034786426,73594333.0
2021-12-28,38.654701232910156,38.787105590945615,38.31979224703652,38.42104456095561,65322073.0
2021-12-29,37.08918762207031,38.724789903543915,37.08140035555271,38.68584465764052,143890268.0
2021-12-30,37.77458572387695,37.99266485565284,37.120345357443945,37.299482211560615,96791651.0
2021-12-31,37.938148498535156,38.07055581985932,37.64218478471521,37.80574414831659,49293501.0
2022-01-04,37.657752990722656,37.93814212182852,37.00351267517735,37.93814212182852,71960645.0
2022-01-05,38.20295715332031,38.693638176482644,37.69670159580205,37.766798884825235,83717375.0
2022-01-06,37.50198745727539,38.46776903277835,37.46304220783777,38.0238205233591,68186664.0
2022-01-07,38.20295715332031,38.2730544423435,37.41631243970929,37.49419699591044,66073705.0
2022-01-10,38.3431510925293,38.942871672823415,38.09391695151165,38.53007818384519,57093634.0
2022-01-11,38.82604217529297,39.02075653519134,38.07833974634851,38.545655992767806,71561748.0
2022-01-12,38.755943298339844,39.02075493579163,38.31199481365674,38.8416180885603,51841118.0
2022-01-13,38.42882537841797,38.98181343580867,38.257475794565245,38.826041356952125,40140754.0
2022-01-14,37.400733947753906,38.530077809514964,37.385156442703476,38.530077809514964,66657098.0
2022-01-17,37.83689880371094,38.04718771429132,37.29948522681163,37.673336470551476,53180761.0
2022-01-18,38.17180633544922,38.42883074713602,37.60324069363061,37.8914201196623,57907708.0
2022-01-19,38.7092170715332,38.92729621360938,38.24969104279735,38.53008020895557,62028026.0
2022-01-20,40.00990676879883,40.41491300332191,38.84941082068375,38.84941082068375,138624871.0
2022-01-21,40.360389709472656,40.500584277351905,39.885286226226896,40.025480794106144,85808094.0
2022-01-24,40.383758544921875,40.500588353614866,39.74509565857254,40.46164607441902,63815520.0
2022-01-25,39.64384460449219,40.33702724582034,39.48807252337112,40.15010015425399,58351289.0
2022-01-26,39.72172546386719,40.10336687855135,39.41018133061052,39.91643980437634,43669628.0
2022-01-27,39.5425910949707,39.86192251449087,39.036332589609465,39.643843390263996,52940057.0
2022-01-28,38.32757568359375,39.877503368229306,38.28084613653797,39.76067355837889,71514411.0
2022-02-07,39.99433135986328,40.11116117308147,39.04412723203721,39.176531580652636,73234913.0
2022-02-08,40.274723052978516,40.500592454733756,39.71394763934181,40.15010596426972,52824176.0
2022-02-09,40.20462417602539,40.76540253874574,39.9398125015303,40.422706301030885,51220706.0
2022-02-10,40.274723052978516,40.42270788845542,39.72173490752734,40.42270788845542,33554247.0
2022-02-11,41.0925178527832,41.27944494851569,40.22798857694848,40.36039291763389,80993265.0
2022-02-14,39.877498626708984,41.271654056144406,39.721726555798554,41.271654056144406,59405166.0
2022-02-15,39.11422348022461,40.01769803549799,38.9039316047163,39.68278908240389,56617903.0
2022-02-16,39.776248931884766,40.00211830089632,39.122008568230655,39.379032947679384,40495579.0
2022-02-17,40.08000564575195,40.48501189631075,39.65942188889025,39.9320237925327,44157043.0
2022-02-18,40.547325134277344,40.586267417567406,39.91644944899755,39.91644944899755,35439010.0
2022-02-21,40.31365966796875,40.414911966779,39.72951658969515,40.36818242202453,31345076.0
2022-02-22,39.89308166503906,39.994330999737194,39.51923042565496,39.78404209160689,36983993.0
2022-02-23,39.589324951171875,40.08000299731493,39.4491303748152,40.08000299731493,37499974.0
2022-02-24,38.95845031738281,39.39461156247208,38.82604300484813,39.37124381843337,48238083.0
2022-02-25,38.79488754272461,39.33229807052602,38.59238295814658,38.97402438532508,45184050.0
2022-02-28,38.787105560302734,38.89614514238833,38.40546702300316,38.62354618717435,33528964.0
2022-03-01,39.12980270385742,39.3323043496583,38.444407261498355,38.94287559372109,40645436.0
2022-03-02,38.53007507324219,39.12200536759515,38.5067073317734,38.78709646055825,39707598.0
2022-03-03,38.732582092285156,38.91950919461915,38.514502948816734,38.615755253043716,31128967.0
2022-03-04,37.93035888671875,38.467769464386166,37.77458680053669,38.35872989539035,57789720.0
2022-03-07,36.419376373291016,37.587662654746666,36.216874725125194,37.39294827450406,101435369.0
2022-03-08,35.42243576049805,36.42716256395404,35.20435662961656,36.26360321579292,83466464.0
2022-03-09,34.573482513427734,35.617151638917555,33.498658376166766,35.51589933621405,90043112.0
2022-03-10,34.8149299621582,35.59378744242525,34.76041017622795,35.51589991173525,67149583.0
2022-03-11,34.620216369628906,34.88502803771134,33.5687569649903,34.659158650295765,74052488.0
2022-03-14,32.8288459777832,34.2541537083597,32.789900724517466,33.880302451632986,108046557.0
2022-03-15,30.72593116760254,32.408263369125955,30.515639271023886,32.408263369125955,131309249.0
2022-03-16,33.16374969482422,33.335096303385605,31.084198880769843,31.20102867983438,137744932.0
2022-03-17,34.66694641113281,35.18099224812226,34.01270598486391,34.38656020367952,131964759.0
2022-03-18,35.95984649658203,35.95984649658203,34.2853047870678,34.73704055626182,92358531.0
2022-03-21,34.90060043334961,35.741764862774666,34.73703812473198,35.741764862774666,79103220.0
2022-03-22,35.46137619018555,35.71840055627891,34.90838815363368,35.079737731029255,54903830.0
2022-03-23,35.64051818847656,35.80408052287412,35.28224444856876,35.585998400712576,46995984.0
2022-03-24,35.64830780029297,35.89754196028867,35.32897634710438,35.515900481548385,38033234.0
2022-03-25,35.18878173828125,35.78850236385899,35.04858715198487,35.60157525842863,31825936.0
2022-03-28,35.0875244140625,35.438010829675925,34.464439103585924,34.92396507714461,38645874.0
2022-03-29,35.056373596191406,35.476957345201576,34.9784890372364,35.16541613827608,34962089.0
2022-03-30,36.00658416748047,36.0611039582731,35.321188691808544,35.32897893112507,52072269.0
2022-03-31,36.45052719116211,36.6997613314934,35.687247265009375,35.81965457330711,61588490.0
2022-04-01,36.68418502807617,36.972364426297794,36.04552215116704,36.20908447514068,47613944.0
2022-04-06,36.910057067871094,37.174868741150945,36.12341228698115,36.13898979377475,47826855.0
2022-04-07,36.49726486206055,37.065830510698135,36.27918570124222,36.878903393492614,37720107.0
2022-04-08,36.746498107910156,36.746498107910156,36.29475931923751,36.3726468540633,36423474.0
2022-04-11,35.74955749511719,36.50504718756458,35.508110620397936,36.38043011666875,49261173.0
2022-04-12,35.593780517578125,36.18571078013335,35.13425457477811,35.98320918194746,58884049.0
2022-04-13,35.632728576660156,35.90532749754763,35.29003236595798,35.59378629811986,44822252.0
2022-04-14,35.64051818847656,36.16235426278192,35.63273092069839,35.8352325650924,32661329.0
2022-04-15,36.47389221191406,36.606296539223365,35.43022321301541,35.59378254831692,42315903.0
2022-04-18,33.79462814331055,35.7962917809396,33.31952456912286,35.7962917809396,236677506.0
2022-04-19,32.789894104003906,33.296152583184416,32.24469632163115,32.71200955540925,250477022.0
2022-04-20,32.011043548583984,32.69643901233259,31.85527441823242,32.55624441813161,131826851.0
2022-04-21,32.15122985839844,32.78989263581432,31.621606632574785,31.699494148787053,114350098.0
2022-04-22,33.1014404296875,33.46750436872244,31.66055538766086,31.668342654593285,119533984.0
2022-04-25,30.2430362701416,31.89421323553581,30.157361475093317,31.450264725835975,236874515.0
2022-04-26,29.915916442871094,30.500059567611693,29.285040798553236,30.26640291193657,145471877.0
2022-04-27,29.62773895263672,30.0872649800337,29.29283000193525,29.464179596556132,154620795.0
2022-04-28,30.85833168029785,31.21660836932271,29.557641150462118,29.643315946291857,156452310.0
2022-04-29,31.099775314331055,31.31785442922881,30.157358600831355,30.453322265019704,123692861.0
2022-05-05,30.57794189453125,31.29449228682321,30.391017772093598,30.889486060067817,94425132.0
2022-05-06,29.5264835357666,30.180723862204403,29.518696269152947,30.141781586925813,88945545.0
2022-05-09,28.40492820739746,29.456384430429814,28.15569409569935,29.44080692706056,125240592.0
2022-05-10,28.802148818969727,28.9423434009413,27.46251302284378,28.023291350730076,121763735.0
2022-05-11,28.981285095214844,29.25388698626018,28.5061815738006,28.685321402453013,87239856.0
2022-05-12,28.51397132873535,28.864457770648617,28.373776751970045,28.66195317260747,63002311.0
2022-05-13,28.93455696105957,29.28504045490671,28.73984258843092,28.80214964269721,70130077.0
2022-05-16,28.7320499420166,28.918977031362413,28.381563506434006,28.918977031362413,64474236.0
2022-05-17,30.063894271850586,30.08726201406244,29.09811276544247,29.09811276544247,118395443.0
2022-05-18,29.986005783081055,30.437744439190237,29.518692595682747,30.375434429614575,88775539.0
2022-05-19,29.61994743347168,29.791297020684226,29.222731447148906,29.510907867465637,54201095.0
2022-05-20,31.123144149780273,31.294493745925074,30.18072731319486,30.18072731319486,133887244.0
2022-05-23,30.757080078125,31.193238321253524,30.725925069014338,31.130931274137392,61808829.0
2022-05-24,30.297555923461914,31.021893587977296,30.250823406971918,30.842753760318327,68742972.0
2022-05-25,30.204090118408203,30.453324257773204,30.09505055382418,30.359862198287654,48902540.0
2022-05-26,29.931493759155273,30.37544229344799,29.658894824451167,30.37544229344799,61542963.0
2022-05-27,30.468900680541992,30.694770039788498,30.165146769675058,30.297554072756014,60839589.0
2022-05-30,30.42995834350586,30.764867262789192,30.21187922252329,30.764867262789192,47153667.0
2022-05-31,30.912853240966797,30.95958576076974,30.219670538303813,30.41438491415771,64540394.0
2022-06-01,30.912853240966797,30.920643479820082,30.58573451566293,30.920643479820082,43383408.0
2022-06-02,30.31313133239746,30.7103503062589,30.17293972109365,30.609098003162096,54728121.0
2022-06-06,30.35207748413086,30.398807032251295,29.674469325329063,30.258612445678892,69870287.0
2022-06-07,30.648042678833008,30.76487249701077,30.118419319677024,30.344288716897662,62272629.0
2022-06-08,30.788232803344727,30.84275258495271,30.391016827185805,30.65582846832684,59693086.0
2022-06-09,31.380165100097656,31.621608990597796,30.69476976184449,30.764867046110215,90860722.0
2022-06-10,31.247760772705078,31.278915784478876,30.764869974633022,31.08420141755082,79539375.0
2022-06-13,30.04053497314453,30.81160524228546,29.86139809611508,30.81160524228546,97131216.0
2022-06-14,30.56236457824707,30.60909411905015,29.68225491615962,29.75235219846933,59836244.0
2022-06-15,31.52815055847168,32.0110413660706,30.523423692235518,30.523423692235518,139489478.0
2022-06-16,31.123144149780273,31.917579134944127,31.123144149780273,31.839694575481307,63688339.0
2022-06-17,31.037466049194336,31.286700178282427,30.58573030438662,31.02967878251885,55073077.0
2022-06-20,30.920642852783203,31.232184065168372,30.686986200717946,31.068624705833244,61420616.0
2022-06-21,31.41132164001465,31.660555780418036,30.725926268352666,30.95179563656365,58391388.0
2022-06-22,30.61688804626465,31.52036258763242,30.609097807788597,31.465842802721856,73071187.0
2022-06-23,31.263338088989258,31.317857873710032,30.624675207026964,30.624675207026964,61602983.0
2022-06-24,31.310073852539062,31.613827819220454,30.889490065854492,31.364593642912354,63995033.0
2022-06-27,32.127872467041016,32.21354726899669,31.271130389695507,31.41132497996741,89340811.0
2022-06-28,32.15122985839844,32.26026940999067,31.85526621010665,32.011035300321296,49916367.0
2022-06-29,31.94094467163086,32.486145514211934,31.925370136250613,32.14344928484082,62280411.0
2022-06-30,32.8677864074707,33.257215149333845,31.902001820363672,31.964311845192423,83262823.0
2022-07-01,32.22911834716797,33.00797570616407,32.096711051164014,33.00797570616407,69574815.0
2022-07-04,31.972097396850586,32.221331540578554,31.77738303636903,32.15123425196098,48691785.0
2022-07-05,31.917577743530273,32.45498831104907,31.746228154855284,32.29142896064405,53453841.0
2022-07-06,30.99852752685547,32.00325440263911,30.8427554345385,31.902002096967248,88526638.0
2022-07-07,30.959585189819336,31.286703909090544,30.803813097787817,30.99852747005083,50812921.0
2022-07-08,31.006317138671875,31.325648584467704,30.86612255553171,31.310071078440412,48036145.0
2022-07-11,30.718137741088867,30.912852109817866,30.531213610928095,30.827180283305708,40375487.0
2022-07-12,30.609100341796875,30.998529106886163,30.398808452115976,30.65583286320564,58062988.0
2022-07-13,29.518699645996094,30.570156054326922,29.355137317346777,30.42996147040208,141083081.0
2022-07-14,28.4127197265625,28.965707808974106,27.649439773845334,28.95013030327309,232523374.0
2022-07-15,28.3411922454834,29.22710864405984,28.333065937442548,28.528128335032072,138245173.0
2022-07-18,28.958900451660156,29.129580844584012,28.454982481416472,28.56877251049365,90308021.0
2022-07-19,29.0239200592041,29.13770698717018,28.609410092976066,28.853239667254986,53781384.0
2022-07-20,29.13770866394043,29.35715622355825,29.02392172942632,29.2108578504797,46968871.0
2022-07-21,28.820730209350586,29.121456368721212,28.747581021998467,28.88575308720201,46624082.0
2022-07-22,28.926387786865234,29.300259993721394,28.650046786045216,28.893876351366142,51033274.0
2022-07-25,29.13770866394043,29.243369289044143,28.625667458626946,28.755710112423273,40464861.0
2022-07-26,29.52783966064453,29.544092279429464,29.088944542377213,29.137708599654854,45628522.0
2022-07-27,29.300260543823242,29.54409011372198,29.186473617901246,29.446558905854722,44247135.0
2022-07-28,29.080814361572266,29.544091496196632,29.05643233357983,29.340899661696074,57066760.0
2022-07-29,28.503747940063477,29.405920106761467,28.454980787647525,29.121452802154483,64970631.0
2022-08-01,28.056724548339844,28.454978746217897,27.99983109150012,28.438726130373002,70588273.0
2022-08-02,27.560937881469727,27.804767441314002,27.089534479165597,27.796641132852326,81160751.0
2022-08-03,26.870086669921875,28.03234409708371,26.780681775453882,27.552811290768958,100320625.0
2022-08-04,27.357746124267578,27.390257559107038,27.008255950896082,27.08953453799473,59307271.0
2022-08-05,27.87791633605957,27.910427770498092,27.32523435244883,27.479662115801297,48871948.0
2022-08-08,27.560937881469727,28.032344384234925,27.325234630087127,27.788511723929577,57211197.0
2022-08-09,27.30898094177246,27.593451366444626,27.14642995677271,27.593451366444626,49867119.0
2022-08-10,26.9432373046875,27.3902587007484,26.84570299610384,27.276471774528666,52960480.0
2022-08-11,27.92668342590332,27.959194860269882,26.967617815316995,27.19519165496086,82668809.0
2022-08-12,27.934812545776367,27.991706011413402,27.658471526770192,27.76413214886526,40200050.0
2022-08-15,27.41463851928711,27.902300721538346,27.25208445187003,27.715361528709085,45918083.0
2022-08-16,27.560937881469727,27.934810079928358,27.43089524285537,27.52030013823919,47915454.0
2022-08-17,27.829153060913086,27.9023022402091,27.26021534421756,27.634087549303345,45395476.0
2022-08-18,27.40651512145996,27.772257936410938,27.178938162724954,27.73974959984418,50734443.0
2022-08-19,27.51217269897461,27.756005376736486,27.19519393843772,27.21144965698593,42844967.0
2022-08-22,27.32523536682129,27.73161901100556,27.227704160346185,27.260215595991603,52563482.0
2022-08-23,26.902597427368164,27.308981093041165,26.837577653100368,27.300854783930685,53965720.0
2022-08-24,26.6912784576416,27.17893760114085,26.658767021285325,26.935108029391223,58965852.0
2022-08-25,27.382129669189453,27.44715254247551,26.488086864734857,26.74004584802647,65073875.0
2022-08-26,27.390260696411133,27.666601723276724,27.089537640853745,27.390260696411133,54968310.0
2022-08-29,27.04889488220215,27.48778997042789,26.91072592875768,27.073280009633276,38901392.0
2022-08-30,27.463407516479492,27.52842728754213,26.886343483781,26.910725510371847,59087736.0
2022-08-31,28.487491607666016,28.641919370085862,27.203320959710084,27.26021441940339,166545105.0
2022-09-01,28.04047203063965,28.479367119577745,28.032345721790225,28.33306875659838,60742108.0
2022-09-02,27.89417266845703,28.3655791768289,27.731618593140485,28.12174651362353,47663498.0
2022-09-05,27.821022033691406,27.951064667047188,27.276469475408124,27.837277750418497,46737206.0
2022-09-06,27.32523536682129,28.243663270806863,27.227704160346185,27.8941730887715,87756101.0
2022-09-07,27.130172729492188,27.211448217472395,26.87008744740217,27.105787602729226,62522016.0
2022-09-08,27.065149307250977,27.25208540616529,27.02451156408892,27.12204276777007,41667222.0
2022-09-09,28.04047203063965,28.251790165798056,27.13017351690455,27.187066980234164,135166615.0
2022-09-13,28.731321334838867,28.97515399264778,27.869790025512298,27.999832662795235,143861057.0
2022-09-14,28.333066940307617,28.690683415520393,28.211150612153187,28.365578374543603,56078636.0
2022-09-15,29.267749786376953,29.308390632686788,28.56877249658228,28.56877249658228,134095049.0
2022-09-16,28.40621566772461,29.2596206499218,28.38183054220288,29.007661689270414,86516134.0
2022-09-19,28.520004272460938,28.70694037672768,28.243663270401157,28.357450194697336,44998129.0
2022-09-20,28.072982788085938,28.601279663437044,27.918555019530373,28.52813048371629,50434551.0
2022-09-21,27.967323303222656,28.349324935033245,27.520301898177372,27.999834740070632,53038925.0
2022-09-22,27.772254943847656,27.837277810897284,27.56093682685826,27.634086002058616,38514551.0
2022-09-23,27.92668342590332,28.170512982730465,27.634086717526337,27.634086717526337,36643717.0
2022-09-26,27.593448638916016,28.056725721386634,27.504043745726772,27.65034209813444,52549140.0
2022-09-27,27.552812576293945,27.674725810424803,27.178937263760254,27.54468316707518,47541362.0
2022-09-28,27.365873336791992,27.63408803238652,27.16268151302444,27.463407644532463,48729860.0
2022-09-29,26.9432373046875,27.89417355991917,26.821320969188523,27.62596196246711,61785902.0
2022-09-30,27.349620819091797,27.59345038841032,26.91885204281917,27.032638968470405,53971707.0
2022-10-10,25.845998764038086,26.894469294486115,25.398977382203526,26.813193807047504,127799132.0
2022-10-11,25.520891189575195,26.0654453058757,25.44774201348778,25.83787146936417,61866447.0
2022-10-12,25.155147552490234,25.439614855967818,24.423655771460627,25.398977112679745,117369975.0
2022-10-13,24.29361343383789,24.838167571893976,24.13918876724433,24.765018392884162,135038091.0
2022-10-14,25.26080894470215,25.37459587658649,24.464297321050395,24.626849859423647,126919692.0
2022-10-17,25.212039947509766,25.34208258081153,24.82191204760447,24.951954680906233,64630961.0
2022-10-18,25.033231735229492,25.50463669809321,24.951956246987578,25.43961537736134,56281382.0
2022-10-19,24.59433937072754,25.25268046804455,24.55370007445449,24.96821159505576,52827518.0
2022-10-20,24.439912796020508,24.74876524235856,24.28548657285148,24.383019332282082,55115404.0
2022-10-21,24.041658401489258,24.602468312897127,23.976637074821006,24.504935547779393,72871094.0
2022-10-24,22.773738861083984,23.968506168057107,22.757483143925857,23.887229132496984,145145835.0
2022-10-25,22.911909103393555,23.139482940171618,22.60305668172262,22.77373860953666,86028249.0
2022-10-26,22.700592041015625,23.017570807357195,22.562421531286873,22.741229787899687,75402189.0
2022-10-27,22.708717346191406,23.115100970245216,22.676205912156462,22.920037016727047,76286564.0
2022-10-28,22.091014862060547,22.75748378192283,21.93658864519009,22.432377180798614,94946422.0
2022-10-31,21.798418045043945,22.05037546597026,21.37577869042329,21.863439364967853,95303253.0
2022-11-01,22.911909103393555,22.960674704098786,21.952843504884587,22.025992681057676,105901901.0
2022-11-02,23.098844528198242,23.32641990860819,22.63556745935518,22.887524864295532,72836102.0
2022-11-03,22.798120498657227,23.066333626280354,22.659950005625284,23.04195160118856,50172213.0
2022-11-04,23.635272979736328,23.773443482498536,22.749356500301698,22.798122104149947,92682957.0
2022-11-07,23.700292587280273,23.919740114069835,23.26139908393163,23.40769588489419,54538019.0
2022-11-08,23.69216537475586,23.879101472940825,23.521484993864508,23.732804667989893,43978188.0
2022-11-09,23.716548919677734,24.017271938063622,23.570250564687615,23.692165343769208,46305956.0
2022-11-10,23.72467613220215,23.814079474304247,23.383313829931957,23.57024992278146,40004562.0
2022-11-11,25.390850067138672,25.845999317509868,24.14731554979367,24.464295848468232,168871688.0
2022-11-14,26.935108184814453,27.38212958567841,26.276768647337786,26.414937601957398,204968536.0
2022-11-15,27.04889488220215,27.495919379725336,26.618129203273853,26.94323736502504,91330506.0
2022-11-16,27.130172729492188,27.211448217472395,26.707533370980627,27.032638423362588,61459443.0
2022-11-17,26.26051139831543,27.065149252875187,26.00855243047918,27.065149252875187,103715191.0
2022-11-18,26.065446853637695,26.561235398729927,25.87038288923188,26.2442566503493,56273194.0
2022-11-21,25.90289306640625,25.984168551619724,25.236422615949994,25.68344553577665,47910404.0
2022-11-22,26.374298095703125,26.723788264063973,25.845998138749927,26.06544567007844,65416650.0
2022-11-23,26.187362670898438,26.780682411366016,26.130469209515322,26.27676756748937,57764427.0
2022-11-24,26.187362670898438,26.71565954095039,26.073575748132207,26.496212003989324,40630100.0
2022-11-25,26.837575912475586,27.00012998829416,26.154851274406475,26.17923330061787,83012155.0
2022-11-28,25.97603988647461,26.097956210970235,25.56152996401914,26.0898268024247,80937686.0
2022-11-29,28.333066940307617,28.373704682872088,26.618127540122167,26.650638974358152,175318695.0
2022-11-30,28.414344787597656,28.8044727294788,27.796642988067827,27.90230360788812,87332461.0
2022-12-01,28.446855545043945,29.6660064969744,28.324939209666418,29.1783473563867,83139723.0
2022-12-02,27.951066970825195,28.446855520251948,27.764130863747454,28.446855520251948,59846240.0
2022-12-05,29.340896606445312,29.34089660644531,28.12987513518331,28.42247184247,105060439.0
2022-12-06,29.13770866394043,29.243369289044143,28.788218450526283,29.186475821787088,65110353.0
2022-12-07,28.706941604614258,29.21898588630996,28.690685886096475,29.09706954765722,56460628.0
2022-12-08,28.812599182128906,29.072684450025786,28.576895939203308,28.650045114578116,44355151.0
2022-12-09,29.869197845458984,30.015496205392,28.95889935067888,29.097068301470536,95816291.0
2022-12-12,29.088943481445312,29.747283034373908,28.999538579081847,29.592858357857846,60626240.0
2022-12-13,29.373409271240234,29.470940477601367,28.94264360105586,29.04017480741699,38290398.0
2022-12-14,29.999238967895508,30.104899578152704,29.275876614015235,29.37340781554288,64436167.0
2022-12-15,29.52783966064453,30.039880864828312,29.43843475502029,29.763539838563123,40340341.0
2022-12-16,30.145540237426758,30.234945139337043,29.503453305944987,29.503453305944987,60782001.0
2022-12-19,29.6660099029541,30.34873463843781,29.46281805430373,30.15366909953037,54784253.0
2022-12-20,29.03204917907715,29.706644431203255,28.690685298122016,29.45468855049429,70291116.0
2022-12-21,29.218982696533203,29.44655653001584,29.023917196075985,29.251494130019566,33049776.0
2022-12-22,29.6660099029541,29.95047725088,29.46281805430373,29.69039193264445,35971483.0
2022-12-23,29.560346603393555,29.909836799540294,29.381539901046377,29.495326829938566,33058360.0
2022-12-26,29.218982696533203,29.909833605583174,29.170215546303663,29.544087730013977,36047352.0
2022-12-27,29.804174423217773,30.05613339410278,29.5278365267428,29.62536773140815,36790747.0
2022-12-28,30.340600967407227,30.495025618748578,29.731025569352322,29.80417164067654,52885997.0
2022-12-29,30.259326934814453,30.33247611759246,29.78792350171495,29.991115331602607,51362913.0
2022-12-30,30.28370475769043,30.584430856503733,30.226811301257825,30.348727622448173,52322805.0
2023-01-03,30.543800354003906,30.706351353495116,29.690392104367177,30.13741665435273,60626616.0
2023-01-04,31.41345977783203,31.559758151011934,30.503158100165642,30.706349940642014,83645411.0
2023-01-05,31.29153823852539,31.91736937535121,31.21026275601229,31.68979554394579,61908519.0
2023-01-06,31.19400978088379,31.64103117491388,30.79575244046279,31.421583632289394,59000699.0
2023-01-09,31.535369873046875,31.77919943717995,31.21839112962776,31.21839112962776,49914886.0
2023-01-10,31.088346481323242,31.535367836779496,31.015197306760516,31.519112120158788,54197159.0
2023-01-11,31.632902145385742,31.84422338176576,30.998944637168137,31.1940101553296,54170698.0
2023-01-12,31.738561630249023,31.819840218439502,31.478476348961735,31.78732878316331,30434871.0
2023-01-13,32.234352111816406,32.234352111816406,31.673543771534515,31.75481926416854,46376708.0
2023-01-16,32.892696380615234,33.437249029044914,32.3481406317241,32.51069472544361,88046855.0
2023-01-17,33.06337356567383,33.274691696618056,32.73826540987839,32.876437461252856,43204705.0
2023-01-18,32.81954574584961,33.28282287721589,32.69762940582214,33.03899329762227,29467472.0
2023-01-19,33.03899002075195,33.16090324822652,32.445667198623894,32.673244137406236,47249021.0
2023-01-20,33.364097595214844,33.40473534079288,33.06337455738385,33.30720413131334,41340273.0
2023-01-30,34.160606384277344,34.64826859254002,34.01430803184464,34.583245724587265,100700740.0
2023-01-31,33.494140625,34.420694876822004,33.494140625,34.420694876822004,64231185.0
2023-02-01,32.949588775634766,33.884269358284755,32.470055920027775,33.843631611293254,91679130.0
2023-02-02,32.535072326660156,33.12026574422716,32.1449444151025,33.07962800144302,72723293.0
2023-02-03,31.94175148010254,32.340008786521516,31.706048239578266,32.340008786521516,63816364.0
2023-02-06,31.16962242126465,31.486604249327613,30.787623926686813,31.470348532468414,73100066.0
2023-02-07,31.21839141845703,31.649157089092903,31.01519959638937,31.291540598419832,42657086.0
2023-02-08,31.283414840698242,31.63290192838547,31.17775422323306,31.291541149521162,31706528.0
2023-02-09,31.283414840698242,31.608519901455505,31.14524278701897,31.226518277092985,49817481.0
2023-02-10,31.015199661254883,31.202135765892752,30.80388153006547,31.128986585776964,41102639.0
2023-02-13,30.65757942199707,30.868897527353205,30.129279507915562,30.803877764343927,82518134.0
2023-02-14,30.885156631469727,30.93392378442226,30.48689930017683,30.70634683777155,48607663.0
2023-02-15,30.21055793762207,30.958305438260435,30.07238898994365,30.88515625994213,77104778.0
2023-02-16,30.291839599609375,30.763243051817565,30.088647761485184,30.234946132971512,65415231.0
2023-02-17,29.836687088012695,30.38124279579932,29.812305060956696,30.194306687293828,57581280.0
2023-02-20,31.283414840698242,31.29966745834408,29.926091833141523,29.926091833141523,108022830.0
2023-02-21,31.445964813232422,31.551625427311954,30.99081712266418,31.234646685534468,53046540.0
2023-02-22,31.015199661254883,31.372816152675874,30.998943943400135,31.259029228153793,38309139.0
2023-02-23,31.104604721069336,31.510988368169073,31.015199822633605,31.015199822633605,37063824.0
2023-02-24,30.446264266967773,31.0883512192673,30.397500210134805,31.023328342874812,53369015.0
2023-02-27,30.202430725097656,30.543794580518984,30.1455372659376,30.291835618195172,44933367.0
2023-02-28,30.32434844970703,30.46251739961761,29.950473143117254,30.21055842568163,37822552.0
2023-03-01,31.088346481323242,31.161495655885968,30.234941511732043,30.275579253053355,57119401.0
2023-03-02,31.088346481323242,31.291538288390715,30.698218583809005,30.917666107497187,34907009.0
2023-03-03,31.088346481323242,31.510985812078896,30.80387919161315,31.291538288390715,35711390.0
2023-03-06,30.072389602661133,31.07209299307264,29.99924042285243,30.901412607006048,81051939.0
2023-03-07,29.714773178100586,30.46251759515767,29.592856844664205,29.98298477101501,73741149.0
2023-03-08,29.25962257385254,29.519707859805443,29.09706849501668,29.46281439728207,61658357.0
2023-03-09,28.918262481689453,29.32464613814628,28.85323960843496,29.259623264891793,53999602.0
2023-03-10,28.471235275268555,28.98327950190382,28.40621550865032,28.487490992038353,55845366.0
2023-03-13,28.487491607666016,28.755706289472474,28.211150617529523,28.381830996609438,58420463.0
2023-03-14,28.105493545532227,28.38996084843799,27.910428037496082,28.186769031944998,62666750.0
2023-03-15,28.34932518005371,29.023920447942775,28.34932518005371,28.568772729982335,67638378.0
2023-03-16,28.16238784790039,28.568771493033378,27.80476825588822,28.040471514176033,40389489.0
2023-03-17,27.92668342590332,28.747576990662278,27.650342434709618,28.46310969110745,83271578.0
2023-03-20,27.73162078857422,28.373707731653163,27.65034529471215,27.991706089486463,52072515.0
2023-03-21,27.821022033691406,28.040469558815715,27.64221225015436,27.80476631696432,36747539.0
2023-03-22,28.072982788085938,28.22740745618036,27.861661557576582,28.056727070318974,45986740.0
2023-03-23,28.609411239624023,28.72319817215061,27.894175106006543,27.959197981999665,54214633.0
2023-03-24,27.98357582092285,28.430597174838432,27.821021755736936,28.430597174838432,67871839.0
2023-03-27,27.80476951599121,28.121748277486528,27.674726867673613,28.121748277486528,44983610.0
2023-03-28,27.959196090698242,28.2192813761545,27.780386294274127,27.96732239941699,53323436.0
2023-03-29,27.73162078857422,28.203027334266007,27.715365069709534,28.129878149605602,41863012.0
2023-03-30,27.918554306030273,27.95106574073332,27.398383752625808,27.756003333437178,56228970.0
2023-03-31,27.853534698486328,28.300556076629803,27.7478740853197,27.926683876761523,57779428.0
2023-04-03,27.934812545776367,27.999835421053746,27.617833779952505,27.886048489779675,50467501.0
2023-04-04,27.861661911010742,27.975448836361753,27.68285521422823,27.942940500876595,48782066.0
2023-04-06,27.471534729003906,27.77225776854237,27.414641264779366,27.77225776854237,48679567.0
2023-04-07,27.747875213623047,27.845406421802156,27.43089646169503,27.51217195176742,39414120.0
2023-04-10,27.829153060913086,27.87791711346968,27.60970552302505,27.756003881617076,33015949.0
2023-04-11,27.41463851928711,27.910427029701772,27.333363035809047,27.82915154622371,73399153.0
2023-04-12,27.422771453857422,27.593451851383552,27.357748578345742,27.54468469474979,41612769.0
2023-04-13,27.642213821411133,27.829153024168324,27.024512052974607,27.34962020507454,63430456.0
2023-04-14,27.951066970825195,28.276175131241125,27.65034393774024,27.796642299881288,69392338.0
2023-04-17,28.609411239624023,28.60941123962402,27.71536529748683,27.894175106006543,89373012.0
2023-04-18,28.99953842163086,29.544091041489818,28.544387603188657,28.617536786501486,94271463.0
2023-04-19,28.853239059448242,29.129580064599434,28.690684979866155,29.129580064599434,51088648.0
2023-04-20,28.4387264251709,29.048301840881848,28.333065818318616,28.934511825561984,68091530.0
2023-04-21,28.04047203063965,28.593154046236982,27.983578567310033,28.43872937440819,53159146.0
2023-04-24,27.30898094177246,28.194897452050828,27.235831758338055,28.05672849470878,72987368.0
2023-04-25,27.658472061157227,27.747876966160334,27.235832665072515,27.317111260739615,51221280.0
2023-04-26,27.487791061401367,27.601577992392052,27.105789421251494,27.471535342622506,49650070.0
2023-04-27,26.520599365234375,26.813196105836475,26.12234200153454,26.79694038686287,155927939.0
2023-04-28,27.30898094177246,27.430897280983576,26.34178893899422,26.38242668524416,94021308.0
2023-05-04,27.739748001098633,27.959195537698406,26.683151162273177,27.057023365164152,72543303.0
2023-05-05,28.194894790649414,28.495620905527367,27.756002831932605,27.780384857288816,80088973.0
2023-05-08,28.934513092041016,29.218983492100747,28.154257269889403,28.333067058472036,106426580.0
2023-05-09,28.4387264251709,29.34089543603595,28.41434130022905,28.999534691459047,98552978.0
2023-05-10,27.959196090698242,28.54438643274424,27.869791192486183,28.365579736781292,63837387.0
2023-05-11,27.999834060668945,28.71507015166332,27.959196315825658,28.121747295198805,44580284.0
2023-05-12,27.666597366333008,28.081107291123537,27.63408593288957,28.016087524697603,45936569.0
2023-05-15,28.20302391052246,28.324937136515747,27.39838297693848,27.707235396951226,52809453.0
2023-05-16,28.300554275512695,28.60940668640305,28.097362471064464,28.40621488195482,38524804.0
2023-05-17,28.04047203063965,28.552516301067428,27.983578567310033,28.292431011428828,39637635.0
2023-05-18,27.999834060668945,28.316812811092248,27.804768544775502,28.227407912160302,32901230.0
2023-05-19,27.593448638916016,27.999832262168205,27.585319230192813,27.91855367724117,39298980.0
2023-05-22,27.796642303466797,27.91042922948869,27.61783250516885,27.61783250516885,29693441.0
2023-05-23,27.30898094177246,27.942941565024434,27.30898094177246,27.804769507221085,34692126.0
2023-05-24,26.764427185058594,27.300853473989868,26.764427185058594,27.300853473989868,46399873.0
2023-05-25,26.34991455078125,26.62625555861404,26.13859641559675,26.62625555861404,70605103.0
2023-05-26,26.610004425048828,26.70753563899971,26.18736503064649,26.36617173947954,29462374.0
2023-05-29,26.569360733032227,26.780681957843235,26.36616891711606,26.780681957843235,38730090.0
2023-05-30,26.528724670410156,26.740045908607364,26.30115081431586,26.56936241607539,34007178.0
2023-05-31,26.252382278442383,26.65876591464261,26.203618226393456,26.496211840070302,52541398.0
2023-06-01,26.05731964111328,26.414936121671463,26.024808206391338,26.26051145743383,47239881.0
2023-06-02,26.87821388244629,26.902595908862814,26.171107212216764,26.187362929981497,55885607.0
2023-06-05,26.853832244873047,27.040768351182578,26.6912781653331,26.878214271642626,31273034.0
2023-06-06,26.87821388244629,27.47153362878384,26.80506470273557,26.853831856029764,38663375.0
2023-06-07,27.065149307250977,27.31710827559343,26.951362386212796,27.02451156408892,33890635.0
2023-06-08,27.699108123779297,27.812895037593414,27.00012782410873,27.08140330527285,54961501.0
2023-06-09,27.422771453857422,27.83728143362964,27.422771453857422,27.674727345311798,41510872.0
2023-06-12,27.41463851928711,27.56906317807981,27.130171226652937,27.41463851928711,40677376.0
2023-06-13,27.41463851928711,27.585318894867612,27.227702426918803,27.27646957728221,23124556.0
2023-06-14,27.1382999420166,27.666599932867722,27.1382999420166,27.577195032834958,38263310.0
2023-06-15,27.40651512145996,27.463408586028393,27.073280643075744,27.227705318267017,36953706.0
2023-06-16,27.57719612121582,27.6666010247771,27.430897751835786,27.52030265539707,42680637.0
2023-06-19,27.292726516723633,27.560938104585286,27.27647079920761,27.560938104585286,27896062.0
2023-06-20,26.975746154785156,27.27647229462712,26.90259697218323,27.227705139405412,30764875.0
2023-06-21,26.959487915039062,27.341489510729907,26.821318972191467,26.87008612285231,42786599.0
2023-06-26,26.504343032836914,26.902597286858068,26.349915256392496,26.764428329472324,43210300.0
2023-06-27,26.67502212524414,26.829446793688835,26.366169687893603,26.520597456799447,34571527.0
2023-06-28,26.86195945739746,26.967620077722497,26.59374785252473,26.666897035755706,33381801.0
2023-06-29,26.561237335205078,26.967621011569342,26.55310792541941,26.86196038758544,25854831.0
2023-06-30,26.626256942749023,26.821322470372923,26.52872572916776,26.60187491446905,29361327.0
2023-07-03,27.40651512145996,27.43902345802672,26.65876757212142,26.740046164691524,45366767.0
2023-07-04,27.235830307006836,27.308979486543304,27.113917074753484,27.308979486543304,22408656.0
2023-07-05,26.845701217651367,27.22770281647783,26.691276556649246,27.22770281647783,41307158.0
2023-07-06,26.47995948791504,26.918851463051222,26.42306292585365,26.845702283785005,40784246.0
2023-07-07,26.26051139831543,26.479958931502924,26.244255680991053,26.414936062205417,47279440.0
2023-07-10,26.374298095703125,26.569360501021116,26.27676689304413,26.431191555625958,27207677.0
2023-07-11,26.585617065429688,26.658766244870286,26.39055465389551,26.60187278313439,32916654.0
2023-07-12,26.983877182006836,27.17893961366588,26.593749218227302,26.593749218227302,63204933.0
2023-07-13,27.316648483276367,27.445297990433076,26.973582585569403,27.436721138506996,56385028.0
2023-07-14,27.38526153564453,27.608253141218093,27.256612029085254,27.39383838753078,34752056.0
2023-07-17,27.14511489868164,27.256612338601776,26.9564290626432,27.248035486618132,26200279.0
2023-07-18,26.98215675354004,27.24803424531909,26.922120428256758,27.145113662071203,31638946.0
2023-07-19,27.085079193115234,27.136538670332463,26.810626466800297,26.836357023342554,24029564.0
2023-07-20,27.179420471191406,27.531061563571054,27.102230444418492,27.248033646559875,27239443.0
2023-07-21,27.27376365661621,27.42814371634155,27.110808381010315,27.27376365661621,31566900.0
2023-07-24,26.973583221435547,27.21372853755791,26.930698960794214,26.982158437696537,23912203.0
2023-07-25,28.534534454345703,28.603145999961043,27.445298766925212,27.445298766925212,126162096.0
2023-07-26,28.603145599365234,28.929059433743628,28.36300028547301,28.534534054710825,50175140.0
2023-07-27,28.8690242767334,29.00625064334519,28.47449888169133,28.731797910121607,54848896.0
2023-07-28,30.10405921936035,30.26701776627123,28.654605631019166,28.723220444820463,125628759.0
2023-07-31,30.49859046936035,30.910269572250986,30.026871763380235,30.46428305951913,116275605.0
2023-08-01,30.009716033935547,30.51573878871688,29.82102858484397,30.47285289811672,66009585.0
2023-08-02,29.186355590820312,29.863912113440062,28.963364002883463,29.29785302065584,91535761.0
2023-08-03,29.74384307861328,29.82960832936833,29.04913276925283,29.177783917120003,50929381.0
2023-08-04,29.915376663208008,30.44712841235214,29.77815029982454,30.086910435370992,81264248.0
2023-08-07,29.589462280273438,29.829607593853943,29.400774807183314,29.80387867360875,34467192.0
2023-08-08,29.289281845092773,29.718114649432437,28.997675407272418,29.443661916393825,50228255.0
2023-08-09,29.177780151367188,29.426503926884394,29.117743829240162,29.177780151367188,38683250.0
2023-08-10,29.28070068359375,29.375044415412717,28.98909427239619,29.074862788474505,28772469.0
2023-08-11,28.43161392211914,29.563732171684208,28.43161392211914,29.297854676811205,60624004.0
2023-08-14,27.83982276916504,28.157161376049828,27.65971379016626,28.131429184953998,66707291.0
2023-08-15,27.754058837890625,27.994204154595504,27.573949850361963,27.83982408764678,58295914.0
2023-08-16,27.419567108154297,27.659714051623226,27.34237707760597,27.573948805118167,58015181.0
2023-08-17,27.265188217163086,27.333801394715366,27.007887574441636,27.25661136548565,64607569.0
2023-08-18,27.342376708984375,27.98562750017072,27.230880908510624,27.230880908510624,67459467.0
2023-08-21,26.699127197265625,27.308070573490067,26.699127197265625,27.28234001870858,80957531.0
2023-08-22,26.862085342407227,26.990734850502676,26.587632622239006,26.767741606399184,60107044.0
2023-08-23,26.458982467651367,26.965005271547714,26.458982467651367,26.759165736450978,56074358.0
2023-08-24,26.63909339904785,26.716283434847636,26.416100144055957,26.58763392047044,41225614.0
2023-08-25,27.06792449951172,27.316648296061665,26.501865363207905,26.58763224601365,64747134.0
2023-08-28,27.66828727722168,29.100590347309282,27.471024607062873,28.560260172340435,140509367.0
2023-08-29,27.47960662841797,27.822670905616917,27.248036523648004,27.66829083577027,72116998.0
2023-08-30,27.1536922454834,27.608253957829255,27.05934850781134,27.608253957829255,63980158.0
2023-08-31,27.059349060058594,27.513914053416105,27.00788958203601,27.27376546033122,50322017.0
2023-09-01,27.67686653137207,27.98562663991169,27.342375868498433,27.402413828611138,69752619.0
2023-09-04,28.757524490356445,28.826139303943883,27.848401112463584,27.942744845279123,110429932.0
2023-09-05,28.397306442260742,28.68033436805637,28.277233790605965,28.560261716401598,44732261.0
2023-09-06,28.611722946166992,28.69748819149808,28.10570014655101,28.388728073531126,54674047.0
2023-09-07,28.423038482666016,28.568843341211423,28.311541034570674,28.568843341211423,35870198.0
2023-09-08,28.448766708374023,28.52595674413013,28.260082498986044,28.302965125131735,29850098.0
2023-09-11,28.225770950317383,28.551684750354667,28.225770950317383,28.41445840377068,63287369.0
2023-09-12,28.20004653930664,28.3458481244685,28.1485854242135,28.21720024433769,27759078.0
2023-09-13,28.088546752929688,28.37157795476578,28.011356722586612,28.260080517218128,29891534.0
2023-09-14,28.363000869750977,28.465919824719986,28.174313392528965,28.260081914781967,43734390.0
2023-09-15,28.26865577697754,28.663181145238497,28.131429419680927,28.560262195199645,43960215.0
2023-09-18,28.320117950439453,28.34584687098091,28.04566522554872,28.191466804263055,36040192.0
2023-09-19,28.26865577697754,28.302963184235303,28.06281787689984,28.302963184235303,38465270.0
2023-09-20,28.071392059326172,28.182889492941612,27.98562681607387,28.182889492941612,30931758.0
2023-09-21,27.76263427734375,28.14000923146732,27.76263427734375,28.08854811815922,39031854.0
2023-09-22,28.59457015991211,28.6202990799898,27.719750888191083,27.951320984093808,71283316.0
2023-09-25,28.302961349487305,28.543106641255278,28.217196108637093,28.543106641255278,45651541.0
2023-09-26,28.131427764892578,28.3715763298361,28.088545144210098,28.24292519605442,32202356.0
2023-09-27,28.148582458496094,28.380152544415104,28.088546133080165,28.21719727139107,35246679.0
2023-09-28,28.27723503112793,28.42303660832379,28.088547557830204,28.32011765549527,38856469.0
2023-10-09,27.942745208740234,28.045664158725707,27.771211444274822,28.045664158725707,36134267.0
2023-10-10,27.95132064819336,28.4144608344331,27.95132064819336,28.405882346687296,34263698.0
2023-10-11,27.831247329711914,28.174311581467773,27.788364707209226,28.165736365660987,37609124.0
2023-10-12,28.363000869750977,28.585995755874187,28.114277062819163,28.294389323683166,61745963.0
2023-10-13,27.968475341796875,28.20004544311236,27.882706819975635,28.11427692129112,41037187.0
2023-10-16,27.7111759185791,28.01135756127075,27.65113959004077,27.94274601654174,28677414.0
2023-10-17,27.89128303527832,27.959894575409866,27.633984034249995,27.77978560186347,28622914.0
2023-10-18,27.865556716918945,27.994204593570494,27.79694189865043,27.865556716918945,24931667.0
2023-10-19,27.07650375366211,27.788367799000795,27.033621126388212,27.788367799000795,60429338.0
2023-10-20,27.14511489868164,27.282341258685463,26.930698506692263,27.00788853867782,37258937.0
2023-10-23,26.784894943237305,27.1451145424874,26.58763225780367,27.093655067128022,39380184.0
2023-10-24,26.84493064880371,26.939274381333817,26.62193904878795,26.91354382631637,36552663.0
2023-10-25,26.947851181030273,27.230880742207507,26.75916535220118,27.1022312391028,37569332.0
2023-10-26,27.01646614074707,27.230882538689507,26.810626595026406,26.896393481376837,28702985.0
2023-10-27,27.042194366455078,27.145113312510453,26.716280553589698,26.973581190462443,39145276.0
2023-10-30,26.50186538696289,26.69912807248587,26.20168211480732,26.596209121720502,83850056.0
2023-10-31,26.381792068481445,26.5790547490398,26.253142565328922,26.36463836516319,52801599.0
2023-11-01,26.115917205810547,26.484712026004864,26.098763501838558,26.41609884598415,52989707.0
2023-11-02,26.31317901611328,26.42467481647737,26.16737580894966,26.244565838381412,36466771.0
2023-11-03,26.579057693481445,26.62194195652782,26.244568621056573,26.3131818060634,43956879.0
2023-11-06,26.707704544067383,26.887815159143006,26.553324484250336,26.71628139582024,51982385.0
2023-11-07,26.41609764099121,26.707704051744187,26.287448138804233,26.707704051744187,51624067.0
2023-11-08,26.24456787109375,26.398947941914404,26.15880098331924,26.36464053245767,44518298.0
2023-11-09,26.2960262298584,26.398946817979432,26.175953573606566,26.20168249373639,32764958.0
2023-11-10,25.8671932220459,26.210259119712177,25.815733746362767,26.158799644029042,51696462.0
2023-11-13,25.575586318969727,25.961536469001345,25.39547733953311,25.875769587231296,63424273.0
2023-11-14,25.901500701904297,25.901500701904297,25.609894279108772,25.618471131057728,44834267.0
2023-11-15,26.278871536254883,26.39036897217619,26.0644551519555,26.11591626201173,60193960.0
2023-11-16,26.19310760498047,26.39037029582176,26.04730439090924,26.30460341062681,31571993.0
2023-11-17,26.012998580932617,26.175955509229677,25.815735877969917,26.124494393430158,43245282.0
2023-11-20,26.2274112701416,26.235988121558663,25.85003798712648,26.02157174373348,36922708.0
2023-11-21,26.098764419555664,26.476137740872893,26.04730494169746,26.37321714928917,48854470.0
2023-11-22,25.8671932220459,26.081609612570727,25.858616370120835,25.987265877262285,27370542.0
2023-11-23,25.850040435791016,25.91007676553031,25.687085151032157,25.74712148077145,29979383.0
2023-11-24,25.729965209960938,25.815732087834235,25.66992888620977,25.781424682338063,29116276.0
2023-11-27,25.21536636352539,25.75569656584027,25.121024267208377,25.72996601091717,58101958.0
2023-11-28,25.0095272064209,25.292556771346494,24.90660825692098,25.223943593057477,47516511.0
2023-11-29,24.700767517089844,25.078140822196286,24.597848565794507,25.04383505038692,62063752.0
2023-11-30,24.69219207763672,24.855147355024542,24.529235164381674,24.700767293611047,55156006.0
2023-12-01,24.237628936767578,24.6493080132119,24.07467202222482,24.632154309393247,88273644.0
2023-12-04,24.083248138427734,24.409160321689896,24.03178866441101,24.246205047992405,55787830.0
2023-12-05,23.594379425048828,24.074671673952466,23.585802573263575,24.066094822167216,61890167.0
2023-12-06,23.808795928955078,23.980328057900532,23.54292006577593,23.637262164142406,61125926.0
2023-12-07,23.8516788482666,23.963176287538886,23.405693998779178,23.817373076398603,59496698.0
2023-12-08,23.58580207824707,23.971752221147078,23.58580207824707,23.757335838617557,53349765.0
2023-12-11,23.808795928955078,23.885985959534057,23.071203030474692,23.37138630096326,75808597.0
2023-12-12,24.057518005371094,24.074671708966548,23.680146341474423,23.757336371786742,50420111.0
2023-12-13,23.34565544128418,23.94602197443846,23.32850337372018,23.94602197443846,67123932.0
2023-12-14,23.182701110839844,23.705875999869853,23.182701110839844,23.534343866170623,44526808.0
2023-12-15,23.354230880737305,24.057516320215726,23.32850196301357,23.560070401862664,98068659.0
2023-12-18,23.397117614746094,23.482882864064866,23.07120377821259,23.15697066339863,47716425.0
2023-12-19,23.40569305419922,23.457152527858096,23.174122968933514,23.328503025777316,37657373.0
2023-12-20,23.20842742919922,23.508610674352482,23.20842742919922,23.422843799184825,53112808.0
2023-12-21,23.765911102294922,23.800218508785093,23.088356182785848,23.139815656653923,75910481.0
2023-12-22,23.680147171020508,23.88598671377512,23.50861340079136,23.8259503849551,62364372.0
2023-12-25,23.611534118652344,23.774489401803223,23.517190380925943,23.671570447799223,41903386.0
2023-12-26,23.38854217529297,23.577228025404942,23.294198432303297,23.577228025404942,36525708.0
2023-12-27,23.414268493652344,23.474306455339754,23.199852109513156,23.43999904866123,41063687.0
2023-12-28,24.006059646606445,24.126132305622924,23.371387306870727,23.371387306870727,106106285.0
2023-12-29,23.86025619506836,24.057518886035542,23.817373570377153,23.928869376094653,65577345.0
2024-01-02,23.654415130615234,23.98032731056171,23.637261427495115,23.971752094868815,54219480.0
2024-01-03,23.817371368408203,23.87740769177231,23.6029549930409,23.65441446508626,43395588.0
2024-01-04,23.8516788482666,23.86883255213422,23.465730326448604,23.808796224464793,63710249.0
2024-01-05,24.26335906982422,24.68361499085695,23.688723088847382,23.8002188899919,119063315.0
2024-01-08,24.126131057739258,24.520658059035764,23.971752633789013,24.160438464750783,81682070.0
2024-01-09,24.160438537597656,24.2547822712966,23.92886844717327,24.11755591457116,55866306.0
2024-01-10,24.057518005371094,24.31481865170124,24.03178908584513,24.03178908584513,45364048.0
2024-01-11,24.34054946899414,24.503506394121825,23.885987739344195,24.014637254606118,73531826.0
2024-01-12,24.477773666381836,24.683613185967054,24.237626742265537,24.237626742265537,57783201.0
2024-01-15,24.675039291381836,24.820842506374802,24.331973384300532,24.443469190651726,48245229.0
2024-01-16,24.983797073364258,24.983797073364258,24.529235372967165,24.554964292843387,85344024.0
2024-01-17,25.03525733947754,25.3697463735115,24.898030985214007,24.97522101397064,130860146.0
2024-01-18,25.369747161865234,25.455514044911904,24.529235306915766,24.820841727754107,129512645.0
2024-01-19,25.498395919799805,25.6441991259378,24.992373124136595,25.189637440111895,96861623.0
2024-01-22,25.94438362121582,26.158800014779587,25.472668209722436,25.524127686134907,154970267.0
2024-01-23,25.721389770507812,26.030149893453558,25.55843285719009,25.738543474197517,88605552.0
2024-01-24,25.807157516479492,25.97869128738081,25.198214102060376,25.85861699340298,97489239.0
2024-01-25,26.50186538696289,26.587632269845514,25.884346774769003,25.995842577409356,123450922.0
2024-01-26,26.6905517578125,26.887814435215535,26.29602476713927,26.51901799910811,100991578.0
2024-01-29,26.887815475463867,27.102231864206214,26.73343541383062,26.7591659693919,83882433.0
2024-01-30,26.58763313293457,27.016465925401256,26.39894729316145,26.759166904268156,74399913.0
2024-01-31,26.33890724182129,26.750587933239817,26.23598829586702,26.519017851041987,80894928.0
2024-02-01,26.090187072753906,26.450406682668348,25.901501233605302,26.304603468277566,85970009.0
2024-02-02,25.927228927612305,26.296025372205662,25.421206127244744,26.115916393702225,98729165.0
2024-02-05,26.33890724182129,26.54474840546413,25.781424982945406,25.927228186269915,106397881.0
2024-02-06,26.870662689208984,26.887816393502188,26.244567205312507,26.338909307190576,106215843.0
2024-02-07,26.85350799560547,26.999311204991617,26.424675219277646,26.9478517298751,111051058.0
2024-02-08,26.93069839477539,26.9735826545154,26.60478620008753,26.853508363110617,87300436.0
2024-02-19,27.119384765625,27.436720095490113,26.93927415375879,27.436720095490113,87549010.0
2024-02-20,26.93069839477539,27.119385865896945,26.836356295081856,27.119385865896945,60640469.0
2024-02-21,28.302961349487305,28.637450369231043,26.887813609186363,26.93069622961147,152865612.0
2024-02-22,28.131427764892578,28.26007889867426,27.779785040521457,28.140006252069618,75276038.0
2024-02-23,28.260080337524414,28.64603048678571,27.977049137488,28.140007684806324,63984872.0
2024-02-26,27.659713745117188,28.354424012353817,27.513912173327377,28.182890249510084,66639018.0
2024-02-27,27.59967803955078,27.788365510095577,27.43672112477134,27.65113915108149,54349154.0
2024-02-28,27.462451934814453,27.694022031245073,27.102232330100357,27.694022031245073,68370752.0
2024-02-29,27.47960662841797,27.616832993644472,27.316649706261256,27.350955479634226,49892829.0
2024-03-01,27.393836975097656,27.513911259446857,27.230880069395482,27.376683272209608,42717392.0
2024-03-04,27.033618927001953,27.333802201099193,26.990734667349642,27.239458465731342,59135015.0
2024-03-05,27.59967803955078,27.6254069594489,26.85350828102785,26.94785201630025,89402867.0
2024-03-06,27.333799362182617,27.668286737527023,27.333799362182617,27.565367796785218,51610177.0
2024-03-07,27.445297241210938,27.556794677338985,27.2566114115898,27.333801440950083,51949197.0
2024-03-08,27.162269592285156,27.453874391017234,27.059349000598832,27.35095543519822,44107117.0
2024-03-11,26.999311447143555,27.230881541045623,26.759166137201177,27.059347774629153,73853794.0
2024-03-12,27.402414321899414,27.573948082146455,26.82777835169915,26.947851002351772,76925375.0
2024-03-13,27.033618927001953,27.436721152530264,26.95642889549503,27.410990596738877,46938714.0
2024-03-14,26.80204963684082,27.205151874466683,26.724859603017336,26.982158625184095,50817498.0
2024-03-15,26.742013931274414,26.947853480983436,26.587633860025814,26.793473409734837,52078063.0
2024-03-18,26.699127197265625,26.87923780900168,26.587631398280198,26.71628090045328,46189770.0
2024-03-19,26.41609764099121,26.681975132827095,26.356061315695097,26.67339828123234,54702530.0
2024-03-20,26.742013931274414,26.75916763605033,26.296027422304533,26.416100084001297,49827225.0
2024-03-21,27.059349060058594,27.239459686938602,26.63051625951334,26.733436851425818,64676108.0
2024-03-22,26.759166717529297,27.059348361467336,26.501866062324492,27.042196293147498,55287852.0
2024-03-25,26.887815475463867,27.02504183338959,26.519019025088273,26.68197593857528,48375902.0
2024-03-26,27.788366317749023,28.011357930727613,27.21372867335856,27.27376500268874,124430791.0
2024-03-27,27.702598571777344,28.00278349856871,27.625408535943524,27.694023355233433,78208488.0
2024-03-28,27.59967803955078,27.874130757578953,27.50533430427838,27.736904398564867,69474492.0
2024-03-29,27.616832733154297,27.994204416034044,27.505335290042368,27.531064210862585,30480176.0
2024-04-01,27.994203567504883,28.174312551256325,27.599678192125207,27.599678192125207,57015232.0
2024-04-02,27.91701316833496,28.234348507683794,27.822669433782334,28.04566431031299,53661899.0
2024-04-03,27.642562866210938,27.98563042695347,27.642562866210938,27.908440389373137,49808163.0
2024-04-08,27.788366317749023,27.925592680751517,27.471027695021416,27.65113995474653,47729123.0
2024-04-09,27.7111759185791,27.985628640964187,27.7111759185791,27.874131200078207,38477207.0
2024-04-10,27.865556716918945,28.02851200270475,27.608254420146622,27.608254420146622,50401372.0
2024-04-11,27.702598571777344,27.80551752897755,27.556796988388275,27.711177060055913,44374773.0
2024-04-12,27.5482177734375,27.848402692310533,27.496759932062094,27.685444136662877,47820414.0
2024-04-15,28.157161712646484,28.302963286416702,27.522487763024287,27.53106297900247,76464473.0
2024-04-16,28.088546752929688,28.277234220820418,27.83124774236424,28.054239345725115,74155610.0
2024-04-17,28.560260772705078,28.723219313195788,27.8484001021014,28.03708428915247,94821196.0
2024-04-18,28.86044692993164,29.24639380822188,28.465918292276207,28.525954618753996,100657401.0
2024-04-19,28.834716796875,29.023404277406865,28.663183021094632,28.78325895435514,54038350.0
2024-04-22,28.59457015991211,29.32358458381238,28.345846360046085,28.97194183190109,60753507.0
2024-04-23,28.628877639770508,29.00624931270766,28.500226495589803,28.56026282374493,51245244.0
2024-04-24,28.69748878479004,28.774678815877603,28.388728660439774,28.62887724145357,44338353.0
2024-04-25,29.503698348999023,29.503698348999027,28.62887903252135,28.680336875309376,91948180.0
2024-04-26,29.57230567932129,29.906794696680606,29.349314091659814,29.503694141477066,95489883.0
2024-04-29,29.915376663208008,30.15552198119544,29.33216380089461,29.503697573057593,81806412.0
2024-04-30,29.426504135131836,29.6580742100038,29.203509275595486,29.503694160089157,86804180.0
2024-05-06,29.915376663208008,30.327055753358422,29.77815029982454,30.10406086802617,100070494.0
2024-05-07,29.906797409057617,29.975412224859014,29.700959505122412,29.915375896900038,47384857.0
2024-05-08,29.649497985839844,29.983987028939005,29.632344282125214,29.863914374671044,41286158.0
2024-05-09,29.881071090698242,29.958261129328385,29.67522989710627,29.67522989710627,51239131.0
2024-05-10,30.55004119873047,30.747303851782355,29.84675581942064,29.881063221273294,94036570.0
2024-05-13,30.79876708984375,30.93599343503437,30.301322815428055,30.395663269462613,74780026.0
2024-05-14,30.309900283813477,30.987456844944436,30.18982763181242,30.781615675989496,68777884.0
2024-05-15,30.061176300048828,30.39566533469442,29.752416184457708,30.301324874249904,67494406.0
2024-05-16,31.090375900268555,31.261909663030707,30.018293972673085,30.086908786471707,129147553.0
2024-05-17,31.60497283935547,31.64785873238476,30.927419570732177,31.133257461641893,91687944.0
2024-05-20,31.201873779296875,31.73362550683935,30.953149983351327,31.604974365009735,91425000.0
2024-05-21,31.081802368164062,31.321947685999515,30.9874586299474,31.184721322702888,44599944.0
2024-05-22,30.927419662475586,31.201872365658872,30.670117390473745,31.06464601406723,66447739.0
2024-05-23,30.447128295898438,30.884536305093206,30.29274822871568,30.790195838912247,92458495.0
2024-05-24,29.795305252075195,30.42997598240401,29.726690431642506,30.27559590816517,87044000.0
2024-05-27,30.138362884521484,30.19839920327679,29.80387388810366,29.88963912297295,57093814.0
2024-05-28,29.872493743896484,30.30132653421322,29.778150006549275,30.104060571541122,47619058.0
2024-05-29,29.649497985839844,30.069755547512155,29.5551542512766,29.803878047537065,49104118.0
2024-05-30,29.452234268188477,29.932528140156652,29.315007915016757,29.546577999444217,55924484.0
2024-05-31,29.400774002075195,29.67522671629005,29.400774002075195,29.615190389538952,50893248.0
2024-06-03,29.289281845092773,29.48654454248086,29.092015875970034,29.349318175961553,60811135.0
2024-06-04,29.62377166748047,29.743844332292344,29.246396696089164,29.289282595008896,53378842.0
2024-06-05,29.152055740356445,29.760997542770696,29.06628721567753,29.743843837834913,69104122.0
2024-06-06,29.16063117980957,29.332164958743626,28.971943695808637,29.23782121674316,67724066.0
2024-06-07,29.152055740356445,29.37504736105227,28.86044929991749,29.203513583429118,67826559.0
2024-06-11,28.611722946166992,29.13489944919607,28.40588177694422,28.971940902638845,69044831.0
2024-06-12,28.38015365600586,28.611723750994983,28.26008100047101,28.603145263179933,51138059.0
2024-06-13,28.148582458496094,28.491649979502263,28.06281721411173,28.47449627627852,55018421.0
2024-06-14,28.9976749420166,29.17778393173317,28.148584563484132,28.148584563484132,99167429.0
2024-06-17,28.929058074951172,28.989094400604333,28.637451662463942,28.817560639423426,45768248.0
2024-06-18,28.91190528869629,29.41792810077624,28.834715257303262,29.040556431596155,45367539.0
2024-06-19,29.289281845092773,29.503698247262605,28.869024257276656,28.911906883363695,58593722.0
2024-06-20,29.169204711914062,29.357892185018034,29.074864247096595,29.2978558566185,39246667.0
2024-06-21,28.903329849243164,29.229243676131794,28.723220867963047,29.057709910835968,52396280.0
2024-06-24,29.220664978027344,29.349316119006552,28.72322066115888,28.980519671382872,69258954.0
2024-06-25,29.41792869567871,29.56373354536272,29.134900756003745,29.220666005181727,63816020.0
2024-06-26,29.21209144592285,29.469390470977853,29.11774770666461,29.31501040159793,45263801.0
2024-06-27,29.38361930847168,29.452234120580826,29.01482614445514,29.126320306531024,55517260.0
2024-06-28,29.323585510253906,29.57230931797804,29.194937634066477,29.332163998373826,52574940.0
2024-07-01,29.469388961791992,29.503696369171603,29.11774621548707,29.32358411629586,47223865.0
2024-07-02,30.086910247802734,30.232711826604838,29.469389980559576,29.486543684842395,86877071.0
2024-07-03,29.555152893066406,30.095483084175747,29.426505028720378,30.026868272470427,69137270.0
2024-07-04,29.76957130432129,30.052602514325955,29.57230861480343,29.62376972709551,69691892.0
2024-07-05,29.76957130432129,29.76957130432129,29.76957130432129,29.76957130432129,0.0
2024-07-08,29.152055740356445,29.357893656116488,28.91190714299016,29.031979805805964,54573002.0
2024-07-09,29.563732147216797,29.632343688967453,28.920482993599265,29.152053081509703,62103701.0
2024-07-10,29.74384307861328,30.018295807110956,29.54658038448899,29.56373408898692,72631424.0
2024-07-11,29.918441772460938,30.127597626349804,29.818409957776986,30.082129565763644,73238896.0
2024-07-12,30.91875648498535,30.991508165359846,30.018473519801773,30.018473519801773,94490425.0
2024-07-15,30.718690872192383,30.964222574297594,30.664130584385113,30.91875451146126,47460366.0
2024-07-16,30.727787017822266,30.81872314483161,30.42769155450785,30.700503404526756,45579255.0
2024-07-17,30.982410430908203,31.09153447529407,30.600474541062262,30.645942603807136,57795422.0
2024-07-18,31.000598907470703,31.146098792266177,30.700503443772657,30.982410988247405,59862717.0
2024-07-19,31.146100997924805,31.191569064707487,30.545913497016407,30.91875719502024,81007218.0
2024-07-22,30.318567276000977,31.07334683756995,30.09122349122862,31.07334683756995,80820577.0
2024-07-23,30.318567276000977,30.655035106146624,30.218535455662604,30.318567276000977,53875468.0
2024-07-24,30.17306900024414,30.536820462858337,30.036661334516058,30.418600717160068,48245294.0
2024-07-25,29.854787826538086,30.300379707207995,29.43647262128824,30.209443579844187,76207854.0
2024-07-26,29.436473846435547,30.04575702590232,29.200037824054633,29.827505454558285,60146167.0
2024-07-29,29.50922393798828,29.691099659485623,29.28188015336432,29.44556795581284,41347533.0
2024-07-30,29.48194122314453,29.636536805274122,29.236412980982106,29.46375677253254,39078161.0
2024-07-31,29.76384735107422,30.009379050493514,29.327347708436847,29.48193981418744,59536965.0
2024-08-01,29.74566078186035,29.872972749781706,29.345536958537387,29.763848701419253,40913881.0
2024-08-02,29.354629516601562,29.645629294861003,29.309161451684332,29.481941485966193,38613024.0
2024-08-05,29.190940856933594,29.57288022288682,29.145472793341536,29.281880453108595,58441984.0
2024-08-06,28.827192306518555,29.45465989720164,28.654410546209466,29.42737975338654,51438864.0
2024-08-07,28.718067169189453,29.009066939686083,28.690785290269602,28.854473094797818,39073173.0
2024-08-08,29.036348342895508,29.081816405854898,28.53619097786512,28.745348577166407,39459978.0
2024-08-09,29.40009880065918,29.627442576838764,28.927221595431398,29.072721473426704,48274847.0
2024-08-12,29.209129333496094,29.40919297990754,29.036349300953184,29.372817140743468,31894321.0
2024-08-13,29.045440673828125,29.309158546297855,28.881752881159514,29.19093881403927,28237769.0
2024-08-14,28.972692489624023,29.227316418520083,28.92722269196728,29.00906659325399,28244610.0
2024-08-15,29.791128158569336,29.9366280426909,28.78172292928792,28.96359865168759,73978983.0
2024-08-16,30.14578628540039,30.236722408808028,29.754754710564214,29.782034853788357,41850302.0
2024-08-19,30.39131736755371,30.464069048307174,30.03666159635826,30.23672524943921,42284342.0
2024-08-20,30.445880889892578,30.555004941177852,30.15488110713782,30.418600744319022,42372873.0
2024-08-21,30.227628707885742,30.400408721518772,29.845689376446188,30.282188991669553,37810105.0
2024-08-22,30.282190322875977,30.50953409927743,30.17306628152068,30.26400240448497,38286399.0
2024-08-23,30.64594268798828,30.782346876597593,30.07303538265483,30.254911103124748,46558726.0
2024-08-26,30.7096004486084,30.773256434111413,30.436788586596748,30.64594446310538,35117460.0
2024-08-27,30.64594268798828,30.864190777359514,30.491347111442057,30.709598669804127,38720857.0
2024-08-28,30.62775421142578,30.90056605266836,30.409502657037255,30.764161866542455,41523208.0
2024-08-29,29.945724487304688,30.709599765336108,29.918444342407803,30.54591195797288,51638782.0
2024-08-30,29.236412048339844,30.109411347486976,29.209128435310287,29.827503806120554,111222983.0
2024-09-02,29.036348342895508,29.445567847511693,28.95450444197227,29.10000432483682,55802065.0
2024-09-03,28.75444221496582,29.172755674393066,28.554378577393717,29.109096224173104,50575188.0
2024-09-04,28.518003463745117,29.036346989094575,28.508909504678154,28.672597298892793,38052590.0
2024-09-05,28.37250518798828,28.59075501441952,28.099691604077652,28.518005072275773,54206345.0
2024-09-06,28.4179744720459,28.863568103628115,28.372506406688828,28.4179744720459,38318214.0
2024-09-09,27.499502182006836,28.18153349128626,27.317628206896178,28.172439532356428,87107347.0
2024-09-10,27.454036712646484,27.67228654407235,27.22669292143261,27.508598736879083,47602357.0
2024-09-11,27.35400390625,27.46312968528821,27.217597983323802,27.408565928521398,41579376.0
2024-09-12,27.49040985107422,27.735941553234206,27.226691964472884,27.372191846976122,41026697.0
2024-09-13,27.826881408691406,28.099693274322526,27.281255942933626,27.535881622819403,49597443.0
2024-09-18,28.29066276550293,28.37250667150596,27.83597516970633,27.83597516970633,41854027.0
2024-09-19,28.02694320678711,28.399786897636993,27.85416143423614,28.37250675188905,45119126.0
2024-09-20,28.13606834411621,28.290662192938107,27.881442671205008,28.026942560155554,48741755.0
2024-09-23,28.545286178588867,28.636224042957313,28.045130526305666,28.054224486192062,34460872.0
2024-09-24,30.127601623535156,30.13669384926244,28.79991291742488,28.80900687764772,136121800.0
2024-09-25,31.055164337158203,31.364352042619192,30.645944805078795,30.782349003111214,185624279.0
2024-09-26,32.1736946105957,32.1736946105957,30.836911995438346,31.064255788819338,174532999.0
2024-09-27,32.40103530883789,33.19219066291043,31.746284136369223,32.837534934153446,74545782.0
2024-09-30,34.20159912109375,34.556254865995705,32.664752934530874,33.05578451711272,256101260.0
2024-10-08,36.375003814697266,37.62084672403326,35.30194092464444,37.62084672403326,297303868.0
2024-10-09,33.655975341796875,36.12038482266935,33.655975341796875,36.102196902003406,185593210.0
2024-10-10,35.22010040283203,35.92031970965357,34.010633213951934,34.010633213951934,143329841.0
2024-10-11,34.947288513183594,35.66569573934474,34.58353705287666,35.220100373918285,90347580.0
2024-10-14,35.765724182128906,36.19312811823167,35.183721206877756,35.474720960007986,129293839.0
2024-10-15,35.01094055175781,36.36591094622068,35.01094055175781,35.620220189750825,95597653.0
2024-10-16,35.920318603515625,35.920318603515625,34.674475613141524,34.69266353251082,101254815.0
2024-10-17,35.00185012817383,36.184037098245845,35.00185012817383,35.94759762283696,84892228.0
2024-10-18,35.5110969543457,35.856660463596384,34.74722173173355,35.02003356788274,92819433.0
2024-10-21,35.3292236328125,35.6020389564254,35.01094371391871,35.6020389564254,71753946.0
2024-10-22,35.62022018432617,36.01125174587044,35.23828431620793,35.320128212089074,60052610.0
2024-10-23,36.06581497192383,36.320438880278296,35.48381548483329,35.5201913200241,62709968.0
2024-10-24,35.747535705566406,36.084003514431934,35.592940137823454,35.96578378250975,33631220.0
2024-10-25,35.55656814575195,35.911227379858005,35.52019577498988,35.692975810330516,44793119.0
2024-10-28,35.02913284301758,35.55656865096747,34.810881270389,35.474724744855635,66464094.0
2024-10-29,35.10187911987305,35.55656669121333,34.929099091600456,35.10187911987305,51468161.0
2024-10-30,34.4471321105957,35.37469519218781,34.20160040055741,35.02003596502743,70340828.0
2024-10-31,33.97425842285156,34.547165776843656,33.565038884285784,34.37438226667636,85039251.0
2024-11-01,34.565345764160156,34.82906537373054,33.99244195315086,34.04700223858564,70310211.0
2024-11-04,35.23828887939453,35.23828887939453,34.0197259768055,34.64719361382116,64661209.0
2024-11-05,35.53838348388672,35.556567934664294,34.92000808771943,34.94728823287678,62874476.0
2024-11-06,35.06550598144531,35.53838146154569,34.69266231988416,35.46562978661142,64833629.0
2024-11-07,35.98397445678711,35.99307015093435,34.90181927565607,34.93819164527232,74347218.0
2024-11-08,35.283756256103516,36.23859950038255,35.23828819094566,36.084007385047634,74536846.0
2024-11-11,34.856353759765625,35.19282161899912,34.45622644382089,34.829070144320475,70314555.0
2024-11-12,34.18341064453125,35.32012953605066,34.11065897035844,34.72903432486426,89328928.0
2024-11-13,34.3925666809082,34.53806656101025,34.11065914552704,34.18341082007345,48530440.0
2024-11-14,34.610816955566406,34.992752825837826,34.128845801997834,34.24706553426831,67644030.0
2024-11-15,34.3925666809082,35.07459801932229,34.383474456085295,34.629006154193256,69927688.0
2024-11-18,34.46531677246094,35.1564403039546,34.37437718345479,34.601720952484236,76344807.0
2024-11-19,34.301631927490234,34.71994366587648,34.05610021957025,34.47441195795649,52124855.0
2024-11-20,34.08338165283203,34.41984950130032,34.01063344161856,34.37438143566801,45129126.0
2024-11-21,34.03791046142578,34.24706631931998,33.89241058336935,34.083378522882654,35033614.0
2024-11-22,33.14672088623047,34.147032042164476,33.06487699390929,34.03790800873306,69049090.0
2024-11-25,32.93756866455078,33.51956819882376,32.84662906920134,33.37406831525551,53409473.0
2024-11-26,33.0921630859375,33.264946594681675,32.592007418028196,32.764787457781274,45942121.0
2024-11-27,33.28312683105469,33.35587850320551,32.83753498059823,33.09215889514478,39207688.0
2024-11-28,33.164913177490234,33.51047324043143,32.901193548673845,33.28312945055336,45193910.0
2024-11-29,33.046695709228516,33.64688321704315,33.019415562643225,33.27403951474908,66437999.0
2024-12-02,33.20128631591797,33.355881900488626,32.91938223009838,33.14672602523857,42465209.0
2024-12-03,33.75600814819336,33.846947754155764,33.08307240902787,33.328604141639474,72198609.0
2024-12-04,33.47410202026367,33.72872596359592,33.21947460794037,33.72872596359592,62051124.0
2024-12-05,33.56503677368164,33.97425628651528,33.29222492145619,33.33769298532861,56894934.0
2024-12-06,34.283443450927734,34.392567496343865,33.65597238455556,33.65597238455556,87723587.0
2024-12-09,34.283443450927734,34.547163073925,33.965160070726974,34.18341163055009,49299535.0
2024-12-10,35.10187911987305,35.4565383394708,34.92000686652963,35.28375484220733,103895319.0
2024-12-11,34.82906723022461,35.27466257597409,34.76541124783052,35.04731879056924,51770936.0
2024-12-12,35.283756256103516,35.311039870391035,34.74722476166238,34.819976441107755,58688876.0
2024-12-13,33.91969299316406,35.10188001499726,33.90150507356774,34.9654758215113,111798280.0
2024-12-16,34.319820404052734,34.35619277437922,33.93788102920148,33.96516117419407,64031589.0
2024-12-17,34.41984939575195,34.70175695219343,34.13794530830151,34.13794530830151,60310408.0
2024-12-18,35.02913284301758,35.15644481497131,34.428945354527805,34.574445246616506,80585536.0
2024-12-19,34.57444381713867,35.03822361993676,34.55625589775568,34.90181942805069,61119582.0
2024-12-20,34.47440719604492,34.810874985315245,34.42893913841225,34.60171914501259,54215038.0
2024-12-23,34.874534606933594,35.19281798162886,34.53806678247589,34.5471624763479,90269156.0
2024-12-24,35.66569519042969,35.729351174655044,34.84725615183082,34.87453629678713,99342846.0
2024-12-25,35.829383850097656,35.974883741642586,35.45654016120183,35.6747882640237,75591307.0
2024-12-26,35.902130126953125,35.9566938842142,35.47472270088519,35.82938191959588,53925194.0
2024-12-27,35.774818420410156,36.04763027070184,35.26556708927236,35.90213038594688,70031955.0
2024-12-30,36.029441833496094,36.19312963511597,35.69297400527337,35.774817906083314,67884533.0
2024-12-31,35.73844528198242,36.28407249277834,35.73844528198242,35.97488478069133,64371699.0
2025-01-02,35.02003479003906,35.92031769663993,34.86544268278937,35.78391003930952,64200070.0
2025-01-03,35.15644454956055,35.50200809153406,35.04732049856561,35.101880789567566,68258306.0
2025-01-06,35.5110969543457,35.55656501553878,34.67447352762277,35.374692770766465,61715863.0
2025-01-07,35.374698638916016,35.60204245158516,35.110978983661894,35.438354628944076,49275205.0
2025-01-08,35.720252990722656,35.96578468518932,35.30194127525681,35.3110369689356,75148102.0
2025-01-09,35.46562957763672,35.856661155627364,35.31103747279849,35.82938101218315,44708335.0
2025-01-10,35.44744110107422,35.87484850959034,35.29284899866924,35.77481669321502,48142480.0
2025-01-13,35.5292854309082,35.602037105152874,35.047317730504915,35.40197346997079,60632274.0
2025-01-14,36.23859405517578,36.347721557946365,35.3746905400135,35.54747054924786,70801188.0
2025-01-15,36.95700454711914,37.28438014735395,36.274973202960226,36.365912796909235,79670088.0
2025-01-16,37.27528762817383,37.42078750835274,36.85697243729253,36.966099949169795,59259386.0
2025-01-17,37.02066421508789,37.42988375613349,36.493228393622225,37.24800801911421,47590050.0
2025-01-20,36.484130859375,37.34803796491691,36.475038634028465,37.26619406083418,54257482.0
2025-01-21,36.502315521240234,36.83878333288805,36.38409578834048,36.66600331479661,40068506.0
2025-01-22,35.87485122680664,36.52050676632577,35.75663148313705,36.502318846608055,58891222.0
2025-01-23,36.22041320800781,36.584161179768145,35.938505667976116,36.07490985651468,60661810.0
2025-01-24,36.61144256591797,36.875162195961124,35.88394312872214,36.06581885526884,57465234.0
2025-01-27,36.96609878540039,37.257098536596935,36.8751591950323,36.902442806638064,52606047.0
2025-02-05,36.375003814697266,37.19344278812423,36.2840676927568,37.14797125816331,50478889.0
2025-02-06,36.556884765625,36.720572583764415,36.12947729948417,36.3750090266933,46608842.0
2025-02-07,36.556884765625,36.7387605045567,36.33863318510872,36.465945161663555,52106618.0
2025-02-10,36.920631408691406,37.21163119262069,36.338631840832825,36.55688341327532,58180595.0
2025-02-11,37.26619338989258,37.320757147962354,36.95700569881234,37.05703752077814,45777119.0
2025-02-12,37.84819030761719,37.88456614380679,36.88425493152733,37.248002886451374,60359149.0
2025-02-13,37.93003845214844,38.14829002473633,37.59357060219187,37.87547816074476,46220698.0
2025-02-14,38.22103500366211,38.22103500366211,37.75725522100051,37.91184732555745,49873690.0
2025-02-17,37.93913269042969,38.184664399294775,37.61175707860957,38.184664399294775,53612561.0
2025-02-18,38.23922348022461,38.63025506320951,37.748160078012305,37.748160078012305,54666539.0
2025-02-19,38.175567626953125,38.33016320327594,37.975503987826244,38.19375554587291,37470223.0
2025-02-20,38.057350158691406,38.275601729757355,37.90275804213759,38.193757824231504,40767508.0
2025-02-21,37.64813232421875,38.184663797582424,37.484444520888076,38.15738018436673,59525579.0
2025-02-24,37.529911041259766,37.96641067586507,37.375315469363095,37.63903508266341,57110709.0
2025-02-25,37.31166076660156,37.68450443406758,37.202536721462714,37.42078828073126,50732120.0
2025-02-26,37.72087860107422,37.92094223245832,37.32984703190931,37.40259870477287,47644661.0
2025-02-27,38.5393180847168,38.55750600317285,37.539003383578624,37.8300031408939,62259657.0
2025-02-28,38.23922348022461,38.793942863946945,38.23922348022461,38.53931893790685,70542365.0
2025-03-03,38.23922348022461,38.75756702622955,38.148287354921955,38.30287946173463,47014902.0
2025-03-04,38.011878967285156,38.28469080693976,37.98459882401692,38.11191078458969,31724542.0
2025-03-05,39.00310134887695,39.02128926895812,37.966414187187524,38.15738214455325,63203743.0
2025-03-06,39.06675720214844,39.19406917329374,38.60297738312041,39.003101216575786,57205304.0
2025-03-07,39.62147521972656,39.83063108906543,38.96672399815034,39.01219553108607,60541319.0
2025-03-10,39.166786193847656,39.630569448309686,38.939442413540206,39.548725548639375,50874971.0
2025-03-11,39.56690979003906,39.68512952649395,38.839410390683554,38.89397414650676,56574109.0
2025-03-12,39.59419250488281,39.885192258028326,39.3304728945351,39.55781666849195,41825836.0
2025-03-13,39.86700439453125,40.35806777950956,39.55781672276609,39.64875284487732,58553928.0
2025-03-14,41.0673828125,41.34929036591804,39.957943987619146,40.012507747020024,91127535.0
2025-03-17,40.958255767822266,41.37656748566905,40.903692012411085,41.21287968842627,65420973.0
2025-03-18,41.049190521240234,41.26744206661044,40.758190773407044,41.185598170720446,42822001.0
2025-03-19,41.84944152832031,41.92218973072427,41.012814652235754,41.17650244388294,67070594.0
2025-03-20,41.140132904052734,41.75850480844395,40.7218177027713,41.75850480844395,67865603.0
2025-03-21,40.64906692504883,41.231066423433155,40.485379132504406,41.03100279499205,67541170.0
2025-03-24,40.96734619140625,41.0946581461109,40.51265865660931,40.51265865660931,44957619.0
2025-03-25,41.003726959228516,41.37657064385304,40.87641498920907,40.92188305436016,35687155.0
2025-03-26,38.793941497802734,40.54903571246604,38.74847343675258,40.46719181497949,157832632.0
2025-03-27,39.33956527709961,39.77606837756129,38.86669327808242,38.8757855027213,82795081.0
2025-03-28,39.30319595336914,39.51235182616836,39.157696064943984,39.37594416308623,38618409.0
2025-03-31,39.366851806640625,39.812443695775166,38.74847641564534,39.29410012817485,53956888.0
2025-04-01,38.98491287231445,39.36685225058505,38.875788822376144,39.35775655617877,38936035.0
2025-04-02,38.85759735107422,39.23953669443658,38.8121292901715,38.98490930919811,33120189.0
2025-04-03,38.784854888916016,38.96672715945023,38.21194752355789,38.21194752355789,46416550.0
2025-04-07,37.12978744506836,38.19375465976041,35.82028506515107,37.22981579332026,181563292.0
2025-04-08,37.4207878112793,37.46625587376751,36.77512883557982,37.084316517086776,161047736.0
2025-04-09,36.79331970214844,37.302571062192236,36.64781980913465,36.92063167491162,97396935.0
2025-04-10,37.37531661987305,37.69359999816814,36.87516098997028,37.275288269085166,74378875.0
2025-04-11,37.74816131591797,37.91184912202335,37.11160147994252,37.38441333378785,58305691.0
2025-04-14,37.72087860107422,38.111910170239135,37.65722262181395,37.90275431424243,48215984.0
2025-04-15,38.284690856933594,38.45747434850005,37.69359911507521,37.72997495214086,61456386.0
2025-04-16,38.42110061645508,38.721196085202216,38.030069019052355,38.17556890629586,57629358.0
2025-04-17,38.302879333496094,38.52113089007891,38.05734763321198,38.302879333496094,40579288.0
2025-04-18,38.875789642333984,38.91216548274432,38.239226311117434,38.31197799193811,43500128.0
2025-04-21,38.44837951660156,39.17588239825929,38.44837951660156,38.7939430384899,41646585.0
2025-04-22,38.202850341796875,38.68482155312977,38.202850341796875,38.47566567496273,43378813.0
2025-04-23,38.18466567993164,38.46656976812718,37.98460202844497,38.46656976812718,46774359.0
2025-04-24,38.38472366333008,38.53931924034678,38.148287654293235,38.19375571730138,41365185.0
2025-04-25,38.26650619506836,38.69391013675062,38.23013035820455,38.45747413511729,42434993.0
2025-04-28,38.51203918457031,38.70301061722922,38.221039391650564,38.33016691573884,38697317.0
2025-04-29,38.193756103515625,38.78485133557115,38.193756103515625,38.512036016781906,45769853.0
2025-04-30,37.04794692993164,37.86638252313735,36.838787582599416,37.86638252313735,117268210.0
2025-05-06,37.620849609375,37.65722544853732,36.838786412339935,37.19344564068611,66640999.0
2025-05-07,38.211944580078125,38.40291253082344,37.56628905003963,38.002788709882175,71291388.0
2025-05-08,38.92125701904297,39.48506865945355,38.19375756867591,38.20284979412193,83380964.0
2025-05-09,39.539634704589844,39.64875876120478,38.92125926878649,38.92125926878649,66815472.0
2025-05-12,39.830631256103516,40.37625843270221,39.2031636454555,39.512351338164144,84897409.0
2025-05-13,40.52175521850586,40.60359911528322,39.87609626882194,40.094347816558454,69912417.0
2025-05-14,40.74909973144531,41.19469159056186,40.30350440333803,40.5126602613506,71279018.0
2025-05-15,40.8491325378418,41.26744776851726,40.603604285237886,40.76729209963456,68460048.0
2025-05-16,40.25803756713867,40.903693079218556,40.0397860087925,40.69453721484018,61965535.0
2025-05-19,39.86700439453125,40.43081598340041,39.785160497034866,40.194379984516786,50281701.0
2025-05-20,39.92156982421875,40.56722533767466,39.89428621124806,40.03978609412532,50053483.0
2025-05-21,39.92156982421875,40.348973778863346,39.867006067268214,39.96703788718211,49920035.0
2025-05-22,40.47628402709961,40.52175555712642,39.785160479974806,39.92156813207386,56565562.0
2025-05-23,40.05797576904297,40.63088310066896,39.92157157417363,40.57631934132663,54146009.0
2025-05-26,39.830631256103516,40.16709909349527,39.676039144244655,39.91247515914377,45609975.0
2025-05-27,39.77606964111328,40.14891330498397,39.712410190656065,39.83062992866115,36375001.0
2025-05-28,39.72150421142578,40.05797202343132,39.6487525391053,39.812440332835706,30035524.0
2025-05-29,39.530540466308594,39.96704013953947,39.51235254630009,39.739696342919785,49298970.0
2025-05-30,39.494163513183594,39.90338302936375,39.42141183520004,39.60328756116799,57139144.0
2025-06-03,39.985225677490234,40.40353740579234,39.557818255230224,39.557818255230224,50368513.0
2025-06-04,40.06707000732422,40.25803795459579,39.92157012335671,40.057974313268886,37341667.0
2025-06-05,40.34897232055664,40.39444038187668,40.012504503999494,40.067068258977976,42131680.0
2025-06-06,40.43991470336914,40.6581628003652,40.28531912142189,40.42172678378764,37349895.0
2025-06-09,40.55813217163086,40.630883852099444,40.20347640182417,40.55813217163086,47477446.0
2025-06-10,40.62178421020508,40.967347720869284,40.42172404633904,40.53084808744695,52834892.0
2025-06-11,41.20378875732422,41.54025658711339,40.667257287070264,40.667257287070264,77676108.0
2025-06-12,41.131038665771484,41.512978042374215,41.01281892194314,41.28563424908409,45239070.0
2025-06-13,41.0855712890625,41.24016340597341,40.876415412011305,41.14013504920279,47408056.0
2025-06-16,41.63119125366211,41.658474865763054,40.87641171935678,40.99463145448559,41447435.0
2025-06-17,41.81306838989258,41.876724371973836,41.56753668658309,41.72213226377389,47420901.0
2025-06-18,41.694847106933594,41.894910739776094,41.512974861430294,41.758503086657896,42642859.0
2025-06-19,41.494789123535156,41.885820716098344,41.25834964157138,41.68575707274297,51345430.0
2025-06-20,41.82216262817383,41.99494264938164,41.422035361600976,41.58572315810974,44815652.0
2025-06-23,42.05860137939453,42.14044528300056,41.312914021646705,41.74032145925496,53893148.0
2025-06-24,42.51328659057617,42.7406303691354,41.99494305298038,42.113162789148596,65581461.0
2025-06-25,43.19532012939453,43.19532012939453,42.36778887199103,42.51328875893041,60767987.0
2025-06-26,43.5408821105957,43.5408821105957,42.7860990890557,43.18622636562758,59020064.0
2025-06-27,42.03132247924805,43.53178946447245,41.867634667188504,43.513601544355716,95414320.0
2025-06-30,41.785789489746094,42.09497718434082,41.622101682667065,41.94947729682512,62461363.0
2025-07-01,42.240474700927734,42.44053486691324,41.75850353202955,41.79487936911446,45061309.0
2025-07-02,42.649696350097656,42.88613236511159,42.240476834697645,42.46782062447644,51856318.0
2025-07-03,42.3859748840332,42.69516256348921,42.1404431854366,42.64969450130261,55622576.0
2025-07-04,42.804290771484375,43.1953223885208,42.19501104711992,42.37688331356291,67894832.0
2025-07-07,42.922508239746094,43.013444368136895,42.4678206598102,42.804288497645295,56742742.0
2025-07-08,43.304443359375,43.34991142274891,42.831567868506426,42.99525567184519,63742101.0
2025-07-09,42.858848571777344,43.44084806902601,42.858848571777344,43.19531638068849,61456635.0
2025-07-10,43.86825942993164,44.1501635105674,42.8315688292032,42.8315688292032,121978404.0
2025-07-11,43.29903030395508,44.114919720848405,43.280055710651325,43.90620281354073,118444284.0
2025-07-14,43.23262405395508,43.72595265717942,43.10929099839052,43.308522432466766,64848437.0
2025-07-15,42.900577545166016,43.564670259645965,42.50211829744418,43.422366228986206,66620626.0
2025-07-16,42.79621887207031,43.204163605530084,42.578016464248506,42.9385229020234,46818639.0
2025-07-17,42.69186019897461,43.004935577569995,42.60647633381531,42.78672955180325,41689506.0
2025-07-18,42.73929214477539,42.84365059763972,42.445194998376195,42.73929214477539,54343057.0
2025-07-21,42.5495491027832,42.91005912857972,42.530578128981816,42.73929141209892,56641201.0
2025-07-22,42.63493728637695,42.67288647589679,41.94238086329259,42.549553419474286,92231906.0
2025-07-23,42.80570602416992,43.35595842801168,42.65391288156426,42.66340198868373,85324905.0
2025-07-24,42.57801818847656,43.03339761702828,42.50211980753428,42.89108996227849,82662013.0
2025-07-25,42.530582427978516,42.85313968167578,42.454684048966996,42.540067915838,69626423.0
2025-07-28,42.16058349609375,42.8436544349056,42.13212341332123,42.502118965499676,63512720.0
2025-07-29,41.87596893310547,42.50211604430288,41.87596893310547,42.1605805983709,78581282.0
2025-07-30,42.141605377197266,42.45468073765015,41.67674050862819,41.90442838983609,72546085.0
2025-07-31,42.19853210449219,42.274430482885236,41.600845041265465,42.12263734513301,73319517.0
2025-08-01,42.141605377197266,42.66339764461875,42.07519611025883,42.21750375028898,59462094.0
2025-08-04,42.596988677978516,42.66339794538513,42.03725083909879,42.03725083909879,49800832.0
2025-08-05,42.92903518676758,43.07134282837033,42.350322752165766,42.48314128751038,55525830.0
2025-08-06,42.80570602416992,43.384418511302115,42.796220536084434,42.966988273895055,43029640.0
2025-08-07,42.83416748046875,43.26108318357581,42.653910644990496,42.80570377963682,44064325.0
2025-08-08,42.245967864990234,42.95749889502192,42.245967864990234,42.8816041337162,45642153.0
2025-08-11,41.83802032470703,42.34083801329917,41.83802032470703,42.24596504420927,53672371.0
2025-08-12,41.7431526184082,42.19853203087041,41.7431526184082,41.8664856735648,56225243.0
2025-08-13,41.30674743652344,41.98032925199868,41.25931276004546,41.87597079232683,87673736.0
2025-08-14,41.53443145751953,41.68622457951236,41.268794398790455,41.31622907084443,67635168.0
2025-08-15,41.07905578613281,41.49648962343163,41.07905578613281,41.42059124609227,93295684.0
2025-08-18,41.278282165527344,41.430075295904224,40.69008423769614,40.88931204274698,92639738.0
2025-08-19,41.173927307128906,41.45853897405615,41.06956885148106,41.22136198177783,57411852.0
2025-08-20,41.22136306762695,41.39213079608838,40.9367513932025,41.07905542089783,54724013.0
2025-08-21,41.24033737182617,41.35418131698874,41.01264586246727,41.268797453358374,57854002.0
2025-08-22,41.041107177734375,41.24982409933479,40.83239387516784,41.240338611550165,79449625.0
2025-08-25,41.61981964111328,41.61981964111328,40.89880314145772,41.0980309562138,90738990.0
2025-08-26,41.28777313232422,41.76212713850575,41.192900159667595,41.63879408356907,75572231.0
2025-08-27,40.79444122314453,41.420588315761684,40.79444122314453,41.26879519085551,75814078.0
2025-08-28,40.77547073364258,41.07905701400671,40.414960668572455,40.81341992344658,82242557.0
2025-08-29,40.690086364746094,41.73366735729421,40.690086364746094,40.775470231236085,136087899.0
2025-09-01,39.826759338378906,40.45290644111536,39.73188999091693,40.43393184781624,127633329.0
2025-09-02,41.21187210083008,41.26879588075909,39.71291541970229,39.71291541970229,145214114.0
2025-09-03,40.69957733154297,41.33520999632347,40.50983499522367,41.21187693486082,81840560.0
2025-09-04,40.84187698364258,41.09802856731132,39.97855288418142,40.61418909973725,93536328.0
2025-09-05,40.566749572753906,40.81341566168897,40.348547182716615,40.79444106876831,57232838.0
2025-09-08,40.25368118286133,40.88931381288362,40.19675739936808,40.50983278003018,85168162.0
2025-09-09,40.63316345214844,40.680598126094466,40.225218741952034,40.24418971630353,58952653.0
2025-09-10,40.79444122314453,40.93674886107125,40.37701103441095,40.604698912253426,47138694.0
2025-09-11,41.07905578613281,41.10751948715198,40.58572719052846,40.91777716283741,65073072.0
2025-09-12,40.35803985595703,41.24033860007005,40.24419228837002,41.15495473389673,82314003.0
2025-09-15,40.0544548034668,40.59521809939799,39.9500963395092,40.3011173027024,69949106.0
2025-09-16,39.608558654785156,40.253680378685196,39.52317479076798,40.14932192054934,85905078.0
2025-09-17,39.618045806884766,40.02599054999181,39.561125641170996,39.618045806884766,57236258.0
2025-09-18,38.735748291015625,39.69394175177374,38.707284590870735,39.63701797051767,100352240.0
2025-09-19,38.897029876708984,39.399843982878004,38.47011053230416,38.707287543747505,83656307.0
2025-09-22,38.821128845214844,39.248048160469736,38.70728490082479,39.03933486559359,65611030.0
2025-09-23,39.41881561279297,39.60855793148106,38.54600601347496,38.87805235690383,93885081.0
2025-09-24,39.20061492919922,39.74137820876343,39.1721548468118,39.37138266159148,64389951.0
2025-09-25,38.72625732421875,39.238560473811305,38.71677183731528,39.20061128813033,66694887.0
2025-09-26,38.7072868347168,38.89702916420262,38.2329328205192,38.71677594165975,68276667.0
2025-09-29,38.593441009521484,39.172153457770406,38.28985474470791,38.67882487268991,83555055.0
2025-09-30,38.3372917175293,38.69780178573805,38.3372917175293,38.56498323930166,70002520.0
2025-10-09,38.26139450073242,38.365749338353694,37.777551405156245,38.14754693763583,97231953.0
2025-10-10,38.11909103393555,38.564984990679385,38.07165635363036,38.232934990474824,95504979.0
2025-10-13,38.052677154541016,38.23293036550949,37.663707032636864,37.72062719450391,106593617.0
2025-10-14,39.1436882019043,39.36189421391233,37.78703917063433,38.03370164385607,173382668.0
2025-10-15,39.37137985229492,39.4377891191496,38.906511365278575,39.1342028652329,106276702.0
2025-10-16,39.779327392578125,39.83625117637912,39.02036170373419,39.37138265625566,106248776.0
2025-10-17,39.45676803588867,40.054455122106155,39.25754021349418,39.73189423959573,82982705.0
2025-10-20,39.29548263549805,39.6465071923823,38.991896372648874,39.475739467150426,64947729.0
2025-10-21,39.826759338378906,39.94060327914,39.36189446916816,39.36189446916816,75993124.0
2025-10-22,39.798301696777344,40.03547869900005,39.589584776730526,39.826761778953234,55133364.0
2025-10-23,40.07342529296875,40.31060227983306,39.637016886672875,39.79829911963808,71317373.0
2025-10-24,39.798301696777344,40.27265570122276,39.70342872446795,40.17778272891337,69883194.0
2025-10-27,39.45676803588867,39.81727810905537,39.295485785116455,39.75086883492388,98894862.0
2025-10-28,39.466251373291016,39.58009893905567,39.11523042643456,39.48522596758512,70595074.0
2025-10-29,38.67882537841797,39.3998418620191,38.602927001705325,39.3998418620191,91098760.0
2025-10-30,39.08677291870117,39.238566064017064,38.64087897100832,38.7072882458944,113153844.0
2025-10-31,38.79267120361328,39.18164135552324,38.745236525386986,39.143692165328616,70260700.0
2025-11-03,39.646507263183594,39.81727498872043,38.95395087363253,39.029845629963496,92198068.0
2025-11-04,40.80392837524414,40.89880134407804,39.66548170150709,39.6939417826404,134003592.0
2025-11-05,40.60470199584961,41.24033824275117,40.55726731928295,40.88931367428342,73171377.0
2025-11-06,40.168296813964844,40.69008548949823,40.13983673209166,40.4623975964451,87197274.0
2025-11-07,40.3295783996582,40.52880984450958,40.11137597818676,40.22522355211157,59319118.0
2025-11-10,40.528804779052734,40.68059790628001,40.111370964902505,40.2726531982879,53236873.0
2025-11-11,40.756492614746094,40.83239098779156,40.33906242009684,40.50034103426805,54467066.0
2025-11-12,40.72803497314453,41.13597970510743,40.72803497314453,40.90828819137057,58792878.0
2025-11-13,40.99367141723633,41.07905528117663,40.54778112246701,40.76598352608472,58798006.0
2025-11-14,41.031620025634766,41.354180882736365,40.96521075673447,41.022134538234894,51820955.0
2025-11-17,40.462398529052734,40.984187216612696,40.32009087833916,40.88931424312568,61067446.0
2025-11-18,40.680599212646484,40.70905929396752,40.2631653850913,40.37701294844293,51743927.0
2025-11-19,41.0031623840332,41.26879947543942,40.60470312788993,40.680601507739674,51169639.0
2025-11-20,41.01264572143555,41.54392349542355,40.84187799476204,41.003160233968686,58585152.0
2025-11-21,40.79444122314453,41.3162298638199,40.56674972626849,41.02213272002057,79126405.0
2025-11-24,40.443424224853516,40.99367299889498,40.32957665585135,40.88931453682662,67854882.0
2025-11-25,41.031620025634766,41.07905470070159,40.26316526103085,40.47188217416534,66640949.0
2025-11-26,41.031620025634766,41.39213007040331,40.76598295003359,41.11700388836854,45107206.0
2025-11-27,40.97469711303711,41.16443943636177,40.41495924969797,40.96521162543609,62143434.0
2025-11-28,40.747005462646484,40.908284070227594,40.623672421003974,40.889309477741556,49465789.0
2025-12-01,41.21187210083008,41.2403358003114,40.72803263805115,40.87034027835687,56791942.0
2025-12-02,41.15495681762695,41.41110842911621,41.003163672192656,41.211876985268525,40673497.0
2025-12-03,40.80392837524414,41.344695250013075,40.79444288787761,41.05059447517856,46895972.0
2025-12-04,41.0031623840332,41.192901095589676,40.803930946444595,40.84188013636947,36120746.0
2025-12-05,41.22136306762695,41.31623241942384,40.70905988224266,41.03162074499939,54890622.0
2025-12-08,40.965213775634766,41.401618608864,40.8608553113769,41.211876275580074,58003881.0
2025-12-09,40.832393646240234,41.079056136630086,40.633165832575294,40.96521218868352,46593870.0
2025-12-10,39.56112289428711,40.8703409003087,39.41881525181579,40.8703409003087,108315686.0
2025-12-11,39.542152404785156,39.89317337520435,39.28600079317091,39.71292014586132,84623107.0
2025-12-12,39.59907150268555,39.68445536311359,39.352405408545145,39.608556989829275,71762547.0
2025-12-15,39.6559944152832,40.1113738294863,39.4947157894136,39.599074250403994,56266557.0
2025-12-16,39.56112289428711,39.96906760906895,39.30497130925895,39.63701764964711,56617635.0
2025-12-17,39.390357971191406,39.70342974023739,39.11523177300614,39.46625273194676,63126744.0
2025-12-18,40.196754455566406,40.24418912881998,39.27651021353948,39.40932874626294,76811931.0
2025-12-19,39.83625030517578,40.301115196098955,39.76035192843432,40.196756737596345,57382341.0
2025-12-22,39.627532958984375,39.969068412554364,39.570609177044794,39.92163373712159,52473989.0
2025-12-23,39.760353088378906,39.88368614466493,39.52317608269327,39.59907446164895,60651014.0
2025-12-24,39.6844596862793,39.83625283035042,39.41881896987931,39.77932904418599,53630520.0
2025-12-25,39.637020111083984,39.92163541370107,39.56112535101096,39.779327762392526,49921351.0
2025-12-26,39.56112289428711,39.731890617639216,39.48522451989342,39.64650675596316,50880959.0
2025-12-29,39.72240447998047,39.77932826502993,39.29548513969435,39.52317666085826,68255105.0
2025-12-30,40.11137008666992,40.30111239630804,39.637016122091396,39.75086367929439,83478293.0
2025-12-31,39.94060516357422,40.15881118729244,39.769837434858786,40.07342732293473,55414239.0
2026-01-05,40.17778396606445,40.604703307017765,40.10188920491384,40.3011170243474,84082964.0
2026-01-06,40.538291931152344,40.595215713338135,39.93111939730565,40.27265485235286,92371482.0
2026-01-07,39.98804473876953,40.81341970796211,39.97855563185166,40.55726810668843,88055952.0
2026-01-08,39.44728088378906,40.08291351481677,39.18164017943423,40.035478838014285,111572692.0
2026-01-09,39.181636810302734,39.618041589814354,39.010869093270614,39.40932830602341,98547074.0
2026-01-12,39.01087188720703,39.30497266961091,38.89702794071003,39.18163961646944,118664058.0
2026-01-13,39.020362854003906,39.257539864948924,38.92548987820551,39.08677212754579,115936473.0
2026-01-14,38.01472854614258,39.058305878644674,38.00524305869819,39.020360309833386,191774380.0
2026-01-15,38.052677154541016,38.346774308277276,37.94831869907318,38.052677154541016,121727094.0
2026-01-16,37.68574905395508,38.444913241255165,37.617619124982134,38.43518198546017,152524530.0
2026-01-19,37.520286560058594,37.8804024154666,37.471622857349814,37.695478860052226,98870273.0
2026-01-20,37.69548034667969,38.0847974093088,37.481355590953406,37.53975426418858,111387322.0
2026-01-21,37.218570709228516,37.89986999716936,37.160172036203875,37.88040377282781,121499985.0
2026-01-22,36.838985443115234,37.54948964717455,36.79032173795023,37.24776873466721,187754633.0
2026-01-23,36.49833679199219,37.1504386271971,36.3815431538426,36.838986450262986,189211273.0
2026-01-26,37.00444793701172,37.27696766678995,36.31341364347242,36.49833721542153,216679416.0
2026-01-27,37.082305908203125,37.48135421195514,36.85844990490834,37.0433771736146,157240627.0
2026-01-28,36.790321350097656,37.413225680369365,36.692993940793706,37.10177351523351,204166688.0
2026-01-29,37.500823974609375,37.617621327804734,36.54700120033124,36.86818835241415,199998187.0
2026-01-30,37.637081146240234,38.12372561130857,37.50082129006952,37.50082129006952,166084303.0
2026-02-02,37.4229621887207,38.25025634025071,37.384029738276205,37.84147674899197,138497888.0
2026-02-03,37.2769660949707,37.63708196739343,37.12124001126336,37.63708196739343,84279156.0
2026-02-04,37.96800231933594,37.977737288521695,37.2380355681253,37.27696801926256,102131628.0
2026-02-05,38.6493034362793,38.85369322535633,37.870673016364854,37.8998704968608,121889452.0
2026-02-06,38.542240142822266,38.882893496003334,38.25998917485267,38.6395712635037,80297978.0
2026-02-09,38.425445556640625,38.678502751325894,38.27945444844761,38.54223918575554,65894891.0
2026-02-10,38.289188385009766,38.503313147382954,38.25999090388716,38.43518321622835,49596465.0
2026-02-11,38.34758758544922,38.39625129225455,38.152929045425054,38.30865513488382,52881696.0
2026-02-12,37.94853973388672,38.36705058800057,37.6954825147821,38.347588075272114,77752571.0
2026-02-13,37.6760139465332,38.04586478302547,37.59815276205216,37.909604925581654,70537032.0
2026-02-24,37.899871826171875,38.357318838267425,37.783078187288936,38.15292904202156,75467438.0
2026-02-25,37.744144439697266,38.10426402581578,37.68574947866388,37.860941787369455,72397149.0
2026-02-26,37.666282653808594,37.97773481703243,37.47162412359303,37.76361006251505,59332534.0
2026-02-27,37.71494674682617,37.909605279047746,37.60788436846417,37.71494674682617,63703472.0
2026-03-02,37.637081146240234,37.83173967482809,37.393758913706066,37.56895121815487,68547313.0
2026-03-03,38.133460998535156,38.493576867055545,37.5300228948086,37.62735030377,138465642.0
2026-03-04,37.56895065307617,37.987465183764236,36.99471004442064,37.96799895991798,115193902.0
2026-03-05,38.10426330566406,38.19185945836133,37.59815261372462,37.62735009368949,78336979.0
2026-03-06,38.15292739868164,38.269721032533994,37.90960516235434,38.05559627646911,46595667.0
2026-03-09,37.75387954711914,38.13346164644163,37.71494709775203,37.860941926477324,76677490.0
2026-03-10,38.172393798828125,38.19186002336023,37.76361050925927,37.899870368181325,61371700.0
2026-03-11,38.44491195678711,38.44491195678711,37.90960379868349,38.250253432166915,68940710.0
2026-03-12,38.44491195678711,38.522776851756205,38.279454624181604,38.396248253832695,52772330.0
2026-03-13,38.697967529296875,38.980222219596136,38.298919203040334,38.405981583002315,76527668.0
2026-03-16,38.843963623046875,38.97049223192014,38.581175148988336,38.7077037578616,61094451.0
2026-03-17,39.0483512878418,39.281942267401746,38.76610031657697,38.82449527686495,65622927.0
2026-03-18,38.853694915771484,39.24301199906815,38.7271700195825,39.05808842654381,70583141.0
2026-03-19,38.70770263671875,38.9704911031658,38.63957270609945,38.81476501706415,65024684.0
2026-03-20,38.688236236572266,39.00942337615327,38.60064008148679,38.785563647643805,61580273.0
2026-03-23,37.64681625366211,38.63957141160201,37.5202876526926,38.52277777913927,95773829.0
2026-03-24,38.20159149169922,38.26972142153918,37.69548078945758,37.76361071929754,61633642.0
2026-03-25,38.21132278442383,38.34758635703771,37.89987061548324,38.27945642713213,65381669.0
2026-03-26,38.50331115722656,38.62983604408656,38.09452787862535,38.104262847031556,61679007.0
2026-03-27,38.38651657104492,38.63957378855099,38.201592998869614,38.44491524727006,46800671.0
2026-03-30,38.425445556640625,38.51304170667744,38.08479592472106,38.191858298410786,64605410.0
2026-03-31,38.26972198486328,38.66877031385813,38.23078953500945,38.48384674625659,66309671.0
2026-04-01,38.75636672973633,38.97049149256671,38.367049654190694,38.50331322959362,88152581.0
2026-04-02,38.697967529296875,38.85369361484082,38.52277893176233,38.79529865326356,53462988.0
2026-04-03,38.34758758544922,38.7563671779774,38.30865513488382,38.69796850212931,46448537.0
2026-04-07,37.94853973388672,38.54224290497981,37.91933853918826,38.337853106105,52836661.0
2026-04-08,38.56170654296875,38.581172767193884,38.143192004134896,38.44491291042056,66949789.0
2026-04-09,38.21132278442383,38.464379992189755,38.07506292461266,38.4254475428715,53585405.0
2026-04-10,38.16265869140625,38.32811974292621,38.08479750636361,38.26972106954222,54320208.0
2026-04-13,37.938804626464844,38.113996942805656,37.88040595008362,38.08479946101647,52514495.0
2026-04-14,38.08479690551758,38.13346060950182,37.90960460093222,37.95826830491646,50399861.0
2026-04-15,38.834232330322266,38.85369484292803,38.172395517640474,38.20159299935198,105210379.0
2026-04-16,38.843963623046875,39.07755461536654,38.68823753243473,38.83423236673487,61725776.0
2026-04-17,38.464378356933594,38.8342291841279,38.444912133102044,38.78556176814775,58792518.0
2026-04-20,38.805030822753906,38.8342320170327,38.27945759217247,38.44491493760668,58877642.0
2026-04-21,38.805030822753906,39.077554263473246,38.79529956652953,38.843963273257074,54594915.0
2026-04-22,38.678504943847656,38.96075592080812,38.56170759530946,38.80502983555993,50759455.0
2026-04-23,38.74663543701172,38.79529914320826,38.46438074314787,38.65903928073683,56948934.0
2026-04-24,38.328121185302734,38.73690077596595,38.308654960108846,38.6785058131871,62941438.0
2026-04-27,38.328121185302734,38.92182805890649,38.26972250972106,38.46438104885714,92616843.0
2026-04-28,38.542240142822266,38.571441335428005,38.21132175811065,38.32811910292836,66930520.0
2026-04-29,37.47162628173828,37.97773700432668,37.31590019115746,37.87067462090182,253311717.0
2026-04-30,37.24776840209961,37.48135566992711,37.10177357510541,37.37429700464107,116957410.0
2026-05-06,36.984981536865234,37.32563119747839,36.8097892220348,37.26723623440347,143177103.0
2026-05-07,36.936317443847656,37.14070723807855,36.92658247490173,37.03364485649014,79008987.0
2026-05-08,36.92658233642578,37.160173323815684,36.887653599196454,37.01417849259665,86953912.0
2026-05-11,36.95578384399414,36.96551510018337,36.692995373251264,36.93631761881287,92548934.0
2026-05-12,36.88765335083008,37.12124062384444,36.8487209010601,36.96551453756728,96729929.0
2026-05-13,36.868186950683594,37.07257674180023,36.83898575709354,36.94604813705066,71830416.0
2026-05-14,36.80005645751953,37.004446245510394,36.722191559540526,36.80005645751953,86786790.0
2026-05-15,36.64432907104492,36.95578122627824,36.60539662344012,36.80005514866158,82173796.0
2026-05-18,36.469139099121094,36.654062667852216,36.35234174884616,36.6443314117307,70768410.0
2026-05-19,36.37180709838867,36.73192668386378,36.34260961792415,36.478869477162206,71991007.0
2026-05-20,36.177146911621094,36.43993536219686,36.177146911621094,36.371805435692316,69318422.0
2026-05-21,36.157684326171875,36.34260788161679,36.11875187887741,36.18688180524146,72519969.0
2026-05-22,36.031158447265625,36.332879367357506,35.982494740877335,36.10901963492633,79761712.0
2026-05-25,35.95329284667969,36.264745016863166,35.914364110008805,36.02142277685715,71066833.0
2026-05-26,36.01169204711914,36.293946740723285,35.914364634815605,35.95329337205535,70620290.0
2026-05-27,36.01169204711914,36.19661561561696,35.79756728468802,36.021423303228374,84514627.0
2026-05-28,36.12848663330078,36.43020755985041,35.982495511011265,36.06035670033843,99579106.0
2026-05-29,36.994712829589844,37.02391402395894,35.94356265237358,36.109019998319454,153138355.0
2026-06-01,37.17963790893555,37.17963790893555,36.79032085139172,36.98497938016363,96137886.0
2026-06-02,37.76361083984375,37.84147573865381,37.03364412111171,37.14070650057418,125696953.0
2026-06-03,37.47162628173828,37.77334720658988,37.22830403315557,37.77334720658988,88127454.0
2026-06-04,37.082305908203125,37.61761777782385,36.97524724708152,37.37429555083354,73884128.0
2026-06-05,37.54948806762695,37.666281697670485,37.09204109015283,37.16017101707843,77870900.0
2026-06-08,37.47162628173828,37.72467978663104,37.33536641658042,37.37429886742634,76947767.0
2026-06-09,37.46189498901367,37.60788611033968,37.37429883109693,37.47162624531426,66450037.0
2026-06-10,37.86094284057617,38.036135154155204,37.35483212499262,37.4229620566286,93586076.0
2026-06-11,37.69548034667969,38.04586496048535,37.53975426418858,37.89013887799424,59445402.0
2026-06-12,38.289188385009766,38.29891964111637,37.3158994110266,37.55922165452239,111983390.0
2026-06-15,37.90960693359375,38.31838652757762,37.69548216752438,38.16266043756431,97740434.0
2026-06-16,37.53975296020508,37.851205114368675,37.38402688312328,37.77334393222905,78966910.0
2026-06-17,37.20883560180664,37.812273702932146,37.12123944899788,37.64681636585041,66045163.0
2026-06-18,36.26474380493164,37.179637772973166,36.26474380493164,37.130974069158796,100346053.0
2026-06-22,36.64432907104492,36.88765129937111,35.96302608917109,36.02142104777573,110076764.0
2026-06-23,36.40100860595703,37.16990406298258,36.35234118769234,36.64433084606957,100800729.0
2026-06-24,35.778099060058594,36.5761993901141,35.76836780449323,36.48860323881548,123616556.0
2026-06-25,35.26225662231445,36.001958270116674,35.23305914322839,35.748901075362355,118116225.0
2026-06-26,35.03840255737305,35.495849556635626,34.92160892176657,35.408253401730086,105541023.0
2026-06-29,35.447181701660156,35.73917135628292,34.454430242032466,34.941074716000145,108073461.0
2026-06-30,34.5517578125,35.41798438614523,34.4057629845092,35.39851816155961,109903751.0
2026-07-01,34.9508056640625,35.15519545025638,34.337632592678204,34.57122357175882,89122129.0
2026-07-02,35.62237548828125,35.81703402851068,35.16493218846535,35.310923309035296,94461448.0
2026-07-03,35.84623336791992,36.07008937811882,35.379051410423564,35.690503573552704,85312390.0
2026-07-06,36.722190856933594,36.75138833671574,35.54451214355383,35.71970444785195,97154407.0
2026-07-07,36.547000885009766,36.848721808956924,36.30367863715644,36.71246194420752,65258740.0
2026-07-08,36.92658233642578,36.95578353035126,36.15768686870683,36.36207666217126,76713452.0
2026-07-09,36.547000885009766,36.80005810194683,36.37180856953114,36.69299571884291,76564557.0
2026-07-10,36.880001068115234,36.91999816894531,36.33000183105469,36.61000061035156,79377153.0
2026-07-13,37.25,37.400001525878906,36.709999084472656,36.810001373291016,93308476.0
2026-07-14,37.18000030517578,37.2400016784668,36.81999969482422,37.099998474121094,80415432.0
2026-07-15,37.7599983215332,37.959999084472656,36.75,37.0,115462595.0
2026-07-16,37.66999816894531,38.119998931884766,37.5,37.70000076293945,76689870.0
2026-07-17,38.02000045776367,38.20000076293945,37.68000030517578,37.7599983215332,115858449.0
2026-07-20,38.90999984741211,38.90999984741211,37.88999938964844,37.95000076293945,143361015.0
2026-07-21,37.9900016784668,39.400001525878906,37.900001525878906,39.18000030517578,156012742.0
2026-07-22,38.709999084472656,38.709999084472656,37.630001068115234,37.849998474121094,108454598.0
2026-07-23,38.90999984741211,38.9900016784668,38.45000076293945,38.68000030517578,79493797.0
2026-07-24,39.20000076293945,39.25,38.900001525878906,39.18000030517578,98296005.0
2026-07-27,39.0,39.2400016784668,38.689998626708984,39.119998931884766,71584573.0
2026-07-28,39.59000015258789,39.59000015258789,38.95000076293945,39.16999816894531,105018681.0
2026-07-29,39.65999984741211,40.06999969482422,39.4900016784668,39.97999954223633,114871245.0
2026-07-30,40.54999923706055,40.54999923706055,39.54999923706055,39.65999984741211,137457952.0
2026-07-31,39.619998931884766,40.16999816894531,39.040000915527344,39.849998474121094,149155003.0
2026-08-03,40.36000061035156,40.41999816894531,39.79999923706055,39.880001068115234,121749307.0
2026-08-04,39.279998779296875,40.15999984741211,39.209999084472656,40.15999984741211,110499947.0
2026-08-05,38.939998626708984,39.47999954223633,38.720001220703125,39.18000030517578,96045405.0
2026-08-06,38.970001220703125,39.150001525878906,38.470001220703125,39.0,85375464.0
2026-08-07,38.79999923706055,39.099998474121094,38.47999954223633,38.900001525878906,77964748.0
2026-08-10,38.90999984741211,39.27000045776367,38.70000076293945,38.790000915527344,65175786.0
2026-08-11,38.95000076293945,39.20000076293945,38.77000045776367,39.0,50076953.0
2026-08-12,38.70000076293945,38.970001220703125,38.560001373291016,38.95000076293945,55748865.0
2026-08-13,38.77000045776367,38.810001373291016,38.5,38.59000015258789,50198478.0
2026-08-14,38.459999084472656,38.75,38.459999084472656,38.650001525878906,48680178.0
2026-08-17,38.20000076293945,38.459999084472656,38.060001373291016,38.349998474121094,65674416.0
2026-08-18,38.290000915527344,38.36000061035156,38.029998779296875,38.150001525878906,60136128.0
2026-08-19,39.150001525878906,39.150001525878906,38.400001525878906,38.54999923706055,124893872.0
2026-08-20,38.86000061035156,39.06999969482422,38.470001220703125,38.79999923706055,74785718.0
2026-08-21,38.900001525878906,39.099998474121094,38.7599983215332,38.79999923706055,51421949.0
2026-08-24,39.58000183105469,39.70000076293945,38.77000045776367,38.869998931884766,104578329.0
2026-08-25,39.5,39.91999816894531,39.41999816894531,39.70000076293945,63418322.0
2026-08-26,39.79999923706055,39.97999954223633,39.380001068115234,39.40999984741211,64645543.0
2026-08-27,39.58000183105469,39.939998626708984,39.31999969482422,39.630001068115234,61459228.0
2026-08-28,39.349998474121094,39.54999923706055,39.22999954223633,39.459999084472656,48103294.0
2026-08-31,40.119998931884766,40.279998779296875,39.5,39.5099983215332,113625091.0
