Date,Close,High,Low,Open,Volume
2021-08-30,149.34884643554688,149.70974393152048,144.94992729692555,145.33032150285524,90956700.0
2021-08-31,148.090576171875,149.0366872034825,147.56386751356777,148.9001358629917,86453100.0
2021-09-01,148.75389099121094,151.16305960682033,148.58807963456005,149.06601699172097,80313700.0
2021-09-02,149.8657684326172,150.90942268736845,148.64655451799135,150.08035127222993,71115500.0
2021-09-03,150.499755859375,150.82163009154993,149.31955034140017,149.9730471583683,57808700.0
2021-09-07,152.8308868408203,153.386840580654,150.5875305279746,151.15324750307346,82278300.0
2021-09-08,151.28985595703125,153.17231558418686,150.18768153063237,153.11379568242873,74420200.0
2021-09-09,150.27545166015625,152.2652024090621,150.15839699282031,151.6604770125975,57305700.0
2021-09-10,145.301025390625,151.65068551937273,145.03767104191758,151.18251158621138,140893200.0
2021-09-13,145.8667449951172,147.69068411470718,145.0864451705449,146.9201475258426,102404300.0
2021-09-14,144.47193908691406,147.34929527061283,143.2917485822126,146.64702700212126,109296300.0
2021-09-15,145.3595733642578,145.7594791408811,142.76508231790012,144.90114769505237,83281300.0
2021-09-16,145.12545776367188,145.301032298818,143.59413289330473,144.78408681235823,68034100.0
2021-09-17,142.46267700195312,145.15471031932145,142.17006274358968,145.15471031932145,129868800.0
2021-09-20,139.4195556640625,141.27275491051466,137.79068761664803,140.2583754550107,123478900.0
2021-09-21,139.89747619628906,141.03867353306788,139.2634909051742,140.38516176883357,75834000.0
2021-09-22,142.2578582763672,142.82356032742504,140.1608018149043,140.8923300236282,76404300.0
2021-09-23,143.21376037597656,143.45760318499043,142.05306622379317,143.03818581433492,64838200.0
2021-09-24,143.30152893066406,143.83798604484667,141.97502355876833,142.07256662788618,53477900.0
2021-09-27,141.78970336914062,142.36518367517027,140.2778899497781,141.8872464401241,74150700.0
2021-09-28,138.41493225097656,141.18498292082313,138.20034939372246,139.72192610299075,108972300.0
2021-09-29,139.3123016357422,140.89239857280592,138.53200152353028,138.96116732939618,74602000.0
2021-09-30,138.01502990722656,140.82410382973063,137.80044704464729,140.12183534910463,89056700.0
2021-10-01,139.13671875,139.40007318481307,135.68391067917057,138.4051902289527,94639600.0
2021-10-04,135.71315002441406,138.70754679310303,134.8645818313905,138.26861784072736,98322000.0
2021-10-05,137.63462829589844,138.73680249578317,135.92772872481194,136.0545317412187,80861100.0
2021-10-06,138.502685546875,138.6489852474294,134.96208396365105,136.03499804431914,83221100.0
2021-10-07,139.7609100341797,140.66801284222436,139.2049562794912,139.53657886179528,61732700.0
2021-10-08,139.3805389404297,140.62901288949595,139.04891630336158,140.48271316225515,58773200.0
2021-10-11,139.2927703857422,141.24351294952652,138.31739910385002,138.76607644203366,64452200.0
2021-10-12,138.0247802734375,139.72193160685052,137.56635459515326,139.70242001460875,73035900.0
2021-10-13,137.4395294189453,137.91745167770748,135.7716384818284,137.7614036307742,78762700.0
2021-10-14,140.21934509277344,140.3363997461316,138.024760100328,138.60998871817293,69907100.0
2021-10-15,141.27279663085938,141.33131653632657,139.97555082205025,140.22915692305764,67940300.0
2021-10-18,142.9406280517578,143.22347910319027,139.63412084083484,139.91697189226727,85589200.0
2021-10-19,145.09620666503906,145.49611240776287,142.94064476173952,143.38930715549284,76378900.0
2021-10-20,145.58392333984375,146.06186066249072,144.47200058855057,145.03771776138194,58418800.0
2021-10-21,145.79844665527344,145.95450958049068,144.22809881735165,145.14494989927837,61421000.0
2021-10-22,145.02792358398438,146.48121692115393,144.97915205496275,146.00329463249273,58883400.0
2021-10-25,144.97914123535156,145.69115788039105,143.98425867288518,145.0181495258691,50720600.0
2021-10-26,145.6424102783203,147.12496353769075,145.34003275537546,145.6521586308098,60893400.0
2021-10-27,145.1840057373047,146.04232225315448,144.83287151805337,145.68143968000115,56094900.0
2021-10-28,148.81239318847656,149.39760698679012,146.0325792767904,146.13012235133445,100077900.0
2021-10-29,146.110595703125,146.2471470636249,142.804088225394,143.59413644564216,124953200.0
2021-11-01,145.2913055419922,146.01307072992742,144.1598713388164,145.3205654883688,74588300.0
2021-11-02,146.3251495361328,147.8369774382172,144.98888125575905,144.99864449006242,69122000.0
2021-11-03,147.75900268554688,148.2271767394299,146.1301344105293,146.68608830895576,54511500.0
2021-11-04,147.2420196533203,148.67580139860405,146.92989377476803,147.84674493928904,60394600.0
2021-11-05,147.76951599121094,148.6681654176707,146.57782514412813,148.36536141475236,65463900.0
2021-11-08,146.948974609375,148.0527572213007,146.67547332752292,147.8964665160418,55020900.0
2021-11-09,147.3104248046875,147.9160328251653,146.57782868777164,146.71457936674102,56787900.0
2021-11-10,144.48748779296875,146.64621090035791,144.4191199061072,146.53876287411308,65187100.0
2021-11-11,144.43858337402344,145.96238025554524,144.25299005299453,145.50330059918394,41000000.0
2021-11-12,146.50942993164062,146.90990439693277,144.05766590459464,144.9856178095641,63804000.0
2021-11-15,146.51918029785156,148.35555879375588,145.96240025846288,146.88058950641502,59222800.0
2021-11-16,147.4960174560547,147.97465228236786,145.87453448172622,146.46061733416252,59256200.0
2021-11-17,149.92823791503906,151.40319268452978,147.48625093625634,147.4960135184774,88807000.0
2021-11-18,154.20652770996094,154.98796621369542,149.4983864355678,150.14307431900122,137827700.0
2021-11-19,156.82437133789062,157.28346597858675,152.89765298958213,153.9916581394781,117305600.0
2021-11-22,157.28346252441406,161.85485386154411,157.26392246010866,157.92813559947206,117467900.0
2021-11-23,157.66441345214844,158.0453627342285,155.36894027506222,157.3811346832133,96041900.0
2021-11-24,158.18212890625,158.3774848564214,155.9354982175197,157.01974088138022,69463600.0
2021-11-26,153.17115783691406,156.72668956141257,152.73160325073675,155.86712045424656,76959800.0
2021-11-29,156.52159118652344,157.44954318891868,155.10522691977297,155.67176964553224,88748200.0
2021-11-30,161.4641571044922,161.67905311784355,156.20899716750552,156.27737994661885,174048100.0
2021-12-01,160.9464569091797,166.34813007275002,160.71202083002768,163.59356203535145,152052500.0
2021-12-02,159.95989990234375,160.38969196905754,154.13821164787007,155.05640108044867,136739200.0
2021-12-03,158.08444213867188,161.13205157338396,156.01364225594332,160.21386222018816,118023100.0
2021-12-06,161.48367309570312,163.98426461858526,160.46779847409405,160.47756105335333,107497000.0
2021-12-07,167.2076873779297,167.59841414884357,164.43359437560147,165.15642772326544,120405400.0
2021-12-08,171.0172119140625,171.87679598965886,166.7388465074218,168.13567063026588,116998900.0
2021-12-09,170.50929260253906,172.64847553279014,169.8841445461616,170.85117673379307,108923700.0
2021-12-10,175.2858123779297,175.46164318083981,170.63627480069655,171.1442122366866,115402700.0
2021-12-13,171.6619110107422,177.90362873179458,171.45677755961725,176.91705651666257,153237000.0
2021-12-14,170.2846221923828,173.6154957034132,168.21382219359762,171.18327152968024,139380400.0
2021-12-15,175.1393280029297,175.33468400137696,168.31152630759928,171.04655499998282,131063300.0
2021-12-16,168.2626190185547,176.93655914468357,166.78766465581225,175.11972073731067,150185800.0
2021-12-17,167.1686553955078,169.44458898529163,165.75230596796482,165.98672717242667,195432700.0
2021-12-20,165.8108673095703,166.6216085377041,163.57401445003114,164.37497819410103,107499100.0
2021-12-21,168.97567749023438,169.18079597836802,165.1954728286378,167.57885367447943,91185900.0
2021-12-22,171.56422424316406,171.7791202742142,168.15520530032774,169.02455200604697,92135300.0
2021-12-23,172.18934631347656,172.74612637491737,171.20278915942293,171.76933180091095,68356600.0
2021-12-27,176.14537048339844,176.23327841950962,172.96102548062714,172.9805506410723,74919600.0
2021-12-28,175.1295166015625,177.12218615208815,174.38715798933583,175.9793381325386,79144300.0
2021-12-29,175.2174072265625,176.43840038673264,174.0061766459811,175.16856451921535,62348900.0
2021-12-30,174.06480407714844,176.3798175385403,173.95735606919604,175.30533745901636,59773000.0
2021-12-31,173.44944763183594,175.07091555859822,173.14662874511,173.9573701608435,64062300.0
2022-01-03,177.78636169433594,178.63618304508262,173.58615726537937,173.70336783595081,104487900.0
2022-01-04,175.52999877929688,178.69481886787932,174.96345608354855,178.39201490568885,99310400.0
2022-01-05,170.86093139648438,175.9891036993743,170.58743006603996,175.44210103848545,94537600.0
2022-01-06,168.00868225097656,171.23210762394186,167.65703557565845,168.69243553501073,96904000.0
2022-01-07,168.17471313476562,170.09899955917385,167.06116796216358,168.8780063916408,86709100.0
2022-01-10,168.19427490234375,168.4970788622131,164.2675561955421,165.1564429133354,106765600.0
2022-01-11,171.0172119140625,171.1148824378415,166.85607200254188,168.32126400156088,76138300.0
2022-01-12,171.456787109375,173.06849253983535,170.76327115991117,172.03309245435602,74805200.0
2022-01-13,168.19427490234375,172.52146809219963,167.80354809549323,171.70096415486904,84505800.0
2022-01-14,169.0538787841797,169.7473947274692,167.11981439919933,167.36401309283474,80440800.0
2022-01-18,165.85972595214844,168.53613361538314,165.47877665458643,167.53003637041928,90956700.0
2022-01-19,162.37255859375,167.11001826086033,162.08929472408371,166.0550783276264,94815000.0
2022-01-20,160.6925048828125,165.74253213798244,160.37016081486053,163.1051891966637,91420500.0
2022-01-21,158.6412353515625,162.4702688967568,158.53378733529433,160.60458738914824,122848900.0
2022-01-24,157.86956787109375,158.53379607319022,151.11014976934194,156.30670516297684,162294600.0
2022-01-25,156.07223510742188,158.98307875093712,153.3762874615523,155.29079647095608,115798400.0
2022-01-26,155.98434448242188,160.57527648713483,154.15774320444362,159.70592982008216,108275300.0
2022-01-27,155.5252685546875,160.03805574105326,154.60707906202995,158.68031157129744,121954600.0
2022-01-28,166.37742614746094,166.39696621279427,159.02216399560837,161.86463986114418,179935700.0
2022-01-31,170.7241973876953,170.93909344039687,165.57648451477252,166.21141009037478,115541600.0
2022-02-01,170.55812072753906,170.78277933201363,168.31148996868112,169.9720379540269,86213900.0
2022-02-02,171.75955200195312,171.79863213102016,169.30780301992357,170.69484950775998,84914300.0
2022-02-03,168.8878173828125,172.1503233892282,168.1259186202505,170.43115497753465,89418100.0
2022-02-04,168.60414123535156,170.27659447810953,166.9316879925936,167.9097269846018,82465400.0
2022-02-07,167.89019775390625,170.12990075671365,167.19578341710826,169.0638417050099,77251200.0
2022-02-08,170.99058532714844,171.49916986063508,167.66524328351184,167.95865801143464,74829200.0
2022-02-09,172.40875244140625,172.77062217708496,171.05905354274313,172.1838075995271,71285000.0
2022-02-10,168.34005737304688,171.62626880440877,167.78258293824175,170.31570020808385,90865900.0
2022-02-11,164.9365234375,169.27901969811438,164.34969397169522,168.545490327705,98670700.0
2022-02-14,165.1712646484375,165.8558891027738,162.9022065441299,163.69441590726865,86185500.0
2022-02-15,168.995361328125,169.15185115822308,166.5111487010071,167.21533801275692,62527400.0
2022-02-16,168.76068115234375,169.53332561896576,166.3155829464961,168.07605663944543,61177400.0
2022-02-17,165.1712646484375,168.1347222265384,164.7702649952927,167.27404295611913,69589300.0
2022-02-18,163.62599182128906,166.79482987221778,162.5403675088088,166.09065524599768,82772700.0
2022-02-22,160.71141052246094,163.02935867994262,158.58905229899906,161.35690506054718,91162800.0
2022-02-23,156.55470275878906,162.5011664749462,156.24172312968074,161.9045621151873,90009200.0
2022-02-24,159.16612243652344,159.27370735740539,148.66197489078866,149.22923948055748,141147500.0
2022-02-25,161.22975158691406,161.4938113988268,157.3371452242796,160.24192254485857,91974200.0
2022-02-28,161.49380493164062,161.78721963459702,158.86287747049465,159.47904685433394,95056600.0
2022-03-01,159.61598205566406,162.94132403155473,158.41299811175085,161.08304074169718,83474400.0
2022-03-02,162.90220642089844,163.68464076398826,159.37148431939156,160.77986315221446,79724800.0
2022-03-03,162.57945251464844,165.20060533866413,161.91439302006907,164.77026570160976,76678400.0
2022-03-04,159.586669921875,161.91440821879274,158.54017563689038,160.8776889542246,83737200.0
2022-03-07,155.80162048339844,161.39600492959968,155.54732078440395,159.7724565579089,96418800.0
2022-03-08,153.9824981689453,159.30303394754864,152.3785144348394,155.33219707675556,131148300.0
2022-03-09,159.37147521972656,159.8213797915154,155.90922322313332,157.9337564869507,91454900.0
2022-03-10,155.03878784179688,156.86771648439594,152.5545597614365,156.68188663700346,105342000.0
2022-03-11,151.33201599121094,155.7820977698025,151.1070711319146,155.4397780469511,96970100.0
2022-03-14,147.31224060058594,150.73537736075448,146.80367102699051,148.1240148231261,108732100.0
2022-03-15,151.68406677246094,152.15353624322603,147.07751138372214,147.58608092484786,92964300.0
2022-03-16,156.0852813720703,156.48628104894496,151.06795013405093,153.60106822684398,102300200.0
2022-03-17,157.0926513671875,157.46431103838808,154.16832371335292,155.12679794973494,75615400.0
2022-03-18,160.37884521484375,160.86786475806085,156.25151907619613,156.98504839102176,123511700.0
2022-03-21,161.74810791015625,162.6968070121453,159.4301451412394,159.9191646814939,95811400.0
2022-03-22,165.11256408691406,165.69937857870127,161.2884277154457,161.8752422072329,81532000.0
2022-03-23,166.47203063964844,168.84865833026834,163.9682381752626,164.30078278901993,98062700.0
2022-03-24,170.24728393554688,170.31573891650316,166.4720521767643,167.30337650948087,90131400.0
2022-03-25,170.88302612304688,171.4307257382337,168.95628752581777,170.06147670026667,80546200.0
2022-03-28,171.74371337890625,171.87084834447882,168.2227657996674,168.38903069595148,90371900.0
2022-03-29,175.02987670898438,175.0787667230212,172.467404224187,172.80972386459516,100589400.0
2022-03-30,173.86599731445312,175.6655854938626,172.8194884204446,174.62886654102215,92633200.0
2022-03-31,170.7754364013672,174.12032889178556,170.57004158960083,173.9344990439243,103049300.0
2022-04-01,170.4819793701172,171.03946877548313,168.16403166582776,170.2081296381206,78751300.0
2022-04-04,174.52127075195312,174.57017568366604,170.609114993958,170.7362648316736,76468400.0
2022-04-05,171.21551513671875,174.38436705774205,170.589570736433,173.6019328264619,73401800.0
2022-04-06,168.05645751953125,169.81693085468368,166.39379406221198,168.57481703992445,89058800.0
2022-04-07,168.3596649169922,169.55287391806212,166.11996174699982,167.401190693142,77594700.0
2022-04-08,166.35467529296875,168.00756384278074,165.48422104719532,168.00756384278074,76575500.0
2022-04-11,162.11001586914062,165.31798361672782,161.8655060412837,165.00501879739264,72246700.0
2022-04-12,163.97804260253906,166.13950070260202,162.9804385205217,164.33013728303388,79265200.0
2022-04-13,166.65782165527344,167.28376595081318,163.10755061630556,163.7139299553221,70618900.0
2022-04-14,161.66009521484375,167.50878046321276,161.4155854111937,166.87304601950618,75329400.0
2022-04-18,161.44491577148438,162.94131434841603,159.97785717263437,160.3201618914843,69023900.0
2022-04-19,163.7237548828125,164.1345444765827,160.31040765157212,161.39603175237912,67723800.0
2022-04-20,163.55747985839844,165.17125338034182,162.45230578739907,165.05387853639598,67929800.0
2022-04-21,162.76527404785156,167.7630547165198,162.266479452362,165.20059691129774,87227800.0
2022-04-22,158.23695373535156,164.18343379206294,157.95332893712188,162.80440987833427,84882400.0
2022-04-25,159.3030242919922,159.58664908398902,154.98009296481885,157.5816658069576,96046400.0
2022-04-26,153.3565216064453,158.7748512209157,153.2782766938566,158.6868312906376,95623200.0
2022-04-27,153.131591796875,156.28086402556207,151.96772285920957,152.48608239761126,88063200.0
2022-04-28,160.0463409423828,160.90702025080918,155.4397695467575,155.7527492675287,130216800.0
2022-04-29,154.18783569335938,162.5500717654253,153.79662607980254,158.28582131341926,131747600.0
2022-05-02,154.49102783203125,154.75508758420054,149.90402310354906,153.2684792337658,123055300.0
2022-05-03,155.9776611328125,157.18065989099466,152.88706912402677,154.67686742533908,88966500.0
2022-05-04,162.37405395507812,162.8239435793619,155.76250015329012,156.16349976201118,108256500.0
2022-05-05,153.32720947265625,160.47667363266967,151.5471709663278,160.25172879543595,130525300.0
2022-05-06,154.05198669433594,156.16765847712838,151.01560506464577,152.80804796848787,116124600.0
2022-05-09,148.9391632080078,152.6317930294346,148.3808694909006,151.7502553954864,131577900.0
2022-05-10,151.3388671875,153.5231099451531,149.7912929478581,152.32814774676658,115366700.0
2022-05-11,143.49322509765625,152.2595317646696,142.8173843082867,150.3495566722883,142689800.0
2022-05-12,139.63414001464844,143.1994331763469,135.95131447864176,139.83983661531016,182602000.0
2022-05-13,144.0907440185547,145.0604308345469,140.17283922837782,141.62245981596948,113990900.0
2022-05-16,142.55294799804688,144.49232147743598,141.22085987637433,142.56275232444813,86643800.0
2022-05-17,146.17703247070312,146.69615365751025,143.66956086149628,145.80482673464496,78336300.0
2022-05-18,137.9298553466797,144.33562356857507,137.02872402723415,143.83609605190958,109742900.0
2022-05-19,134.5310516357422,138.7525913397019,133.7964445425997,137.00912503429328,136095600.0
2022-05-20,134.76611328125,137.81228455615957,129.88832647827988,136.2353274341848,137426100.0
2022-05-23,140.17283630371094,140.31975175202894,134.82488980062982,134.96201586760006,117726300.0
2022-05-24,137.4792938232422,139.05625126128453,134.51148183512868,137.92005516834,104132700.0
2022-05-25,137.635986328125,138.87991021944293,135.50072064953915,135.58886991195646,92482700.0
2022-05-26,140.82908630371094,141.37759058232152,134.3253649583187,134.57023400738558,90601500.0
2022-05-27,146.56881713867188,146.6079896103765,142.27870662441157,142.4060433122878,90978500.0
2022-05-31,145.7852020263672,147.5678554930359,143.8262500562877,146.01049226377089,103718400.0
2022-06-01,145.6578369140625,148.6256470688547,144.64896320008717,146.82340043467335,74286600.0
2022-06-02,148.10658264160156,148.16534881431244,143.84585577263883,144.7959487531145,72348100.0
2022-06-03,142.39625549316406,144.93309527765794,141.49513917786348,143.88504856420633,88570300.0
2022-06-06,143.14064025878906,145.52077501341512,141.92608448379778,144.01237341190438,71598400.0
2022-06-07,145.6578369140625,145.9418782890251,141.14245337051713,141.38732229382086,67808200.0
2022-06-08,144.9232940673828,146.79408210793065,144.4335560047601,145.5305644824367,53950200.0
2022-06-09,139.71246337890625,144.91347882072873,139.60472041542363,144.06133943857793,69473000.0
2022-06-10,134.3155517578125,137.8710395567264,134.24698126233585,137.40089525066517,91437900.0
2022-06-13,129.17332458496094,132.4251777606438,128.7423526705115,130.14299644685158,122207100.0
2022-06-14,130.03526306152344,131.14207601932122,128.7815346427886,130.3976794412042,84784300.0
2022-06-15,132.65045166015625,134.52125474775525,129.4475753177957,131.5338494146611,91533000.0
2022-06-16,127.39065551757812,129.67283655853572,126.39158573948599,129.36920136755154,108123900.0
2022-06-17,128.85989379882812,130.34870189215334,127.14581035148301,127.40048374314352,134520300.0
2022-06-21,133.08139038085938,134.2469691337133,130.58373870544858,130.68167733148658,81000500.0
2022-06-22,132.57212829589844,134.93265491125933,131.1616799782049,132.02360899242208,73409200.0
2022-06-23,135.43215942382812,135.74558399228505,132.84634321517927,134.0119221215175,72433800.0
2022-06-24,138.75259399414062,138.99746302987265,136.90138468183136,137.0287064173905,89116800.0
2022-06-27,138.75259399414062,140.5450371291734,138.0767530642211,139.7712426067131,70207900.0
2022-06-28,134.6191864013672,140.47644880841756,134.50165406172098,139.212931320367,67083400.0
2022-06-29,136.37246704101562,137.7829151592785,133.8650103621575,134.63880492913648,66242400.0
2022-06-30,133.91397094726562,135.5301005021527,131.02451949836083,134.43309207438057,98964500.0
2022-07-01,136.0785675048828,136.18631044212052,132.8756923577171,133.24788300358074,71051600.0
2022-07-05,138.65464782714844,138.70362462604172,134.11966825992553,134.94243962271915,73353800.0
2022-07-06,139.98675537109375,141.16212397864905,138.1845225098008,138.44898530382812,74064300.0
2022-07-07,143.34632873535156,143.54222096010838,140.33933002838788,140.34911940865916,66253700.0
2022-07-08,144.02212524414062,144.5216675026719,142.02400104686257,142.27865939245598,64547800.0
2022-07-11,141.896728515625,143.63040577238007,140.82910292265402,142.68031255423233,63141600.0
2022-07-12,142.8664093017578,145.40324925342907,142.0730359145698,142.7684556965353,77588800.0
2022-07-13,142.50401306152344,143.4443019452147,139.20316774910646,140.05532229787818,71185600.0
2022-07-14,145.4228057861328,145.89295009063997,140.30993976956114,141.12290665908233,78140700.0
2022-07-15,147.0879364013672,147.76377735798872,145.1583671279135,146.7059412883577,76259900.0
2022-07-18,144.0515594482422,148.45920196700573,143.6891431225671,147.64623499784832,81420900.0
2022-07-19,147.90090942382812,148.1261847699647,143.89485526545627,144.88412086859606,82982400.0
2022-07-20,149.89903259277344,150.56508418725386,147.28383290571463,148.01844006316782,64823400.0
2022-07-21,152.16165161132812,152.37713759641647,148.82163378808133,151.32909076479385,65086600.0
2022-07-22,150.927490234375,153.0725455912705,150.26145356507448,152.20081233549695,66675400.0
2022-07-25,149.81085205078125,151.85795331530994,149.15460492057616,150.84909422530328,53623900.0
2022-07-26,148.48861694335938,149.94802710334568,147.70503289373295,149.13505995960023,55138700.0
2022-07-27,153.5720672607422,154.10099277980115,149.0371026048061,149.4484808165071,78620700.0
2022-07-28,154.1205596923828,154.4046011657363,151.24089776552904,153.75814339733685,81378700.0
2022-07-29,159.17465209960938,160.2716754702952,156.22643448443253,157.93072824104914,101786900.0
2022-08-01,158.1951904296875,160.2325026515257,157.58791998844677,157.7054523459462,67829400.0
2022-08-02,156.7259979248047,159.076750020311,156.35380709254014,156.81416215078264,59907000.0
2022-08-03,162.72035217285156,163.1709027619496,157.450766526114,157.53891577890045,82507500.0
2022-08-04,162.40692138671875,163.7586031177134,161.0552396557241,162.60281360750764,55474100.0
2022-08-05,162.18136596679688,162.67178435198056,159.876393569881,160.08237587686597,56697000.0
2022-08-08,161.71055603027344,164.59421857415984,161.05339717997808,163.18181120847004,60276900.0
2022-08-09,161.75961303710938,162.6423751902944,160.12161727807143,160.8768658503071,63135500.0
2022-08-10,165.996826171875,166.0949008724902,163.70165667502752,164.4667081851827,70170500.0
2022-08-11,165.2611846923828,167.71327649760102,164.9669306824805,166.8010905635419,57149200.0
2022-08-12,168.802001953125,168.87065273956517,166.1537308916434,166.56569547580565,68039400.0
2022-08-15,169.87110900878906,170.06727335382837,168.0663730882192,168.2331135298216,54091700.0
2022-08-16,169.71417236328125,170.38114909928223,168.3704308785935,169.46896318920653,56377100.0
2022-08-17,171.20501708984375,172.77434653771422,169.26296497615442,169.45912928634104,79542000.0
2022-08-18,170.8126983642578,171.54832585930868,169.80243780169835,170.42036968678258,62290100.0
2022-08-19,168.23309326171875,170.41055165199725,168.02711099609633,169.7141510996703,70346300.0
2022-08-22,164.3588104248047,166.6049198473659,163.9370428679026,166.43817940694694,69026800.0
2022-08-23,164.02528381347656,165.4769326102334,163.45639684713305,163.87816432492966,54147100.0
2022-08-24,164.31954956054688,164.88843656775538,163.0640799468379,164.1135822617859,53841500.0
2022-08-25,166.77166748046875,166.87956011908489,165.1238689631101,165.5456215718219,51218200.0
2022-08-26,160.48448181152344,167.7721056277997,160.42563400937078,167.3013082441995,78961000.0
2022-08-29,158.28744506835938,159.77830620497173,156.7573420791942,158.0618418321346,73314000.0
2022-08-30,155.86476135253906,159.44480926961938,154.6975633016655,159.02305667853338,77906200.0
2022-08-31,154.20713806152344,157.50274977749038,154.12866933419335,157.23791969354875,87991100.0
2022-09-01,154.93296813964844,155.38414463005734,151.70600708998924,153.63825654168207,74229900.0
2022-09-02,152.8241424560547,157.2869518100939,152.0002433352291,156.6886409081276,76957800.0
2022-09-06,151.5686798095703,154.07961913097643,150.74478065092995,153.47150522336744,73714800.0
2022-09-07,152.97129821777344,153.6676838931478,150.66632598771957,151.85314497915547,87449600.0
2022-09-08,151.5000457763672,153.36362955067995,149.75414265238146,151.67658920142858,84923800.0
2022-09-09,154.35426330566406,154.79565178409123,151.78447599724632,152.49067960307377,68028800.0
2022-09-12,160.2981414794922,161.11223777090294,156.24729591423596,156.53173198406338,104956000.0
2022-09-13,150.89190673828125,157.46350930410847,150.43091231518306,156.8357744463717,122656600.0
2022-09-14,152.33370971679688,154.0894153787575,150.66629071155694,151.82367056195963,87965400.0
2022-09-15,149.45005798339844,152.26506901475514,148.47903939265456,151.68636408491093,90481100.0
2022-09-16,147.81210327148438,148.44965617349064,145.52675172371437,148.312339619677,162278800.0
2022-09-19,151.5196533203125,151.5981220543988,146.24276190884032,146.44872924023372,81474200.0
2022-09-20,153.8932647705078,155.05065980282333,150.14647654096675,150.4603364872082,107689800.0
2022-09-21,150.77423095703125,155.6980357811973,150.65653533272163,154.32485530993193,101696800.0
2022-09-22,149.8130340576172,151.50987771041477,148.01810072789718,149.4599321736332,86652500.0
2022-09-23,147.5472412109375,148.5673196468233,145.71308157487604,148.29268659863374,96029900.0
2022-09-26,147.88076782226562,150.82327820825114,146.77241745430226,146.7920383807957,93339400.0
2022-09-27,148.85174560546875,151.75502830388234,147.0764338903238,149.81297617549825,84442700.0
2022-09-28,146.9685821533203,147.7532545846386,142.0643981655583,144.81074419198137,146691400.0
2022-09-29,139.74960327148438,143.9083561021041,137.98409428837317,143.3002421615135,128138200.0
2022-09-30,135.55157470703125,140.35768159374078,135.3554104388006,138.572552330181,124925300.0
2022-10-03,139.72018432617188,140.32831325471835,135.05140704196927,135.56144631438175,114311700.0
2022-10-04,143.30026245117188,143.41795807791704,141.4955113649154,142.25075989142124,87830100.0
2022-10-05,143.59446716308594,144.55569777280346,140.2694318056122,141.30913113651346,79471000.0
2022-10-06,142.64305114746094,144.7126168501461,142.43708385477177,143.01577382273572,68402200.0
2022-10-07,137.40541076660156,140.3577388347644,136.7776758724346,139.80845770678545,85925600.0
2022-10-10,137.72906494140625,139.17089585032406,135.91452632499212,137.72906494140625,74899000.0
2022-10-11,136.31666564941406,138.64125855443186,135.57123522583825,137.21903351996755,77033700.0
2022-10-12,135.68893432617188,137.67022848780448,135.51239091855444,136.4638036366148,70433700.0
2022-10-13,140.24986267089844,140.83835578471064,131.79503908177543,132.40316808901153,113224000.0
2022-10-14,135.7281951904297,141.75053227831364,135.5418338120233,141.5445499741852,88598000.0
2022-10-17,139.68096923828125,140.16156968133146,137.5819791306435,138.36665154683308,85250900.0
2022-10-18,140.9952850341797,143.88875049899616,137.91545818930572,142.70194639396894,99136600.0
2022-10-19,141.10317993164062,142.1722884311379,138.78840452952474,138.97476591255997,61758300.0
2022-10-20,140.64218139648438,143.0942732786787,139.91635681145763,140.27927658716155,64522000.0
2022-10-21,144.4477996826172,145.01668666487555,139.91632474569775,140.13210997918807,86548600.0
2022-10-24,146.58604431152344,147.3510957532076,143.2021606323234,144.3693587197694,75981900.0
2022-10-25,149.420654296875,149.56778877679034,146.4977652190575,147.21377179556336,74732300.0
2022-10-26,146.48794555664062,149.07735346461445,145.20303709712394,148.06709300971718,88194300.0
2022-10-27,142.025146484375,146.1937021462339,141.36798774070627,145.23248644302674,109180200.0
2022-10-28,152.7554931640625,154.48176014348397,144.98726930709842,145.35997702745019,164762400.0
2022-10-31,150.40151977539062,151.28428192484714,149.0087332370563,150.22497632532892,97943200.0
2022-11-01,147.76304626464844,152.47106552613408,146.27218522217615,152.10816072803473,80379300.0
2022-11-02,142.250732421875,149.2539052221096,142.22130852087065,146.09561013902547,93604600.0
2022-11-03,136.21856689453125,140.06344386766708,136.09105337060134,139.33761952846183,97918500.0
2022-11-04,135.95333862304688,140.16810151754257,132.0234836201314,139.59827074317496,140814800.0
2022-11-07,136.4838409423828,136.70980337190065,133.29083425573356,134.7055842324109,83374600.0
2022-11-08,137.05368041992188,138.94982808586678,135.07893386231837,137.94772594743225,89908500.0
2022-11-09,132.5048828125,136.12035725287217,132.2297941583769,136.07123106652006,74917800.0
2022-11-10,144.29441833496094,144.29441833496094,137.05366669118547,138.7631586833069,118854000.0
2022-11-11,147.0748291015625,147.3793904835366,141.83829520447486,143.26287971945007,93979700.0
2022-11-14,145.67970275878906,147.644629976999,144.84460269456784,146.3576050476643,73374100.0
2022-11-15,147.4088592529297,150.89660867721872,145.95481705312972,149.5506380930854,89868300.0
2022-11-16,146.18075561523438,147.2418181251695,144.70706018330316,146.51480463978803,64218300.0
2022-11-17,148.07693481445312,148.82360185357618,143.58706836561342,143.86215701114332,80389400.0
2022-11-18,148.6369171142578,150.022194440957,147.3400729082456,149.63903422199823,74829600.0
2022-11-21,145.41444396972656,147.73305885560603,145.12953609848137,147.52674987775407,58724100.0
2022-11-22,147.54641723632812,147.78221396265934,144.35340964940343,145.53237828985053,51804100.0
2022-11-23,148.4208221435547,149.16748927839564,146.72114887646376,146.82922050043365,58301400.0
2022-11-25,145.51268005371094,146.26918120067512,144.5400357218998,145.70916976960694,35195900.0
2022-11-28,141.69091796875,144.06847835661756,140.86565204725017,142.59478278627932,69246000.0
2022-11-29,138.6944122314453,142.27057984792378,137.8887997144492,141.7596944766532,83763800.0
2022-11-30,145.43411254882812,146.11201495746124,138.0852876520207,138.92037287256267,111380900.0
2022-12-01,145.7091827392578,146.51481013470644,144.03899751867118,145.61094536816785,71250400.0
2022-12-02,145.21795654296875,145.4046270438478,143.09583136119605,143.40040769964443,65447400.0
2022-12-05,144.0586700439453,148.27343309869434,143.21375058654476,145.17867816271277,68826400.0
2022-12-06,140.40391540527344,144.71693119940028,139.431270776129,144.49096870660432,64727200.0
2022-12-07,138.4684295654297,140.85580904494128,137.54491133359693,139.69650913090823,69721100.0
2022-12-08,140.14845275878906,141.0032064446931,138.62564588690643,139.86354485762612,62128300.0
2022-12-09,139.66705322265625,143.01725827820258,138.42913927736055,139.84388950557997,76097000.0
2022-12-12,141.9561767578125,141.96599599737974,138.58631867677312,140.19755844692216,70462700.0
2022-12-13,142.91900634765625,147.34009332894186,141.71058010364294,146.87833415604433,93886200.0
2022-12-14,140.69863891601562,144.0881358235322,138.68458524913544,142.8011107216781,82291200.0
2022-12-15,134.1063232421875,139.31338494507114,133.64456400681874,138.63548245096763,98931900.0
2022-12-16,132.1511688232422,135.23610381983994,131.38484844130548,134.29294719185827,160156900.0
2022-12-19,130.04872131347656,132.82909551472687,129.01714637272462,132.74067737544078,79592600.0
2022-12-20,129.97994995117188,130.91328746393052,127.61220884643005,129.08590439011405,77432800.0
2022-12-21,133.07467651367188,134.41082745762566,130.4220280930704,130.64799049787933,85928000.0
2022-12-22,129.9111785888672,132.20032094511618,128.0150307307424,131.99401195090732,77852100.0
2022-12-23,129.5476837158203,130.09786107261186,127.36661277196195,128.62416529925937,63814900.0
2022-12-27,127.74979400634766,129.10559913717967,126.46276855198909,129.07612641617993,69007800.0
2022-12-28,123.8297348022461,128.73222692892008,123.66271775984323,127.39607559848972,85438400.0
2022-12-29,127.33714294433594,128.1918817150827,125.49011356491995,125.74554877459363,75703700.0
2022-12-30,127.65151977539062,127.67117324976594,125.19536766637758,126.15818552945343,77034200.0
2023-01-03,122.8767318725586,128.60448941700523,121.9925130634904,127.99536673400503,112117500.0
2023-01-04,124.14413452148438,126.40380440814197,122.88658197418445,124.66483917038782,89113600.0
2023-01-05,122.8276138305664,125.52938912334946,122.57217865426507,124.90061292758642,80962700.0
2023-01-06,127.34696960449219,128.00521863758777,122.69991942060877,123.80028171885589,87754700.0
2023-01-09,127.86766815185547,131.07050999919576,127.61223293955845,128.18206378964481,70790800.0
2023-01-10,128.43746948242188,128.958174020526,125.87323874198964,127.9757103650532,63896200.0
2023-01-11,131.1490936279297,131.1687321095965,128.17222961380043,128.94836939344688,69458900.0
2023-01-12,131.0705108642578,131.90559617413024,129.13505580606935,131.53227009080283,71379600.0
2023-01-13,132.39683532714844,132.55403315564018,129.35120610397337,129.71471296505177,57809700.0
2023-01-17,133.55609130859375,134.88240804602194,131.7778347625997,132.46555621806655,63646600.0
2023-01-18,132.8389434814453,136.17931456809228,132.66209219338052,134.4207108763407,69672800.0
2023-01-19,132.8979034423828,133.86071392112063,131.42420750930626,131.72876893688178,58280400.0
2023-01-20,135.4522705078125,135.59964906296133,131.86628386729487,132.90769302903612,80223600.0
2023-01-23,138.63546752929688,140.80671912517695,135.4817521326256,135.6978953680963,81760300.0
2023-01-24,140.03054809570312,140.64950501564115,137.83965827143598,137.84947751147084,66435100.0
2023-01-25,139.37229919433594,139.93229570032543,136.37578195167205,138.41930821894437,65799300.0
2023-01-26,141.43548583984375,141.72039372676826,139.41159795380088,140.65933109437518,54105100.0
2023-01-27,143.3709259033203,144.64813175929368,140.57091324840124,140.64951214628343,70555800.0
2023-01-30,140.49229431152344,142.9975794810538,140.34493076851774,142.41792955695834,64015300.0
2023-01-31,141.75967407226562,141.8088002532181,139.78492752410364,140.19756045993424,65874500.0
2023-02-01,142.8796844482422,144.0389993752098,138.8417731528238,141.44529588395375,77663600.0
2023-02-02,148.17520141601562,148.52887400177488,145.57166328269082,146.28885767804982,118339000.0
2023-02-03,151.7906494140625,154.62014981197694,145.23761799882098,145.43410775063012,154357300.0
2023-02-06,149.06922912597656,150.41521473457135,148.13589150827315,149.8945101165513,69858300.0
2023-02-07,151.9380340576172,152.5078649107581,147.9983592694092,147.9983592694092,83322600.0
2023-02-08,149.2559051513672,151.86926257026718,148.51905726950346,151.18154087876943,64120100.0
2023-02-09,148.2243194580078,151.62365104865805,147.78221371418798,151.08329292122983,56007100.0
2023-02-10,148.58834838867188,148.91305820143486,146.82706002572684,147.0632167115801,57450700.0
2023-02-13,151.38284301757812,151.78625678187208,148.49982115470684,148.52933886882354,62199000.0
2023-02-14,150.74325561523438,151.30412220458746,148.44078385852455,149.68057287811524,61707600.0
2023-02-15,152.83908081054688,153.00635283510616,150.42837278798947,150.65468023132328,65573800.0
2023-02-16,151.24508666992188,153.82306709582505,150.8908590911332,151.0482818929642,68167900.0
2023-02-17,150.1036834716797,150.54646418705764,148.43094798353164,149.90689371085574,59144100.0
2023-02-21,146.0989532470703,148.87373860585663,146.0300835825423,147.79137232815333,58867200.0
2023-02-22,146.52206420898438,147.54538003263738,144.80012742797703,146.48269724609548,51011300.0
2023-02-23,147.00424194335938,147.9291706713992,144.87889073312735,147.68317962730782,48394200.0
2023-02-24,144.35733032226562,144.82962872471046,143.38320079150859,144.75090982195374,55469600.0
2023-02-27,145.5479278564453,146.7778826433076,145.08546365545737,145.3413038601465,44998500.0
2023-02-28,145.04612731933594,146.68934528974674,144.47542643511753,144.69189970203135,50547000.0
2023-03-01,142.97976684570312,144.8689754008769,142.68457472462396,144.47539591550134,55479000.0
2023-03-02,143.57012939453125,144.35730326043608,141.59235299200765,142.06466632000615,52238100.0
2023-03-03,148.60806274414062,148.68678165578146,144.96739941181147,145.66600535471582,70732300.0
2023-03-06,151.36317443847656,153.7935665673354,150.9991125857975,151.32380747304748,87558000.0
2023-03-07,149.16891479492188,151.55993956940895,148.7064506179963,151.23522972088062,56182000.0
2023-03-08,150.4185333251953,151.00891757952724,149.39521763366128,150.35949790258118,47204800.0
2023-03-09,148.17510986328125,152.06176399701366,147.82088228318355,151.09748364556307,53833600.0
2023-03-10,146.11862182617188,148.5194958597798,145.242894659562,147.80120650188752,68572400.0
2023-03-13,148.05706787109375,150.6842500131036,145.33148332105827,145.43971996424668,84457100.0
2023-03-14,150.14305114746094,150.94005952145656,147.69299059245188,148.85406081281639,73695900.0
2023-03-15,150.53663635253906,150.79246155107444,147.51586009545082,148.76549840164833,77167900.0
2023-03-16,153.3507843017578,153.9510028988609,149.20828955550553,149.71995500240442,76161100.0
2023-03-17,152.514404296875,154.2265068856699,151.80594908869074,153.5770871091514,98944600.0
2023-03-20,154.8759002685547,155.28917828804447,151.67801783277878,152.58327776546486,73641400.0
2023-03-21,156.72573852539062,156.8438093660786,154.0296725549558,154.79717806171172,73938300.0
2023-03-22,155.29901123046875,159.53989288471735,155.27932775015748,156.7454392443716,75701800.0
2023-03-23,156.38134765625,158.95934282613845,155.15139299961646,156.28296029217628,67622100.0
2023-03-24,157.68020629882812,157.76875944157217,155.31869907440637,156.31249715364865,59196500.0
2023-03-27,155.74180603027344,158.19188156427322,155.33837722493854,157.37518971960662,52390300.0
2023-03-28,155.12185668945312,155.94839753031852,153.47863926690832,155.43673225056244,45992200.0
2023-03-29,158.19186401367188,158.46737267599337,156.7946372221569,156.8143056879684,51305700.0
2023-03-30,159.75631713867188,159.86455372605,158.68380050907447,158.93962561829014,49501700.0
2023-03-31,162.25564575195312,162.35404815041076,159.31360321570477,159.83510289651463,68749800.0
2023-04-03,163.50526428222656,163.62333513475417,161.58653785817188,161.63573905142377,56976200.0
2023-04-04,162.9739532470703,164.16454121432164,162.46228779099377,163.92839947620809,46278300.0
2023-04-05,161.13392639160156,162.40324825832465,159.20536551321473,162.09822184489292,51511700.0
2023-04-06,162.0194854736328,162.31467762112032,159.40213812085784,159.8252353547828,45390100.0
2023-04-10,159.43165588378906,159.43165588378906,157.51292944566782,158.8314373555464,47716900.0
2023-04-11,158.2213897705078,159.75637097122245,157.93603184667685,159.7465367378167,47644200.0
2023-04-12,157.53260803222656,159.4611686435216,157.21773241416443,158.6346426672523,50133100.0
2023-04-13,162.90504455566406,163.14120127307194,158.83143501847854,159.03807402297244,68445600.0
2023-04-14,162.56068420410156,163.6528847449455,161.19297496954,161.9506163702145,49386500.0
2023-04-17,162.58038330078125,162.7378211594505,161.39962938896315,162.44262892797082,41516200.0
2023-04-18,163.8004608154297,164.7253892225956,162.99360326395418,163.43639900098648,49923000.0
2023-04-19,164.9418487548828,165.46334834295578,162.8853530999642,163.14119328481948,47720200.0
2023-04-20,163.97756958007812,165.17800667808302,162.90505258707114,163.42655222639002,52456400.0
2023-04-21,162.3737030029297,163.78076396537094,161.85220341407148,162.40322071444277,58337300.0
2023-04-24,162.67874145507812,162.9444158925364,161.26183114076272,162.35403159020615,41949600.0
2023-04-25,161.14376831054688,163.6430299514636,161.10440134757968,162.54099521393778,48714100.0
2023-04-26,161.13392639160156,162.62955575633885,160.18932943478703,160.44515464932056,45498800.0
2023-04-27,165.70936584472656,165.85695442572842,162.54100085037314,162.54100085037314,64902300.0
2023-04-28,166.958984375,167.12627144742981,165.18786139778672,165.7880799666726,55275900.0
2023-05-01,166.87042236328125,167.71663185783257,165.9356597273935,166.56539597816914,52472900.0
2023-05-02,165.83726501464844,167.6182522416185,164.8533011388869,167.36241202489828,48425700.0
2023-05-03,164.76473999023438,168.17909567440717,164.47939708632646,166.78186884038578,65136000.0
2023-05-04,163.13131713867188,164.36127162736898,161.67505522800053,162.24575591244712,81235400.0
2023-05-05,170.78660583496094,171.504895212846,168.02165491497223,168.23812815446027,113453200.0
2023-05-08,170.71771240234375,171.06210572406735,169.35000337616833,169.7140651629481,55962800.0
2023-05-09,169.01548767089844,170.75709300871614,168.8482156052712,170.27496029429,45326900.0
2023-05-10,170.7767791748047,171.23924342814053,169.14339542958015,170.24544525293916,53724500.0
2023-05-11,170.9636993408203,171.7902252766967,169.4090348343318,171.0621017201797,49514700.0
2023-05-12,170.03750610351562,171.50563041723674,168.49053896760506,171.07208510437357,45533100.0
2023-05-15,169.5448455810547,170.66811525184778,168.95364468701064,170.6188460048669,37266700.0
2023-05-16,169.5448455810547,170.5991352991019,169.27880367524853,169.46601779285794,42110300.0
2023-05-17,170.15574645996094,170.39221479568312,167.91905489711874,169.19013234108013,57951600.0
2023-05-18,172.48109436035156,172.6683084617715,170.04734111161662,170.4611756877155,65496700.0
2023-05-19,172.58949279785156,173.80143807257875,172.3727201425523,173.80143807257875,55809500.0
2023-05-22,171.64356994628906,172.1460951955022,170.9045763773169,171.42679729660153,43570900.0
2023-05-23,169.04234313964844,170.83564173486545,168.7664533611328,170.58931050155752,50747300.0
2023-05-24,169.31822204589844,169.8897122746601,168.0176010356781,168.57922839342694,45143500.0
2023-05-25,170.45132446289062,171.34795850917342,169.17039935195018,169.87983433539839,56058300.0
2023-05-26,172.85552978515625,173.19055165787438,170.56958397024448,170.77650880236848,54835000.0
2023-05-30,174.69808959960938,176.36329091292328,173.978806707213,174.36308277683443,55964400.0
2023-05-31,174.6488494873047,176.7180379211288,174.16603484344822,174.72767728843633,99625300.0
2023-06-01,177.4471435546875,177.47670209655325,174.33351350934285,175.09221783191245,68901800.0
2023-06-02,178.29452514648438,179.11234656032465,176.62932377666553,178.37335293714096,61996900.0
2023-06-05,176.9446563720703,182.23584654381537,175.42724752914353,179.94990047733975,121946500.0
2023-06-06,176.58004760742188,177.4766816655694,174.82615579439974,177.3288889732544,64848400.0
2023-06-07,175.21046447753906,178.5507149734009,174.71780207381394,175.82136104700194,61944600.0
2023-06-08,177.92010498046875,178.18613184931536,174.85574427470908,175.28927455408018,50214900.0
2023-06-09,178.30438232421875,179.55573399442156,177.9792233362159,178.83645110058313,48900000.0
2023-06-12,181.09283447265625,181.19137296447727,178.31422641468646,178.60982685528654,54274900.0
2023-06-13,180.619873046875,181.44754220802452,179.76264534674598,180.1173628493618,54929100.0
2023-06-14,181.25048828125,181.68403358526143,179.34881869349235,180.67899811094975,57462900.0
2023-06-15,183.28025817871094,183.78278344228747,181.08298811392547,181.26035439367692,65433200.0
2023-06-16,182.2062530517578,184.245882524342,181.56579797087073,183.98968846409701,101256200.0
2023-06-20,182.294921875,183.3689372512462,181.70373606119196,181.70373606119196,49799100.0
2023-06-21,181.26039123535156,182.6891094596189,179.910485779367,182.18658409390272,49515700.0
2023-06-22,184.25575256347656,184.30502181445038,180.9746189088309,181.04359886716716,51245300.0
2023-06-23,183.94041442871094,184.807505007212,182.29492392440986,182.82700770116728,53117000.0
2023-06-26,182.55113220214844,185.29033397781694,182.51171079012911,184.0882365039062,48088700.0
2023-06-27,185.30015563964844,185.62531458599346,182.94523027205378,183.16200290295046,50730800.0
2023-06-28,186.4727325439453,187.11318769857849,184.84695251457532,185.17209649255778,51216800.0
2023-06-29,186.80775451660156,187.28072131986815,186.1672993101183,186.30524420235466,46347300.0
2023-06-30,191.1234588623047,191.62596911406445,188.45322195229386,188.81780236383452,85213200.0
2023-07-03,189.63565063476562,191.03481029014517,188.94591112680644,190.93627177904648,31458200.0
2023-07-05,188.52218627929688,190.14796610334872,187.82259909124357,188.75866963191964,46920300.0
2023-07-06,188.99514770507812,189.20207252866174,186.42344937265386,187.05405664400223,45094300.0
2023-07-07,187.88172912597656,189.84253092683244,187.4481988352347,188.60102706839623,46815000.0
2023-07-10,185.8421173095703,187.20187038994513,184.29515010539157,186.48257243692333,59922200.0
2023-07-11,185.31988525390625,186.5219826806886,183.86160879849567,186.384037813756,46638100.0
2023-07-12,186.98507690429688,188.88674640306317,185.7041517573503,186.89638625272656,60750200.0
2023-07-13,187.74375915527344,188.38422922243208,186.99491780606402,187.70435278315148,41342300.0
2023-07-14,187.89161682128906,188.37441642370476,186.847174781534,187.4383607296714,41616200.0
2023-07-17,191.14315795898438,191.46831693797242,188.9951421376018,189.08381775872684,50520200.0
2023-07-18,190.88697814941406,191.47817907078496,189.5962050071137,190.5125649317522,48288200.0
2023-07-19,192.23687744140625,195.32093388898534,189.82281961650222,190.26622781119138,80507300.0
2023-07-20,190.29576110839844,193.5867419459116,189.67500174607378,192.22698907029056,59581200.0
2023-07-21,189.1232452392578,192.10877819186132,188.4236580132484,191.25155042374644,71951700.0
2023-07-24,189.92137145996094,192.04967681854123,189.42870901778204,190.57168949200457,45377800.0
2023-07-25,190.77859497070312,191.58656857428397,190.08887057427083,190.49285737606127,37283200.0
2023-07-26,191.6457061767578,192.7689760383015,190.4830299318555,190.8278846495574,47471900.0
2023-07-27,190.3844757080078,194.30606454519102,189.72430983845956,193.14338839624878,47460200.0
2023-07-28,192.95616149902344,193.74442436278966,191.29096014596897,191.8131810983056,48291400.0
2023-07-31,193.56703186035156,193.60645326737566,192.39449307660055,193.18275583360523,38824100.0
2023-08-01,192.7393798828125,193.8429388199064,192.41422090280528,193.36013930235927,35175100.0
2023-08-02,189.75384521484375,192.3156805851802,189.03456234552243,192.17773571935334,50389300.0
2023-08-03,188.3645477294922,189.54693452970886,187.8915960163783,188.75868668614032,61235200.0
2023-08-04,179.3192596435547,184.6301595328746,179.25027969317492,182.79745486603875,115956800.0
2023-08-07,176.225341796875,180.44253062568194,174.74735463626894,179.45720585194456,97576100.0
2023-08-08,177.16139221191406,177.62449604499406,174.97397007455905,177.05300588853657,67823000.0
2023-08-09,175.57504272460938,178.2748232727554,174.41235154839882,178.21570618554995,60378500.0
2023-08-10,175.3582763671875,178.097478428752,174.9937109597073,176.84611157664116,54686900.0
2023-08-11,175.41746520996094,176.23639103718068,174.19402209160106,174.95375100085724,52036700.0
2023-08-14,177.06515502929688,177.29208151781367,174.943837241764,175.59503330985302,43675600.0
2023-08-15,175.08200073242188,177.08491002448199,174.68734458769583,176.4929258073929,43622600.0
2023-08-16,174.21376037597656,176.15745776554937,174.14468726786023,174.7662850202376,46964900.0
2023-08-17,171.67803955078125,175.1411945839284,171.1649745274817,174.7761369036864,66062900.0
2023-08-18,172.16148376464844,172.76334408254257,169.6652471318657,170.00070631097662,61172200.0
2023-08-21,173.4934844970703,173.77962299820936,171.42151715942626,172.7337706675176,46311900.0
2023-08-22,174.8649444580078,175.30893640777694,173.89802631437342,174.69721483499137,42038900.0
2023-08-23,178.70301818847656,179.12728783194132,175.9502562936072,176.1377232252428,52722800.0
2023-08-24,174.0262908935547,178.68330576322634,173.66121814414575,178.25903609639087,54945800.0
2023-08-25,176.2265167236328,176.7593040006282,173.4737548580186,175.0129348306344,51449600.0
2023-08-28,177.7854461669922,178.1801023209798,176.1673318473753,177.68677460091166,43820700.0
2023-08-29,181.66299438476562,182.43258442181371,177.10465107991652,177.3019791564373,53003900.0
2023-08-30,185.1458740234375,185.34321714142652,182.27471834075723,182.47204640358012,60813900.0
2023-08-31,185.3629608154297,186.5962801694583,184.97816577917948,185.33336235534645,60794500.0
2023-09-01,186.9317626953125,187.3856158066575,185.7675013452281,186.96136115669725,45766500.0
2023-09-05,187.1685333251953,187.44479564304942,185.1064270757959,185.7674844117445,45280000.0
2023-09-06,180.46914672851562,186.32988234003622,179.04836051297525,185.88587535630464,81755800.0
2023-09-07,175.19052124023438,175.83185624974686,171.22416252451072,172.84227669356144,112488800.0
2023-09-08,175.80226135253906,177.83478423163749,175.41746632815568,175.97000602806156,65551300.0
2023-09-11,176.96652221679688,177.8939807491613,174.9734739911946,177.66705421097663,58953100.0
2023-09-12,173.9473114013672,177.72620255078303,172.4870659491005,177.09474383722204,90370200.0
2023-09-13,171.88525390625,174.93401565723292,171.65831231126361,174.15454941477398,84267900.0
2023-09-14,173.39480590820312,173.75000241444866,171.2636268707299,171.67802028548886,60895800.0
2023-09-15,172.674560546875,174.14468255030425,171.5004532372104,174.12494522635322,109259500.0
2023-09-18,175.59507751464844,176.98626535892447,173.81909463420754,174.12495542511192,67257600.0
2023-09-19,176.68038940429688,177.23291401853146,174.7662755227223,175.15107052586188,51826900.0
2023-09-20,173.14816284179688,177.3019736755132,173.0593524132158,176.8678428874874,58436200.0
2023-09-21,171.6089630126953,173.94734650075085,171.53990496478352,172.22069958579337,63149100.0
2023-09-22,172.45745849609375,174.71690737052137,171.72734327191537,172.33906468788402,56725400.0
2023-09-25,173.73028564453125,174.60840835340898,171.82603288281885,171.87536866413782,46172700.0
2023-09-26,169.665283203125,172.86203732750283,169.36928354767613,172.48711848209095,64588900.0
2023-09-27,168.15567016601562,170.73084132501634,166.7940959712009,170.3164478696235,66921800.0
2023-09-28,168.41220092773438,169.73431545858824,165.38316183381656,167.0802102082604,56294400.0
2023-09-29,168.92527770996094,170.76045735672912,168.06687727418498,169.7244661753788,51861100.0
2023-10-02,171.43136596679688,171.9740294168616,168.6489906711008,168.93512915166482,52164500.0
2023-10-03,170.09938049316406,171.31297744317223,168.54047825044546,169.96124934298015,49594600.0
2023-10-04,171.34259033203125,171.88525384459265,168.68848474300435,168.80687858022958,53020300.0
2023-10-05,172.57589721679688,173.10868450108188,170.3756448658088,171.47083294671847,48527900.0
2023-10-06,175.12147521972656,175.61480292776608,170.8689777300858,171.48071432556827,57266700.0
2023-10-09,176.6014404296875,176.6606373398207,173.45400756283908,174.45052401213385,42390800.0
2023-10-10,176.00946044921875,177.32171396949087,175.57532965392068,175.72333700059065,43698000.0
2023-10-11,177.40061950683594,177.4499552810768,175.22998093671887,175.8219650621156,47551100.0
2023-10-12,178.2984619140625,179.90669959931384,176.65073453606323,177.6670032091722,56743100.0
2023-10-13,176.46331787109375,179.50220314362676,175.7627859383901,178.9990143278533,51427100.0
2023-10-16,176.33505249023438,176.69024903281087,174.15453745424634,174.39134016768617,52517000.0
2023-10-17,174.78599548339844,176.03905203817294,172.467364361049,174.29266779074965,57549400.0
2023-10-18,173.4934844970703,175.21027033840411,172.77323025982977,173.23695950912395,54764400.0
2023-10-19,173.1185302734375,175.46675944254312,172.8521291505183,173.69077704835468,59302900.0
2023-10-20,170.57298278808594,173.07908076842247,170.33618008275127,172.97054807703984,64244000.0
2023-10-23,170.69140625,171.68792291287053,167.6623665542272,168.62929981085605,55980100.0
2023-10-24,171.12551879882812,171.35244533043914,169.16206908920728,170.74072378645857,43816600.0
2023-10-25,168.81674194335938,170.75057806188605,168.3727349771656,169.58633193718455,57157000.0
2023-10-26,164.6628875732422,169.09297489080478,163.45916701132384,168.09644349231945,70625300.0
2023-10-27,165.97515869140625,166.70528904611524,164.60370840247674,164.68264263448572,58499100.0
2023-10-30,168.0175323486328,168.8857938712959,166.61648356307745,166.76449089816728,51131000.0
2023-10-31,168.4911346435547,168.61938959873203,165.6594236135805,167.09008588386948,44846000.0
2023-11-01,171.64845275878906,171.9049777602895,167.84982318964867,168.71808481806195,56934900.0
2023-11-02,175.20042419433594,175.4076134182441,173.11858048911532,173.17777741023195,77334800.0
2023-11-03,174.29266357421875,174.46040823420765,171.03671292563865,171.91483559510309,79829200.0
2023-11-06,176.83824157714844,177.0355696443862,173.85855313497558,174.02628274488598,63841300.0
2023-11-07,179.39369201660156,180.00541354681909,176.58171810512866,176.7889073081916,70530000.0
2023-11-08,180.4494171142578,181.00194176498167,179.16676200069597,179.91662978825056,49340300.0
2023-11-09,179.97579956054688,181.66297171772456,179.38380034968415,180.51846299464347,53763500.0
2023-11-10,184.15487670898438,184.32284238950194,181.31944959381738,181.75415237279827,66133400.0
2023-11-13,182.57412719726562,183.78930789371245,181.99123723697815,183.58184574005094,43627500.0
2023-11-14,185.18234252929688,185.8442707665973,184.05607409829287,185.43920547847273,60108400.0
2023-11-15,185.74545288085938,187.21751156501972,185.5182274044454,185.5873915048758,53790500.0
2023-11-16,187.4250030517578,188.65994715340477,186.37775779056014,187.28668991537342,54412900.0
2023-11-17,187.4052276611328,188.08691917335904,186.29872264128753,187.95848017105547,50922700.0
2023-11-20,189.14404296875,189.59850904887813,187.592960955599,187.6028350817968,46505100.0
2023-11-21,188.34378051757812,189.21318592585277,187.45462685911554,189.10451024981845,38134500.0
2023-11-22,189.00572204589844,190.60620477415247,188.53150773289747,189.18356183514956,39617700.0
2023-11-24,187.68185424804688,188.60064536615056,186.970525284031,188.57100791556658,24048300.0
2023-11-27,187.5040283203125,188.37343380166539,186.6247487130357,187.63246733233092,40552600.0
2023-11-28,188.10665893554688,188.77847629228074,187.1187037624085,187.49413155220094,38415400.0
2023-11-29,187.08908081054688,189.77632029571453,186.69390474066958,188.6006511365786,43014200.0
2023-11-30,187.66207885742188,188.02763251612237,185.92328320995222,187.55340318726755,48794400.0
2023-12-01,188.9365692138672,189.25270705783993,186.95076949469112,188.0375263099119,45704800.0
2023-12-04,187.14834594726562,187.7608884211111,185.19219887595256,187.69172432124148,43389500.0
2023-12-05,191.09030151367188,192.05849343193452,187.8893210956394,187.91897362196437,66628400.0
2023-12-06,190.00355529785156,192.4141533735728,189.79607806848605,192.10788966712872,41089700.0
2023-12-07,191.93006896972656,192.6512720749557,191.2582515665674,191.29777821822415,47477700.0
2023-12-08,193.35272216796875,193.62934842275146,191.33728508312288,191.86090014217592,53406400.0
2023-12-11,190.8531951904297,191.15947399253523,189.11439931154695,190.78404615931,60943700.0
2023-12-12,192.36477661132812,192.3746507369947,189.4107849369075,190.75440470261375,52696900.0
2023-12-13,195.5756378173828,195.6151493963814,192.50309623143957,192.74019585543422,70404200.0
2023-12-14,195.7238006591797,197.2156075489979,193.79729107961322,195.63488831127654,66831600.0
2023-12-15,195.1903076171875,196.01029713155143,194.6271659416612,195.1507809689053,128538400.0
2023-12-18,193.5305633544922,194.26165570440122,192.04863040265064,193.7281513997374,55751900.0
2023-12-19,194.56788635253906,194.57776047687184,193.5305304476359,193.79728255461077,40714100.0
2023-12-20,192.48333740234375,195.2990010280865,192.48333740234375,194.5283970820936,52242800.0
2023-12-21,192.3351287841797,194.70623052718972,191.16934877699248,193.73803856316968,46482500.0
2023-12-22,191.26812744140625,193.05632389177538,190.64571085868127,192.82908334808235,37149600.0
2023-12-26,190.72476196289062,191.55464074590694,190.5074106042434,191.27801448490152,28919300.0
2023-12-27,190.82354736328125,191.16933772508392,188.78836199381533,190.17150836602553,48087700.0
2023-12-28,191.2483367919922,192.31533003492945,190.84327161110912,191.80158919758986,34049900.0
2023-12-29,190.2110137939453,192.05848519728596,189.42064661751613,191.56450759639273,42672100.0
2024-01-02,183.40402221679688,186.17030008579113,181.6751004330507,184.89582930034302,82488700.0
2024-01-03,182.03074645996094,183.64111826756874,181.22061595613366,182.0011090098209,58414500.0
2024-01-04,179.7189483642578,180.88472835710988,178.70135563320858,179.95604798314233,71983600.0
2024-01-05,178.9977264404297,180.55869755734878,177.99989705667167,179.79798286255345,62379700.0
2024-01-08,183.32496643066406,183.36449308108033,179.3138706884217,179.89676064456035,59144500.0
2024-01-09,182.91001892089844,182.91989304556353,180.52904335165846,181.7047124117811,42841800.0
2024-01-10,183.94740295410156,184.15486512874935,181.7047401626592,182.12956878813148,46792900.0
2024-01-11,183.35462951660156,184.7970509584636,181.40835627398752,184.2931840827093,49128400.0
2024-01-12,183.68064880371094,184.49077939116623,182.95944565085554,183.81896194364214,40477800.0
2024-01-16,181.41822814941406,182.04062970854807,178.7507369031224,179.96593271976667,65603000.0
2024-01-17,180.4796600341797,180.72664884969066,178.12833676151584,179.08665457169852,47317400.0
2024-01-18,186.35797119140625,186.86182285419846,183.59169395794328,183.84855685122983,78005800.0
2024-01-19,189.252685546875,189.6379874512041,186.54569809210085,187.04954979006996,68903000.0
2024-01-22,191.55462646484375,192.97728431537942,189.94425472083472,189.98378136946042,60133900.0
2024-01-23,192.8291015625,193.39224330006388,191.49537099853464,192.67104017695664,42355600.0
2024-01-24,192.15728759765625,194.0146482092326,191.999211146671,193.06620457832125,53631300.0
2024-01-25,191.83126831054688,193.90598035718745,190.78403816176663,192.86862433386716,54822100.0
2024-01-26,190.1023406982422,192.41415228379137,189.6281264159501,191.93006387634745,44594000.0
2024-01-29,189.420654296875,189.88499446653958,187.29655655692048,189.69728055859,47145600.0
2024-01-30,185.7751007080078,189.4898221386195,185.21197404804863,188.6401800108733,55859400.0
2024-01-31,182.17893981933594,184.846431021382,182.12955411744667,184.7871410441138,55467800.0
2024-02-01,184.60931396484375,184.6982263171025,181.6059367135455,181.77388729281213,64885400.0
2024-02-02,183.61151123046875,185.07368095456727,177.0909997696198,177.69365314728918,102551700.0
2024-02-05,185.41943359375,186.97053056814926,183.60159955655655,185.88377376602236,69668800.0
2024-02-06,187.0199432373047,187.02981736340615,184.5204175084795,184.6093298683978,43490800.0
2024-02-07,187.1286163330078,188.74886241631054,186.33824908078662,188.3437971267345,53439000.0
2024-02-08,186.05172729492188,187.25701874915856,185.09340956143063,187.10883150171134,40962000.0
2024-02-09,186.8134307861328,187.94113632063826,185.97259122428568,186.61557552858977,45155200.0
2024-02-12,185.1317596435547,186.63537211912902,184.7756412965565,186.38806813077576,41781900.0
2024-02-13,183.0445098876953,184.2019058140478,181.53101071537256,183.76664838776776,56529500.0
2024-02-14,182.16409301757812,183.52921572281525,180.4725423642709,183.32148884677065,54630500.0
2024-02-15,181.8772430419922,182.50045391335385,179.39431647047905,181.57058851615943,65434500.0
2024-02-16,180.34396362304688,182.8565806751117,179.71086599707365,181.44199396902647,49752500.0
2024-02-20,179.60202026367188,180.4626331892475,178.05884601330092,179.82953567385852,53665600.0
2024-02-21,180.35386657714844,180.91771184255438,178.71176441081158,179.97795967071906,41371400.0
2024-02-22,182.38174438476562,182.96539328132977,180.49235334512917,181.50134277124772,52292200.0
2024-02-23,180.55169677734375,183.04451006700117,180.2648157032703,183.0148347964746,45119700.0
2024-02-26,179.20635986328125,180.78909628027105,178.7018500832812,180.27471486922383,40867400.0
2024-02-27,180.66050720214844,181.93658908973126,177.62360710096542,179.1470080612827,54318900.0
2024-02-28,179.4635467529297,181.14521076395337,178.1874648834917,180.54178846123017,48953900.0
2024-02-29,178.80076599121094,180.6011460945577,177.59392143922238,179.31516246277232,136682600.0
2024-03-01,177.72254943847656,178.58316252471684,175.46713817545924,177.61373507516265,73563100.0
2024-03-04,173.2117156982422,174.99229230011673,171.9158301484072,174.25038035125658,81510100.0
2024-03-05,168.28538513183594,170.18467763470022,167.7907772375202,168.9184826327907,95132400.0
2024-03-06,167.29617309570312,169.39332087872134,166.8609157238647,169.21525418377138,68587700.0
2024-03-07,167.177490234375,168.88882954707424,166.67299554984157,167.32586658446218,71765100.0
2024-03-08,168.8888397216797,171.82681238429842,167.11814976227143,167.17750030588184,76267000.0
2024-03-11,170.8870391845703,172.49946586057737,170.1945911039721,171.07499261235472,60139500.0
2024-03-12,171.36187744140625,172.1532532324886,169.16581679091567,171.28273835287425,59825400.0
2024-03-13,169.28453063964844,171.3223130850131,168.91851047344855,170.90684419661972,52488700.0
2024-03-14,171.1343536376953,172.43022407386235,170.19460153541087,171.04532782778392,72913500.0
2024-03-15,170.75843811035156,170.75843811035156,168.4535633292171,169.32407812222547,121752700.0
2024-03-18,171.8465576171875,175.7935338090815,171.64871749027145,173.67661275318792,75604200.0
2024-03-19,174.18115234375,174.7054356079408,171.1640405724947,172.45991109697533,55215200.0
2024-03-20,176.7432098388672,176.7432098388672,173.2018149693641,173.82502584048726,53423100.0
2024-03-21,169.52191162109375,175.57592275278003,168.9976284397713,175.1406653733646,106181300.0
2024-03-22,170.422119140625,171.18381963278856,168.22605856941686,169.90772263085663,71160100.0
2024-03-25,169.00755310058594,170.085794876263,167.6226416976105,168.73057383883838,54288300.0
2024-03-26,167.8798370361328,169.57138777241732,167.7512341389727,168.16670300567833,57388400.0
2024-03-27,171.44100952148438,171.72789059246503,168.27552158079686,168.5722893771007,60273300.0
2024-03-28,169.63075256347656,170.37266455083602,168.67121185228598,169.8978451053126,65672700.0
2024-04-01,168.19639587402344,169.40324060587884,167.6523240532299,169.3438900607447,46240500.0
2024-04-02,167.01919555664062,167.51380346702695,166.41577330219988,167.25661278755086,49329500.0
2024-04-03,167.8204803466797,168.83937157047524,166.7620271262386,166.9697540235435,47691700.0
2024-04-04,166.9994659423828,170.06602673515292,166.9994659423828,168.45359969390546,53704400.0
2024-04-05,167.7512664794922,168.5525290979156,167.12805551216746,167.76115320647332,42104800.0
2024-04-08,166.6334228515625,167.37533481002382,166.4256959559663,167.20716991074772,37425500.0
2024-04-09,167.8402557373047,168.2458378687617,166.53449863101693,166.88071513080217,42373800.0
2024-04-10,165.9706268310547,167.26649712267962,165.307854051912,166.97963118021664,49709300.0
2024-04-11,173.15232849121094,173.56781241373886,166.34653399230652,166.52458559261675,91070300.0
2024-04-12,174.6460723876953,176.43655077441642,172.33131077483722,172.38075949507746,101670900.0
2024-04-15,170.8277130126953,174.72522645768026,170.63975955810392,173.46891791454695,73531800.0
2024-04-16,167.5533905029297,171.88614579113815,166.45536027289515,169.8978273072319,73711200.0
2024-04-17,166.1882781982422,168.80969440593617,166.1882781982422,167.78091646807817,50901200.0
2024-04-18,165.2386016845703,166.8213530127437,164.75389559967167,166.21793076697907,43122900.0
2024-04-19,163.2206268310547,164.60552308162337,162.31054999578998,164.41758473594675,68149400.0
2024-04-22,164.05154418945312,165.45622881020677,162.9930911354229,163.7350029833429,48116400.0
2024-04-23,165.10012817382812,165.24851961582092,163.14148491226467,163.56685559955991,49537800.0
2024-04-24,167.19728088378906,167.47426013692973,164.41758653276062,164.74401450706145,48251800.0
2024-04-25,168.0579071044922,168.7701438382538,166.33666581552853,167.7017887376114,50558300.0
2024-04-26,167.47427368164062,169.49226770262163,167.35555749623813,168.04802077933093,44838400.0
2024-04-29,171.62896728515625,174.13168243053624,171.2332869429431,171.5003643815301,68169400.0
2024-04-30,168.49313354492188,173.10288291918897,168.16669051085722,171.46078102452523,65934800.0
2024-05-01,167.47427368164062,170.84750390177777,167.28632022447192,167.75125295718234,50383100.0
2024-05-02,171.1640167236328,171.5498103000238,169.04709541575278,170.64962025703286,94214900.0
2024-05-03,181.4024200439453,184.98337684032407,180.69018337477516,184.637145231003,163224100.0
2024-05-06,179.7504425048828,182.2135806366563,178.47434543693257,180.383540128798,78569700.0
2024-05-07,180.43296813964844,182.9060078076493,179.36462828599997,181.47164781905605,77305800.0
2024-05-08,180.76930236816406,181.09574539643793,179.49320552179933,180.878116710922,45057100.0
2024-05-09,182.57960510253906,182.6686309202814,180.1461270912472,180.59127127419717,48983000.0
2024-05-10,181.32156372070312,183.34229448527321,180.4102525825865,183.1540861312051,50759500.0
2024-05-13,184.52108764648438,185.33335221774516,182.8767582325011,183.68902280376187,72044800.0
2024-05-14,185.66021728515625,186.52201273815805,184.53098214319476,185.7394637127145,52393600.0
2024-05-15,187.92860412597656,188.84981551266446,185.60078753373725,186.13569714479723,70400000.0
2024-05-16,188.04747009277344,189.29558246787192,187.86917696187996,188.6715262803227,52845200.0
2024-05-17,188.0771484375,189.00827490956243,187.39366134142406,187.72054713149117,41282900.0
2024-05-20,189.23614501953125,190.10784067213936,187.22531400566533,187.54229973923614,44361300.0
2024-05-21,190.5337677001953,190.91016932460286,189.11726241831752,189.28565540299905,42309400.0
2024-05-22,189.0974578857422,190.99934196064652,188.47341681604038,190.45453220558076,34648500.0
2024-05-23,185.1154327392578,189.19652573516206,184.86779330766728,189.1767103485156,51005900.0
2024-05-24,188.18612670898438,188.7804673088457,186.26444256610336,187.0370913918068,36327000.0
2024-05-28,188.19606018066406,191.17763337385156,187.31446444482384,189.70169698060212,52280100.0
2024-05-29,188.4932098388672,190.43470949642946,187.72057607583483,187.81963788738682,53068000.0
2024-05-30,189.48374938964844,190.365345015264,188.82999288588945,188.95875509095092,49889100.0
2024-05-31,190.43472290039062,190.7517086279001,188.11682144814546,189.6323735603605,75158300.0
2024-06-03,192.19790649414062,193.14884852262287,190.7021698304424,191.07857147290113,50080500.0
2024-06-04,192.51490783691406,193.47575007895594,191.20736433094334,192.80216293853442,47471400.0
2024-06-05,194.02052307128906,195.04079624688396,193.02996541617088,193.5549597642067,54156800.0
2024-06-06,192.64366149902344,194.64459232913165,192.33659102362645,193.84224299284628,41181800.0
2024-06-07,195.0308837890625,195.08041469163098,192.30685040959915,192.81202934049514,53103900.0
2024-06-10,191.29647827148438,195.4370168860641,190.3356361933404,195.04078477848907,97010200.0
2024-06-11,205.1940155029297,205.2039307530545,191.80168667352532,191.82148694435384,172373300.0
2024-06-12,211.05813598632812,218.12080209568063,204.94638168818946,205.41194501546696,198134300.0
2024-06-13,212.21707153320312,214.70336573665497,209.60200000148347,212.71235034689784,97862700.0
2024-06-14,210.48361206054688,213.13829945342002,209.30484597389386,211.8307711431916,70122700.0
2024-06-17,214.62413024902344,216.88260054537645,210.71143044440285,211.35528688913016,93728300.0
2024-06-18,212.26658630371094,216.5656178731208,210.98877362098574,215.5354294813442,79943300.0
2024-06-20,207.70013427734375,212.21709015086526,206.8779846754286,211.91000456307782,86172500.0
2024-06-21,205.5308074951172,209.88925500861833,205.1543907600995,208.40341856791886,241805100.0
2024-06-24,206.1746368408203,210.69157660922147,204.63926969738108,205.75860450580527,80727000.0
2024-06-25,207.09588623046875,209.38407188516823,206.64022308060072,207.1751175381149,55549700.0
2024-06-26,211.23638916015625,212.8311873569971,208.65103345259956,209.5029135164035,66213200.0
2024-06-27,212.0784149169922,213.70292898101007,210.34493889866226,212.66284034706985,49772700.0
2024-06-28,208.6312255859375,214.0297763055812,208.3142550307382,213.73260601871965,82542700.0
2024-07-01,214.70335388183594,215.45617219578955,209.91895899194967,210.08735196554287,60402900.0
2024-07-02,218.19012451171875,218.29908645117231,213.0689435868198,214.1090169642201,58046200.0
2024-07-03,219.45803833007812,219.45803833007812,216.96182895702523,217.92267103394255,37369800.0
2024-07-05,224.2028045654297,224.3117665065084,219.55708698216947,219.55708698216947,60412400.0
2024-07-08,225.66883850097656,225.69855401964364,221.14198303770854,224.94572057418634,59085900.0
2024-07-09,226.52072143554688,227.23392416937492,224.23253562897796,225.77780318070188,48076100.0
2024-07-10,230.7801055908203,230.8791673967792,227.0853299721382,227.13486087511765,62627700.0
2024-07-11,225.4212188720703,230.19569903805672,223.63821202212716,229.2051413563895,64710600.0
2024-07-12,228.36314392089844,230.44332094014862,226.5207061684713,226.7584454352943,53046500.0
2024-07-15,232.18670654296875,234.9899864993383,230.88907844301437,234.24706826366577,62631300.0
2024-07-16,232.602783203125,234.03908894913195,230.13628891032246,232.78107634696724,43234300.0
2024-07-17,226.71884155273438,229.2744821236097,224.49998695797876,227.2834515580279,57345900.0
2024-07-18,222.06320190429688,228.26410233218343,220.17124832102243,228.10560948409145,66034600.0
2024-07-19,222.1919708251953,224.65846466815103,221.17169771561296,222.6971648700337,49151500.0
2024-07-22,221.84527587890625,225.6291978658938,220.98348053112068,224.86646431913928,48201800.0
2024-07-23,222.88536071777344,224.7971447504236,220.57735968997056,222.25140445670337,39960300.0
2024-07-24,216.47645568847656,222.67735606492835,215.0797809310421,221.88490694575157,61777600.0
2024-07-25,215.43637084960938,218.7646448818125,212.59346035218633,216.86276105080302,51391200.0
2024-07-26,215.90194702148438,217.41749898154802,213.9703475571551,216.6349499920164,41601300.0
2024-07-29,216.17929077148438,217.22927938341869,213.7127969665886,214.91137828370984,36311800.0
2024-07-30,216.73399353027344,218.24954536257854,214.0792914541732,217.12031036763145,41643800.0
2024-07-31,219.98304748535156,221.70662325926872,218.54674189777583,219.34909118598728,50036300.0
2024-08-01,216.29815673828125,222.36036437427163,214.97081319041698,222.2514024343897,62501000.0
2024-08-02,217.78399658203125,223.46980270062375,215.65430376795194,217.08069402896655,105568600.0
2024-08-05,207.2940216064453,211.48407659683002,194.14931622004067,197.210135996183,119548600.0
2024-08-06,205.27325439453125,208.00720313955475,199.17143085232243,203.36148541473497,69660500.0
2024-08-07,207.83880615234375,211.62272838414273,204.441185671316,204.9463646139573,63516400.0
2024-08-08,211.2958526611328,212.17744837655164,206.8581585633277,211.097744151489,47161100.0
2024-08-09,214.19818115234375,214.7330756065884,209.96849596255686,210.09727328743648,42201600.0
2024-08-12,215.7254180908203,217.68898821235913,213.81143620679725,214.27753840147545,38028100.0
2024-08-13,219.4344024658203,220.04925425523973,217.19314118814535,217.19314118814535,44155300.0
2024-08-14,219.88064575195312,221.1797757696837,217.87739912826086,218.7401920302427,41960600.0
2024-08-15,222.8557586669922,223.48053712623224,220.9120118672479,222.7367590108339,46414000.0
2024-08-16,224.17471313476562,224.94824111633486,221.79461423345728,222.06237857544772,44340200.0
2024-08-19,224.01605224609375,224.11522871504155,221.18968933533225,223.84746435464618,40687800.0
2024-08-20,224.63092041015625,225.28544883578485,223.57971634413767,223.8970689622142,30299000.0
2024-08-21,224.5218048095703,226.08869912173634,223.1830133382552,224.64081959285892,34765500.0
2024-08-22,222.66734313964844,226.4457337259973,222.04256465043304,225.90029338876204,43695300.0
2024-08-23,224.95819091796875,226.32674764036014,222.4690186706249,223.78798715352852,38677300.0
2024-08-26,225.29537963867188,225.39455612332776,222.03267909150793,224.87886564108967,30602200.0
2024-08-27,226.1383056640625,226.95151036486342,223.02435510684418,224.12514736512034,35934600.0
2024-08-28,224.61109924316406,227.95313769677003,223.80780609600177,226.02922904592305,38052200.0
2024-08-29,227.8837127685547,230.98775191089825,226.9812734022471,228.1911537968638,51906300.0
2024-08-30,227.10025024414062,228.4886300006117,225.59285569982603,228.28038060324323,52990800.0
2024-09-03,220.9219512939453,227.10026429068756,219.335218503661,226.65400042223428,50190600.0
2024-09-04,219.0178680419922,219.94014563997789,215.67581475954933,219.82114598403248,43840200.0
2024-09-05,220.53517150878906,223.60944526365165,219.6823053430495,219.79139340374425,36615400.0
2024-09-06,218.9881134033203,223.37144384512357,217.9468210396507,222.0921370424939,48423000.0
2024-09-09,219.077392578125,219.4344067184307,214.91223769602945,218.98814282610013,67180000.0
2024-09-10,218.28402709960938,219.64265710486697,214.9320618304677,217.10389659918582,51591000.0
2024-09-11,220.8128662109375,221.2392917639212,216.08243282408242,219.6228241682371,44587100.0
2024-09-12,220.9219512939453,221.69547936785247,217.9964268983011,220.6541869199912,37455600.0
2024-09-13,220.6541748046875,222.18139254741286,220.06907298412548,221.72521710949164,36766600.0
2024-09-16,214.52545166015625,215.41797935337752,212.14535259122513,214.7436126542421,59357400.0
2024-09-17,214.9915313720703,215.10061943149995,212.7205355758407,213.96016573653907,45519300.0
2024-09-18,218.8592071533203,220.86245391858552,215.7353297749969,215.7452565018275,59894900.0
2024-09-19,226.97132873535156,227.91345980340301,222.7665127356472,223.12352684243388,66781300.0
2024-09-20,226.306884765625,231.1563174701668,225.73169454082358,228.0622053540531,318679900.0
2024-09-23,224.5912322998047,227.54650632766106,223.93670395169437,225.45401003818398,54146000.0
2024-09-24,225.48377990722656,227.44736512534206,223.85738561877668,226.75316007712865,43556100.0
2024-09-25,224.4920654296875,225.40443143928672,222.16156973744518,223.06400902085235,42308700.0
2024-09-26,225.63255310058594,226.60441901953834,223.54005654723983,225.4143769570366,36636700.0
2024-09-27,225.90029907226562,227.6159582791164,225.41437368594384,226.56475422029098,34026000.0
2024-09-30,231.06707763671875,231.06707763671875,227.74486252768645,228.13162655878588,54541900.0
2024-10-01,224.3334197998047,227.74486962890148,221.88390914906273,227.6159583693189,63285000.0
2024-10-02,224.89866638183594,225.48376819979168,221.16986421787885,224.01605029183685,32880600.0
2024-10-03,223.79786682128906,224.92840891217833,221.4673712198949,223.27226484855484,34044200.0
2024-10-04,224.91851806640625,226.10856009308668,222.27066963907552,226.00938361911108,37245100.0
2024-10-07,219.8509063720703,223.81772316941647,219.49389225502094,222.63759275105315,39505400.0
2024-10-08,223.8970489501953,224.10529834651464,221.39795026893304,222.4392426471427,31855700.0
2024-10-09,227.63577270507812,227.84403724277382,222.96485445261254,223.36153007501719,33591100.0
2024-10-10,227.1399383544922,227.59612897487835,225.28545621996582,225.89039642732237,28183500.0
2024-10-11,225.6622772216797,227.50684750397573,225.45401269675094,227.39775944467098,31759200.0
2024-10-14,229.38119506835938,229.80762063057296,226.70359663127624,226.80275797652766,39882100.0
2024-10-15,231.9100341796875,235.51983687729248,230.44230106244424,231.67201972311165,64751400.0
2024-10-16,229.85719299316406,230.19436878170097,227.93328446814013,229.67869350471682,34082200.0
2024-10-17,230.22412109375,231.91003031839952,228.60765355789445,231.49350124327563,32993800.0
2024-10-18,233.0504608154297,234.22066437649204,232.0686683201459,234.22066437649204,46431500.0
2024-10-21,234.51820373535156,234.88514457730523,232.5050454306036,232.5050454306036,36254500.0
2024-10-22,233.90338134765625,234.26039550788073,230.67043071443962,231.94972262812325,38846600.0
2024-10-23,228.8456573486328,233.18932661738793,225.87054472777703,232.13812257917175,52287000.0
2024-10-24,228.65725708007812,228.9051831435476,226.51517225997247,228.0721400698136,31109500.0
2024-10-25,229.4902801513672,231.28526239164006,227.6655479946858,227.83413589840254,38802300.0
2024-10-28,231.46377563476562,232.78274415861915,230.62083606612686,231.38445260776976,36087100.0
2024-10-29,231.73153686523438,232.38606532055925,230.39274516902225,231.16627329542206,35417200.0
2024-10-30,228.19114685058594,231.53318522639518,227.64570650368097,230.68031899274527,47070900.0
2024-10-31,224.035888671875,227.92336713292326,223.5003599556127,227.43742665071557,64370100.0
2024-11-01,221.060791015625,223.4805517303345,218.44269248362247,219.13688241025088,65276700.0
2024-11-04,220.168212890625,220.94174084677013,217.88730565861934,219.15668564471403,44944500.0
2024-11-05,221.59629821777344,222.09215031274817,219.3054639601429,219.9599923572388,28111300.0
2024-11-06,220.87237548828125,224.19459083458287,219.35506917081855,220.76328741365683,54561100.0
2024-11-07,225.59286499023438,225.9895557457087,222.7070172967094,222.7665171269793,42137700.0
2024-11-08,225.32481384277344,227.01256271730918,224.77877343219782,225.53329235935942,38328800.0
2024-11-11,222.61448669433594,224.07389700260043,219.90415975706793,223.3789433198207,42005600.0
2024-11-12,222.61448669433594,223.96468891324545,221.75075962779928,222.93218846295187,40398300.0
2024-11-13,223.49806213378906,225.01703765642938,221.15506473467502,222.39605879884869,48566200.0
2024-11-14,226.5757598876953,227.22107081675753,223.37895759377815,223.39881774279925,44923900.0
2024-11-15,223.37893676757812,225.28510187679902,222.65420045885568,224.76884409236825,47923700.0
2024-11-18,226.37718200683594,228.08479108540536,223.54770942404784,223.62713486361545,44633700.0
2024-11-19,226.63528442382812,228.5017442258817,225.02696106605572,225.34464764897942,36211800.0
2024-11-20,227.35011291503906,228.27340522879027,224.26251907255318,226.4168829534927,35169600.0
2024-11-21,226.87359619140625,228.5017799491732,224.08384369933498,227.2310031211041,42108300.0
2024-11-22,228.21385192871094,229.05773399756174,226.41689485035167,226.41689485035167,38168300.0
2024-11-25,231.19223022460938,231.5694972757357,228.08479132337303,229.79240040372403,90152800.0
2024-11-26,233.36647033691406,233.87280565588551,231.64893863936055,231.64893863936055,45986200.0
2024-11-27,233.2373809814453,233.99191506726265,232.12545514826604,232.78070364946953,33498400.0
2024-11-29,235.62010192871094,236.0966394139658,232.28430923421996,233.11825362062933,28481400.0
2024-12-02,237.86383056640625,239.0551819380818,235.45134517492735,235.5605532676808,48137100.0
2024-12-03,240.90176391601562,241.01097200063165,237.17878168890522,238.08222901174219,38861000.0
2024-12-04,241.25918579101562,242.35126670496282,239.5118714775545,241.12019505186365,44383900.0
2024-12-05,241.28895568847656,242.77814859306412,240.38552350615552,242.2321233137982,40033900.0
2024-12-06,241.09039306640625,242.86750503393802,240.33587413565135,241.15989600483465,36870600.0
2024-12-09,244.9722442626953,245.4587194212017,240.00826768189094,240.08769312504634,44649200.0
2024-12-10,245.98487854003906,246.4217108653419,243.57237825215392,245.11121388943334,36914800.0
2024-12-11,244.714111328125,248.9930565140259,244.48575750906295,246.17352158557497,45205800.0
2024-12-12,246.17352294921875,246.9479020514793,243.9099357862414,245.11122473397327,32777500.0
2024-12-13,246.34228515625,247.49391610940148,244.46590277835176,246.0345210589055,33155300.0
2024-12-16,249.2313232421875,249.56888515433104,245.86574781090837,246.2033097230519,51694800.0
2024-12-17,251.6537322998047,252.0012166921119,247.98039295462073,248.2782345553336,51356400.0
2024-12-18,246.26287841796875,252.4479889260113,245.95511429725673,250.34326772719038,56774100.0
2024-12-19,247.9903106689453,250.18439476471843,245.30976661195103,245.71681628677703,60882300.0
2024-12-20,252.65647888183594,253.16279902630112,243.919877297432,246.2529371403228,147495300.0
2024-12-23,253.4308624267578,253.80811434244586,251.6239676953758,252.93446477293034,40858800.0
2024-12-24,256.33978271484375,256.34969006633503,253.4507293352449,253.64930053302467,23234700.0
2024-12-26,257.15380859375,258.2260444048055,255.77383898408218,256.32980188696064,27237100.0
2024-12-27,253.74853515625,256.836144148833,251.2367643772991,255.97238682838486,42355300.0
2024-12-30,250.38296508789062,251.67360197393796,248.9434149702759,250.4127477342041,35557500.0
2024-12-31,248.61578369140625,251.45517870098834,247.63291094425557,250.62123433005314,39480700.0
2025-01-02,242.09312438964844,247.30529937932678,240.07775127221439,247.13651085819407,55740700.0
2025-01-03,241.60665893554688,242.42074318433572,240.14724866814672,241.60665893554688,40244100.0
2025-01-06,243.23483276367188,245.54804748087855,241.4477983095151,242.54980162717402,45045600.0
2025-01-07,240.4649658203125,243.78089861816605,239.61116122247878,241.22940732447114,40856000.0
2025-01-08,240.951416015625,241.9541489627904,238.32051453305579,240.17703689438372,37628900.0
2025-01-10,235.1435546875,238.42970445265777,231.32128701842691,238.28077607985776,61710900.0
2025-01-13,232.71119689941406,232.9792558543989,228.06492247356016,231.84746989306117,49630700.0
2025-01-14,231.5992889404297,234.41882398797216,230.79512716232853,233.05869925952226,39435300.0
2025-01-15,236.15621948242188,237.2383779015073,232.74100113522098,232.94949481929564,39832000.0
2025-01-16,226.61544799804688,236.29520209930612,226.3871093224655,235.6399687194268,71759100.0
2025-01-17,228.32305908203125,230.6164138035219,226.833866130533,230.44764042021458,68488300.0
2025-01-21,221.03594970703125,222.80312416686704,217.79944241349193,222.38615194982364,98070400.0
2025-01-22,222.21737670898438,222.5052806842356,218.2064751614249,218.2064751614249,64126500.0
2025-01-23,222.048583984375,225.39429904989126,220.69838187044374,223.12080464680741,60234800.0
2025-01-24,221.17491149902344,224.00438385368136,219.81478693461753,223.16050188156166,54697900.0
2025-01-27,228.2039031982422,230.4773975200278,222.36626262781007,222.40598291880553,94863400.0
2025-01-28,236.54339599609375,238.4594987479956,229.147074251248,229.18679454547646,75707600.0
2025-01-29,237.63546752929688,238.1318651456976,232.3240069742682,232.43321505583046,45486100.0
2025-01-30,235.87823486328125,239.05517683623282,235.50098294542886,236.95045561956258,55658300.0
2025-01-31,234.29966735839844,245.40904807772534,231.7581140684966,245.40904807772534,100959800.0
2025-02-03,226.36724853515625,230.15973381299622,224.0738938399255,228.33299411580026,73063300.0
2025-02-04,231.1227569580078,231.45038123633566,225.01705656002386,225.61273982041166,45067300.0
2025-02-05,230.7951202392578,230.99367626573292,226.625383087866,226.88350440739822,39620300.0
2025-02-06,231.5397186279297,232.11554171369926,228.7698112868805,229.62361584180033,29925300.0
2025-02-07,225.98997497558594,232.3140755170278,225.6226304523949,230.92416830424466,39707200.0
2025-02-10,226.25833129882812,229.1803610121675,225.81108525741098,228.16660736242451,33115600.0
2025-02-11,231.1979217529297,233.79196667406026,226.7353801285285,226.80494431220234,53718400.0
2025-02-12,235.42198181152344,235.5114431570428,229.2698195612854,229.7866449882993,45243300.0
2025-02-13,240.05349731445312,240.85854326211725,234.12993999243653,235.46174477414044,53614100.0
2025-02-14,243.10470581054688,244.04889519264196,239.51677402617887,239.77517912233392,40896200.0
2025-02-18,242.97552490234375,243.6811760890431,240.3615975750387,242.65747382373942,48822500.0
2025-02-19,243.37306213378906,244.50609250836237,241.6735241546838,243.16435439309654,32204200.0
2025-02-20,244.3271942138672,245.27138364211797,242.7966000469895,243.4426355672204,32316900.0
2025-02-21,244.04891967773438,247.16972378813352,243.72093519653038,244.44646835255205,53197400.0
2025-02-24,245.58944702148438,247.33868242018207,242.92582237394555,243.43269920852308,51326400.0
2025-02-25,245.52978515625,248.4716967182176,243.41281661275679,246.48392314447185,48013300.0
2025-02-26,238.89065551757812,243.48240813544444,237.66817887883008,242.8363877176575,44433600.0
2025-02-27,235.84934997558594,240.9778097055873,235.61081167459415,237.94645181292123,41153600.0
2025-02-28,240.36158752441406,240.61005923211764,228.7927454203557,235.5014815283524,56833400.0
2025-03-03,236.57485961914062,242.53818006191796,234.66659889731284,240.31186830369816,47184000.0
2025-03-04,234.48770141601562,238.60240725621293,233.24534293735957,236.25683384188991,53798100.0
2025-03-05,234.2988739013672,235.1039197629907,227.82866128733946,233.98082285378285,47227600.0
2025-03-06,233.89137268066406,236.4059049662456,231.73464023473684,233.0068140722837,45170400.0
2025-03-07,237.60853576660156,239.89446338205195,233.32487071745646,233.67273718007357,46273600.0
2025-03-10,226.08937072753906,234.71631625547707,222.84930513729455,234.10009611136832,72071200.0
2025-03-11,219.48995971679688,224.4593937721428,216.1206840338927,222.4418047589131,76137400.0
2025-03-12,215.65354919433594,220.39439337943787,213.59621144659917,218.79423505763873,62547500.0
2025-03-13,208.398193359375,215.51442704761877,207.14590135231947,214.62986833256545,61368300.0
2025-03-14,212.18490600585938,212.64208545758027,208.2988048386841,209.9585940343847,60107600.0
2025-03-17,212.6917724609375,213.904315554563,208.6864099217596,212.00598815128762,48073400.0
2025-03-18,211.38978576660156,213.83473880015984,210.19712464056028,212.85080057479257,42432400.0
2025-03-19,213.92420959472656,217.4226803637017,212.443312738742,212.91044076829724,54385400.0
2025-03-20,212.7911834716797,216.16045933121794,210.92267131595005,212.6818553101102,48862900.0
2025-03-21,216.93568420410156,217.5021918152461,209.9884097524224,210.26669685360034,94127800.0
2025-03-24,219.38063049316406,220.1260455978378,217.24377992596973,219.64898417718916,44299500.0
2025-03-25,222.3822021484375,222.73006864258363,218.73463890959596,219.42042332259138,34493600.0
2025-03-26,220.1757354736328,223.64440576884627,219.12221792138408,222.1436270366165,34466100.0
2025-03-27,222.4815673828125,223.61459773398053,219.21167130142226,220.03659916949772,37094800.0
2025-03-28,216.56793212890625,222.44180687800483,216.34927581514728,220.31488968867507,39818600.0
2025-03-31,220.77207946777344,224.24073468961828,214.90813825561798,215.683368745432,65299300.0
2025-04-01,221.82559204101562,222.31258685550372,217.56180927777046,218.46624988397502,36412700.0
2025-04-02,222.5213165283203,223.8133724100327,219.66886624627372,219.9670353213626,35905900.0
2025-04-03,201.9478759765625,206.22159255986557,200.01973301812973,204.2835010267849,103419000.0
2025-04-04,187.22842407226562,198.658123727335,186.19477317599058,192.7047355778497,125910900.0
2025-04-07,180.3507080078125,192.96311894309866,173.55251067175698,176.11674047268428,160466300.0
2025-04-08,171.36595153808594,189.17640027021665,168.17558356470508,185.55865310846366,120859500.0
2025-04-09,197.6343994140625,199.38363475051753,170.83920418374143,170.89883496621582,184395900.0
2025-04-10,189.2559356689453,193.5892830219747,181.88129692496375,187.9141974958541,121880000.0
2025-04-11,196.9386749267578,198.32017705332044,184.92258644836306,184.96235041538483,87435900.0
2025-04-14,201.2819366455078,211.63823413237864,199.93025014088798,210.14740409782033,101352900.0
2025-04-15,200.90428161621094,202.26590170954893,198.57859009217825,200.6259945192588,51343900.0
2025-04-16,193.08241271972656,199.47309822086447,191.19401850640656,197.1474065096439,59732400.0
2025-04-17,195.7758026123047,197.61449911758032,193.23145502579916,195.99445890478637,52164700.0
2025-04-21,191.97918701171875,192.6152739871965,188.64966000796989,192.08851517151226,46742500.0
2025-04-22,198.5189666748047,200.3576482646354,194.77200897005906,194.92108593270402,52976400.0
2025-04-23,203.34922790527344,206.72843666924064,201.56022878561117,204.7406632397287,52929200.0
2025-04-24,207.09620666503906,207.5534013078127,201.69940812530302,203.6374845300284,47311000.0
2025-04-25,208.00064086914062,208.46776890662989,204.9394675201618,205.10842646651815,38222300.0
2025-04-28,208.8553924560547,210.2070792460064,206.1917828448175,208.71624889674396,38743100.0
2025-04-29,209.91883850097656,210.94254069563792,207.09618845243054,207.4142395090872,36827600.0
2025-04-30,211.20095825195312,212.2743578831654,205.4065960245207,208.0205233254963,52286500.0
2025-05-01,212.0159454345703,213.2483553954001,207.62295230903422,207.80185982414434,57365700.0
2025-05-02,204.09466552734375,205.72463931330321,200.92416412992952,204.83013207172814,101010600.0
2025-05-05,197.67416381835938,202.8523212109494,196.99832800962005,201.85843431656065,69018500.0
2025-05-06,197.2964630126953,199.42338015596502,195.81558138809015,196.9983091053983,51216500.0
2025-05-07,195.05027770996094,198.22077891807172,192.0686174137577,197.95242524507105,68536700.0
2025-05-08,196.28273010253906,198.82707814993435,193.48989516366862,196.51131984408346,50478900.0
2025-05-09,197.3163299560547,199.3140368102294,196.33237664044202,197.78345792922866,36453900.0
2025-05-12,209.776123046875,210.2538252478288,205.75556156059073,209.95526516858178,63775800.0
2025-05-13,211.9058380126953,212.3735786127325,207.99474788922345,209.4178625594749,51909300.0
2025-05-14,211.30873107910156,212.91098786371114,209.56714827780408,211.40824098508043,49325800.0
2025-05-15,210.43295288085938,211.93569971673273,208.53213606160298,209.93535780893234,45029500.0
2025-05-16,210.24386596679688,211.54757782116647,208.7610423595207,211.33858120774948,54737900.0
2025-05-19,207.77578735351562,208.4724173847277,203.27752386063855,206.909976827966,46140500.0
2025-05-20,205.8650360107422,207.46729276724128,204.04383620537516,206.67113760639387,42496600.0
2025-05-21,201.11798095703125,206.04416933851562,199.74462882701684,204.1831685508297,59211800.0
2025-05-22,200.39151000976562,201.77482385442195,198.73949054480968,199.74464241928678,46742400.0
2025-05-23,194.33079528808594,196.74910019358438,192.5295034494263,192.7384848883374,78432900.0
2025-05-27,199.2470245361328,199.77447409530296,196.48038197740732,197.34620772495165,56288500.0
2025-05-28,199.45599365234375,201.75488030334262,198.9384905597645,199.62517414339177,45339700.0
2025-05-29,198.98826599121094,202.8297005493605,197.55518975609246,202.60081106845576,51396800.0
2025-05-30,199.88394165039062,200.98860329086406,195.83351057352263,198.4110493394953,70819900.0
2025-06-02,200.72984313964844,201.15778278546435,199.15744093584797,199.31667499872813,35423300.0
2025-06-03,202.2923126220703,202.78990771325485,199.99342573046133,200.38154929416936,46381600.0
2025-06-04,201.84445190429688,205.24800003069532,201.1279138581714,201.93401536371383,43604000.0
2025-06-05,199.66500854492188,203.76518718349973,199.18730633012683,202.52119947175674,55126100.0
2025-06-06,202.93919372558594,204.71063115372752,201.07819281954235,202.02362051888113,46607700.0
2025-06-09,200.48106384277344,205.0091823144686,199.05794913802782,203.40692547634254,72862600.0
2025-06-10,201.6951904296875,203.36711781582227,199.60530017876516,199.63515466910712,54672600.0
2025-06-11,197.82391357421875,203.51640292967522,197.45569804682734,202.5212126953003,60989900.0
2025-06-12,198.24188232421875,198.71956936233477,196.4107360236097,198.12246436103902,43904600.0
2025-06-13,195.50509643554688,199.4062398916536,194.758703844025,198.7693188209708,51447300.0
2025-06-16,197.4656219482422,197.73432753277095,195.61456771612566,196.35101387226533,43020700.0
2025-06-17,194.69900512695312,197.4357781067605,194.27108064091922,196.25149936947125,38856200.0
2025-06-18,195.6344757080078,196.6197193940347,194.13174409281177,194.9975546383106,45394700.0
2025-06-20,200.03323364257812,200.72986375748766,195.9131467510872,197.28651411005004,96813500.0
2025-06-23,200.53082275390625,201.3269779408771,198.00304635957568,200.6602023375907,55814300.0
2025-06-24,199.33657836914062,202.4614746491071,199.23705328583006,201.61555699715424,54064000.0
2025-06-25,200.59051513671875,202.6903668657116,199.65503400834336,200.4810436177515,39525700.0
2025-06-26,200.03323364257812,201.66534499125092,198.5006473897771,200.461158146952,50799100.0
2025-06-27,200.1128387451172,202.24254507531293,199.03803155248616,200.91894034324127,73188600.0
2025-06-30,204.1831512451172,206.39247448465787,198.30157410241034,201.03834688076608,91912800.0
2025-07-01,206.82041931152344,209.17901505124104,205.1484920031366,205.6759415551798,78788900.0
2025-07-02,211.41819763183594,212.3138626915596,207.13887695509675,207.90517762155153,67941800.0
2025-07-03,212.52285766601562,213.61755770997246,210.7912213537831,211.12958235725722,34955800.0
2025-07-07,208.94015502929688,215.18994753990862,207.79569250723537,211.65701970580338,50229000.0
2025-07-08,208.9998779296875,210.41304612040562,207.4473837253886,209.08945658408672,42848900.0
2025-07-09,210.1244354248047,210.3135239719546,206.22329208627588,208.52217876921287,48749400.0
2025-07-10,211.3883514404297,212.45319704499605,209.0197939340788,209.49748097232364,44443600.0
2025-07-11,210.14434814453125,211.1096837700706,208.85059795908091,209.55718962168862,39765800.0
2025-07-14,207.6165771484375,209.89557123752414,206.54176989733165,208.92027389637033,38840100.0
2025-07-15,208.10421752929688,210.87084499335577,207.9151289669034,208.21368905566166,42296300.0
2025-07-16,209.149169921875,211.37838618562168,207.63647661047767,209.28849593835915,47490500.0
2025-07-17,209.0098419189453,210.78127919114968,208.58190225319882,209.5571995447156,48068100.0
2025-07-18,210.16424560546875,210.77131219576944,208.69136845628208,209.85573909301036,48974600.0
2025-07-21,211.4580078125,214.74213848423943,210.61210526026528,211.07984586548804,51377400.0
2025-07-22,213.3687744140625,213.91613206526756,211.20921348603295,212.11484021935428,46404100.0
2025-07-23,213.11996459960938,214.11515474984876,211.38834345684663,213.96588230147148,46989300.0
2025-07-24,212.7318572998047,214.65258233290422,212.50296779967493,212.87118332406595,46022600.0
2025-07-25,212.8512725830078,214.2047317845148,212.37357038101962,213.6673206036272,40268800.0
2025-07-28,213.02044677734375,213.8166019050196,212.03520309848784,213.00053872316795,37858000.0
2025-07-29,210.25381469726562,213.77678093648746,209.8059821935656,213.14980632007004,51411700.0
2025-07-30,208.04449462890625,211.36842593737322,206.72088996610802,210.88077731884883,45512500.0
2025-07-31,206.57162475585938,208.83069544134486,206.16359315375274,207.48719786288635,80698400.0
2025-08-01,201.40658569335938,212.5527122409286,200.53081350952442,209.85574027592583,104434500.0
2025-08-04,202.37193298339844,206.88014336875773,200.70995198839026,203.52634207300898,75109300.0
2025-08-05,201.94398498535156,204.35234334482283,201.18764593221573,202.42167200915333,44155100.0
2025-08-06,212.22430419921875,214.3440641251077,204.60114383647723,204.6409599471833,108483100.0
2025-08-07,218.9716796875,219.78774287041324,215.5382768294147,217.8272171299369,90224800.0
2025-08-08,228.2468719482422,229.88892965735022,218.19544514014734,219.76784743364436,113854000.0
2025-08-11,226.34390258789062,228.71514834333362,223.93281073352847,227.08118464026867,61806100.0
2025-08-12,228.80479431152344,229.95057099439725,226.23430307406312,227.17083074525974,55626200.0
2025-08-13,232.47125244140625,234.1351043372746,229.58191650034667,230.2195756343437,69878500.0
2025-08-14,231.92327880859375,234.25466305951576,230.0003892485326,233.1985666998313,51916300.0
2025-08-15,230.73764038085938,233.41774239633352,228.49592139875156,233.13877413921495,56038700.0
2025-08-18,230.04022216796875,232.26201052585682,229.26309412883964,230.8472385776313,37476200.0
2025-08-19,229.71144104003906,232.01293684851592,228.50590285589897,230.4287923573085,39402600.0
2025-08-20,225.17819213867188,229.6217843388592,224.93908515924198,229.13358225147155,42263900.0
2025-08-21,224.072265625,225.6863136691638,222.95639256938466,225.43723377620466,30621200.0
2025-08-22,226.9217529296875,228.2468598588307,224.58041092619504,225.33760837029214,42477800.0
2025-08-25,226.323974609375,228.45609804536198,225.3973894325087,225.6464693442017,30983100.0
2025-08-26,228.46604919433594,228.6453946309622,223.86305742355088,226.03502689374838,54575100.0
2025-08-27,229.64170837402344,230.05018785299507,227.41990473660533,227.76862267507164,31259500.0
2025-08-28,231.7041015625,232.55097936868034,228.49595098757067,229.97051505486425,38074700.0
2025-08-29,231.28562927246094,232.52107103838586,230.51845893056873,231.65426265633033,39418400.0
2025-09-02,228.8745574951172,230.00040359535532,226.13467838242784,228.4062860305561,44075600.0
2025-09-03,237.59234619140625,237.9709525201245,233.49747185558658,236.33698891571112,66427800.0
2025-09-04,238.89752197265625,239.01707546456905,235.86871695735925,237.57241502764154,47549400.0
2025-09-05,238.80783081054688,240.43183651086895,237.61225041390915,239.11668743272676,54870400.0
2025-09-08,237.00450134277344,239.2661357937392,235.4701607098454,238.41927329094256,48999500.0
2025-09-09,233.4875030517578,237.90119155812317,232.5011411802574,236.12774389612645,66313900.0
2025-09-10,225.955322265625,231.56460664903227,225.118417424808,231.33545739080094,83440800.0
2025-09-11,229.1833953857422,229.60184779162614,225.81583028738913,226.04499474029723,50208600.0
2025-09-12,233.20855712890625,233.6469250222829,228.17713965402348,228.3764005514914,55824200.0
2025-09-15,235.82884216308594,237.31336381412066,234.16499028444412,236.1277410783948,42699500.0
2025-09-16,237.2735137939453,240.33222235518573,235.45026224943368,236.30708253667353,63421100.0
2025-09-17,238.11044311523438,239.21635855568803,236.85507060288438,238.09051246512186,46508000.0
2025-09-18,237.00450134277344,240.31227437025743,235.77901734043184,239.0868055705458,44249600.0
2025-09-19,244.59646606445312,245.3935247988757,239.32594197772087,240.34217704154452,163741300.0
2025-09-22,255.13751220703125,255.69547916115815,247.2068166293636,247.38616206443075,105517400.0
2025-09-23,253.49359130859375,256.3928850249964,252.64672876089196,254.9382669065294,60275200.0
2025-09-24,251.38140869140625,254.79879299943292,250.11607847800005,254.2807025242173,42303700.0
2025-09-25,255.9246063232422,256.22352044118514,250.7836088309123,252.27808820484515,55202100.0
2025-09-26,254.51980590820312,256.6519291955366,252.84598111295833,253.16481067495934,46076300.0
2025-09-29,253.49359130859375,254.06150078407975,252.07881928540593,253.62311772285494,40127700.0
2025-09-30,253.69287109375,254.97811672142575,252.17846100632588,253.92202035086734,37704300.0
2025-10-01,254.5098419189453,257.83756097799323,253.9917514638179,254.10134722927504,48713900.0
2025-10-02,256.18365478515625,257.229778167004,253.21461153357077,255.63566078088252,42630200.0
2025-10-03,257.07037353515625,258.2858846694617,253.01536064819075,253.73271197999827,49155600.0
2025-10-06,255.74530029296875,258.1165459888059,254.11133663097664,257.0405037108186,44664100.0
2025-10-07,255.5360565185547,256.45265350411205,254.48990271764998,255.86482860124664,31955800.0
2025-10-08,257.1102294921875,257.56852798749276,255.16739414069707,255.5758888188916,36496900.0
2025-10-09,253.10501098632812,257.0504430809132,252.20832947523735,256.86113993459566,38322000.0
2025-10-10,244.3673095703125,255.436420799504,243.10197943699816,254.00171816056968,61999100.0
2025-10-13,246.74851989746094,248.7710475029622,244.6562426215344,248.46219085423505,38142900.0
2025-10-14,246.8581085205078,247.93413549962378,243.79940008876653,245.69241642712313,35478000.0
2025-10-15,248.4223175048828,250.89320098009676,246.55920477705152,248.57177456170203,33893600.0
2025-10-16,246.53927612304688,248.1234206007849,244.2278226113223,247.33633482463924,39777000.0
2025-10-17,251.36146545410156,252.44746537322095,246.35995200283696,247.10719170360767,49147000.0
2025-10-20,261.27484130859375,263.4069798400544,254.68918336894043,254.94822099113512,90483000.0
2025-10-21,261.8028869628906,264.3136317818121,260.86634411857244,260.9161783410852,46695900.0
2025-10-22,257.4988098144531,261.882609922878,254.4899051977633,261.6833338430701,45015300.0
2025-10-23,258.6246032714844,259.66078406832133,257.06040475940137,258.98329410338334,32754900.0
2025-10-24,261.85272216796875,263.15789839957887,258.22610426270086,260.2287163700197,38253700.0
2025-10-27,267.8206787109375,268.1295353654346,263.67598537979285,263.90514984178776,44888200.0
2025-10-28,268.0099792480469,268.89671830922975,267.1631014853557,268.00000632210845,41534800.0
2025-10-29,268.7073974609375,270.4110953948544,266.1269030442272,268.28892986747474,51086700.0
2025-10-30,270.401123046875,273.1310593223432,267.49188695276854,270.98894793982623,69886500.0
2025-10-31,269.37493896484375,276.29937269597025,268.16940070155243,275.9705701844509,86167100.0
2025-11-03,268.05975341796875,269.8531467885877,265.2700709373508,269.424736694289,50194600.0
2025-11-04,269.0461730957031,270.49081837885313,266.6350661079627,267.3424445625432,49274800.0
2025-11-05,269.14581298828125,270.7000692568828,265.94760492323326,267.6214146886098,43683100.0
2025-11-06,268.7771301269531,272.3937751745226,266.90407480138714,266.90407480138714,51204000.0
2025-11-07,267.48193359375,271.2878818962731,265.7881780523408,268.80702532983145,48227400.0
2025-11-10,268.6986083984375,272.9869540449525,266.7339548671466,268.22988302493957,41312400.0
2025-11-11,274.5028076171875,275.16101963639426,269.0675899882029,269.07757258136417,46208300.0
2025-11-12,272.7276611328125,274.9815360542478,270.9624767916609,274.2535066981436,48398000.0
2025-11-13,272.2090759277344,275.9488963676571,271.3513946141157,273.36590026791555,49602800.0
2025-11-14,271.6705017089844,275.21085247368256,268.8681323529343,270.31417782757546,47431300.0
2025-11-17,266.73394775390625,269.7557213346742,265.00866346949266,268.09027174019775,45018300.0
2025-11-18,266.7140197753906,269.9751321987233,264.59977951795884,269.2570854665072,45677300.0
2025-11-19,267.8309631347656,271.47104873805114,264.77927226211665,264.80918960656476,40424500.0
2025-11-20,265.5272521972656,274.68232536305425,265.1981613886433,270.09480618650156,45823600.0
2025-11-21,270.75299072265625,272.5879921198442,264.9488130991126,265.2280517805383,59030800.0
2025-11-24,275.1709899902344,276.24804478801667,270.16459800357205,270.16459800357205,65585800.0
2025-11-25,276.2181701660156,279.6189174225992,274.50283786370125,274.52277261748515,46914200.0
2025-11-26,276.79656982421875,278.7712060098946,275.8790842359358,276.2081750495132,33431400.0
2025-11-28,278.0930480957031,278.242634823177,275.2407959413455,276.50736791500816,20135600.0
2025-12-01,282.3315124511719,282.65065109438723,275.3904143522869,277.2553332443013,46587700.0
2025-12-02,285.4131164550781,286.619823290159,281.86278279875575,282.231773534172,53669500.0
2025-12-03,283.378662109375,287.8365294074879,282.5309633672564,285.4231155973949,43538700.0
2025-12-04,279.9380187988281,283.95707766942763,277.83373081751637,283.3287830094401,43989100.0
2025-12-05,278.0232238769531,280.37683325787106,277.2951945750906,279.77845592816414,47265800.0
2025-12-08,277.1356506347656,278.9108174051644,275.4003533668138,277.374989388386,38211800.0
2025-12-09,276.42755126953125,279.26982065807096,276.16827776921565,277.4049018876359,32193300.0
2025-12-10,278.0232238769531,278.9905919368044,275.68957968235776,276.9960211276047,33038300.0
2025-12-11,277.2752685546875,278.8310314000742,273.0667227973629,278.34237127554803,33248000.0
2025-12-12,277.52459716796875,278.4620479370953,276.0685689150702,277.14562382282355,39532900.0
2025-12-15,273.3658752441406,279.3894873363706,272.0993337942639,279.3894873363706,50409100.0
2025-12-16,273.8645324707031,274.752131096348,271.0522107383373,272.07941349564567,37648600.0
2025-12-17,271.10205078125,275.41033087528734,270.9026119684932,274.2634587890498,50138700.0
2025-12-18,271.4511413574219,272.88723490520505,266.22537510199504,272.8672697170699,51630700.0
2025-12-19,272.9271240234375,273.8545921928022,269.1673383776201,271.4112306527045,144632000.0
2025-12-22,270.23443603515625,273.13654030849926,269.7756932559407,272.1192896847017,36571800.0
2025-12-23,271.62066650390625,271.7603010837797,268.8282792538215,270.1048034873943,29642000.0
2025-12-24,273.06671142578125,274.6823088952694,271.46109654935304,271.60070067851706,17910600.0
2025-12-26,272.6578369140625,274.6224904749486,272.11929424741834,273.41578359787746,21521800.0
2025-12-29,273.0168762207031,273.61522314661676,271.6107000753325,271.9497734782625,23715200.0
2025-12-30,272.3387145996094,273.3360001129787,271.54089836280934,272.0694584675055,22139600.0
2025-12-31,271.12200927734375,272.9370761103812,271.0123224859311,272.3187639976345,27293600.0
2026-01-02,270.2743225097656,277.0857683126949,268.2697691424855,271.52092924369913,37838100.0
2026-01-05,266.5345153808594,270.7729784841199,265.41756056202854,269.9053450243044,45647200.0
2026-01-06,261.6477966308594,266.82371056256306,261.40845786144683,266.27521573774703,52352100.0
2026-01-07,259.623291015625,262.964203143993,259.1047135716701,262.48552563718374,48309800.0
2026-01-08,258.3368225097656,258.58614386359903,255.00587765735156,256.3222864925608,50419300.0
2026-01-09,258.6659240722656,259.5036402038468,255.52448097015204,258.3767027680543,39997000.0
2026-01-12,259.5435485839844,260.59068617382866,256.1029014720883,258.4565110528425,45263800.0
2026-01-13,260.34136962890625,261.0993163539261,257.68861696081353,258.01770778709204,45730800.0
2026-01-14,259.2543029785156,261.1092696408236,256.0131254420647,258.78557762508564,40019400.0
2026-01-15,257.5090637207031,260.3313985459844,256.35220896361545,259.9424426175537,39388600.0
2026-01-16,254.8363494873047,258.1971965798445,254.23797213114116,257.1999111311508,72142800.0
2026-01-20,246.0303192138672,254.09835490933511,242.75922413209136,252.04394930256512,80267500.0
2026-01-21,246.9777374267578,250.87712721718017,244.51444112970407,248.02489020045314,54641700.0
2026-01-22,247.67584228515625,250.31864258405668,247.47637302553753,248.52352576906395,39708300.0
2026-01-23,247.36666870117188,248.73296007338791,244.0157890837153,246.64863719927277,41689000.0
2026-01-26,254.7166748046875,255.86354695988197,249.12190294519746,250.7973351598156,55969200.0
2026-01-27,257.5688781738281,261.23891141767155,257.50904348719195,258.4664593428383,49648300.0
2026-01-28,255.743896484375,258.15731035497566,253.8191275531099,256.95060341967536,41288000.0
2026-01-29,257.5788879394531,258.94516415300217,253.7193980705993,257.29964922744847,67253000.0
2026-01-30,258.775634765625,261.1890484668085,251.49543285360957,254.47732177254832,92443400.0
2026-02-02,269.2770690917969,269.7557466562268,258.50636737104884,259.3241487899344,73913400.0
2026-02-03,268.7485046386719,271.1419837262723,266.88355520832346,268.4692659190308,64394700.0
2026-02-04,275.7394104003906,278.19275421850585,271.55083028665655,271.55083028665655,90545700.0
2026-02-05,275.1610412597656,278.7412924914769,272.48832346973,277.37501624935936,52977400.0
2026-02-06,277.364990234375,280.1474248180158,276.1782182606431,276.3677049075235,50453400.0
2026-02-09,274.13079833984375,277.70443813431814,271.2160169672847,277.41494619870406,44623400.0
2026-02-10,273.19244384765625,274.87943562430115,272.4537718732244,274.40031021957236,34376900.0
2026-02-11,275.00921630859375,279.6808719096702,273.9610989943363,274.2106536370846,51931300.0
2026-02-12,261.2637939453125,275.22886395053104,259.7165366668213,275.09909064411113,81077200.0
2026-02-13,255.32435607910156,261.7628783299504,254.9949421084194,261.5432690161623,56290700.0
2026-02-17,263.4099426269531,265.8156532326085,255.08478749757862,257.5903108294174,58469100.0
2026-02-18,263.8791198730469,266.3447212846438,261.9825104325609,263.13045584681157,34203300.0
2026-02-19,260.11578369140625,264.00886051677537,259.5867290635135,262.13220471573277,30845300.0
2026-02-20,264.1086730957031,264.2783836675007,257.7001265171608,258.50868117461044,42070500.0
2026-02-23,265.705810546875,268.95002088588865,262.91081074777924,263.0206001676805,37308200.0
2026-02-24,271.6552429199219,274.4003442568012,267.233111068832,267.38283777638213,47014600.0
2026-02-25,273.74151611328125,274.45024283739696,270.567157599074,271.29586819299504,33714300.0
2026-02-26,272.4637756347656,275.61811956353745,270.31758130113775,274.4602128097023,32345100.0
2026-02-27,263.7093811035156,272.3240124520744,262.4217010495403,272.3240124520744,72366500.0
2026-03-02,264.2484130859375,266.05518620599753,259.73647625260065,261.94253069595567,41827900.0
2026-03-03,263.2801818847656,265.08695529305965,259.6666350681776,263.0106738027697,38568900.0
2026-03-04,262.0523376464844,265.67587606267574,260.95432154975975,264.17854815272653,39803100.0
2026-03-05,259.8263244628906,261.09405110124777,256.79173142961054,260.3254337562426,49658600.0
2026-03-06,257.0013427734375,258.3090066542827,253.916851068475,258.16927189629365,41120000.0
2026-03-09,259.41705322265625,260.68477987096253,253.22808575123491,255.2345148744848,38218500.0
2026-03-10,260.3653564453125,262.01244158439727,256.4922936817907,257.19102845716964,30590800.0
2026-03-11,260.3453674316406,261.6630231774062,259.08760235948154,260.62486739620806,26218900.0
2026-03-12,255.30438232421875,258.48871731031414,253.72719511663234,258.1992253881205,40794000.0
2026-03-13,249.6744384765625,255.87336762960538,249.07551643845036,255.024890934378,36930000.0
2026-03-16,252.36964416503906,253.43773019062647,249.4348789230203,251.66090222791988,32074200.0
2026-03-17,253.77711486816406,254.67552076289968,251.7307636559193,252.5093881906664,32361600.0
2026-03-18,249.49476623535156,254.48585937367065,248.55643828829037,252.1799767808244,35757900.0
2026-03-19,248.5165252685547,251.38140795985734,246.85947863088072,248.95572868612365,34864100.0
2026-03-20,247.54823303222656,248.75606899357115,245.56177255944445,247.53824109812177,88331100.0
2026-03-23,251.04200744628906,254.14646797882926,249.83415620831627,253.51758537106093,40546100.0
2026-03-24,251.1917266845703,254.37604644028636,249.10545347620703,249.90403139868116,45152300.0
2026-03-25,252.16998291015625,254.5457480998694,251.15181088451408,253.6473574345128,28476700.0
2026-03-26,252.43951416015625,256.5421934269488,250.32329549316128,251.67088153367666,41796700.0
2026-03-27,248.35679626464844,255.03488128462607,247.6281009352486,253.4477020992108,47900000.0
2026-03-30,246.19065856933594,250.4230956915925,245.07264337813007,249.62453299565456,39446200.0
2026-03-31,253.337890625,255.02488248828539,246.65982101631488,247.46837564153284,49598100.0
2026-04-01,255.17462158203125,255.7236296181179,252.8787157917901,253.62737973002484,40059400.0
2026-04-02,255.464111328125,255.6737439434535,250.20349485503914,253.74717405681358,31289400.0
2026-04-06,258.3988342285156,261.6929736576745,256.003115847535,256.053045051996,29329900.0
2026-04-07,253.0484161376953,255.7436185540334,245.2623079794448,255.70368128016966,62148000.0
2026-04-08,258.43878173828125,259.2872736156141,256.0730086009651,257.98960165960847,41032800.0
2026-04-09,260.02593994140625,260.65482250105316,255.6138310165902,258.5386040524215,28121600.0
2026-04-10,260.0159912109375,261.7229364827484,258.5585701252562,259.5168819122501,31291500.0
2026-04-13,258.73828125,259.71651601158027,256.2027973984465,259.2673359057164,36234700.0
2026-04-14,258.368896484375,261.4633801130582,256.73183388682423,258.78816168339415,48370700.0
2026-04-15,265.95538330078125,266.08515659729386,257.35074355126085,257.7001261657452,49913500.0
2026-04-16,262.9307556152344,266.6840670491935,260.804545264895,266.3246925362851,43323100.0
2026-04-17,269.7486267089844,271.8149160854778,266.24486962975914,266.4844323486072,61436200.0
2026-04-20,272.5635681152344,273.7913879220191,269.80850557942483,269.84841238867654,36590200.0
2026-04-21,265.69586181640625,272.3140256362382,264.9272139873882,271.0163536236942,50209800.0
2026-04-22,272.68341064453125,273.2523721409737,266.39461467279705,267.3429346055621,43249200.0
2026-04-23,272.9429016113281,275.2787294551341,271.1660737405759,274.56001085217736,33399600.0
2026-04-24,270.5771179199219,272.5735550213531,269.16962610782736,272.2741016414235,38157100.0
2026-04-27,267.1332702636719,267.88193422863776,264.59781690250213,265.6159889280984,41466800.0
2026-04-28,270.2277526855469,272.7432830913257,268.181416710472,271.8548539018017,40018900.0
2026-04-29,269.688720703125,270.55716597281076,266.56429174844374,267.07336249706583,30047900.0
2026-04-30,270.86663818359375,275.50834883767226,267.6623648300734,270.018146234023,91848200.0
2026-05-01,279.6409606933594,286.7083346607987,277.87409435408995,278.36321169794013,79915400.0
2026-05-04,276.33685302734375,280.13010214166496,274.3703610857382,279.16182884121525,46668400.0
2026-05-05,283.67376708984375,284.0630869835518,276.00745521106614,276.43668191704,49311700.0
2026-05-06,286.9978332519531,287.5168959460148,280.5693031693742,281.4177950537395,58336100.0
2026-05-07,286.9279479980469,291.60959552514373,285.2709015174152,288.75467457606095,45224300.0
2026-05-08,292.7974853515625,294.2349225642168,289.48339230776435,289.49338424193445,52692800.0
2026-05-11,292.42779541015625,293.6267735875138,289.979924827367,291.72841688276577,42247300.0
2026-05-12,294.54595947265625,295.0155556946294,292.3078994315659,292.3078994315659,45748100.0
2026-05-13,298.6124572753906,300.6607090744109,293.24708951115105,293.24708951115105,52684300.0
2026-05-14,297.9530334472656,300.1911240450107,295.12548538387824,299.5616620172475,35324900.0
2026-05-15,299.9713134765625,302.93875555297063,296.26448829773227,297.643304079477,54862800.0
2026-05-18,297.5833435058594,300.4009207908792,294.6558756451712,299.98126929450746,34483000.0
2026-05-19,298.7123718261719,300.2510533099592,296.09463441963413,296.7140952726279,42243600.0
2026-05-20,301.98956298828125,302.5390768782648,297.82314269813475,297.9230626302997,38229800.0
2026-05-21,304.7271728515625,305.27671719779084,300.1411318265125,300.80056674721834,42965100.0
2026-05-22,308.55389404296875,311.13165741506583,305.57645096183757,305.85620846339293,43670200.0
2026-05-26,308.0643005371094,311.5513139598484,307.4048960873393,309.29325163060713,48000500.0
2026-05-27,310.5821533203125,312.9900803339556,308.0343323058515,308.0643052358437,50430900.0
2026-05-28,312.24072265625,312.5304508120942,309.30325358892543,310.412282475935,48220400.0
2026-05-29,311.7911071777344,314.7285763294451,309.2632884033746,311.5113496628706,70026800.0
2026-06-01,306.0460510253906,310.67206624496237,304.7571540774977,309.363197507879,48849900.0
2026-06-02,314.92840576171875,315.1781903378333,306.42572903356995,307.1950545511415,44534700.0
2026-06-03,309.9926452636719,316.6668815001487,308.5838566628498,313.9092501546009,50836700.0
2026-06-04,310.9618225097656,313.26982953176514,309.38316692864953,312.96009909963743,44869100.0
2026-06-05,307.0751647949219,314.8984348439246,306.8853260765596,312.5903972939029,65310500.0
2026-06-08,301.2801818847656,317.1265012321255,300.9105055796523,308.4739595974908,77949100.0
2026-06-09,290.29962158203125,300.4908444635933,287.5320194610898,300.0212482417878,70108800.0
2026-06-10,291.3287353515625,294.4960172141002,287.1323727394638,290.4894628291428,52793300.0
2026-06-11,295.375244140625,296.7440586571729,289.3404406054596,293.4668864344149,42572500.0
2026-06-12,290.879150390625,296.88398158337014,289.3704417369658,295.7749221682621,38742100.0
2026-06-15,296.1645812988281,297.5233947188816,291.4486474146935,293.8665449684006,45732600.0
2026-06-16,298.9821472167969,300.2210994929347,293.71669913987887,294.99559499590845,39874400.0
2026-06-17,295.6949768066406,301.8096980081642,294.10632015937927,300.59074812548096,42745100.0
2026-06-18,297.7532043457031,300.31099586682666,295.3652492546472,297.8530937792582,85962200.0
2026-06-22,296.75408935546875,302.1594314563154,296.5043047694293,297.05381866220307,44879900.0
2026-06-23,294.04638671875,301.3800886038737,293.9264950024863,297.2836155142734,52010900.0
2026-06-24,292.8274230957031,299.4417438827621,292.68755959702736,295.1054570720635,53081900.0
2026-06-25,274.91290283203125,288.55113481081804,273.5141152813601,287.1523472601469,107013700.0
2026-06-26,283.53546142578125,285.70360492137456,273.9737007161028,274.7630284991681,261775500.0
2026-06-29,281.4972229003906,288.12151489662153,279.6088673150861,286.4829438934296,66427000.0
2026-06-30,289.11065673828125,289.69017405322865,280.45814550695326,280.9277417485351,65100200.0
2026-07-01,294.1263427734375,296.33442991747245,288.95081360688545,293.1871503157195,50164200.0
2026-07-02,308.3640441894531,309.15337194761725,293.4269150966668,293.866538367699,75352800.0
2026-07-06,312.3905944824219,313.9292760509671,306.7354678654279,307.0951430290638,53590000.0
2026-07-07,310.3923034667969,315.20815732134815,309.88273318392555,315.0183186077797,42490000.0
2026-07-08,313.1199645996094,314.5487250421545,306.7854009831778,311.6412289475945,41323500.0
2026-07-09,315.947509765625,316.2572401947346,307.8944576262147,310.24243869469103,48124500.0
2026-07-10,315.0483093261719,316.6369356310425,311.9010296470402,314.4488202226986,34132300.0
2026-07-13,317.03656005859375,323.171283634363,315.5078797345754,316.7468014245228,43257800.0
2026-07-14,314.58868408203125,315.91755515351207,311.64124426456783,313.48965629761443,36336800.0
2026-07-15,327.2178039550781,328.44675508114506,317.0465830462295,317.34631234952286,60957600.0
2026-07-16,332.97283935546875,334.3915986652446,326.50841333986017,327.72736328456057,62970600.0
2026-07-17,333.452392578125,334.7013154010385,328.71648699084636,331.693929977533,63407100.0
2026-07-20,326.3085632324219,333.4224228207836,323.4010672140761,333.2226134619852,53468000.0
2026-07-21,327.45758056640625,329.3159936819017,321.94234806189104,322.85156758462244,41338900.0
2026-07-22,325.60919189453125,328.7164973399543,323.0613709608057,327.58746619388995,38755900.0
2026-07-23,321.3828430175781,323.0214140443725,319.0748358849152,321.4527900194849,40840800.0
2026-07-24,332.7330322265625,334.0818750563203,321.3428614810286,321.5127284115298,47489400.0
2026-07-27,336.61968994140625,339.277401491225,333.73216560461384,334.2517370375488,49604300.0
2026-07-28,339.78692626953125,342.59453283396704,335.31080637618777,339.73698155301014,51859000.0
2026-07-29,337.8985900878906,344.2730974331505,337.0593175600121,339.43727163464206,56090800.0
2026-07-30,333.1426696777344,334.4615395264105,329.30598233808786,332.8129674612056,74817800.0
2026-07-31,308.6438293457031,310.4222943774597,299.7415030462749,304.54735603914753,132489100.0
2026-08-03,303.1585693359375,311.5313230344714,302.29929450581176,309.313234694189,75052000.0
2026-08-04,309.1134033203125,310.1525156602479,301.0603512911937,302.46913991298527,68001000.0
2026-08-05,310.7320251464844,311.4414048335362,305.40663118634393,309.09342362565195,49438800.0
2026-08-06,312.14080810546875,316.0174696892129,308.96355554648414,314.06913775686996,46139900.0
2026-08-07,313.05999755859375,314.53873325457766,310.47223295908327,311.1816431226555,34437200.0
2026-08-10,308.260009765625,308.260009765625,304.6099853515625,306.8299865722656,44812500.0
2026-08-11,304.9100036621094,309.9700012207031,302.7900085449219,307.75,37476700.0
2026-08-12,302.25,305.6600036621094,300.57000732421875,305.1000061035156,41657800.0
2026-08-13,305.260009765625,306.0,302.04998779296875,304.2099914550781,40349300.0
2026-08-14,305.92999267578125,307.489990234375,304.29998779296875,306.0,28229400.0
2026-08-17,305.5899963378906,307.6600036621094,302.94000244140625,306.2099914550781,38169300.0
2026-08-18,310.0299987792969,311.489990234375,305.739990234375,307.5799865722656,53424500.0
2026-08-19,316.8299865722656,319.2799987792969,309.6000061035156,310.1400146484375,50505600.0
2026-08-20,311.29998779296875,320.2799987792969,310.6499938964844,317.4599914550781,40959200.0
2026-08-21,309.3500061035156,312.3800048828125,307.010009765625,312.04998779296875,46876800.0
2026-08-24,310.3399963378906,313.3599853515625,309.9700012207031,311.4700012207031,34673600.0
2026-08-25,309.8999938964844,313.5899963378906,308.2099914550781,310.7900085449219,25869800.0
2026-08-26,313.45001220703125,315.42999267578125,308.79998779296875,310.29998779296875,34024500.0
2026-08-27,314.5799865722656,315.3999938964844,309.40008544921875,310.5450134277344,32248789.0
