Date,Close,High,Low,Open,Volume
2021-08-20,144.54025268554688,144.84261535990314,143.16497579607238,143.80872432514332,60549600
2021-08-23,146.02284240722656,146.49101645929602,144.24765951519495,144.65731367112883,60131800
2021-08-24,145.93502807617188,147.14449367144724,145.4766024407117,145.7692167650667,48606400
2021-08-25,144.70606994628906,146.61780402195117,144.15986446266652,146.12035519130814,58991300
2021-08-26,143.90625,145.44733817166107,143.87699005673284,144.6963131171606,48597200
2021-08-27,144.9401397705078,145.08643947056316,143.21372889495123,143.847714105832,55802400
2021-08-30,149.3488311767578,149.70972863585897,144.94991248756867,145.33030665463397,90956700
2021-08-31,148.09060668945312,149.03671791602926,147.5638979226051,148.90016654739884,86453100
2021-09-01,148.75384521484375,151.1630130890743,148.58803390921838,149.06597111930256,80313700
2021-09-02,149.8657684326172,150.90942268736845,148.64655451799135,150.08035127222993,71115500
2021-09-03,150.49978637695312,150.8216606743961,149.3195806196622,149.9730775691431,57808700
2021-09-07,152.83087158203125,153.38682526635796,150.5875154931645,151.1532324117816,82278300
2021-09-08,151.28982543945312,153.1722846868866,150.1876512353804,153.11376479693286,74420200
2021-09-09,150.27542114257812,152.26517148741016,150.15836649901337,151.66044621375175,57305700
2021-09-10,145.3010711669922,151.65073329616885,145.03771673531628,151.18255921551165,140893200
2021-09-13,145.8667755126953,147.69071501388157,145.08647552487224,146.92017826380882,102404300
2021-09-14,144.47198486328125,147.34934195867896,143.29179398463287,146.6470734676716,109296300
2021-09-15,145.35960388183594,145.7595097424176,142.76511229077673,144.90117811638612,83281300
2021-09-16,145.12545776367188,145.301032298818,143.59413289330473,144.78408681235823,68034100
2021-09-17,142.4627227783203,145.15475696069768,142.17010842593353,145.15475696069768,129868800
2021-09-20,139.41957092285156,141.27277037212733,137.79070269716544,140.2583908056045,123478900
2021-09-21,139.89747619628906,141.03867353306788,139.2634909051742,140.38516176883357,75834000
2021-09-22,142.2578887939453,142.82359096635926,140.16083188261564,140.89236024826914,76404300
2021-09-23,143.2137451171875,143.457587900221,142.0530510886709,143.03817057425258,64838200
2021-09-24,143.301513671875,143.8379707289355,141.97500844122595,142.0725514999574,53477900
2021-09-27,141.78970336914062,142.36518367517027,140.2778899497781,141.8872464401241,74150700
2021-09-28,138.41490173339844,141.18495179250712,138.20031892345534,139.72189529724798,108972300
2021-09-29,139.31222534179688,140.89232141352545,138.53192565691387,138.96109122774845,74602000
2021-09-30,138.0150146484375,140.82408826037346,137.80043180958225,140.12181985738948,89056700
2021-10-01,139.1366729736328,139.40002732180153,135.68386603878685,138.40514469326044,94639600
2021-10-04,135.71311950683594,138.70751560218017,134.8645515046284,138.26858674850567,98322000
2021-10-05,137.6345977783203,138.73677173382114,135.92769858570284,136.0545015739937,80861100
2021-10-06,138.5027313232422,138.64903107214994,134.962128569818,136.0350430050937,83221100
2021-10-07,139.7609100341797,140.66801284222436,139.2049562794912,139.53657886179528,61732700
2021-10-08,139.3804931640625,140.62896670309593,139.04887063590832,140.48266702390393,58773200
2021-10-11,139.29273986816406,141.24348200456123,138.31736879996546,138.76604603984862,64452200
2021-10-12,138.02474975585938,139.72190071402855,137.56632417893402,139.70238912610083,73035900
2021-10-13,137.43955993652344,137.9174823014052,135.77166862906188,137.76143421982243,78762700
2021-10-14,140.21939086914062,140.33644556071278,138.02480516024534,138.6100339691455,69907100
2021-10-15,141.27276611328125,141.33128600610704,139.97552058470157,140.2291266309253,67940300
2021-10-18,142.94061279296875,143.22346381420707,139.63410593501254,139.91695695625089,85589200
2021-10-19,145.09619140625,145.4960971069184,142.94062972963636,143.38929207620686,76378900
2021-10-20,145.58389282226562,146.0618300447265,144.47197030405582,145.03768735830047,58418800
2021-10-21,145.79847717285156,145.95454013073487,144.2281290062348,145.14498028007083,61421000
2021-10-22,145.02793884277344,146.481232332848,144.97916730862042,146.0033099939033,58883400
2021-10-25,144.97918701171875,145.69120388157359,143.98430413512364,145.0181953145529,50720600
2021-10-26,145.6424560546875,147.12500978003416,145.34007843670338,145.65220441024096,60893400
2021-10-27,145.18399047851562,146.04230690415662,144.83285629616836,145.68142436893194,56094900
2021-10-28,148.81240844726562,149.39762230558532,146.03259425054543,146.13013733509126,100077900
2021-10-29,146.11061096191406,146.24716233667445,142.8041031388741,143.59415144162946,124953200
2021-11-01,145.2913055419922,146.01307072992742,144.1598713388164,145.3205654883688,74588300
2021-11-02,146.3251953125,147.8370236875447,144.98892661408803,144.99868985144568,69122000
2021-11-03,147.75897216796875,148.22714612515688,146.1301042293714,146.68605801297326,54511500
2021-11-04,147.24203491210938,148.6758168059769,146.92990900121129,147.84676026074618,60394600
2021-11-05,147.76951599121094,148.6681654176707,146.57782514412813,148.36536141475236,65463900
2021-11-08,146.94895935058594,148.0527418478978,146.67545809713351,147.8964511588677,55020900
2021-11-09,147.31039428710938,147.91600218212633,146.57779832196186,146.71454897260128,56787900
2021-11-10,144.4874725341797,146.64619541359409,144.41910465453822,146.53874739869644,65187100
2021-11-11,144.43861389160156,145.96241109507744,144.25302053135974,145.50333134171993,41000000
2021-11-12,146.5094451904297,146.9099196974308,144.0576809080353,144.9856329096499,63804000
2021-11-15,146.5192108154297,148.35558969382197,145.96243066007273,146.88062009926887,59222800
2021-11-16,147.4960174560547,147.97465228236786,145.87453448172622,146.46061733416252,59256200
2021-11-17,149.92823791503906,151.40319268452978,147.48625093625634,147.4960135184774,88807000
2021-11-18,154.20654296875,154.9879815498081,149.49840122848465,150.14308917571017,137827700
2021-11-19,156.82440185546875,157.2834965855034,152.897682743032,153.99168810581827,117305600
2021-11-22,157.28346252441406,161.85485386154411,157.26392246010866,157.92813559947206,117467900
2021-11-23,157.66441345214844,158.0453627342285,155.36894027506222,157.3811346832133,96041900
2021-11-24,158.18212890625,158.3774848564214,155.9354982175197,157.01974088138022,69463600
2021-11-26,153.17115783691406,156.72668956141257,152.73160325073675,155.86712045424656,76959800
2021-11-29,156.52157592773438,157.44952783966656,155.10521179906075,155.67175446958956,88748200
2021-11-30,161.4641571044922,161.67905311784355,156.20899716750552,156.27737994661885,174048100
2021-12-01,160.94647216796875,166.34814584365344,160.71203606659066,163.5935775451036,152052500
2021-12-02,159.9598846435547,160.38967666927002,154.13819694441963,155.0563862894109,136739200
2021-12-03,158.0843963623047,161.1320049145233,156.01359707921574,160.21381582720676,118023100
2021-12-06,161.48370361328125,163.98429560873123,160.4678287996897,160.47759138079394,107497000
2021-12-07,167.20767211914062,167.59839885439817,164.43357936996645,165.15641265166715,120405400
2021-12-08,171.01718139648438,171.87676531869016,166.73881675330688,168.13564062689133,116998900
2021-12-09,170.50924682617188,172.64842918211983,169.88409893762693,170.85113086564078,108923700
2021-12-10,175.2858123779297,175.46164318083981,170.63627480069655,171.1442122366866,115402700
2021-12-13,171.66188049316406,177.90359710458122,171.4567470785072,176.9170250648393,153237000
2021-12-14,170.2845916748047,173.61546458889217,168.21379204713816,171.18324085105056,139380400
2021-12-15,175.13929748535156,175.33465344975855,168.31149697974806,171.04652519555987,131063300
2021-12-16,168.2626495361328,176.93659123544322,166.78769490587976,175.11975249855263,150185800
2021-12-17,167.16864013671875,169.44457351876034,165.75229083845704,165.98671202152144,195432700
2021-12-20,165.81085205078125,166.62159320430635,163.57399939708904,164.37496306745004,107499100
2021-12-21,168.97572326660156,169.18084181030284,165.1955175809284,167.57889907243998,91185900
2021-12-22,171.564208984375,171.77910499631244,168.15519034473417,169.02453697313442,92135300
2021-12-23,172.1893768310547,172.7461569911751,171.2028195021509,171.76936224404878,68356600
2021-12-27,176.14540100097656,176.233308952318,172.9610554465104,172.98058061033834,74919600
2021-12-28,175.12950134277344,177.12217071968058,174.38714279522745,175.9793227997058,79144300
2021-12-29,175.2174072265625,176.43840038673264,174.0061766459811,175.16856451921535,62348900
2021-12-30,174.06480407714844,176.3798175385403,173.95735606919604,175.30533745901636,59773000
2021-12-31,173.44944763183594,175.07091555859822,173.14662874511,173.9573701608435,64062300
2022-01-03,177.78636169433594,178.63618304508262,173.58615726537937,173.70336783595081,104487900
2022-01-04,175.5299835205078,178.69480333397306,174.96344087400894,178.39199939810527,99310400
2022-01-05,170.86094665527344,175.98911941613642,170.58744530040389,175.44211670639731,94537600
2022-01-06,168.00869750976562,171.23212317548703,167.65705080251047,168.69245085589924,96904000
2022-01-07,168.17477416992188,170.09906129270573,167.06122859318413,168.8780676820412,86709100
2022-01-10,168.1942596435547,168.4970635759533,164.26754129298973,165.15642793014217,106765600
2022-01-11,171.01718139648438,171.11485190283432,166.8560422275084,168.32123396506768,76138300
2022-01-12,171.456787109375,173.06849253983535,170.76327115991117,172.03309245435602,74805200
2022-01-13,168.1942596435547,172.52145244084235,167.80353287215138,171.70094857794888,84505800
2022-01-14,169.0538787841797,169.7473947274692,167.11981439919933,167.36401309283474,80440800
2022-01-18,165.85975646972656,168.5361646254104,165.4788071020713,167.53006719532837,90956700
2022-01-19,162.37258911132812,167.11004966883394,162.08932518842298,166.0551095373263,94815000
2022-01-20,160.69247436523438,165.74250066133902,160.3701303584997,163.10515822088573,91420500
2022-01-21,158.6412353515625,162.4702688967568,158.53378733529433,160.60458738914824,122848900
2022-01-24,157.86953735351562,158.53376542721094,151.11012055841888,156.30667494751387,162294600
2022-01-25,156.0722198486328,158.98306320756222,153.37627246633923,155.2907812885663,115798400
2022-01-26,155.9843292236328,160.575260779249,154.15772812433738,159.70591419723806,108275300
2022-01-27,155.52520751953125,160.037992934875,154.60701838721283,158.68024929795948,121954600
2022-01-28,166.37742614746094,166.39696621279427,159.02216399560837,161.86463986114418,179935700
2022-01-31,170.7241668701172,170.93906288440527,165.576454917367,166.21138037947398,115541600
2022-02-01,170.55813598632812,170.7827946109015,168.3115050264779,169.9720531603827,86213900
2022-02-02,171.75958251953125,171.79866265554188,169.30783310188434,170.69487983616585,84914300
2022-02-03,168.88778686523438,172.15029228212393,168.12588824034546,170.43112418107953,89418100
2022-02-04,168.60415649414062,170.27660988825676,166.93170310002452,167.90974218054592,82465400
2022-02-07,167.89022827148438,170.12993168140494,167.19581380846196,169.06387243592252,77251200
2022-02-08,170.9906005859375,171.499185164809,167.66525824555538,167.9586729996618,74829200
2022-02-09,172.4087371826172,172.77060688626915,171.05903840340724,172.18379236064646,71285000
2022-02-10,168.34010314941406,171.6263154743887,167.78262856301606,170.31574652168356,90865900
2022-02-11,164.9365234375,169.27901969811438,164.34969397169522,168.545490327705,98670700
2022-02-14,165.1712646484375,165.8558891027738,162.9022065441299,163.69441590726865,86185500
2022-02-15,168.9954071044922,169.15189697697923,166.5111938044669,167.21538330696293,62527400
2022-02-16,168.7606658935547,169.5333102903167,166.31556790878483,168.07604144255788,61177400
2022-02-17,165.1712646484375,168.1347222265384,164.7702649952927,167.27404295611913,69589300
2022-02-18,163.62596130371094,166.79479876362558,162.54033719370844,166.0906242687398,82772700
2022-02-22,160.7113800048828,163.02932772220805,158.58902218443671,161.35687442039574,91162800
2022-02-23,156.5547637939453,162.50122982841887,156.24178404281724,161.904625236065,90009200
2022-02-24,159.16610717773438,159.27369208830245,148.66196063900136,149.22922517438823,141147500
2022-02-25,161.229736328125,161.49379611504713,157.33713033388693,160.2419073795577,91974200
2022-02-28,161.49380493164062,161.78721963459702,158.86287747049465,159.47904685433394,95056600
2022-03-01,159.61599731445312,162.9413396082361,158.4130132555384,161.08305614073245,83474400
2022-03-02,162.90219116210938,163.6846254319098,159.37146939131958,160.7798480922219,79724800
2022-03-03,162.57945251464844,165.20060533866413,161.91439302006907,164.77026570160976,76678400
2022-03-04,159.5866241455078,161.9143617747294,158.54013016070306,160.87764280753723,83737200
2022-03-07,155.80165100097656,161.39603654297554,155.5473512521712,159.7724878532729,96418800
2022-03-08,153.98248291015625,159.30301816152476,152.37849933499598,155.33218168421902,131148300
2022-03-09,159.37147521972656,159.8213797915154,155.90922322313332,157.9337564869507,91454900
2022-03-10,155.03878784179688,156.86771648439594,152.5545597614365,156.68188663700346,105342000
2022-03-11,151.33200073242188,155.78208206231224,151.10705589580672,155.4397623739769,96970100
2022-03-14,147.31227111816406,150.7354085874783,146.80370143921206,148.12404550887342,108732100
2022-03-15,151.68408203125,152.1535515492418,147.0775261791108,147.58609577139651,92964300
2022-03-16,156.0852813720703,156.48628104894496,151.06795013405093,153.60106822684398,102300200
2022-03-17,157.0926513671875,157.46431103838808,154.16832371335292,155.12679794973494,75615400
2022-03-18,160.37887573242188,160.8678953686917,156.25154880840884,156.9850782628136,123511700
2022-03-21,161.7481689453125,162.69686840529027,159.43020530171944,159.91922502650397,95811400
2022-03-22,165.112548828125,165.69936326568208,161.28841281006214,161.8752272476192,81532000
2022-03-23,166.47206115722656,168.8486892835288,163.9682682338466,164.3008129085659,98062700
2022-03-24,170.2472686767578,170.31572365157868,166.47203725633872,167.30336151454603,90131400
2022-03-25,170.88299560546875,171.43069512284325,168.95625735233114,170.061446329407,80546200
2022-03-28,171.74366760253906,171.87080253422522,168.22272096176943,168.38898581373743,90371900
2022-03-29,175.0299072265625,175.07879724912362,172.46743429498167,172.80975399507543,100589400
2022-03-30,173.86605834960938,175.66564716075908,172.81954908822692,174.62892784398144,92633200
2022-03-31,170.7754669189453,174.1203600070961,170.57007207047488,173.93453012602706,103049300
2022-04-01,170.48199462890625,171.0394840841696,168.16404671715162,170.20814487239906,78751300
2022-04-04,174.5212860107422,174.57019094673097,170.60912991069844,170.73627975953104,76468400
2022-04-05,171.21551513671875,174.38436705774205,170.589570736433,173.6019328264619,73401800
2022-04-06,168.05650329589844,169.8169771105806,166.39383938569154,168.57486295748595,89058800
2022-04-07,168.35963439941406,169.55284318419794,166.11993163539967,167.40116034930097,77594700
2022-04-08,166.35464477539062,168.00753302198206,165.48419068930104,168.00753302198206,76575500
2022-04-11,162.10997009277344,165.31793693449984,161.8654603339608,165.00497220353915,72246700
2022-04-12,163.97805786132812,166.13951616252308,162.98045368647982,164.3301525745867,79265200
2022-04-13,166.6578369140625,167.2837812669122,163.10756555004033,163.71394494457553,70618900
2022-04-14,161.6600799560547,167.5087646523774,161.41557017548345,166.8730302686766,75329400
2022-04-18,161.44493103027344,162.94132974863555,159.977872292766,160.32017704396847,69023900
2022-04-19,163.7237548828125,164.1345444765827,160.31040765157212,161.39603175237912,67723800
2022-04-20,163.55747985839844,165.17125338034182,162.45230578739907,165.05387853639598,67929800
2022-04-21,162.7652587890625,167.7630389892028,162.26646424033356,165.200581424204,87227800
2022-04-22,158.23695373535156,164.18343379206294,157.95332893712188,162.80440987833427,84882400
2022-04-25,159.302978515625,159.5866032261211,154.98004843066343,157.58162052522974,96046400
2022-04-26,153.3565673828125,158.77489861463468,153.27832244686797,158.68687865808295,95623200
2022-04-27,153.131591796875,156.28086402556207,151.96772285920957,152.48608239761126,88063200
2022-04-28,160.04629516601562,160.90697422827097,155.43972508795935,155.75270471921226,130216800
2022-04-29,154.18785095214844,162.55008785176082,153.7966412998766,158.28583697775457,131747600
2022-05-02,154.4910430908203,154.7551028690703,149.90403790928826,153.268494371806,123055300
2022-05-03,155.9776611328125,157.18065989099466,152.88706912402677,154.67686742533908,88966500
2022-05-04,162.3740692138672,162.82395888042848,155.76251479077115,156.1635144371754,108256500
2022-05-05,153.32717895507812,160.47664169209344,151.54714080304078,160.25169689963175,130525300
2022-05-06,154.05201721191406,156.16768941381943,151.01563498071906,152.80807823964273,116124600
2022-05-09,148.93911743164062,152.63174611813972,148.38082388612466,151.7502087551316,131577900
2022-05-10,151.33885192871094,153.52309446613708,149.79127784510368,152.328132388233,115366700
2022-05-11,143.4932403564453,152.25954795565056,142.81739949520818,150.34957266016625,142689800
2022-05-12,139.63409423828125,143.19938623116693,135.95126990961808,139.83979077150929,182602000
2022-05-13,144.09075927734375,145.06044619602298,140.1728540722722,141.62247481337442,113990900
2022-05-16,142.5529327392578,144.49230601105745,141.22084476017127,142.56273706460962,86643800
2022-05-17,146.177001953125,146.6961230315545,143.66953086740642,145.80479629477273,78336300
2022-05-18,137.92984008789062,144.33560760113403,137.0287088681347,143.83608013972986,109742900
2022-05-19,134.5310821533203,138.7526228149115,133.79647489353653,137.0091561140078,136095600
2022-05-20,134.76609802246094,137.8122689524701,129.88831177177445,136.2353120090451,137426100
2022-05-23,140.17283630371094,140.31975175202894,134.82488980062982,134.96201586760006,117726300
2022-05-24,137.47927856445312,139.05623582746938,134.51146690573626,137.92003986063096,104132700
2022-05-25,137.63595581054688,138.8798794260536,135.5006906054065,135.58883984827878,92482700
2022-05-26,140.8291015625,141.37760590054086,134.32537951243148,134.5702485880299,90601500
2022-05-27,146.56883239746094,146.6080048732437,142.27872143657157,142.4060581377044,90978500
2022-05-31,145.7852020263672,147.5678554930359,143.8262500562877,146.01049226377089,103718400
2022-06-01,145.6578826904297,148.62569377792533,144.64900865939228,146.823446577346,74286600
2022-06-02,148.10658264160156,148.16534881431244,143.84585577263883,144.7959487531145,72348100
2022-06-03,142.396240234375,144.93307974702813,141.49512401563555,143.88503314588232,88570300
2022-06-06,143.14064025878906,145.52077501341512,141.92608448379778,144.01237341190438,71598400
2022-06-07,145.6578826904297,145.94192415465892,141.1424977278199,141.38736672807937,67808200
2022-06-08,144.9232940673828,146.79408210793065,144.4335560047601,145.5305644824367,53950200
2022-06-09,139.7124786376953,144.91349464755012,139.60473566244548,144.06135517233236,69473000
2022-06-10,134.3155517578125,137.8710395567264,134.24698126233585,137.40089525066517,91437900
2022-06-13,129.17330932617188,132.4251621177248,128.74233746263164,130.1429810735186,122207100
2022-06-14,130.0352325439453,131.14204524198857,128.7815044194442,130.39764883857168,84784300
2022-06-15,132.65045166015625,134.52125474775525,129.4475753177957,131.5338494146611,91533000
2022-06-16,127.39068603515625,129.67286762283086,126.39161601772796,129.36923235910814,108123900
2022-06-17,128.85989379882812,130.34870189215334,127.14581035148301,127.40048374314352,134520300
2022-06-21,133.08145141601562,134.24703070343926,130.58379859510612,130.68173726606173,81000500
2022-06-22,132.57211303710938,134.93263938077834,131.16166488175563,132.0235937967665,73409200
2022-06-23,135.4321746826172,135.74559928638683,132.84635818263115,134.0119372202921,72433800
2022-06-24,138.75257873535156,138.99744774415504,136.901369626622,137.02869134817942,89116800
2022-06-27,138.75257873535156,140.5450216732672,138.07673787975503,139.77122723590202,70207900
2022-06-28,134.61920166015625,140.47646473111445,134.50166930718802,139.21294709984699,67083400
2022-06-29,136.37246704101562,137.7829151592785,133.8650103621575,134.63880492913648,66242400
2022-06-30,133.9140167236328,135.53014683096814,131.02456428701487,134.43313802820109,98964500
2022-07-01,136.07862854003906,136.1863715256026,132.87575195629162,133.24794276909347,71051600
2022-07-05,138.6546173095703,138.70359409768392,134.1196387404863,134.94240992218974,73353800
2022-07-06,139.98672485351562,141.16209320483665,138.18449238511542,138.44895512148898,74064300
2022-07-07,143.3463134765625,143.5422056804672,140.33931508968487,140.3491044689141,66253700
2022-07-08,144.0221710205078,144.5217134378149,142.02404618814074,142.27870461467543,64547800
2022-07-11,141.89666748046875,143.63034399150357,140.82904234672395,142.6802511820269,63141600
2022-07-12,142.8663787841797,145.40321819395862,142.07300556646354,142.768425199881,77588800
2022-07-13,142.50401306152344,143.4443019452147,139.20316774910646,140.05532229787818,71185600
2022-07-14,145.42283630371094,145.89298070687983,140.30996921418316,141.1229362743088,78140700
2022-07-15,147.08792114257812,147.7637620290884,145.15835206929646,146.70592606919652,76259900
2022-07-18,144.05154418945312,148.4591862413332,143.6891279021673,147.64621935829007,81420900
2022-07-19,147.90090942382812,148.1261847699647,143.89485526545627,144.88412086859606,82982400
2022-07-20,149.89901733398438,150.56506886066487,147.2838179131366,148.01842499581136,64823400
2022-07-21,152.16168212890625,152.3771681572125,148.82166363578466,151.32912111539338,65086600
2022-07-22,150.92752075195312,153.07257654257938,150.2614839479798,152.20084311054111,66675400
2022-07-25,149.8108673095703,151.85796878260385,149.15462011252404,150.84910958984113,53623900
2022-07-26,148.48858642578125,149.94799628582763,147.70500253719806,149.13502930916428,55138700
2022-07-27,153.5720672607422,154.10099277980115,149.0371026048061,149.4484808165071,78620700
2022-07-28,154.12060546875,154.40464702646852,151.2409426865888,153.75818906606037,81378700
2022-07-29,159.1746368408203,160.27166010634335,156.2264195082653,157.93071310150503,101786900
2022-08-01,158.1951904296875,160.2325026515257,157.58791998844677,157.7054523459462,67829400
2022-08-02,156.72596740722656,159.07671904499605,156.35377664743476,156.81413161603723,59907000
2022-08-03,162.72036743164062,163.1709180629882,157.45078129075776,157.53893055181024,82507500
2022-08-04,162.40696716308594,163.7586492750685,161.05528505110334,162.60285943908943,55474100
2022-08-05,162.1813507080078,162.67176904705062,159.87637852795464,160.0823608155598,56697000
2022-08-08,161.7105712890625,164.5942341050474,161.05341237675853,163.18182660608474,60276900
2022-08-09,161.75958251953125,162.6423445061743,160.1215870695177,160.8768354992681,63135500
2022-08-10,165.99679565429688,166.0948703368816,163.70162657940335,164.46667794890814,70170500
2022-08-11,165.2611541748047,167.713245527213,164.96690021924013,166.80105976160058,57149200
2022-08-12,168.80198669433594,168.87063747457046,166.1537158722437,166.5656804191666,68039400
2022-08-15,169.87110900878906,170.06727335382837,168.0663730882192,168.2331135298216,54091700
2022-08-16,169.71417236328125,170.38114909928223,168.3704308785935,169.46896318920653,56377100
2022-08-17,171.20506286621094,172.77439273368478,169.26301023326062,169.45917459589717,79542000
2022-08-18,170.81271362304688,171.54834118381174,169.8024529702403,170.4203849105247,62290100
2022-08-19,168.2331085205078,170.41056710828244,168.02712623620275,169.71416649279175,70346300
2022-08-22,164.3588104248047,166.6049198473659,163.9370428679026,166.43817940694694,69026800
2022-08-23,164.02529907226562,165.4769480040651,163.4564120530002,163.87817957003261,54147100
2022-08-24,164.31954956054688,164.88843656775538,163.0640799468379,164.1135822617859,53841500
2022-08-25,166.7716827392578,166.8795753877456,165.12388407113372,165.54563671843377,51218200
2022-08-26,160.48448181152344,167.7721056277997,160.42563400937078,167.3013082441995,78961000
2022-08-29,158.28741455078125,159.77827539995786,156.7573118566176,158.06181135805244,73314000
2022-08-30,155.86477661132812,159.4448248788866,154.69757844618866,159.02307224651202,77906200
2022-08-31,154.20712280273438,157.5027341926007,154.12865408316875,157.23790413486398,87991100
2022-09-01,154.93301391601562,155.38419053972876,151.70605191292117,153.63830193551485,74229900
2022-09-02,152.82415771484375,157.286967514474,152.00025851175562,156.6886565527691,76957800
2022-09-06,151.56871032714844,154.07965015411935,150.74481100262022,153.47153612406976,73714800
2022-09-07,152.97128295898438,153.6676685648947,150.66631095885003,151.85312983190147,87449600
2022-09-08,151.50001525878906,153.36359865770876,149.75411248649127,151.67655864828822,84923800
2022-09-09,154.35426330566406,154.79565178409123,151.78447599724632,152.49067960307377,68028800
2022-09-12,160.29815673828125,161.1122531071859,156.24731078742482,156.5317468843277,104956000
2022-09-13,150.89193725585938,157.4635411507797,150.430942739526,156.83580616608484,122656600
2022-09-14,152.333740234375,154.08944624806267,150.66632089509483,151.82370097735972,87965400
2022-09-15,149.45005798339844,152.26506901475514,148.47903939265456,151.68636408491093,90481100
2022-09-16,147.81210327148438,148.44965617349064,145.52675172371437,148.312339619677,162278800
2022-09-19,151.5196533203125,151.5981220543988,146.24276190884032,146.44872924023372,81474200
2022-09-20,153.89328002929688,155.05067517637016,150.14649142825516,150.46035140561636,107689800
2022-09-21,150.77423095703125,155.6980357811973,150.65653533272163,154.32485530993193,101696800
2022-09-22,149.8130340576172,151.50987771041477,148.01810072789718,149.4599321736332,86652500
2022-09-23,147.5472412109375,148.5673196468233,145.71308157487604,148.29268659863374,96029900
2022-09-26,147.8807373046875,150.82324708343862,146.77238716545008,146.79200808789446,93339400
2022-09-27,148.85177612304688,151.75505941669135,147.07646404392761,149.81300689014782,84442700
2022-09-28,146.9685821533203,147.7532545846386,142.0643981655583,144.81074419198137,146691400
2022-09-29,139.74961853027344,143.9083718149734,137.98410935439225,143.30025780798485,128138200
2022-09-30,135.55166625976562,140.35777639256233,135.3555018590439,138.5726459233104,124925300
2022-10-03,139.72018432617188,140.32831325471835,135.05140704196927,135.56144631438175,114311700
2022-10-04,143.3002471923828,143.41794280659562,141.49549629829846,142.2507447443845,87830100
2022-10-05,143.594482421875,144.55571313373582,140.26944671107276,141.3091461524557,79471000
2022-10-06,142.64308166503906,144.7126478104947,142.43711432828448,143.0158044200555,68402200
2022-10-07,137.4053955078125,140.35772324812106,136.7776606833551,139.80844218113944,85925600
2022-10-10,137.72906494140625,139.17089585032406,135.91452632499212,137.72906494140625,74899000
2022-10-11,136.31671142578125,138.64130511141832,135.57128075188317,137.21907959935803,77033700
2022-10-12,135.68894958496094,137.67024396939837,135.51240615749046,136.46381898254117,70433700
2022-10-13,140.2498321533203,140.83832513907973,131.79501040391918,132.40313927882985,113224000
2022-10-14,135.72817993164062,141.75051634248345,135.5418185741853,141.54453406151188,88598000
2022-10-17,139.6809539794922,140.16155437004147,137.5819641011487,138.36663643162046,85250900
2022-10-18,140.9952850341797,143.88875049899616,137.91545818930572,142.70194639396894,99136600
2022-10-19,141.10316467285156,142.1722730567363,138.78838952105372,138.974750883936,61758300
2022-10-20,140.6421661376953,143.09425775385319,139.91634163141597,140.2792613677454,64522000
2022-10-21,144.44784545898438,145.01673262152644,139.91636908601356,140.13215438788754,86548600
2022-10-24,146.58604431152344,147.3510957532076,143.2021606323234,144.3693587197694,75981900
2022-10-25,149.42066955566406,149.5678040506047,146.49778017936205,147.2137868289863,74732300
2022-10-26,146.48797607421875,149.07738452163943,145.20306734701933,148.06712385627637,88194300
2022-10-27,142.02516174316406,146.1937178528811,141.36800292889203,145.23250204640354,109180200
2022-10-28,152.75547790527344,154.48174471225758,144.98725482427943,145.3599625074013,164762400
2022-10-31,150.4014892578125,151.28425122815005,149.00870300208484,150.22494584357278,97943200
2022-11-01,147.7630615234375,152.47108127109797,146.27220032701106,152.10817643552318,80379300
2022-11-02,142.25079345703125,149.25396926209922,142.22136954340206,146.09567282389355,93604600
2022-11-03,136.21861267089844,140.0634909361085,136.09109910411752,139.33766635298934,97918500
2022-11-04,135.95333862304688,140.16810151754257,132.0234836201314,139.59827074317496,140814800
2022-11-07,136.48385620117188,136.70981865595215,133.29084915754692,134.70559929239224,83374600
2022-11-08,137.05368041992188,138.94982808586678,135.07893386231837,137.94772594743225,89908500
2022-11-09,132.5048828125,136.12035725287217,132.2297941583769,136.07123106652006,74917800
2022-11-10,144.29444885253906,144.29444885253906,137.0536956773793,138.7631880310501,118854000
2022-11-11,147.07484436035156,147.37940577392345,141.83830991998155,143.26289458275522,93979700
2022-11-14,145.67971801757812,147.64464544159856,144.84461786588682,146.3576203774582,73374100
2022-11-15,147.40884399414062,150.89659305740093,145.95480194485347,149.55062261259357,89868300
2022-11-16,146.1807861328125,147.2418488642614,144.70709039322372,146.51483522710427,64218300
2022-11-17,148.07693481445312,148.82360185357618,143.58706836561342,143.86215701114332,80389400
2022-11-18,148.63693237304688,150.02220984195606,147.34008803390304,149.63904958366277,74829600
2022-11-21,145.41444396972656,147.73305885560603,145.12953609848137,147.52674987775407,58724100
2022-11-22,147.54640197753906,147.7821986794849,144.3533947208252,145.53236323934706,51804100
2022-11-23,148.42080688476562,149.16747394284351,146.72113379241404,146.82920540527334,58301400
2022-11-25,145.5126953125,146.2691965387926,144.5400508786952,145.70918504900035,35195900
2022-11-28,141.69090270996094,144.06846284178744,140.86563687733454,142.59476743015247,69246000
2022-11-29,138.6944122314453,142.27057984792378,137.8887997144492,141.7596944766532,83763800
2022-11-30,145.43411254882812,146.11201495746124,138.0852876520207,138.92037287256267,111380900
2022-12-01,145.70919799804688,146.51482547786148,144.03901260255705,145.61096061666942,71250400
2022-12-02,145.2179718017578,145.40464232225125,143.09584639700262,143.4004227674544,65447400
2022-12-05,144.05865478515625,148.2734173934748,143.21373541725012,145.17866278529172,68826400
2022-12-06,140.40386962890625,144.71688401684585,139.43122531687646,144.4909215977212,64727200
2022-12-07,138.46844482421875,140.85582456681212,137.54492649061714,139.69652452502783,69721100
2022-12-08,140.14846801757812,141.00322179654424,138.62566097989853,139.8635600853956,62128300
2022-12-09,139.66705322265625,143.01725827820258,138.42913927736055,139.84388950557997,76097000
2022-12-12,141.95620727539062,141.9660265170688,138.58634846990296,140.1975885864345,70462700
2022-12-13,142.9190216064453,147.34010905974955,141.71059523341404,146.87834983755218,93886200
2022-12-14,140.69862365722656,144.0881201971517,138.6845702087708,142.80109523487565,82291200
2022-12-15,134.1063232421875,139.31338494507114,133.64456400681874,138.63548245096763,98931900
2022-12-16,132.15121459960938,135.23615066480997,131.3848939522239,134.29299371012456,160156900
2022-12-19,130.04872131347656,132.82909551472687,129.01714637272462,132.74067737544078,79592600
2022-12-20,129.97994995117188,130.91328746393052,127.61220884643005,129.08590439011405,77432800
2022-12-21,133.07472229003906,134.41087369361549,130.42207295695286,130.64803543949063,85928000
2022-12-22,129.9111785888672,132.20032094511618,128.0150307307424,131.99401195090732,77852100
2022-12-23,129.54766845703125,130.0978457490201,127.3665977700706,128.62415014924704,63814900
2022-12-27,127.74976348876953,129.1055682957193,126.46273834186272,129.07609558176017,69007800
2022-12-28,123.82971954345703,128.73221106602657,123.66270252163467,127.39605990024205,85438400
2022-12-29,127.33710479736328,128.19184331205201,125.49007597127037,125.74551110442214,75703700
2022-12-30,127.6514892578125,127.67114272748928,125.19533773599038,126.1581553688859,77034200
2023-01-03,122.8767318725586,128.60448941700523,121.9925130634904,127.99536673400503,112117500
2023-01-04,124.14412689208984,126.4037966398773,122.886574422074,124.66483150899292,89113600
2023-01-05,122.8276138305664,125.52938912334946,122.57217865426507,124.90061292758642,80962700
2023-01-06,127.34693908691406,128.0051879622661,122.69989001665523,123.80025205121024,87754700
2023-01-09,127.86766815185547,131.07050999919576,127.61223293955845,128.18206378964481,70790800
2023-01-10,128.43748474121094,128.95818934117645,125.87325369613974,127.97572556898378,63896200
2023-01-11,131.14910888671875,131.16874737067045,128.1722445262406,128.94838439618852,69458900
2023-01-12,131.0705108642578,131.90559617413024,129.13505580606935,131.53227009080283,71379600
2023-01-13,132.39682006835938,132.55401787873402,129.35119119619432,129.71469801537842,57809700
2023-01-17,133.55613708496094,134.88245427698436,131.77787992946924,132.4656016206527,63646600
2023-01-18,132.83892822265625,136.1792989256054,132.6620769549058,134.42069543585905,69672800
2023-01-19,132.8978729248047,133.86068318245066,131.4241773301355,131.72873868777404,58280400
2023-01-20,135.45228576660156,135.59966433835268,131.86629872212012,132.90770800117681,80223600
2023-01-23,138.6354522705078,140.806703627411,135.4817372209474,135.6978804326285,81760300
2023-01-24,140.03057861328125,140.64953566811175,137.8396883115422,137.84950755371702,66435100
2023-01-25,139.37229919433594,139.93229570032543,136.37578195167205,138.41930821894437,65799300
2023-01-26,141.43548583984375,141.72039372676826,139.41159795380088,140.65933109437518,54105100
2023-01-27,143.37091064453125,144.64811636457318,140.57089828761406,140.64949717713105,70555800
2023-01-30,140.49232482910156,142.99761054282715,140.34496125408572,142.41796049282078,64015300
2023-01-31,141.75967407226562,141.8088002532181,139.78492752410364,140.19756045993424,65874500
2023-02-01,142.87969970703125,144.03901475780756,138.84178798038548,141.44531098955775,77663600
2023-02-02,148.17518615722656,148.52885870656533,145.57164829200897,146.2888426135127,118339000
2023-02-03,151.79066467285156,154.62016535520215,145.23763259886508,145.4341223704264,154357300
2023-02-06,149.06922912597656,150.41521473457135,148.13589150827315,149.8945101165513,69858300
2023-02-07,151.93801879882812,152.50784959474223,147.99834440627268,147.99834440627268,83322600
2023-02-08,149.2559051513672,151.86926257026718,148.51905726950346,151.18154087876943,64120100
2023-02-09,148.22433471679688,151.62366665738756,147.78222892746496,151.08330847433277,56007100
2023-02-10,148.58834838867188,148.91305820143486,146.82706002572684,147.0632167115801,57450700
2023-02-13,151.38284301757812,151.78625678187208,148.49982115470684,148.52933886882354,62199000
2023-02-14,150.74322509765625,151.30409157346335,148.44075380707582,149.68054257567448,61707600
2023-02-15,152.83909606933594,153.00636811059493,150.42838780610393,150.6546952720313,65573800
2023-02-16,151.2450714111328,153.82305157694913,150.8908438680814,151.04826665403036,68167900
2023-02-17,150.10369873046875,150.5464794908576,148.4309630722788,149.90690894964015,59144100
2023-02-21,146.0989227294922,148.87370750867322,146.03005307934987,147.79134145705774,58867200
2023-02-22,146.52206420898438,147.54538003263738,144.80012742797703,146.48269724609548,51011300
2023-02-23,147.00418090820312,147.92910925221886,144.8788305804024,147.6831183102613,48394200
2023-02-24,144.35733032226562,144.82962872471046,143.38320079150859,144.75090982195374,55469600
2023-02-27,145.54791259765625,146.77786725557394,145.0854484451516,145.34128862301924,44998500
2023-02-28,145.04612731933594,146.68934528974674,144.47542643511753,144.69189970203135,50547000
2023-03-01,142.9797821044922,144.86899086128216,142.68458995191014,144.4754113339038,55479000
2023-03-02,143.5701904296875,144.3573646302391,141.59241318636302,142.0647267151534,52238100
2023-03-03,148.6080780029297,148.68679692265323,144.96741429678426,145.6660203114201,70732300
2023-03-06,151.36314392089844,153.79353555974586,150.99908214162087,151.32377696340643,87558000
2023-03-07,149.1688995361328,151.55992406603715,148.70643540651363,151.23521425072406,56182000
2023-03-08,150.4185333251953,151.00891757952724,149.39521763366128,150.35949790258118,47204800
2023-03-09,148.1750946044922,152.0617483379844,147.8208670608722,151.09746808583355,53833600
2023-03-10,146.11865234375,148.51952687879202,145.2429249942403,147.80123737088158,68572400
2023-03-13,148.05703735351562,150.6842189540097,145.33145336527863,145.43968998615728,84457100
2023-03-14,150.14303588867188,150.94004418166887,147.6929755826584,148.85404568502526,73695900
2023-03-15,150.53662109375,150.7924462663543,147.51584514285557,148.76548332238644,77167900
2023-03-16,153.35076904296875,153.9509875803486,149.20827470890512,149.71994010489203,76161100
2023-03-17,152.51438903808594,154.22649145558808,151.80593390078133,153.57707174404283,98944600
2023-03-20,154.87591552734375,155.28919358755078,151.6780327765039,152.5832927983786,73641400
2023-03-21,156.7257537841797,156.84382463636302,154.02968755125636,154.7971931327365,73938300
2023-03-22,155.29901123046875,159.53989288471735,155.27932775015748,156.7454392443716,75701800
2023-03-23,156.38134765625,158.95934282613845,155.15139299961646,156.28296029217628,67622100
2023-03-24,157.68019104003906,157.76874417421377,155.3186840441415,156.31248202721346,59196500
2023-03-27,155.7417755126953,158.19185056660328,155.33834678641222,157.37515888196728,52390300
2023-03-28,155.1218719482422,155.9484128704115,153.4786543640599,155.4367475403247,45992200
2023-03-29,158.19186401367188,158.46737267599337,156.7946372221569,156.8143056879684,51305700
2023-03-30,159.75636291503906,159.86459953343115,158.68384597812414,158.93967116064357,49501700
2023-03-31,162.255615234375,162.3540176143248,159.31357325147573,159.8350728342002,68749800
2023-04-03,163.5052947998047,163.62336567436975,161.58656801762768,161.6357692200628,56976200
2023-04-04,162.97393798828125,164.16452584406122,162.4622725801105,163.92838412805693,46278300
2023-04-05,161.1339111328125,162.40323287933546,159.20535043705326,162.0982064947886,51511700
2023-04-06,162.0194854736328,162.31467762112032,159.40213812085784,159.8252353547828,45390100
2023-04-10,159.43167114257812,159.43167114257812,157.51294452082058,158.8314525568901,47716900
2023-04-11,158.2213897705078,159.75637097122245,157.93603184667685,159.7465367378167,47644200
2023-04-12,157.53262329101562,159.46118408911326,157.2177476424543,158.6346580327857,50133100
2023-04-13,162.90509033203125,163.14124711579925,158.8314796501602,159.03811871271972,68445600
2023-04-14,162.56065368652344,163.6528540223282,161.19294470872245,161.95058596716467,49386500
2023-04-17,162.58035278320312,162.73779061232008,161.39959909302152,162.44259843625022,41516200
2023-04-18,163.80043029785156,164.72535853269454,162.99357289670127,163.4363685512365,49923000
2023-04-19,164.94186401367188,165.46336364998885,162.8853681685066,163.1412083770297,47720200
2023-04-20,163.97760009765625,165.17803741907238,162.905082905045,163.42658264141926,52456400
2023-04-21,162.37371826171875,163.78077935638615,161.85221862385353,162.4032359760057,58337300
2023-04-24,162.67872619628906,162.94440060882783,161.26181601487568,162.3540163618739,41949600
2023-04-25,161.1437530517578,163.64301445601814,161.1043860925183,162.54097982284455,48714100
2023-04-26,161.1339111328125,162.6295403559192,160.1893142654478,160.44513945575562,45498800
2023-04-27,165.7093505859375,165.85693915334915,162.5409858833323,162.5409858833323,64902300
2023-04-28,166.958984375,167.12627144742981,165.18786139778672,165.7880799666726,55275900
2023-05-01,166.87042236328125,167.71663185783257,165.9356597273935,166.56539597816914,52472900
2023-05-02,165.83721923828125,167.61820597364212,164.85325563412508,167.36236582754194,48425700
2023-05-03,164.76473999023438,168.17909567440717,164.47939708632646,166.78186884038578,65136000
2023-05-04,163.13136291503906,164.36131774887434,161.67510059572527,162.24580144031648,81235400
2023-05-05,170.78662109375,171.50491053581004,168.02166992672903,168.23814318555767,113453200
2023-05-08,170.7177276611328,171.06212101363838,169.35001851271124,169.71408033203093,55962800
2023-05-09,169.01548767089844,170.75709300871614,168.8482156052712,170.27496029429,45326900
2023-05-10,170.77676391601562,171.23922812803062,169.14338031673282,170.24543004162442,53724500
2023-05-11,170.96371459960938,171.79024060925457,169.40904995436452,171.06211698775132,49514700
2023-05-12,170.03749084472656,171.50561502670146,168.4905238476374,171.0720697527437,45533100
2023-05-15,169.5448760986328,170.66814597161118,168.95367509817433,170.61887671576198,37266700
2023-05-16,169.5448760986328,170.59916600644908,169.2788341449399,169.4660482962473,42110300
2023-05-17,170.15576171875,170.3922300756776,167.91906995533154,169.19014751327734,57951600
2023-05-18,172.4811248779297,172.66833901247392,170.04737119858373,170.46120584790356,65496700
2023-05-19,172.58950805664062,173.80145343851697,172.37273538217633,173.80145343851697,55809500
2023-05-22,171.6436004638672,172.14612580242743,170.9046067635048,171.42682777563832,43570900
2023-05-23,169.0423126220703,170.83561089353927,168.76642289336164,170.58927970470205,50747300
2023-05-24,169.31820678710938,169.8896969643689,168.01758589409968,168.57921320123526,45143500
2023-05-25,170.45135498046875,171.34798918728478,169.17042964019168,169.87986475065702,56058300
2023-05-26,172.85552978515625,173.19055165787438,170.56958397024448,170.77650880236848,54835000
2023-05-30,174.6981201171875,176.36332172139132,173.9788370991414,174.36311323589106,55964400
2023-05-31,174.64883422851562,176.71802248155805,174.16601962684186,174.72766202276017,99625300
2023-06-01,177.44711303710938,177.47667157389162,174.33348352725068,175.09218771933737,68901800
2023-06-02,178.29452514648438,179.11234656032465,176.62932377666553,178.37335293714096,61996900
2023-06-05,176.9446563720703,182.23584654381537,175.42724752914353,179.94990047733975,121946500
2023-06-06,176.58004760742188,177.4766816655694,174.82615579439974,177.3288889732544,64848400
2023-06-07,175.21046447753906,178.5507149734009,174.71780207381394,175.82136104700194,61944600
2023-06-08,177.92010498046875,178.18613184931536,174.85574427470908,175.28927455408018,50214900
2023-06-09,178.30435180664062,179.55570326266908,177.9791928742902,178.8364204919391,48900000
2023-06-12,181.09286499023438,181.191403498661,178.3142564640164,178.6098569544308,54274900
2023-06-13,180.61990356445312,181.44757286544584,179.7626757194867,180.1173932820357,54929100
2023-06-14,181.25048828125,181.68403358526143,179.34881869349235,180.67899811094975,57462900
2023-06-15,183.28025817871094,183.78278344228747,181.08298811392547,181.26035439367692,65433200
2023-06-16,182.20626831054688,184.245897953939,181.56581317602513,183.98970387223915,101256200
2023-06-20,182.29493713378906,183.36895259993452,181.7037512704965,181.7037512704965,49799100
2023-06-21,181.26034545898438,182.68906332243637,179.91044034391143,182.18653808363035,49515700
2023-06-22,184.25575256347656,184.30502181445038,180.9746189088309,181.04359886716716,51245300
2023-06-23,183.94041442871094,184.807505007212,182.29492392440986,182.82700770116728,53117000
2023-06-26,182.55113220214844,185.29033397781694,182.51171079012911,184.0882365039062,48088700
2023-06-27,185.30018615722656,185.6253451571229,182.94526040179295,183.1620330683905,50730800
2023-06-28,186.47274780273438,187.11320300977505,184.84696764032918,185.1721116449177,51216800
2023-06-29,186.80775451660156,187.28072131986815,186.1672993101183,186.30524420235466,46347300
2023-06-30,191.1234588623047,191.62596911406445,188.45322195229386,188.81780236383452,85213200
2023-07-03,189.63560485839844,191.03476417603324,188.94586551693624,190.93622568872084,31458200
2023-07-05,188.522216796875,190.14799688410469,187.82262949557398,188.7587001877792,46920300
2023-07-06,188.99514770507812,189.20207252866174,186.42344937265386,187.05405664400223,45094300
2023-07-07,187.88168334960938,189.84248467272647,187.44815316449484,188.60098111677598,46815000
2023-07-10,185.84213256835938,187.20188576037833,184.29516523716504,186.4825877482977,59922200
2023-07-11,185.31988525390625,186.5219826806886,183.86160879849567,186.384037813756,46638100
2023-07-12,186.98507690429688,188.88674640306317,185.7041517573503,186.89638625272656,60750200
2023-07-13,187.7437744140625,188.38424453327508,186.99493300399138,187.7043680387378,41342300
2023-07-14,187.89161682128906,188.37441642370476,186.847174781534,187.4383607296714,41616200
2023-07-17,191.14312744140625,191.46828636847997,188.99511196297206,189.08378756993932,50520200
2023-07-18,190.88697814941406,191.47817907078496,189.5962050071137,190.5125649317522,48288200
2023-07-19,192.23687744140625,195.32093388898534,189.82281961650222,190.26622781119138,80507300
2023-07-20,190.29579162597656,193.58677299126168,189.67503216410122,192.22701989757815,59581200
2023-07-21,189.12326049804688,192.10879369152832,188.42367321559357,191.25156585425083,71951700
2023-07-24,189.92137145996094,192.04967681854123,189.42870901778204,190.57168949200457,45377800
2023-07-25,190.77857971191406,191.58655325087184,190.08885537064708,190.49284214012596,37283200
2023-07-26,191.64566040039062,192.76892999363082,190.4829844332044,190.82783906853456,47471900
2023-07-27,190.38442993164062,194.30601782591035,189.72426422082378,193.14334195652393,47460200
2023-07-28,192.95614624023438,193.7444090416655,191.29094501886246,191.8131659299023,48291400
2023-07-31,193.56703186035156,193.60645326737566,192.39449307660055,193.18275583360523,38824100
2023-08-01,192.73939514160156,193.842954166062,192.41423613585215,193.3601546102926,35175100
2023-08-02,189.7538604736328,192.31569604997566,189.03457754647138,192.17775117305615,50389300
2023-08-03,188.36453247070312,189.54691917513858,187.89158079590146,188.7586713954234,61235200
2023-08-04,179.31927490234375,184.6301752435833,179.25029494609427,182.79747042079737,115956800
2023-08-07,176.22537231445312,180.4425618735659,174.7473848978987,179.45723692919626,97576100
2023-08-08,177.16140747070312,177.62451134366992,174.97398514494694,177.05302113799038,67823000
2023-08-09,175.5750274658203,178.27480777933516,174.41233639065635,178.2156906972674,60378500
2023-08-10,175.35824584960938,178.0974474344709,174.99368050557445,176.84608080013524,54686900
2023-08-11,175.41746520996094,176.23639103718068,174.19402209160106,174.95375100085724,52036700
2023-08-14,177.06517028808594,177.2920967961584,174.9438523177461,175.59504844195268,43675600
2023-08-15,175.08201599121094,177.0849254578291,174.68735981208974,176.49294118914725,43622600
2023-08-16,174.21372985839844,176.1574269074876,174.14465676238186,174.766254405872,46964900
2023-08-17,171.6780242919922,175.14117901733323,171.16495931429398,174.77612136953763,66062900
2023-08-18,172.16151428222656,172.76337470680727,169.6652772069575,170.0007364455324,61172200
2023-08-21,173.4934539794922,173.77959243029935,171.4214870063081,172.73374028357344,46311900
2023-08-22,174.86492919921875,175.30892111024494,173.89801113995804,174.69719959083847,42038900
2023-08-23,178.70301818847656,179.12728783194132,175.9502562936072,176.1377232252428,52722800
2023-08-24,174.0262908935547,178.68330576322634,173.66121814414575,178.25903609639087,54945800
2023-08-25,176.22654724121094,176.7593346104704,173.4737848988942,175.01296513805357,51449600
2023-08-28,177.7854461669922,178.1801023209798,176.1673318473753,177.68677460091166,43820700
2023-08-29,181.6629638671875,182.4325537749521,177.1046213280948,177.30194937146643,53003900
2023-08-30,185.14585876464844,185.34320186637345,182.27470331859433,182.47203136515444,60813900
2023-08-31,185.36293029785156,186.59624944883035,184.9781353249528,185.33333184264131,60794500
2023-09-01,186.9317626953125,187.3856158066575,185.7675013452281,186.96136115669725,45766500
2023-09-05,187.16851806640625,187.44478036173828,185.10641198511868,185.76746926717502,45280000
2023-09-06,180.46914672851562,186.32988234003622,179.04836051297525,185.88587535630464,81755800
2023-09-07,175.19052124023438,175.83185624974686,171.22416252451072,172.84227669356144,112488800
2023-09-08,175.80226135253906,177.83478423163749,175.41746632815568,175.97000602806156,65551300
2023-09-11,176.9665069580078,177.89396541040293,174.97345890425444,177.6670388917848,58953100
2023-09-12,173.9473876953125,177.72628050216423,172.48714160257668,177.0948215116431,90370200
2023-09-13,171.88526916503906,174.93403118667004,171.65832754990635,174.15456487501547,84267900
2023-09-14,173.3948211669922,173.75001770449512,171.26364194197464,171.67803539320033,60895800
2023-09-15,172.6745147705078,174.14463638420483,171.50040777210137,174.12489906548618,109259500
2023-09-18,175.59506225585938,176.98624997924455,173.8190795297471,174.12494029407293,67257600
2023-09-19,176.68040466308594,177.23292932503867,174.76629061620125,175.1510856525732,51826900
2023-09-20,173.1481475830078,177.30195805066697,173.0593371622532,176.86782730089922,58436200
2023-09-21,171.6089630126953,173.94734650075085,171.53990496478352,172.22069958579337,63149100
2023-09-22,172.45748901367188,174.7169382879251,171.7273736602944,172.33909518451154,56725400
2023-09-25,173.73025512695312,174.60837768157924,171.82600269974301,171.87533847239564,46172700
2023-09-26,169.66526794433594,172.8620217812148,169.3692683155077,172.4871029695211,64588900
2023-09-27,168.15565490722656,170.730825832551,166.79408083596385,170.31643241476104,66921800
2023-09-28,168.4122314453125,169.7343462157436,165.38319180250966,167.08024048447163,56294400
2023-09-29,168.9252471923828,170.7604265076125,168.06684691168314,169.7244355134215,51861100
2023-10-02,171.4313507080078,171.97401410977108,168.64897565996583,168.9351141150612,52164500
2023-10-03,170.099365234375,171.31296207551728,168.54046313149794,169.96123409658216,49594600
2023-10-04,171.3425750732422,171.88523853747708,168.68846972057472,168.80686354725646,53020300
2023-10-05,172.575927734375,173.1087151128758,170.37567499430378,171.4708632688818,48527900
2023-10-06,175.12147521972656,175.61480292776608,170.8689777300858,171.48071432556827,57266700
2023-10-09,176.6014862060547,176.66068313153215,173.45405252336897,174.450569230968,42390800
2023-10-10,176.0094757080078,177.32172934204314,175.57534487507363,175.7233522345748,43698000
2023-10-11,177.400634765625,177.4499705441094,175.22999600880442,175.82198018511957,47551100
2023-10-12,178.29849243164062,179.906730392158,176.6507647716162,177.6670336186698,56743100
2023-10-13,176.4633331298828,179.5022186651883,175.76280113660414,178.99902980590412,51427100
2023-10-16,176.33505249023438,176.69024903281087,174.15453745424634,174.39134016768617,52517000
2023-10-17,174.7860107421875,176.03906740635364,172.46737941742194,174.2926830064713,57549400
2023-10-18,173.4934539794922,175.21023951884263,172.7731998689447,173.2369290366687,54764400
2023-10-19,173.11854553222656,175.46677490830675,172.85214438582656,173.69079235758196,59302900
2023-10-20,170.57296752929688,173.07906528544774,170.33616484514565,172.970532603774,64244000
2023-10-23,170.69137573242188,171.68789221712717,167.66233657820504,168.62926966195786,55980100
2023-10-24,171.12551879882812,171.35244533043914,169.16206908920728,170.74072378645857,43816600
2023-10-25,168.8167724609375,170.75060892905034,168.3727654144791,169.5863625938841,57157000
2023-10-26,164.6629180908203,169.0930062294273,163.459197305812,168.0964746462511,70625300
2023-10-27,165.97518920898438,166.70531969794123,164.60373866788856,164.68267291441106,58499100
2023-10-30,168.01754760742188,168.88580920893756,166.61649869462795,166.76450604315932,51131000
2023-10-31,168.4911651611328,168.61942013954004,165.65945361827133,167.09011614768582,44846000
2023-11-01,171.64845275878906,171.9049777602895,167.84982318964867,168.71808481806195,56934900
2023-11-02,175.2003936767578,175.40758286457637,173.11855033416663,173.17774724497193,77334800
2023-11-03,174.2926788330078,174.46042350768224,171.0367278993792,171.91485064572058,79829200
2023-11-06,176.8382568359375,177.035584920202,173.85856813665714,174.02629776104038,63841300
2023-11-07,179.3936767578125,180.00539823599848,176.58170308551922,176.78889227095914,70530000
2023-11-08,180.4494171142578,181.00194176498167,179.16676200069597,179.91662978825056,49340300
2023-11-09,179.975830078125,181.66300252138785,179.38383076688,180.51849360423827,53763500
2023-11-10,184.15484619140625,184.32281184408907,181.3194195461175,181.75412225306079,66133400
2023-11-13,182.5741424560547,183.7893232540613,181.9912524470517,183.58186108306094,43627500
2023-11-14,185.1823272705078,185.84425545326624,184.0560589323069,185.4391901985185,60108400
2023-11-15,185.7454376220703,187.21749618530262,185.51821216432265,185.5873762590713,53790500
2023-11-16,187.42501831054688,188.65996251273407,186.37777296409004,187.286705162902,54412900
2023-11-17,187.4052276611328,188.08691917335904,186.29872264128753,187.95848017105547,50922700
2023-11-20,189.14401245117188,189.59847845797387,187.5929306882813,187.60280481288592,46505100
2023-11-21,188.34378051757812,189.21318592585277,187.45462685911554,189.10451024981845,38134500
2023-11-22,189.0056915283203,190.60617399815436,188.53147729188777,189.18353128885676,39617700
2023-11-24,187.68185424804688,188.60064536615056,186.970525284031,188.57100791556658,24048300
2023-11-27,187.50401306152344,188.37341847212542,186.62473352580105,187.6324520630897,40552600
2023-11-28,188.10665893554688,188.77847629228074,187.1187037624085,187.49413155220094,38415400
2023-11-29,187.08908081054688,189.77632029571453,186.69390474066958,188.6006511365786,43014200
2023-11-30,187.66209411621094,188.02764780463457,185.92329832735996,187.55341843722022,48794400
2023-12-01,188.93653869628906,189.2526764891983,186.95073929786508,188.03749593754978,45704800
2023-12-04,187.14837646484375,187.76091903857423,185.19222907454912,187.69175492742627,43389500
2023-12-05,191.0902862548828,192.0584780958342,187.88930609245244,187.91895861640964,66628400
2023-12-06,190.00355529785156,192.4141533735728,189.79607806848605,192.10788966712872,41089700
2023-12-07,191.9300537109375,192.6512567588297,191.25823636118906,191.29776300970337,47477700
2023-12-08,193.35272216796875,193.62934842275146,191.33728508312288,191.86090014217592,53406400
2023-12-11,190.85317993164062,191.15945870925907,189.11438419177532,190.78403090604945,60943700
2023-12-12,192.36477661132812,192.3746507369947,189.4107849369075,190.75440470261375,52696900
2023-12-13,195.5756072998047,195.6151188726379,192.50306619330016,192.74016578029781,70404200
2023-12-14,195.72381591796875,197.21562292408947,193.79730618821,195.63490356313392,66831600
2023-12-15,195.19032287597656,196.01031245444227,194.62718115642724,195.1507962246044,128538400
2023-12-18,193.53057861328125,194.26167102083278,192.0486455445977,193.72816667410518,55751900
2023-12-19,194.5679168701172,194.5777909959987,193.53056080250687,193.79731295132126,40714100
2023-12-20,192.4833221435547,195.2989855460905,192.4833221435547,194.5283816611859,52242800
2023-12-21,192.33511352539062,194.70621508029078,191.16933361068988,193.73802319308166,46482500
2023-12-22,191.26815795898438,193.05635469466722,190.64574127695036,192.8291141147171,37149600
2023-12-26,190.72474670410156,191.55462542072405,190.50739536284337,191.2779991818499,28919300
2023-12-27,190.8235626220703,191.16935301152336,188.7883770898652,190.1715235726757,48087700
2023-12-28,191.2483673095703,192.3153607227681,190.8433020640508,191.80161980345068,34049900
2023-12-29,190.21102905273438,192.0585006042798,189.4206618129017,191.56452296375952,42672100
2024-01-02,183.40399169921875,186.1702691079172,181.6750702031571,184.89579853453512,82488700
2024-01-03,182.03076171875,183.6411336613478,181.22063114701328,182.00112426612563,58414500
2024-01-04,179.71893310546875,180.88471299934187,178.70134046081682,179.95603270422265,71983600
2024-01-05,178.99774169921875,180.5587129492039,177.99991223040004,179.79799818956093,62379700
2024-01-08,183.32498168945312,183.36450834315934,179.313885613353,179.89677561800764,59144500
2024-01-09,182.91001892089844,182.91989304556353,180.52904335165846,181.7047124117811,42841800
2024-01-10,183.94740295410156,184.15486512874935,181.7047401626592,182.12956878813148,46792900
2024-01-11,183.3546142578125,184.7970355796361,181.4083411771675,184.29316874581366,49128400
2024-01-12,183.68060302734375,184.49073341290062,182.95940005422455,183.81891613280496,40477800
2024-01-16,181.418212890625,182.04061439740983,178.75072186869164,179.9659175831278,65603000
2024-01-17,180.47962951660156,180.72661829034882,178.1283066415265,179.08662428966576,47317400
2024-01-18,186.3579864501953,186.86183815424235,183.59170899023258,183.84857190455077,78005800
2024-01-19,189.25271606445312,189.63801803091337,186.5457281731689,187.04957995238564,68903000
2024-01-22,191.55467224121094,192.9773304317233,189.94430011236668,189.98382677043816,60133900
2024-01-23,192.8291015625,193.39224330006388,191.49537099853464,192.67104017695664,42355600
2024-01-24,192.1572723388672,194.0146328029546,191.99919590043444,193.06618924735707,53631300
2024-01-25,191.83128356933594,193.90599578100486,190.78405333725613,192.86863967517039,54822100
2024-01-26,190.1023406982422,192.41415228379137,189.6281264159501,191.93006387634745,44594000
2024-01-29,189.42063903808594,189.8849791703456,187.2965414692382,189.6972652775173,47145600
2024-01-30,185.7751007080078,189.4898221386195,185.21197404804863,188.6401800108733,55859400
2024-01-31,182.17893981933594,184.846431021382,182.12955411744667,184.7871410441138,55467800
2024-02-01,184.60928344726562,184.69819578482637,181.6059066924526,181.77385724395552,64885400
2024-02-02,183.61148071289062,185.07365019396582,177.09097033579843,177.6936236133024,102551700
2024-02-05,185.41941833496094,186.97051518171523,183.60158444736317,185.88375846902116,69668800
2024-02-06,187.0199432373047,187.02981736340615,184.5204175084795,184.6093298683978,43490800
2024-02-07,187.1285858154297,188.74883163449712,186.33821869210433,188.3437664109805,53439000
2024-02-08,186.05174255371094,187.25703410679802,185.09342474162452,187.1088468471974,40962000
2024-02-09,186.8134307861328,187.94113632063826,185.97259122428568,186.61557552858977,45155200
2024-02-12,185.13172912597656,186.63534135369167,184.7756108376818,186.38803740610462,41781900
2024-02-13,183.04449462890625,184.20189045877694,181.53099558275042,183.76663306878044,56529500
2024-02-14,182.1641082763672,183.5292310959524,180.472557481369,183.3215042025078,54630500
2024-02-15,181.87722778320312,182.50043860227981,179.3943014199978,181.57057328309747,65434500
2024-02-16,180.34396362304688,182.8565806751117,179.71086599707365,181.44199396902647,49752500
2024-02-20,179.60206604003906,180.46267918496486,178.05889139634897,179.82958150821406,53665600
2024-02-21,180.35385131835938,180.91769653606136,178.71174929095213,179.9779444437335,41371400
2024-02-22,182.38172912597656,182.9653779737103,180.49233824441416,181.50132758611662,52292200
2024-02-23,180.55166625976562,183.04447912807765,180.26478523418197,183.0148038625669,45119700
2024-02-26,179.2063446044922,180.78908088671756,178.70183486744935,180.2746995194681,40867400
2024-02-27,180.66050720214844,181.93658908973126,177.62360710096542,179.1470080612827,54318900
2024-02-28,179.4635467529297,181.14521076395337,178.1874648834917,180.54178846123017,48953900
2024-02-29,178.80078125,180.6011615069905,177.59393659501978,179.31517776545977,136682600
2024-03-01,177.7225341796875,178.5831471920378,175.46712311031385,177.6137198257161,73563100
2024-03-04,173.21170043945312,174.9922768844708,171.91581500377694,174.25036500096815,81510100
2024-03-05,168.28541564941406,170.18470849670402,167.79080766540406,168.91851326517738,95132400
2024-03-06,167.2961883544922,169.39333632878757,166.86093094295472,169.21526961759642,68587700
2024-03-07,167.177490234375,168.88882954707424,166.67299554984157,167.32586658446218,71765100
2024-03-08,168.88882446289062,171.82679686006907,167.11813466346086,167.1774852017091,76267000
2024-03-11,170.8870391845703,172.49946586057737,170.1945911039721,171.07499261235472,60139500
2024-03-12,171.36187744140625,172.1532532324886,169.16581679091567,171.28273835287425,59825400
2024-03-13,169.2845001220703,171.32228220007605,168.91848002185432,170.90681338658084,52488700
2024-03-14,171.13433837890625,172.43020869953008,170.1945863604126,171.04531257693264,72913500
2024-03-15,170.75843811035156,170.75843811035156,168.4535633292171,169.32407812222547,121752700
2024-03-18,171.8466033935547,175.79358063684148,171.6487632139381,173.67665901704393,75604200
2024-03-19,174.18113708496094,174.70542030322298,171.16402557801365,172.45989598897214,55215200
2024-03-20,176.74319458007812,176.74319458007812,173.20180001631465,173.82501083363408,53423100
2024-03-21,169.52191162109375,175.57592275278003,168.9976284397713,175.1406653733646,106181300
2024-03-22,170.42213439941406,171.18383495977668,168.22607363158104,169.90773784358905,71160100
2024-03-25,169.00753784179688,170.08577952012527,167.6226265638577,168.7305586050563,54288300
2024-03-26,167.8798370361328,169.57138777241732,167.7512341389727,168.16670300567833,57388400
2024-03-27,171.44102478027344,171.7279058767874,168.27553655784754,168.57230438056465,60273300
2024-03-28,169.63072204589844,170.37263389978352,168.67118150733492,169.89781453968297,65672700
2024-04-01,168.19638061523438,169.40322523760474,167.65230884379906,169.3438746978549,46240500
2024-04-02,167.0192108154297,167.51381877100314,166.41578850586058,167.25662806803024,49329500
2024-04-03,167.82044982910156,168.83934086761522,166.76199680113655,166.969723660667,47691700
2024-04-04,166.9994354248047,170.06599565718972,166.9994354248047,168.4535689105981,53704400
2024-04-05,167.75125122070312,168.55251376624304,167.12804031006615,167.76113794678497,42104800
2024-04-08,166.63340759277344,167.37531948329715,166.425680716199,167.20715459942008,37425500
2024-04-09,167.84027099609375,168.24585316442327,166.53451377109624,166.88073030235694,42373800
2024-04-10,165.9706573486328,167.26652787853376,165.30788444762385,166.97966188332379,49709300
2024-04-11,173.15234375,173.5678277091418,166.34654865134516,166.5246002673459,91070300
2024-04-12,174.64605712890625,176.43653535919364,172.33129571828837,172.3807444342083,101670900
2024-04-15,170.82769775390625,174.72521085075485,170.63974431610336,173.46890241983837,73531800
2024-04-16,167.55340576171875,171.88616144450353,166.45537543168857,169.89784277952464,73711200
2024-04-17,166.18826293945312,168.80967890645843,166.18826293945312,167.780901063059,50901200
2024-04-18,165.23863220214844,166.8213838226369,164.7539260277304,166.21796146542746,43122900
2024-04-19,163.22064208984375,164.60553846988037,162.3105651694999,164.41760010663418,68149400
2024-04-22,164.0515594482422,165.45624419964858,162.99310629576294,163.73501821268977,48116400
2024-04-23,165.10011291503906,165.24850434331734,163.1414698344962,163.5668404824781,49537800
2024-04-24,167.19725036621094,167.47422956879615,164.41755652254446,164.74398443726423,48251800
2024-04-25,168.05787658691406,168.77011319134087,166.33663561051003,167.70175828470067,50558300
2024-04-26,167.4742431640625,169.49223681731962,167.35552700029277,168.04799015720317,44838400
2024-04-29,171.6289520263672,174.1316669492416,171.2332717193323,171.50034913417457,68169400
2024-04-30,168.4931640625,173.1029142716877,168.1667209693098,171.46081207960546,65934800
2024-05-01,167.4742431640625,170.84747276952126,167.28628974114312,167.75122238913238,50383100
2024-05-02,171.16403198242188,171.54982559320527,169.04711048582428,170.64963546996492,94214900
2024-05-03,181.40240478515625,184.98336128032037,180.69016817589636,184.63712970012278,163224100
2024-05-06,179.7504425048828,182.2135806366563,178.47434543693257,180.383540128798,78569700
2024-05-07,180.43296813964844,182.9060078076493,179.36462828599997,181.47164781905605,77305800
2024-05-08,180.76934814453125,181.09579125547057,179.4932509750194,180.87816251484435,45057100
2024-05-09,182.57958984375,182.66861565405213,180.14611203583203,180.5912561815798,48983000
2024-05-10,181.32159423828125,183.34232534295325,180.41028294678514,183.15411695720846,50759500
2024-05-13,184.52110290527344,185.33336754370364,182.87677335531396,183.68903799374417,72044800
2024-05-14,185.6602020263672,186.52199740854093,184.53096697721375,185.73944844741243,52393600
2024-05-15,187.92857360839844,188.84978484549154,185.6007573941714,186.13566691836786,70400000
2024-05-16,188.04747009277344,189.29558246787192,187.86917696187996,188.6715262803227,52845200
2024-05-17,188.07717895507812,189.00830557822601,187.39369174809892,187.72057759120682,41282900
2024-05-20,189.23611450195312,190.10781001398533,187.22528381236822,187.54226949481966,44361300
2024-05-21,190.53378295898438,190.91018461353585,189.11727756366656,189.28567056183377,42309400
2024-05-22,189.09744262695312,190.99932654838926,188.47340160760692,190.45451683728567,34648500
2024-05-23,185.11541748046875,189.19651013997458,184.86777806929078,189.1766947549615,51005900
2024-05-24,188.18614196777344,188.78048261582597,186.26445766907554,187.03710655742805,36327000
2024-05-28,188.19606018066406,191.17763337385156,187.31446444482384,189.70169698060212,52280100
2024-05-29,188.49319458007812,190.4346940804733,187.72056087959155,187.81962268312432,53068000
2024-05-30,189.4837646484375,190.36536034504638,188.83000809203267,188.9587703074631,49889100
2024-05-31,190.43472290039062,190.7517086279001,188.11682144814546,189.6323735603605,75158300
2024-06-03,192.1979217529297,193.1488638569082,190.7021849704834,191.07858664282506,50080500
2024-06-04,192.514892578125,193.47573474401025,191.20734917579057,192.80214765697744,47471400
2024-06-05,194.02052307128906,195.04079624688396,193.02996541617088,193.5549597642067,54156800
2024-06-06,192.64364624023438,194.64457691185422,192.33657578915964,193.8422276391208,41181800
2024-06-07,195.03089904785156,195.08042995429523,192.3068654552658,192.8120444256859,53103900
2024-06-10,191.29649353027344,195.43703247512377,190.33565137548777,195.04080033594326,97010200
2024-06-11,205.19400024414062,205.20391549352811,191.8016724106265,191.82147267998263,172373300
2024-06-12,211.05812072753906,218.1207863262847,204.94636687125956,205.41193016487838,198134300
2024-06-13,212.217041015625,214.70333486153882,209.60196985996205,212.71231975809684,97862700
2024-06-14,210.48361206054688,213.13829945342002,209.30484597389386,211.8307711431916,70122700
2024-06-17,214.62411499023438,216.88258512602053,210.71141546378874,211.35527186274084,93728300
2024-06-18,212.26658630371094,216.5656178731208,210.98877362098574,215.5354294813442,79943300
2024-06-20,207.70013427734375,212.21709015086526,206.8779846754286,211.91000456307782,86172500
2024-06-21,205.53082275390625,209.8892705909824,205.15440599094305,208.40343403997312,241805100
2024-06-24,206.17466735839844,210.69160779538842,204.63929998769706,205.75863496180304,80727000
2024-06-25,207.0959014892578,209.3840873125504,206.64023830581658,207.1751328027417,55549700
2024-06-26,211.23641967773438,212.83121810497767,208.6510635966682,209.5029437835443,66213200
2024-06-27,212.07838439941406,213.70289822966825,210.3449086305272,212.6628097453943,49772700
2024-06-28,208.63125610351562,214.02980761283354,208.3142855019514,213.73263728250333,82542700
2024-07-01,214.70338439941406,215.45620282037203,209.91898882948186,210.08738182701015,60402900
2024-07-02,218.19015502929688,218.2991169839906,213.0689733881142,214.10904691098634,58046200
2024-07-03,219.4580535888672,219.4580535888672,216.9618440422543,217.92268618597842,37369800
2024-07-05,224.2028045654297,224.3117665065084,219.55708698216947,219.55708698216947,60412400
2024-07-08,225.66885375976562,225.69856928044194,221.14199799041046,224.9457357840812,59085900
2024-07-09,226.52073669433594,227.23393947620644,224.23255073363126,225.7778183894468,48076100
2024-07-10,230.78013610839844,230.87919792745691,227.08536000113173,227.13489091066097,62627700
2024-07-11,225.4212188720703,230.19569903805672,223.63821202212716,229.2051413563895,64710600
2024-07-12,228.3631591796875,230.44333633793113,226.52072130415218,226.75846058686048,53046500
2024-07-15,232.18670654296875,234.9899864993383,230.88907844301437,234.24706826366577,62631300
2024-07-16,232.60275268554688,234.03905824310993,230.1362587163494,232.781045805997,43234300
2024-07-17,226.71884155273438,229.2744821236097,224.49998695797876,227.2834515580279,57345900
2024-07-18,222.06321716308594,228.26411801705945,220.17126344980832,228.10562515807683,66034600
2024-07-19,222.1919708251953,224.65846466815103,221.17169771561296,222.6971648700337,49151500
2024-07-22,221.8452911376953,225.62921338494564,220.98349573063444,224.86647978572938,48201800
2024-07-23,222.88536071777344,224.7971447504236,220.57735968997056,222.25140445670337,39960300
2024-07-24,216.47647094726562,222.67737176080064,215.07979609138368,221.88492258576645,61777600
2024-07-25,215.43638610839844,218.76466037633443,212.59347540961954,216.86277641061952,51391200
2024-07-26,215.90194702148438,217.41749898154802,213.9703475571551,216.6349499920164,41601300
2024-07-29,216.17929077148438,217.22927938341869,213.7127969665886,214.91137828370984,36311800
2024-07-30,216.73402404785156,218.24957609355639,214.07932159795172,217.1203409396055,41643800
2024-07-31,219.98304748535156,221.70662325926872,218.54674189777583,219.34909118598728,50036300
2024-08-01,216.29815673828125,222.36036437427163,214.97081319041698,222.2514024343897,62501000
2024-08-02,217.7839813232422,223.4697870434651,215.6542886583774,217.08067881945357,105568600
2024-08-05,207.2939910888672,211.484045462397,194.14928763761037,197.21010696314244,119548600
2024-08-06,205.2732391357422,208.00718767754023,199.1714160471065,203.3614702980554,69660500
2024-08-07,207.8388214111328,211.62274392073394,204.4412006806638,204.94637966039352,63516400
2024-08-08,211.2958526611328,212.17744837655164,206.8581585633277,211.097744151489,47161100
2024-08-09,214.1981964111328,214.7330909034816,209.96851092003678,210.09728825409005,42201600
2024-08-12,215.7254180908203,217.68898821235913,213.81143620679725,214.27753840147545,38028100
2024-08-13,219.4344024658203,220.04925425523973,217.19314118814535,217.19314118814535,44155300
2024-08-14,219.8806610107422,221.17979111862692,217.8774142480331,218.7402072098891,41960600
2024-08-15,222.8557891845703,223.4805677293667,220.91204211865187,222.73678951211636,46414000
2024-08-16,224.17474365234375,224.94827173921567,221.7946444270254,222.0624088054674,44340200
2024-08-19,224.01605224609375,224.11522871504155,221.18968933533225,223.84746435464618,40687800
2024-08-20,224.63092041015625,225.28544883578485,223.57971634413767,223.8970689622142,30299000
2024-08-21,224.52182006835938,226.08871448701353,223.1830285060583,224.64083485973637,34765500
2024-08-22,222.66734313964844,226.4457337259973,222.04256465043304,225.90029338876204,43695300
2024-08-23,224.95816040039062,226.32671693712516,222.46898849072514,223.78795679469894,38677300
2024-08-26,225.29534912109375,225.39452559231563,222.0326490158817,224.87883517993083,30602200
2024-08-27,226.13829040527344,226.95149505120298,223.0243400581704,224.1251322421701,35934600
2024-08-28,224.61109924316406,227.95313769677003,223.80780609600177,226.02922904592305,38052200
2024-08-29,227.88369750976562,230.98773644426686,226.98125820388418,228.19113851748892,51906300
2024-08-30,227.10028076171875,228.48866070475935,225.5928860148415,228.28041127940648,52990800
2024-09-03,220.92193603515625,227.10024860517055,219.33520335446548,226.65398476754012,50190600
2024-09-04,219.01788330078125,219.94016096302124,215.67582978550038,219.82116129878526,43840200
2024-09-05,220.53518676757812,223.60946073514918,219.6823205428289,219.79140861107143,36615400
2024-09-06,218.98812866210938,223.37145940933704,217.94683622588397,222.09215251756703,48423000
2024-09-09,219.077392578125,219.4344067184307,214.91223769602945,218.98814282610013,67180000
2024-09-10,218.2840118408203,219.6426417511051,214.9320468059923,217.10388142289187,51591000
2024-09-11,220.81288146972656,221.23930705217748,216.08244775598524,219.62283934479092,44587100
2024-09-12,220.92193603515625,221.69546405563682,217.99641184157417,220.65417167969628,37455600
2024-09-13,220.65419006347656,222.18140791181287,220.06908820245332,221.72523244234597,36766600
2024-09-16,214.52548217773438,215.41800999792326,212.14538277021938,214.74364320285497,59357400
2024-09-17,214.99154663085938,215.1006346980314,212.72055067344832,213.96018092212807,45519300
2024-09-18,218.85919189453125,220.86243852013078,215.7353147340035,215.745241460142,59894900
2024-09-19,226.97132873535156,227.91345980340301,222.7665127356472,223.12352684243388,66781300
2024-09-20,226.306884765625,231.1563174701668,225.73169454082358,228.0622053540531,318679900
2024-09-23,224.59124755859375,227.54652178723228,223.9367191660146,225.4540253555904,54146000
2024-09-24,225.4837646484375,227.44734973367454,223.85737047004787,226.75314473243895,43556100
2024-09-25,224.4920654296875,225.40443143928672,222.16156973744518,223.06400902085235,42308700
2024-09-26,225.63253784179688,226.60440369502516,223.54004142995942,225.41436171300208,36636700
2024-09-27,225.90028381347656,227.61594290444046,225.41435845997736,226.56473891662026,34026000
2024-09-30,231.06707763671875,231.06707763671875,227.74486252768645,228.13162655878588,54541900
2024-10-01,224.33343505859375,227.74488511973175,221.88392424124012,227.61597385138083,63285000
2024-10-02,224.89869689941406,225.4837987967651,221.16989422947793,224.01608068964856,32880600
2024-10-03,223.79788208007812,224.928424248049,221.46738631978812,223.27228007150777,34044200
2024-10-04,224.91851806640625,226.10856009308668,222.27066963907552,226.00938361911108,37245100
2024-10-07,219.8509063720703,223.81772316941647,219.49389225502094,222.63759275105315,39505400
2024-10-08,223.89706420898438,224.10531361949606,221.3979653574062,222.43925780658088,31855700
2024-10-09,227.63577270507812,227.84403724277382,222.96485445261254,223.36153007501719,33591100
2024-10-10,227.13990783691406,227.59609839600836,225.2854259515482,225.8903660776275,28183500
2024-10-11,225.66229248046875,227.5068628874906,225.4540279414576,227.39777482080956,31759200
2024-10-14,229.3811798095703,229.8076053434174,226.70358155060512,226.80274288926017,39882100
2024-10-15,231.91001892089844,235.51982138099225,230.44228590022638,231.672004479983,64751400
2024-10-16,229.85720825195312,230.19438406287304,227.9332995992129,229.67870875165642,34082200
2024-10-17,230.22412109375,231.91003031839952,228.60765355789445,231.49350124327563,32993800
2024-10-18,233.05047607421875,234.2206797118992,232.0686835146529,234.2206797118992,46431500
2024-10-21,234.5181884765625,234.8851292946414,232.5050303027995,232.5050303027995,36254500
2024-10-22,233.9033660888672,234.2603802258017,230.67041566655348,231.94970749678197,38846600
2024-10-23,228.84564208984375,233.18931106897517,225.87052966736016,232.1381071008503,52287000
2024-10-24,228.65724182128906,228.90516786821388,226.51515714412935,228.07212485007065,31109500
2024-10-25,229.4902801513672,231.28526239164006,227.6655479946858,227.83413589840254,38802300
2024-10-28,231.46376037597656,232.78272881287972,230.62082086290692,231.38443735420992,36087100
2024-10-29,231.73150634765625,232.38603471678388,230.39271482775456,231.1662428522856,35417200
2024-10-30,228.191162109375,231.53320070866118,227.64572172599728,230.68033441798144,47070900
2024-10-31,224.03590393066406,227.92338265648337,223.50037517792762,227.43744214117888,64370100
2024-11-01,221.06077575683594,223.4805363045207,218.44267740554844,219.1368672842602,65276700
2024-11-04,220.16822814941406,220.94175615916865,217.88732075932978,219.15670083339904,44944500
2024-11-05,221.59629821777344,222.09215031274817,219.3054639601429,219.9599923572388,28111300
2024-11-06,220.87234497070312,224.19455985797964,219.3550388628842,220.76325691115125,54561100
2024-11-07,225.59286499023438,225.9895557457087,222.7070172967094,222.7665171269793,42137700
2024-11-08,225.3248291015625,227.01257809039103,224.77878865400953,225.53330763226646,38328800
2024-11-11,222.61448669433594,224.07389700260043,219.90415975706793,223.3789433198207,42005600
2024-11-12,222.61448669433594,223.96468891324545,221.75075962779928,222.93218846295187,40398300
2024-11-13,223.49806213378906,225.01703765642938,221.15506473467502,222.39605879884869,48566200
2024-11-14,226.57574462890625,227.22105551450989,223.3789425502784,223.398802697962,44923900
2024-11-15,223.3789520263672,225.2851172657963,222.65421566813873,224.76885944610046,47923700
2024-11-18,226.37718200683594,228.08479108540536,223.54770942404784,223.62713486361545,44633700
2024-11-19,226.63526916503906,228.50172884142856,225.02694591555104,225.34463247708572,36211800
2024-11-20,227.35012817382812,228.27342054954684,224.26253412411586,226.41689814964724,35169600
2024-11-21,226.87359619140625,228.5017799491732,224.08384369933498,227.2310031211041,42108300
2024-11-22,228.21383666992188,229.05771868234922,226.4168797117104,226.4168797117104,38168300
2024-11-25,231.19224548339844,231.56951255942457,228.08480637706975,229.79241557012372,90152800
2024-11-26,233.36643981933594,233.8727750720934,231.64890834638587,231.64890834638587,45986200
2024-11-27,233.2373809814453,233.99191506726265,232.12545514826604,232.78070364946953,33498400
2024-11-29,235.62008666992188,236.0966241243161,232.28429419145726,233.1182385238603,28481400
2024-12-02,237.86380004882812,239.05515126765505,235.45131496686756,235.56052304560976,48137100
2024-12-03,240.90174865722656,241.01095673492534,237.17876666593097,238.0822139315433,38861000
2024-12-04,241.25917053222656,242.35125137710352,239.51185632927692,241.12017980186528,44383900
2024-12-05,241.2889404296875,242.77813324010052,240.3855083044983,242.23210799536452,40033900
2024-12-06,241.0903778076172,242.86748966267425,240.33585892461636,241.1598807416467,36870600
2024-12-09,244.9722137451172,245.4586888430206,240.00823778270345,240.08766321596437,44649200
2024-12-10,245.98487854003906,246.4217108653419,243.57237825215392,245.11121388943334,36914800
2024-12-11,244.714111328125,248.9930565140259,244.48575750906295,246.17352158557497,45205800
2024-12-12,246.1735076904297,246.9478867446912,243.90992066775823,245.11120954102955,32777500
2024-12-13,246.34228515625,247.49391610940148,244.46590277835176,246.0345210589055,33155300
2024-12-16,249.2313232421875,249.56888515433104,245.86574781090837,246.2033097230519,51694800
2024-12-17,251.6537322998047,252.0012166921119,247.98039295462073,248.2782345553336,51356400
2024-12-18,246.2628631591797,252.44797328398425,245.95509905753715,250.34325221557475,56774100
2024-12-19,247.9903106689453,250.18439476471843,245.30976661195103,245.71681628677703,60882300
2024-12-20,252.65646362304688,253.16278373693368,243.9198625662762,246.25292226826556,147495300
2024-12-23,253.43084716796875,253.80809906094288,251.62395254537785,252.93444954402884,40858800
2024-12-24,256.3397521972656,256.34965954757746,253.45069916161225,253.64927033575188,23234700
2024-12-26,257.1538391113281,258.2260750496306,255.77386933789322,256.32983230675023,27237100
2024-12-27,253.74851989746094,256.8361287043752,251.2367492695516,255.9723714358678,42355300
2024-12-30,250.38294982910156,251.67358663649517,248.94339979921563,250.41273247360002,35557500
2024-12-31,248.61578369140625,251.45517870098834,247.63291094425557,250.62123433005314,39480700
2025-01-02,242.0931396484375,247.3053149666319,240.07776640397734,247.1365264348607,55740700
2025-01-03,241.6066436767578,242.42072787413275,240.14723350152744,241.6066436767578,40244100
2025-01-06,243.23484802246094,245.54806288478193,241.4478134561986,242.5498168429892,45045600
2025-01-07,240.4649658203125,243.78089861816605,239.61116122247878,241.22940732447114,40856000
2025-01-08,240.95143127441406,241.9541642850798,238.3205296252371,240.17705210413348,37628900
2025-01-10,235.14356994628906,238.4297199246896,231.32130202918376,238.28079154222544,61710900
2025-01-13,232.7112274169922,232.97928640713008,228.06495238182922,231.84750029737077,49630700
2025-01-14,231.59927368164062,234.41880854341963,230.7951119565212,233.05868390458076,39435300
2025-01-15,236.1562042236328,237.2383625727966,232.74098609709984,232.94947976770305,39832000
2025-01-16,226.61544799804688,236.29520209930612,226.3871093224655,235.6399687194268,71759100
2025-01-17,228.3230438232422,230.61639839146835,226.83385097126646,230.44762501944012,68488300
2025-01-21,221.03594970703125,222.80312416686704,217.79944241349193,222.38615194982364,98070400
2025-01-22,222.21734619140625,222.50525012711904,218.20644519467228,218.20644519467228,64126500
2025-01-23,222.04859924316406,225.394314538592,220.69839703644928,223.1208199792776,60234800
2025-01-24,221.17494201660156,224.00441476166836,219.8148172645265,223.16053267311034,54697900
2025-01-27,228.2039337158203,230.47742834163907,222.36629236472388,222.40601266103107,94863400
2025-01-28,236.5434112548828,238.45951413038736,229.1470890329199,229.1868093297106,75707600
2025-01-29,237.63548278808594,238.13188043636077,232.32402189200354,232.43322998057818,45486100
2025-01-30,235.87823486328125,239.05517683623282,235.50098294542886,236.95045561956258,55658300
2025-01-31,234.2996826171875,245.40906406001392,231.75812916176676,245.40906406001392,100959800
2025-02-03,226.3672332763672,230.15971829856622,224.0738787357251,228.33297872450572,73063300
2025-02-04,231.1227264404297,231.45035067549782,225.0170268486458,225.61271003037928,45067300
2025-02-05,230.79513549804688,230.9936915376493,226.62539807097704,226.8835194075747,39620300
2025-02-06,231.53973388671875,232.11555701043588,228.7698263631288,229.62363097431557,29925300
2025-02-07,225.98997497558594,232.3140755170278,225.6226304523949,230.92416830424466,39707200
2025-02-10,226.25833129882812,229.1803610121675,225.81108525741098,228.16660736242451,33115600
2025-02-11,231.1979522705078,233.79199753404617,226.7354100570617,226.80497424991785,53718400
2025-02-12,235.42198181152344,235.5114431570428,229.2698195612854,229.7866449882993,45243300
2025-02-13,240.05348205566406,240.85852795215618,234.1299251101732,235.4617298072221,53614100
2025-02-14,243.104736328125,244.0489258287467,239.5168040933544,239.77520922194773,40896200
2025-02-18,242.97552490234375,243.6811760890431,240.3615975750387,242.65747382373942,48822500
2025-02-19,243.37306213378906,244.50609250836237,241.6735241546838,243.16435439309654,32204200
2025-02-20,244.32720947265625,245.2713989598738,242.7966152101895,243.44265077076676,32316900
2025-02-21,244.04891967773438,247.16972378813352,243.72093519653038,244.44646835255205,53197400
2025-02-24,245.58944702148438,247.33868242018207,242.92582237394555,243.43269920852308,51326400
2025-02-25,245.52980041503906,248.47171215983582,243.41283173998391,246.48393846255715,48013300
2025-02-26,238.890625,243.48237703128345,237.66814851741972,242.83635669602367,44433600
2025-02-27,235.84934997558594,240.9778097055873,235.61081167459415,237.94645181292123,41153600
2025-02-28,240.361572265625,240.61004395755495,228.79273089598732,235.50146657809572,56833400
2025-03-03,236.5748748779297,242.5381957053339,234.66661403302143,240.31188380351972,47184000
2025-03-04,234.48770141601562,238.60240725621293,233.24534293735957,236.25683384188991,53798100
2025-03-05,234.29888916015625,235.1039350742086,227.82867612475383,233.98083809185871,47227600
2025-03-06,233.89138793945312,236.4059203890797,231.73465535282332,233.00682927336524,45170400
2025-03-07,237.6085205078125,239.8944479764648,233.3248557337566,233.67272217403436,46273600
2025-03-10,226.08935546875,234.71630041445476,222.84929009717774,234.10008031193473,72071200
2025-03-11,219.48995971679688,224.4593937721428,216.1206840338927,222.4418047589131,76137400
2025-03-12,215.653564453125,220.39440897367027,213.5962265598192,218.7942505386503,62547500
2025-03-13,208.398193359375,215.51442704761877,207.14590135231947,214.62986833256545,61368300
2025-03-14,212.18492126464844,212.6421007492463,208.29881981801313,209.95860913307365,60107600
2025-03-17,212.69180297851562,213.90434624612,208.68643986463772,212.00601857046763,48073400
2025-03-18,211.38978576660156,213.83473880015984,210.19712464056028,212.85080057479257,42432400
2025-03-19,213.92420959472656,217.4226803637017,212.443312738742,212.91044076829724,54385400
2025-03-20,212.79116821289062,216.16044383082547,210.9226561911479,212.6818400591608,48862900
2025-03-21,216.9356689453125,217.50217651661012,209.98839498228966,210.26668206389348,94127800
2025-03-24,219.38064575195312,220.1260609084734,217.24379503613238,219.64899945464327,44299500
2025-03-25,222.38217163085938,222.7300380772677,218.73460889257407,219.42039321145907,34493600
2025-03-26,220.1757354736328,223.64440576884627,219.12221792138408,222.1436270366165,34466100
2025-03-27,222.4815673828125,223.61459773398053,219.21167130142226,220.03659916949772,37094800
2025-03-28,216.56793212890625,222.44180687800483,216.34927581514728,220.31488968867507,39818600
2025-03-31,220.7720947265625,224.24075018814546,214.90815310911736,215.6833836525119,65299300
2025-04-01,221.82559204101562,222.31258685550372,217.56180927777046,218.46624988397502,36412700
2025-04-02,222.52133178710938,223.81338775742097,219.66888130946384,219.96705040499884,35905900
2025-04-03,201.94789123535156,206.22160814156834,200.01974813123203,204.28351646204925,103419000
2025-04-04,187.2283935546875,198.65809134675584,186.19474282689396,192.70470416765195,125910900
2025-04-07,180.3507080078125,192.96311894309866,173.55251067175698,176.11674047268428,160466300
2025-04-08,171.36598205566406,189.1764339595553,168.1756135141289,185.5586861535385,120859500
2025-04-09,197.63438415527344,199.383619356675,170.8391909937331,170.89882177160354,184395900
2025-04-10,189.2559356689453,193.5892830219747,181.88129692496375,187.9141974958541,121880000
2025-04-11,196.93865966796875,198.32016168749274,184.92257212057936,184.96233608452022,87435900
2025-04-14,201.28196716308594,211.63826622013798,199.9302804535287,210.14743595954587,101352900
2025-04-15,200.90428161621094,202.26590170954893,198.57859009217825,200.6259945192588,51343900
2025-04-16,193.0823974609375,199.47308245703653,191.19400339685228,197.1473909296092,59732400
2025-04-17,195.7758331298828,197.61452992177487,193.2314851467638,195.9944894564487,52164700
2025-04-21,191.9791717529297,192.6152586778503,188.64964501381652,192.08849990403363,46742500
2025-04-22,198.51898193359375,200.3576636647513,194.77202394084523,194.9211009149487,52976400
2025-04-23,203.34925842285156,206.72846769395255,201.56025903470575,204.7406939661261,52929200
2025-04-24,207.09620666503906,207.5534013078127,201.69940812530302,203.6374845300284,47311000
2025-04-25,208.00064086914062,208.46776890662989,204.9394675201618,205.10842646651815,38222300
2025-04-28,208.85536193847656,210.2070485309222,206.19175271644127,208.71621839949725,38743100
2025-04-29,209.91885375976562,210.94255602883885,207.096203506044,207.41425458581946,36827600
2025-04-30,211.20094299316406,212.2743425468257,205.40658118436113,208.02050829648644,52286500
2025-05-01,212.01593017578125,213.24834004791447,207.6229373664089,207.80184486864306,57365700
2025-05-02,204.09466552734375,205.72463931330321,200.92416412992952,204.83013207172814,101010600
2025-05-05,197.67416381835938,202.8523212109494,196.99832800962005,201.85843431656065,69018500
2025-05-06,197.29647827148438,199.42339557924856,195.81559653234874,196.99832434112832,51216500
2025-05-07,195.05029296875,198.2207944248892,192.0686324392914,197.9524407308952,68536700
2025-05-08,196.28271484375,198.82706269335065,193.48988012199126,196.51130456752412,50478900
2025-05-09,197.3163604736328,199.3140676367793,196.33240700583877,197.78348851905432,36453900
2025-05-12,209.776123046875,210.2538252478288,205.75556156059073,209.95526516858178,63775800
2025-05-13,211.90582275390625,212.37356332026266,207.99473291206186,209.41784747983854,51909300
2025-05-14,211.3087158203125,212.9109724892217,209.56713314477625,211.40822571910564,49325800
2025-05-15,210.43295288085938,211.93569971673273,208.53213606160298,209.93535780893234,45029500
2025-05-16,210.24388122558594,211.54759317457453,208.76105751069144,211.33859654598928,54737900
2025-05-19,207.7758026123047,208.47243269467637,203.2775387890809,206.90999202317107,46140500
2025-05-20,205.86502075195312,207.46727738969238,204.04382108157407,206.6711222878563,42496600
2025-05-21,201.1179656982422,206.04415370597744,199.74461367242378,204.18315305948536,59211800
2025-05-22,200.39149475097656,201.77480849030061,198.7394754118135,199.7446272097534,46742400
2025-05-23,194.33078002929688,196.74908474491085,192.52948833207407,192.73846975457602,78432900
2025-05-27,199.2470245361328,199.77447409530296,196.48038197740732,197.34620772495165,56288500
2025-05-28,199.4560089111328,201.75489573800118,198.9385057789635,199.6251894151235,45339700
2025-05-29,198.98828125,202.82971610271787,197.55520490499057,202.60082660426147,51396800
2025-05-30,199.8839569091797,200.98861863398105,195.8335255231089,198.41106448584634,70819900
2025-06-02,200.7298583984375,201.15779807678393,199.15745607510846,199.31669015009302,35423300
2025-06-03,202.2923126220703,202.78990771325485,199.99342573046133,200.38154929416936,46381600
2025-06-04,201.84446716308594,205.24801554678163,201.1279290627925,201.9340306292736,43604000
2025-06-05,199.6649932861328,203.765171611367,199.1872911078447,202.521183994692,55126100
2025-06-06,202.93919372558594,204.71063115372752,201.07819281954235,202.02362051888113,46607700
2025-06-09,200.48106384277344,205.0091823144686,199.05794913802782,203.40692547634254,72862600
2025-06-10,201.69517517089844,203.36710243054736,199.60528507808198,199.63513956616538,54672600
2025-06-11,197.8238983154297,203.51638723180633,197.45568281643992,202.5211970741936,60989900
2025-06-12,198.2418670654297,198.71955406677787,196.410720905765,198.12244911144163,43904600
2025-06-13,195.50509643554688,199.4062398916536,194.758703844025,198.7693188209708,51447300
2025-06-16,197.4656219482422,197.73432753277095,195.61456771612566,196.35101387226533,43020700
2025-06-17,194.69900512695312,197.4357781067605,194.27108064091922,196.25149936947125,38856200
2025-06-18,195.6344757080078,196.6197193940347,194.13174409281177,194.9975546383106,45394700
2025-06-20,200.03321838378906,200.72984844555882,195.9131318065836,197.28649906078425,96813500
2025-06-23,200.53082275390625,201.3269779408771,198.00304635957568,200.6602023375907,55814300
2025-06-24,199.3365936279297,202.46149014710028,199.23706853700068,201.61557243039425,54064000
2025-06-25,200.5905303955078,202.690382284235,199.65504919597097,200.48105886821313,39525700
2025-06-26,200.03321838378906,201.66532960796235,198.50063224789568,200.4611428555203,50799100
2025-06-27,200.1128387451172,202.24254507531293,199.03803155248616,200.91894034324127,73188600
2025-06-30,204.1831512451172,206.39247448465787,198.30157410241034,201.03834688076608,91912800
2025-07-01,206.82041931152344,209.17901505124104,205.1484920031366,205.6759415551798,78788900
2025-07-02,211.41819763183594,212.3138626915596,207.13887695509675,207.90517762155153,67941800
2025-07-03,212.52285766601562,213.61755770997246,210.7912213537831,211.12958235725722,34955800
2025-07-07,208.94017028808594,215.18996325511674,207.79570768244494,211.65703516300363,50229000
2025-07-08,208.9998779296875,210.41304612040562,207.4473837253886,209.08945658408672,42848900
2025-07-09,210.12445068359375,210.31353924447487,206.22330706177223,208.52219391164948,48749400
2025-07-10,211.38836669921875,212.45321238064957,209.01980902189666,209.49749609462273,44443600
2025-07-11,210.14434814453125,211.1096837700706,208.85059795908091,209.55718962168862,39765800
2025-07-14,207.6165771484375,209.89557123752414,206.54176989733165,208.92027389637033,38840100
2025-07-15,208.10423278808594,210.8708604550018,207.915144211828,208.2137043224775,42296300
2025-07-16,209.149169921875,211.37838618562168,207.63647661047767,209.28849593835915,47490500
2025-07-17,209.0098419189453,210.78127919114968,208.58190225319882,209.5571995447156,48068100
2025-07-18,210.1642608642578,210.77132749863404,208.6913836081342,209.85575432940058,48974600
2025-07-21,211.45799255371094,214.74212298846783,210.61209006251647,211.07983063398711,51377400
2025-07-22,213.36874389648438,213.91610146940232,211.2091832773312,212.1148098811231,46404100
2025-07-23,213.11997985839844,214.11517007989065,211.38835859165647,213.96589762082587,46989300
2025-07-24,212.7318572998047,214.65258233290422,212.50296779967493,212.87118332406595,46022600
2025-07-25,212.85128784179688,214.20474714033003,212.37358560556336,213.66733592091674,40268800
2025-07-28,213.02044677734375,213.8166019050196,212.03520309848784,213.00053872316795,37858000
2025-07-29,210.25381469726562,213.77678093648746,209.8059821935656,213.14980632007004,51411700
2025-07-30,208.04449462890625,211.36842593737322,206.72088996610802,210.88077731884883,45512500
2025-07-31,206.5716552734375,208.8307262926637,206.16362361105087,207.48722851572543,80698400
2025-08-01,201.40660095214844,212.5527283441607,200.530828701964,209.8557561748323,104434500
2025-08-04,202.37193298339844,206.88014336875773,200.70995198839026,203.52634207300898,75109300
2025-08-05,201.94398498535156,204.35234334482283,201.18764593221573,202.42167200915333,44155100
2025-08-06,212.2242889404297,214.3440487139093,204.60112912578842,204.64094523363173,108483100
2025-08-07,218.97169494628906,219.78775818606874,215.53829184895108,217.82723230897543,90224800
2025-08-08,228.24688720703125,229.88894502591432,218.19545972697713,219.76786212559261,113854000
2025-08-11,226.3438720703125,228.71511750604432,223.9327805410339,227.08115402328403,61806100
2025-08-12,228.80479431152344,229.95057099439725,226.23430307406312,227.17083074525974,55626200
2025-08-13,232.47125244140625,234.1351043372746,229.58191650034667,230.2195756343437,69878500
2025-08-14,231.92327880859375,234.25466305951576,230.0003892485326,233.1985666998313,51916300
2025-08-15,230.7376708984375,233.41777326838445,228.4959516198378,233.13880497436926,56038700
2025-08-18,230.0402374267578,232.26202593201924,229.26310933608104,230.8472538899505,37476200
2025-08-19,229.71145629882812,232.0129522601839,228.50591803460907,230.42880766374827,39402600
2025-08-20,225.1781768798828,229.6217687789582,224.93906991665554,229.1335667246527,42263900
2025-08-21,224.07228088378906,225.68632903786573,222.9564077521854,225.43724912794482,30621200
2025-08-22,226.92176818847656,228.24687520672327,224.58042602754637,225.3376235225593,42477800
2025-08-25,226.323974609375,228.45609804536198,225.3973894325087,225.6464693442017,30983100
2025-08-26,228.46603393554688,228.64537936019502,223.8630424721864,226.03501179732243,54575100
2025-08-27,229.6417236328125,230.05020313892598,227.41991984776428,227.7686378094015,31259500
2025-08-28,231.70408630371094,232.55096405412047,228.4959359400532,229.9704999102399,38074700
2025-08-29,231.28562927246094,232.52107103838586,230.51845893056873,231.65426265633033,39418400
2025-09-02,228.87454223632812,230.00038826150748,226.1346633063032,228.4062708029861,44075600
2025-09-03,237.5923309326172,237.9709372370204,233.49745685978084,236.33697373754433,66427800
2025-09-04,238.8975067138672,239.0170601981439,235.8687018920251,237.57239985348932,47549400
2025-09-05,238.80784606933594,240.43185187342493,237.61226559630578,239.1167027112504,54870400
2025-09-08,237.0045166015625,239.2661511981365,235.47017586985078,238.41928864081726,48999500
2025-09-09,233.4875030517578,237.90119155812317,232.5011411802574,236.12774389612645,66313900
2025-09-10,225.95530700683594,231.56459101144756,225.11840222253522,231.3354417686907,83440800
2025-09-11,229.18341064453125,229.60186307827533,225.81584532196928,226.04500979013486,50208600
2025-09-12,233.2085418701172,233.6469097348115,228.17712472443904,228.37638560886936,55824200
2025-09-15,235.82884216308594,237.31336381412066,234.16499028444412,236.1277410783948,42699500
2025-09-16,237.2735137939453,240.33222235518573,235.45026224943368,236.30708253667353,63421100
2025-09-17,238.1104278564453,239.21634322602875,236.85505542454314,238.09049720761,46508000
2025-09-18,237.0045166015625,240.31228984200703,235.77903252032195,239.08682096339746,44249600
2025-09-19,244.59646606445312,245.3935247988757,239.32594197772087,240.34217704154452,163741300
2025-09-22,255.13751220703125,255.69547916115815,247.2068166293636,247.38616206443075,105517400
2025-09-23,253.49359130859375,256.3928850249964,252.64672876089196,254.9382669065294,60275200
2025-09-24,251.38140869140625,254.79879299943292,250.11607847800005,254.2807025242173,42303700
2025-09-25,255.9246063232422,256.22352044118514,250.7836088309123,252.27808820484515,55202100
2025-09-26,254.5198211669922,256.65194458214916,252.84599627139946,253.1648258525147,46076300
2025-09-29,253.49359130859375,254.06150078407975,252.07881928540593,253.62311772285494,40127700
2025-09-30,253.69288635253906,254.9781320575181,252.17847617402816,253.92203562343897,37704300
2025-10-01,254.5098419189453,257.83756097799323,253.9917514638179,254.10134722927504,48713900
2025-10-02,256.1836242675781,257.22974752480764,253.21458136967644,255.63563032858355,42630200
2025-10-03,257.07037353515625,258.2858846694617,253.01536064819075,253.73271197999827,49155600
2025-10-06,255.74530029296875,258.1165459888059,254.11133663097664,257.0405037108186,44664100
2025-10-07,255.5360870361328,256.4526841311554,254.48993311029045,255.86485915808862,31955800
2025-10-08,257.1102294921875,257.56852798749276,255.16739414069707,255.5758888188916,36496900
2025-10-09,253.1050262451172,257.0504585775582,252.2083446799687,256.8611554198282,38322000
2025-10-10,244.3673095703125,255.436420799504,243.10197943699816,254.00171816056968,61999100
2025-10-13,246.74851989746094,248.7710475029622,244.6562426215344,248.46219085423505,38142900
2025-10-14,246.8581085205078,247.93413549962378,243.79940008876653,245.69241642712313,35478000
2025-10-15,248.42233276367188,250.89321639065437,246.559219921403,248.57178982967116,33893600
2025-10-16,246.53929138183594,248.1234359576197,244.22783772705108,247.33635013275978,39777000
2025-10-17,251.36148071289062,252.4474806979352,246.3599669580113,247.1072067041429,49147000
2025-10-20,261.27484130859375,263.4069798400544,254.68918336894043,254.94822099113512,90483000
2025-10-21,261.8028869628906,264.3136317818121,260.86634411857244,260.9161783410852,46695900
2025-10-22,257.49884033203125,261.882640960004,254.48993535873984,261.68336485657886,45015300
2025-10-23,258.6246337890625,259.6608147081683,257.0604350924048,258.98332466328685,32754900
2025-10-24,261.85272216796875,263.15789839957887,258.22610426270086,260.2287163700197,38253700
2025-10-27,267.8206787109375,268.1295353654346,263.67598537979285,263.90514984178776,44888200
2025-10-28,268.00994873046875,268.896687690681,267.16307106420925,267.9999758056659,41534800
2025-10-29,268.7073974609375,270.4110953948544,266.1269030442272,268.28892986747474,51086700
2025-10-30,270.4011535644531,273.131090148023,267.49191714200913,270.98897852374654,69886500
2025-10-31,269.37493896484375,276.29937269597025,268.16940070155243,275.9705701844509,86167100
2025-11-03,268.0597839355469,269.8531775103368,265.2701011373342,269.42476736726525,50194600
2025-11-04,269.0461730957031,270.49081837885313,266.6350661079627,267.3424445625432,49274800
2025-11-05,269.14581298828125,270.7000692568828,265.94760492323326,267.6214146886098,43683100
2025-11-06,268.7771301269531,272.3937751745226,266.90407480138714,266.90407480138714,51204000
2025-11-07,267.4819030761719,271.28785094446636,265.78814772800683,268.8069946610708,48227400
2025-11-10,268.6985778808594,272.98692304032335,266.733924572705,268.2298525605972,41312400
2025-11-11,274.5028076171875,275.16101963639426,269.0675899882029,269.07757258136417,46208300
2025-11-12,272.7276611328125,274.9815360542478,270.9624767916609,274.2535066981436,48398000
2025-11-13,272.2090759277344,275.9488963676571,271.3513946141157,273.36590026791555,49602800
2025-11-14,271.6705322265625,275.21088338895913,268.8681625557137,270.31420819279356,47431300
2025-11-17,266.7339782714844,269.75575219797963,265.00869378967747,268.0903024129557,45018300
2025-11-18,266.7139892578125,269.97510130800674,264.59974924229334,269.25705465795,45677300
2025-11-19,267.83099365234375,271.47107967039307,264.77930243197466,264.80921977983166,40424500
2025-11-20,265.5272521972656,274.68232536305425,265.1981613886433,270.09480618650156,45823600
2025-11-21,270.75299072265625,272.5879921198442,264.9488130991126,265.2280517805383,59030800
2025-11-24,275.1710205078125,276.24807542504453,270.164627965921,270.164627965921,65585800
2025-11-25,276.2181701660156,279.6189174225992,274.50283786370125,274.52277261748515,46914200
2025-11-26,276.79656982421875,278.7712060098946,275.8790842359358,276.2081750495132,33431400
2025-11-28,278.0930480957031,278.242634823177,275.2407959413455,276.50736791500816,20135600
2025-12-01,282.3315124511719,282.65065109438723,275.3904143522869,277.2553332443013,46587700
2025-12-02,285.4131164550781,286.619823290159,281.86278279875575,282.231773534172,53669500
2025-12-03,283.3786315917969,287.8364984098337,282.5309329409685,285.4230848596457,43538700
2025-12-04,279.9380187988281,283.95707766942763,277.83373081751637,283.3287830094401,43989100
2025-12-05,278.0232238769531,280.37683325787106,277.2951945750906,279.77845592816414,47265800
2025-12-08,277.13568115234375,278.91084811822003,275.4003836933047,277.37501993231956,38211800
2025-12-09,276.4275817871094,279.2698514894354,276.16830825817004,277.40493251311347,32193300
2025-12-10,278.0232238769531,278.9905919368044,275.68957968235776,276.9960211276047,33038300
2025-12-11,277.2752685546875,278.8310314000742,273.0667227973629,278.34237127554803,33248000
2025-12-12,277.52459716796875,278.4620479370953,276.0685689150702,277.14562382282355,39532900
2025-12-15,273.3658752441406,279.3894873363706,272.0993337942639,279.3894873363706,50409100
2025-12-16,273.8645324707031,274.752131096348,271.0522107383373,272.07941349564567,37648600
2025-12-17,271.1020812988281,275.41036187784255,270.9026424636208,274.2634896625032,50138700
2025-12-18,271.45111083984375,272.8872042261758,266.22534517191764,272.86723904028526,51630700
2025-12-19,272.9271545410156,273.854622814086,269.1673684747946,271.41126100078174,144632000
2025-12-22,270.23443603515625,273.13654030849926,269.7756932559407,272.1192896847017,36571800
2025-12-23,271.62066650390625,271.7603010837797,268.8282792538215,270.1048034873943,29642000
2025-12-24,273.06671142578125,274.6823088952694,271.46109654935304,271.60070067851706,17910600
2025-12-26,272.6578369140625,274.6224904749486,272.11929424741834,273.41578359787746,21521800
2025-12-29,273.0168762207031,273.61522314661676,271.6107000753325,271.9497734782625,23715200
2025-12-30,272.33868408203125,273.3359694836473,271.54086793463244,272.06942798009953,22139600
2025-12-31,271.12200927734375,272.9370761103812,271.0123224859311,272.3187639976345,27293600
2026-01-02,270.27435302734375,277.0857995993762,268.26979943372277,271.52095990203577,37838100
2026-01-05,266.5345458984375,270.7730094869922,265.41759095171795,269.9053759278346,45647200
2026-01-06,261.6477966308594,266.82371056256306,261.40845786144683,266.27521573774703,52352100
2026-01-07,259.6233215332031,262.96423405428067,259.10474402829175,262.485556491205,48309800
2026-01-08,258.3368225097656,258.58614386359903,255.00587765735156,256.3222864925608,50419300
2026-01-09,258.6659240722656,259.5036402038468,255.52448097015204,258.3767027680543,39997000
2026-01-12,259.54351806640625,260.5906555331263,256.1028713590674,258.45648066308013,45263800
2026-01-13,260.34136962890625,261.0993163539261,257.68861696081353,258.01770778709204,45730800
2026-01-14,259.2543029785156,261.1092696408236,256.0131254420647,258.78557762508564,40019400
2026-01-15,257.5090637207031,260.3313985459844,256.35220896361545,259.9424426175537,39388600
2026-01-16,254.8363494873047,258.1971965798445,254.23797213114116,257.1999111311508,72142800
2026-01-20,246.0303192138672,254.09835490933511,242.75922413209136,252.04394930256512,80267500
2026-01-21,246.9777374267578,250.87712721718017,244.51444112970407,248.02489020045314,54641700
2026-01-22,247.67584228515625,250.31864258405668,247.47637302553753,248.52352576906395,39708300
2026-01-23,247.36666870117188,248.73296007338791,244.0157890837153,246.64863719927277,41689000
2026-01-26,254.71669006347656,255.86356228737432,249.121917868832,250.7973501838168,55969200
2026-01-27,257.56890869140625,261.2389423700868,257.5090739976807,258.4664899667647,49648300
2026-01-28,255.74386596679688,258.1572795494081,253.81909726521187,256.95057275810245,41288000
2026-01-29,257.5788879394531,258.94516415300217,253.7193980705993,257.29964922744847,67253000
2026-01-30,258.7756652832031,261.1890792690021,251.49546251262876,254.4773517832236,92443400
2026-02-02,269.2770690917969,269.7557466562268,258.50636737104884,259.3241487899344,73913400
2026-02-03,268.7485046386719,271.1419837262723,266.88355520832346,268.4692659190308,64394700
2026-02-04,275.7394104003906,278.19275421850585,271.55083028665655,271.55083028665655,90545700
2026-02-05,275.1610107421875,278.7412615768201,272.48829324857786,277.3749854862336,52977400
2026-02-06,277.3650207519531,280.14745564173626,276.1782486476445,276.3677353153735,50453400
2026-02-09,274.13079833984375,277.70443813431814,271.2160169672847,277.41494619870406,44623400
2026-02-10,273.19244384765625,274.87943562430115,272.4537718732244,274.40031021957236,34376900
2026-02-11,275.00921630859375,279.6808719096702,273.9610989943363,274.2106536370846,51931300
2026-02-12,261.2637939453125,275.22886395053104,259.7165366668213,275.09909064411113,81077200
2026-02-13,255.32435607910156,261.7628783299504,254.9949421084194,261.5432690161623,56290700
2026-02-17,263.4099426269531,265.8156532326085,255.08478749757862,257.5903108294174,58469100
2026-02-18,263.8791198730469,266.3447212846438,261.9825104325609,263.13045584681157,34203300
2026-02-19,260.11578369140625,264.00886051677537,259.5867290635135,262.13220471573277,30845300
2026-02-20,264.1086730957031,264.2783836675007,257.7001265171608,258.50868117461044,42070500
2026-02-23,265.705810546875,268.95002088588865,262.91081074777924,263.0206001676805,37308200
2026-02-24,271.6552429199219,274.4003442568012,267.233111068832,267.38283777638213,47014600
2026-02-25,273.74151611328125,274.45024283739696,270.567157599074,271.29586819299504,33714300
2026-02-26,272.4637756347656,275.61811956353745,270.31758130113775,274.4602128097023,32345100
2026-02-27,263.7093811035156,272.3240124520744,262.4217010495403,272.3240124520744,72366500
2026-03-02,264.2484130859375,266.05518620599753,259.73647625260065,261.94253069595567,41827900
2026-03-03,263.2801818847656,265.08695529305965,259.6666350681776,263.0106738027697,38568900
2026-03-04,262.0523376464844,265.67587606267574,260.95432154975975,264.17854815272653,39803100
2026-03-05,259.8263244628906,261.09405110124777,256.79173142961054,260.3254337562426,49658600
2026-03-06,257.0013427734375,258.3090066542827,253.916851068475,258.16927189629365,41120000
2026-03-09,259.41705322265625,260.68477987096253,253.22808575123491,255.2345148744848,38218500
2026-03-10,260.3653564453125,262.01244158439727,256.4922936817907,257.19102845716964,30590800
2026-03-11,260.3453674316406,261.6630231774062,259.08760235948154,260.62486739620806,26218900
2026-03-12,255.30438232421875,258.48871731031414,253.72719511663234,258.1992253881205,40794000
2026-03-13,249.6744384765625,255.87336762960538,249.07551643845036,255.024890934378,36930000
2026-03-16,252.36964416503906,253.43773019062647,249.4348789230203,251.66090222791988,32074200
2026-03-17,253.77711486816406,254.67552076289968,251.7307636559193,252.5093881906664,32361600
2026-03-18,249.49476623535156,254.48585937367065,248.55643828829037,252.1799767808244,35757900
2026-03-19,248.5165252685547,251.38140795985734,246.85947863088072,248.95572868612365,34864100
2026-03-20,247.54823303222656,248.75606899357115,245.56177255944445,247.53824109812177,88331100
2026-03-23,251.04200744628906,254.14646797882926,249.83415620831627,253.51758537106093,40546100
2026-03-24,251.1917266845703,254.37604644028636,249.10545347620703,249.90403139868116,45152300
2026-03-25,252.16998291015625,254.5457480998694,251.15181088451408,253.6473574345128,28476700
2026-03-26,252.43951416015625,256.5421934269488,250.32329549316128,251.67088153367666,41796700
2026-03-27,248.35679626464844,255.03488128462607,247.6281009352486,253.4477020992108,47900000
2026-03-30,246.19065856933594,250.4230956915925,245.07264337813007,249.62453299565456,39446200
2026-03-31,253.337890625,255.02488248828539,246.65982101631488,247.46837564153284,49598100
2026-04-01,255.17462158203125,255.7236296181179,252.8787157917901,253.62737973002484,40059400
2026-04-02,255.464111328125,255.6737439434535,250.20349485503914,253.74717405681358,31289400
2026-04-06,258.3988342285156,261.6929736576745,256.003115847535,256.053045051996,29329900
2026-04-07,253.0484161376953,255.7436185540334,245.2623079794448,255.70368128016966,62148000
2026-04-08,258.43878173828125,259.2872736156141,256.0730086009651,257.98960165960847,41032800
2026-04-09,260.02593994140625,260.65482250105316,255.6138310165902,258.5386040524215,28121600
2026-04-10,260.0159912109375,261.7229364827484,258.5585701252562,259.5168819122501,31291500
2026-04-13,258.73828125,259.71651601158027,256.2027973984465,259.2673359057164,36234700
2026-04-14,258.368896484375,261.4633801130582,256.73183388682423,258.78816168339415,48370700
2026-04-15,265.95538330078125,266.08515659729386,257.35074355126085,257.7001261657452,49913500
2026-04-16,262.9307556152344,266.6840670491935,260.804545264895,266.3246925362851,43323100
2026-04-17,269.7486267089844,271.8149160854778,266.24486962975914,266.4844323486072,61436200
2026-04-20,272.5635681152344,273.7913879220191,269.80850557942483,269.84841238867654,36590200
2026-04-21,265.69586181640625,272.3140256362382,264.9272139873882,271.0163536236942,50209800
2026-04-22,272.68341064453125,273.2523721409737,266.39461467279705,267.3429346055621,43249200
2026-04-23,272.9429016113281,275.2787294551341,271.1660737405759,274.56001085217736,33399600
2026-04-24,270.5771179199219,272.5735550213531,269.16962610782736,272.2741016414235,38157100
2026-04-27,267.1332702636719,267.88193422863776,264.59781690250213,265.6159889280984,41466800
2026-04-28,270.2277526855469,272.7432830913257,268.181416710472,271.8548539018017,40018900
2026-04-29,269.688720703125,270.55716597281076,266.56429174844374,267.07336249706583,30047900
2026-04-30,270.86663818359375,275.50834883767226,267.6623648300734,270.018146234023,91848200
2026-05-01,279.6409606933594,286.7083346607987,277.87409435408995,278.36321169794013,79915400
2026-05-04,276.33685302734375,280.13010214166496,274.3703610857382,279.16182884121525,46668400
2026-05-05,283.67376708984375,284.0630869835518,276.00745521106614,276.43668191704,49311700
2026-05-06,286.9978332519531,287.5168959460148,280.5693031693742,281.4177950537395,58336100
2026-05-07,286.9279479980469,291.60959552514373,285.2709015174152,288.75467457606095,45224300
2026-05-08,292.7974853515625,294.2349225642168,289.48339230776435,289.49338424193445,52692800
2026-05-11,292.42779541015625,293.6267735875138,289.979924827367,291.72841688276577,42247300
2026-05-12,294.54595947265625,295.0155556946294,292.3078994315659,292.3078994315659,45748100
2026-05-13,298.6124572753906,300.6607090744109,293.24708951115105,293.24708951115105,52684300
2026-05-14,297.9530334472656,300.1911240450107,295.12548538387824,299.5616620172475,35324900
2026-05-15,299.9713134765625,302.93875555297063,296.26448829773227,297.643304079477,54862800
2026-05-18,297.5833435058594,300.4009207908792,294.6558756451712,299.98126929450746,34483000
2026-05-19,298.7123718261719,300.2510533099592,296.09463441963413,296.7140952726279,42243600
2026-05-20,301.98956298828125,302.5390768782648,297.82314269813475,297.9230626302997,38229800
2026-05-21,304.7271728515625,305.27671719779084,300.1411318265125,300.80056674721834,42965100
2026-05-22,308.55389404296875,311.13165741506583,305.57645096183757,305.85620846339293,43670200
2026-05-26,308.0643005371094,311.5513139598484,307.4048960873393,309.29325163060713,48000500
2026-05-27,310.5821533203125,312.9900803339556,308.0343323058515,308.0643052358437,50430900
2026-05-28,312.24072265625,312.5304508120942,309.30325358892543,310.412282475935,48220400
2026-05-29,311.7911071777344,314.7285763294451,309.2632884033746,311.5113496628706,70026800
2026-06-01,306.0460510253906,310.67206624496237,304.7571540774977,309.363197507879,48849900
2026-06-02,314.92840576171875,315.1781903378333,306.42572903356995,307.1950545511415,44534700
2026-06-03,309.9926452636719,316.6668815001487,308.5838566628498,313.9092501546009,50836700
2026-06-04,310.9618225097656,313.26982953176514,309.38316692864953,312.96009909963743,44869100
2026-06-05,307.0751647949219,314.8984348439246,306.8853260765596,312.5903972939029,65310500
2026-06-08,301.2801818847656,317.1265012321255,300.9105055796523,308.4739595974908,77949100
2026-06-09,290.29962158203125,300.4908444635933,287.5320194610898,300.0212482417878,70108800
2026-06-10,291.3287353515625,294.4960172141002,287.1323727394638,290.4894628291428,52793300
2026-06-11,295.375244140625,296.7440586571729,289.3404406054596,293.4668864344149,42572500
2026-06-12,290.879150390625,296.88398158337014,289.3704417369658,295.7749221682621,38742100
2026-06-15,296.1645812988281,297.5233947188816,291.4486474146935,293.8665449684006,45732600
2026-06-16,298.9821472167969,300.2210994929347,293.71669913987887,294.99559499590845,39874400
2026-06-17,295.6949768066406,301.8096980081642,294.10632015937927,300.59074812548096,42745100
2026-06-18,297.7532043457031,300.31099586682666,295.3652492546472,297.8530937792582,85962200
2026-06-22,296.75408935546875,302.1594314563154,296.5043047694293,297.05381866220307,44879900
2026-06-23,294.04638671875,301.3800886038737,293.9264950024863,297.2836155142734,52010900
2026-06-24,292.8274230957031,299.4417438827621,292.68755959702736,295.1054570720635,53081900
2026-06-25,274.91290283203125,288.55113481081804,273.5141152813601,287.1523472601469,107013700
2026-06-26,283.53546142578125,285.70360492137456,273.9737007161028,274.7630284991681,261775500
2026-06-29,281.4972229003906,288.12151489662153,279.6088673150861,286.4829438934296,66427000
2026-06-30,289.11065673828125,289.69017405322865,280.45814550695326,280.9277417485351,65100200
2026-07-01,294.1263427734375,296.33442991747245,288.95081360688545,293.1871503157195,50164200
2026-07-02,308.3640441894531,309.15337194761725,293.4269150966668,293.866538367699,75352800
2026-07-06,312.3905944824219,313.9292760509671,306.7354678654279,307.0951430290638,53590000
2026-07-07,310.3923034667969,315.20815732134815,309.88273318392555,315.0183186077797,42490000
2026-07-08,313.1199645996094,314.5487250421545,306.7854009831778,311.6412289475945,41323500
2026-07-09,315.947509765625,316.2572401947346,307.8944576262147,310.24243869469103,48124500
2026-07-10,315.0483093261719,316.6369356310425,311.9010296470402,314.4488202226986,34132300
2026-07-13,317.03656005859375,323.171283634363,315.5078797345754,316.7468014245228,43257800
2026-07-14,314.58868408203125,315.91755515351207,311.64124426456783,313.48965629761443,36336800
2026-07-15,327.2178039550781,328.44675508114506,317.0465830462295,317.34631234952286,60957600
2026-07-16,332.97283935546875,334.3915986652446,326.50841333986017,327.72736328456057,62970600
2026-07-17,333.452392578125,334.7013154010385,328.71648699084636,331.693929977533,63407100
2026-07-20,326.3085632324219,333.4224228207836,323.4010672140761,333.2226134619852,53468000
2026-07-21,327.45758056640625,329.3159936819017,321.94234806189104,322.85156758462244,41338900
2026-07-22,325.60919189453125,328.7164973399543,323.0613709608057,327.58746619388995,38755900
2026-07-23,321.3828430175781,323.0214140443725,319.0748358849152,321.4527900194849,40840800
2026-07-24,332.7330322265625,334.0818750563203,321.3428614810286,321.5127284115298,47489400
2026-07-27,336.61968994140625,339.277401491225,333.73216560461384,334.2517370375488,49604300
2026-07-28,339.78692626953125,342.59453283396704,335.31080637618777,339.73698155301014,51859000
2026-07-29,337.8985900878906,344.2730974331505,337.0593175600121,339.43727163464206,56090800
2026-07-30,333.1426696777344,334.4615395264105,329.30598233808786,332.8129674612056,74817800
2026-07-31,308.6438293457031,310.4222943774597,299.7415030462749,304.54735603914753,132489100
2026-08-03,303.1585693359375,311.5313230344714,302.29929450581176,309.313234694189,75052000
2026-08-04,309.1134033203125,310.1525156602479,301.0603512911937,302.46913991298527,68001000
2026-08-05,310.7320251464844,311.4414048335362,305.40663118634393,309.09342362565195,49438800
2026-08-06,312.14080810546875,316.0174696892129,308.96355554648414,314.06913775686996,46139900
2026-08-07,313.05999755859375,314.53873325457766,310.47223295908327,311.1816431226555,34437200
2026-08-10,308.260009765625,308.260009765625,304.6099853515625,306.8299865722656,44812500
2026-08-11,304.9100036621094,309.9700012207031,302.7900085449219,307.75,37476700
2026-08-12,302.25,305.6600036621094,300.57000732421875,305.1000061035156,41657800
2026-08-13,305.260009765625,306.0,302.04998779296875,304.2099914550781,40349300
2026-08-14,305.92999267578125,307.489990234375,304.29998779296875,306.0,28229400
2026-08-17,305.5899963378906,307.6600036621094,302.94000244140625,306.2099914550781,38169300
2026-08-18,310.0299987792969,311.489990234375,305.739990234375,307.5799865722656,53424500
2026-08-19,316.8299865722656,319.2799072265625,309.6000061035156,310.1300048828125,50009121
