Date,Close,High,Low,Open,Volume
2021-08-23,146.02281188964844,146.49098584387335,144.24762936861552,144.65728343893502,60131800
2021-08-24,145.93504333496094,147.14450905669656,145.47661765156835,145.76923200651873,48606400
2021-08-25,144.70608520507812,146.61781948232644,144.15987966385998,146.120370599229,58991300
2021-08-26,143.90628051757812,145.44736901605114,143.87702056810593,144.69634380228402,48597200
2021-08-27,144.9401397705078,145.08643947056316,143.21372889495123,143.847714105832,55802400
2021-08-30,149.34881591796875,149.70971334019745,144.9498976782118,145.33029180641267,90956700
2021-08-31,148.0906524658203,149.0367639848494,147.56394353616105,148.9002125740095,86453100
2021-09-01,148.75381469726562,151.1629820772436,148.58800342565723,149.06594053769027,80313700
2021-09-02,149.86575317382812,150.9094073223183,148.6465393833382,150.08033599159282,71115500
2021-09-03,150.49978637695312,150.8216606743961,149.3195806196622,149.9730775691431,57808700
2021-09-07,152.83087158203125,153.38682526635796,150.5875154931645,151.1532324117816,82278300
2021-09-08,151.289794921875,153.17225378958634,150.18762094012845,153.113733911437,74420200
2021-09-09,150.2754364013672,152.26518694823613,150.15838174591684,151.66046161317462,57305700
2021-09-10,145.30101013183594,151.650669593774,145.03765581078468,151.18249570977798,140893200
2021-09-13,145.86676025390625,147.6906995642944,145.08646034770857,146.92016289482572,102404300
2021-09-14,144.47195434570312,147.34931083330153,143.29176371635268,146.64704249063803,109296300
2021-09-15,145.35955810546875,145.75946384011283,142.76506733146184,144.9011324843855,83281300
2021-09-16,145.12545776367188,145.301032298818,143.59413289330473,144.78408681235823,68034100
2021-09-17,142.4626922607422,145.15472586644688,142.17007797103764,145.15472586644688,129868800
2021-09-20,139.41954040527344,141.272739448902,137.79067253613061,140.25836010441694,123478900
2021-09-21,139.89744567871094,141.0386427665462,139.2634605258952,140.38513114487054,75834000
2021-09-22,142.2578887939453,142.82359096635926,140.16083188261564,140.89236024826914,76404300
2021-09-23,143.21377563476562,143.45761846975984,142.05308135891542,143.0382010544173,64838200
2021-09-24,143.301513671875,143.8379707289355,141.97500844122595,142.0725514999574,53477900
2021-09-27,141.78970336914062,142.36518367517027,140.2778899497781,141.8872464401241,74150700
2021-09-28,138.41493225097656,141.18498292082313,138.20034939372246,139.72192610299075,108972300
2021-09-29,139.31227111816406,140.89236770909372,138.53197117688373,138.9611368887371,74602000
2021-09-30,138.0150146484375,140.82408826037346,137.80043180958225,140.12181985738948,89056700
2021-10-01,139.13670349121094,139.40005789714257,135.68389579904266,138.40517505038864,94639600
2021-10-04,135.71316528320312,138.70756238856447,134.86459699477155,138.26863338683822,98322000
2021-10-05,137.6346435546875,138.73681787676418,135.9277437943665,136.05454682483122,80861100
2021-10-06,138.50270080566406,138.64900052233625,134.96209883237336,136.035013031244,83221100
2021-10-07,139.76092529296875,140.66802820004892,139.20497147758243,139.53659409609236,61732700
2021-10-08,139.38050842285156,140.6289820985626,139.04888585839274,140.48268240335435,58773200
2021-10-11,139.29273986816406,141.24348200456123,138.31736879996546,138.76604603984862,64452200
2021-10-12,138.02479553222656,139.7219470532615,137.56636980326286,139.7024354588627,73035900
2021-10-13,137.43954467773438,137.91746698955632,135.77165355544514,137.76141892529833,78762700
2021-10-14,140.21939086914062,140.33644556071278,138.02480516024534,138.6100339691455,69907100
2021-10-15,141.27273559570312,141.33125547588753,139.97549034735292,140.22909633879294,67940300
2021-10-18,142.94064331054688,143.22349439217342,139.63413574665708,139.91698682828363,85589200
2021-10-19,145.09617614746094,145.49608180607396,142.9406146975332,143.38927699692093,76378900
2021-10-20,145.58387756347656,146.06181473584434,144.4719551618084,145.03767215675973,58418800
2021-10-21,145.79847717285156,145.95454013073487,144.2281290062348,145.14498028007083,61421000
2021-10-22,145.02792358398438,146.48121692115393,144.97915205496275,146.00329463249273,58883400
2021-10-25,144.97915649414062,145.69117321411855,143.98427382696465,145.0181647887637,50720600
2021-10-26,145.64242553710938,147.12497895180522,145.34004798248478,145.6521738906202,60893400
2021-10-27,145.18402099609375,146.0423376021523,144.83288673993832,145.68145499107032,56094900
2021-10-28,148.8123779296875,149.39759166799496,146.03256430303534,146.1301073675776,100077900
2021-10-29,146.1105499267578,146.24710124447626,142.80404348495375,143.59409145768024,124953200
2021-11-01,145.291259765625,146.0130247261565,144.1598259189258,145.3205197027828,74588300
2021-11-02,146.3251495361328,147.8369774382172,144.98888125575905,144.99864449006242,69122000
2021-11-03,147.7589874267578,148.2271614322934,146.13011931995035,146.6860731609645,54511500
2021-11-04,147.24205017089844,148.6758322133497,146.92992422765454,147.84677558220335,60394600
2021-11-05,147.76950073242188,148.66815006608644,146.57781000839395,148.36534609443586,65463900
2021-11-08,146.94895935058594,148.0527418478978,146.67545809713351,147.8964511588677,55020900
2021-11-09,147.31036376953125,147.91597153908737,146.5777679561521,146.71451857846154,56787900
2021-11-10,144.48748779296875,146.64621090035791,144.4191199061072,146.53876287411308,65187100
2021-11-11,144.4386444091797,145.96244193460964,144.25305100972494,145.50336208425588,41000000
2021-11-12,146.50941467285156,146.90988909643477,144.05765090115398,144.98560270947831,63804000
2021-11-15,146.51922607421875,148.35560514385503,145.96244586087764,146.88063539569578,59222800
2021-11-16,147.49598693847656,147.97462166575806,145.87450429964008,146.46058703081326,59256200
2021-11-17,149.92822265625,151.40317727562876,147.48623592599793,147.49599850722544,88807000
2021-11-18,154.2065887451172,154.9880275581461,149.49844560723523,150.14313374583702,137827700
2021-11-19,156.82437133789062,157.28346597858675,152.89765298958213,153.9916581394781,117305600
2021-11-22,157.28346252441406,161.85485386154411,157.26392246010866,157.92813559947206,117467900
2021-11-23,157.66444396972656,158.04539332554327,155.36897034832776,157.38116514595987,96041900
2021-11-24,158.1821746826172,158.37753068932273,155.93554334373385,157.01978632136363,69463600
2021-11-26,153.171142578125,156.72667394842426,152.73158803573577,155.86710492688786,76959800
2021-11-29,156.52159118652344,157.44954318891868,155.10522691977297,155.67176964553224,88748200
2021-11-30,161.4641571044922,161.67905311784355,156.20899716750552,156.27737994661885,174048100
2021-12-01,160.94647216796875,166.34814584365344,160.71203606659066,163.5935775451036,152052500
2021-12-02,159.9598388671875,160.3896307699075,154.1381528340684,155.05634191629767,136739200
2021-12-03,158.0844268798828,161.1320360204304,156.01362719703414,160.21384675586103,118023100
2021-12-06,161.48370361328125,163.98429560873123,160.4678287996897,160.47759138079394,107497000
2021-12-07,167.20770263671875,167.598429443289,164.4336093812365,165.15644279486372,120405400
2021-12-08,171.0172119140625,171.87679598965886,166.7388465074218,168.13567063026588,116998900
2021-12-09,170.50929260253906,172.64847553279014,169.8841445461616,170.85117673379307,108923700
2021-12-10,175.28582763671875,175.4616584549351,170.63628965473916,171.14422713494562,115402700
2021-12-13,171.66188049316406,177.90359710458122,171.4567470785072,176.9170250648393,153237000
2021-12-14,170.28463745117188,173.61551126067369,168.21383726682737,171.18328686899508,139380400
2021-12-15,175.13926696777344,175.33462289814014,168.31146765189683,171.04649539113694,131063300
2021-12-16,168.2626495361328,176.93659123544322,166.78769490587976,175.11975249855263,150185800
2021-12-17,167.1686248779297,169.444558052229,165.75227570894924,165.98669687061619,195432700
2021-12-20,165.81089782714844,166.62163920449956,163.5740445559153,164.375008447403,107499100
2021-12-21,168.97573852539062,169.18085708761444,165.19553249835857,167.5789142050935,91185900
2021-12-22,171.56422424316406,171.7791202742142,168.15520530032774,169.02455200604697,92135300
2021-12-23,172.18939208984375,172.74617229930396,171.20283467351487,171.76937746561768,68356600
2021-12-27,176.14537048339844,176.23327841950962,172.96102548062714,172.9805506410723,74919600
2021-12-28,175.12948608398438,177.12215528727302,174.38712760111903,175.97930746687297,79144300
2021-12-29,175.2174530029297,176.43844648209003,174.00622210590865,175.16861028282216,62348900
2021-12-30,174.0647735595703,176.37978661508689,173.95732557045602,175.30530672394408,59773000
2021-12-31,173.44937133789062,175.0708385514296,173.14655258436343,173.95729364348202,64062300
2022-01-03,177.78634643554688,178.63616771335631,173.58614236707933,173.703352927591,104487900
2022-01-04,175.52999877929688,178.69481886787932,174.96345608354855,178.39201490568885,99310400
2022-01-05,170.86093139648438,175.9891036993743,170.58743006603996,175.44210103848545,94537600
2022-01-06,168.00868225097656,171.23210762394186,167.65703557565845,168.69243553501073,96904000
2022-01-07,168.1747283935547,170.09901499255682,167.06118311991872,168.8780217142409,86709100
2022-01-10,168.19427490234375,168.4970788622131,164.2675561955421,165.1564429133354,106765600
2022-01-11,171.0172119140625,171.1148824378415,166.85607200254188,168.32126400156088,76138300
2022-01-12,171.45677185058594,173.06847713761263,170.76325596284155,172.0330771442787,74805200
2022-01-13,168.19427490234375,172.52146809219963,167.80354809549323,171.70096415486904,84505800
2022-01-14,169.0538787841797,169.7473947274692,167.11981439919933,167.36401309283474,80440800
2022-01-18,165.85975646972656,168.5361646254104,165.4788071020713,167.53006719532837,90956700
2022-01-19,162.37257385253906,167.1100339648471,162.08930995625335,166.05509393247632,94815000
2022-01-20,160.6924591064453,165.74248492301732,160.37011513031928,163.10514273299674,91420500
2022-01-21,158.64120483398438,162.4702376425932,158.5337568383858,160.604556493883,122848900
2022-01-24,157.86953735351562,158.53376542721094,151.11012055841888,156.30667494751387,162294600
2022-01-25,156.0722198486328,158.98306320756222,153.37627246633923,155.2907812885663,115798400
2022-01-26,155.984375,160.57530790290645,154.1577733646561,159.70596106577034,108275300
2022-01-27,155.5252685546875,160.03805574105326,154.60707906202995,158.68031157129744,121954600
2022-01-28,166.37745666503906,166.3969967339565,159.02219316405643,161.86466955096992,179935700
2022-01-31,170.7241668701172,170.93906288440527,165.576454917367,166.21138037947398,115541600
2022-02-01,170.55809020996094,170.78274877423786,168.31145985308757,169.97200754131524,86213900
2022-02-02,171.7595672607422,171.79864739328102,169.30781806090394,170.69486467196293,84914300
2022-02-03,168.8877716064453,172.15027672857178,168.12587305039293,170.43110878285196,89418100
2022-02-04,168.60418701171875,170.27664070855118,166.93173331488632,167.90977257243412,82465400
2022-02-07,167.89022827148438,170.12993168140494,167.19581380846196,169.06387243592252,77251200
2022-02-08,170.99058532714844,171.49916986063508,167.66524328351184,167.95865801143464,74829200
2022-02-09,172.40875244140625,172.77062217708496,171.05905354274313,172.1838075995271,71285000
2022-02-10,168.34007263183594,171.62628436106874,167.78259814649985,170.31571564595043,90865900
2022-02-11,164.93650817871094,169.27900403758753,164.34967876719554,168.54547473503922,98670700
2022-02-14,165.17123413085938,165.85585845870224,162.90217644579033,163.69438566255786,86185500
2022-02-15,168.995361328125,169.15185115822308,166.5111487010071,167.21533801275692,62527400
2022-02-16,168.76063537597656,169.5332796330186,166.31553783336227,168.07601104878276,61177400
2022-02-17,165.17123413085938,168.13469116142224,164.77023455180458,167.27401205002488,69589300
2022-02-18,163.62599182128906,166.79482987221778,162.5403675088088,166.09065524599768,82772700
2022-02-22,160.71141052246094,163.02935867994262,158.58905229899906,161.35690506054718,91162800
2022-02-23,156.55474853515625,162.50121399005073,156.24176881453315,161.90460945584556,90009200
2022-02-24,159.16612243652344,159.27370735740539,148.66197489078866,149.22923948055748,141147500
2022-02-25,161.22975158691406,161.4938113988268,157.3371452242796,160.24192254485857,91974200
2022-02-28,161.4938201904297,161.78723492110947,158.86289248069977,159.479061922758,95056600
2022-03-01,159.61598205566406,162.94132403155473,158.41299811175085,161.08304074169718,83474400
2022-03-02,162.90219116210938,163.6846254319098,159.37146939131958,160.7798480922219,79724800
2022-03-03,162.57948303222656,165.20063634825544,161.91442341280975,164.7702966304226,76678400
2022-03-04,159.58663940429688,161.91437725608384,158.54014531943216,160.87765818976635,83737200
2022-03-07,155.8016357421875,161.3960207362876,155.54733601828758,159.7724722055909,96418800
2022-03-08,153.98248291015625,159.30301816152476,152.37849933499598,155.33218168421902,131148300
2022-03-09,159.3714599609375,159.82136448965088,155.9092082958325,157.93374136581392,91454900
2022-03-10,155.03875732421875,156.86768560681452,152.55452973284972,156.68185579600046,105342000
2022-03-11,151.33200073242188,155.78208206231224,151.10705589580672,155.4397623739769,96970100
2022-03-14,147.31224060058594,150.73537736075448,146.80367102699051,148.1240148231261,108732100
2022-03-15,151.68406677246094,152.15353624322603,147.07751138372214,147.58608092484786,92964300
2022-03-16,156.08526611328125,156.48626575095446,151.06793536575267,153.60105321090987,102300200
2022-03-17,157.09263610839844,157.4642957434988,154.16830873861088,155.12678288189394,75615400
2022-03-18,160.37884521484375,160.86786475806085,156.25151907619613,156.98504839102176,123511700
2022-03-21,161.7481231689453,162.69682236043158,159.4301601813594,159.9191797677464,95811400
2022-03-22,165.11257934570312,165.6993938917205,161.28844262082922,161.87525716684658,81532000
2022-03-23,166.47206115722656,168.8486892835288,163.9682682338466,164.3008129085659,98062700
2022-03-24,170.2472686767578,170.31572365157868,166.47203725633872,167.30336151454603,90131400
2022-03-25,170.8830108642578,171.43071043053845,168.95627243907444,170.06146151483682,80546200
2022-03-28,171.7436981201172,171.87083307439428,168.22275085370143,168.38901573521346,90371900
2022-03-29,175.02992248535156,175.07881251217484,172.467449330379,172.80976906031557,100589400
2022-03-30,173.86598205566406,175.66557007713848,172.819473253499,174.62885121528234,92633200
2022-03-31,170.77542114257812,174.1203133341303,170.5700263491638,173.93448350287292,103049300
2022-04-01,170.48199462890625,171.0394840841696,168.16404671715162,170.20814487239906,78751300
2022-04-04,174.5213165283203,174.57022147286082,170.60915974417932,170.73630961524591,76468400
2022-04-05,171.21554565429688,174.38439814013864,170.58960114244232,173.60196376939686,73401800
2022-04-06,168.0564727783203,169.81694627331598,166.3938091700385,168.57483234577828,89058800
2022-04-07,168.3596649169922,169.55287391806212,166.11996174699982,167.401190693142,77594700
2022-04-08,166.35467529296875,168.00756384278074,165.48422104719532,168.00756384278074,76575500
2022-04-11,162.1099853515625,165.31795249524248,161.8654755697351,165.00498773482366,72246700
2022-04-12,163.97804260253906,166.13950070260202,162.9804385205217,164.33013728303388,79265200
2022-04-13,166.65785217285156,167.28379658301122,163.10758048377514,163.71395993382896,70618900
2022-04-14,161.66009521484375,167.50878046321276,161.4155854111937,166.87304601950618,75329400
2022-04-18,161.4449005126953,162.94129894819648,159.97784205250275,160.3201467390001,69023900
2022-04-19,163.72373962402344,164.13452917950872,160.31039271090148,161.3960167105301,67723800
2022-04-20,163.5574951171875,165.17126878968486,162.45232094308298,165.05389393478876,67929800
2022-04-21,162.7653045654297,167.76308617115384,162.26650987641895,165.2006278854853,87227800
2022-04-22,158.23695373535156,164.18343379206294,157.95332893712188,162.80440987833427,84882400
2022-04-25,159.30299377441406,159.58661851207708,154.9800632753819,157.58163561913904,96046400
2022-04-26,153.3565216064453,158.7748512209157,153.2782766938566,158.6868312906376,95623200
2022-04-27,153.131591796875,156.28086402556207,151.96772285920957,152.48608239761126,88063200
2022-04-28,160.04635620117188,160.90703559165522,155.43978436635686,155.7527641169675,130216800
2022-04-29,154.18788146972656,162.55012002443183,153.7966717400247,158.2858683064252,131747600
2022-05-02,154.49107360839844,154.7551334388098,149.9040675207667,153.2685246478865,123055300
2022-05-03,155.9776611328125,157.18065989099466,152.88706912402677,154.67686742533908,88966500
2022-05-04,162.3740234375,162.82391297722876,155.7624708783281,156.16347041168282,108256500
2022-05-05,153.32720947265625,160.47667363266967,151.5471709663278,160.25172879543595,130525300
2022-05-06,154.05201721191406,156.16768941381943,151.01563498071906,152.80807823964273,116124600
2022-05-09,148.93914794921875,152.63177739233632,148.38085428930862,151.75023984870148,131577900
2022-05-10,151.33885192871094,153.52309446613708,149.79127784510368,152.328132388233,115366700
2022-05-11,143.49327087402344,152.2595803376125,142.81742986905113,150.34960463592216,142689800
2022-05-12,139.6341094970703,143.19940187956024,135.95128476595931,139.83980605277625,182602000
2022-05-13,144.0907440185547,145.0604308345469,140.17283922837782,141.62245981596948,113990900
2022-05-16,142.5529327392578,144.49230601105745,141.22084476017127,142.56273706460962,86643800
2022-05-17,146.17701721191406,146.69613834453236,143.66954586445135,145.80481151470883,78336300
2022-05-18,137.92982482910156,144.33559163369299,137.02869370903522,143.8360642275501,109742900
2022-05-19,134.53106689453125,138.75260707730666,133.7964597180681,137.00914057415054,136095600
2022-05-20,134.76608276367188,137.81225334878067,129.88829706526903,136.23529658390538,137426100
2022-05-23,140.1728057861328,140.31972120246527,134.8248604473741,134.96198648449013,117726300
2022-05-24,137.47930908203125,139.05626669509965,134.5114967645211,137.92007047604906,104132700
2022-05-25,137.63600158691406,138.87992561613757,135.50073567160547,135.5888849437953,92482700
2022-05-26,140.82907104492188,141.37757526410218,134.32535040420584,134.57021942674126,90601500
2022-05-27,146.56881713867188,146.6079896103765,142.27870662441157,142.4060433122878,90978500
2022-05-31,145.7852325439453,147.56788638378129,143.82628016379354,146.01052282850958,103718400
2022-06-01,145.6579132080078,148.62572491730577,144.6490389655957,146.8234773391278,74286600
2022-06-02,148.10658264160156,148.16534881431244,143.84585577263883,144.7959487531145,72348100
2022-06-03,142.39627075195312,144.93311080828775,141.4951543400914,143.88506398253034,88570300
2022-06-06,143.1407012939453,145.52083706346062,141.92614500106757,144.01243481876756,71598400
2022-06-07,145.6579132080078,145.94195473174813,141.14252729935507,141.3873963509184,67808200
2022-06-08,144.92327880859375,146.79406665216868,144.43354079753493,145.5305491597089,53950200
2022-06-09,139.7124786376953,144.91349464755012,139.60473566244548,144.06135517233236,69473000
2022-06-10,134.31558227539062,137.87107088214006,134.24701176433422,137.40092646925825,91437900
2022-06-13,129.17333984375,132.4251934035628,128.7423678783914,130.14301182018457,122207100
2022-06-14,130.03524780273438,131.1420606306549,128.7815195311164,130.39766413988795,84784300
2022-06-15,132.6504364013672,134.5212392737676,129.44756042743367,131.53383428431485,91533000
2022-06-16,127.39065551757812,129.67283655853572,126.39158573948599,129.36920136755154,108123900
2022-06-17,128.85987854003906,130.34868645706888,127.14579529566508,127.40046865716874,134520300
2022-06-21,133.08143615722656,134.24701531100777,130.58378362269173,130.68172228241795,81000500
2022-06-22,132.57211303710938,134.93263938077834,131.16166488175563,132.0235937967665,73409200
2022-06-23,135.4321746826172,135.74559928638683,132.84635818263115,134.0119372202921,72433800
2022-06-24,138.75262451171875,138.99749360130787,136.90141479225005,137.02873655581266,89116800
2022-06-27,138.75262451171875,140.54506804098577,138.07678343315314,139.77127334833523,70207900
2022-06-28,134.61920166015625,140.47646473111445,134.50166930718802,139.21294709984699,67083400
2022-06-29,136.37245178222656,137.78289974267364,133.8649953839291,134.63878986432783,66242400
2022-06-30,133.91397094726562,135.5301005021527,131.02451949836083,134.43309207438057,98964500
2022-07-01,136.07859802246094,136.18634098386156,132.87572215700436,133.2479128863371,71051600
2022-07-05,138.6546173095703,138.70359409768392,134.1196387404863,134.94240992218974,73353800
2022-07-06,139.98672485351562,141.16209320483665,138.18449238511542,138.44895512148898,74064300
2022-07-07,143.34632873535156,143.54222096010838,140.33933002838788,140.34911940865916,66253700
2022-07-08,144.02218627929688,144.52172874952925,142.0240612352335,142.2787196887486,64547800
2022-07-11,141.89671325683594,143.63039032716094,140.8290877786715,142.68029721118097,63141600
2022-07-12,142.86636352539062,145.4032026642234,142.0729903924104,142.76840995155382,77588800
2022-07-13,142.50399780273438,143.44428658574307,139.20315284375937,140.05530730128564,71185600
2022-07-14,145.42286682128906,145.89301132311968,140.30999865880517,141.1229658895353,78140700
2022-07-15,147.08795166015625,147.763792686889,145.15838218653053,146.7059565075189,76259900
2022-07-18,144.0515594482422,148.45920196700573,143.6891431225671,147.64623499784832,81420900
2022-07-19,147.90090942382812,148.1261847699647,143.89485526545627,144.88412086859606,82982400
2022-07-20,149.89903259277344,150.56508418725386,147.28383290571463,148.01844006316782,64823400
2022-07-21,152.16162109375,152.3771070356204,148.821603940378,151.32906041419434,65086600
2022-07-22,150.92747497558594,153.07253011561605,150.2614383736218,152.20079694797485,66675400
2022-07-25,149.81089782714844,151.85799971719163,149.15465049641978,150.84914031891685,53623900
2022-07-26,148.48858642578125,149.94799628582763,147.70500253719806,149.13502930916428,55138700
2022-07-27,153.57205200195312,154.1009774684585,149.03708779660727,149.44846596743406,78620700
2022-07-28,154.12057495117188,154.40461645264705,151.24091273921562,153.7581586202447,81378700
2022-07-29,159.17466735839844,160.27169083424704,156.22644946059978,157.93074338059327,101786900
2022-08-01,158.19520568847656,160.2325181068246,157.58793518866128,157.70546755749734,67829400
2022-08-02,156.7259521484375,159.07670355733856,156.35376142488207,156.81411634866453,59907000
2022-08-03,162.7203826904297,163.17093336402678,157.45079605540153,157.53894532472003,82507500
2022-08-04,162.4069366455078,163.75861850349844,161.05525478751719,162.60282888470158,55474100
2022-08-05,162.18133544921875,162.67175374212067,159.87636348602825,160.08234575425365,56697000
2022-08-08,161.71051025390625,164.59417198149717,161.05335158963675,163.18176501562593,60276900
2022-08-09,161.75961303710938,162.6423751902944,160.12161727807143,160.8768658503071,63135500
2022-08-10,165.99679565429688,166.0948703368816,163.70162657940335,164.46667794890814,70170500
2022-08-11,165.26119995117188,167.71329198279503,164.9669459141007,166.80110596451257,57149200
2022-08-12,168.80201721191406,168.87066800455992,166.15374591104305,166.56571053244468,68039400
2022-08-15,169.87110900878906,170.06727335382837,168.0663730882192,168.2331135298216,54091700
2022-08-16,169.71414184570312,170.38111846177,168.3704006026436,169.4689327157213,56377100
2022-08-17,171.20506286621094,172.77439273368478,169.26301023326062,169.45917459589717,79542000
2022-08-18,170.81271362304688,171.54834118381174,169.8024529702403,170.4203849105247,62290100
2022-08-19,168.23309326171875,170.41055165199725,168.02711099609633,169.7141510996703,70346300
2022-08-22,164.35882568359375,166.6049353146799,163.93705808753546,166.43819485878106,69026800
2022-08-23,164.02528381347656,165.4769326102334,163.45639684713305,163.87816432492966,54147100
2022-08-24,164.31959533691406,164.8884825026039,163.0641253734546,164.11362798077442,53841500
2022-08-25,166.7716827392578,166.8795753877456,165.12388407113372,165.54563671843377,51218200
2022-08-26,160.4844970703125,167.77212157949262,160.42564926256463,167.30132415112922,78961000
2022-08-29,158.28741455078125,159.77827539995786,156.7573118566176,158.06181135805244,73314000
2022-08-30,155.86474609375,159.44479366035216,154.69754815714236,159.02304111055471,77906200
2022-08-31,154.20712280273438,157.5027341926007,154.12865408316875,157.23790413486398,87991100
2022-09-01,154.93296813964844,155.38414463005734,151.70600708998924,153.63825654168207,74229900
2022-09-02,152.82415771484375,157.286967514474,152.00025851175562,156.6886565527691,76957800
2022-09-06,151.56866455078125,154.079603619405,150.74476547508485,153.47148977301632,73714800
2022-09-07,152.97128295898438,153.6676685648947,150.66631095885003,151.85312983190147,87449600
2022-09-08,151.50006103515625,153.36364499716552,149.75415773532657,151.67660447799875,84923800
2022-09-09,154.35423278808594,154.79562117924561,151.7844459877441,152.49064945394716,68028800
2022-09-12,160.29811096191406,161.11220709833708,156.24726616785827,156.53170218353472,104956000
2022-09-13,150.89190673828125,157.46350930410847,150.43091231518306,156.8357744463717,122656600
2022-09-14,152.333740234375,154.08944624806267,150.66632089509483,151.82370097735972,87965400
2022-09-15,149.4500732421875,152.26508456095567,148.47905455230304,151.6863795720259,90481100
2022-09-16,147.81207275390625,148.44962552428208,145.5267216779744,148.31230899881908,162278800
2022-09-19,151.51963806152344,151.59810678770754,146.2427471814607,146.44871449211215,81474200
2022-09-20,153.89328002929688,155.05067517637016,150.14649142825516,150.46035140561636,107689800
2022-09-21,150.7742156982422,155.69802002410492,150.6565200858437,154.32483969180942,101696800
2022-09-22,149.81298828125,151.50983141556574,148.0180554999838,149.45988650515864,86652500
2022-09-23,147.5472412109375,148.5673196468233,145.71308157487604,148.29268659863374,96029900
2022-09-26,147.88075256347656,150.82326264584486,146.77240230987616,146.79202323434507,93339400
2022-09-27,148.85179138183594,151.75507497309587,147.07647912072952,149.81302224747262,84442700
2022-09-28,146.96856689453125,147.75323924438212,142.06438341593866,144.81072915722658,146691400
2022-09-29,139.74960327148438,143.9083561021041,137.98409428837317,143.3002421615135,128138200
2022-09-30,135.55162048339844,140.35772899315157,135.35545614892226,138.5725991267457,124925300
2022-10-03,139.72018432617188,140.32831325471835,135.05140704196927,135.56144631438175,114311700
2022-10-04,143.30026245117188,143.41795807791704,141.4955113649154,142.25075989142124,87830100
2022-10-05,143.59449768066406,144.55572849466822,140.26946161653336,141.30916116839794,79471000
2022-10-06,142.64308166503906,144.7126478104947,142.43711432828448,143.0158044200555,68402200
2022-10-07,137.4053955078125,140.35772324812106,136.7776606833551,139.80844218113944,85925600
2022-10-10,137.7290802001953,139.17091126885134,135.91454138275128,137.7290802001953,74899000
2022-10-11,136.31668090820312,138.64127407342733,135.57125040118655,137.21904887976436,77033700
2022-10-12,135.68899536132812,137.67029041418004,135.5124518742985,136.46386502032027,70433700
2022-10-13,140.24984741210938,140.8383404618952,131.7950247428473,132.4031536839207,113224000
2022-10-14,135.7281951904297,141.75053227831364,135.5418338120233,141.5445499741852,88598000
2022-10-17,139.6809539794922,140.16155437004147,137.5819641011487,138.36663643162046,85250900
2022-10-18,140.9952850341797,143.88875049899616,137.91545818930572,142.70194639396894,99136600
2022-10-19,141.10311889648438,142.1722269335314,138.7883444956406,138.97470579806395,61758300
2022-10-20,140.6421661376953,143.09425775385319,139.91634163141597,140.2792613677454,64522000
2022-10-21,144.4478302001953,145.0167173026428,139.9163543059083,140.1321395849877,86548600
2022-10-24,146.58604431152344,147.3510957532076,143.2021606323234,144.3693587197694,75981900
2022-10-25,149.42068481445312,149.5678193244191,146.49779513966664,147.21380186240924,74732300
2022-10-26,146.48794555664062,149.07735346461445,145.20303709712394,148.06709300971718,88194300
2022-10-27,142.02516174316406,146.1937178528811,141.36800292889203,145.23250204640354,109180200
2022-10-28,152.7554931640625,154.48176014348397,144.98726930709842,145.35997702745019,164762400
2022-10-31,150.40150451660156,151.2842665764986,149.0087181195706,150.22496108445085,97943200
2022-11-01,147.76304626464844,152.47106552613408,146.27218522217615,152.10816072803473,80379300
2022-11-02,142.25071716308594,149.25388921211223,142.22129326523782,146.09559446780847,93604600
2022-11-03,136.2185821533203,140.06345955714755,136.09106861510674,139.33763513663766,97918500
2022-11-04,135.95333862304688,140.16810151754257,132.0234836201314,139.59827074317496,140814800
2022-11-07,136.48385620117188,136.70981865595215,133.29084915754692,134.70559929239224,83374600
2022-11-08,137.0537109375,138.94985902565782,135.07896394018204,137.9477566640864,89908500
2022-11-09,132.50486755371094,136.12034157773797,132.22977893126608,136.07121539704306,74917800
2022-11-10,144.29446411132812,144.29446411132812,137.05371017047622,138.7632027049217,118854000
2022-11-11,147.07484436035156,147.37940577392345,141.83830991998155,143.26289458275522,93979700
2022-11-14,145.67970275878906,147.644629976999,144.84460269456784,146.3576050476643,73374100
2022-11-15,147.40887451171875,150.8966242970365,145.95483216140596,149.55065357357725,89868300
2022-11-16,146.18077087402344,147.24183349471545,144.70707528826344,146.51481993344615,64218300
2022-11-17,148.07693481445312,148.82360185357618,143.58706836561342,143.86215701114332,80389400
2022-11-18,148.63693237304688,150.02220984195606,147.34008803390304,149.63904958366277,74829600
2022-11-21,145.41445922851562,147.73307435769456,145.12955132737417,147.52676535819396,58724100
2022-11-22,147.54640197753906,147.7821986794849,144.3533947208252,145.53236323934706,51804100
2022-11-23,148.42083740234375,149.16750461394776,146.7211639605135,146.82923559559399,58301400
2022-11-25,145.51272583007812,146.26922721502757,144.54008119228595,145.70921560778717,35195900
2022-11-28,141.69097900390625,144.06854041593803,140.86571272691268,142.5948442107868,69246000
2022-11-29,138.69442749023438,142.27059550015326,137.88881488460692,141.75971007267643,83763800
2022-11-30,145.43414306640625,146.11204561728894,138.0853166275374,138.92040202331182,111380900
2022-12-01,145.70919799804688,146.51482547786148,144.03901260255705,145.61096061666942,71250400
2022-12-02,145.2179718017578,145.40464232225125,143.09584639700262,143.4004227674544,65447400
2022-12-05,144.05870056152344,148.27346450913342,143.21378092513402,145.1787089175549,68826400
2022-12-06,140.40390014648438,144.71691547188212,139.43125562304482,144.49095300364328,64727200
2022-12-07,138.4684600830078,140.85584008868295,137.5449416476374,139.69653991914743,69721100
2022-12-08,140.14845275878906,141.0032064446931,138.62564588690643,139.86354485762612,62128300
2022-12-09,139.6670379638672,143.0172426533997,138.42912415381502,139.84387422747133,76097000
2022-12-12,141.95619201660156,141.96601125722427,138.58633357333804,140.19757351667832,70462700
2022-12-13,142.91900634765625,147.34009332894186,141.71058010364294,146.87833415604433,93886200
2022-12-14,140.6986541748047,144.08815144991274,138.68460028950005,142.80112620848055,82291200
2022-12-15,134.10629272460938,139.3133532425607,133.6445335943197,138.63545090272245,98931900
2022-12-16,132.15118408203125,135.23611943482993,131.38486361161162,134.29296269794702,160156900
2022-12-19,130.04872131347656,132.82909551472687,129.01714637272462,132.74067737544078,79592600
2022-12-20,129.97994995117188,130.91328746393052,127.61220884643005,129.08590439011405,77432800
2022-12-21,133.07469177246094,134.4108428696223,130.42204304769788,130.64800547841642,85928000
2022-12-22,129.91119384765625,132.20033647277774,128.01504576681836,131.99402745433673,77852100
2022-12-23,129.54766845703125,130.0978457490201,127.3665977700706,128.62415014924704,63814900
2022-12-27,127.74974060058594,129.10554516462403,126.46271568426795,129.07607245594536,69007800
2022-12-28,123.82972717285156,128.73221899747332,123.66271014073895,127.39606774936588,85438400
2022-12-29,127.33711242675781,128.19185099265815,125.49008349000029,125.74551863845643,75703700
2022-12-30,127.65149688720703,127.67115035805845,125.19534521858718,126.1581629090278,77034200
2023-01-03,122.87674713134766,128.6045053870652,121.99252821247748,127.99538262842435,112117500
2023-01-04,124.14411163330078,126.40378110334795,122.88655931785308,124.66481618620305,89113600
2023-01-05,122.82760620117188,125.5293813261351,122.57217104073682,124.90060516942826,80962700
2023-01-06,127.34693908691406,128.0051879622661,122.69989001665523,123.80025205121024,87754700
2023-01-09,127.86766052246094,131.07050217869943,127.61222532540481,128.18205614149144,70790800
2023-01-10,128.43748474121094,128.95818934117645,125.87325369613974,127.97572556898378,63896200
2023-01-11,131.14910888671875,131.16874737067045,128.1722445262406,128.94838439618852,69458900
2023-01-12,131.0704803466797,131.90556546211644,129.1350257391296,131.53223946571177,71379600
2023-01-13,132.39678955078125,132.55398732492168,129.3511613806362,129.71466811603167,57809700
2023-01-17,133.55613708496094,134.88245427698436,131.77787992946924,132.4656016206527,63646600
2023-01-18,132.8389129638672,136.17928328311848,132.66206171643108,134.42067999537736,69672800
2023-01-19,132.8978729248047,133.86068318245066,131.4241773301355,131.72873868777404,58280400
2023-01-20,135.45228576660156,135.59966433835268,131.86629872212012,132.90770800117681,80223600
2023-01-23,138.6354522705078,140.806703627411,135.4817372209474,135.6978804326285,81760300
2023-01-24,140.030517578125,140.64947436317055,137.83962823132975,137.84944746922466,66435100
2023-01-25,139.372314453125,139.93231102042415,136.37579688239575,138.41932337339787,65799300
2023-01-26,141.43548583984375,141.72039372676826,139.41159795380088,140.65933109437518,54105100
2023-01-27,143.37094116210938,144.64814715401417,140.57092820918845,140.64952711543583,70555800
2023-01-30,140.4923095703125,142.9975950119405,140.34494601130174,142.41794502488958,64015300
2023-01-31,141.7596893310547,141.80881551729502,139.78494257033407,140.19757555057984,65874500
2023-02-01,142.8796844482422,144.0389993752098,138.8417731528238,141.44529588395375,77663600
2023-02-02,148.1752166748047,148.52888929698446,145.5716782733727,146.28887274258696,118339000
2023-02-03,151.79063415527344,154.6201342687517,145.23760339877686,145.43409313083382,154357300
2023-02-06,149.0692138671875,150.41519933800663,148.1358763450209,149.8944947732861,69858300
2023-02-07,151.93798828125,152.50781896271047,147.9983146799996,147.9983146799996,83322600
2023-02-08,149.2559051513672,151.86926257026718,148.51905726950346,151.18154087876943,64120100
2023-02-09,148.22430419921875,151.62363543992853,147.782198500911,151.0832773681269,56007100
2023-02-10,148.58834838867188,148.91305820143486,146.82706002572684,147.0632167115801,57450700
2023-02-13,151.3828125,151.78622618296893,148.499791218323,148.5293089264892,62199000
2023-02-14,150.74327087402344,151.3041375201495,148.44079888424892,149.68058802933567,61707600
2023-02-15,152.839111328125,153.0063833860837,150.42840282421838,150.6547103127393,65573800
2023-02-16,151.24508666992188,153.82306709582505,150.8908590911332,151.0482818929642,68167900
2023-02-17,150.10369873046875,150.5464794908576,148.4309630722788,149.90690894964015,59144100
2023-02-21,146.09893798828125,148.87372305726493,146.03006833094608,147.79135689260553,58867200
2023-02-22,146.52207946777344,147.54539539799444,144.80014250744384,146.48271250078488,51011300
2023-02-23,147.00421142578125,147.92913996180903,144.87886065676489,147.68314896878456,48394200
2023-02-24,144.35736083984375,144.8296593421339,143.38323110315275,144.75094042273577,55469600
2023-02-27,145.5478973388672,146.77785186784027,145.08543323484585,145.341273385892,44998500
2023-02-28,145.04608154296875,146.68929899478212,144.47538083886278,144.69185403745792,50547000
2023-03-01,142.9798126220703,144.86902178209266,142.6846204064825,144.47544217070876,55479000
2023-03-02,143.57017517089844,144.35734928778834,141.59239813777418,142.0647116163666,52238100
2023-03-03,148.60806274414062,148.68678165578146,144.96739941181147,145.66600535471582,70732300
2023-03-06,151.3631591796875,153.79355106354063,150.99909736370918,151.32379221822697,87558000
2023-03-07,149.16891479492188,151.55993956940895,148.7064506179963,151.23522972088062,56182000
2023-03-08,150.41856384277344,151.00894821688513,149.39524794362458,150.35952840818192,47204800
2023-03-09,148.17510986328125,152.06176399701366,147.82088228318355,151.09748364556307,53833600
2023-03-10,146.11863708496094,148.5195113692859,145.24290982690115,147.80122193638456,68572400
2023-03-13,148.0570526123047,150.68423448355665,145.33146834316847,145.43970497520198,84457100
2023-03-14,150.14303588867188,150.94004418166887,147.6929755826584,148.85404568502526,73695900
2023-03-15,150.53660583496094,150.7924309816341,147.51583019026035,148.7654682431246,77167900
2023-03-16,153.3507537841797,153.95097226183628,149.20825986230471,149.71992520737962,76161100
2023-03-17,152.51438903808594,154.22649145558808,151.80593390078133,153.57707174404283,98944600
2023-03-20,154.8759002685547,155.28917828804447,151.67801783277878,152.58327776546486,73641400
2023-03-21,156.7257537841797,156.84382463636302,154.02968755125636,154.7971931327365,73938300
2023-03-22,155.2990264892578,159.5399085601911,155.27934300701256,156.7454546452784,75701800
2023-03-23,156.38134765625,158.95934282613845,155.15139299961646,156.28296029217628,67622100
2023-03-24,157.68017578125,157.7687289068554,155.31866901387664,156.31246690077828,59196500
2023-03-27,155.74179077148438,158.19186606543823,155.33836200567538,157.37517430078694,52390300
2023-03-28,155.1219024658203,155.94844355059743,153.47868455836303,155.4367781198492,45992200
2023-03-29,158.19186401367188,158.46737267599337,156.7946372221569,156.8143056879684,51305700
2023-03-30,159.7563934326172,159.86463007168524,158.68387629082392,158.93970152221254,49501700
2023-03-31,162.25563049316406,162.35403288236776,159.31358823359025,159.8350878653574,68749800
2023-04-03,163.50526428222656,163.62333513475417,161.58653785817188,161.63573905142377,56976200
2023-04-04,162.9739532470703,164.16454121432164,162.46228779099377,163.92839947620809,46278300
2023-04-05,161.13389587402344,162.4032175003463,159.2053353608918,162.09819114468434,51511700
2023-04-06,162.0194854736328,162.31467762112032,159.40213812085784,159.8252353547828,45390100
2023-04-10,159.431640625,159.431640625,157.5129143705151,158.8314221542027,47716900
2023-04-11,158.2213897705078,159.75637097122245,157.93603184667685,159.7465367378167,47644200
2023-04-12,157.53262329101562,159.46118408911326,157.2177476424543,158.6346580327857,50133100
2023-04-13,162.90505981445312,163.14121655398105,158.83144989570576,159.0380889195549,68445600
2023-04-14,162.5606689453125,163.65286938363687,161.19295983913122,161.9506011686896,49386500
2023-04-17,162.58033752441406,162.7377753387549,161.39958394505072,162.44258319038994,41516200
2023-04-18,163.8004608154297,164.7253892225956,162.99360326395418,163.43639900098648,49923000
2023-04-19,164.94187927246094,165.4633789570219,162.885383237049,163.14122346923992,47720200
2023-04-20,163.97756958007812,165.17800667808302,162.90505258707114,163.42655222639002,52456400
2023-04-21,162.37368774414062,163.78074857435575,161.85218820428946,162.40320545287983,58337300
2023-04-24,162.6787567138672,162.94443117624493,161.26184626664974,162.35404681853836,41949600
2023-04-25,161.14373779296875,163.64299896057264,161.10437083745688,162.54096443175132,48714100
2023-04-26,161.13389587402344,162.62952495549953,160.18929909610858,160.44512426219072,45498800
2023-04-27,165.7093505859375,165.85693915334915,162.5409858833323,162.5409858833323,64902300
2023-04-28,166.95899963378906,167.12628672150765,165.18787649470852,165.78809511844986,55275900
2023-05-01,166.8704071044922,167.71661652166532,165.93564455408003,166.56538074727197,52472900
2023-05-02,165.8372344970703,167.61822139630092,164.85327080237903,167.36238122666072,48425700
2023-05-03,164.76473999023438,168.17909567440717,164.47939708632646,166.78186884038578,65136000
2023-05-04,163.13136291503906,164.36131774887434,161.67510059572527,162.24580144031648,81235400
2023-05-05,170.78663635253906,171.50492585877407,168.0216849384858,168.23815821665508,113453200
2023-05-08,170.71774291992188,171.0621363032094,169.35003364925416,169.71409550111375,55962800
2023-05-09,169.01548767089844,170.75709300871614,168.8482156052712,170.27496029429,45326900
2023-05-10,170.77674865722656,171.23921282792068,169.14336520388548,170.24541483030967,53724500
2023-05-11,170.96371459960938,171.79024060925457,169.40904995436452,171.06211698775132,49514700
2023-05-12,170.0375213623047,171.50564580777203,168.49055408757272,171.07210045600348,45533100
2023-05-15,169.5448455810547,170.66811525184778,168.95364468701064,170.6188460048669,37266700
2023-05-16,169.5448455810547,170.5991352991019,169.27880367524853,169.46601779285794,42110300
2023-05-17,170.15574645996094,170.39221479568312,167.91905489711874,169.19013234108013,57951600
2023-05-18,172.48110961914062,172.6683237371227,170.04735615510018,170.46119076780954,65496700
2023-05-19,172.58950805664062,173.80145343851697,172.37273538217633,173.80145343851697,55809500
2023-05-22,171.64356994628906,172.1460951955022,170.9045763773169,171.42679729660153,43570900
2023-05-23,169.04234313964844,170.83564173486545,168.7664533611328,170.58931050155752,50747300
2023-05-24,169.3182373046875,169.8897275849513,168.01761617725649,168.57924358561866,45143500
2023-05-25,170.45138549804688,171.3480198653961,169.17045992843316,169.87989516591563,56058300
2023-05-26,172.85556030273438,173.19058223460047,170.56961408423973,170.77653895289623,54835000
2023-05-30,174.6980743408203,176.36327550868927,173.97879151124883,174.36306754730614,55964400
2023-05-31,174.64881896972656,176.71800704198733,174.16600441023556,174.72764675708407,99625300
2023-06-01,177.44715881347656,177.47671735788407,174.33352850038895,175.0922328882,68901800
2023-06-02,178.2945556640625,179.11237721788427,176.62935400922137,178.37338346821156,61996900
2023-06-05,176.9446258544922,182.23581511366768,175.42721727327233,179.9498694414483,121946500
2023-06-06,176.580078125,177.476712338109,174.8261860088602,177.32891962025158,64848400
2023-06-07,175.21046447753906,178.5507149734009,174.71780207381394,175.82136104700194,61944600
2023-06-08,177.9200897216797,178.1861165677113,174.85572927872582,175.2892595209165,50214900
2023-06-09,178.30438232421875,179.55573399442156,177.9792233362159,178.83645110058313,48900000
2023-06-12,181.09283447265625,181.19137296447727,178.31422641468646,178.60982685528654,54274900
2023-06-13,180.61990356445312,181.44757286544584,179.7626757194867,180.1173932820357,54929100
2023-06-14,181.25051879882812,181.68406417583662,179.3488488908818,180.67902853230473,57462900
2023-06-15,183.2802734375,183.78279874291368,181.08300318978328,181.26036948430115,65433200
2023-06-16,182.20626831054688,184.245897953939,181.56581317602513,183.98970387223915,101256200
2023-06-20,182.29495239257812,183.3689679486228,181.70376647980103,181.70376647980103,49799100
2023-06-21,181.26034545898438,182.68906332243637,179.91044034391143,182.18653808363035,49515700
2023-06-22,184.2557373046875,184.3050065515812,180.97460392176268,181.0435838743865,51245300
2023-06-23,183.94044494628906,184.80753566864925,182.29495416898448,182.82703803401998,53117000
2023-06-26,182.55113220214844,185.29033397781694,182.51171079012911,184.0882365039062,48088700
2023-06-27,185.30020141601562,185.6253604426876,182.94527546666254,183.16204815111053,50730800
2023-06-28,186.47276306152344,187.1132183209716,184.84698276608304,185.17212679727763,51216800
2023-06-29,186.80775451660156,187.28072131986815,186.1672993101183,186.30524420235466,46347300
2023-06-30,191.1234588623047,191.62596911406445,188.45322195229386,188.81780236383452,85213200
2023-07-03,189.6356201171875,191.0347795474039,188.9458807202263,190.93624105216273,31458200
2023-07-05,188.522216796875,190.14799688410469,187.82262949557398,188.7587001877792,46920300
2023-07-06,188.9951629638672,189.20208780415717,186.42346442381324,187.05407174607458,45094300
2023-07-07,187.88174438476562,189.84254634486774,187.4482140588147,188.601042385603,46815000
2023-07-10,185.8421173095703,187.20187038994513,184.29515010539157,186.48257243692333,59922200
2023-07-11,185.3199005126953,186.52199803845542,183.86162393721375,186.3840531601648,46638100
2023-07-12,186.985107421875,188.88677723101014,185.70418206587038,186.8964167558296,60750200
2023-07-13,187.74378967285156,188.38425984411805,186.99494820191867,187.70438329432415,41342300
2023-07-14,187.8916015625,188.37440112570727,186.8471596075647,187.43834550769154,41616200
2023-07-17,191.1431884765625,191.46834750746484,188.9951723122315,189.08384794751433,50520200
2023-07-18,190.88697814941406,191.47817907078496,189.5962050071137,190.5125649317522,48288200
2023-07-19,192.2368621826172,195.3209183853995,189.82280454932882,190.26621270882248,80507300
2023-07-20,190.29576110839844,193.5867419459116,189.67500174607378,192.22698907029056,59581200
2023-07-21,189.1232452392578,192.10877819186132,188.4236580132484,191.25155042374644,71951700
2023-07-24,189.92135620117188,192.04966138875844,189.4286937985748,190.57167418096722,45377800
2023-07-25,190.778564453125,191.58653792745972,190.08884016702333,190.49282690419068,37283200
2023-07-26,191.6456756591797,192.7689453418544,190.48299959942145,190.82785426220883,47471900
2023-07-27,190.38449096679688,194.3060801182846,189.72432504433817,193.14340387615707,47460200
2023-07-28,192.95614624023438,193.7444090416655,191.29094501886246,191.8131659299023,48291400
2023-07-31,193.5670623779297,193.60648379116893,192.39452340931743,193.1827862905988,38824100
2023-08-01,192.7393798828125,193.8429388199064,192.41422090280528,193.36013930235927,35175100
2023-08-02,189.7538604736328,192.31569604997566,189.03457754647138,192.17775117305615,50389300
2023-08-03,188.36456298828125,189.54694988427917,187.89161123685508,188.75870197685728,61235200
2023-08-04,179.31927490234375,184.6301752435833,179.25029494609427,182.79747042079737,115956800
2023-08-07,176.22535705566406,180.44254624962392,174.74736976708382,179.4572213905704,97576100
2023-08-08,177.16140747070312,177.62451134366992,174.97398514494694,177.05302113799038,67823000
2023-08-09,175.5750274658203,178.27480777933516,174.41233639065635,178.2156906972674,60378500
2023-08-10,175.35824584960938,178.0974474344709,174.99368050557445,176.84608080013524,54686900
2023-08-11,175.41746520996094,176.23639103718068,174.19402209160106,174.95375100085724,52036700
2023-08-14,177.065185546875,177.29211207450308,174.9438673937282,175.59506357405235,43675600
2023-08-15,175.08197021484375,177.08487915778778,174.68731413890805,176.49289504388423,43622600
2023-08-16,174.21372985839844,176.1574269074876,174.14465676238186,174.766254405872,46964900
2023-08-17,171.6780242919922,175.14117901733323,171.16495931429398,174.77612136953763,66062900
2023-08-18,172.1614990234375,172.76335939467492,169.6652621694116,170.0007213782545,61172200
2023-08-21,173.49346923828125,173.77960771425435,171.4215020828672,172.7337554755455,46311900
2023-08-22,174.8649139404297,175.30890581271296,173.89799596554266,174.69718434668556,42038900
2023-08-23,178.70301818847656,179.12728783194132,175.9502562936072,176.1377232252428,52722800
2023-08-24,174.02626037597656,178.6832744289853,173.66118769058747,178.25900483655056,54945800
2023-08-25,176.22654724121094,176.7593346104704,173.4737848988942,175.01296513805357,51449600
2023-08-28,177.7854461669922,178.1801023209798,176.1673318473753,177.68677460091166,43820700
2023-08-29,181.66299438476562,182.43258442181371,177.10465107991652,177.3019791564373,53003900
2023-08-30,185.14585876464844,185.34320186637345,182.27470331859433,182.47203136515444,60813900
2023-08-31,185.36293029785156,186.59624944883035,184.9781353249528,185.33333184264131,60794500
2023-09-01,186.93174743652344,187.38560051082152,185.76748618147488,186.96134589549212,45766500
2023-09-05,187.16851806640625,187.44478036173828,185.10641198511868,185.76746926717502,45280000
2023-09-06,180.46913146972656,186.32986658571798,179.04834537431464,185.88585963952747,81755800
2023-09-07,175.19053649902344,175.8318715643951,171.22417743783686,172.84229174782251,112488800
2023-09-08,175.80223083496094,177.83475336123297,175.4174358773743,175.96997548136457,65551300
2023-09-11,176.9665069580078,177.89396541040293,174.97345890425444,177.6670388917848,58953100
2023-09-12,173.9473419189453,177.72623373133553,172.487096210491,177.09477490699047,90370200
2023-09-13,171.88525390625,174.93401565723292,171.65831231126361,174.15454941477398,84267900
2023-09-14,173.39483642578125,173.75003299454158,171.2636570132194,171.6780505009118,60895800
2023-09-15,172.67454528808594,174.14466716160445,171.50043808217407,174.12492983939754,109259500
2023-09-18,175.5950469970703,176.9862345995646,173.81906442528665,174.12492516303394,67257600
2023-09-19,176.68038940429688,177.23291401853146,174.7662755227223,175.15107052586188,51826900
2023-09-20,173.1481475830078,177.30195805066697,173.0593371622532,176.86782730089922,58436200
2023-09-21,171.60894775390625,173.94733103404198,171.5398897121348,172.2206842726111,63149100
2023-09-22,172.4574737548828,174.71692282922322,171.72735846610487,172.33907993619778,56725400
2023-09-25,173.73025512695312,174.60837768157924,171.82600269974301,171.87533847239564,46172700
2023-09-26,169.66525268554688,172.86200623492672,169.36925308333926,172.48708745695123,64588900
2023-09-27,168.1556854248047,170.7308568174817,166.79411110643792,170.31646332448594,66921800
2023-09-28,168.41221618652344,169.7343308371659,165.38317681816312,167.08022534636603,56294400
2023-09-29,168.92529296875,170.76047278128746,168.0668924554359,169.72448150635748,51861100
2023-10-02,171.43136596679688,171.9740294168616,168.6489906711008,168.93512915166482,52164500
2023-10-03,170.099365234375,171.31296207551728,168.54046313149794,169.96123409658216,49594600
2023-10-04,171.34259033203125,171.88525384459265,168.68848474300435,168.80687858022958,53020300
2023-10-05,172.57589721679688,173.10868450108188,170.3756448658088,171.47083294671847,48527900
2023-10-06,175.12147521972656,175.61480292776608,170.8689777300858,171.48071432556827,57266700
2023-10-09,176.6014404296875,176.6606373398207,173.45400756283908,174.45052401213385,42390800
2023-10-10,176.00942993164062,177.32168322438636,175.57529921161475,175.72330653262233,43698000
2023-10-11,177.4006805419922,177.45001633320717,175.23004122506114,175.82202555413159,47551100
2023-10-12,178.2985076904297,179.90674578858014,176.6507798893927,177.6670488234186,56743100
2023-10-13,176.46331787109375,179.50220314362676,175.7627859383901,178.9990143278533,51427100
2023-10-16,176.3350372314453,176.6902337432856,174.15452238414363,174.39132507709223,52517000
2023-10-17,174.7860107421875,176.03906740635364,172.46737941742194,174.2926830064713,57549400
2023-10-18,173.49346923828125,175.21025492862336,172.77321506438722,173.23694427289632,54764400
2023-10-19,173.11859130859375,175.46682130559762,172.8521900917514,173.69083828526382,59302900
2023-10-20,170.57301330566406,173.07911173437196,170.33621055796252,172.9705790235715,64244000
2023-10-23,170.6913604736328,171.6878768692555,167.662321590194,168.62925458750877,55980100
2023-10-24,171.12551879882812,171.35244533043914,169.16206908920728,170.74072378645857,43816600
2023-10-25,168.81674194335938,170.75057806188605,168.3727349771656,169.58633193718455,57157000
2023-10-26,164.6629180908203,169.0930062294273,163.459197305812,168.0964746462511,70625300
2023-10-27,165.9751739501953,166.70530437202822,164.60372353518264,164.6826577744484,58499100
2023-10-30,168.01756286621094,168.88582454657922,166.61651382617845,166.76452118815135,51131000
2023-10-31,168.4911346435547,168.61938959873203,165.6594236135805,167.09008588386948,44846000
2023-11-01,171.6484375,171.90496247869652,167.849808268541,168.71806981976965,56934900
2023-11-02,175.20042419433594,175.4076134182441,173.11858048911532,173.17777741023195,77334800
2023-11-03,174.2926788330078,174.46042350768224,171.0367278993792,171.91485064572058,79829200
2023-11-06,176.83822631835938,177.03555436857033,173.858538133294,174.02626772873157,63841300
2023-11-07,179.3936767578125,180.00539823599848,176.58170308551922,176.78889227095914,70530000
2023-11-08,180.44940185546875,181.00192645947115,179.16674685036813,179.91661457451394,49340300
2023-11-09,179.97579956054688,181.66297171772456,179.38380034968415,180.51846299464347,53763500
2023-11-10,184.15484619140625,184.32281184408907,181.3194195461175,181.75412225306079,66133400
2023-11-13,182.5741424560547,183.7893232540613,181.9912524470517,183.58186108306094,43627500
2023-11-14,185.18231201171875,185.84424013993512,184.05604376632093,185.43917491856425,60108400
2023-11-15,185.7454833984375,187.21754232445392,185.51825788469085,185.58742199648478,53790500
2023-11-16,187.42501831054688,188.65996251273407,186.37777296409004,187.286705162902,54412900
2023-11-17,187.4052276611328,188.08691917335904,186.29872264128753,187.95848017105547,50922700
2023-11-20,189.14404296875,189.59850904887813,187.592960955599,187.6028350817968,46505100
2023-11-21,188.3437957763672,189.21320125507725,187.45464204586924,189.10452557023848,38134500
2023-11-22,189.00570678710938,190.60618938615343,188.53149251239262,189.18354656200316,39617700
2023-11-24,187.68186950683594,188.60066069963858,186.97054048498805,188.57102324664504,24048300
2023-11-27,187.50401306152344,188.37341847212542,186.62473352580105,187.6324520630897,40552600
2023-11-28,188.10667419433594,188.77849160556613,187.11871894105684,187.49414676130317,38415400
2023-11-29,187.0890655517578,189.77630481775705,186.69388951411068,188.60063575450744,43014200
2023-11-30,187.66209411621094,188.02764780463457,185.92329832735996,187.55341843722022,48794400
2023-12-01,188.93655395507812,189.2526917735191,186.95075439627809,188.0375111237308,45704800
2023-12-04,187.1483917236328,187.7609343473058,185.1922441738474,187.69177023051867,43389500
2023-12-05,191.0902862548828,192.0584780958342,187.88930609245244,187.91895861640964,66628400
2023-12-06,190.00355529785156,192.4141533735728,189.79607806848605,192.10788966712872,41089700
2023-12-07,191.93006896972656,192.6512720749557,191.2582515665674,191.29777821822415,47477700
2023-12-08,193.3527374267578,193.629363703371,191.33730018286,191.86091528323507,53406400
2023-12-11,190.8531951904297,191.15947399253523,189.11439931154695,190.78404615931,60943700
2023-12-12,192.36476135253906,192.3746354774224,189.41076991243543,190.75438957156285,52696900
2023-12-13,195.57566833496094,195.61517992012492,192.503126269579,192.74022593057063,70404200
2023-12-14,195.7238006591797,197.2156075489979,193.79729107961322,195.63488831127654,66831600
2023-12-15,195.1903076171875,196.01029713155143,194.6271659416612,195.1507809689053,128538400
2023-12-18,193.5305633544922,194.26165570440122,192.04863040265064,193.7281513997374,55751900
2023-12-19,194.56790161132812,194.57777573643529,193.5305456250714,193.79729775296602,40714100
2023-12-20,192.48329162597656,195.29895458209847,192.48329162597656,194.5283508193705,52242800
2023-12-21,192.3351287841797,194.70623052718972,191.16934877699248,193.73803856316968,46482500
2023-12-22,191.2681427001953,193.0563392932213,190.64572606781581,192.82909873139974,37149600
2023-12-26,190.72474670410156,191.55462542072405,190.50739536284337,191.2779991818499,28919300
2023-12-27,190.8235626220703,191.16935301152336,188.7883770898652,190.1715235726757,48087700
2023-12-28,191.24839782714844,192.3153914106068,190.8433325169925,191.80165040931152,34049900
2023-12-29,190.2109832763672,192.05845438329834,189.42061622674504,191.5644768616592,42672100
2024-01-02,183.40402221679688,186.17030008579113,181.6751004330507,184.89582930034302,82488700
2024-01-03,182.03074645996094,183.64111826756874,181.22061595613366,182.0011090098209,58414500
2024-01-04,179.7189483642578,180.88472835710988,178.70135563320858,179.95604798314233,71983600
2024-01-05,178.99774169921875,180.5587129492039,177.99991223040004,179.79799818956093,62379700
2024-01-08,183.32498168945312,183.36450834315934,179.313885613353,179.89677561800764,59144500
2024-01-09,182.91001892089844,182.91989304556353,180.52904335165846,181.7047124117811,42841800
2024-01-10,183.9473876953125,184.1548498527509,181.70472508990332,182.12955368013527,46792900
2024-01-11,183.35458374023438,184.79700482198106,181.40831098352746,184.29313807202234,49128400
2024-01-12,183.68067932128906,184.49081004334332,182.95947604860956,183.81899248420027,40477800
2024-01-16,181.4182586669922,182.04066033082455,178.75076697198392,179.96596299304443,65603000
2024-01-17,180.4796600341797,180.72664884969066,178.12833676151584,179.08665457169852,47317400
2024-01-18,186.3580322265625,186.86188405437403,183.59175408710038,183.84861706451355,78005800
2024-01-19,189.25271606445312,189.63801803091337,186.5457281731689,187.04957995238564,68903000
2024-01-22,191.5546417236328,192.97729968749402,189.94426985134535,189.98379650311966,60133900
2024-01-23,192.8291015625,193.39224330006388,191.49537099853464,192.67104017695664,42355600
2024-01-24,192.15728759765625,194.0146482092326,191.999211146671,193.06620457832125,53631300
2024-01-25,191.83128356933594,193.90599578100486,190.78405333725613,192.86863967517039,54822100
2024-01-26,190.1023406982422,192.41415228379137,189.6281264159501,191.93006387634745,44594000
2024-01-29,189.42063903808594,189.8849791703456,187.2965414692382,189.6972652775173,47145600
2024-01-30,185.77508544921875,189.48980657471878,185.21195883551243,188.64016451675863,55859400
2024-01-31,182.178955078125,184.84644650359252,182.12956937209933,184.78715652135838,55467800
2024-02-01,184.60931396484375,184.6982263171025,181.6059367135455,181.77388729281213,64885400
2024-02-02,183.6114959716797,185.07366557426653,177.0909850527091,177.6936383802958,102551700
2024-02-05,185.41941833496094,186.97051518171523,183.60158444736317,185.88375846902116,69668800
2024-02-06,187.01992797851562,187.02980210381148,184.5204024536245,184.60931480628852,43490800
2024-02-07,187.12860107421875,188.74884702540382,186.33823388644547,188.3437817688575,53439000
2024-02-08,186.05172729492188,187.25701874915856,185.09340956143063,187.10883150171134,40962000
2024-02-09,186.8134002685547,187.94110561883974,185.97256084406592,186.61554504333301,45155200
2024-02-12,185.13174438476562,186.63535673641036,184.77562606711913,186.3880527684402,41781900
2024-02-13,183.0445098876953,184.2019058140478,181.53101071537256,183.76664838776776,56529500
2024-02-14,182.16412353515625,183.52924646908957,180.47257259846702,183.32151955824494,54630500
2024-02-15,181.87722778320312,182.50043860227981,179.3943014199978,181.57057328309747,65434500
2024-02-16,180.3439483642578,182.8565652037317,179.7108507918506,181.44197861733377,49752500
2024-02-20,179.60202026367188,180.4626331892475,178.05884601330092,179.82953567385852,53665600
2024-02-21,180.35382080078125,180.91766592307528,178.7117190512332,179.97791398976236,41371400
2024-02-22,182.3817138671875,182.9653626660908,180.4923231436991,181.50131240098546,52292200
2024-02-23,180.55169677734375,183.04451006700117,180.2648157032703,183.0148347964746,45119700
2024-02-26,179.20635986328125,180.78909628027105,178.7018500832812,180.27471486922383,40867400
2024-02-27,180.66050720214844,181.93658908973126,177.62360710096542,179.1470080612827,54318900
2024-02-28,179.4635467529297,181.14521076395337,178.1874648834917,180.54178846123017,48953900
2024-02-29,178.80078125,180.6011615069905,177.59393659501978,179.31517776545977,136682600
2024-03-01,177.72251892089844,178.5831318593588,175.46710804516843,177.61370457626955,73563100
2024-03-04,173.2117156982422,174.99229230011673,171.9158301484072,174.25038035125658,81510100
2024-03-05,168.28541564941406,170.18470849670402,167.79080766540406,168.91851326517738,95132400
2024-03-06,167.29617309570312,169.39332087872134,166.8609157238647,169.21525418377138,68587700
2024-03-07,167.177490234375,168.88882954707424,166.67299554984157,167.32586658446218,71765100
2024-03-08,168.88882446289062,171.82679686006907,167.11813466346086,167.1774852017091,76267000
2024-03-11,170.88705444335938,172.49948126334272,170.1946063009313,171.07500788792643,60139500
2024-03-12,171.3618621826172,172.15323790323208,169.16580172767317,171.28272310113206,59825400
2024-03-13,169.2845458984375,171.32232852748163,168.9185256992457,170.90685960163916,52488700
2024-03-14,171.13433837890625,172.43020869953008,170.1945863604126,171.04531257693264,72913500
2024-03-15,170.75845336914062,170.75845336914062,168.45357838204507,169.3240932528417,121752700
2024-03-18,171.8465576171875,175.7935338090815,171.64871749027145,173.67661275318792,75604200
2024-03-19,174.18113708496094,174.70542030322298,171.16402557801365,172.45989598897214,55215200
2024-03-20,176.7432098388672,176.7432098388672,173.2018149693641,173.82502584048726,53423100
2024-03-21,169.5219268798828,175.57593855649498,168.99764365136926,175.14068113790177,106181300
2024-03-22,170.42208862304688,171.18378897881232,168.22602844508845,169.90769220539175,71160100
2024-03-25,169.00753784179688,170.08577952012527,167.6226265638577,168.7305586050563,54288300
2024-03-26,167.8798370361328,169.57138777241732,167.7512341389727,168.16670300567833,57388400
2024-03-27,171.4409942626953,171.72787530814264,168.27550660374618,168.57227437363676,60273300
2024-03-28,169.6307373046875,170.37264922530974,168.67119667981044,169.89782982249778,65672700
2024-04-01,168.19638061523438,169.40322523760474,167.65230884379906,169.3438746978549,46240500
2024-04-02,167.01919555664062,167.51380346702695,166.41577330219988,167.25661278755086,49329500
2024-04-03,167.8204803466797,168.83937157047524,166.7620271262386,166.9697540235435,47691700
2024-04-04,166.9994354248047,170.06599565718972,166.9994354248047,168.4535689105981,53704400
2024-04-05,167.75125122070312,168.55251376624304,167.12804031006615,167.76113794678497,42104800
2024-04-08,166.63340759277344,167.37531948329715,166.425680716199,167.20715459942008,37425500
2024-04-09,167.8402862548828,168.24586846008486,166.53452891117558,166.8807454739117,42373800
2024-04-10,165.9706573486328,167.26652787853376,165.30788444762385,166.97966188332379,49709300
2024-04-11,173.15232849121094,173.56781241373886,166.34653399230652,166.52458559261675,91070300
2024-04-12,174.64608764648438,176.43656618963917,172.33132583138607,172.38077455594663,101670900
2024-04-15,170.8277130126953,174.72522645768026,170.63975955810392,173.46891791454695,73531800
2024-04-16,167.5533905029297,171.88614579113815,166.45536027289515,169.8978273072319,73711200
2024-04-17,166.18826293945312,168.80967890645843,166.18826293945312,167.780901063059,50901200
2024-04-18,165.2386016845703,166.8213530127437,164.75389559967167,166.21793076697907,43122900
2024-04-19,163.22064208984375,164.60553846988037,162.3105651694999,164.41760010663418,68149400
2024-04-22,164.0515594482422,165.45624419964858,162.99310629576294,163.73501821268977,48116400
2024-04-23,165.10012817382812,165.24851961582092,163.14148491226467,163.56685559955991,49537800
2024-04-24,167.19729614257812,167.47427542099652,164.4176015378687,164.74402954196006,48251800
2024-04-25,168.05787658691406,168.77011319134087,166.33663561051003,167.70175828470067,50558300
2024-04-26,167.47425842285156,169.49225225997063,167.35554224826544,168.04800546826704,44838400
2024-04-29,171.62896728515625,174.13168243053624,171.2332869429431,171.5003643815301,68169400
2024-04-30,168.49314880371094,173.10289859543835,168.1667057400835,171.46079655206535,65934800
2024-05-01,167.47425842285156,170.84748833564953,167.28630498280754,167.75123767315736,50383100
2024-05-02,171.16403198242188,171.54982559320527,169.04711048582428,170.64963546996492,94214900
2024-05-03,181.40245056152344,184.98340796033148,180.69021377253273,184.63717629276337,163224100
2024-05-06,179.75042724609375,182.21356516877455,178.47433028646978,180.38352481626606,78569700
2024-05-07,180.43295288085938,182.90599233972114,179.3646131175579,181.47163247242833,77305800
2024-05-08,180.7693328857422,181.09577596912635,179.49323582394607,180.87814724687024,45057100
2024-05-09,182.57958984375,182.66861565405213,180.14611203583203,180.5912561815798,48983000
2024-05-10,181.32154846191406,183.3422790564332,180.41023740048718,183.15407071820343,50759500
2024-05-13,184.52105712890625,185.33332156582821,182.87672798687535,183.68899242379732,72044800
2024-05-14,185.6602020263672,186.52199740854093,184.53096697721375,185.73944844741243,52393600
2024-05-15,187.9285888671875,188.849800179078,185.6007724639543,186.13568203158255,70400000
2024-05-16,188.04745483398438,189.29556710780693,187.86916171755817,188.67151097089564,52845200
2024-05-17,188.07717895507812,189.00830557822601,187.39369174809892,187.72057759120682,41282900
2024-05-20,189.23611450195312,190.10781001398533,187.22528381236822,187.54226949481966,44361300
2024-05-21,190.53375244140625,190.91015403566988,189.11724727296848,189.28564024416437,42309400
2024-05-22,189.0974578857422,190.99934196064652,188.47341681604038,190.45453220558076,34648500
2024-05-23,185.1154022216797,189.1964945447871,184.86776283091424,189.17667916140735,51005900
2024-05-24,188.18612670898438,188.7804673088457,186.26444256610336,187.0370913918068,36327000
2024-05-28,188.196044921875,191.1776178733189,187.31444925751387,189.70168159973719,52280100
2024-05-29,188.4932098388672,190.43470949642946,187.72057607583483,187.81963788738682,53068000
2024-05-30,189.4837646484375,190.36536034504638,188.83000809203267,188.9587703074631,49889100
2024-05-31,190.43472290039062,190.7517086279001,188.11682144814546,189.6323735603605,75158300
2024-06-03,192.19789123535156,193.14883318833753,190.7021546904014,191.07855630297723,50080500
2024-06-04,192.514892578125,193.47573474401025,191.20734917579057,192.80214765697744,47471400
2024-06-05,194.02052307128906,195.04079624688396,193.02996541617088,193.5549597642067,54156800
2024-06-06,192.64364624023438,194.64457691185422,192.33657578915964,193.8422276391208,41181800
2024-06-07,195.03089904785156,195.08042995429523,192.3068654552658,192.8120444256859,53103900
2024-06-10,191.29647827148438,195.4370168860641,190.3356361933404,195.04078477848907,97010200
2024-06-11,205.19398498535156,205.20390023400174,191.80165814772772,191.82145841561143,172373300
2024-06-12,211.05813598632812,218.12080209568063,204.94638168818946,205.41194501546696,198134300
2024-06-13,212.21707153320312,214.70336573665497,209.60200000148347,212.71235034689784,97862700
2024-06-14,210.4835968017578,213.13828400218216,209.3048308005582,211.83075578674166,70122700
2024-06-17,214.6240997314453,216.8825697066646,210.71140048317466,211.35525683635151,93728300
2024-06-18,212.26658630371094,216.5656178731208,210.98877362098574,215.5354294813442,79943300
2024-06-20,207.70010375976562,212.21705896960654,206.87795427864972,211.90997342693947,86172500
2024-06-21,205.53082275390625,209.8892705909824,205.15440599094305,208.40343403997312,241805100
2024-06-24,206.17466735839844,210.69160779538842,204.63929998769706,205.75863496180304,80727000
2024-06-25,207.0959014892578,209.3840873125504,206.64023830581658,207.1751328027417,55549700
2024-06-26,211.23641967773438,212.83121810497767,208.6510635966682,209.5029437835443,66213200
2024-06-27,212.07839965820312,213.70291360533915,210.34492376459474,212.66282504623206,49772700
2024-06-28,208.6312255859375,214.0297763055812,208.3142550307382,213.73260601871965,82542700
2024-07-01,214.703369140625,215.4561875080808,209.91897391071575,210.0873668962765,60402900
2024-07-02,218.1901397705078,218.29910171758146,213.068958487467,214.10903193760322,58046200
2024-07-03,219.45803833007812,219.45803833007812,216.96182895702523,217.92267103394255,37369800
2024-07-05,224.20281982421875,224.3117817727132,219.55710192478037,219.55710192478037,60412400
2024-07-08,225.66883850097656,225.69855401964364,221.14198303770854,224.94572057418634,59085900
2024-07-09,226.5207061767578,227.23390886254342,224.23252052432466,225.77778797195694,48076100
2024-07-10,230.78012084960938,230.87918266211804,227.08534498663496,227.1348758928893,62627700
2024-07-11,225.4211883544922,230.19566787410835,223.63818174593294,229.20511032654306,64710600
2024-07-12,228.36314392089844,230.44332094014862,226.5207061684713,226.7584454352943,53046500
2024-07-15,232.18670654296875,234.9899864993383,230.88907844301437,234.24706826366577,62631300
2024-07-16,232.60275268554688,234.03905824310993,230.1362587163494,232.781045805997,43234300
2024-07-17,226.7188262939453,229.27446669281912,224.49997184852458,227.28343626123907,57345900
2024-07-18,222.06321716308594,228.26411801705945,220.17126344980832,228.10562515807683,66034600
2024-07-19,222.1919708251953,224.65846466815103,221.17169771561296,222.6971648700337,49151500
2024-07-22,221.84527587890625,225.6291978658938,220.98348053112068,224.86646431913928,48201800
2024-07-23,222.8853759765625,224.7971601400939,220.57737479075328,222.25141967209163,39960300
2024-07-24,216.47647094726562,222.67737176080064,215.07979609138368,221.88492258576645,61777600
2024-07-25,215.43638610839844,218.76466037633443,212.59347540961954,216.86277641061952,51391200
2024-07-26,215.90194702148438,217.41749898154802,213.9703475571551,216.6349499920164,41601300
2024-07-29,216.17930603027344,217.22929471632008,213.71281205128278,214.91139345300462,36311800
2024-07-30,216.7340087890625,218.24956072806748,214.07930652606245,217.1203256536185,41643800
2024-07-31,219.9830322265625,221.70660788092644,218.5467267386139,219.34907597117163,50036300
2024-08-01,216.2981719970703,222.36038006072013,214.97082835556836,222.25141811315143,62501000
2024-08-02,217.7840118408203,223.46981835778237,215.6543188775265,217.0807092384795,105568600
2024-08-05,207.2939910888672,211.484045462397,194.14928763761037,197.21010696314244,119548600
2024-08-06,205.27325439453125,208.00720313955475,199.17143085232243,203.36148541473497,69660500
2024-08-07,207.83880615234375,211.62272838414273,204.441185671316,204.9463646139573,63516400
2024-08-08,211.2958221435547,212.17741773164414,206.85812868668822,211.0977136625238,47161100
2024-08-09,214.1981964111328,214.7330909034816,209.96851092003678,210.09728825409005,42201600
2024-08-12,215.7254180908203,217.68898821235913,213.81143620679725,214.27753840147545,38028100
2024-08-13,219.43438720703125,220.04923895369578,217.19312608520667,217.19312608520667,44155300
2024-08-14,219.88064575195312,221.1797757696837,217.87739912826086,218.7401920302427,41960600
2024-08-15,222.85577392578125,223.48055242779947,220.9120269929499,222.73677426147512,46414000
2024-08-16,224.1747283935547,224.94825642777528,221.79462933024135,222.06239369045758,44340200
2024-08-19,224.01605224609375,224.11522871504155,221.18968933533225,223.84746435464618,40687800
2024-08-20,224.6309051513672,225.28543353253482,223.57970115675508,223.8970537532744,30299000
2024-08-21,224.52183532714844,226.08872985229075,223.1830436738614,224.64085012661386,34765500
2024-08-22,222.66734313964844,226.4457337259973,222.04256465043304,225.90029338876204,43695300
2024-08-23,224.9581756591797,226.32673228874265,222.46900358067504,223.78797197411373,38677300
2024-08-26,225.29534912109375,225.39452559231563,222.0326490158817,224.87883517993083,30602200
2024-08-27,226.1383056640625,226.95151036486342,223.02435510684418,224.12514736512034,35934600
2024-08-28,224.611083984375,227.95312221094204,223.80779089178384,226.02921369079436,38052200
2024-08-29,227.88369750976562,230.98773644426686,226.98125820388418,228.19113851748892,51906300
2024-08-30,227.10028076171875,228.48866070475935,225.5928860148415,228.28041127940648,52990800
2024-09-03,220.9219512939453,227.10026429068756,219.335218503661,226.65400042223428,50190600
2024-09-04,219.01788330078125,219.94016096302124,215.67582978550038,219.82116129878526,43840200
2024-09-05,220.5352020263672,223.60947620664672,219.68233574260833,219.79142381839864,36615400
2024-09-06,218.9881134033203,223.37144384512357,217.9468210396507,222.0921370424939,48423000
2024-09-09,219.07736206054688,219.43437615112032,214.91220775865924,218.9881123209545,67180000
2024-09-10,218.28402709960938,219.64265710486697,214.9320618304677,217.10389659918582,51591000
2024-09-11,220.81288146972656,221.23930705217748,216.08244775598524,219.62283934479092,44587100
2024-09-12,220.9219512939453,221.69547936785247,217.9964268983011,220.6541869199912,37455600
2024-09-13,220.6541748046875,222.18139254741286,220.06907298412548,221.72521710949164,36766600
2024-09-16,214.5254669189453,215.4179946756504,212.14536768072225,214.74362792854853,59357400
2024-09-17,214.99156188964844,215.10064996456288,212.72056577105593,213.96019610771708,45519300
2024-09-18,218.8592071533203,220.86245391858552,215.7353297749969,215.7452565018275,59894900
2024-09-19,226.9713592529297,227.913490447656,222.76654268786407,223.1235568426533,66781300
2024-09-20,226.306884765625,231.1563174701668,225.73169454082358,228.0622053540531,318679900
2024-09-23,224.5912322998047,227.54650632766106,223.93670395169437,225.45401003818398,54146000
2024-09-24,225.48377990722656,227.44736512534206,223.85738561877668,226.75316007712865,43556100
2024-09-25,224.49209594726562,225.40446208089242,222.1615999382144,223.0640393442997,42308700
2024-09-26,225.63255310058594,226.60441901953834,223.54005654723983,225.4143769570366,36636700
2024-09-27,225.90029907226562,227.6159582791164,225.41437368594384,226.56475422029098,34026000
2024-09-30,231.0670928955078,231.0670928955078,227.7448775670891,228.13164162372897,54541900
2024-10-01,224.33343505859375,227.74488511973175,221.88392424124012,227.61597385138083,63285000
2024-10-02,224.898681640625,225.48378349827837,221.16987922367838,224.0160654907427,32880600
2024-10-03,223.7978973388672,224.92843958391967,221.46740141968138,223.2722952944607,34044200
2024-10-04,224.9185028076172,226.1085447535635,222.27065455992025,226.00936828631617,37245100
2024-10-07,219.85089111328125,223.81770763530983,219.49387702101052,222.63757729885364,39505400
2024-10-08,223.8970489501953,224.10529834651464,221.39795026893304,222.4392426471427,31855700
2024-10-09,227.63577270507812,227.84403724277382,222.96485445261254,223.36153007501719,33591100
2024-10-10,227.13990783691406,227.59609839600836,225.2854259515482,225.8903660776275,28183500
2024-10-11,225.66229248046875,227.5068628874906,225.4540279414576,227.39777482080956,31759200
2024-10-14,229.38121032714844,229.80763591772848,226.70361171194733,226.80277306379512,39882100
2024-10-15,231.9100341796875,235.51983687729248,230.44230106244424,231.67201972311165,64751400
2024-10-16,229.85719299316406,230.19436878170097,227.93328446814013,229.67869350471682,34082200
2024-10-17,230.22413635253906,231.91004568892726,228.6076687095473,231.49351658619665,32993800
2024-10-18,233.05047607421875,234.2206797118992,232.0686835146529,234.2206797118992,46431500
2024-10-21,234.51820373535156,234.88514457730523,232.5050454306036,232.5050454306036,36254500
2024-10-22,233.90335083007812,234.26036494372266,230.67040061866737,231.94969236544068,38846600
2024-10-23,228.84567260742188,233.18934216580075,225.8705597881939,232.13813805749322,52287000
2024-10-24,228.65725708007812,228.9051831435476,226.51517225997247,228.0721400698136,31109500
2024-10-25,229.49026489257812,231.28524701350278,227.665532857223,227.83412074973037,38802300
2024-10-28,231.46372985839844,232.78269812140084,230.620790456467,231.38440684709022,36087100
2024-10-29,231.7315216064453,232.38605001867157,230.3927299983884,231.1662580738538,35417200
2024-10-30,228.19113159179688,231.53316974412917,227.64569128136466,230.68030356750913,47070900
2024-10-31,224.03591918945312,227.92339818004348,223.50039040024254,227.43745763164222,64370100
2024-11-01,221.06080627441406,223.48056715614828,218.44270756169647,219.13689753624155,65276700
2024-11-04,220.16824340820312,220.94177147156717,217.88733586004025,219.15671602208408,44944500
2024-11-05,221.59629821777344,222.09215031274817,219.3054639601429,219.9599923572388,28111300
2024-11-06,220.87232971191406,224.19454436967803,219.355023708917,220.76324165989845,54561100
2024-11-07,225.59286499023438,225.9895557457087,222.7070172967094,222.7665171269793,42137700
2024-11-08,225.32481384277344,227.01256271730918,224.77877343219782,225.53329235935942,38328800
2024-11-11,222.61447143554688,224.07388164377818,219.90414468405433,223.37892800863307,42005600
2024-11-12,222.61447143554688,223.96467356190874,221.75074442821315,222.9321731823864,40398300
2024-11-13,223.49806213378906,225.01703765642938,221.15506473467502,222.39605879884869,48566200
2024-11-14,226.5757293701172,227.2210402122622,223.3789275067786,223.3987876531247,44923900
2024-11-15,223.3789520263672,225.2851172657963,222.65421566813873,224.76885944610046,47923700
2024-11-18,226.377197265625,228.08480645929455,223.5477244921184,223.6271499370396,44633700
2024-11-19,226.6352996826172,228.50175961033486,225.02697621656037,225.34466282087314,36211800
2024-11-20,227.35012817382812,228.27342054954684,224.26253412411586,226.41689814964724,35169600
2024-11-21,226.87355041503906,228.50173384428678,224.08379848585716,227.2309572726228,42108300
2024-11-22,228.2138214111328,229.05770336713667,226.41686457306912,226.41686457306912,38168300
2024-11-25,231.1922149658203,231.56948199204686,228.0847762696763,229.79238523732437,90152800
2024-11-26,233.366455078125,233.87279036398945,231.6489234928732,231.6489234928732,45986200
2024-11-27,233.2373809814453,233.99191506726265,232.12545514826604,232.78070364946953,33498400
2024-11-29,235.6201171875,236.09665470361549,232.28432427698263,233.11826871739834,28481400
2024-12-02,237.8638153076172,239.0551666028684,235.45133007089746,235.5605381566453,48137100
2024-12-03,240.90176391601562,241.01097200063165,237.17878168890522,238.08222901174219,38861000
2024-12-04,241.25917053222656,242.35125137710352,239.51185632927692,241.12017980186528,44383900
2024-12-05,241.28895568847656,242.77814859306412,240.38552350615552,242.2321233137982,40033900
2024-12-06,241.0904083251953,242.86752040520184,240.33588934668637,241.1599112680226,36870600
2024-12-09,244.97222900390625,245.45870413211114,240.0082527322972,240.08767817050534,44649200
2024-12-10,245.98487854003906,246.4217108653419,243.57237825215392,245.11121388943334,36914800
2024-12-11,244.71412658691406,248.99307203962232,244.48577275361333,246.17353693536344,45205800
2024-12-12,246.17352294921875,246.9479020514793,243.9099357862414,245.11122473397327,32777500
2024-12-13,246.34228515625,247.49391610940148,244.46590277835176,246.0345210589055,33155300
2024-12-16,249.2313232421875,249.56888515433104,245.86574781090837,246.2033097230519,51694800
2024-12-17,251.6537322998047,252.0012166921119,247.98039295462073,248.2782345553336,51356400
2024-12-18,246.2628936767578,252.44800456803839,245.9551295369763,250.343283238806,56774100
2024-12-19,247.99034118652344,250.18442555229956,245.3097967996626,245.71684652457995,60882300
2024-12-20,252.656494140625,253.1628143156686,243.91989202858784,246.25295201238012,147495300
2024-12-23,253.4308624267578,253.80811434244586,251.6239676953758,252.93446477293034,40858800
2024-12-24,256.3397216796875,256.34962902881983,253.45066898797964,253.64924013847912,23234700
2024-12-26,257.15380859375,258.2260444048055,255.77383898408218,256.32980188696064,27237100
2024-12-27,253.74855041503906,256.8361595932908,251.23677948504655,255.9724022209019,42355300
2024-12-30,250.38296508789062,251.67360197393796,248.9434149702759,250.4127477342041,35557500
2024-12-31,248.6157989501953,251.4551941340452,247.63292614272083,250.6212497119267,39480700
2025-01-02,242.09312438964844,247.30529937932678,240.07775127221439,247.13651085819407,55740700
2025-01-03,241.60665893554688,242.42074318433572,240.14724866814672,241.60665893554688,40244100
2025-01-06,243.23483276367188,245.54804748087855,241.4477983095151,242.54980162717402,45045600
2025-01-07,240.46493530273438,243.78086767976055,239.6111308132576,241.22937670987722,40856000
2025-01-08,240.95138549804688,241.95411831821167,238.32048434869313,240.17700647488417,37628900
2025-01-10,235.1435546875,238.42970445265777,231.32128701842691,238.28077607985776,61710900
2025-01-13,232.71121215820312,232.9792711307645,228.06493742769467,231.84748509521594,49630700
2025-01-14,231.5992889404297,234.41882398797216,230.79512716232853,233.05869925952226,39435300
2025-01-15,236.15621948242188,237.2383779015073,232.74100113522098,232.94949481929564,39832000
2025-01-16,226.61546325683594,236.29521800986595,226.38712456587973,235.63998458586752,71759100
2025-01-17,228.3230438232422,230.61639839146835,226.83385097126646,230.44762501944012,68488300
2025-01-21,221.0359344482422,222.8031087860845,217.79942737812888,222.38613659782595,98070400
2025-01-22,222.2173614501953,222.5052654056773,218.2064601780486,218.2064601780486,64126500
2025-01-23,222.04859924316406,225.394314538592,220.69839703644928,223.1208199792776,60234800
2025-01-24,221.17491149902344,224.00438385368136,219.81478693461753,223.16050188156166,54697900
2025-01-27,228.20391845703125,230.47741293083342,222.36627749626697,222.4059977899183,94863400
2025-01-28,236.54339599609375,238.4594987479956,229.147074251248,229.18679454547646,75707600
2025-01-29,237.63546752929688,238.1318651456976,232.3240069742682,232.43321505583046,45486100
2025-01-30,235.87820434570312,239.05514590762664,235.50095247665905,236.95042496326212,55658300
2025-01-31,234.29966735839844,245.40904807772534,231.7581140684966,245.40904807772534,100959800
2025-02-03,226.3672332763672,230.15971829856622,224.0738787357251,228.33297872450572,73063300
2025-02-04,231.1227264404297,231.45035067549782,225.0170268486458,225.61271003037928,45067300
2025-02-05,230.79510498046875,230.99366099381652,226.62536810475493,226.88348940722173,39620300
2025-02-06,231.53970336914062,232.11552641696264,228.76979621063217,229.62360070928509,29925300
2025-02-07,225.99000549316406,232.31410688860944,225.622660920367,230.92419948813392,39707200
2025-02-10,226.25831604003906,229.18034555631772,225.81107002878403,228.16659197494192,33115600
2025-02-11,231.1979522705078,233.79199753404617,226.7354100570617,226.80497424991785,53718400
2025-02-12,235.42198181152344,235.5114431570428,229.2698195612854,229.7866449882993,45243300
2025-02-13,240.05349731445312,240.85854326211725,234.12993999243653,235.46174477414044,53614100
2025-02-14,243.10472106933594,244.04891051069433,239.51678905976664,239.77519417214083,40896200
2025-02-18,242.97552490234375,243.6811760890431,240.3615975750387,242.65747382373942,48822500
2025-02-19,243.373046875,244.50607717853558,241.67350900245088,243.16433914739287,32204200
2025-02-20,244.3271942138672,245.27138364211797,242.7966000469895,243.4426355672204,32316900
2025-02-21,244.04891967773438,247.16972378813352,243.72093519653038,244.44646835255205,53197400
2025-02-24,245.58944702148438,247.33868242018207,242.92582237394555,243.43269920852308,51326400
2025-02-25,245.52981567382812,248.47172760145406,243.41284686721102,246.48395378064242,48013300
2025-02-26,238.89064025878906,243.48239258336395,237.66816369812489,242.83637220684057,44433600
2025-02-27,235.849365234375,240.97782529617328,235.61082691795045,237.94646720738686,41153600
2025-02-28,240.36160278320312,240.61007450668035,228.79275994472408,235.50149647860906,56833400
2025-03-03,236.57489013671875,242.53821134874983,234.66662916873,240.31189930334125,47184000
2025-03-04,234.4877166748047,238.60242278275774,233.24535811530478,236.25684921580154,53798100
2025-03-05,234.29888916015625,235.1039350742086,227.82867612475383,233.98083809185871,47227600
2025-03-06,233.89138793945312,236.4059203890797,231.73465535282332,233.00682927336524,45170400
2025-03-07,237.60853576660156,239.89446338205195,233.32487071745646,233.67273718007357,46273600
2025-03-10,226.08938598632812,234.71633209649934,222.84932017741133,234.10011191080184,72071200
2025-03-11,219.48995971679688,224.4593937721428,216.1206840338927,222.4418047589131,76137400
2025-03-12,215.653564453125,220.39440897367027,213.5962265598192,218.7942505386503,62547500
2025-03-13,208.39816284179688,215.51439548794804,207.14587101812543,214.62983690242842,61368300
2025-03-14,212.18492126464844,212.6421007492463,208.29881981801313,209.95860913307365,60107600
2025-03-17,212.69178771972656,213.9043309003415,208.68642489319868,212.00600336087763,48073400
2025-03-18,211.38980102539062,213.83475423543342,210.19713981325924,212.85081593904235,42432400
2025-03-19,213.9241943359375,217.42266485537363,212.44329758558237,212.91042558181826,54385400
2025-03-20,212.7911834716797,216.16045933121794,210.92267131595005,212.6818553101102,48862900
2025-03-21,216.93568420410156,217.5021918152461,209.9884097524224,210.26669685360034,94127800
2025-03-24,219.38064575195312,220.1260609084734,217.24379503613238,219.64899945464327,44299500
2025-03-25,222.38217163085938,222.7300380772677,218.73460889257407,219.42039321145907,34493600
2025-03-26,220.1757354736328,223.64440576884627,219.12221792138408,222.1436270366165,34466100
2025-03-27,222.48158264160156,223.61461307047793,219.21168633594712,220.03661426059983,37094800
2025-03-28,216.56793212890625,222.44180687800483,216.34927581514728,220.31488968867507,39818600
2025-03-31,220.7720947265625,224.24075018814546,214.90815310911736,215.6833836525119,65299300
2025-04-01,221.82559204101562,222.31258685550372,217.56180927777046,218.46624988397502,36412700
2025-04-02,222.5213165283203,223.8133724100327,219.66886624627372,219.9670353213626,35905900
2025-04-03,201.94784545898438,206.22156139646,200.01970279192506,204.2834701562562,103419000
2025-04-04,187.2283935546875,198.65809134675584,186.19474282689396,192.70470416765195,125910900
2025-04-07,180.35072326660156,192.96313526897592,173.55252535537636,176.1167553732534,160466300
2025-04-08,171.36598205566406,189.1764339595553,168.1756135141289,185.5586861535385,120859500
2025-04-09,197.6343994140625,199.38363475051753,170.83920418374143,170.89883496621582,184395900
2025-04-10,189.25592041015625,193.58926741380884,181.88128226075605,187.9141823452429,121880000
2025-04-11,196.9386749267578,198.32017705332044,184.92258644836306,184.96235041538483,87435900
2025-04-14,201.281982421875,211.63828226401768,199.93029560984905,210.14745189040866,101352900
2025-04-15,200.90428161621094,202.26590170954893,198.57859009217825,200.6259945192588,51343900
2025-04-16,193.08238220214844,199.4730666932086,191.19398828729797,197.1473753495745,59732400
2025-04-17,195.7758331298828,197.61452992177487,193.2314851467638,195.9944894564487,52164700
2025-04-21,191.97915649414062,192.6152433685041,188.6496300196632,192.088484636555,46742500
2025-04-22,198.51898193359375,200.3576636647513,194.77202394084523,194.9211009149487,52976400
2025-04-23,203.34925842285156,206.72846769395255,201.56025903470575,204.7406939661261,52929200
2025-04-24,207.09617614746094,207.55337072286264,201.69937840299403,203.63745452212558,47311000
2025-04-25,208.00062561035156,208.46775361357263,204.9394524859384,205.10841141990002,38222300
2025-04-28,208.85537719726562,210.2070638884643,206.1917677806294,208.71623364812058,38743100
2025-04-29,209.91885375976562,210.94255602883885,207.096203506044,207.41425458581946,36827600
2025-04-30,211.20094299316406,212.2743425468257,205.40658118436113,208.02050829648644,52286500
2025-05-01,212.0159454345703,213.2483553954001,207.62295230903422,207.80185982414434,57365700
2025-05-02,204.09466552734375,205.72463931330321,200.92416412992952,204.83013207172814,101010600
2025-05-05,197.67417907714844,202.85233686944883,196.99834321624024,201.85844989834033,69018500
2025-05-06,197.29647827148438,199.42339557924856,195.81559653234874,196.99832434112832,51216500
2025-05-07,195.05026245117188,198.22076341125427,192.06860238822404,197.9524097592469,68536700
2025-05-08,196.28269958496094,198.82704723676696,193.4898650803139,196.51128929096475,50478900
2025-05-09,197.31634521484375,199.31405222350435,196.3323918231404,197.7834732241415,36453900
2025-05-12,209.776123046875,210.2538252478288,205.75556156059073,209.95526516858178,63775800
2025-05-13,211.90582275390625,212.37356332026266,207.99473291206186,209.41784747983854,51909300
2025-05-14,211.30873107910156,212.91098786371114,209.56714827780408,211.40824098508043,49325800
2025-05-15,210.43296813964844,211.93571508448807,208.53215118256114,209.9353730316401,45029500
2025-05-16,210.24388122558594,211.54759317457453,208.76105751069144,211.33859654598928,54737900
2025-05-19,207.7758026123047,208.47243269467637,203.2775387890809,206.90999202317107,46140500
2025-05-20,205.8650360107422,207.46729276724128,204.04383620537516,206.67113760639387,42496600
2025-05-21,201.1179962158203,206.0441849710538,199.7446439816099,204.18318404217405,59211800
2025-05-22,200.39149475097656,201.77480849030061,198.7394754118135,199.7446272097534,46742400
2025-05-23,194.33078002929688,196.74908474491085,192.52948833207407,192.73846975457602,78432900
2025-05-27,199.24703979492188,199.77448939448533,196.4803970243206,197.34622283817185,56288500
2025-05-28,199.4560089111328,201.75489573800118,198.9385057789635,199.6251894151235,45339700
2025-05-29,198.98826599121094,202.8297005493605,197.55518975609246,202.60081106845576,51396800
2025-05-30,199.88394165039062,200.98860329086406,195.83351057352263,198.4110493394953,70819900
2025-06-02,200.7298583984375,201.15779807678393,199.15745607510846,199.31669015009302,35423300
2025-06-03,202.29232788085938,202.78992300957722,199.9934408158467,200.38156440883068,46381600
2025-06-04,201.844482421875,205.24803106286797,201.12794426741362,201.93404589483336,43604000
2025-06-05,199.6649932861328,203.765171611367,199.1872911078447,202.521183994692,55126100
2025-06-06,202.93917846679688,204.7106157617459,201.07817770068002,202.0236053289331,46607700
2025-06-09,200.48104858398438,205.0091667110405,199.05793398755327,203.4069099948636,72862600
2025-06-10,201.6951904296875,203.36711781582227,199.60530017876516,199.63515466910712,54672600
2025-06-11,197.8238983154297,203.51638723180633,197.45568281643992,202.5211970741936,60989900
2025-06-12,198.24188232421875,198.71956936233477,196.4107360236097,198.12246436103902,43904600
2025-06-13,195.50509643554688,199.4062398916536,194.758703844025,198.7693188209708,51447300
2025-06-16,197.46563720703125,197.73434281232372,195.61458283187793,196.3510290449251,43020700
2025-06-17,194.69900512695312,197.4357781067605,194.27108064091922,196.25149936947125,38856200
2025-06-18,195.63449096679688,196.61973472966923,194.13175923439314,194.99756984742208,45394700
2025-06-20,200.03323364257812,200.72986375748766,195.9131467510872,197.28651411005004,96813500
2025-06-23,200.5308074951172,201.32696262150702,198.00303129313016,200.6601870689569,55814300
2025-06-24,199.33657836914062,202.4614746491071,199.23705328583006,201.61555699715424,54064000
2025-06-25,200.59051513671875,202.6903668657116,199.65503400834336,200.4810436177515,39525700
2025-06-26,200.03323364257812,201.66534499125092,198.5006473897771,200.461158146952,50799100
2025-06-27,200.1128387451172,202.24254507531293,199.03803155248616,200.91894034324127,73188600
2025-06-30,204.1831512451172,206.39247448465787,198.30157410241034,201.03834688076608,91912800
2025-07-01,206.82041931152344,209.17901505124104,205.1484920031366,205.6759415551798,78788900
2025-07-02,211.418212890625,212.31387801499196,207.13889190503232,207.90519262679368,67941800
2025-07-03,212.52285766601562,213.61755770997246,210.7912213537831,211.12958235725722,34955800
2025-07-07,208.94017028808594,215.18996325511674,207.79570768244494,211.65703516300363,50229000
2025-07-08,208.99989318847656,210.41306148236814,207.44739887083225,209.08947184941582,42848900
2025-07-09,210.12445068359375,210.31353924447487,206.22330706177223,208.52219391164948,48749400
2025-07-10,211.38833618164062,212.45318170934252,209.01977884626095,209.49746585002458,44443600
2025-07-11,210.14437866210938,211.1097144278367,208.8506282887781,209.55722005399844,39765800
2025-07-14,207.61656188964844,209.89555581124029,206.54175471753558,208.92025854176603,38840100
2025-07-15,208.10421752929688,210.87084499335577,207.9151289669034,208.21368905566166,42296300
2025-07-16,209.149169921875,211.37838618562168,207.63647661047767,209.28849593835915,47490500
2025-07-17,209.00982666015625,210.7812638030366,208.58188702565155,209.55718424596662,48068100
2025-07-18,210.16424560546875,210.77131219576944,208.69136845628208,209.85573909301036,48974600
2025-07-21,211.4580078125,214.74213848423943,210.61210526026528,211.07984586548804,51377400
2025-07-22,213.36875915527344,213.91611676733493,211.20919838168209,212.1148250502387,46404100
2025-07-23,213.11996459960938,214.11515474984876,211.38834345684663,213.96588230147148,46989300
2025-07-24,212.73184204101562,214.65256693634578,212.50295255730364,212.87116805528336,46022600
2025-07-25,212.8512725830078,214.2047317845148,212.37357038101962,213.6673206036272,40268800
2025-07-28,213.02047729492188,213.8166325366559,212.03523347491873,213.000569237894,37858000
2025-07-29,210.2538299560547,213.7767964509494,209.80599741985404,213.14982178903043,51411700
2025-07-30,208.0445098876953,211.36844143995228,206.72090512781878,210.88079278566187,45512500
2025-07-31,206.57162475585938,208.83069544134486,206.16359315375274,207.48719786288635,80698400
2025-08-01,201.40658569335938,212.5527122409286,200.53081350952442,209.85574027592583,104434500
2025-08-04,202.37193298339844,206.88014336875773,200.70995198839026,203.52634207300898,75109300
2025-08-05,201.94398498535156,204.35234334482283,201.18764593221573,202.42167200915333,44155100
2025-08-06,212.22430419921875,214.3440641251077,204.60114383647723,204.6409599471833,108483100
2025-08-07,218.97169494628906,219.78775818606874,215.53829184895108,217.82723230897543,90224800
2025-08-08,228.2468719482422,229.88892965735022,218.19544514014734,219.76784743364436,113854000
2025-08-11,226.3438720703125,228.71511750604432,223.9327805410339,227.08115402328403,61806100
2025-08-12,228.80479431152344,229.95057099439725,226.23430307406312,227.17083074525974,55626200
2025-08-13,232.47125244140625,234.1351043372746,229.58191650034667,230.2195756343437,69878500
2025-08-14,231.92327880859375,234.25466305951576,230.0003892485326,233.1985666998313,51916300
2025-08-15,230.73764038085938,233.41774239633352,228.49592139875156,233.13877413921495,56038700
2025-08-18,230.0402374267578,232.26202593201924,229.26310933608104,230.8472538899505,37476200
2025-08-19,229.71144104003906,232.01293684851592,228.50590285589897,230.4287923573085,39402600
2025-08-20,225.17819213867188,229.6217843388592,224.93908515924198,229.13358225147155,42263900
2025-08-21,224.07228088378906,225.68632903786573,222.9564077521854,225.43724912794482,30621200
2025-08-22,226.9217529296875,228.2468598588307,224.58041092619504,225.33760837029214,42477800
2025-08-25,226.32395935058594,228.45608264282492,225.3973742361901,225.64645413109014,30983100
2025-08-26,228.46604919433594,228.6453946309622,223.86305742355088,226.03502689374838,54575100
2025-08-27,229.64170837402344,230.05018785299507,227.41990473660533,227.76862267507164,31259500
2025-08-28,231.7041015625,232.55097936868034,228.49595098757067,229.97051505486425,38074700
2025-08-29,231.28562927246094,232.52107103838586,230.51845893056873,231.65426265633033,39418400
2025-09-02,228.8745574951172,230.00040359535532,226.13467838242784,228.4062860305561,44075600
2025-09-03,237.59234619140625,237.9709525201245,233.49747185558658,236.33698891571112,66427800
2025-09-04,238.8975067138672,239.0170601981439,235.8687018920251,237.57239985348932,47549400
2025-09-05,238.80784606933594,240.43185187342493,237.61226559630578,239.1167027112504,54870400
2025-09-08,237.0045166015625,239.2661511981365,235.47017586985078,238.41928864081726,48999500
2025-09-09,233.4875030517578,237.90119155812317,232.5011411802574,236.12774389612645,66313900
2025-09-10,225.955322265625,231.56460664903227,225.118417424808,231.33545739080094,83440800
2025-09-11,229.1833953857422,229.60184779162614,225.81583028738913,226.04499474029723,50208600
2025-09-12,233.2085418701172,233.6469097348115,228.17712472443904,228.37638560886936,55824200
2025-09-15,235.82884216308594,237.31336381412066,234.16499028444412,236.1277410783948,42699500
2025-09-16,237.2735137939453,240.33222235518573,235.45026224943368,236.30708253667353,63421100
2025-09-17,238.1104278564453,239.21634322602875,236.85505542454314,238.09049720761,46508000
2025-09-18,237.0045166015625,240.31228984200703,235.77903252032195,239.08682096339746,44249600
2025-09-19,244.59645080566406,245.3935094903633,239.32592704772566,240.342162048153,163741300
2025-09-22,255.13751220703125,255.69547916115815,247.2068166293636,247.38616206443075,105517400
2025-09-23,253.49359130859375,256.3928850249964,252.64672876089196,254.9382669065294,60275200
2025-09-24,251.3813934326172,254.7987775332095,250.11606329601622,254.28068708944184,42303700
2025-09-25,255.9246063232422,256.22352044118514,250.7836088309123,252.27808820484515,55202100
2025-09-26,254.51980590820312,256.6519291955366,252.84598111295833,253.16481067495934,46076300
2025-09-29,253.49359130859375,254.06150078407975,252.07881928540593,253.62311772285494,40127700
2025-09-30,253.69287109375,254.97811672142575,252.17846100632588,253.92202035086734,37704300
2025-10-01,254.50985717773438,257.8375764362911,253.99176669154556,254.10136246357334,48713900
2025-10-02,256.18365478515625,257.229778167004,253.21461153357077,255.63566078088252,42630200
2025-10-03,257.07037353515625,258.2858846694617,253.01536064819075,253.73271197999827,49155600
2025-10-06,255.74526977539062,258.11651518827176,254.11130630837613,257.0404730386864,44664100
2025-10-07,255.53607177734375,256.45266881763376,254.48991791397023,255.86484387966763,31955800
2025-10-08,257.1102600097656,257.5685585594684,255.16742442767125,255.57591915435188,36496900
2025-10-09,253.1050262451172,257.0504585775582,252.2083446799687,256.8611554198282,38322000
2025-10-10,244.3673095703125,255.436420799504,243.10197943699816,254.00171816056968,61999100
2025-10-13,246.74851989746094,248.7710475029622,244.6562426215344,248.46219085423505,38142900
2025-10-14,246.8581085205078,247.93413549962378,243.79940008876653,245.69241642712313,35478000
2025-10-15,248.42233276367188,250.89321639065437,246.559219921403,248.57178982967116,33893600
2025-10-16,246.53929138183594,248.1234359576197,244.22783772705108,247.33635013275978,39777000
2025-10-17,251.36146545410156,252.44746537322095,246.35995200283696,247.10719170360767,49147000
2025-10-20,261.27484130859375,263.4069798400544,254.68918336894043,254.94822099113512,90483000
2025-10-21,261.8028564453125,264.313600971564,260.8663137101643,260.916147926868,46695900
2025-10-22,257.4988098144531,261.882609922878,254.4899051977633,261.6833338430701,45015300
2025-10-23,258.6246032714844,259.66078406832133,257.06040475940137,258.98329410338334,32754900
2025-10-24,261.8527526855469,263.1579290692685,258.2261343576155,260.2287466983284,38253700
2025-10-27,267.8206787109375,268.1295353654346,263.67598537979285,263.90514984178776,44888200
2025-10-28,268.0099792480469,268.89671830922975,267.1631014853557,268.00000632210845,41534800
2025-10-29,268.7073974609375,270.4110953948544,266.1269030442272,268.28892986747474,51086700
2025-10-30,270.401123046875,273.1310593223432,267.49188695276854,270.98894793982623,69886500
2025-10-31,269.37493896484375,276.29937269597025,268.16940070155243,275.9705701844509,86167100
2025-11-03,268.05975341796875,269.8531467885877,265.2700709373508,269.424736694289,50194600
2025-11-04,269.0461730957031,270.49081837885313,266.6350661079627,267.3424445625432,49274800
2025-11-05,269.14581298828125,270.7000692568828,265.94760492323326,267.6214146886098,43683100
2025-11-06,268.7771301269531,272.3937751745226,266.90407480138714,266.90407480138714,51204000
2025-11-07,267.48193359375,271.2878818962731,265.7881780523408,268.80702532983145,48227400
2025-11-10,268.6986083984375,272.9869540449525,266.7339548671466,268.22988302493957,41312400
2025-11-11,274.5028076171875,275.16101963639426,269.0675899882029,269.07757258136417,46208300
2025-11-12,272.7276306152344,274.9815052844664,270.9624464716027,274.25347600982695,48398000
2025-11-13,272.2090759277344,275.9488963676571,271.3513946141157,273.36590026791555,49602800
2025-11-14,271.6705017089844,275.21085247368256,268.8681323529343,270.31417782757546,47431300
2025-11-17,266.73394775390625,269.7557213346742,265.00866346949266,268.09027174019775,45018300
2025-11-18,266.71405029296875,269.9751630894399,264.59980979362433,269.25711627506445,45677300
2025-11-19,267.8309631347656,271.47104873805114,264.77927226211665,264.80918960656476,40424500
2025-11-20,265.5272521972656,274.68232536305425,265.1981613886433,270.09480618650156,45823600
2025-11-21,270.75299072265625,272.5879921198442,264.9488130991126,265.2280517805383,59030800
2025-11-24,275.1710205078125,276.24807542504453,270.164627965921,270.164627965921,65585800
2025-11-25,276.2181701660156,279.6189174225992,274.50283786370125,274.52277261748515,46914200
2025-11-26,276.79656982421875,278.7712060098946,275.8790842359358,276.2081750495132,33431400
2025-11-28,278.0930480957031,278.242634823177,275.2407959413455,276.50736791500816,20135600
2025-12-01,282.3315124511719,282.65065109438723,275.3904143522869,277.2553332443013,46587700
2025-12-02,285.4131164550781,286.619823290159,281.86278279875575,282.231773534172,53669500
2025-12-03,283.378662109375,287.8365294074879,282.5309633672564,285.4231155973949,43538700
2025-12-04,279.9380187988281,283.95707766942763,277.83373081751637,283.3287830094401,43989100
2025-12-05,278.02325439453125,280.37686403379615,277.29522501275557,279.77848663840757,47265800
2025-12-08,277.1356506347656,278.9108174051644,275.4003533668138,277.374989388386,38211800
2025-12-09,276.4275817871094,279.2698514894354,276.16830825817004,277.40493251311347,32193300
2025-12-10,278.02325439453125,278.9906225605669,275.6896099437804,276.99605153243056,33038300
2025-12-11,277.2752685546875,278.8310314000742,273.0667227973629,278.34237127554803,33248000
2025-12-12,277.5246276855469,278.46207855775873,276.06859927253834,277.1456542987284,39532900
2025-12-15,273.3658752441406,279.3894873363706,272.0993337942639,279.3894873363706,50409100
2025-12-16,273.8645324707031,274.752131096348,271.0522107383373,272.07941349564567,37648600
2025-12-17,271.10205078125,275.41033087528734,270.9026119684932,274.2634587890498,50138700
2025-12-18,271.4511413574219,272.88723490520505,266.22537510199504,272.8672697170699,51630700
2025-12-19,272.9271240234375,273.8545921928022,269.1673383776201,271.4112306527045,144632000
2025-12-22,270.23443603515625,273.13654030849926,269.7756932559407,272.1192896847017,36571800
2025-12-23,271.62066650390625,271.7603010837797,268.8282792538215,270.1048034873943,29642000
2025-12-24,273.06671142578125,274.6823088952694,271.46109654935304,271.60070067851706,17910600
2025-12-26,272.6578063964844,274.6224597374741,272.11926379011726,273.4157529954652,21521800
2025-12-29,273.0168762207031,273.61522314661676,271.6107000753325,271.9497734782625,23715200
2025-12-30,272.33868408203125,273.3359694836473,271.54086793463244,272.06942798009953,22139600
2025-12-31,271.12200927734375,272.9370761103812,271.0123224859311,272.3187639976345,27293600
2026-01-02,270.2743225097656,277.0857683126949,268.2697691424855,271.52092924369913,37838100
2026-01-05,266.5345153808594,270.7729784841199,265.41756056202854,269.9053450243044,45647200
2026-01-06,261.6477966308594,266.82371056256306,261.40845786144683,266.27521573774703,52352100
2026-01-07,259.623291015625,262.964203143993,259.1047135716701,262.48552563718374,48309800
2026-01-08,258.3368225097656,258.58614386359903,255.00587765735156,256.3222864925608,50419300
2026-01-09,258.6659240722656,259.5036402038468,255.52448097015204,258.3767027680543,39997000
2026-01-12,259.54351806640625,260.5906555331263,256.1028713590674,258.45648066308013,45263800
2026-01-13,260.3413391113281,261.0992857475004,257.6885867541948,258.0176775418968,45730800
2026-01-14,259.25433349609375,261.10930037675524,256.0131555781144,258.78560808748875,40019400
2026-01-15,257.5090637207031,260.3313985459844,256.35220896361545,259.9424426175537,39388600
2026-01-16,254.8363494873047,258.1971965798445,254.23797213114116,257.1999111311508,72142800
2026-01-20,246.0303192138672,254.09835490933511,242.75922413209136,252.04394930256512,80267500
2026-01-21,246.97775268554688,250.8771427168815,244.51445623630568,248.02490552393743,54641700
2026-01-22,247.67584228515625,250.31864258405668,247.47637302553753,248.52352576906395,39708300
2026-01-23,247.36668395996094,248.7329754164565,244.01580413580567,246.6486524137701,41689000
2026-01-26,254.7166748046875,255.86354695988197,249.12190294519746,250.7973351598156,55969200
2026-01-27,257.5688781738281,261.23891141767155,257.50904348719195,258.4664593428383,49648300
2026-01-28,255.743896484375,258.15731035497566,253.8191275531099,256.95060341967536,41288000
2026-01-29,257.5788879394531,258.94516415300217,253.7193980705993,257.29964922744847,67253000
2026-01-30,258.775634765625,261.1890484668085,251.49543285360957,254.47732177254832,92443400
2026-02-02,269.2770690917969,269.7557466562268,258.50636737104884,259.3241487899344,73913400
2026-02-03,268.7485046386719,271.1419837262723,266.88355520832346,268.4692659190308,64394700
2026-02-04,275.7394104003906,278.19275421850585,271.55083028665655,271.55083028665655,90545700
2026-02-05,275.1610412597656,278.7412924914769,272.48832346973,277.37501624935936,52977400
2026-02-06,277.364990234375,280.1474248180158,276.1782182606431,276.3677049075235,50453400
2026-02-09,274.13079833984375,277.70443813431814,271.2160169672847,277.41494619870406,44623400
2026-02-10,273.19244384765625,274.87943562430115,272.4537718732244,274.40031021957236,34376900
2026-02-11,275.00921630859375,279.6808719096702,273.9610989943363,274.2106536370846,51931300
2026-02-12,261.2637634277344,275.22883180172755,259.71650632997444,275.0990585104662,81077200
2026-02-13,255.32435607910156,261.7628783299504,254.9949421084194,261.5432690161623,56290700
2026-02-17,263.4099426269531,265.8156532326085,255.08478749757862,257.5903108294174,58469100
2026-02-18,263.8791198730469,266.3447212846438,261.9825104325609,263.13045584681157,34203300
2026-02-19,260.11578369140625,264.00886051677537,259.5867290635135,262.13220471573277,30845300
2026-02-20,264.1086730957031,264.2783836675007,257.7001265171608,258.50868117461044,42070500
2026-02-23,265.705810546875,268.95002088588865,262.91081074777924,263.0206001676805,37308200
2026-02-24,271.6552429199219,274.4003442568012,267.233111068832,267.38283777638213,47014600
2026-02-25,273.74151611328125,274.45024283739696,270.567157599074,271.29586819299504,33714300
2026-02-26,272.4637756347656,275.61811956353745,270.31758130113775,274.4602128097023,32345100
2026-02-27,263.70941162109375,272.3240439665745,262.4217314181026,272.3240439665745,72366500
2026-03-02,264.2484130859375,266.05518620599753,259.73647625260065,261.94253069595567,41827900
2026-03-03,263.2801818847656,265.08695529305965,259.6666350681776,263.0106738027697,38568900
2026-03-04,262.0523376464844,265.67587606267574,260.95432154975975,264.17854815272653,39803100
2026-03-05,259.8263244628906,261.09405110124777,256.79173142961054,260.3254337562426,49658600
2026-03-06,257.0013427734375,258.3090066542827,253.916851068475,258.16927189629365,41120000
2026-03-09,259.41705322265625,260.68477987096253,253.22808575123491,255.2345148744848,38218500
2026-03-10,260.3653564453125,262.01244158439727,256.4922936817907,257.19102845716964,30590800
2026-03-11,260.34539794921875,261.6630538494394,259.08763272962494,260.624897946549,26218900
2026-03-12,255.3043975830078,258.48873275942157,253.7272102811576,258.1992408199258,40794000
2026-03-13,249.6744384765625,255.87336762960538,249.07551643845036,255.024890934378,36930000
2026-03-16,252.36964416503906,253.43773019062647,249.4348789230203,251.66090222791988,32074200
2026-03-17,253.77711486816406,254.67552076289968,251.7307636559193,252.5093881906664,32361600
2026-03-18,249.49476623535156,254.48585937367065,248.55643828829037,252.1799767808244,35757900
2026-03-19,248.5165252685547,251.38140795985734,246.85947863088072,248.95572868612365,34864100
2026-03-20,247.54823303222656,248.75606899357115,245.56177255944445,247.53824109812177,88331100
2026-03-23,251.04200744628906,254.14646797882926,249.83415620831627,253.51758537106093,40546100
2026-03-24,251.1917266845703,254.37604644028636,249.10545347620703,249.90403139868116,45152300
2026-03-25,252.16998291015625,254.5457480998694,251.15181088451408,253.6473574345128,28476700
2026-03-26,252.43951416015625,256.5421934269488,250.32329549316128,251.67088153367666,41796700
2026-03-27,248.35679626464844,255.03488128462607,247.6281009352486,253.4477020992108,47900000
2026-03-30,246.19065856933594,250.4230956915925,245.07264337813007,249.62453299565456,39446200
2026-03-31,253.33790588378906,255.02489784868362,246.65983587287727,247.4683905467953,49598100
2026-04-01,255.1746368408203,255.72364490973627,252.8787309132899,253.6273948962928,40059400
2026-04-02,255.464111328125,255.6737439434535,250.20349485503914,253.74717405681358,31289400
2026-04-06,258.39886474609375,261.6930045642991,256.0031460821725,256.0530752925303,29329900
2026-04-07,253.0484161376953,255.7436185540334,245.2623079794448,255.70368128016966,62148000
2026-04-08,258.4388122558594,259.28730423338584,256.07303883918246,257.9896321241455,41032800
2026-04-09,260.0259704589844,260.6548530924392,255.61386101634736,258.5386343954405,28121600
2026-04-10,260.0159912109375,261.7229364827484,258.5585701252562,259.5168819122501,31291500
2026-04-13,258.73828125,259.71651601158027,256.2027973984465,259.2673359057164,36234700
2026-04-14,258.3689270019531,261.4634109961452,256.7318642110386,258.7881922504944,48370700
2026-04-15,265.95538330078125,266.08515659729386,257.35074355126085,257.7001261657452,49913500
2026-04-16,262.9307861328125,266.68409800240715,260.80457553569033,266.3247234477873,43323100
2026-04-17,269.7486267089844,271.8149160854778,266.24486962975914,266.4844323486072,61436200
2026-04-20,272.5635681152344,273.7913879220191,269.80850557942483,269.84841238867654,36590200
2026-04-21,265.69586181640625,272.3140256362382,264.9272139873882,271.0163536236942,50209800
2026-04-22,272.68341064453125,273.2523721409737,266.39461467279705,267.3429346055621,43249200
2026-04-23,272.9429016113281,275.2787294551341,271.1660737405759,274.56001085217736,33399600
2026-04-24,270.5771179199219,272.5735550213531,269.16962610782736,272.2741016414235,38157100
2026-04-27,267.1332702636719,267.88193422863776,264.59781690250213,265.6159889280984,41466800
2026-04-28,270.2277526855469,272.7432830913257,268.181416710472,271.8548539018017,40018900
2026-04-29,269.688720703125,270.55716597281076,266.56429174844374,267.07336249706583,30047900
2026-04-30,270.86663818359375,275.50834883767226,267.6623648300734,270.018146234023,91848200
2026-05-01,279.6409912109375,286.70836594964845,277.8741246788477,278.3632420760759,79915400
2026-05-04,276.3368225097656,280.13007120517506,274.3703307853319,279.16179801165765,46668400
2026-05-05,283.67376708984375,284.0630869835518,276.00745521106614,276.43668191704,49311700
2026-05-06,286.99786376953125,287.5169265187869,280.5693330033821,281.4178249779708,58336100
2026-05-07,286.927978515625,291.6096265406606,285.2709318587503,288.75470528792926,45224300
2026-05-08,292.7974853515625,294.2349225642168,289.48339230776435,289.49338424193445,52692800
2026-05-11,292.42779541015625,293.6267735875138,289.979924827367,291.72841688276577,42247300
2026-05-12,294.54595947265625,295.0155556946294,292.3078994315659,292.3078994315659,45748100
2026-05-13,298.6124572753906,300.6607090744109,293.24708951115105,293.24708951115105,52684300
2026-05-14,297.9530334472656,300.1911240450107,295.12548538387824,299.5616620172475,35324900
2026-05-15,299.9713134765625,302.93875555297063,296.26448829773227,297.643304079477,54862800
2026-05-18,297.5833435058594,300.4009207908792,294.6558756451712,299.98126929450746,34483000
2026-05-19,298.7123718261719,300.2510533099592,296.09463441963413,296.7140952726279,42243600
2026-05-20,301.98956298828125,302.5390768782648,297.82314269813475,297.9230626302997,38229800
2026-05-21,304.7271728515625,305.27671719779084,300.1411318265125,300.80056674721834,42965100
2026-05-22,308.55389404296875,311.13165741506583,305.57645096183757,305.85620846339293,43670200
2026-05-26,308.0643005371094,311.5513139598484,307.4048960873393,309.29325163060713,48000500
2026-05-27,310.5821533203125,312.9900803339556,308.0343323058515,308.0643052358437,50430900
2026-05-28,312.24072265625,312.5304508120942,309.30325358892543,310.412282475935,48220400
2026-05-29,311.7911071777344,314.7285763294451,309.2632884033746,311.5113496628706,70026800
2026-06-01,306.0460510253906,310.67206624496237,304.7571540774977,309.363197507879,48849900
2026-06-02,314.92840576171875,315.1781903378333,306.42572903356995,307.1950545511415,44534700
2026-06-03,309.9926452636719,316.6668815001487,308.5838566628498,313.9092501546009,50836700
2026-06-04,310.9618225097656,313.26982953176514,309.38316692864953,312.96009909963743,44869100
2026-06-05,307.0751647949219,314.8984348439246,306.8853260765596,312.5903972939029,65310500
2026-06-08,301.2801818847656,317.1265012321255,300.9105055796523,308.4739595974908,77949100
2026-06-09,290.29962158203125,300.4908444635933,287.5320194610898,300.0212482417878,70108800
2026-06-10,291.3287353515625,294.4960172141002,287.1323727394638,290.4894628291428,52793300
2026-06-11,295.375244140625,296.7440586571729,289.3404406054596,293.4668864344149,42572500
2026-06-12,290.879150390625,296.88398158337014,289.3704417369658,295.7749221682621,38742100
2026-06-15,296.1645812988281,297.5233947188816,291.4486474146935,293.8665449684006,45732600
2026-06-16,298.9821472167969,300.2210994929347,293.71669913987887,294.99559499590845,39874400
2026-06-17,295.6949768066406,301.8096980081642,294.10632015937927,300.59074812548096,42745100
2026-06-18,297.7532043457031,300.31099586682666,295.3652492546472,297.8530937792582,85962200
2026-06-22,296.75408935546875,302.1594314563154,296.5043047694293,297.05381866220307,44879900
2026-06-23,294.04638671875,301.3800886038737,293.9264950024863,297.2836155142734,52010900
2026-06-24,292.8274230957031,299.4417438827621,292.68755959702736,295.1054570720635,53081900
2026-06-25,274.91290283203125,288.55113481081804,273.5141152813601,287.1523472601469,107013700
2026-06-26,283.53546142578125,285.70360492137456,273.9737007161028,274.7630284991681,261775500
2026-06-29,281.4972229003906,288.12151489662153,279.6088673150861,286.4829438934296,66427000
2026-06-30,289.11065673828125,289.69017405322865,280.45814550695326,280.9277417485351,65100200
2026-07-01,294.1263427734375,296.33442991747245,288.95081360688545,293.1871503157195,50164200
2026-07-02,308.3640441894531,309.15337194761725,293.4269150966668,293.866538367699,75352800
2026-07-06,312.3905944824219,313.9292760509671,306.7354678654279,307.0951430290638,53590000
2026-07-07,310.3923034667969,315.20815732134815,309.88273318392555,315.0183186077797,42490000
2026-07-08,313.1199645996094,314.5487250421545,306.7854009831778,311.6412289475945,41323500
2026-07-09,315.947509765625,316.2572401947346,307.8944576262147,310.24243869469103,48124500
2026-07-10,315.0483093261719,316.6369356310425,311.9010296470402,314.4488202226986,34132300
2026-07-13,317.03656005859375,323.171283634363,315.5078797345754,316.7468014245228,43257800
2026-07-14,314.58868408203125,315.91755515351207,311.64124426456783,313.48965629761443,36336800
2026-07-15,327.2178039550781,328.44675508114506,317.0465830462295,317.34631234952286,60957600
2026-07-16,332.97283935546875,334.3915986652446,326.50841333986017,327.72736328456057,62970600
2026-07-17,333.452392578125,334.7013154010385,328.71648699084636,331.693929977533,63407100
2026-07-20,326.3085632324219,333.4224228207836,323.4010672140761,333.2226134619852,53468000
2026-07-21,327.45758056640625,329.3159936819017,321.94234806189104,322.85156758462244,41338900
2026-07-22,325.60919189453125,328.7164973399543,323.0613709608057,327.58746619388995,38755900
2026-07-23,321.3828430175781,323.0214140443725,319.0748358849152,321.4527900194849,40840800
2026-07-24,332.7330322265625,334.0818750563203,321.3428614810286,321.5127284115298,47489400
2026-07-27,336.61968994140625,339.277401491225,333.73216560461384,334.2517370375488,49604300
2026-07-28,339.78692626953125,342.59453283396704,335.31080637618777,339.73698155301014,51859000
2026-07-29,337.8985900878906,344.2730974331505,337.0593175600121,339.43727163464206,56090800
2026-07-30,333.1426696777344,334.4615395264105,329.30598233808786,332.8129674612056,74817800
2026-07-31,308.6438293457031,310.4222943774597,299.7415030462749,304.54735603914753,132489100
2026-08-03,303.1585693359375,311.5313230344714,302.29929450581176,309.313234694189,75052000
2026-08-04,309.1134033203125,310.1525156602479,301.0603512911937,302.46913991298527,68001000
2026-08-05,310.7320251464844,311.4414048335362,305.40663118634393,309.09342362565195,49438800
2026-08-06,312.14080810546875,316.0174696892129,308.96355554648414,314.06913775686996,46139900
2026-08-07,313.05999755859375,314.53873325457766,310.47223295908327,311.1816431226555,34437200
2026-08-10,308.260009765625,308.260009765625,304.6099853515625,306.8299865722656,44812500
2026-08-11,304.9100036621094,309.9700012207031,302.7900085449219,307.75,37476700
2026-08-12,302.25,305.6600036621094,300.57000732421875,305.1000061035156,41657800
2026-08-13,305.260009765625,306.0,302.04998779296875,304.2099914550781,40349300
2026-08-14,305.92999267578125,307.489990234375,304.29998779296875,306.0,28229400
2026-08-17,305.5899963378906,307.6600036621094,302.94000244140625,306.2099914550781,38169300
2026-08-18,310.0299987792969,311.489990234375,305.739990234375,307.5799865722656,53424500
2026-08-19,316.8299865722656,319.2799987792969,309.6000061035156,310.1400146484375,50505600
2026-08-20,311.29998779296875,320.2799987792969,310.6499938964844,317.4549865722656,40891451
