Date,Close,High,Low,Open,Volume
2021-09-01,148.75384521484375,151.1630130890743,148.58803390921838,149.06597111930256,80313700.0
2021-09-02,149.8657989501953,150.90945341746877,148.64658478729757,150.08038183350413,71115500.0
2021-09-03,150.49977111816406,150.82164538297303,149.3195654805312,149.97306236375573,57808700.0
2021-09-07,152.8308868408203,153.386840580654,150.5875305279746,151.15324750307346,82278300.0
2021-09-08,151.289794921875,153.17225378958634,150.18762094012845,153.113733911437,74420200.0
2021-09-09,150.27545166015625,152.2652024090621,150.15839699282031,151.6604770125975,57305700.0
2021-09-10,145.30104064941406,151.65070144497142,145.03768627305047,151.1825274626448,140893200.0
2021-09-13,145.86669921875,147.69063776594558,145.0863996390539,146.92010141889327,102404300.0
2021-09-14,144.4719696044922,147.34932639599026,143.2917788504928,146.64705797915482,109296300.0
2021-09-15,145.3595428466797,145.7594485393446,142.76505234502355,144.9011172737186,83281300.0
2021-09-16,145.12548828125,145.30106285331667,143.59416308886955,144.78411725815147,68034100.0
2021-09-17,142.4626922607422,145.15472586644688,142.17007797103764,145.15472586644688,129868800.0
2021-09-20,139.4195556640625,141.27275491051466,137.79068761664803,140.2583754550107,123478900.0
2021-09-21,139.89744567871094,141.0386427665462,139.2634605258952,140.38513114487054,75834000.0
2021-09-22,142.25787353515625,142.82357564689215,140.16081684875996,140.89234513594866,76404300.0
2021-09-23,143.21372985839844,143.45757261545157,142.05303595354863,143.03815533417017,64838200.0
2021-09-24,143.301513671875,143.8379707289355,141.97500844122595,142.0725514999574,53477900.0
2021-09-27,141.78973388671875,142.36521431660975,140.27792014196672,141.88727697869655,74150700.0
2021-09-28,138.41493225097656,141.18498292082313,138.20034939372246,139.72192610299075,108972300.0
2021-09-29,139.31227111816406,140.89236770909372,138.53197117688373,138.9611368887371,74602000.0
2021-09-30,138.01504516601562,140.8241193990878,137.8004622797123,140.12185084081975,89056700.0
2021-10-01,139.1366729736328,139.40002732180153,135.68386603878685,138.40514469326044,94639600.0
2021-10-04,135.71315002441406,138.70754679310303,134.8645818313905,138.26861784072736,98322000.0
2021-10-05,137.6346435546875,138.73681787676418,135.9277437943665,136.05454682483122,80861100.0
2021-10-06,138.502685546875,138.6489852474294,134.96208396365105,136.03499804431914,83221100.0
2021-10-07,139.7609100341797,140.66801284222436,139.2049562794912,139.53657886179528,61732700.0
2021-10-08,139.3805389404297,140.62901288949595,139.04891630336158,140.48271316225515,58773200.0
2021-10-11,139.2927703857422,141.24351294952652,138.31739910385002,138.76607644203366,64452200.0
2021-10-12,138.0247802734375,139.72193160685052,137.56635459515326,139.70242001460875,73035900.0
2021-10-13,137.4395751953125,137.91749761325408,135.77168370267864,137.7614495143466,78762700.0
2021-10-14,140.2193603515625,140.33641501765865,138.02477512030043,138.61000380183043,69907100.0
2021-10-15,141.2727508544922,141.3312707409973,139.97550546602724,140.22911148485912,67940300.0
2021-10-18,142.94064331054688,143.22349439217342,139.63413574665708,139.91698682828363,85589200.0
2021-10-19,145.09620666503906,145.49611240776287,142.94064476173952,143.38930715549284,76378900.0
2021-10-20,145.5838623046875,146.0617994269622,144.47194001956103,145.037656955219,58418800.0
2021-10-21,145.79849243164062,145.95455540585698,144.22814410067642,145.14499547046705,61421000.0
2021-10-22,145.02792358398438,146.48121692115393,144.97915205496275,146.00329463249273,58883400.0
2021-10-25,144.9791717529297,145.69118854784608,143.98428898104416,145.0181800516583,50720600.0
2021-10-26,145.64242553710938,147.12497895180522,145.34004798248478,145.6521738906202,60893400.0
2021-10-27,145.18397521972656,146.04229155515878,144.8328410742834,145.68140905786274,56094900.0
2021-10-28,148.8123779296875,149.39759166799496,146.03256430303534,146.1301073675776,100077900.0
2021-10-29,146.1105499267578,146.24710124447626,142.80404348495375,143.59409145768024,124953200.0
2021-11-01,145.29127502441406,146.0130400607468,144.15984105888933,145.32053496464482,74588300.0
2021-11-02,146.32518005371094,147.8370082711022,144.98891149464504,144.9986747309846,69122000.0
2021-11-03,147.75900268554688,148.2271767394299,146.1301344105293,146.68608830895576,54511500.0
2021-11-04,147.2420654296875,148.67584762072252,146.92993945409776,147.8467909036605,60394600.0
2021-11-05,147.76951599121094,148.6681654176707,146.57782514412813,148.36536141475236,65463900.0
2021-11-08,146.94898986816406,148.0527725947036,146.67548855791236,147.8964818732159,55020900.0
2021-11-09,147.31036376953125,147.91597153908737,146.5777679561521,146.71451857846154,56787900.0
2021-11-10,144.48748779296875,146.64621090035791,144.4191199061072,146.53876287411308,65187100.0
2021-11-11,144.43861389160156,145.96241109507744,144.25302053135974,145.50333134171993,41000000.0
2021-11-12,146.50942993164062,146.90990439693277,144.05766590459464,144.9856178095641,63804000.0
2021-11-15,146.51918029785156,148.35555879375588,145.96240025846288,146.88058950641502,59222800.0
2021-11-16,147.49600219726562,147.97463697406297,145.87451939068316,146.4606021824879,59256200.0
2021-11-17,149.92823791503906,151.40319268452978,147.48625093625634,147.4960135184774,88807000.0
2021-11-18,154.2065887451172,154.9880275581461,149.49844560723523,150.14313374583702,137827700.0
2021-11-19,156.82440185546875,157.2834965855034,152.897682743032,153.99168810581827,117305600.0
2021-11-22,157.283447265625,161.85483815926344,157.2639072032153,157.9281202781403,117467900.0
2021-11-23,157.66444396972656,158.04539332554327,155.36897034832776,157.38116514595987,96041900.0
2021-11-24,158.18212890625,158.3774848564214,155.9354982175197,157.01974088138022,69463600.0
2021-11-26,153.17115783691406,156.72668956141257,152.73160325073675,155.86712045424656,76959800.0
2021-11-29,156.5215301513672,157.44948179191016,155.10516643692404,155.67170894176155,88748200.0
2021-11-30,161.46417236328125,161.67906839694083,156.2090119296681,156.2773947152438,174048100.0
2021-12-01,160.94644165039062,166.3481143018466,160.7120055934647,163.59354652559932,152052500.0
2021-12-02,159.9598846435547,160.38967666927002,154.13819694441963,155.0563862894109,136739200.0
2021-12-03,158.0844268798828,161.1320360204304,156.01362719703414,160.21384675586103,118023100.0
2021-12-06,161.4836883544922,163.98428011365826,160.46781363689186,160.47757621707362,107497000.0
2021-12-07,167.2077178955078,167.5984447377344,164.43362438687151,165.15645786646198,120405400.0
2021-12-08,171.01719665527344,171.87678065417452,166.73883163036436,168.1356556285786,116998900.0
2021-12-09,170.50924682617188,172.64842918211983,169.88409893762693,170.85113086564078,108923700.0
2021-12-10,175.2858123779297,175.46164318083981,170.63627480069655,171.1442122366866,115402700.0
2021-12-13,171.66192626953125,177.90364454540125,171.45679280017228,176.91707224257422,153237000.0
2021-12-14,170.28463745117188,173.61551126067369,168.21383726682737,171.18328686899508,139380400.0
2021-12-15,175.1392822265625,175.33463817394934,168.31148231582245,171.0465102933484,131063300.0
2021-12-16,168.26263427734375,176.9365751900634,166.78767978084602,175.11973661793166,150185800.0
2021-12-17,167.1686248779297,169.444558052229,165.75227570894924,165.98669687061619,195432700.0
2021-12-20,165.81089782714844,166.62163920449956,163.5740445559153,164.375008447403,107499100.0
2021-12-21,168.97569274902344,169.1808112556796,165.19548774606798,167.57886880713295,91185900.0
2021-12-22,171.56419372558594,171.7790897184107,168.15517538914062,169.02452194022183,92135300.0
2021-12-23,172.18936157226562,172.74614168304623,171.2028043307869,171.76934702247985,68356600.0
2021-12-27,176.1453857421875,176.2332936859138,172.96104046356876,172.9805656257053,74919600.0
2021-12-28,175.12953186035156,177.1222015844957,174.38717318344425,175.97935346537145,79144300.0
2021-12-29,175.21743774414062,176.4384311169709,174.00620695259946,175.16859502828655,62348900.0
2021-12-30,174.0648193359375,176.379833000267,173.95737131856603,175.30535282655248,59773000.0
2021-12-31,173.449462890625,175.07093096003192,173.14664397725932,173.95738546431582,64062300.0
2022-01-03,177.78639221191406,178.6362137085352,173.58618706197944,173.70339765267045,104487900.0
2022-01-04,175.53001403808594,178.69483440178558,174.9634712930882,178.3920304132724,99310400.0
2022-01-05,170.86090087890625,175.98907226585013,170.58739959731207,175.44206970266174,94537600.0
2022-01-06,168.0086669921875,171.23209207239668,167.65702034880644,168.6924202141222,96904000.0
2022-01-07,168.1747589111328,170.09904585932276,167.06121343542898,168.8780523594411,86709100.0
2022-01-10,168.1942901611328,168.4970941484729,164.26757109809446,165.15645789652865,106765600.0
2022-01-11,171.01719665527344,171.1148671703379,166.85605711502512,168.3212489833143,76138300.0
2022-01-12,171.4567413330078,173.06844633316717,170.76322556870227,172.03304652412405,74805200.0
2022-01-13,168.1942901611328,172.52148374355693,167.80356331883507,171.7009797317892,84505800.0
2022-01-14,169.0538787841797,169.7473947274692,167.11981439919933,167.36401309283474,80440800.0
2022-01-18,165.8597412109375,168.53614912039677,165.47879187832885,167.53005178287384,90956700.0
2022-01-19,162.37258911132812,167.11004966883394,162.08932518842298,166.0551095373263,94815000.0
2022-01-20,160.69248962402344,165.74251639966073,160.3701455866801,163.10517370877471,91420500.0
2022-01-21,158.64126586914062,162.4703001509204,158.53381783220286,160.60461828441345,122848900.0
2022-01-24,157.8695831298828,158.53381139617989,151.11016437480347,156.30672027070835,162294600.0
2022-01-25,156.07225036621094,158.98309429431202,153.37630245676536,155.29081165334586,115798400.0
2022-01-26,155.9843292236328,160.575260779249,154.15772812433738,159.70591419723806,108275300.0
2022-01-27,155.52525329589844,160.0380400395087,154.6070638933257,158.68029600296296,121954600.0
2022-01-28,166.37742614746094,166.39696621279427,159.02216399560837,161.86463986114418,179935700.0
2022-01-31,170.7241668701172,170.93906288440527,165.576454917367,166.21138037947398,115541600.0
2022-02-01,170.5581512451172,170.7828098897894,168.3115200842747,169.97206836673854,86213900.0
2022-02-02,171.75958251953125,171.79866265554188,169.30783310188434,170.69487983616585,84914300.0
2022-02-03,168.8878173828125,172.1503233892282,168.1259186202505,170.43115497753465,89418100.0
2022-02-04,168.6041717529297,170.27662529840396,166.93171820745542,167.90975737649003,82465400.0
2022-02-07,167.89019775390625,170.12990075671365,167.19578341710826,169.0638417050099,77251200.0
2022-02-08,170.9906005859375,171.499185164809,167.66525824555538,167.9586729996618,74829200.0
2022-02-09,172.4087371826172,172.77060688626915,171.05903840340724,172.18379236064646,71285000.0
2022-02-10,168.340087890625,171.62629991772872,167.78261335475796,170.31573108381698,90865900.0
2022-02-11,164.93650817871094,169.27900403758753,164.34967876719554,168.54547473503922,98670700.0
2022-02-14,165.1712646484375,165.8558891027738,162.9022065441299,163.69441590726865,86185500.0
2022-02-15,168.99537658691406,169.1518664311418,166.5111637354937,167.2153531108256,62527400.0
2022-02-16,168.76068115234375,169.53332561896576,166.3155829464961,168.07605663944543,61177400.0
2022-02-17,165.1712646484375,168.1347222265384,164.7702649952927,167.27404295611913,69589300.0
2022-02-18,163.62596130371094,166.79479876362558,162.54033719370844,166.0906242687398,82772700.0
2022-02-22,160.71141052246094,163.02935867994262,158.58905229899906,161.35690506054718,91162800.0
2022-02-23,156.55474853515625,162.50121399005073,156.24176881453315,161.90460945584556,90009200.0
2022-02-24,159.16610717773438,159.27369208830245,148.66196063900136,149.22922517438823,141147500.0
2022-02-25,161.22972106933594,161.49378083126743,157.33711544349427,160.2418922142568,91974200.0
2022-02-28,161.4938201904297,161.78723492110947,158.86289248069977,159.479061922758,95056600.0
2022-03-01,159.61599731445312,162.9413396082361,158.4130132555384,161.08305614073245,83474400.0
2022-03-02,162.9021759033203,163.6846100998314,159.3714544632476,160.77983303222933,79724800.0
2022-03-03,162.57948303222656,165.20063634825544,161.91442341280975,164.7702966304226,76678400.0
2022-03-04,159.58665466308594,161.91439273743828,158.54016047816125,160.87767357199544,83737200.0
2022-03-07,155.8016357421875,161.3960207362876,155.54733601828758,159.7724722055909,96418800.0
2022-03-08,153.98248291015625,159.30301816152476,152.37849933499598,155.33218168421902,131148300.0
2022-03-09,159.37147521972656,159.8213797915154,155.90922322313332,157.9337564869507,91454900.0
2022-03-10,155.0387725830078,156.86770104560523,152.55454474714313,156.68187121650197,105342000.0
2022-03-11,151.33200073242188,155.78208206231224,151.10705589580672,155.4397623739769,96970100.0
2022-03-14,147.31227111816406,150.7354085874783,146.80370143921206,148.12404550887342,108732100.0
2022-03-15,151.68408203125,152.1535515492418,147.0775261791108,147.58609577139651,92964300.0
2022-03-16,156.0852813720703,156.48628104894496,151.06795013405093,153.60106822684398,102300200.0
2022-03-17,157.09262084960938,157.46428044860957,154.16829376386883,155.12676781405298,75615400.0
2022-03-18,160.37881469726562,160.86783414742996,156.25148934398342,156.98501851922993,123511700.0
2022-03-21,161.7481231689453,162.69682236043158,159.4301601813594,159.9191797677464,95811400.0
2022-03-22,165.11256408691406,165.69937857870127,161.2884277154457,161.8752422072329,81532000.0
2022-03-23,166.4720458984375,168.84867380689857,163.9682532045546,164.30079784879288,98062700.0
2022-03-24,170.24725341796875,170.3157083866542,166.47202233591315,167.30334651961118,90131400.0
2022-03-25,170.88299560546875,171.43069512284325,168.95625735233114,170.061446329407,80546200.0
2022-03-28,171.74366760253906,171.87080253422522,168.22272096176943,168.38898581373743,90371900.0
2022-03-29,175.0298614501953,175.07875145997002,172.46738918878967,172.80970879935504,100589400.0
2022-03-30,173.8660125732422,175.66560091058673,172.8195035873902,174.628881866762,92633200.0
2022-03-31,170.77545166015625,174.12034444944086,170.57005683003788,173.9345145849757,103049300.0
2022-04-01,170.4820098876953,171.0394993928561,168.1640617684755,170.20816010667752,78751300.0
2022-04-04,174.52133178710938,174.57023673592576,170.60917466091976,170.73632454310336,76468400.0
2022-04-05,171.21554565429688,174.38439814013864,170.58960114244232,173.60196376939686,73401800.0
2022-04-06,168.0564727783203,169.81694627331598,166.3938091700385,168.57483234577828,89058800.0
2022-04-07,168.3596649169922,169.55287391806212,166.11996174699982,167.401190693142,77594700.0
2022-04-08,166.35464477539062,168.00753302198206,165.48419068930104,168.00753302198206,76575500.0
2022-04-11,162.11000061035156,165.31796805598518,161.8654908055094,165.00500326610816,72246700.0
2022-04-12,163.97802734375,166.13948524268093,162.98042335456353,164.33012199148104,79265200.0
2022-04-13,166.65785217285156,167.28379658301122,163.10758048377514,163.71395993382896,70618900.0
2022-04-14,161.6601104736328,167.5087962740481,161.41560064690395,166.87306177033577,75329400.0
2022-04-18,161.44493103027344,162.94132974863555,159.977872292766,160.32017704396847,69023900.0
2022-04-19,163.72373962402344,164.13452917950872,160.31039271090148,161.3960167105301,67723800.0
2022-04-20,163.5574951171875,165.17126878968486,162.45232094308298,165.05389393478876,67929800.0
2022-04-21,162.76527404785156,167.7630547165198,162.266479452362,165.20059691129774,87227800.0
2022-04-22,158.23696899414062,164.18344962427105,157.95334416856102,162.8044255775631,84882400.0
2022-04-25,159.3030242919922,159.58664908398902,154.98009296481885,157.5816658069576,96046400.0
2022-04-26,153.35653686523438,158.77486701882205,153.2782919448604,158.68684707978605,95623200.0
2022-04-27,153.13160705566406,156.2808795981602,151.967738002025,152.48609759207858,88063200.0
2022-04-28,160.0463409423828,160.90702025080918,155.4397695467575,155.7527492675287,130216800.0
2022-04-29,154.18783569335938,162.5500717654253,153.79662607980254,158.28582131341926,131747600.0
2022-05-02,154.49105834960938,154.75511815394006,149.9040527150275,153.26850950984627,123055300.0
2022-05-03,155.97767639160156,157.18067526746918,152.88708408047324,154.67688255687574,88966500.0
2022-05-04,162.3740692138672,162.82395888042848,155.76251479077115,156.1635144371754,108256500.0
2022-05-05,153.32716369628906,160.47662572180528,151.54712572139724,160.25168095172964,130525300.0
2022-05-06,154.05203247070312,156.16770488216497,151.0156499387557,152.80809337522012,116124600.0
2022-05-09,148.93911743164062,152.63174611813972,148.38082388612466,151.7502087551316,131577900.0
2022-05-10,151.33888244628906,153.52312542416914,149.7913080506125,152.32816310530018,115366700.0
2022-05-11,143.49325561523438,152.25956414663153,142.81741468212965,150.3495886480442,142689800.0
2022-05-12,139.6341094970703,143.19940187956024,135.95128476595931,139.83980605277625,182602000.0
2022-05-13,144.09072875976562,145.06041547307086,140.17282438448345,141.6224448185645,113990900.0
2022-05-16,142.55291748046875,144.49229054467892,141.22082964396816,142.5627218047711,86643800.0
2022-05-17,146.17703247070312,146.69615365751025,143.66956086149628,145.80482673464496,78336300.0
2022-05-18,137.9298553466797,144.33562356857507,137.02872402723415,143.83609605190958,109742900.0
2022-05-19,134.53103637695312,138.7525756020971,133.79642936713128,137.00910949443605,136095600.0
2022-05-20,134.76608276367188,137.81225334878067,129.88829706526903,136.23529658390538,137426100.0
2022-05-23,140.17283630371094,140.31975175202894,134.82488980062982,134.96201586760006,117726300.0
2022-05-24,137.4792938232422,139.05625126128453,134.51148183512868,137.92005516834,104132700.0
2022-05-25,137.63600158691406,138.87992561613757,135.50073567160547,135.5888849437953,92482700.0
2022-05-26,140.82908630371094,141.37759058232152,134.3253649583187,134.57023400738558,90601500.0
2022-05-27,146.56883239746094,146.6080048732437,142.27872143657157,142.4060581377044,90978500.0
2022-05-31,145.78521728515625,147.5678709384086,143.82626511004062,146.01050754614022,103718400.0
2022-06-01,145.65789794921875,148.62570934761555,144.649023812494,146.82346195823692,74286600.0
2022-06-02,148.1066131591797,148.16537934399943,143.84588541228797,144.79597858853165,72348100.0
2022-06-03,142.39625549316406,144.93309527765794,141.49513917786348,143.88504856420633,88570300.0
2022-06-06,143.14065551757812,145.5207905259265,141.9260996131152,144.01238876362018,71598400.0
2022-06-07,145.65789794921875,145.94193944320352,141.1425125135875,141.3873815394989,67808200.0
2022-06-08,144.92327880859375,146.79406665216868,144.43354079753493,145.5305491597089,53950200.0
2022-06-09,139.7124481201172,144.91346299390733,139.60470516840178,144.0613237048235,69473000.0
2022-06-10,134.31556701660156,137.87105521943323,134.24699651333503,137.40091085996173,91437900.0
2022-06-13,129.17327880859375,132.42513083188678,128.7423070468719,130.14295032685266,122207100.0
2022-06-14,130.03524780273438,131.1420606306549,128.7815195311164,130.39766413988795,84784300.0
2022-06-15,132.6504669189453,134.5212702217429,129.4475902081577,131.53386454500733,91533000.0
2022-06-16,127.39065551757812,129.67283655853572,126.39158573948599,129.36920136755154,108123900.0
2022-06-17,128.85989379882812,130.34870189215334,127.14581035148301,127.40048374314352,134520300.0
2022-06-21,133.08145141601562,134.24703070343926,130.58379859510612,130.68173726606173,81000500.0
2022-06-22,132.57211303710938,134.93263938077834,131.16166488175563,132.0235937967665,73409200.0
2022-06-23,135.43215942382812,135.74558399228505,132.84634321517927,134.0119221215175,72433800.0
2022-06-24,138.75262451171875,138.99749360130787,136.90141479225005,137.02873655581266,89116800.0
2022-06-27,138.75262451171875,140.54506804098577,138.07678343315314,139.77127334833523,70207900.0
2022-06-28,134.61920166015625,140.47646473111445,134.50166930718802,139.21294709984699,67083400.0
2022-06-29,136.3724822998047,137.78293057588337,133.86502534038587,134.63881999394516,66242400.0
2022-06-30,133.91400146484375,135.53013138802967,131.0245493574635,134.4331227102609,98964500.0
2022-07-01,136.07862854003906,136.1863715256026,132.87575195629162,133.24794276909347,71051600.0
2022-07-05,138.6546630859375,138.70363989022064,134.11968301964518,134.94245447298385,73353800.0
2022-07-06,139.98672485351562,141.16209320483665,138.18449238511542,138.44895512148898,74064300.0
2022-07-07,143.34634399414062,143.5422362397496,140.3393449670909,140.34913434840425,66253700.0
2022-07-08,144.0221405029297,144.52168281438622,142.02401609395528,142.27867446652914,64547800.0
2022-07-11,141.89671325683594,143.63039032716094,140.8290877786715,142.68029721118097,63141600.0
2022-07-12,142.8664093017578,145.40324925342907,142.0730359145698,142.7684556965353,77588800.0
2022-07-13,142.50401306152344,143.4443019452147,139.20316774910646,140.05532229787818,71185600.0
2022-07-14,145.42283630371094,145.89298070687983,140.30996921418316,141.1229362743088,78140700.0
2022-07-15,147.08792114257812,147.7637620290884,145.15835206929646,146.70592606919652,76259900.0
2022-07-18,144.0515594482422,148.45920196700573,143.6891431225671,147.64623499784832,81420900.0
2022-07-19,147.90089416503906,148.1261694879342,143.8948404199678,144.88410592104603,82982400.0
2022-07-20,149.89901733398438,150.56506886066487,147.2838179131366,148.01842499581136,64823400.0
2022-07-21,152.16162109375,152.3771070356204,148.821603940378,151.32906041419434,65086600.0
2022-07-22,150.92745971679688,153.0725146399616,150.26142318216912,152.20078156045275,66675400.0
2022-07-25,149.81085205078125,151.85795331530994,149.15460492057616,150.84909422530328,53623900.0
2022-07-26,148.48858642578125,149.94799628582763,147.70500253719806,149.13502930916428,55138700.0
2022-07-27,153.57208251953125,154.1010080911438,149.03711741300498,149.44849566558014,78620700.0
2022-07-28,154.12057495117188,154.40461645264705,151.24091273921562,153.7581586202447,81378700.0
2022-07-29,159.17465209960938,160.2716754702952,156.22643448443253,157.93072824104914,101786900.0
2022-08-01,158.19520568847656,160.2325181068246,157.58793518866128,157.70546755749734,67829400.0
2022-08-02,156.7259521484375,159.07670355733856,156.35376142488207,156.81411634866453,59907000.0
2022-08-03,162.7203826904297,163.17093336402678,157.45079605540153,157.53894532472003,82507500.0
2022-08-04,162.4069061279297,163.75858773192834,161.05522452393103,162.6027983303137,55474100.0
2022-08-05,162.18133544921875,162.67175374212067,159.87636348602825,160.08234575425365,56697000.0
2022-08-08,161.71054077148438,164.59420304327227,161.05338198319762,163.18179581085533,60276900.0
2022-08-09,161.75958251953125,162.6423445061743,160.1215870695177,160.8768354992681,63135500.0
2022-08-10,165.99681091308594,166.09488560468589,163.70164162721542,164.46669306704544,70170500.0
2022-08-11,165.26116943359375,167.713261012407,164.9669154508603,166.80107516257124,57149200.0
2022-08-12,168.802001953125,168.87065273956517,166.1537308916434,166.56569547580565,68039400.0
2022-08-15,169.87110900878906,170.06727335382837,168.0663730882192,168.2331135298216,54091700.0
2022-08-16,169.71420288085938,170.38117973679442,168.3704611545434,169.46899366269176,56377100.0
2022-08-17,171.20506286621094,172.77439273368478,169.26301023326062,169.45917459589717,79542000.0
2022-08-18,170.81271362304688,171.54834118381174,169.8024529702403,170.4203849105247,62290100.0
2022-08-19,168.2330780029297,170.41053619571213,168.02709575598993,169.7141357065489,70346300.0
2022-08-22,164.3588104248047,166.6049198473659,163.9370428679026,166.43817940694694,69026800.0
2022-08-23,164.02529907226562,165.4769480040651,163.4564120530002,163.87817957003261,54147100.0
2022-08-24,164.31954956054688,164.88843656775538,163.0640799468379,164.1135822617859,53841500.0
2022-08-25,166.7716522216797,166.8795448504242,165.12385385508654,165.54560642521002,51218200.0
2022-08-26,160.48452758789062,167.77215348287845,160.4256797689523,167.30135596498863,78961000.0
2022-08-29,158.28741455078125,159.77827539995786,156.7573118566176,158.06181135805244,73314000.0
2022-08-30,155.86474609375,159.44479366035216,154.69754815714236,159.02304111055471,77906200.0
2022-08-31,154.2071075439453,157.502718607711,154.12863883214416,157.2378885761792,87991100.0
2022-09-01,154.93295288085938,155.38412932683354,151.70599214901193,153.6382414104045,74229900.0
2022-09-02,152.82415771484375,157.286967514474,152.00025851175562,156.6886565527691,76957800.0
2022-09-06,151.5686798095703,154.07961913097643,150.74478065092995,153.47150522336744,73714800.0
2022-09-07,152.9713134765625,153.6676992214009,150.66634101658914,151.85316012640948,87449600.0
2022-09-08,151.5000457763672,153.36362955067995,149.75414265238146,151.67658920142858,84923800.0
2022-09-09,154.35426330566406,154.79565178409123,151.78447599724632,152.49067960307377,68028800.0
2022-09-12,160.29812622070312,161.11222243462,156.24728104104713,156.53171708379904,104956000.0
2022-09-13,150.8918914794922,157.46349338077283,150.43089710301157,156.8357585865151,122656600.0
2022-09-14,152.33372497558594,154.0894308134101,150.66630580332588,151.82368576965968,87965400.0
2022-09-15,149.4500732421875,152.26508456095567,148.47905455230304,151.6863795720259,90481100.0
2022-09-16,147.8120574951172,148.4496101996778,145.52670665510445,148.31229368839013,162278800.0
2022-09-19,151.5196075439453,151.59807625432504,146.24271772670144,146.448684995869,81474200.0
2022-09-20,153.89328002929688,155.05067517637016,150.14649142825516,150.46035140561636,107689800.0
2022-09-21,150.77423095703125,155.6980357811973,150.65653533272163,154.32485530993193,101696800.0
2022-09-22,149.81301879882812,151.5098622787984,148.01808565192604,149.45991695080835,86652500.0
2022-09-23,147.54725646972656,148.5673350111051,145.7130966439831,148.29270193451399,96029900.0
2022-09-26,147.88076782226562,150.82327820825114,146.77241745430226,146.7920383807957,93339400.0
2022-09-27,148.8517608642578,151.75504386028683,147.0764489671257,149.81299153282302,84442700.0
2022-09-28,146.96856689453125,147.75323924438212,142.06438341593866,144.81072915722658,146691400.0
2022-09-29,139.74960327148438,143.9083561021041,137.98409428837317,143.3002421615135,128138200.0
2022-09-30,135.55160522460938,140.35771319334796,135.35544091221504,138.5725835278908,124925300.0
2022-10-03,139.72019958496094,140.32832857992096,135.05142179088293,135.5614611189966,114311700.0
2022-10-04,143.3002471923828,143.41794280659562,141.49549629829846,142.2507447443845,87830100.0
2022-10-05,143.59449768066406,144.55572849466822,140.26946161653336,141.30916116839794,79471000.0
2022-10-06,142.64308166503906,144.7126478104947,142.43711432828448,143.0158044200555,68402200.0
2022-10-07,137.4053955078125,140.35772324812106,136.7776606833551,139.80844218113944,85925600.0
2022-10-10,137.72909545898438,139.1709266873786,135.91455644051044,137.72909545898438,74899000.0
2022-10-11,136.31668090820312,138.64127407342733,135.57125040118655,137.21904887976436,77033700.0
2022-10-12,135.68894958496094,137.67024396939837,135.51240615749046,136.46381898254117,70433700.0
2022-10-13,140.2498321533203,140.83832513907973,131.79501040391918,132.40313927882985,113224000.0
2022-10-14,135.7281951904297,141.75053227831364,135.5418338120233,141.5445499741852,88598000.0
2022-10-17,139.6809539794922,140.16155437004147,137.5819641011487,138.36663643162046,85250900.0
2022-10-18,140.9952392578125,143.88870378321928,137.91541341285344,142.70190006350694,99136600.0
2022-10-19,141.10317993164062,142.1722884311379,138.78840452952474,138.97476591255997,61758300.0
2022-10-20,140.6421661376953,143.09425775385319,139.91634163141597,140.2792613677454,64522000.0
2022-10-21,144.4478302001953,145.0167173026428,139.9163543059083,140.1321395849877,86548600.0
2022-10-24,146.58604431152344,147.3510957532076,143.2021606323234,144.3693587197694,75981900.0
2022-10-25,149.42066955566406,149.5678040506047,146.49778017936205,147.2137868289863,74732300.0
2022-10-26,146.4879608154297,149.07736899312695,145.20305222207165,148.06710843299678,88194300.0
2022-10-27,142.02516174316406,146.1937178528811,141.36800292889203,145.23250204640354,109180200.0
2022-10-28,152.75547790527344,154.48174471225758,144.98725482427943,145.3599625074013,164762400.0
2022-10-31,150.40150451660156,151.2842665764986,149.0087181195706,150.22496108445085,97943200.0
2022-11-01,147.7630615234375,152.47108127109797,146.27220032701106,152.10817643552318,80379300.0
2022-11-02,142.2507781982422,149.2539532521018,142.2213542877692,146.09565715267652,93604600.0
2022-11-03,136.2185516357422,140.0634281781866,136.09103812609595,139.33760392028597,97918500.0
2022-11-04,135.95333862304688,140.16810151754257,132.0234836201314,139.59827074317496,140814800.0
2022-11-07,136.48387145996094,136.70983394000362,133.29086405936027,134.70561435237354,83374600.0
2022-11-08,137.05369567871094,138.9498435557623,135.0789489012502,137.94774130575934,89908500.0
2022-11-09,132.50489807128906,136.12037292800636,132.22980938548775,136.07124673599705,74917800.0
2022-11-10,144.29444885253906,144.29444885253906,137.0536956773793,138.7631880310501,118854000.0
2022-11-11,147.0748291015625,147.3793904835366,141.83829520447486,143.26287971945007,93979700.0
2022-11-14,145.67970275878906,147.644629976999,144.84460269456784,146.3576050476643,73374100.0
2022-11-15,147.40882873535156,150.89657743758315,145.95478683657723,149.55060713210176,89868300.0
2022-11-16,146.18077087402344,147.24183349471545,144.70707528826344,146.51481993344615,64218300.0
2022-11-17,148.0769500732422,148.8236171893066,143.5870831617381,143.8621718356149,80389400.0
2022-11-18,148.6369171142578,150.022194440957,147.3400729082456,149.63903422199823,74829600.0
2022-11-21,145.41444396972656,147.73305885560603,145.12953609848137,147.52674987775407,58724100.0
2022-11-22,147.5464324951172,147.78222924583375,144.35342457798163,145.53239334035396,51804100.0
2022-11-23,148.4208526611328,149.16751994949988,146.72117904456323,146.8292506907543,58301400.0
2022-11-25,145.5126953125,146.2691965387926,144.5400508786952,145.70918504900035,35195900.0
2022-11-28,141.69090270996094,144.06846284178744,140.86563687733454,142.59476743015247,69246000.0
2022-11-29,138.6944122314453,142.27057984792378,137.8887997144492,141.7596944766532,83763800.0
2022-11-30,145.43409729003906,146.1119996275474,138.08527316426236,138.9203582971881,111380900.0
2022-12-01,145.7091827392578,146.51481013470644,144.03899751867118,145.61094536816785,71250400.0
2022-12-02,145.21795654296875,145.4046270438478,143.09583136119605,143.40040769964443,65447400.0
2022-12-05,144.0586395263672,148.27340168825526,143.21372024795548,145.17864740787067,68826400.0
2022-12-06,140.4038543701172,144.7168682893277,139.43121016379226,144.49090589476017,64727200.0
2022-12-07,138.4684600830078,140.85584008868295,137.5449416476374,139.69653991914743,69721100.0
2022-12-08,140.14846801757812,141.00322179654424,138.62566097989853,139.8635600853956,62128300.0
2022-12-09,139.6670684814453,143.01727390300547,138.42915440090607,139.8439047836886,76097000.0
2022-12-12,141.9561767578125,141.96599599737974,138.58631867677312,140.19755844692216,70462700.0
2022-12-13,142.9189910888672,147.34007759813417,141.71056497387187,146.87831847453648,93886200.0
2022-12-14,140.69862365722656,144.0881201971517,138.6845702087708,142.80109523487565,82291200.0
2022-12-15,134.1062774658203,139.31333739130548,133.64451838807022,138.63543512859985,98931900.0
2022-12-16,132.15118408203125,135.23611943482993,131.38486361161162,134.29296269794702,160156900.0
2022-12-19,130.04873657226562,132.82911109974094,129.01716151047765,132.74069295008061,79592600.0
2022-12-20,129.97994995117188,130.91328746393052,127.61220884643005,129.08590439011405,77432800.0
2022-12-21,133.07469177246094,134.4108428696223,130.42204304769788,130.64800547841642,85928000.0
2022-12-22,129.9111785888672,132.20032094511618,128.0150307307424,131.99401195090732,77852100.0
2022-12-23,129.5476837158203,130.09786107261186,127.36661277196195,128.62416529925937,63814900.0
2022-12-27,127.74977111816406,129.1055760060844,126.46274589439432,129.07610329036513,69007800.0
2022-12-28,123.82975006103516,128.7322427918136,123.6627329980518,127.39609129673738,85438400.0
2022-12-29,127.33712005615234,128.19185867326428,125.4900910087302,125.74552617249073,75703700.0
2022-12-30,127.65149688720703,127.67115035805845,125.19534521858718,126.1581629090278,77034200.0
2023-01-03,122.87674713134766,128.6045053870652,121.99252821247748,127.99538262842435,112117500.0
2023-01-04,124.14411926269531,126.40378887161263,122.88656686996354,124.66482384759799,89113600.0
2023-01-05,122.82762145996094,125.52939692056383,122.57218626779334,124.90062068574457,80962700.0
2023-01-06,127.34696197509766,128.00521096875735,122.69991206962038,123.80027430194448,87754700.0
2023-01-09,127.8676528930664,131.07049435820306,127.61221771125115,128.1820484933381,70790800.0
2023-01-10,128.4374542236328,128.95815869987555,125.87322378783952,127.97569516112263,63896200.0
2023-01-11,131.14906311035156,131.16870158744862,128.17219978892,128.94833938796359,69458900.0
2023-01-12,131.0704803466797,131.90556546211644,129.1350257391296,131.53223946571177,71379600.0
2023-01-13,132.3968048095703,132.55400260182785,129.35117628841525,129.71468306570503,57809700.0
2023-01-17,133.5561065673828,134.88242345634274,131.77784981822288,132.46557135226192,63646600.0
2023-01-18,132.8389434814453,136.17931456809228,132.66209219338052,134.4207108763407,69672800.0
2023-01-19,132.89785766601562,133.86066781311564,131.42416224055012,131.72872356322017,58280400.0
2023-01-20,135.45225524902344,135.59963378756996,131.8662690124696,132.9076780568954,80223600.0
2023-01-23,138.63548278808594,140.80673462294286,135.48176704430378,135.6979103035641,81760300.0
2023-01-24,140.03054809570312,140.64950501564115,137.83965827143598,137.84947751147084,66435100.0
2023-01-25,139.37229919433594,139.93229570032543,136.37578195167205,138.41930821894437,65799300.0
2023-01-26,141.43548583984375,141.72039372676826,139.41159795380088,140.65933109437518,54105100.0
2023-01-27,143.37091064453125,144.64811636457318,140.57089828761406,140.64949717713105,70555800.0
2023-01-30,140.49234008789062,142.99762607371383,140.34497649686972,142.41797596075202,64015300.0
2023-01-31,141.7596893310547,141.80881551729502,139.78494257033407,140.19757555057984,65874500.0
2023-02-01,142.8796844482422,144.0389993752098,138.8417731528238,141.44529588395375,77663600.0
2023-02-02,148.1752166748047,148.52888929698446,145.5716782733727,146.28887274258696,118339000.0
2023-02-03,151.79063415527344,154.6201342687517,145.23760339877686,145.43409313083382,154357300.0
2023-02-06,149.06922912597656,150.41521473457135,148.13589150827315,149.8945101165513,69858300.0
2023-02-07,151.93797302246094,152.50780364669458,147.99829981686307,147.99829981686307,83322600.0
2023-02-08,149.2559051513672,151.86926257026718,148.51905726950346,151.18154087876943,64120100.0
2023-02-09,148.22427368164062,151.62360422246954,147.78216807435706,151.083246261921,56007100.0
2023-02-10,148.58836364746094,148.9130734935689,146.8270751036462,147.0632318137508,57450700.0
2023-02-13,151.38284301757812,151.78625678187208,148.49982115470684,148.52933886882354,62199000.0
2023-02-14,150.74327087402344,151.3041375201495,148.44079888424892,149.68058802933567,61707600.0
2023-02-15,152.839111328125,153.0063833860837,150.42840282421838,150.6547103127393,65573800.0
2023-02-16,151.24510192871094,153.82308261470098,150.890874314185,151.04829713189807,68167900.0
2023-02-17,150.1037139892578,150.54649479465752,148.43097816102596,149.90692418842454,59144100.0
2023-02-21,146.09893798828125,148.87372305726493,146.03006833094608,147.79135689260553,58867200.0
2023-02-22,146.52203369140625,147.5453493019233,144.80009726904348,146.4826667367167,51011300.0
2023-02-23,147.00416564941406,147.92909389742377,144.87881554222116,147.68310298099968,48394200.0
2023-02-24,144.35733032226562,144.82962872471046,143.38320079150859,144.75090982195374,55469600.0
2023-02-27,145.5479278564453,146.7778826433076,145.08546365545737,145.3413038601465,44998500.0
2023-02-28,145.04612731933594,146.68934528974674,144.47542643511753,144.69189970203135,50547000.0
2023-03-01,142.97979736328125,144.8690063216874,142.6846051791963,144.47542675230628,55479000.0
2023-03-02,143.57015991210938,144.3573339453376,141.59238308918532,142.0646965175798,52238100.0
2023-03-03,148.60804748535156,148.6867663889097,144.96738452683869,145.66599039801153,70732300.0
2023-03-06,151.36314392089844,153.79353555974586,150.99908214162087,151.32377696340643,87558000.0
2023-03-07,149.16893005371094,151.55995507278075,148.70646582947896,151.2352451910372,56182000.0
2023-03-08,150.41854858398438,151.00893289820618,149.39523278864294,150.35951315538156,47204800.0
2023-03-09,148.1751251220703,152.06177965604292,147.82089750549494,151.09749920529256,53833600.0
2023-03-10,146.11862182617188,148.5194958597798,145.242894659562,147.80120650188752,68572400.0
2023-03-13,148.0570068359375,150.68418789491582,145.33142340949902,145.43966000806788,84457100.0
2023-03-14,150.1430206298828,150.94002884188114,147.6929605728649,148.85403055723415,73695900.0
2023-03-15,150.53662109375,150.7924462663543,147.51584514285557,148.76548332238644,77167900.0
2023-03-16,153.35073852539062,153.95095694332394,149.2082450157043,149.7199103098672,76161100.0
2023-03-17,152.5143585205078,154.22646059542444,151.80590352496253,153.57704101382575,98944600.0
2023-03-20,154.8759002685547,155.28917828804447,151.67801783277878,152.58327776546486,73641400.0
2023-03-21,156.72579956054688,156.8438704472163,154.0297325401581,154.79723834581083,73938300.0
2023-03-22,155.29901123046875,159.53989288471735,155.27932775015748,156.7454392443716,75701800.0
2023-03-23,156.38136291503906,158.9593583364734,155.15140813839363,156.28297554136526,67622100.0
2023-03-24,157.68020629882812,157.76875944157217,155.31869907440637,156.31249715364865,59196500.0
2023-03-27,155.74179077148438,158.19186606543823,155.33836200567538,157.37517430078694,52390300.0
2023-03-28,155.12185668945312,155.94839753031852,153.47863926690832,155.43673225056244,45992200.0
2023-03-29,158.19189453125,158.46740324672123,156.79466747018907,156.81433593979492,51305700.0
2023-03-30,159.75634765625,159.86458426430409,158.68383082177425,158.93965597985908,49501700.0
2023-03-31,162.25563049316406,162.35403288236776,159.31358823359025,159.8350878653574,68749800.0
2023-04-03,163.5052490234375,163.6233198649464,161.586522778444,161.6357239671043,56976200.0
2023-04-04,162.9739227294922,164.16451047380076,162.46225736922722,163.92836877990578,46278300.0
2023-04-05,161.1339111328125,162.40323287933546,159.20535043705326,162.0982064947886,51511700.0
2023-04-06,162.0194854736328,162.31467762112032,159.40213812085784,159.8252353547828,45390100.0
2023-04-10,159.43165588378906,159.43165588378906,157.51292944566782,158.8314373555464,47716900.0
2023-04-11,158.22137451171875,159.7563555644006,157.93601661540757,159.74652133194326,47644200.0
2023-04-12,157.53260803222656,159.4611686435216,157.21773241416443,158.6346426672523,50133100.0
2023-04-13,162.90505981445312,163.14121655398105,158.83144989570576,159.0380889195549,68445600.0
2023-04-14,162.56065368652344,163.6528540223282,161.19294470872245,161.95058596716467,49386500.0
2023-04-17,162.58035278320312,162.73779061232008,161.39959909302152,162.44259843625022,41516200.0
2023-04-18,163.8004608154297,164.7253892225956,162.99360326395418,163.43639900098648,49923000.0
2023-04-19,164.94186401367188,165.46336364998885,162.8853681685066,163.1412083770297,47720200.0
2023-04-20,163.97755432128906,165.17799130758831,162.9050374280842,163.4265370188754,52456400.0
2023-04-21,162.3737030029297,163.78076396537094,161.85220341407148,162.40322071444277,58337300.0
2023-04-24,162.67874145507812,162.9444158925364,161.26183114076272,162.35403159020615,41949600.0
2023-04-25,161.14376831054688,163.6430299514636,161.10440134757968,162.54099521393778,48714100.0
2023-04-26,161.1339111328125,162.6295403559192,160.1893142654478,160.44513945575562,45498800.0
2023-04-27,165.7093505859375,165.85693915334915,162.5409858833323,162.5409858833323,64902300.0
2023-04-28,166.95895385742188,167.12624089927414,165.18783120394306,165.7880496631181,55275900.0
2023-05-01,166.8704376220703,167.71664719399982,165.93567490070697,166.5654112090663,52472900.0
2023-05-02,165.83724975585938,167.6182368189597,164.85328597063295,167.3623966257795,48425700.0
2023-05-03,164.7647247314453,168.17908009941613,164.47938185396285,166.7818533947913,65136000.0
2023-05-04,163.13137817382812,164.36133312270948,161.6751157183002,162.24581661627295,81235400.0
2023-05-05,170.78660583496094,171.504895212846,168.02165491497223,168.23812815446027,113453200.0
2023-05-08,170.71771240234375,171.06210572406735,169.35000337616833,169.7140651629481,55962800.0
2023-05-09,169.0154571533203,170.75706217667226,168.84818511789587,170.27492954930042,45326900.0
2023-05-10,170.77674865722656,171.23921282792068,169.14336520388548,170.24541483030967,53724500.0
2023-05-11,170.96371459960938,171.79024060925457,169.40904995436452,171.06211698775132,49514700.0
2023-05-12,170.03753662109375,171.5056611983073,168.4905692075404,171.07211580763337,45533100.0
2023-05-15,169.54486083984375,170.66813061172948,168.95365989259247,170.61886136031444,37266700.0
2023-05-16,169.54486083984375,170.5991506527755,169.2788189100942,169.4660330445526,42110300.0
2023-05-17,170.15573120117188,170.39219951568867,167.91903983890595,169.19011716888295,57951600.0
2023-05-18,172.48109436035156,172.6683084617715,170.04734111161662,170.4611756877155,65496700.0
2023-05-19,172.58949279785156,173.80143807257875,172.3727201425523,173.80143807257875,55809500.0
2023-05-22,171.6436004638672,172.14612580242743,170.9046067635048,171.42682777563832,43570900.0
2023-05-23,169.04234313964844,170.83564173486545,168.7664533611328,170.58931050155752,50747300.0
2023-05-24,169.31822204589844,169.8897122746601,168.0176010356781,168.57922839342694,45143500.0
2023-05-25,170.45132446289062,171.34795850917342,169.17039935195018,169.87983433539839,56058300.0
2023-05-26,172.8555145263672,173.1905363695113,170.56956891324683,170.7764937271046,54835000.0
2023-05-30,174.69808959960938,176.36329091292328,173.978806707213,174.36308277683443,55964400.0
2023-05-31,174.64883422851562,176.71802248155805,174.16601962684186,174.72766202276017,99625300.0
2023-06-01,177.4471435546875,177.47670209655325,174.33351350934285,175.09221783191245,68901800.0
2023-06-02,178.2945098876953,179.11233123154489,176.62930866038764,178.37333767160567,61996900.0
2023-06-05,176.94464111328125,182.2358308287415,175.4272324012079,179.949884959394,121946500.0
2023-06-06,176.58004760742188,177.4766816655694,174.82615579439974,177.3288889732544,64848400.0
2023-06-07,175.21044921875,178.55069942371495,174.71778685793004,175.8213457350109,61944600.0
2023-06-08,177.92010498046875,178.18613184931536,174.85574427470908,175.28927455408018,50214900.0
2023-06-09,178.30441284179688,179.555764726174,177.97925379814166,178.83648170922714,48900000.0
2023-06-12,181.0928192138672,181.1913576973854,178.31421139002148,178.60981180571443,54274900.0
2023-06-13,180.61985778808594,181.44752687931387,179.76263016037564,180.11734763302488,54929100.0
2023-06-14,181.25048828125,181.68403358526143,179.34881869349235,180.67899811094975,57462900.0
2023-06-15,183.28025817871094,183.78278344228747,181.08298811392547,181.26035439367692,65433200.0
2023-06-16,182.206298828125,184.24592881313302,181.56584358633398,183.98973468852344,101256200.0
2023-06-20,182.29490661621094,183.3689219025579,181.70372085188743,181.70372085188743,49799100.0
2023-06-21,181.26034545898438,182.68906332243637,179.91044034391143,182.18653808363035,49515700.0
2023-06-22,184.25575256347656,184.30502181445038,180.9746189088309,181.04359886716716,51245300.0
2023-06-23,183.94044494628906,184.80753566864925,182.29495416898448,182.82703803401998,53117000.0
2023-06-26,182.55113220214844,185.29033397781694,182.51171079012911,184.0882365039062,48088700.0
2023-06-27,185.30018615722656,185.6253451571229,182.94526040179295,183.1620330683905,50730800.0
2023-06-28,186.4727325439453,187.11318769857849,184.84695251457532,185.17209649255778,51216800.0
2023-06-29,186.80772399902344,187.2806907250245,186.16726889716722,186.3052137668684,46347300.0
2023-06-30,191.1234588623047,191.62596911406445,188.45322195229386,188.81780236383452,85213200.0
2023-07-03,189.6356201171875,191.0347795474039,188.9458807202263,190.93624105216273,31458200.0
2023-07-05,188.5221710205078,190.14795071297073,187.82258388907837,188.75865435398987,46920300.0
2023-07-06,188.99513244628906,189.20205725316632,186.42343432149448,187.0540415419299,45094300.0
2023-07-07,187.88169860839844,189.8425000907618,187.4481683880748,188.60099643398274,46815000.0
2023-07-10,185.84210205078125,187.2018550195119,184.2951349736181,186.48255712554894,59922200.0
2023-07-11,185.31988525390625,186.5219826806886,183.86160879849567,186.384037813756,46638100.0
2023-07-12,186.98509216308594,188.88676181703667,185.70416691161034,186.89640150427806,60750200.0
2023-07-13,187.7437744140625,188.38424453327508,186.99493300399138,187.7043680387378,41342300.0
2023-07-14,187.8916015625,188.37440112570727,186.8471596075647,187.43834550769154,41616200.0
2023-07-17,191.14317321777344,191.46833222271863,188.99515722491665,189.08383285312058,50520200.0
2023-07-18,190.886962890625,191.4781637647375,189.5961898515042,190.51254970289233,48288200.0
2023-07-19,192.23690795898438,195.320964896157,189.822849750849,190.26625801592914,80507300.0
2023-07-20,190.29580688476562,193.5867885139367,189.67504737311495,192.22703531122195,59581200.0
2023-07-21,189.1232452392578,192.10877819186132,188.4236580132484,191.25155042374644,71951700.0
2023-07-24,189.9213409423828,192.04964595897565,189.42867857936756,190.57165886992988,45377800.0
2023-07-25,190.778564453125,191.58653792745972,190.08884016702333,190.49282690419068,37283200.0
2023-07-26,191.6456756591797,192.7689453418544,190.48299959942145,190.82785426220883,47471900.0
2023-07-27,190.38449096679688,194.3060801182846,189.72432504433817,193.14340387615707,47460200.0
2023-07-28,192.9561767578125,193.74443968391378,191.2909752730755,191.81319626670884,48291400.0
2023-07-31,193.5670623779297,193.60648379116893,192.39452340931743,193.1827862905988,38824100.0
2023-08-01,192.7393798828125,193.8429388199064,192.41422090280528,193.36013930235927,35175100.0
2023-08-02,189.75389099121094,192.31572697956656,189.03460794836926,192.17778208046178,50389300.0
2023-08-03,188.3645477294922,189.54693452970886,187.8915960163783,188.75868668614032,61235200.0
2023-08-04,179.3192901611328,184.63019095429203,179.25031019901363,182.79748597555601,115956800.0
2023-08-07,176.22535705566406,180.44254624962392,174.74736976708382,179.4572213905704,97576100.0
2023-08-08,177.16140747070312,177.62451134366992,174.97398514494694,177.05302113799038,67823000.0
2023-08-09,175.57501220703125,178.27479228591488,174.41232123291388,178.21567520898486,60378500.0
2023-08-10,175.35826110839844,178.09746293161143,174.99369573264087,176.8460961883882,54686900.0
2023-08-11,175.4174346923828,176.23636037713308,174.19399178686675,174.953720563952,52036700.0
2023-08-14,177.06517028808594,177.2920967961584,174.9438523177461,175.59504844195268,43675600.0
2023-08-15,175.0819854736328,177.08489459113486,174.68732936330193,176.49291042563854,43622600.0
2023-08-16,174.2137451171875,176.15744233651847,174.14467201512105,174.76626971305478,46964900.0
2023-08-17,171.6780242919922,175.14117901733323,171.16495931429398,174.77612136953763,66062900.0
2023-08-18,172.16151428222656,172.76337470680727,169.6652772069575,170.0007364455324,61172200.0
2023-08-21,173.49346923828125,173.77960771425435,171.4215020828672,172.7337554755455,46311900.0
2023-08-22,174.86492919921875,175.30892111024494,173.89801113995804,174.69719959083847,42038900.0
2023-08-23,178.70306396484375,179.12733371698894,175.95030136482995,176.1377683444869,52722800.0
2023-08-24,174.02626037597656,178.6832744289853,173.66118769058747,178.25900483655056,54945800.0
2023-08-25,176.2265167236328,176.7593040006282,173.4737548580186,175.0129348306344,51449600.0
2023-08-28,177.78543090820312,178.1800870283186,176.1673167274641,177.6867593505913,43820700.0
2023-08-29,181.66299438476562,182.43258442181371,177.10465107991652,177.3019791564373,53003900.0
2023-08-30,185.1458740234375,185.34321714142652,182.27471834075723,182.47204640358012,60813900.0
2023-08-31,185.36294555664062,186.59626480914432,184.97815055206615,185.33334709899387,60794500.0
2023-09-01,186.93173217773438,187.38558521498553,185.76747101772168,186.961330634287,45766500.0
2023-09-05,187.1685333251953,187.44479564304942,185.1064270757959,185.7674844117445,45280000.0
2023-09-06,180.46914672851562,186.32988234003622,179.04836051297525,185.88587535630464,81755800.0
2023-09-07,175.19053649902344,175.8318715643951,171.22417743783686,172.84229174782251,112488800.0
2023-09-08,175.80223083496094,177.83475336123297,175.4174358773743,175.96997548136457,65551300.0
2023-09-11,176.9665069580078,177.89396541040293,174.97345890425444,177.6670388917848,58953100.0
2023-09-12,173.94735717773438,177.72624932161176,172.4871113411862,177.09479044187466,90370200.0
2023-09-13,171.88523864746094,174.93400012779577,171.65829707262085,174.15453395453247,84267900.0
2023-09-14,173.39483642578125,173.75003299454158,171.2636570132194,171.6780505009118,60895800.0
2023-09-15,172.67457580566406,174.1446979390041,171.50046839224674,174.1249606133089,109259500.0
2023-09-18,175.59507751464844,176.98626535892447,173.81909463420754,174.12495542511192,67257600.0
2023-09-19,176.6803741455078,177.23289871202428,174.7662604292434,175.1510553991506,51826900.0
2023-09-20,173.1481475830078,177.30195805066697,173.0593371622532,176.86782730089922,58436200.0
2023-09-21,171.60897827148438,173.9473619674597,171.53992021743218,172.22071489897561,63149100.0
2023-09-22,172.45750427246094,174.71695374662696,171.7273888544839,172.33911043282527,56725400.0
2023-09-25,173.7302703857422,174.6083930174941,171.82601779128095,171.87535356826675,46172700.0
2023-09-26,169.66526794433594,172.8620217812148,169.3692683155077,172.4871029695211,64588900.0
2023-09-27,168.15570068359375,170.73087230994705,166.79412624167495,170.31647877934836,66921800.0
2023-09-28,168.41220092773438,169.73431545858824,165.38316183381656,167.0802102082604,56294400.0
2023-09-29,168.92527770996094,170.76045735672912,168.06687727418498,169.7244661753788,51861100.0
2023-10-02,171.43138122558594,171.97404472395215,168.64900568223578,168.93514418826848,52164500.0
2023-10-03,170.099365234375,171.31296207551728,168.54046313149794,169.96123409658216,49594600.0
2023-10-04,171.3425750732422,171.88523853747708,168.68846972057472,168.80686354725646,53020300.0
2023-10-05,172.5758819580078,173.10866919518492,170.3756298015613,171.47081778563683,48527900.0
2023-10-06,175.1214599609375,175.61478762599208,170.86896284182788,171.48069938400815,57266700.0
2023-10-09,176.60145568847656,176.66065260372454,173.45402254968238,174.45053908507856,42390800.0
2023-10-10,176.0094757080078,177.32172934204314,175.57534487507363,175.7233522345748,43698000.0
2023-10-11,177.400634765625,177.4499705441094,175.22999600880442,175.82198018511957,47551100.0
2023-10-12,178.2985076904297,179.90674578858014,176.6507798893927,177.6670488234186,56743100.0
2023-10-13,176.46331787109375,179.50220314362676,175.7627859383901,178.9990143278533,51427100.0
2023-10-16,176.33506774902344,176.6902643223361,174.15455252434904,174.3913552582801,52517000.0
2023-10-17,174.7860107421875,176.03906740635364,172.46737941742194,174.2926830064713,57549400.0
2023-10-18,173.49346923828125,175.21025492862336,172.77321506438722,173.23694427289632,54764400.0
2023-10-19,173.11859130859375,175.46682130559762,172.8521900917514,173.69083828526382,59302900.0
2023-10-20,170.57298278808594,173.07908076842247,170.33618008275127,172.97054807703984,64244000.0
2023-10-23,170.6913604736328,171.6878768692555,167.662321590194,168.62925458750877,55980100.0
2023-10-24,171.12551879882812,171.35244533043914,169.16206908920728,170.74072378645857,43816600.0
2023-10-25,168.81675720214844,170.7505934954682,168.37275019582236,169.58634726553433,57157000.0
2023-10-26,164.6629180908203,169.0930062294273,163.459197305812,168.0964746462511,70625300.0
2023-10-27,165.9751739501953,166.70530437202822,164.60372353518264,164.6826577744484,58499100.0
2023-10-30,168.01754760742188,168.88580920893756,166.61649869462795,166.76450604315932,51131000.0
2023-10-31,168.49111938476562,168.619374328328,165.65940861123508,167.09007075196132,44846000.0
2023-11-01,171.64840698242188,171.9049319155105,167.84977842632566,168.71803982318505,56934900.0
2023-11-02,175.20037841796875,175.40756758774253,173.11853525669227,173.17773216234193,77334800.0
2023-11-03,174.29266357421875,174.46040823420765,171.03671292563865,171.91483559510309,79829200.0
2023-11-06,176.8382568359375,177.035584920202,173.85856813665714,174.02629776104038,63841300.0
2023-11-07,179.3936767578125,180.00539823599848,176.58170308551922,176.78889227095914,70530000.0
2023-11-08,180.4494171142578,181.00194176498167,179.16676200069597,179.91662978825056,49340300.0
2023-11-09,179.97579956054688,181.66297171772456,179.38380034968415,180.51846299464347,53763500.0
2023-11-10,184.15487670898438,184.32284238950194,181.31944959381738,181.75415237279827,66133400.0
2023-11-13,182.57415771484375,183.7893386144101,181.9912676571252,183.58187642607092,43627500.0
2023-11-14,185.1823272705078,185.84425545326624,184.0560589323069,185.4391901985185,60108400.0
2023-11-15,185.74546813964844,187.21752694473682,185.51824264456812,185.5874067506803,53790500.0
2023-11-16,187.4250030517578,188.65994715340477,186.37775779056014,187.28668991537342,54412900.0
2023-11-17,187.40521240234375,188.08690385906573,186.29870747259162,187.95846486721982,50922700.0
2023-11-20,189.14401245117188,189.59847845797387,187.5929306882813,187.60280481288592,46505100.0
2023-11-21,188.34376525878906,189.21317059662826,187.4546116723618,189.10449492939836,38134500.0
2023-11-22,189.00570678710938,190.60618938615343,188.53149251239262,189.18354656200316,39617700.0
2023-11-24,187.6818389892578,188.6006300326625,186.97051008307392,188.57099258448812,24048300.0
2023-11-27,187.5040283203125,188.37343380166539,186.6247487130357,187.63246733233092,40552600.0
2023-11-28,188.10667419433594,188.77849160556613,187.11871894105684,187.49414676130317,38415400.0
2023-11-29,187.08908081054688,189.77632029571453,186.69390474066958,188.6006511365786,43014200.0
2023-11-30,187.66209411621094,188.02764780463457,185.92329832735996,187.55341843722022,48794400.0
2023-12-01,188.93655395507812,189.2526917735191,186.95075439627809,188.0375111237308,45704800.0
2023-12-04,187.1483612060547,187.76090372984268,185.1922139752508,187.69173962433385,43389500.0
2023-12-05,191.09031677246094,192.05850876803487,187.88933609882633,187.91898862751913,66628400.0
2023-12-06,190.00352478027344,192.41412246881444,189.79604758423204,192.1078588115612,41089700.0
2023-12-07,191.93006896972656,192.6512720749557,191.2582515665674,191.29777821822415,47477700.0
2023-12-08,193.3527069091797,193.62933314213194,191.33726998338577,191.86088500111674,53406400.0
2023-12-11,190.8532257080078,191.1595045590876,189.11442955109024,190.78407666583118,60943700.0
2023-12-12,192.36474609375,192.37462021785012,189.41075488796335,190.75437444051195,52696900.0
2023-12-13,195.57562255859375,195.61513413450965,192.50308121236986,192.74018081786602,70404200.0
2023-12-14,195.7238311767578,197.21563829918102,193.79732129680679,195.6349188149913,66831600.0
2023-12-15,195.19032287597656,196.01031245444227,194.62718115642724,195.1507962246044,128538400.0
2023-12-18,193.5305633544922,194.26165570440122,192.04863040265064,193.7281513997374,55751900.0
2023-12-19,194.5679473876953,194.57782151512555,193.5305911573778,193.79734334803175,40714100.0
2023-12-20,192.48333740234375,195.2990010280865,192.48333740234375,194.5283970820936,52242800.0
2023-12-21,192.3351287841797,194.70623052718972,191.16934877699248,193.73803856316968,46482500.0
2023-12-22,191.26815795898438,193.05635469466722,190.64574127695036,192.8291141147171,37149600.0
2023-12-26,190.7247314453125,191.55461009554116,190.50738012144333,191.27798387879827,28919300.0
2023-12-27,190.82354736328125,191.16933772508392,188.78836199381533,190.17150836602553,48087700.0
2023-12-28,191.24835205078125,192.31534537884878,190.84328683757997,191.80160450052028,34049900.0
2023-12-29,190.21102905273438,192.0585006042798,189.4206618129017,191.56452296375952,42672100.0
2024-01-02,183.40399169921875,186.1702691079172,181.6750702031571,184.89579853453512,82488700.0
2024-01-03,182.03076171875,183.6411336613478,181.22063114701328,182.00112426612563,58414500.0
2024-01-04,179.7189483642578,180.88472835710988,178.70135563320858,179.95604798314233,71983600.0
2024-01-05,178.99774169921875,180.5587129492039,177.99991223040004,179.79799818956093,62379700.0
2024-01-08,183.32496643066406,183.36449308108033,179.3138706884217,179.89676064456035,59144500.0
2024-01-09,182.91004943847656,182.9199235647891,180.52907347198328,181.70474272826013,42841800.0
2024-01-10,183.94737243652344,184.15483457675245,181.70471001714742,182.129538572139,46792900.0
2024-01-11,183.3546142578125,184.7970355796361,181.4083411771675,184.29316874581366,49128400.0
2024-01-12,183.68063354492188,184.49076406507768,182.95943045197853,183.81894667336306,40477800.0
2024-01-16,181.41824340820312,182.04064501968628,178.75075193755313,179.96594785640553,65603000.0
2024-01-17,180.4796600341797,180.72664884969066,178.12833676151584,179.08665457169852,47317400.0
2024-01-18,186.35800170898438,186.86185345428623,183.59172402252184,183.8485869578717,78005800.0
2024-01-19,189.252685546875,189.6379874512041,186.54569809210085,187.04954979006996,68903000.0
2024-01-22,191.5546417236328,192.97729968749402,189.94426985134535,189.98379650311966,60133900.0
2024-01-23,192.82911682128906,193.392258603415,191.49538615178406,192.67105542323813,42355600.0
2024-01-24,192.1572723388672,194.0146328029546,191.99919590043444,193.06618924735707,53631300.0
2024-01-25,191.831298828125,193.90601120482225,190.78406851274562,192.8686550164736,54822100.0
2024-01-26,190.10235595703125,192.41416772814074,189.6281416366758,191.93007928184088,44594000.0
2024-01-29,189.420654296875,189.88499446653958,187.29655655692048,189.69728055859,47145600.0
2024-01-30,185.77511596679688,189.48983770252025,185.21198926058483,188.64019550498801,55859400.0
2024-01-31,182.17892456054688,184.84641553917146,182.129538862794,184.78712556686926,55467800.0
2024-02-01,184.6093292236328,184.69824158324056,181.6059517240919,181.77390231724044,64885400.0
2024-02-02,183.61148071289062,185.07365019396582,177.09097033579843,177.6936236133024,102551700.0
2024-02-05,185.41940307617188,186.97049979528117,183.60156933816978,185.88374317202,69668800.0
2024-02-06,187.0199432373047,187.02981736340615,184.5204175084795,184.6093298683978,43490800.0
2024-02-07,187.1285858154297,188.74883163449712,186.33821869210433,188.3437664109805,53439000.0
2024-02-08,186.05174255371094,187.25703410679802,185.09342474162452,187.1088468471974,40962000.0
2024-02-09,186.81341552734375,187.941120969739,185.9725760341758,186.6155602859614,45155200.0
2024-02-12,185.13172912597656,186.63534135369167,184.7756108376818,186.38803740610462,41781900.0
2024-02-13,183.04452514648438,184.20192116931864,181.5310258479947,183.76666370675508,56529500.0
2024-02-14,182.16407775878906,183.5292003496781,180.47252724717288,183.32147349103352,54630500.0
2024-02-15,181.87722778320312,182.50043860227981,179.3943014199978,181.57057328309747,65434500.0
2024-02-16,180.34393310546875,182.85654973235168,179.7108355866275,181.44196326564102,49752500.0
2024-02-20,179.60203552246094,180.46264852115328,178.0588611409836,179.82955095197704,53665600.0
2024-02-21,180.35386657714844,180.91771184255438,178.71176441081158,179.97795967071906,41371400.0
2024-02-22,182.38174438476562,182.96539328132977,180.49235334512917,181.50134277124772,52292200.0
2024-02-23,180.5516815185547,183.04449459753943,180.26480046872615,183.01481932952075,45119700.0
2024-02-26,179.2063751220703,180.78911167382452,178.70186529911302,180.27473021897956,40867400.0
2024-02-27,180.66050720214844,181.93658908973126,177.62360710096542,179.1470080612827,54318900.0
2024-02-28,179.46353149414062,181.14519536218177,178.18744973320082,180.5417731107642,48953900.0
2024-02-29,178.80075073242188,180.6011306821249,177.59390628342499,179.31514716008485,136682600.0
2024-03-01,177.72250366210938,178.58311652667976,175.46709298002304,177.613689326823,73563100.0
2024-03-04,173.2117156982422,174.99229230011673,171.9158301484072,174.25038035125658,81510100.0
2024-03-05,168.285400390625,170.1846930657021,167.7907924514621,168.91849794898403,95132400.0
2024-03-06,167.2961883544922,169.39333632878757,166.86093094295472,169.21526961759642,68587700.0
2024-03-07,167.17750549316406,168.88884496206234,166.67301076258389,167.32588185679398,71765100.0
2024-03-08,168.88882446289062,171.82679686006907,167.11813466346086,167.1774852017091,76267000.0
2024-03-11,170.88705444335938,172.49948126334272,170.1946063009313,171.07500788792643,60139500.0
2024-03-12,171.36187744140625,172.1532532324886,169.16581679091567,171.28273835287425,59825400.0
2024-03-13,169.28453063964844,171.3223130850131,168.91851047344855,170.90684419661972,52488700.0
2024-03-14,171.1343536376953,172.43022407386235,170.19460153541087,171.04532782778392,72913500.0
2024-03-15,170.75843811035156,170.75843811035156,168.4535633292171,169.32407812222547,121752700.0
2024-03-18,171.8466033935547,175.79358063684148,171.6487632139381,173.67665901704393,75604200.0
2024-03-19,174.18112182617188,174.70540499850514,171.1640105835326,172.45988088096897,55215200.0
2024-03-20,176.74319458007812,176.74319458007812,173.20180001631465,173.82501083363408,53423100.0
2024-03-21,169.5219268798828,175.57593855649498,168.99764365136926,175.14068113790177,106181300.0
2024-03-22,170.42210388183594,171.18380430580046,168.22604350725265,169.90770741812418,71160100.0
2024-03-25,169.007568359375,170.08581023240077,167.62265683136332,168.73058907262046,54288300.0
2024-03-26,167.8798370361328,169.57138777241732,167.7512341389727,168.16670300567833,57388400.0
2024-03-27,171.44100952148438,171.72789059246503,168.27552158079686,168.5722893771007,60273300.0
2024-03-28,169.6307373046875,170.37264922530974,168.67119667981044,169.89782982249778,65672700.0
2024-04-01,168.19638061523438,169.40322523760474,167.65230884379906,169.3438746978549,46240500.0
2024-04-02,167.01922607421875,167.51383407497934,166.4158037095213,167.2566433485096,49329500.0
2024-04-03,167.82049560546875,168.83938692190523,166.76204228878962,166.9697692049817,47691700.0
2024-04-04,166.9994354248047,170.06599565718972,166.9994354248047,168.4535689105981,53704400.0
2024-04-05,167.75123596191406,168.5524984345705,167.12802510796487,167.7611226870966,42104800.0
2024-04-08,166.63339233398438,167.37530415657045,166.4256654764317,167.20713928809243,37425500.0
2024-04-09,167.84027099609375,168.24585316442327,166.53451377109624,166.88073030235694,42373800.0
2024-04-10,165.97064208984375,167.2665125006067,165.30786924976792,166.97964653177021,49709300.0
2024-04-11,173.15234375,173.5678277091418,166.34654865134516,166.5246002673459,91070300.0
2024-04-12,174.64608764648438,176.43656618963917,172.33132583138607,172.38077455594663,101670900.0
2024-04-15,170.8277130126953,174.72522645768026,170.63975955810392,173.46891791454695,73531800.0
2024-04-16,167.5533905029297,171.88614579113815,166.45536027289515,169.8978273072319,73711200.0
2024-04-17,166.18826293945312,168.80967890645843,166.18826293945312,167.780901063059,50901200.0
2024-04-18,165.23858642578125,166.8213376077971,164.75388038564228,166.21791541775488,43122900.0
2024-04-19,163.22064208984375,164.60553846988037,162.3105651694999,164.41760010663418,68149400.0
2024-04-22,164.0515594482422,165.45624419964858,162.99310629576294,163.73501821268977,48116400.0
2024-04-23,165.10012817382812,165.24851961582092,163.14148491226467,163.56685559955991,49537800.0
2024-04-24,167.19728088378906,167.47426013692973,164.41758653276062,164.74401450706145,48251800.0
2024-04-25,168.05789184570312,168.77012851479734,166.33665071301928,167.70177351115603,50558300.0
2024-04-26,167.47425842285156,169.49225225997063,167.35554224826544,168.04800546826704,44838400.0
2024-04-29,171.6289825439453,174.13169791183088,171.23330216655395,171.50037962888564,68169400.0
2024-04-30,168.4931640625,173.1029142716877,168.1667209693098,171.46081207960546,65934800.0
2024-05-01,167.47425842285156,170.84748833564953,167.28630498280754,167.75123767315736,50383100.0
2024-05-02,171.1640167236328,171.5498103000238,169.04709541575278,170.64962025703286,94214900.0
2024-05-03,181.40243530273438,184.98339240032777,180.69019857365393,184.63716076188317,163224100.0
2024-05-06,179.7504425048828,182.2135806366563,178.47434543693257,180.383540128798,78569700.0
2024-05-07,180.4329833984375,182.90602327557747,179.36464345444207,181.4716631656838,77305800.0
2024-05-08,180.7693328857422,181.09577596912635,179.49323582394607,180.87814724687024,45057100.0
2024-05-09,182.57958984375,182.66861565405213,180.14611203583203,180.5912561815798,48983000.0
2024-05-10,181.32156372070312,183.34229448527321,180.4102525825865,183.1540861312051,50759500.0
2024-05-13,184.52108764648438,185.33335221774516,182.8767582325011,183.68902280376187,72044800.0
2024-05-14,185.6602020263672,186.52199740854093,184.53096697721375,185.73944844741243,52393600.0
2024-05-15,187.9285888671875,188.849800179078,185.6007724639543,186.13568203158255,70400000.0
2024-05-16,188.04747009277344,189.29558246787192,187.86917696187996,188.6715262803227,52845200.0
2024-05-17,188.07716369628906,189.0082902438942,187.3936765447615,187.72056236134898,41282900.0
2024-05-20,189.2361297607422,190.10782534306233,187.22529890901677,187.54228461702792,44361300.0
2024-05-21,190.5337677001953,190.91016932460286,189.11726241831752,189.28565540299905,42309400.0
2024-05-22,189.09742736816406,190.999311136132,188.47338639917342,190.45450146899057,34648500.0
2024-05-23,185.1154327392578,189.19652573516206,184.86779330766728,189.1767103485156,51005900.0
2024-05-24,188.18614196777344,188.78048261582597,186.26445766907554,187.03710655742805,36327000.0
2024-05-28,188.19602966308594,191.1776023727862,187.3144340702039,189.70166621887228,52280100.0
2024-05-29,188.49322509765625,190.43472491238563,187.7205912720781,187.8196530916493,53068000.0
2024-05-30,189.4837646484375,190.36536034504638,188.83000809203267,188.9587703074631,49889100.0
2024-05-31,190.43470764160156,190.7516933437122,188.11680637508078,189.63235836586054,75158300.0
2024-06-03,192.19789123535156,193.14883318833753,190.7021546904014,191.07855630297723,50080500.0
2024-06-04,192.51487731933594,193.47571940906454,191.2073340206378,192.80213237542046,47471400.0
2024-06-05,194.02049255371094,195.04076556882657,193.02993505439804,193.55492931985722,54156800.0
2024-06-06,192.64364624023438,194.64457691185422,192.33657578915964,193.8422276391208,41181800.0
2024-06-07,195.0308837890625,195.08041469163098,192.30685040959915,192.81202934049514,53103900.0
2024-06-10,191.2964630126953,195.43700129700443,190.33562101119307,195.0407692210349,97010200.0
2024-06-11,205.19398498535156,205.20390023400174,191.80165814772772,191.82145841561143,172373300.0
2024-06-12,211.05812072753906,218.1207863262847,204.94636687125956,205.41193016487838,198134300.0
2024-06-13,212.21705627441406,214.7033502990969,209.60198493072278,212.71233505249734,97862700.0
2024-06-14,210.4835968017578,213.13828400218216,209.3048308005582,211.83075578674166,70122700.0
2024-06-17,214.62413024902344,216.88260054537645,210.71143044440285,211.35528688913016,93728300.0
2024-06-18,212.26658630371094,216.5656178731208,210.98877362098574,215.5354294813442,79943300.0
2024-06-20,207.7001190185547,212.2170745602359,206.87796947703916,211.90998899500866,86172500.0
2024-06-21,205.53079223632812,209.88923942625428,205.15437552925596,208.40340309586463,241805100.0
2024-06-24,206.17466735839844,210.69160779538842,204.63929998769706,205.75863496180304,80727000.0
2024-06-25,207.09588623046875,209.38407188516823,206.64022308060072,207.1751175381149,55549700.0
2024-06-26,211.23641967773438,212.83121810497767,208.6510635966682,209.5029437835443,66213200.0
2024-06-27,212.07839965820312,213.70291360533915,210.34492376459474,212.66282504623206,49772700.0
2024-06-28,208.6312713623047,214.02982326645972,208.31430073755797,213.73265291439517,82542700.0
2024-07-01,214.70338439941406,215.45620282037203,209.91898882948186,210.08738182701015,60402900.0
2024-07-02,218.19012451171875,218.29908645117231,213.0689435868198,214.1090169642201,58046200.0
2024-07-03,219.45802307128906,219.45802307128906,216.96181387179615,217.92265588190668,37369800.0
2024-07-05,224.2028045654297,224.3117665065084,219.55708698216947,219.55708698216947,60412400.0
2024-07-08,225.6688232421875,225.69853875884533,221.14196808500662,224.9457053642915,59085900.0
2024-07-09,226.52072143554688,227.23392416937492,224.23253562897796,225.77780318070188,48076100.0
2024-07-10,230.78012084960938,230.87918266211804,227.08534498663496,227.1348758928893,62627700.0
2024-07-11,225.42120361328125,230.19568345608255,223.63819688403007,229.2051258414663,64710600.0
2024-07-12,228.36314392089844,230.44332094014862,226.5207061684713,226.7584454352943,53046500.0
2024-07-15,232.18670654296875,234.9899864993383,230.88907844301437,234.24706826366577,62631300.0
2024-07-16,232.6027374267578,234.03904289009895,230.13624361936286,232.7810305355119,43234300.0
2024-07-17,226.7188262939453,229.27446669281912,224.49997184852458,227.28343626123907,57345900.0
2024-07-18,222.06321716308594,228.26411801705945,220.17126344980832,228.10562515807683,66034600.0
2024-07-19,222.1919708251953,224.65846466815103,221.17169771561296,222.6971648700337,49151500.0
2024-07-22,221.8452911376953,225.62921338494564,220.98349573063444,224.86647978572938,48201800.0
2024-07-23,222.8853302001953,224.797113971083,220.57732948840513,222.25137402592688,39960300.0
2024-07-24,216.47645568847656,222.67735606492835,215.0797809310421,221.88490694575157,61777600.0
2024-07-25,215.43638610839844,218.76466037633443,212.59347540961954,216.86277641061952,51391200.0
2024-07-26,215.90196228027344,217.41751434744816,213.97036267942912,216.6349653026102,41601300.0
2024-07-29,216.17930603027344,217.22929471632008,213.71281205128278,214.91139345300462,36311800.0
2024-07-30,216.7340087890625,218.24956072806748,214.07930652606245,217.1203256536185,41643800.0
2024-07-31,219.9830322265625,221.70660788092644,218.5467267386139,219.34907597117163,50036300.0
2024-08-01,216.2981719970703,222.36038006072013,214.97082835556836,222.25141811315143,62501000.0
2024-08-02,217.78399658203125,223.46980270062375,215.65430376795194,217.08069402896655,105568600.0
2024-08-05,207.29400634765625,211.4840610296135,194.14930192882554,197.21012147966275,119548600.0
2024-08-06,205.27322387695312,208.00717221552574,199.1714012418906,203.36145518137582,69660500.0
2024-08-07,207.83880615234375,211.62272838414273,204.441185671316,204.9463646139573,63516400.0
2024-08-08,211.29583740234375,212.1774330540979,206.85814362500793,211.0977289070064,47161100.0
2024-08-09,214.19818115234375,214.7330756065884,209.96849596255686,210.09727328743648,42201600.0
2024-08-12,215.7254180908203,217.68898821235913,213.81143620679725,214.27753840147545,38028100.0
2024-08-13,219.43438720703125,220.04923895369578,217.19312608520667,217.19312608520667,44155300.0
2024-08-14,219.88064575195312,221.1797757696837,217.87739912826086,218.7401920302427,41960600.0
2024-08-15,222.8557586669922,223.48053712623224,220.9120118672479,222.7367590108339,46414000.0
2024-08-16,224.1747283935547,224.94825642777528,221.79462933024135,222.06239369045758,44340200.0
2024-08-19,224.01605224609375,224.11522871504155,221.18968933533225,223.84746435464618,40687800.0
2024-08-20,224.63092041015625,225.28544883578485,223.57971634413767,223.8970689622142,30299000.0
2024-08-21,224.52183532714844,226.08872985229075,223.1830436738614,224.64085012661386,34765500.0
2024-08-22,222.66734313964844,226.4457337259973,222.04256465043304,225.90029338876204,43695300.0
2024-08-23,224.95819091796875,226.32674764036014,222.4690186706249,223.78798715352852,38677300.0
2024-08-26,225.29534912109375,225.39452559231563,222.0326490158817,224.87883517993083,30602200.0
2024-08-27,226.13827514648438,226.95147973754254,223.0243250094966,224.12511711921985,35934600.0
2024-08-28,224.611083984375,227.95312221094204,223.80779089178384,226.02921369079436,38052200.0
2024-08-29,227.88369750976562,230.98773644426686,226.98125820388418,228.19113851748892,51906300.0
2024-08-30,227.1002655029297,228.4886453526855,225.59287085733376,228.28039594132485,52990800.0
2024-09-03,220.92193603515625,227.10024860517055,219.33520335446548,226.65398476754012,50190600.0
2024-09-04,219.01783752441406,219.94011499389117,215.67578470764724,219.821115354527,43840200.0
2024-09-05,220.53517150878906,223.60944526365165,219.6823053430495,219.79139340374425,36615400.0
2024-09-06,218.98809814453125,223.3714282809101,217.9468058534175,222.09212156742078,48423000.0
2024-09-09,219.07737731933594,219.4343914347755,214.91222272734436,218.98812757352732,67180000.0
2024-09-10,218.2840118408203,219.6426417511051,214.9320468059923,217.10388142289187,51591000.0
2024-09-11,220.8128662109375,221.2392917639212,216.08243282408242,219.6228241682371,44587100.0
2024-09-12,220.92193603515625,221.69546405563682,217.99641184157417,220.65417167969628,37455600.0
2024-09-13,220.6541748046875,222.18139254741286,220.06907298412548,221.72521710949164,36766600.0
2024-09-16,214.5254669189453,215.4179946756504,212.14536768072225,214.74362792854853,59357400.0
2024-09-17,214.99154663085938,215.1006346980314,212.72055067344832,213.96018092212807,45519300.0
2024-09-18,218.8592071533203,220.86245391858552,215.7353297749969,215.7452565018275,59894900.0
2024-09-19,226.97132873535156,227.91345980340301,222.7665127356472,223.12352684243388,66781300.0
2024-09-20,226.30690002441406,231.15633305592988,225.7317097608303,228.06222073119503,318679900.0
2024-09-23,224.59124755859375,227.54652178723228,223.9367191660146,225.4540253555904,54146000.0
2024-09-24,225.48379516601562,227.44738051700955,223.85740076750545,226.75317542181838,43556100.0
2024-09-25,224.49208068847656,225.40444676008957,222.1615848378298,223.06402418257602,42308700.0
2024-09-26,225.63253784179688,226.60440369502516,223.54004142995942,225.41436171300208,36636700.0
2024-09-27,225.90029907226562,227.6159582791164,225.41437368594384,226.56475422029098,34026000.0
2024-09-30,231.06707763671875,231.06707763671875,227.74486252768645,228.13162655878588,54541900.0
2024-10-01,224.3334197998047,227.74486962890148,221.88390914906273,227.6159583693189,63285000.0
2024-10-02,224.89869689941406,225.4837987967651,221.16989422947793,224.01608068964856,32880600.0
2024-10-03,223.7978973388672,224.92843958391967,221.46740141968138,223.2722952944607,34044200.0
2024-10-04,224.9185028076172,226.1085447535635,222.27065455992025,226.00936828631617,37245100.0
2024-10-07,219.8509063720703,223.81772316941647,219.49389225502094,222.63759275105315,39505400.0
2024-10-08,223.89706420898438,224.10531361949606,221.3979653574062,222.43925780658088,31855700.0
2024-10-09,227.63575744628906,227.84402197002447,222.96483950692257,223.36151510273743,33591100.0
2024-10-10,227.13992309570312,227.59611368544336,225.28544108575701,225.89038125247495,28183500.0
2024-10-11,225.66229248046875,227.5068628874906,225.4540279414576,227.39777482080956,31759200.0
2024-10-14,229.3811798095703,229.8076053434174,226.70358155060512,226.80274288926017,39882100.0
2024-10-15,231.9100341796875,235.51983687729248,230.44230106244424,231.67201972311165,64751400.0
2024-10-16,229.85720825195312,230.19438406287304,227.9332995992129,229.67870875165642,34082200.0
2024-10-17,230.22412109375,231.91003031839952,228.60765355789445,231.49350124327563,32993800.0
2024-10-18,233.0504913330078,234.2206950473064,232.0686987091599,234.2206950473064,46431500.0
2024-10-21,234.51820373535156,234.88514457730523,232.5050454306036,232.5050454306036,36254500.0
2024-10-22,233.90335083007812,234.26036494372266,230.67040061866737,231.94969236544068,38846600.0
2024-10-23,228.8456573486328,233.18932661738793,225.87054472777703,232.13812257917175,52287000.0
2024-10-24,228.6572265625,228.9051525928802,226.5151420282862,228.0721096303277,31109500.0
2024-10-25,229.49026489257812,231.28524701350278,227.665532857223,227.83412074973037,38802300.0
2024-10-28,231.4637451171875,232.78271346714027,230.62080565968694,231.38442210065006,36087100.0
2024-10-29,231.73150634765625,232.38603471678388,230.39271482775456,231.1662428522856,35417200.0
2024-10-30,228.19114685058594,231.53318522639518,227.64570650368097,230.68031899274527,47070900.0
2024-10-31,224.03590393066406,227.92338265648337,223.50037517792762,227.43744214117888,64370100.0
2024-11-01,221.06077575683594,223.4805363045207,218.44267740554844,219.1368672842602,65276700.0
2024-11-04,220.16822814941406,220.94175615916865,217.88732075932978,219.15670083339904,44944500.0
2024-11-05,221.59629821777344,222.09215031274817,219.3054639601429,219.9599923572388,28111300.0
2024-11-06,220.8723602294922,224.19457534628128,219.35505401685137,220.76327216240406,54561100.0
2024-11-07,225.59286499023438,225.9895557457087,222.7070172967094,222.7665171269793,42137700.0
2024-11-08,225.3248291015625,227.01257809039103,224.77878865400953,225.53330763226646,38328800.0
2024-11-11,222.61448669433594,224.07389700260043,219.90415975706793,223.3789433198207,42005600.0
2024-11-12,222.61448669433594,223.96468891324545,221.75075962779928,222.93218846295187,40398300.0
2024-11-13,223.4980926513672,225.01706838141624,221.1550949323282,222.3960891659536,48566200.0
2024-11-14,226.5757598876953,227.22107081675753,223.37895759377815,223.39881774279925,44923900.0
2024-11-15,223.37893676757812,225.28510187679902,222.65420045885568,224.76884409236825,47923700.0
2024-11-18,226.377197265625,228.08480645929455,223.5477244921184,223.6271499370396,44633700.0
2024-11-19,226.63528442382812,228.5017442258817,225.02696106605572,225.34464764897942,36211800.0
2024-11-20,227.35011291503906,228.27340522879027,224.26251907255318,226.4168829534927,35169600.0
2024-11-21,226.8735809326172,228.50176458087773,224.0838286281757,227.230987838277,42108300.0
2024-11-22,228.21383666992188,229.05771868234922,226.4168797117104,226.4168797117104,38168300.0
2024-11-25,231.19224548339844,231.56951255942457,228.08480637706975,229.79241557012372,90152800.0
2024-11-26,233.366455078125,233.87279036398945,231.6489234928732,231.6489234928732,45986200.0
2024-11-27,233.2373809814453,233.99191506726265,232.12545514826604,232.78070364946953,33498400.0
2024-11-29,235.62010192871094,236.0966394139658,232.28430923421996,233.11825362062933,28481400.0
2024-12-02,237.8638153076172,239.0551666028684,235.45133007089746,235.5605381566453,48137100.0
2024-12-03,240.90176391601562,241.01097200063165,237.17878168890522,238.08222901174219,38861000.0
2024-12-04,241.25917053222656,242.35125137710352,239.51185632927692,241.12017980186528,44383900.0
2024-12-05,241.28897094726562,242.77816394602775,240.38553870781277,242.23213863223197,40033900.0
2024-12-06,241.09039306640625,242.86750503393802,240.33587413565135,241.15989600483465,36870600.0
2024-12-09,244.97222900390625,245.45870413211114,240.0082527322972,240.08767817050534,44649200.0
2024-12-10,245.98489379882812,246.42172615122828,243.5723933612922,245.11122909402775,36914800.0
2024-12-11,244.71412658691406,248.99307203962232,244.48577275361333,246.17353693536344,45205800.0
2024-12-12,246.17352294921875,246.9479020514793,243.9099357862414,245.11122473397327,32777500.0
2024-12-13,246.34230041503906,247.4939314395242,244.46591792091505,246.03453629863122,33155300.0
2024-12-16,249.2313232421875,249.56888515433104,245.86574781090837,246.2033097230519,51694800.0
2024-12-17,251.6537322998047,252.0012166921119,247.98039295462073,248.2782345553336,51356400.0
2024-12-18,246.26287841796875,252.4479889260113,245.95511429725673,250.34326772719038,56774100.0
2024-12-19,247.99032592773438,250.184410158509,245.3097817058068,245.71683140567848,60882300.0
2024-12-20,252.65646362304688,253.16278373693368,243.9198625662762,246.25292226826556,147495300.0
2024-12-23,253.43084716796875,253.80809906094288,251.62395254537785,252.93444954402884,40858800.0
2024-12-24,256.3397216796875,256.34962902881983,253.45066898797964,253.64924013847912,23234700.0
2024-12-26,257.15380859375,258.2260444048055,255.77383898408218,256.32980188696064,27237100.0
2024-12-27,253.74853515625,256.836144148833,251.2367643772991,255.97238682838486,42355300.0
2024-12-30,250.38294982910156,251.67358663649517,248.94339979921563,250.41273247360002,35557500.0
2024-12-31,248.61581420898438,251.4552095671021,247.6329413411861,250.62126509380025,39480700.0
2025-01-02,242.09315490722656,247.305330553937,240.07778153574023,247.13654201152733,55740700.0
2025-01-03,241.60665893554688,242.42074318433572,240.14724866814672,241.60665893554688,40244100.0
2025-01-06,243.23486328125,245.5480782886853,241.44782860288205,242.54983205880436,45045600.0
2025-01-07,240.46495056152344,243.78088314896328,239.61114601786818,241.22939201717418,40856000.0
2025-01-08,240.95140075683594,241.95413364050106,238.32049944087447,240.17702168463396,37628900.0
2025-01-10,235.14358520507812,238.42973539672147,231.3213170399406,238.28080700459313,61710900.0
2025-01-13,232.7112274169922,232.97928640713008,228.06495238182922,231.84750029737077,49630700.0
2025-01-14,231.5992889404297,234.41882398797216,230.79512716232853,233.05869925952226,39435300.0
2025-01-15,236.1562042236328,237.2383625727966,232.74098609709984,232.94947976770305,39832000.0
2025-01-16,226.61541748046875,236.29517027818645,226.38707883563703,235.6399369865453,71759100.0
2025-01-17,228.32302856445312,230.6163829794148,226.83383581199988,230.44760961866567,68488300.0
2025-01-21,221.0359344482422,222.8031087860845,217.79942737812888,222.38613659782595,98070400.0
2025-01-22,222.21737670898438,222.5052806842356,218.2064751614249,218.2064751614249,64126500.0
2025-01-23,222.048583984375,225.39429904989126,220.69838187044374,223.12080464680741,60234800.0
2025-01-24,221.17495727539062,224.0044302156618,219.814832429481,223.16054806888465,54697900.0
2025-01-27,228.2039337158203,230.47742834163907,222.36629236472388,222.40601266103107,94863400.0
2025-01-28,236.5433807373047,238.4594833656038,229.14705946957608,229.1867797612423,75707600.0
2025-01-29,237.63546752929688,238.1318651456976,232.3240069742682,232.43321505583046,45486100.0
2025-01-30,235.87823486328125,239.05517683623282,235.50098294542886,236.95045561956258,55658300.0
2025-01-31,234.29966735839844,245.40904807772534,231.7581140684966,245.40904807772534,100959800.0
2025-02-03,226.36724853515625,230.15973381299622,224.0738938399255,228.33299411580026,73063300.0
2025-02-04,231.1227569580078,231.45038123633566,225.01705656002386,225.61273982041166,45067300.0
2025-02-05,230.79510498046875,230.99366099381652,226.62536810475493,226.88348940722173,39620300.0
2025-02-06,231.53973388671875,232.11555701043588,228.7698263631288,229.62363097431557,29925300.0
2025-02-07,225.98997497558594,232.3140755170278,225.6226304523949,230.92416830424466,39707200.0
2025-02-10,226.25833129882812,229.1803610121675,225.81108525741098,228.16660736242451,33115600.0
2025-02-11,231.19793701171875,233.7919821040532,226.7353950927951,226.8049592810601,53718400.0
2025-02-12,235.42198181152344,235.5114431570428,229.2698195612854,229.7866449882993,45243300.0
2025-02-13,240.05348205566406,240.85852795215618,234.1299251101732,235.4617298072221,53614100.0
2025-02-14,243.10475158691406,244.04894114679902,239.51681912694215,239.77522427175464,40896200.0
2025-02-18,242.97552490234375,243.6811760890431,240.3615975750387,242.65747382373942,48822500.0
2025-02-19,243.37306213378906,244.50609250836237,241.6735241546838,243.16435439309654,32204200.0
2025-02-20,244.3271942138672,245.27138364211797,242.7966000469895,243.4426355672204,32316900.0
2025-02-21,244.0489044189453,247.1697083342209,243.72091995824803,244.44645306890683,53197400.0
2025-02-24,245.58944702148438,247.33868242018207,242.92582237394555,243.43269920852308,51326400.0
2025-02-25,245.52981567382812,248.47172760145406,243.41284686721102,246.48395378064242,48013300.0
2025-02-26,238.89064025878906,243.48239258336395,237.66816369812489,242.83637220684057,44433600.0
2025-02-27,235.84934997558594,240.9778097055873,235.61081167459415,237.94645181292123,41153600.0
2025-02-28,240.36158752441406,240.61005923211764,228.7927454203557,235.5014815283524,56833400.0
2025-03-03,236.5748748779297,242.5381957053339,234.66661403302143,240.31188380351972,47184000.0
2025-03-04,234.48770141601562,238.60240725621293,233.24534293735957,236.25683384188991,53798100.0
2025-03-05,234.2988739013672,235.1039197629907,227.82866128733946,233.98082285378285,47227600.0
2025-03-06,233.8914031982422,236.4059358119138,231.73467047090975,233.00684447444675,45170400.0
2025-03-07,237.60853576660156,239.89446338205195,233.32487071745646,233.67273718007357,46273600.0
2025-03-10,226.08937072753906,234.71631625547707,222.84930513729455,234.10009611136832,72071200.0
2025-03-11,219.48995971679688,224.4593937721428,216.1206840338927,222.4418047589131,76137400.0
2025-03-12,215.653564453125,220.39440897367027,213.5962265598192,218.7942505386503,62547500.0
2025-03-13,208.398193359375,215.51442704761877,207.14590135231947,214.62986833256545,61368300.0
2025-03-14,212.1848907470703,212.64207016591416,208.29878985935505,209.95857893569573,60107600.0
2025-03-17,212.69178771972656,213.9043309003415,208.68642489319868,212.00600336087763,48073400.0
2025-03-18,211.38978576660156,213.83473880015984,210.19712464056028,212.85080057479257,42432400.0
2025-03-19,213.9241943359375,217.42266485537363,212.44329758558237,212.91042558181826,54385400.0
2025-03-20,212.7911834716797,216.16045933121794,210.92267131595005,212.6818553101102,48862900.0
2025-03-21,216.9356689453125,217.50217651661012,209.98839498228966,210.26668206389348,94127800.0
2025-03-24,219.38063049316406,220.1260455978378,217.24377992596973,219.64898417718916,44299500.0
2025-03-25,222.38217163085938,222.7300380772677,218.73460889257407,219.42039321145907,34493600.0
2025-03-26,220.1757354736328,223.64440576884627,219.12221792138408,222.1436270366165,34466100.0
2025-03-27,222.48155212402344,223.61458239748316,219.21165626689742,220.0365840783956,37094800.0
2025-03-28,216.56793212890625,222.44180687800483,216.34927581514728,220.31488968867507,39818600.0
2025-03-31,220.77207946777344,224.24073468961828,214.90813825561798,215.683368745432,65299300.0
2025-04-01,221.8256072998047,222.31260214779184,217.5618242432653,218.46626491168394,36412700.0
2025-04-02,222.5213165283203,223.8133724100327,219.66886624627372,219.9670353213626,35905900.0
2025-04-03,201.94789123535156,206.22160814156834,200.01974813123203,204.28351646204925,103419000.0
2025-04-04,187.22837829589844,198.65807515646625,186.19472765234562,192.7046884625531,125910900.0
2025-04-07,180.3507080078125,192.96311894309866,173.55251067175698,176.11674047268428,160466300.0
2025-04-08,171.365966796875,189.17641711488596,168.175598539417,185.55866963100107,120859500.0
2025-04-09,197.63441467285156,199.38365014436008,170.8392173737498,170.8988481608281,184395900.0
2025-04-10,189.2559356689453,193.5892830219747,181.88129692496375,187.9141974958541,121880000.0
2025-04-11,196.9386749267578,198.32017705332044,184.92258644836306,184.96235041538483,87435900.0
2025-04-14,201.28196716308594,211.63826622013798,199.9302804535287,210.14743595954587,101352900.0
2025-04-15,200.90428161621094,202.26590170954893,198.57859009217825,200.6259945192588,51343900.0
2025-04-16,193.08241271972656,199.47309822086447,191.19401850640656,197.1474065096439,59732400.0
2025-04-17,195.77581787109375,197.61451451967758,193.2314700862815,195.99447418061752,52164700.0
2025-04-21,191.9791717529297,192.6152586778503,188.64964501381652,192.08849990403363,46742500.0
2025-04-22,198.5189666748047,200.3576482646354,194.77200897005906,194.92108593270402,52976400.0
2025-04-23,203.3492431640625,206.7284521815966,201.56024391015845,204.74067860292737,52929200.0
2025-04-24,207.09620666503906,207.5534013078127,201.69940812530302,203.6374845300284,47311000.0
2025-04-25,208.00062561035156,208.46775361357263,204.9394524859384,205.10841141990002,38222300.0
2025-04-28,208.85536193847656,210.2070485309222,206.19175271644127,208.71621839949725,38743100.0
2025-04-29,209.91885375976562,210.94255602883885,207.096203506044,207.41425458581946,36827600.0
2025-04-30,211.20095825195312,212.2743578831654,205.4065960245207,208.0205233254963,52286500.0
2025-05-01,212.01596069335938,213.2483707428857,207.62296725165953,207.80187477964563,57365700.0
2025-05-02,204.09466552734375,205.72463931330321,200.92416412992952,204.83013207172814,101010600.0
2025-05-05,197.67413330078125,202.85228989395054,196.99829759637964,201.85840315300126,69018500.0
2025-05-06,197.29647827148438,199.42339557924856,195.81559653234874,196.99832434112832,51216500.0
2025-05-07,195.05027770996094,198.22077891807172,192.0686174137577,197.95242524507105,68536700.0
2025-05-08,196.28271484375,198.82706269335065,193.48988012199126,196.51130456752412,50478900.0
2025-05-09,197.31634521484375,199.31405222350435,196.3323918231404,197.7834732241415,36453900.0
2025-05-12,209.77610778808594,210.25380995429242,205.75554659425106,209.9552498967622,63775800.0
2025-05-13,211.9058380126953,212.3735786127325,207.99474788922345,209.4178625594749,51909300.0
2025-05-14,211.3087158203125,212.9109724892217,209.56713314477625,211.40822571910564,49325800.0
2025-05-15,210.43295288085938,211.93569971673273,208.53213606160298,209.93535780893234,45029500.0
2025-05-16,210.24388122558594,211.54759317457453,208.76105751069144,211.33859654598928,54737900.0
2025-05-19,207.7758026123047,208.47243269467637,203.2775387890809,206.90999202317107,46140500.0
2025-05-20,205.86502075195312,207.46727738969238,204.04382108157407,206.6711222878563,42496600.0
2025-05-21,201.1179656982422,206.04415370597744,199.74461367242378,204.18315305948536,59211800.0
2025-05-22,200.3914794921875,201.77479312617928,198.73946027881726,199.74461200022,46742400.0
2025-05-23,194.33079528808594,196.74910019358438,192.5295034494263,192.7384848883374,78432900.0
2025-05-27,199.24703979492188,199.77448939448533,196.4803970243206,197.34622283817185,56288500.0
2025-05-28,199.4560089111328,201.75489573800118,198.9385057789635,199.6251894151235,45339700.0
2025-05-29,198.98828125,202.82971610271787,197.55520490499057,202.60082660426147,51396800.0
2025-05-30,199.8839569091797,200.98861863398105,195.8335255231089,198.41106448584634,70819900.0
2025-06-02,200.7298583984375,201.15779807678393,199.15745607510846,199.31669015009302,35423300.0
2025-06-03,202.2923126220703,202.78990771325485,199.99342573046133,200.38154929416936,46381600.0
2025-06-04,201.84446716308594,205.24801554678163,201.1279290627925,201.9340306292736,43604000.0
2025-06-05,199.6649932861328,203.765171611367,199.1872911078447,202.521183994692,55126100.0
2025-06-06,202.93919372558594,204.71063115372752,201.07819281954235,202.02362051888113,46607700.0
2025-06-09,200.48106384277344,205.0091823144686,199.05794913802782,203.40692547634254,72862600.0
2025-06-10,201.69517517089844,203.36710243054736,199.60528507808198,199.63513956616538,54672600.0
2025-06-11,197.8238983154297,203.51638723180633,197.45568281643992,202.5211970741936,60989900.0
2025-06-12,198.2418670654297,198.71955406677787,196.410720905765,198.12244911144163,43904600.0
2025-06-13,195.50509643554688,199.4062398916536,194.758703844025,198.7693188209708,51447300.0
2025-06-16,197.4656219482422,197.73432753277095,195.61456771612566,196.35101387226533,43020700.0
2025-06-17,194.69900512695312,197.4357781067605,194.27108064091922,196.25149936947125,38856200.0
2025-06-18,195.63449096679688,196.61973472966923,194.13175923439314,194.99756984742208,45394700.0
2025-06-20,200.03321838378906,200.72984844555882,195.9131318065836,197.28649906078425,96813500.0
2025-06-23,200.53082275390625,201.3269779408771,198.00304635957568,200.6602023375907,55814300.0
2025-06-24,199.3365936279297,202.46149014710028,199.23706853700068,201.61557243039425,54064000.0
2025-06-25,200.5905303955078,202.690382284235,199.65504919597097,200.48105886821313,39525700.0
2025-06-26,200.03321838378906,201.66532960796235,198.50063224789568,200.4611428555203,50799100.0
2025-06-27,200.1128387451172,202.24254507531293,199.03803155248616,200.91894034324127,73188600.0
2025-06-30,204.1831512451172,206.39247448465787,198.30157410241034,201.03834688076608,91912800.0
2025-07-01,206.82041931152344,209.17901505124104,205.1484920031366,205.6759415551798,78788900.0
2025-07-02,211.41819763183594,212.3138626915596,207.13887695509675,207.90517762155153,67941800.0
2025-07-03,212.52285766601562,213.61755770997246,210.7912213537831,211.12958235725722,34955800.0
2025-07-07,208.94017028808594,215.18996325511674,207.79570768244494,211.65703516300363,50229000.0
2025-07-08,208.9998779296875,210.41304612040562,207.4473837253886,209.08945658408672,42848900.0
2025-07-09,210.12445068359375,210.31353924447487,206.22330706177223,208.52219391164948,48749400.0
2025-07-10,211.38836669921875,212.45321238064957,209.01980902189666,209.49749609462273,44443600.0
2025-07-11,210.1443634033203,211.10969909895366,208.8506131239295,209.55720483784353,39765800.0
2025-07-14,207.6165771484375,209.89557123752414,206.54176989733165,208.92027389637033,38840100.0
2025-07-15,208.10423278808594,210.8708604550018,207.915144211828,208.2137043224775,42296300.0
2025-07-16,209.149169921875,211.37838618562168,207.63647661047767,209.28849593835915,47490500.0
2025-07-17,209.0098419189453,210.78127919114968,208.58190225319882,209.5571995447156,48068100.0
2025-07-18,210.1642608642578,210.77132749863404,208.6913836081342,209.85575432940058,48974600.0
2025-07-21,211.45799255371094,214.74212298846783,210.61209006251647,211.07983063398711,51377400.0
2025-07-22,213.36875915527344,213.91611676733493,211.20919838168209,212.1148250502387,46404100.0
2025-07-23,213.11997985839844,214.11517007989065,211.38835859165647,213.96589762082587,46989300.0
2025-07-24,212.7318572998047,214.65258233290422,212.50296779967493,212.87118332406595,46022600.0
2025-07-25,212.85128784179688,214.20474714033003,212.37358560556336,213.66733592091674,40268800.0
2025-07-28,213.0204620361328,213.81661722083774,212.03521828670327,213.00055398053098,37858000.0
2025-07-29,210.2538299560547,213.7767964509494,209.80599741985404,213.14982178903043,51411700.0
2025-07-30,208.04449462890625,211.36842593737322,206.72088996610802,210.88077731884883,45512500.0
2025-07-31,206.57164001464844,208.83071086700429,206.1636083824018,207.4872131893059,80698400.0
2025-08-01,201.40660095214844,212.5527283441607,200.530828701964,209.8557561748323,104434500.0
2025-08-04,202.37193298339844,206.88014336875773,200.70995198839026,203.52634207300898,75109300.0
2025-08-05,201.94398498535156,204.35234334482283,201.18764593221573,202.42167200915333,44155100.0
2025-08-06,212.2242889404297,214.3440487139093,204.60112912578842,204.64094523363173,108483100.0
2025-08-07,218.97169494628906,219.78775818606874,215.53829184895108,217.82723230897543,90224800.0
2025-08-08,228.2468719482422,229.88892965735022,218.19544514014734,219.76784743364436,113854000.0
2025-08-11,226.34388732910156,228.71513292468896,223.9327956372812,227.08116933177635,61806100.0
2025-08-12,228.80479431152344,229.95057099439725,226.23430307406312,227.17083074525974,55626200.0
2025-08-13,232.47125244140625,234.1351043372746,229.58191650034667,230.2195756343437,69878500.0
2025-08-14,231.92327880859375,234.25466305951576,230.0003892485326,233.1985666998313,51916300.0
2025-08-15,230.73765563964844,233.417757832359,228.49593650929467,233.1387895567921,56038700.0
2025-08-18,230.0402374267578,232.26202593201924,229.26310933608104,230.8472538899505,37476200.0
2025-08-19,229.71145629882812,232.0129522601839,228.50591803460907,230.42880766374827,39402600.0
2025-08-20,225.1781768798828,229.6217687789582,224.93906991665554,229.1335667246527,42263900.0
2025-08-21,224.072265625,225.6863136691638,222.95639256938466,225.43723377620466,30621200.0
2025-08-22,226.9217529296875,228.2468598588307,224.58041092619504,225.33760837029214,42477800.0
2025-08-25,226.32395935058594,228.45608264282492,225.3973742361901,225.64645413109014,30983100.0
2025-08-26,228.46604919433594,228.6453946309622,223.86305742355088,226.03502689374838,54575100.0
2025-08-27,229.6417236328125,230.05020313892598,227.41991984776428,227.7686378094015,31259500.0
2025-08-28,231.70408630371094,232.55096405412047,228.4959359400532,229.9704999102399,38074700.0
2025-08-29,231.28564453125,232.5210863786817,230.51847413874466,231.65427793943954,39418400.0
2025-09-02,228.87454223632812,230.00038826150748,226.1346633063032,228.4062708029861,44075600.0
2025-09-03,237.5923309326172,237.9709372370204,233.49745685978084,236.33697373754433,66427800.0
2025-09-04,238.8975067138672,239.0170601981439,235.8687018920251,237.57239985348932,47549400.0
2025-09-05,238.807861328125,240.43186723598095,237.61228077870243,239.1167179897741,54870400.0
2025-09-08,237.0045166015625,239.2661511981365,235.47017586985078,238.41928864081726,48999500.0
2025-09-09,233.48751831054688,237.90120710535396,232.5011563745861,236.12775932745953,66313900.0
2025-09-10,225.955322265625,231.56460664903227,225.118417424808,231.33545739080094,83440800.0
2025-09-11,229.18341064453125,229.60186307827533,225.81584532196928,226.04500979013486,50208600.0
2025-09-12,233.2085418701172,233.6469097348115,228.17712472443904,228.37638560886936,55824200.0
2025-09-15,235.82884216308594,237.31336381412066,234.16499028444412,236.1277410783948,42699500.0
2025-09-16,237.2735137939453,240.33222235518573,235.45026224943368,236.30708253667353,63421100.0
2025-09-17,238.1104278564453,239.21634322602875,236.85505542454314,238.09049720761,46508000.0
2025-09-18,237.0045166015625,240.31228984200703,235.77903252032195,239.08682096339746,44249600.0
2025-09-19,244.59646606445312,245.3935247988757,239.32594197772087,240.34217704154452,163741300.0
2025-09-22,255.13751220703125,255.69547916115815,247.2068166293636,247.38616206443075,105517400.0
2025-09-23,253.49359130859375,256.3928850249964,252.64672876089196,254.9382669065294,60275200.0
2025-09-24,251.38140869140625,254.79879299943292,250.11607847800005,254.2807025242173,42303700.0
2025-09-25,255.92462158203125,256.22353571779615,250.7836237831838,252.27810324622078,55202100.0
2025-09-26,254.5198211669922,256.65194458214916,252.84599627139946,253.1648258525147,46076300.0
2025-09-29,253.49359130859375,254.06150078407975,252.07881928540593,253.62311772285494,40127700.0
2025-09-30,253.69288635253906,254.9781320575181,252.17847617402816,253.92203562343897,37704300.0
2025-10-01,254.5098419189453,257.83756097799323,253.9917514638179,254.10134722927504,48713900.0
2025-10-02,256.18365478515625,257.229778167004,253.21461153357077,255.63566078088252,42630200.0
2025-10-03,257.07037353515625,258.2858846694617,253.01536064819075,253.73271197999827,49155600.0
2025-10-06,255.74530029296875,258.1165459888059,254.11133663097664,257.0405037108186,44664100.0
2025-10-07,255.5360870361328,256.4526841311554,254.48993311029045,255.86485915808862,31955800.0
2025-10-08,257.1102294921875,257.56852798749276,255.16739414069707,255.5758888188916,36496900.0
2025-10-09,253.1050262451172,257.0504585775582,252.2083446799687,256.8611554198282,38322000.0
2025-10-10,244.36732482910156,255.43643674947074,243.10199461677743,254.0017340209507,61999100.0
2025-10-13,246.74851989746094,248.7710475029622,244.6562426215344,248.46219085423505,38142900.0
2025-10-14,246.8581085205078,247.93413549962378,243.79940008876653,245.69241642712313,35478000.0
2025-10-15,248.42233276367188,250.89321639065437,246.559219921403,248.57178982967116,33893600.0
2025-10-16,246.53929138183594,248.1234359576197,244.22783772705108,247.33635013275978,39777000.0
2025-10-17,251.36148071289062,252.4474806979352,246.3599669580113,247.1072067041429,49147000.0
2025-10-20,261.27484130859375,263.4069798400544,254.68918336894043,254.94822099113512,90483000.0
2025-10-21,261.8028869628906,264.3136317818121,260.86634411857244,260.9161783410852,46695900.0
2025-10-22,257.49884033203125,261.882640960004,254.48993535873984,261.68336485657886,45015300.0
2025-10-23,258.6246337890625,259.6608147081683,257.0604350924048,258.98332466328685,32754900.0
2025-10-24,261.85272216796875,263.15789839957887,258.22610426270086,260.2287163700197,38253700.0
2025-10-27,267.8206787109375,268.1295353654346,263.67598537979285,263.90514984178776,44888200.0
2025-10-28,268.00994873046875,268.896687690681,267.16307106420925,267.9999758056659,41534800.0
2025-10-29,268.7073974609375,270.4110953948544,266.1269030442272,268.28892986747474,51086700.0
2025-10-30,270.4011535644531,273.131090148023,267.49191714200913,270.98897852374654,69886500.0
2025-10-31,269.37493896484375,276.29937269597025,268.16940070155243,275.9705701844509,86167100.0
2025-11-03,268.0597839355469,269.8531775103368,265.2701011373342,269.42476736726525,50194600.0
2025-11-04,269.0461730957031,270.49081837885313,266.6350661079627,267.3424445625432,49274800.0
2025-11-05,269.14581298828125,270.7000692568828,265.94760492323326,267.6214146886098,43683100.0
2025-11-06,268.7771301269531,272.3937751745226,266.90407480138714,266.90407480138714,51204000.0
2025-11-07,267.4819030761719,271.28785094446636,265.78814772800683,268.8069946610708,48227400.0
2025-11-10,268.6985778808594,272.98692304032335,266.733924572705,268.2298525605972,41312400.0
2025-11-11,274.5028076171875,275.16101963639426,269.0675899882029,269.07757258136417,46208300.0
2025-11-12,272.7276611328125,274.9815360542478,270.9624767916609,274.2535066981436,48398000.0
2025-11-13,272.2090759277344,275.9488963676571,271.3513946141157,273.36590026791555,49602800.0
2025-11-14,271.6705322265625,275.21088338895913,268.8681625557137,270.31420819279356,47431300.0
2025-11-17,266.7339782714844,269.75575219797963,265.00869378967747,268.0903024129557,45018300.0
2025-11-18,266.7139892578125,269.97510130800674,264.59974924229334,269.25705465795,45677300.0
2025-11-19,267.83099365234375,271.47107967039307,264.77930243197466,264.80921977983166,40424500.0
2025-11-20,265.5272521972656,274.68232536305425,265.1981613886433,270.09480618650156,45823600.0
2025-11-21,270.75299072265625,272.5879921198442,264.9488130991126,265.2280517805383,59030800.0
2025-11-24,275.1710205078125,276.24807542504453,270.164627965921,270.164627965921,65585800.0
2025-11-25,276.2181701660156,279.6189174225992,274.50283786370125,274.52277261748515,46914200.0
2025-11-26,276.79656982421875,278.7712060098946,275.8790842359358,276.2081750495132,33431400.0
2025-11-28,278.0930480957031,278.242634823177,275.2407959413455,276.50736791500816,20135600.0
2025-12-01,282.3315124511719,282.65065109438723,275.3904143522869,277.2553332443013,46587700.0
2025-12-02,285.4131164550781,286.619823290159,281.86278279875575,282.231773534172,53669500.0
2025-12-03,283.3786315917969,287.8364984098337,282.5309329409685,285.4230848596457,43538700.0
2025-12-04,279.9380187988281,283.95707766942763,277.83373081751637,283.3287830094401,43989100.0
2025-12-05,278.0232238769531,280.37683325787106,277.2951945750906,279.77845592816414,47265800.0
2025-12-08,277.13568115234375,278.91084811822003,275.4003836933047,277.37501993231956,38211800.0
2025-12-09,276.4275817871094,279.2698514894354,276.16830825817004,277.40493251311347,32193300.0
2025-12-10,278.0232238769531,278.9905919368044,275.68957968235776,276.9960211276047,33038300.0
2025-12-11,277.2752685546875,278.8310314000742,273.0667227973629,278.34237127554803,33248000.0
2025-12-12,277.52459716796875,278.4620479370953,276.0685689150702,277.14562382282355,39532900.0
2025-12-15,273.3658752441406,279.3894873363706,272.0993337942639,279.3894873363706,50409100.0
2025-12-16,273.8645324707031,274.752131096348,271.0522107383373,272.07941349564567,37648600.0
2025-12-17,271.1020812988281,275.41036187784255,270.9026424636208,274.2634896625032,50138700.0
2025-12-18,271.45111083984375,272.8872042261758,266.22534517191764,272.86723904028526,51630700.0
2025-12-19,272.9271545410156,273.854622814086,269.1673684747946,271.41126100078174,144632000.0
2025-12-22,270.23443603515625,273.13654030849926,269.7756932559407,272.1192896847017,36571800.0
2025-12-23,271.62066650390625,271.7603010837797,268.8282792538215,270.1048034873943,29642000.0
2025-12-24,273.06671142578125,274.6823088952694,271.46109654935304,271.60070067851706,17910600.0
2025-12-26,272.6578369140625,274.6224904749486,272.11929424741834,273.41578359787746,21521800.0
2025-12-29,273.0168762207031,273.61522314661676,271.6107000753325,271.9497734782625,23715200.0
2025-12-30,272.33868408203125,273.3359694836473,271.54086793463244,272.06942798009953,22139600.0
2025-12-31,271.12200927734375,272.9370761103812,271.0123224859311,272.3187639976345,27293600.0
2026-01-02,270.27435302734375,277.0857995993762,268.26979943372277,271.52095990203577,37838100.0
2026-01-05,266.5345458984375,270.7730094869922,265.41759095171795,269.9053759278346,45647200.0
2026-01-06,261.6477966308594,266.82371056256306,261.40845786144683,266.27521573774703,52352100.0
2026-01-07,259.6233215332031,262.96423405428067,259.10474402829175,262.485556491205,48309800.0
2026-01-08,258.3368225097656,258.58614386359903,255.00587765735156,256.3222864925608,50419300.0
2026-01-09,258.6659240722656,259.5036402038468,255.52448097015204,258.3767027680543,39997000.0
2026-01-12,259.54351806640625,260.5906555331263,256.1028713590674,258.45648066308013,45263800.0
2026-01-13,260.34136962890625,261.0993163539261,257.68861696081353,258.01770778709204,45730800.0
2026-01-14,259.2543029785156,261.1092696408236,256.0131254420647,258.78557762508564,40019400.0
2026-01-15,257.5090637207031,260.3313985459844,256.35220896361545,259.9424426175537,39388600.0
2026-01-16,254.8363494873047,258.1971965798445,254.23797213114116,257.1999111311508,72142800.0
2026-01-20,246.0303192138672,254.09835490933511,242.75922413209136,252.04394930256512,80267500.0
2026-01-21,246.9777374267578,250.87712721718017,244.51444112970407,248.02489020045314,54641700.0
2026-01-22,247.67584228515625,250.31864258405668,247.47637302553753,248.52352576906395,39708300.0
2026-01-23,247.36666870117188,248.73296007338791,244.0157890837153,246.64863719927277,41689000.0
2026-01-26,254.71669006347656,255.86356228737432,249.121917868832,250.7973501838168,55969200.0
2026-01-27,257.56890869140625,261.2389423700868,257.5090739976807,258.4664899667647,49648300.0
2026-01-28,255.74386596679688,258.1572795494081,253.81909726521187,256.95057275810245,41288000.0
2026-01-29,257.5788879394531,258.94516415300217,253.7193980705993,257.29964922744847,67253000.0
2026-01-30,258.7756652832031,261.1890792690021,251.49546251262876,254.4773517832236,92443400.0
2026-02-02,269.2770690917969,269.7557466562268,258.50636737104884,259.3241487899344,73913400.0
2026-02-03,268.7485046386719,271.1419837262723,266.88355520832346,268.4692659190308,64394700.0
2026-02-04,275.7394104003906,278.19275421850585,271.55083028665655,271.55083028665655,90545700.0
2026-02-05,275.1610107421875,278.7412615768201,272.48829324857786,277.3749854862336,52977400.0
2026-02-06,277.3650207519531,280.14745564173626,276.1782486476445,276.3677353153735,50453400.0
2026-02-09,274.13079833984375,277.70443813431814,271.2160169672847,277.41494619870406,44623400.0
2026-02-10,273.19244384765625,274.87943562430115,272.4537718732244,274.40031021957236,34376900.0
2026-02-11,275.00921630859375,279.6808719096702,273.9610989943363,274.2106536370846,51931300.0
2026-02-12,261.2637939453125,275.22886395053104,259.7165366668213,275.09909064411113,81077200.0
2026-02-13,255.32435607910156,261.7628783299504,254.9949421084194,261.5432690161623,56290700.0
2026-02-17,263.4099426269531,265.8156532326085,255.08478749757862,257.5903108294174,58469100.0
2026-02-18,263.8791198730469,266.3447212846438,261.9825104325609,263.13045584681157,34203300.0
2026-02-19,260.11578369140625,264.00886051677537,259.5867290635135,262.13220471573277,30845300.0
2026-02-20,264.1086730957031,264.2783836675007,257.7001265171608,258.50868117461044,42070500.0
2026-02-23,265.705810546875,268.95002088588865,262.91081074777924,263.0206001676805,37308200.0
2026-02-24,271.6552429199219,274.4003442568012,267.233111068832,267.38283777638213,47014600.0
2026-02-25,273.74151611328125,274.45024283739696,270.567157599074,271.29586819299504,33714300.0
2026-02-26,272.4637756347656,275.61811956353745,270.31758130113775,274.4602128097023,32345100.0
2026-02-27,263.7093811035156,272.3240124520744,262.4217010495403,272.3240124520744,72366500.0
2026-03-02,264.2484130859375,266.05518620599753,259.73647625260065,261.94253069595567,41827900.0
2026-03-03,263.2801818847656,265.08695529305965,259.6666350681776,263.0106738027697,38568900.0
2026-03-04,262.0523376464844,265.67587606267574,260.95432154975975,264.17854815272653,39803100.0
2026-03-05,259.8263244628906,261.09405110124777,256.79173142961054,260.3254337562426,49658600.0
2026-03-06,257.0013427734375,258.3090066542827,253.916851068475,258.16927189629365,41120000.0
2026-03-09,259.41705322265625,260.68477987096253,253.22808575123491,255.2345148744848,38218500.0
2026-03-10,260.3653564453125,262.01244158439727,256.4922936817907,257.19102845716964,30590800.0
2026-03-11,260.3453674316406,261.6630231774062,259.08760235948154,260.62486739620806,26218900.0
2026-03-12,255.30438232421875,258.48871731031414,253.72719511663234,258.1992253881205,40794000.0
2026-03-13,249.6744384765625,255.87336762960538,249.07551643845036,255.024890934378,36930000.0
2026-03-16,252.36964416503906,253.43773019062647,249.4348789230203,251.66090222791988,32074200.0
2026-03-17,253.77711486816406,254.67552076289968,251.7307636559193,252.5093881906664,32361600.0
2026-03-18,249.49476623535156,254.48585937367065,248.55643828829037,252.1799767808244,35757900.0
2026-03-19,248.5165252685547,251.38140795985734,246.85947863088072,248.95572868612365,34864100.0
2026-03-20,247.54823303222656,248.75606899357115,245.56177255944445,247.53824109812177,88331100.0
2026-03-23,251.04200744628906,254.14646797882926,249.83415620831627,253.51758537106093,40546100.0
2026-03-24,251.1917266845703,254.37604644028636,249.10545347620703,249.90403139868116,45152300.0
2026-03-25,252.16998291015625,254.5457480998694,251.15181088451408,253.6473574345128,28476700.0
2026-03-26,252.43951416015625,256.5421934269488,250.32329549316128,251.67088153367666,41796700.0
2026-03-27,248.35679626464844,255.03488128462607,247.6281009352486,253.4477020992108,47900000.0
2026-03-30,246.19065856933594,250.4230956915925,245.07264337813007,249.62453299565456,39446200.0
2026-03-31,253.337890625,255.02488248828539,246.65982101631488,247.46837564153284,49598100.0
2026-04-01,255.17462158203125,255.7236296181179,252.8787157917901,253.62737973002484,40059400.0
2026-04-02,255.464111328125,255.6737439434535,250.20349485503914,253.74717405681358,31289400.0
2026-04-06,258.3988342285156,261.6929736576745,256.003115847535,256.053045051996,29329900.0
2026-04-07,253.0484161376953,255.7436185540334,245.2623079794448,255.70368128016966,62148000.0
2026-04-08,258.43878173828125,259.2872736156141,256.0730086009651,257.98960165960847,41032800.0
2026-04-09,260.02593994140625,260.65482250105316,255.6138310165902,258.5386040524215,28121600.0
2026-04-10,260.0159912109375,261.7229364827484,258.5585701252562,259.5168819122501,31291500.0
2026-04-13,258.73828125,259.71651601158027,256.2027973984465,259.2673359057164,36234700.0
2026-04-14,258.368896484375,261.4633801130582,256.73183388682423,258.78816168339415,48370700.0
2026-04-15,265.95538330078125,266.08515659729386,257.35074355126085,257.7001261657452,49913500.0
2026-04-16,262.9307556152344,266.6840670491935,260.804545264895,266.3246925362851,43323100.0
2026-04-17,269.7486267089844,271.8149160854778,266.24486962975914,266.4844323486072,61436200.0
2026-04-20,272.5635681152344,273.7913879220191,269.80850557942483,269.84841238867654,36590200.0
2026-04-21,265.69586181640625,272.3140256362382,264.9272139873882,271.0163536236942,50209800.0
2026-04-22,272.68341064453125,273.2523721409737,266.39461467279705,267.3429346055621,43249200.0
2026-04-23,272.9429016113281,275.2787294551341,271.1660737405759,274.56001085217736,33399600.0
2026-04-24,270.5771179199219,272.5735550213531,269.16962610782736,272.2741016414235,38157100.0
2026-04-27,267.1332702636719,267.88193422863776,264.59781690250213,265.6159889280984,41466800.0
2026-04-28,270.2277526855469,272.7432830913257,268.181416710472,271.8548539018017,40018900.0
2026-04-29,269.688720703125,270.55716597281076,266.56429174844374,267.07336249706583,30047900.0
2026-04-30,270.86663818359375,275.50834883767226,267.6623648300734,270.018146234023,91848200.0
2026-05-01,279.6409606933594,286.7083346607987,277.87409435408995,278.36321169794013,79915400.0
2026-05-04,276.33685302734375,280.13010214166496,274.3703610857382,279.16182884121525,46668400.0
2026-05-05,283.67376708984375,284.0630869835518,276.00745521106614,276.43668191704,49311700.0
2026-05-06,286.9978332519531,287.5168959460148,280.5693031693742,281.4177950537395,58336100.0
2026-05-07,286.9279479980469,291.60959552514373,285.2709015174152,288.75467457606095,45224300.0
2026-05-08,292.7974853515625,294.2349225642168,289.48339230776435,289.49338424193445,52692800.0
2026-05-11,292.42779541015625,293.6267735875138,289.979924827367,291.72841688276577,42247300.0
2026-05-12,294.54595947265625,295.0155556946294,292.3078994315659,292.3078994315659,45748100.0
2026-05-13,298.6124572753906,300.6607090744109,293.24708951115105,293.24708951115105,52684300.0
2026-05-14,297.9530334472656,300.1911240450107,295.12548538387824,299.5616620172475,35324900.0
2026-05-15,299.9713134765625,302.93875555297063,296.26448829773227,297.643304079477,54862800.0
2026-05-18,297.5833435058594,300.4009207908792,294.6558756451712,299.98126929450746,34483000.0
2026-05-19,298.7123718261719,300.2510533099592,296.09463441963413,296.7140952726279,42243600.0
2026-05-20,301.98956298828125,302.5390768782648,297.82314269813475,297.9230626302997,38229800.0
2026-05-21,304.7271728515625,305.27671719779084,300.1411318265125,300.80056674721834,42965100.0
2026-05-22,308.55389404296875,311.13165741506583,305.57645096183757,305.85620846339293,43670200.0
2026-05-26,308.0643005371094,311.5513139598484,307.4048960873393,309.29325163060713,48000500.0
2026-05-27,310.5821533203125,312.9900803339556,308.0343323058515,308.0643052358437,50430900.0
2026-05-28,312.24072265625,312.5304508120942,309.30325358892543,310.412282475935,48220400.0
2026-05-29,311.7911071777344,314.7285763294451,309.2632884033746,311.5113496628706,70026800.0
2026-06-01,306.0460510253906,310.67206624496237,304.7571540774977,309.363197507879,48849900.0
2026-06-02,314.92840576171875,315.1781903378333,306.42572903356995,307.1950545511415,44534700.0
2026-06-03,309.9926452636719,316.6668815001487,308.5838566628498,313.9092501546009,50836700.0
2026-06-04,310.9618225097656,313.26982953176514,309.38316692864953,312.96009909963743,44869100.0
2026-06-05,307.0751647949219,314.8984348439246,306.8853260765596,312.5903972939029,65310500.0
2026-06-08,301.2801818847656,317.1265012321255,300.9105055796523,308.4739595974908,77949100.0
2026-06-09,290.29962158203125,300.4908444635933,287.5320194610898,300.0212482417878,70108800.0
2026-06-10,291.3287353515625,294.4960172141002,287.1323727394638,290.4894628291428,52793300.0
2026-06-11,295.375244140625,296.7440586571729,289.3404406054596,293.4668864344149,42572500.0
2026-06-12,290.879150390625,296.88398158337014,289.3704417369658,295.7749221682621,38742100.0
2026-06-15,296.1645812988281,297.5233947188816,291.4486474146935,293.8665449684006,45732600.0
2026-06-16,298.9821472167969,300.2210994929347,293.71669913987887,294.99559499590845,39874400.0
2026-06-17,295.6949768066406,301.8096980081642,294.10632015937927,300.59074812548096,42745100.0
2026-06-18,297.7532043457031,300.31099586682666,295.3652492546472,297.8530937792582,85962200.0
2026-06-22,296.75408935546875,302.1594314563154,296.5043047694293,297.05381866220307,44879900.0
2026-06-23,294.04638671875,301.3800886038737,293.9264950024863,297.2836155142734,52010900.0
2026-06-24,292.8274230957031,299.4417438827621,292.68755959702736,295.1054570720635,53081900.0
2026-06-25,274.91290283203125,288.55113481081804,273.5141152813601,287.1523472601469,107013700.0
2026-06-26,283.53546142578125,285.70360492137456,273.9737007161028,274.7630284991681,261775500.0
2026-06-29,281.4972229003906,288.12151489662153,279.6088673150861,286.4829438934296,66427000.0
2026-06-30,289.11065673828125,289.69017405322865,280.45814550695326,280.9277417485351,65100200.0
2026-07-01,294.1263427734375,296.33442991747245,288.95081360688545,293.1871503157195,50164200.0
2026-07-02,308.3640441894531,309.15337194761725,293.4269150966668,293.866538367699,75352800.0
2026-07-06,312.3905944824219,313.9292760509671,306.7354678654279,307.0951430290638,53590000.0
2026-07-07,310.3923034667969,315.20815732134815,309.88273318392555,315.0183186077797,42490000.0
2026-07-08,313.1199645996094,314.5487250421545,306.7854009831778,311.6412289475945,41323500.0
2026-07-09,315.947509765625,316.2572401947346,307.8944576262147,310.24243869469103,48124500.0
2026-07-10,315.0483093261719,316.6369356310425,311.9010296470402,314.4488202226986,34132300.0
2026-07-13,317.03656005859375,323.171283634363,315.5078797345754,316.7468014245228,43257800.0
2026-07-14,314.58868408203125,315.91755515351207,311.64124426456783,313.48965629761443,36336800.0
2026-07-15,327.2178039550781,328.44675508114506,317.0465830462295,317.34631234952286,60957600.0
2026-07-16,332.97283935546875,334.3915986652446,326.50841333986017,327.72736328456057,62970600.0
2026-07-17,333.452392578125,334.7013154010385,328.71648699084636,331.693929977533,63407100.0
2026-07-20,326.3085632324219,333.4224228207836,323.4010672140761,333.2226134619852,53468000.0
2026-07-21,327.45758056640625,329.3159936819017,321.94234806189104,322.85156758462244,41338900.0
2026-07-22,325.60919189453125,328.7164973399543,323.0613709608057,327.58746619388995,38755900.0
2026-07-23,321.3828430175781,323.0214140443725,319.0748358849152,321.4527900194849,40840800.0
2026-07-24,332.7330322265625,334.0818750563203,321.3428614810286,321.5127284115298,47489400.0
2026-07-27,336.61968994140625,339.277401491225,333.73216560461384,334.2517370375488,49604300.0
2026-07-28,339.78692626953125,342.59453283396704,335.31080637618777,339.73698155301014,51859000.0
2026-07-29,337.8985900878906,344.2730974331505,337.0593175600121,339.43727163464206,56090800.0
2026-07-30,333.1426696777344,334.4615395264105,329.30598233808786,332.8129674612056,74817800.0
2026-07-31,308.6438293457031,310.4222943774597,299.7415030462749,304.54735603914753,132489100.0
2026-08-03,303.1585693359375,311.5313230344714,302.29929450581176,309.313234694189,75052000.0
2026-08-04,309.1134033203125,310.1525156602479,301.0603512911937,302.46913991298527,68001000.0
2026-08-05,310.7320251464844,311.4414048335362,305.40663118634393,309.09342362565195,49438800.0
2026-08-06,312.14080810546875,316.0174696892129,308.96355554648414,314.06913775686996,46139900.0
2026-08-07,313.05999755859375,314.53873325457766,310.47223295908327,311.1816431226555,34437200.0
2026-08-10,308.260009765625,308.260009765625,304.6099853515625,306.8299865722656,44812500.0
2026-08-11,304.9100036621094,309.9700012207031,302.7900085449219,307.75,37476700.0
2026-08-12,302.25,305.6600036621094,300.57000732421875,305.1000061035156,41657800.0
2026-08-13,305.260009765625,306.0,302.04998779296875,304.2099914550781,40349300.0
2026-08-14,305.92999267578125,307.489990234375,304.29998779296875,306.0,28229400.0
2026-08-17,305.5899963378906,307.6600036621094,302.94000244140625,306.2099914550781,38169300.0
2026-08-18,310.0299987792969,311.489990234375,305.739990234375,307.5799865722656,53424500.0
2026-08-19,316.8299865722656,319.2799987792969,309.6000061035156,310.1400146484375,50505600.0
2026-08-20,311.29998779296875,320.2799987792969,310.6499938964844,317.4599914550781,40959200.0
2026-08-21,309.3500061035156,312.3800048828125,307.010009765625,312.04998779296875,46876800.0
2026-08-24,310.3399963378906,313.3599853515625,309.9700012207031,311.4700012207031,34673600.0
2026-08-25,309.8999938964844,313.5899963378906,308.2099914550781,310.7900085449219,25869800.0
2026-08-26,313.45001220703125,315.42999267578125,308.79998779296875,310.29998779296875,34024500.0
2026-08-27,314.5799865722656,315.3999938964844,309.3999938964844,310.54998779296875,32419200.0
2026-08-31,316.8500061035156,321.2349853515625,312.79998779296875,319.55999755859375,40667429.0
