Date,Close,High,Low,Open,Volume
2021-08-31,148.09063720703125,149.03674862857602,147.5639283316424,148.90019723180595,86453100.0
2021-09-01,148.7538604736328,151.16302859498964,148.58804915099893,149.06598641010868,80313700.0
2021-09-02,149.86578369140625,150.9094380524186,148.64656965264444,150.08036655286702,71115500.0
2021-09-03,150.49977111816406,150.82164538297303,149.3195654805312,149.97306236375573,57808700.0
2021-09-07,152.83091735839844,153.3868712092461,150.58756059759483,151.1532776856572,82278300.0
2021-09-08,151.28981018066406,153.17226923823645,150.18763608775444,153.11374935418493,74420200.0
2021-09-09,150.2754364013672,152.26518694823613,150.15838174591684,151.66046161317462,57305700.0
2021-09-10,145.30104064941406,151.65070144497142,145.03768627305047,151.1825274626448,140893200.0
2021-09-13,145.86672973632812,147.69066866511997,145.08642999338122,146.9201321568595,102404300.0
2021-09-14,144.47193908691406,147.34929527061283,143.2917485822126,146.64702700212126,109296300.0
2021-09-15,145.35952758789062,145.75943323857632,142.76503735858526,144.90110206305175,83281300.0
2021-09-16,145.12548828125,145.30106285331667,143.59416308886955,144.78411725815147,68034100.0
2021-09-17,142.4626922607422,145.15472586644688,142.17007797103764,145.15472586644688,129868800.0
2021-09-20,139.41958618164062,141.27278583373996,137.79071777768286,140.25840615619828,123478900.0
2021-09-21,139.89749145507812,141.03868891632874,139.26350609481372,140.3851770808151,75834000.0
2021-09-22,142.25787353515625,142.82357564689215,140.16081684875996,140.89234513594866,76404300.0
2021-09-23,143.2136993408203,143.4575420459127,142.05300568330412,143.03812485400545,64838200.0
2021-09-24,143.301513671875,143.8379707289355,141.97500844122595,142.0725514999574,53477900.0
2021-09-27,141.78968811035156,142.3651683544505,140.2778748536838,141.88723117083788,74150700.0
2021-09-28,138.41493225097656,141.18498292082313,138.20034939372246,139.72192610299075,108972300.0
2021-09-29,139.31228637695312,140.89238314094982,138.531986350207,138.96115210906663,74602000.0
2021-09-30,138.0150146484375,140.82408826037346,137.80043180958225,140.12181985738948,89056700.0
2021-10-01,139.13665771484375,139.40001203413104,135.68385115865894,138.40512951469634,94639600.0
2021-10-04,135.71311950683594,138.70751560218017,134.8645515046284,138.26858674850567,98322000.0
2021-10-05,137.63462829589844,138.73680249578317,135.92772872481194,136.0545317412187,80861100.0
2021-10-06,138.50271606445312,138.6490157972431,134.9621137010957,136.03502801816884,83221100.0
2021-10-07,139.7609100341797,140.66801284222436,139.2049562794912,139.53657886179528,61732700.0
2021-10-08,139.3804931640625,140.62896670309593,139.04887063590832,140.48266702390393,58773200.0
2021-10-11,139.29273986816406,141.24348200456123,138.31736879996546,138.76604603984862,64452200.0
2021-10-12,138.02476501464844,139.72191616043952,137.56633938704366,139.7024045703548,73035900.0
2021-10-13,137.4395751953125,137.91749761325408,135.77168370267864,137.7614495143466,78762700.0
2021-10-14,140.2193603515625,140.33641501765865,138.02477512030043,138.61000380183043,69907100.0
2021-10-15,141.27276611328125,141.33128600610704,139.97552058470157,140.2291266309253,67940300.0
2021-10-18,142.94065856933594,143.2235096811566,139.63415065247935,139.9170017643,85589200.0
2021-10-19,145.09619140625,145.4960971069184,142.94062972963636,143.38929207620686,76378900.0
2021-10-20,145.5838623046875,146.0617994269622,144.47194001956103,145.037656955219,58418800.0
2021-10-21,145.79844665527344,145.95450958049068,144.22809881735165,145.14494989927837,61421000.0
2021-10-22,145.02792358398438,146.48121692115393,144.97915205496275,146.00329463249273,58883400.0
2021-10-25,144.9791259765625,145.69114254666354,143.98424351880567,145.01813426297446,50720600.0
2021-10-26,145.64244079589844,147.1249943659197,145.34006320959406,145.65218915043056,60893400.0
2021-10-27,145.18402099609375,146.0423376021523,144.83288673993832,145.68145499107032,56094900.0
2021-10-28,148.81239318847656,149.39760698679012,146.0325792767904,146.13012235133445,100077900.0
2021-10-29,146.11056518554688,146.2471165175258,142.80405839843382,143.59410645366754,124953200.0
2021-11-01,145.29129028320312,146.01305539533712,144.15985619885288,145.3205502265068,74588300.0
2021-11-02,146.32518005371094,147.8370082711022,144.98891149464504,144.9986747309846,69122000.0
2021-11-03,147.75900268554688,148.2271767394299,146.1301344105293,146.68608830895576,54511500.0
2021-11-04,147.24203491210938,148.6758168059769,146.92990900121129,147.84676026074618,60394600.0
2021-11-05,147.7694854736328,148.66813471450217,146.57779487265975,148.36533077411934,65463900.0
2021-11-08,146.94898986816406,148.0527725947036,146.67548855791236,147.8964818732159,55020900.0
2021-11-09,147.31040954589844,147.9160175036458,146.57781350486675,146.71456416967115,56787900.0
2021-11-10,144.48745727539062,146.64617992683026,144.4190894029692,146.5387319232798,65187100.0
2021-11-11,144.43861389160156,145.96241109507744,144.25302053135974,145.50333134171993,41000000.0
2021-11-12,146.5094451904297,146.9099196974308,144.0576809080353,144.9856329096499,63804000.0
2021-11-15,146.51918029785156,148.35555879375588,145.96240025846288,146.88058950641502,59222800.0
2021-11-16,147.4959716796875,147.97460635745318,145.87448920859703,146.4605718791386,59256200.0
2021-11-17,149.92822265625,151.40317727562876,147.48623592599793,147.49599850722544,88807000.0
2021-11-18,154.20655822753906,154.98799688592075,149.4984160214015,150.1431040324191,137827700.0
2021-11-19,156.82440185546875,157.2834965855034,152.897682743032,153.99168810581827,117305600.0
2021-11-22,157.28350830078125,161.85490096838612,157.26396823078883,157.9281815634673,117467900.0
2021-11-23,157.6644287109375,158.04537802988585,155.36895531169498,157.3811499145866,96041900.0
2021-11-24,158.18211364746094,158.37746957878764,155.93548317544833,157.01972573471906,69463600.0
2021-11-26,153.1711883544922,156.72672078738918,152.73163368073872,155.867151508964,76959800.0
2021-11-29,156.5215606689453,157.4495124904144,155.1051966783485,155.67173929364688,88748200.0
2021-11-30,161.46414184570312,161.67903783874624,156.20898240534294,156.27736517799391,174048100.0
2021-12-01,160.94642639160156,166.3480985309432,160.71199035690174,163.59353101584716,152052500.0
2021-12-02,159.95993041992188,160.38972256863252,154.1382410547709,155.05643066252412,136739200.0
2021-12-03,158.08444213867188,161.13205157338396,156.01364225594332,160.21386222018816,118023100.0
2021-12-06,161.4836883544922,163.98428011365826,160.46781363689186,160.47757621707362,107497000.0
2021-12-07,167.20770263671875,167.598429443289,164.4336093812365,165.15644279486372,120405400.0
2021-12-08,171.01719665527344,171.87678065417452,166.73883163036436,168.1356556285786,116998900.0
2021-12-09,170.50926208496094,172.64844463234323,169.8841141404718,170.85114615502485,108923700.0
2021-12-10,175.28578186035156,175.46161263264923,170.63624509261138,171.14418244016858,115402700.0
2021-12-13,171.66188049316406,177.90359710458122,171.4567470785072,176.9170250648393,153237000.0
2021-12-14,170.28460693359375,173.6154801461527,168.21380712036787,171.1832561903654,139380400.0
2021-12-15,175.13929748535156,175.33465344975855,168.31149697974806,171.04652519555987,131063300.0
2021-12-16,168.26268005371094,176.9366233262029,166.7877251559473,175.11978425979464,150185800.0
2021-12-17,167.1686248779297,169.444558052229,165.75227570894924,165.98669687061619,195432700.0
2021-12-20,165.81088256835938,166.62162387110183,163.57402950297322,164.374993320752,107499100.0
2021-12-21,168.9757080078125,169.1808265329912,165.1955026634982,167.57888393978646,91185900.0
2021-12-22,171.5642547607422,171.7791508300177,168.15523521151485,169.02458207187217,92135300.0
2021-12-23,172.18936157226562,172.74614168304623,171.2028043307869,171.76934702247985,68356600.0
2021-12-27,176.14541625976562,176.23332421872217,172.961070429452,172.98059559497133,74919600.0
2021-12-28,175.12948608398438,177.12215528727302,174.38712760111903,175.97930746687297,79144300.0
2021-12-29,175.21743774414062,176.4384311169709,174.00620695259946,175.16859502828655,62348900.0
2021-12-30,174.06478881835938,176.3798020768136,173.95734081982604,175.30532209148024,59773000.0
2021-12-31,173.44943237304688,175.0709001571645,173.14661351296067,173.9573548573712,64062300.0
2022-01-03,177.78639221191406,178.6362137085352,173.58618706197944,173.70339765267045,104487900.0
2022-01-04,175.53001403808594,178.69483440178558,174.9634712930882,178.3920304132724,99310400.0
2022-01-05,170.8609619140625,175.9891351328985,170.58746053476784,175.44213237430915,94537600.0
2022-01-06,168.00869750976562,171.23212317548703,167.65705080251047,168.69245085589924,96904000.0
2022-01-07,168.17471313476562,170.09899955917385,167.06116796216358,168.8780063916408,86709100.0
2022-01-10,168.1942901611328,168.4970941484729,164.26757109809446,165.15645789652865,106765600.0
2022-01-11,171.01719665527344,171.1148671703379,166.85605711502512,168.3212489833143,76138300.0
2022-01-12,171.45672607421875,173.0684309309445,170.76321037163262,172.0330312140467,74805200.0
2022-01-13,168.1942901611328,172.52148374355693,167.80356331883507,171.7009797317892,84505800.0
2022-01-14,169.05384826660156,169.7473640846977,167.1197842307582,167.36398288031089,80440800.0
2022-01-18,165.8597412109375,168.53614912039677,165.47879187832885,167.53005178287384,90956700.0
2022-01-19,162.37255859375,167.11001826086033,162.08929472408371,166.0550783276264,94815000.0
2022-01-20,160.69247436523438,165.74250066133902,160.3701303584997,163.10515822088573,91420500.0
2022-01-21,158.64120483398438,162.4702376425932,158.5337568383858,160.604556493883,122848900.0
2022-01-24,157.86953735351562,158.53376542721094,151.11012055841888,156.30667494751387,162294600.0
2022-01-25,156.07225036621094,158.98309429431202,153.37630245676536,155.29081165334586,115798400.0
2022-01-26,155.984375,160.57530790290645,154.1577733646561,159.70596106577034,108275300.0
2022-01-27,155.5252227783203,160.0380086364196,154.60703355591713,158.68026486629398,121954600.0
2022-01-28,166.37744140625,166.39698147337538,159.0221785798324,161.86465470605705,179935700.0
2022-01-31,170.72415161132812,170.9390476064095,165.57644011866424,166.2113655240236,115541600.0
2022-02-01,170.55812072753906,170.78277933201363,168.31148996868112,169.9720379540269,86213900.0
2022-02-02,171.75955200195312,171.79863213102016,169.30780301992357,170.69484950775998,84914300.0
2022-02-03,168.88778686523438,172.15029228212393,168.12588824034546,170.43112418107953,89418100.0
2022-02-04,168.60415649414062,170.27660988825676,166.93170310002452,167.90974218054592,82465400.0
2022-02-07,167.89016723632812,170.12986983202234,167.19575302575456,169.06381097409727,77251200.0
2022-02-08,170.9906005859375,171.499185164809,167.66525824555538,167.9586729996618,74829200.0
2022-02-09,172.40878295898438,172.7706527587166,171.05908382141493,172.1838380772884,71285000.0
2022-02-10,168.340087890625,171.62629991772872,167.78261335475796,170.31573108381698,90865900.0
2022-02-11,164.93655395507812,169.2790510191681,164.3497243806945,168.54552151303656,98670700.0
2022-02-14,165.17124938964844,165.85587378073802,162.90219149496014,163.69440078491326,86185500.0
2022-02-15,168.995361328125,169.15185115822308,166.5111487010071,167.21533801275692,62527400.0
2022-02-16,168.7606658935547,169.5333102903167,166.31556790878483,168.07604144255788,61177400.0
2022-02-17,165.17124938964844,168.13470669398032,164.77024977354867,167.274027503072,69589300.0
2022-02-18,163.62596130371094,166.79479876362558,162.54033719370844,166.0906242687398,82772700.0
2022-02-22,160.71141052246094,163.02935867994262,158.58905229899906,161.35690506054718,91162800.0
2022-02-23,156.55471801757812,162.5011823133144,156.24173835796486,161.90457789540673,90009200.0
2022-02-24,159.16610717773438,159.27369208830245,148.66196063900136,149.22922517438823,141147500.0
2022-02-25,161.22975158691406,161.4938113988268,157.3371452242796,160.24192254485857,91974200.0
2022-02-28,161.49383544921875,161.7872502076219,158.8629074909049,159.47907699118204,95056600.0
2022-03-01,159.615966796875,162.94130845487337,158.4129829679633,161.08302534266187,83474400.0
2022-03-02,162.90223693847656,163.68467142814512,159.3715141755355,160.7798932721996,79724800.0
2022-03-03,162.57940673828125,165.20055882427715,161.9143474309581,164.77021930839055,76678400.0
2022-03-04,159.586669921875,161.91440821879274,158.54017563689038,160.8776889542246,83737200.0
2022-03-07,155.80165100097656,161.39603654297554,155.5473512521712,159.7724878532729,96418800.0
2022-03-08,153.98251342773438,159.3030497335725,152.3785295346828,155.3322124692921,131148300.0
2022-03-09,159.3714599609375,159.82136448965088,155.9092082958325,157.93374136581392,91454900.0
2022-03-10,155.0387420654297,156.8676701680238,152.55451471855633,156.681840375499,105342000.0
2022-03-11,151.3319854736328,155.78206635482195,151.1070406596988,155.43974670100266,96970100.0
2022-03-14,147.31224060058594,150.73537736075448,146.80367102699051,148.1240148231261,108732100.0
2022-03-15,151.68409729003906,152.15356685525754,147.07754097449947,147.58611061794517,92964300.0
2022-03-16,156.08526611328125,156.48626575095446,151.06793536575267,153.60105321090987,102300200.0
2022-03-17,157.09266662597656,157.46432633327734,154.16833868809496,155.1268130175759,75615400.0
2022-03-18,160.3788299560547,160.86784945274542,156.25150421008976,156.98503345512586,123511700.0
2022-03-21,161.7481231689453,162.69682236043158,159.4301601813594,159.9191797677464,95811400.0
2022-03-22,165.11256408691406,165.69937857870127,161.2884277154457,161.8752422072329,81532000.0
2022-03-23,166.47203063964844,168.84865833026834,163.9682381752626,164.30078278901993,98062700.0
2022-03-24,170.2472686767578,170.31572365157868,166.47203725633872,167.30336151454603,90131400.0
2022-03-25,170.88299560546875,171.43069512284325,168.95625735233114,170.061446329407,80546200.0
2022-03-28,171.74371337890625,171.87084834447882,168.2227657996674,168.38903069595148,90371900.0
2022-03-29,175.02989196777344,175.0787819860724,172.46741925958432,172.8097389298353,100589400.0
2022-03-30,173.8660430908203,175.66563174403498,172.81953392128133,174.62891251824163,92633200.0
2022-03-31,170.7754364013672,174.12032889178556,170.57004158960083,173.9344990439243,103049300.0
2022-04-01,170.4820098876953,171.0394993928561,168.1640617684755,170.20816010667752,78751300.0
2022-04-04,174.5212860107422,174.57019094673097,170.60912991069844,170.73627975953104,76468400.0
2022-04-05,171.21554565429688,174.38439814013864,170.58960114244232,173.60196376939686,73401800.0
2022-04-06,168.0564727783203,169.81694627331598,166.3938091700385,168.57483234577828,89058800.0
2022-04-07,168.35964965820312,169.55285855113002,166.11994669119974,167.4011755212215,77594700.0
2022-04-08,166.35464477539062,168.00753302198206,165.48419068930104,168.00753302198206,76575500.0
2022-04-11,162.1099853515625,165.31795249524248,161.8654755697351,165.00498773482366,72246700.0
2022-04-12,163.97805786132812,166.13951616252308,162.98045368647982,164.3301525745867,79265200.0
2022-04-13,166.65785217285156,167.28379658301122,163.10758048377514,163.71395993382896,70618900.0
2022-04-14,161.66004943847656,167.50873303070674,161.41553970406295,166.87299876701744,75329400.0
2022-04-18,161.44496154785156,162.94136054907463,159.97790253302927,160.32020734893686,69023900.0
2022-04-19,163.72373962402344,164.13452917950872,160.31039271090148,161.3960167105301,67723800.0
2022-04-20,163.55746459960938,165.1712379709988,162.45229063171516,165.0538631380032,67929800.0
2022-04-21,162.76528930664062,167.76307044383682,162.26649466439048,165.2006123983915,87227800.0
2022-04-22,158.2369384765625,164.1834179598548,157.95331370568275,162.8043941791054,84882400.0
2022-04-25,159.3030242919922,159.58664908398902,154.98009296481885,157.5816658069576,96046400.0
2022-04-26,153.3565673828125,158.77489861463468,153.27832244686797,158.68687865808295,95623200.0
2022-04-27,153.13160705566406,156.2808795981602,151.967738002025,152.48609759207858,88063200.0
2022-04-28,160.04632568359375,160.9070049099631,155.43975472715812,155.7527344180899,130216800.0
2022-04-29,154.1878662109375,162.55010393809633,153.79665651995063,158.28585264208988,131747600.0
2022-05-02,154.49102783203125,154.75508758420054,149.90402310354906,153.2684792337658,123055300.0
2022-05-03,155.9776611328125,157.18065989099466,152.88706912402677,154.67686742533908,88966500.0
2022-05-04,162.3740692138672,162.82395888042848,155.76251479077115,156.1635144371754,108256500.0
2022-05-05,153.3272247314453,160.47668960295778,151.5471860479713,160.25174474333807,130525300.0
2022-05-06,154.052001953125,156.16767394547392,151.0156200226824,152.8080631040653,116124600.0
2022-05-09,148.93917846679688,152.6318086665329,148.38088469249257,151.75027094227133,131577900.0
2022-05-10,151.33885192871094,153.52309446613708,149.79127784510368,152.328132388233,115366700.0
2022-05-11,143.49325561523438,152.25956414663153,142.81741468212965,150.3495886480442,142689800.0
2022-05-12,139.63412475585938,143.19941752795359,135.95129962230052,139.8398213340432,182602000.0
2022-05-13,144.09075927734375,145.06044619602298,140.1728540722722,141.62247481337442,113990900.0
2022-05-16,142.5529327392578,144.49230601105745,141.22084476017127,142.56273706460962,86643800.0
2022-05-17,146.177001953125,146.6961230315545,143.66953086740642,145.80479629477273,78336300.0
2022-05-18,137.92984008789062,144.33560760113403,137.0287088681347,143.83608013972986,109742900.0
2022-05-19,134.5310516357422,138.7525913397019,133.7964445425997,137.00912503429328,136095600.0
2022-05-20,134.76611328125,137.81228455615957,129.88832647827988,136.2353274341848,137426100.0
2022-05-23,140.17282104492188,140.31973647724712,134.82487512400195,134.9620011760451,117726300.0
2022-05-24,137.4792938232422,139.05625126128453,134.51148183512868,137.92005516834,104132700.0
2022-05-25,137.63601684570312,138.87994101283223,135.5007506936718,135.58889997563415,92482700.0
2022-05-26,140.82908630371094,141.37759058232152,134.3253649583187,134.57023400738558,90601500.0
2022-05-27,146.56883239746094,146.6080048732437,142.27872143657157,142.4060581377044,90978500.0
2022-05-31,145.78521728515625,147.5678709384086,143.82626511004062,146.01050754614022,103718400.0
2022-06-01,145.65789794921875,148.62570934761555,144.649023812494,146.82346195823692,74286600.0
2022-06-02,148.10659790039062,148.16536407915592,143.8458705924634,144.79596367082308,72348100.0
2022-06-03,142.396240234375,144.93307974702813,141.49512401563555,143.88503314588232,88570300.0
2022-06-06,143.140625,145.52075950090375,141.92606935448035,144.01235806018857,71598400.0
2022-06-07,145.65789794921875,145.94193944320352,141.1425125135875,141.3873815394989,67808200.0
2022-06-08,144.92333984375,146.7941284752165,144.4336016264356,145.53061045062006,53950200.0
2022-06-09,139.71246337890625,144.91347882072873,139.60472041542363,144.06133943857793,69473000.0
2022-06-10,134.31556701660156,137.87105521943323,134.24699651333503,137.40091085996173,91437900.0
2022-06-13,129.17333984375,132.4251934035628,128.7423678783914,130.14301182018457,122207100.0
2022-06-14,130.0352325439453,131.14204524198857,128.7815044194442,130.39764883857168,84784300.0
2022-06-15,132.65042114257812,134.52122379977993,129.44754553707168,131.5338191539686,91533000.0
2022-06-16,127.39069366455078,129.67287538890463,126.39162358728844,129.36924010699727,108123900.0
2022-06-17,128.85986328125,130.3486710219844,127.14578023984714,127.40045357119396,134520300.0
2022-06-21,133.0814208984375,134.24699991857628,130.58376865027734,130.68170729877417,81000500.0
2022-06-22,132.57212829589844,134.93265491125933,131.1616799782049,132.02360899242208,73409200.0
2022-06-23,135.43215942382812,135.74558399228505,132.84634321517927,134.0119221215175,72433800.0
2022-06-24,138.7525634765625,138.99743245843743,136.90135457141264,137.02867627896833,89116800.0
2022-06-27,138.7525634765625,140.54500621736102,138.07672269528902,139.77121186509095,70207900.0
2022-06-28,134.6192169189453,140.47648065381134,134.50168455265504,139.21296287932694,67083400.0
2022-06-29,136.37249755859375,137.78294599248824,133.86504031861426,134.63883505875384,66242400.0
2022-06-30,133.9139862060547,135.53011594509118,131.0245344279122,134.43310739232075,98964500.0
2022-07-01,136.07858276367188,136.18632571299105,132.87570725736074,133.2478979449589,71051600.0
2022-07-05,138.6546173095703,138.70359409768392,134.1196387404863,134.94240992218974,73353800.0
2022-07-06,139.9867401123047,141.16210859174285,138.1845074474581,138.44897021265854,74064300.0
2022-07-07,143.34632873535156,143.54222096010838,140.33933002838788,140.34911940865916,66253700.0
2022-07-08,144.02215576171875,144.52169812610057,142.02403114104803,142.2786895406023,64547800.0
2022-07-11,141.8966827392578,143.6303594367227,140.82905749070648,142.68026652507825,63141600.0
2022-07-12,142.8664093017578,145.40324925342907,142.0730359145698,142.7684556965353,77588800.0
2022-07-13,142.5039825439453,143.44427122627144,139.2031379384123,140.0552923046931,71185600.0
2022-07-14,145.4228057861328,145.89295009063997,140.30993976956114,141.12290665908233,78140700.0
2022-07-15,147.08795166015625,147.763792686889,145.15838218653053,146.7059565075189,76259900.0
2022-07-18,144.05154418945312,148.4591862413332,143.6891279021673,147.64621935829007,81420900.0
2022-07-19,147.90087890625,148.1261542059037,143.89482557447934,144.88409097349603,82982400.0
2022-07-20,149.89901733398438,150.56506886066487,147.2838179131366,148.01842499581136,64823400.0
2022-07-21,152.16163635253906,152.37712231601844,148.82161886422966,151.3290755894941,65086600.0
2022-07-22,150.92747497558594,153.07253011561605,150.2614383736218,152.20079694797485,66675400.0
2022-07-25,149.81085205078125,151.85795331530994,149.15460492057616,150.84909422530328,53623900.0
2022-07-26,148.48861694335938,149.94802710334568,147.70503289373295,149.13505995960023,55138700.0
2022-07-27,153.57208251953125,154.1010080911438,149.03711741300498,149.44849566558014,78620700.0
2022-07-28,154.12059020996094,154.40463173955777,151.2409277129022,153.75817384315252,81378700.0
2022-07-29,159.17465209960938,160.2716754702952,156.22643448443253,157.93072824104914,101786900.0
2022-08-01,158.19520568847656,160.2325181068246,157.58793518866128,157.70546755749734,67829400.0
2022-08-02,156.72598266601562,159.07673453265352,156.35379186998745,156.81414688340993,59907000.0
2022-08-03,162.72036743164062,163.1709180629882,157.45078129075776,157.53893055181024,82507500.0
2022-08-04,162.40695190429688,163.7586338892835,161.05526991931026,162.6028441618955,55474100.0
2022-08-05,162.18136596679688,162.67178435198056,159.876393569881,160.08237587686597,56697000.0
2022-08-08,161.7105712890625,164.5942341050474,161.05341237675853,163.18182660608474,60276900.0
2022-08-09,161.75958251953125,162.6423445061743,160.1215870695177,160.8768354992681,63135500.0
2022-08-10,165.99681091308594,166.09488560468589,163.70164162721542,164.46669306704544,70170500.0
2022-08-11,165.26121520996094,167.71330746798904,164.9669611457209,166.80112136548323,57149200.0
2022-08-12,168.802001953125,168.87065273956517,166.1537308916434,166.56569547580565,68039400.0
2022-08-15,169.87107849121094,170.06724280100903,168.06634289486433,168.23308330651162,54091700.0
2022-08-16,169.7141876220703,170.3811644180383,168.37044601656845,169.46897842594916,56377100.0
2022-08-17,171.20504760742188,172.7743773350279,169.26299514755854,169.45915949271176,79542000.0
2022-08-18,170.8126678466797,171.54829521030254,169.80240746461445,170.4203392392983,62290100.0
2022-08-19,168.23309326171875,170.41055165199725,168.02711099609633,169.7141510996703,70346300.0
2022-08-22,164.35882568359375,166.6049353146799,163.93705808753546,166.43819485878106,69026800.0
2022-08-23,164.02532958984375,165.47697879172844,163.45644246473458,163.87821006023856,54147100.0
2022-08-24,164.319580078125,164.88846719098774,163.06411023124903,164.11361274111158,53841500.0
2022-08-25,166.77166748046875,166.87956011908489,165.1238689631101,165.5456215718219,51218200.0
2022-08-26,160.48451232910156,167.77213753118554,160.42566451575846,167.3013400580589,78961000.0
2022-08-29,158.28744506835938,159.77830620497173,156.7573420791942,158.0618418321346,73314000.0
2022-08-30,155.86473083496094,159.4447780510849,154.6975330126192,159.02302554257605,77906200.0
2022-08-31,154.20713806152344,157.50274977749038,154.12866933419335,157.23791969354875,87991100.0
2022-09-01,154.93295288085938,155.38412932683354,151.70599214901193,153.6382414104045,74229900.0
2022-09-02,152.8241424560547,157.2869518100939,152.0002433352291,156.6886409081276,76957800.0
2022-09-06,151.56866455078125,154.079603619405,150.74476547508485,153.47148977301632,73714800.0
2022-09-07,152.97128295898438,153.6676685648947,150.66631095885003,151.85312983190147,87449600.0
2022-09-08,151.50003051757812,153.36361410419434,149.75412756943635,151.6765739248584,84923800.0
2022-09-09,154.354248046875,154.79563648166842,151.7844609924952,152.49066452851048,68028800.0
2022-09-12,160.29811096191406,161.11220709833708,156.24726616785827,156.53170218353472,104956000.0
2022-09-13,150.89190673828125,157.46350930410847,150.43091231518306,156.8357744463717,122656600.0
2022-09-14,152.333740234375,154.08944624806267,150.66632089509483,151.82370097735972,87965400.0
2022-09-15,149.45010375976562,152.26511565335673,148.47908487159995,151.6864105462559,90481100.0
2022-09-16,147.8120880126953,148.44964084888636,145.52673670084437,148.31232430924803,162278800.0
2022-09-19,151.51963806152344,151.59810678770754,146.2427471814607,146.44871449211215,81474200.0
2022-09-20,153.8932647705078,155.05065980282333,150.14647654096675,150.4603364872082,107689800.0
2022-09-21,150.7742156982422,155.69802002410492,150.6565200858437,154.32483969180942,101696800.0
2022-09-22,149.81297302246094,151.50981598394938,148.01804042401267,149.45987128233378,86652500.0
2022-09-23,147.54725646972656,148.5673350111051,145.7130966439831,148.29270193451399,96029900.0
2022-09-26,147.88075256347656,150.82326264584486,146.77240230987616,146.79202323434507,93339400.0
2022-09-27,148.8517608642578,151.75504386028683,147.0764489671257,149.81299153282302,84442700.0
2022-09-28,146.9685821533203,147.7532545846386,142.0643981655583,144.81074419198137,146691400.0
2022-09-29,139.74960327148438,143.9083561021041,137.98409428837317,143.3002421615135,128138200.0
2022-09-30,135.5516357421875,140.35774479295515,135.35547138562947,138.5726147256006,124925300.0
2022-10-03,139.72019958496094,140.32832857992096,135.05142179088293,135.5614611189966,114311700.0
2022-10-04,143.3002471923828,143.41794280659562,141.49549629829846,142.2507447443845,87830100.0
2022-10-05,143.59446716308594,144.55569777280346,140.2694318056122,141.30913113651346,79471000.0
2022-10-06,142.64306640625,144.71263233032042,142.43709909152813,143.0157891213956,68402200.0
2022-10-07,137.40542602539062,140.35775442140775,136.77769106151405,139.80847323243142,85925600.0
2022-10-10,137.7290802001953,139.17091126885134,135.91454138275128,137.7290802001953,74899000.0
2022-10-11,136.3166961669922,138.64128959242282,135.57126557653487,137.2190642395612,77033700.0
2022-10-12,135.68894958496094,137.67024396939837,135.51240615749046,136.46381898254117,70433700.0
2022-10-13,140.24984741210938,140.8383404618952,131.7950247428473,132.4031536839207,113224000.0
2022-10-14,135.7281951904297,141.75053227831364,135.5418338120233,141.5445499741852,88598000.0
2022-10-17,139.68093872070312,140.1615390587515,137.58194907165392,138.36662131640782,85250900.0
2022-10-18,140.99526977539062,143.88873492707052,137.91544326382163,142.7019309504816,99136600.0
2022-10-19,141.10316467285156,142.1722730567363,138.78838952105372,138.974750883936,61758300.0
2022-10-20,140.64218139648438,143.0942732786787,139.91635681145763,140.27927658716155,64522000.0
2022-10-21,144.4478302001953,145.0167173026428,139.9163543059083,140.1321395849877,86548600.0
2022-10-24,146.58602905273438,147.35108041478094,143.20214572577777,144.36934369172494,75981900.0
2022-10-25,149.42068481445312,149.5678193244191,146.49779513966664,147.21380186240924,74732300.0
2022-10-26,146.4879608154297,149.07736899312695,145.20305222207165,148.06710843299678,88194300.0
2022-10-27,142.02513122558594,146.19368643958677,141.3679725525205,145.23247083964995,109180200.0
2022-10-28,152.75552368164062,154.48179100593666,144.98729827273644,145.36000606754794,164762400.0
2022-10-31,150.40151977539062,151.28428192484714,149.0087332370563,150.22497632532892,97943200.0
2022-11-01,147.76307678222656,152.47109701606183,146.27221543184598,152.1081921430116,80379300.0
2022-11-02,142.250732421875,149.2539052221096,142.22130852087065,146.09561013902547,93604600.0
2022-11-03,136.21861267089844,140.0634909361085,136.09109910411752,139.33766635298934,97918500.0
2022-11-04,135.95333862304688,140.16810151754257,132.0234836201314,139.59827074317496,140814800.0
2022-11-07,136.48385620117188,136.70981865595215,133.29084915754692,134.70559929239224,83374600.0
2022-11-08,137.05368041992188,138.94982808586678,135.07893386231837,137.94772594743225,89908500.0
2022-11-09,132.50489807128906,136.12037292800636,132.22980938548775,136.07124673599705,74917800.0
2022-11-10,144.29446411132812,144.29446411132812,137.05371017047622,138.7632027049217,118854000.0
2022-11-11,147.0748291015625,147.3793904835366,141.83829520447486,143.26287971945007,93979700.0
2022-11-14,145.6797332763672,147.64466090619808,144.8446330372058,146.35763570725214,73374100.0
2022-11-15,147.40882873535156,150.89657743758315,145.95478683657723,149.55060713210176,89868300.0
2022-11-16,146.18077087402344,147.24183349471545,144.70707528826344,146.51481993344615,64218300.0
2022-11-17,148.07693481445312,148.82360185357618,143.58706836561342,143.86215701114332,80389400.0
2022-11-18,148.636962890625,150.02224064395415,147.34011828521793,149.63908030699184,74829600.0
2022-11-21,145.41445922851562,147.73307435769456,145.12955132737417,147.52676535819396,58724100.0
2022-11-22,147.54640197753906,147.7821986794849,144.3533947208252,145.53236323934706,51804100.0
2022-11-23,148.4208221435547,149.16748927839564,146.72114887646376,146.82922050043365,58301400.0
2022-11-25,145.51272583007812,146.26922721502757,144.54008119228595,145.70921560778717,35195900.0
2022-11-28,141.69090270996094,144.06846284178744,140.86563687733454,142.59476743015247,69246000.0
2022-11-29,138.69439697265625,142.2705641956943,137.88878454429147,141.75967888062996,83763800.0
2022-11-30,145.43411254882812,146.11201495746124,138.0852876520207,138.92037287256267,111380900.0
2022-12-01,145.7091827392578,146.51481013470644,144.03899751867118,145.61094536816785,71250400.0
2022-12-02,145.21800231933594,145.40467287905824,143.09587646861578,143.40045290307432,65447400.0
2022-12-05,144.05870056152344,148.27346450913342,143.21378092513402,145.1787089175549,68826400.0
2022-12-06,140.4038848876953,144.71689974436399,139.43124046996064,144.49093730068225,64727200.0
2022-12-07,138.46849060058594,140.8558711324246,137.54497196167785,139.69657070738663,69721100.0
2022-12-08,140.1484832763672,141.00323714839539,138.62567607289063,139.86357531316506,62128300.0
2022-12-09,139.6670684814453,143.01727390300547,138.42915440090607,139.8439047836886,76097000.0
2022-12-12,141.95619201660156,141.96601125722427,138.58633357333804,140.19757351667832,70462700.0
2022-12-13,142.91900634765625,147.34009332894186,141.71058010364294,146.87833415604433,93886200.0
2022-12-14,140.6986541748047,144.08815144991274,138.68460028950005,142.80112620848055,82291200.0
2022-12-15,134.1063232421875,139.31338494507114,133.64456400681874,138.63548245096763,98931900.0
2022-12-16,132.15122985839844,135.2361662798,131.38490912253005,134.2930092162133,160156900.0
2022-12-19,130.04872131347656,132.82909551472687,129.01714637272462,132.74067737544078,79592600.0
2022-12-20,129.97998046875,130.91331820064397,127.61223880809378,129.08593469778208,77432800.0
2022-12-21,133.07472229003906,134.41087369361549,130.42207295695286,130.64803543949063,85928000.0
2022-12-22,129.91119384765625,132.20033647277774,128.01504576681836,131.99402745433673,77852100.0
2022-12-23,129.5476837158203,130.09786107261186,127.36661277196195,128.62416529925937,63814900.0
2022-12-27,127.749755859375,129.10556058535423,126.46273078933113,129.07608787315525,69007800.0
2022-12-28,123.8297348022461,128.73222692892008,123.66271775984323,127.39607559848972,85438400.0
2022-12-29,127.3371353149414,128.19187403447657,125.49010604619004,125.74554124055933,75703700.0
2022-12-30,127.65154266357422,127.67119614147344,125.19539011416798,126.15820814987909,77034200.0
2023-01-03,122.8767318725586,128.60448941700523,121.9925130634904,127.99536673400503,112117500.0
2023-01-04,124.14412689208984,126.4037966398773,122.886574422074,124.66483150899292,89113600.0
2023-01-05,122.82762145996094,125.52939692056383,122.57218626779334,124.90062068574457,80962700.0
2023-01-06,127.34695434570312,128.00520329992693,122.699904718632,123.80026688503307,87754700.0
2023-01-09,127.86763000488281,131.07047089671403,127.61219486879021,128.182025548878,70790800.0
2023-01-10,128.4375,128.95820466182693,125.87326865028986,127.97574077291436,63896200.0
2023-01-11,131.14910888671875,131.16874737067045,128.1722445262406,128.94838439618852,69458900.0
2023-01-12,131.0705108642578,131.90559617413024,129.13505580606935,131.53227009080283,71379600.0
2023-01-13,132.39682006835938,132.55401787873402,129.35119119619432,129.71469801537842,57809700.0
2023-01-17,133.55612182617188,134.88243886666353,131.77786487384603,132.4655864864573,63646600.0
2023-01-18,132.8389434814453,136.17931456809228,132.66209219338052,134.4207108763407,69672800.0
2023-01-19,132.89788818359375,133.86069855178562,131.42419241972087,131.7287538123279,58280400.0
2023-01-20,135.45228576660156,135.59966433835268,131.86629872212012,132.90770800117681,80223600.0
2023-01-23,138.63546752929688,140.80671912517695,135.4817521326256,135.6978953680963,81760300.0
2023-01-24,140.03057861328125,140.64953566811175,137.8396883115422,137.84950755371702,66435100.0
2023-01-25,139.372314453125,139.93231102042415,136.37579688239575,138.41932337339787,65799300.0
2023-01-26,141.43548583984375,141.72039372676826,139.41159795380088,140.65933109437518,54105100.0
2023-01-27,143.37094116210938,144.64814715401417,140.57092820918845,140.64952711543583,70555800.0
2023-01-30,140.4923553466797,142.99764160460052,140.3449917396537,142.41799142868322,64015300.0
2023-01-31,141.75967407226562,141.8088002532181,139.78492752410364,140.19756045993424,65874500.0
2023-02-01,142.87966918945312,144.03898399261212,138.84175832526216,141.44528077834974,77663600.0
2023-02-02,148.17520141601562,148.52887400177488,145.57166328269082,146.28885767804982,118339000.0
2023-02-03,151.7906494140625,154.62014981197694,145.23761799882098,145.43410775063012,154357300.0
2023-02-06,149.06922912597656,150.41521473457135,148.13589150827315,149.8945101165513,69858300.0
2023-02-07,151.9380340576172,152.5078649107581,147.9983592694092,147.9983592694092,83322600.0
2023-02-08,149.25588989257812,151.8692470443083,148.51904208604415,151.18152542311802,64120100.0
2023-02-09,148.2243194580078,151.62365104865805,147.78221371418798,151.08329292122983,56007100.0
2023-02-10,148.58839416503906,148.91310407783703,146.82710525948497,147.06326201809225,57450700.0
2023-02-13,151.3828125,151.78622618296893,148.499791218323,148.5293089264892,62199000.0
2023-02-14,150.7432403564453,151.3041068890254,148.4407688328002,149.68055772689488,61707600.0
2023-02-15,152.83908081054688,153.00635283510616,150.42837278798947,150.65468023132328,65573800.0
2023-02-16,151.2451171875,153.8230981335769,150.8908895372368,151.04831237083192,68167900.0
2023-02-17,150.10369873046875,150.5464794908576,148.4309630722788,149.90690894964015,59144100.0
2023-02-21,146.09893798828125,148.87372305726493,146.03006833094608,147.79135689260553,58867200.0
2023-02-22,146.52207946777344,147.54539539799444,144.80014250744384,146.48271250078488,51011300.0
2023-02-23,147.00421142578125,147.92913996180903,144.87886065676489,147.68314896878456,48394200.0
2023-02-24,144.35736083984375,144.8296593421339,143.38323110315275,144.75094042273577,55469600.0
2023-02-27,145.54791259765625,146.77786725557394,145.0854484451516,145.34128862301924,44998500.0
2023-02-28,145.04611206054688,146.68932985809187,144.47541123636594,144.69188448050687,50547000.0
2023-03-01,142.9797821044922,144.86899086128216,142.68458995191014,144.4754113339038,55479000.0
2023-03-02,143.57017517089844,144.35734928778834,141.59239813777418,142.0647116163666,52238100.0
2023-03-03,148.6080322265625,148.68675112203792,144.96736964186593,145.66597544130724,70732300.0
2023-03-06,151.36317443847656,153.7935665673354,150.9991125857975,151.32380747304748,87558000.0
2023-03-07,149.16891479492188,151.55993956940895,148.7064506179963,151.23522972088062,56182000.0
2023-03-08,150.41856384277344,151.00894821688513,149.39524794362458,150.35952840818192,47204800.0
2023-03-09,148.17514038085938,152.06179531507217,147.82091272780633,151.09751476502208,53833600.0
2023-03-10,146.11863708496094,148.5195113692859,145.24290982690115,147.80122193638456,68572400.0
2023-03-13,148.05703735351562,150.6842189540097,145.33145336527863,145.43968998615728,84457100.0
2023-03-14,150.14303588867188,150.94004418166887,147.6929755826584,148.85404568502526,73695900.0
2023-03-15,150.53662109375,150.7924462663543,147.51584514285557,148.76548332238644,77167900.0
2023-03-16,153.35076904296875,153.9509875803486,149.20827470890512,149.71994010489203,76161100.0
2023-03-17,152.514404296875,154.2265068856699,151.80594908869074,153.5770871091514,98944600.0
2023-03-20,154.8759002685547,155.28917828804447,151.67801783277878,152.58327776546486,73641400.0
2023-03-21,156.72576904296875,156.84383990664745,154.02970254755692,154.79720820376127,73938300.0
2023-03-22,155.29901123046875,159.53989288471735,155.27932775015748,156.7454392443716,75701800.0
2023-03-23,156.38136291503906,158.9593583364734,155.15140813839363,156.28297554136526,67622100.0
2023-03-24,157.6802215576172,157.76877470893055,155.31871410467124,156.31251228008384,59196500.0
2023-03-27,155.74180603027344,158.19188156427322,155.33837722493854,157.37518971960662,52390300.0
2023-03-28,155.1218719482422,155.9484128704115,153.4786543640599,155.4367475403247,45992200.0
2023-03-29,158.19187927246094,158.4673879613573,156.79465234617297,156.81432081388166,51305700.0
2023-03-30,159.75636291503906,159.86459953343115,158.68384597812414,158.93967116064357,49501700.0
2023-03-31,162.25563049316406,162.35403288236776,159.31358823359025,159.8350878653574,68749800.0
2023-04-03,163.50526428222656,163.62333513475417,161.58653785817188,161.63573905142377,56976200.0
2023-04-04,162.9739532470703,164.16454121432164,162.46228779099377,163.92839947620809,46278300.0
2023-04-05,161.13392639160156,162.40324825832465,159.20536551321473,162.09822184489292,51511700.0
2023-04-06,162.01947021484375,162.31466233453045,159.40212310856722,159.8252203026454,45390100.0
2023-04-10,159.43165588378906,159.43165588378906,157.51292944566782,158.8314373555464,47716900.0
2023-04-11,158.22142028808594,159.75640178486614,157.93606230921543,159.7465675495636,47644200.0
2023-04-12,157.53262329101562,159.46118408911326,157.2177476424543,158.6346580327857,50133100.0
2023-04-13,162.90505981445312,163.14121655398105,158.83144989570576,159.0380889195549,68445600.0
2023-04-14,162.5606689453125,163.65286938363687,161.19295983913122,161.9506011686896,49386500.0
2023-04-17,162.580322265625,162.73776006518966,161.39956879707992,162.44256794452966,41516200.0
2023-04-18,163.80047607421875,164.72540456754612,162.99361844758067,163.43641422586148,49923000.0
2023-04-19,164.94187927246094,165.4633789570219,162.885383237049,163.14122346923992,47720200.0
2023-04-20,163.97755432128906,165.17799130758831,162.9050374280842,163.4265370188754,52456400.0
2023-04-21,162.3737030029297,163.78076396537094,161.85220341407148,162.40322071444277,58337300.0
2023-04-24,162.67872619628906,162.94440060882783,161.26181601487568,162.3540163618739,41949600.0
2023-04-25,161.14376831054688,163.6430299514636,161.10440134757968,162.54099521393778,48714100.0
2023-04-26,161.13392639160156,162.62955575633885,160.18932943478703,160.44515464932056,45498800.0
2023-04-27,165.70936584472656,165.85695442572842,162.54100085037314,162.54100085037314,64902300.0
2023-04-28,166.95899963378906,167.12628672150765,165.18787649470852,165.78809511844986,55275900.0
2023-05-01,166.8704071044922,167.71661652166532,165.93564455408003,166.56538074727197,52472900.0
2023-05-02,165.83726501464844,167.6182522416185,164.8533011388869,167.36241202489828,48425700.0
2023-05-03,164.76473999023438,168.17909567440717,164.47939708632646,166.78186884038578,65136000.0
2023-05-04,163.13134765625,164.36130237503923,161.67508547315035,162.24578626436005,81235400.0
2023-05-05,170.78662109375,171.50491053581004,168.02166992672903,168.23814318555767,113453200.0
2023-05-08,170.71771240234375,171.06210572406735,169.35000337616833,169.7140651629481,55962800.0
2023-05-09,169.01547241210938,170.7570775926942,168.84820036158354,170.27494492179522,45326900.0
2023-05-10,170.77674865722656,171.23921282792068,169.14336520388548,170.24541483030967,53724500.0
2023-05-11,170.96372985839844,171.7902559418124,169.40906507439723,171.06213225532295,49514700.0
2023-05-12,170.03749084472656,171.50561502670146,168.4905238476374,171.0720697527437,45533100.0
2023-05-15,169.54486083984375,170.66813061172948,168.95365989259247,170.61886136031444,37266700.0
2023-05-16,169.54486083984375,170.5991506527755,169.2788189100942,169.4660330445526,42110300.0
2023-05-17,170.15576171875,170.3922300756776,167.91906995533154,169.19014751327734,57951600.0
2023-05-18,172.48110961914062,172.6683237371227,170.04735615510018,170.46119076780954,65496700.0
2023-05-19,172.58950805664062,173.80145343851697,172.37273538217633,173.80145343851697,55809500.0
2023-05-22,171.6436004638672,172.14612580242743,170.9046067635048,171.42682777563832,43570900.0
2023-05-23,169.04232788085938,170.83562631420236,168.7664381272472,170.58929510312979,50747300.0
2023-05-24,169.3181915283203,169.88968165407772,168.0175707525213,168.57919800904358,45143500.0
2023-05-25,170.4513702392578,171.34800452634042,169.17044478431242,169.8798799582863,56058300.0
2023-05-26,172.85556030273438,173.19058223460047,170.56961408423973,170.77653895289623,54835000.0
2023-05-30,174.69808959960938,176.36329091292328,173.978806707213,174.36308277683443,55964400.0
2023-05-31,174.64881896972656,176.71800704198733,174.16600441023556,174.72764675708407,99625300.0
2023-06-01,177.44717407226562,177.47673261921489,174.33354349143505,175.09224794448755,68901800.0
2023-06-02,178.29452514648438,179.11234656032465,176.62932377666553,178.37335293714096,61996900.0
2023-06-05,176.9446258544922,182.23581511366768,175.42721727327233,179.9498694414483,121946500.0
2023-06-06,176.58006286621094,177.4766970018392,174.82617090162998,177.328904296753,64848400.0
2023-06-07,175.21047973632812,178.55073052308683,174.71781728969785,175.82137635899298,61944600.0
2023-06-08,177.9201202392578,178.18614713091944,174.85575927069235,175.2892895872439,50214900.0
2023-06-09,178.30438232421875,179.55573399442156,177.9792233362159,178.83645110058313,48900000.0
2023-06-12,181.09288024902344,181.19141876575284,178.31427148868138,178.6098720040029,54274900.0
2023-06-13,180.61988830566406,181.4475575367352,179.76266053311636,180.11737806569877,54929100.0
2023-06-14,181.2505340576172,181.6840794711242,179.34886398957653,180.6790437429822,57462900.0
2023-06-15,183.2802734375,183.78279874291368,181.08300318978328,181.26036948430115,65433200.0
2023-06-16,182.2062530517578,184.245882524342,181.56579797087073,183.98968846409701,101256200.0
2023-06-20,182.29493713378906,183.36895259993452,181.7037512704965,181.7037512704965,49799100.0
2023-06-21,181.26039123535156,182.6891094596189,179.910485779367,182.18658409390272,49515700.0
2023-06-22,184.25570678710938,184.3049760258428,180.97457394762623,181.04355388882516,51245300.0
2023-06-23,183.9404296875,184.8075203379306,182.29493904669715,182.8270228675936,53117000.0
2023-06-26,182.5511016845703,185.29030300231886,182.51168027914116,184.08820572936608,48088700.0
2023-06-27,185.30018615722656,185.6253451571229,182.94526040179295,183.1620330683905,50730800.0
2023-06-28,186.47271728515625,187.11317238738192,184.84693738882143,185.17208134019785,51216800.0
2023-06-29,186.80775451660156,187.28072131986815,186.1672993101183,186.30524420235466,46347300.0
2023-06-30,191.1234588623047,191.62596911406445,188.45322195229386,188.81780236383452,85213200.0
2023-07-03,189.63560485839844,191.03476417603324,188.94586551693624,190.93622568872084,31458200.0
2023-07-05,188.522216796875,190.14799688410469,187.82262949557398,188.7587001877792,46920300.0
2023-07-06,188.99514770507812,189.20207252866174,186.42344937265386,187.05405664400223,45094300.0
2023-07-07,187.88172912597656,189.84253092683244,187.4481988352347,188.60102706839623,46815000.0
2023-07-10,185.8421173095703,187.20187038994513,184.29515010539157,186.48257243692333,59922200.0
2023-07-11,185.31988525390625,186.5219826806886,183.86160879849567,186.384037813756,46638100.0
2023-07-12,186.98507690429688,188.88674640306317,185.7041517573503,186.89638625272656,60750200.0
2023-07-13,187.7437744140625,188.38424453327508,186.99493300399138,187.7043680387378,41342300.0
2023-07-14,187.8916015625,188.37440112570727,186.8471596075647,187.43834550769154,41616200.0
2023-07-17,191.14315795898438,191.46831693797242,188.9951421376018,189.08381775872684,50520200.0
2023-07-18,190.88694763183594,191.47814845869007,189.59617469589472,190.51253447403246,48288200.0
2023-07-19,192.23687744140625,195.32093388898534,189.82281961650222,190.26622781119138,80507300.0
2023-07-20,190.29580688476562,193.5867885139367,189.67504737311495,192.22703531122195,59581200.0
2023-07-21,189.1232147216797,192.10874719252732,188.42362760855806,191.25151956273768,71951700.0
2023-07-24,189.9213409423828,192.04964595897565,189.42867857936756,190.57165886992988,45377800.0
2023-07-25,190.77859497070312,191.58656857428397,190.08887057427083,190.49285737606127,37283200.0
2023-07-26,191.64569091796875,192.76896069007793,190.48301476563847,190.82786945588313,47471900.0
2023-07-27,190.38446044921875,194.30604897209747,189.72429463258098,193.1433729163405,47460200.0
2023-07-28,192.9561309814453,193.74439372054138,191.29092989175592,191.81315076149906,48291400.0
2023-07-31,193.56703186035156,193.60645326737566,192.39449307660055,193.18275583360523,38824100.0
2023-08-01,192.7393798828125,193.8429388199064,192.41422090280528,193.36013930235927,35175100.0
2023-08-02,189.75384521484375,192.3156805851802,189.03456234552243,192.17773571935334,50389300.0
2023-08-03,188.36453247070312,189.54691917513858,187.89158079590146,188.7586713954234,61235200.0
2023-08-04,179.3192596435547,184.6301595328746,179.25027969317492,182.79745486603875,115956800.0
2023-08-07,176.22535705566406,180.44254624962392,174.74736976708382,179.4572213905704,97576100.0
2023-08-08,177.161376953125,177.6244807463182,174.97395500417116,177.05299063908274,67823000.0
2023-08-09,175.57501220703125,178.27479228591488,174.41232123291388,178.21567520898486,60378500.0
2023-08-10,175.35826110839844,178.09746293161143,174.99369573264087,176.8460961883882,54686900.0
2023-08-11,175.41746520996094,176.23639103718068,174.19402209160106,174.95375100085724,52036700.0
2023-08-14,177.06517028808594,177.2920967961584,174.9438523177461,175.59504844195268,43675600.0
2023-08-15,175.08197021484375,177.08487915778778,174.68731413890805,176.49289504388423,43622600.0
2023-08-16,174.2137451171875,176.15744233651847,174.14467201512105,174.76626971305478,46964900.0
2023-08-17,171.67803955078125,175.1411945839284,171.1649745274817,174.7761369036864,66062900.0
2023-08-18,172.1614990234375,172.76335939467492,169.6652621694116,170.0007213782545,61172200.0
2023-08-21,173.4934539794922,173.77959243029935,171.4214870063081,172.73374028357344,46311900.0
2023-08-22,174.86492919921875,175.30892111024494,173.89801113995804,174.69719959083847,42038900.0
2023-08-23,178.70303344726562,179.1273031269572,175.95027131734813,176.13773826499084,52722800.0
2023-08-24,174.02627563476562,178.68329009610582,173.6612029173666,178.25902046647073,54945800.0
2023-08-25,176.2265167236328,176.7593040006282,173.4737548580186,175.0129348306344,51449600.0
2023-08-28,177.7854461669922,178.1801023209798,176.1673318473753,177.68677460091166,43820700.0
2023-08-29,181.66297912597656,182.4325690983829,177.1046362040057,177.30196426395187,53003900.0
2023-08-30,185.14588928222656,185.34323241647965,182.27473336292013,182.4720614420058,60813900.0
2023-08-31,185.36293029785156,186.59624944883035,184.9781353249528,185.33333184264131,60794500.0
2023-09-01,186.93173217773438,187.38558521498553,185.76747101772168,186.961330634287,45766500.0
2023-09-05,187.16854858398438,187.44481092436058,185.10644216647313,185.767499556314,45280000.0
2023-09-06,180.46913146972656,186.32986658571798,179.04834537431464,185.88585963952747,81755800.0
2023-09-07,175.19052124023438,175.83185624974686,171.22416252451072,172.84227669356144,112488800.0
2023-09-08,175.80224609375,177.8347687964352,175.417451102765,175.96999075471308,65551300.0
2023-09-11,176.96649169921875,177.89395007164453,174.9734438173143,177.66702357259294,58953100.0
2023-09-12,173.9473419189453,177.72623373133553,172.487096210491,177.09477490699047,90370200.0
2023-09-13,171.88525390625,174.93401565723292,171.65831231126361,174.15454941477398,84267900.0
2023-09-14,173.39483642578125,173.75003299454158,171.2636570132194,171.6780505009118,60895800.0
2023-09-15,172.67457580566406,174.1446979390041,171.50046839224674,174.1249606133089,109259500.0
2023-09-18,175.59507751464844,176.98626535892447,173.81909463420754,174.12495542511192,67257600.0
2023-09-19,176.68038940429688,177.23291401853146,174.7662755227223,175.15107052586188,51826900.0
2023-09-20,173.1481170654297,177.30192680097454,173.05930666032802,176.86779612772287,58436200.0
2023-09-21,171.6089630126953,173.94734650075085,171.53990496478352,172.22069958579337,63149100.0
2023-09-22,172.45748901367188,174.7169382879251,171.7273736602944,172.33909518451154,56725400.0
2023-09-25,173.73025512695312,174.60837768157924,171.82600269974301,171.87533847239564,46172700.0
2023-09-26,169.66525268554688,172.86200623492672,169.36925308333926,172.48708745695123,64588900.0
2023-09-27,168.15567016601562,170.73084132501634,166.7940959712009,170.3164478696235,66921800.0
2023-09-28,168.41221618652344,169.7343308371659,165.38317681816312,167.08022534636603,56294400.0
2023-09-29,168.92527770996094,170.76045735672912,168.06687727418498,169.7244661753788,51861100.0
2023-10-02,171.4313507080078,171.97401410977108,168.64897565996583,168.9351141150612,52164500.0
2023-10-03,170.09939575195312,171.31299281082715,168.54049336939298,169.96126458937815,49594600.0
2023-10-04,171.34255981445312,171.8852232303615,168.68845469814508,168.80684851428336,53020300.0
2023-10-05,172.57591247558594,173.10869980697885,170.3756599300563,171.47084810780015,48527900.0
2023-10-06,175.12144470214844,175.6147723242181,170.86894795356997,171.48068444244805,57266700.0
2023-10-09,176.60147094726562,176.66066786762835,173.45403753652568,174.45055415802327,42390800.0
2023-10-10,176.0094451904297,177.3216985969386,175.5753144327677,175.7233217666065,43698000.0
2023-10-11,177.400634765625,177.4499705441094,175.22999600880442,175.82198018511957,47551100.0
2023-10-12,178.2985076904297,179.90674578858014,176.6507798893927,177.6670488234186,56743100.0
2023-10-13,176.4633331298828,179.5022186651883,175.76280113660414,178.99902980590412,51427100.0
2023-10-16,176.33506774902344,176.6902643223361,174.15455252434904,174.3913552582801,52517000.0
2023-10-17,174.78598022460938,176.03903666999224,172.46734930467605,174.29265257502803,57549400.0
2023-10-18,173.4934539794922,175.21023951884263,172.7731998689447,173.2369290366687,54764400.0
2023-10-19,173.1185760498047,175.466805839834,172.85217485644313,173.69082297603654,59302900.0
2023-10-20,170.57298278808594,173.07908076842247,170.33618008275127,172.97054807703984,64244000.0
2023-10-23,170.69137573242188,171.68789221712717,167.66233657820504,168.62926966195786,55980100.0
2023-10-24,171.12551879882812,171.35244533043914,169.16206908920728,170.74072378645857,43816600.0
2023-10-25,168.8167266845703,170.75056262830392,168.37271975850888,169.5863166088348,57157000.0
2023-10-26,164.6628875732422,169.09297489080478,163.45916701132384,168.09644349231945,70625300.0
2023-10-27,165.9751434326172,166.70527372020223,164.60369326977082,164.68262749452305,58499100.0
2023-10-30,168.01756286621094,168.88582454657922,166.61651382617845,166.76452118815135,51131000.0
2023-10-31,168.4911651611328,168.61942013954004,165.65945361827133,167.09011614768582,44846000.0
2023-11-01,171.6484375,171.90496247869652,167.849808268541,168.71806981976965,56934900.0
2023-11-02,175.20037841796875,175.40756758774253,173.11853525669227,173.17773216234193,77334800.0
2023-11-03,174.2926483154297,174.46039296073306,171.03669795189808,171.91482054448556,79829200.0
2023-11-06,176.8382110595703,177.03553909275448,173.85852313161243,174.02625271257716,63841300.0
2023-11-07,179.39370727539062,180.00542885763969,176.5817331247381,176.78892234542403,70530000.0
2023-11-08,180.4494171142578,181.00194176498167,179.16676200069597,179.91662978825056,49340300.0
2023-11-09,179.97581481933594,181.6629871195562,179.3838155582821,180.51847829944086,53763500.0
2023-11-10,184.15484619140625,184.32281184408907,181.3194195461175,181.75412225306079,66133400.0
2023-11-13,182.57412719726562,183.78930789371245,181.99123723697815,183.58184574005094,43627500.0
2023-11-14,185.18231201171875,185.84424013993512,184.05604376632093,185.43917491856425,60108400.0
2023-11-15,185.7454376220703,187.21749618530262,185.51821216432265,185.5873762590713,53790500.0
2023-11-16,187.4249725341797,188.6599164347462,186.37772744350028,187.28665942031617,54412900.0
2023-11-17,187.40524291992188,188.08693448765234,186.29873780998344,187.9584954748911,50922700.0
2023-11-20,189.14405822753906,189.59852434433026,187.59297608925786,187.6028502162522,46505100.0
2023-11-21,188.3437957763672,189.21320125507725,187.45464204586924,189.10452557023848,38134500.0
2023-11-22,189.00570678710938,190.60618938615343,188.53149251239262,189.18354656200316,39617700.0
2023-11-24,187.68185424804688,188.60064536615056,186.970525284031,188.57100791556658,24048300.0
2023-11-27,187.5040283203125,188.37343380166539,186.6247487130357,187.63246733233092,40552600.0
2023-11-28,188.106689453125,188.77850691885152,187.11873411970524,187.4941619704054,38415400.0
2023-11-29,187.089111328125,189.77635125162953,186.69393519378744,188.6006819007209,43014200.0
2023-11-30,187.662109375,188.02766309314677,185.92331344476767,187.55343368717286,48794400.0
2023-12-01,188.93658447265625,189.25272234216075,186.95078459310412,188.03754149609296,45704800.0
2023-12-04,187.14834594726562,187.7608884211111,185.19219887595256,187.69172432124148,43389500.0
2023-12-05,191.09030151367188,192.05849343193452,187.8893210956394,187.91897362196437,66628400.0
2023-12-06,190.0035400390625,192.41413792119363,189.79606282635905,192.10787423934497,41089700.0
2023-12-07,191.9300537109375,192.6512567588297,191.25823636118906,191.29776300970337,47477700.0
2023-12-08,193.35275268554688,193.62937898399056,191.3373152825971,191.86093042429425,53406400.0
2023-12-11,190.8531951904297,191.15947399253523,189.11439931154695,190.78404615931,60943700.0
2023-12-12,192.3647918701172,192.37466599656702,189.41079996137955,190.75441983366463,52696900.0
2023-12-13,195.57562255859375,195.61513413450965,192.50308121236986,192.74018081786602,70404200.0
2023-12-14,195.72381591796875,197.21562292408947,193.79730618821,195.63490356313392,66831600.0
2023-12-15,195.1903533935547,196.01034310022396,194.6272115859594,195.1508267360026,128538400.0
2023-12-18,193.53054809570312,194.26164038796966,192.0486152607036,193.72813612536964,55751900.0
2023-12-19,194.5679168701172,194.5777909959987,193.53056080250687,193.79731295132126,40714100.0
2023-12-20,192.4833221435547,195.2989855460905,192.4833221435547,194.5283816611859,52242800.0
2023-12-21,192.3351287841797,194.70623052718972,191.16934877699248,193.73803856316968,46482500.0
2023-12-22,191.2681427001953,193.0563392932213,190.64572606781581,192.82909873139974,37149600.0
2023-12-26,190.72474670410156,191.55462542072405,190.50739536284337,191.2779991818499,28919300.0
2023-12-27,190.82357788085938,191.1693682979628,188.78839218591511,190.1715387793259,48087700.0
2023-12-28,191.24838256835938,192.31537606668746,190.84331729052167,191.80163510638113,34049900.0
2023-12-29,190.21099853515625,192.05846979029215,189.4206314221306,191.56449222902597,42672100.0
2024-01-02,183.4040069580078,186.17028459685415,181.6750853181039,184.89581391743906,82488700.0
2024-01-03,182.03074645996094,183.64111826756874,181.22061595613366,182.0011090098209,58414500.0
2024-01-04,179.7189483642578,180.88472835710988,178.70135563320858,179.95604798314233,71983600.0
2024-01-05,178.99771118164062,180.5586821654936,177.99988188294327,179.79796753554595,62379700.0
2024-01-08,183.32498168945312,183.36450834315934,179.313885613353,179.89677561800764,59144500.0
2024-01-09,182.91004943847656,182.9199235647891,180.52907347198328,181.70474272826013,42841800.0
2024-01-10,183.9473876953125,184.1548498527509,181.70472508990332,182.12955368013527,46792900.0
2024-01-11,183.3546142578125,184.7970355796361,181.4083411771675,184.29316874581366,49128400.0
2024-01-12,183.68063354492188,184.49076406507768,182.95943045197853,183.81894667336306,40477800.0
2024-01-16,181.41822814941406,182.04062970854807,178.7507369031224,179.96593271976667,65603000.0
2024-01-17,180.4796600341797,180.72664884969066,178.12833676151584,179.08665457169852,47317400.0
2024-01-18,186.35800170898438,186.86185345428623,183.59172402252184,183.8485869578717,78005800.0
2024-01-19,189.252685546875,189.6379874512041,186.54569809210085,187.04954979006996,68903000.0
2024-01-22,191.5546417236328,192.97729968749402,189.94426985134535,189.98379650311966,60133900.0
2024-01-23,192.82908630371094,193.39222799671276,191.49535584528522,192.67102493067515,42355600.0
2024-01-24,192.1573028564453,194.01466361551059,191.99922639290756,193.06621990928542,53631300.0
2024-01-25,191.83126831054688,193.90598035718745,190.78403816176663,192.86862433386716,54822100.0
2024-01-26,190.1023712158203,192.41418317249008,189.62815685740148,191.9300946873343,44594000.0
2024-01-29,189.420654296875,189.88499446653958,187.29655655692048,189.69728055859,47145600.0
2024-01-30,185.77508544921875,189.48980657471878,185.21195883551243,188.64016451675863,55859400.0
2024-01-31,182.17892456054688,184.84641553917146,182.129538862794,184.78712556686926,55467800.0
2024-02-01,184.6093292236328,184.69824158324056,181.6059517240919,181.77390231724044,64885400.0
2024-02-02,183.6114959716797,185.07366557426653,177.0909850527091,177.6936383802958,102551700.0
2024-02-05,185.41944885253906,186.97054595458332,183.6016146657499,185.8837890630235,69668800.0
2024-02-06,187.01995849609375,187.02983262300086,184.52043256333454,184.6093449305071,43490800.0
2024-02-07,187.12860107421875,188.74884702540382,186.33823388644547,188.3437817688575,53439000.0
2024-02-08,186.05172729492188,187.25701874915856,185.09340956143063,187.10883150171134,40962000.0
2024-02-09,186.81341552734375,187.941120969739,185.9725760341758,186.6155602859614,45155200.0
2024-02-12,185.1317596435547,186.63537211912902,184.7756412965565,186.38806813077576,41781900.0
2024-02-13,183.0445098876953,184.2019058140478,181.53101071537256,183.76664838776776,56529500.0
2024-02-14,182.16409301757812,183.52921572281525,180.4725423642709,183.32148884677065,54630500.0
2024-02-15,181.87725830078125,182.50046922442786,179.39433152096026,181.57060374922136,65434500.0
2024-02-16,180.34393310546875,182.85654973235168,179.7108355866275,181.44196326564102,49752500.0
2024-02-20,179.60205078125,180.46266385305907,178.0588762686663,179.82956623009554,53665600.0
2024-02-21,180.3538818359375,180.91772714904744,178.71177953067104,179.97797489770463,41371400.0
2024-02-22,182.38172912597656,182.9653779737103,180.49233824441416,181.50132758611662,52292200.0
2024-02-23,180.55169677734375,183.04451006700117,180.2648157032703,183.0148347964746,45119700.0
2024-02-26,179.2063446044922,180.78908088671756,178.70183486744935,180.2746995194681,40867400.0
2024-02-27,180.66050720214844,181.93658908973126,177.62360710096542,179.1470080612827,54318900.0
2024-02-28,179.46353149414062,181.14519536218177,178.18744973320082,180.5417731107642,48953900.0
2024-02-29,178.80076599121094,180.6011460945577,177.59392143922238,179.31516246277232,136682600.0
2024-03-01,177.72251892089844,178.5831318593588,175.46710804516843,177.61370457626955,73563100.0
2024-03-04,173.2117156982422,174.99229230011673,171.9158301484072,174.25038035125658,81510100.0
2024-03-05,168.285400390625,170.1846930657021,167.7907924514621,168.91849794898403,95132400.0
2024-03-06,167.2961883544922,169.39333632878757,166.86093094295472,169.21526961759642,68587700.0
2024-03-07,167.17752075195312,168.88886037705046,166.67302597532623,167.32589712912582,71765100.0
2024-03-08,168.88880920410156,171.82678133583968,167.11811956465033,167.17747009753631,76267000.0
2024-03-11,170.8870391845703,172.49946586057737,170.1945911039721,171.07499261235472,60139500.0
2024-03-12,171.3618621826172,172.15323790323208,169.16580172767317,171.28272310113206,59825400.0
2024-03-13,169.28451538085938,171.32229764254458,168.91849524765144,170.90682879160028,52488700.0
2024-03-14,171.13436889648438,172.43023944819464,170.19461671040915,171.0453430786352,72913500.0
2024-03-15,170.75843811035156,170.75843811035156,168.4535633292171,169.32407812222547,121752700.0
2024-03-18,171.8466033935547,175.79358063684148,171.6487632139381,173.67665901704393,75604200.0
2024-03-19,174.18113708496094,174.70542030322298,171.16402557801365,172.45989598897214,55215200.0
2024-03-20,176.7432098388672,176.7432098388672,173.2018149693641,173.82502584048726,53423100.0
2024-03-21,169.52194213867188,175.57595436020992,168.9976588629672,175.14069690243886,106181300.0
2024-03-22,170.42208862304688,171.18378897881232,168.22602844508845,169.90769220539175,71160100.0
2024-03-25,169.00755310058594,170.085794876263,167.6226416976105,168.73057383883838,54288300.0
2024-03-26,167.8798370361328,169.57138777241732,167.7512341389727,168.16670300567833,57388400.0
2024-03-27,171.4409942626953,171.72787530814264,168.27550660374618,168.57227437363676,60273300.0
2024-03-28,169.6307373046875,170.37264922530974,168.67119667981044,169.89782982249778,65672700.0
2024-04-01,168.19638061523438,169.40322523760474,167.65230884379906,169.3438746978549,46240500.0
2024-04-02,167.0192108154297,167.51381877100314,166.41578850586058,167.25662806803024,49329500.0
2024-04-03,167.82049560546875,168.83938692190523,166.76204228878962,166.9697692049817,47691700.0
2024-04-04,166.99942016601562,170.06598011820813,166.99942016601562,168.45355351894443,53704400.0
2024-04-05,167.7512664794922,168.5525290979156,167.12805551216746,167.76115320647332,42104800.0
2024-04-08,166.6334228515625,167.37533481002382,166.4256959559663,167.20716991074772,37425500.0
2024-04-09,167.8402557373047,168.2458378687617,166.53449863101693,166.88071513080217,42373800.0
2024-04-10,165.97064208984375,167.2665125006067,165.30786924976792,166.97964653177021,49709300.0
2024-04-11,173.15234375,173.5678277091418,166.34654865134516,166.5246002673459,91070300.0
2024-04-12,174.6460723876953,176.43655077441642,172.33131077483722,172.38075949507746,101670900.0
2024-04-15,170.8276824951172,174.72519524382946,170.6397290741028,173.46888692512982,73531800.0
2024-04-16,167.55340576171875,171.88616144450353,166.45537543168857,169.89784277952464,73711200.0
2024-04-17,166.18826293945312,168.80967890645843,166.18826293945312,167.780901063059,50901200.0
2024-04-18,165.2386016845703,166.8213530127437,164.75389559967167,166.21793076697907,43122900.0
2024-04-19,163.22061157226562,164.60550769336635,162.31053482208006,164.41756936525925,68149400.0
2024-04-22,164.05157470703125,165.4562595890904,162.993121456103,163.73503344203667,48116400.0
2024-04-23,165.10011291503906,165.24850434331734,163.1414698344962,163.5668404824781,49537800.0
2024-04-24,167.197265625,167.4742448528629,164.41757152765254,164.7439994721628,48251800.0
2024-04-25,168.05789184570312,168.77012851479734,166.33665071301928,167.70177351115603,50558300.0
2024-04-26,167.47425842285156,169.49225225997063,167.35554224826544,168.04800546826704,44838400.0
2024-04-29,171.6289520263672,174.1316669492416,171.2332717193323,171.50034913417457,68169400.0
2024-04-30,168.4931640625,173.1029142716877,168.1667209693098,171.46081207960546,65934800.0
2024-05-01,167.47425842285156,170.84748833564953,167.28630498280754,167.75123767315736,50383100.0
2024-05-02,171.1640167236328,171.5498103000238,169.04709541575278,170.64962025703286,94214900.0
2024-05-03,181.40240478515625,184.98336128032037,180.69016817589636,184.63712970012278,163224100.0
2024-05-06,179.7504119873047,182.21354970089277,178.474315136007,180.38350950373416,78569700.0
2024-05-07,180.43299865722656,182.90603874350563,179.36465862288415,181.47167851231154,77305800.0
2024-05-08,180.76930236816406,181.09574539643793,179.49320552179933,180.878116710922,45057100.0
2024-05-09,182.57958984375,182.66861565405213,180.14611203583203,180.5912561815798,48983000.0
2024-05-10,181.3215789794922,183.34230991411323,180.4102677646858,183.15410154420678,50759500.0
2024-05-13,184.52105712890625,185.33332156582821,182.87672798687535,183.68899242379732,72044800.0
2024-05-14,185.6602020263672,186.52199740854093,184.53096697721375,185.73944844741243,52393600.0
2024-05-15,187.92860412597656,188.84981551266446,185.60078753373725,186.13569714479723,70400000.0
2024-05-16,188.04745483398438,189.29556710780693,187.86916171755817,188.67151097089564,52845200.0
2024-05-17,188.07717895507812,189.00830557822601,187.39369174809892,187.72057759120682,41282900.0
2024-05-20,189.23611450195312,190.10781001398533,187.22528381236822,187.54226949481966,44361300.0
2024-05-21,190.53379821777344,190.91019990246883,189.1172927090156,189.28568572066845,42309400.0
2024-05-22,189.0974578857422,190.99934196064652,188.47341681604038,190.45453220558076,34648500.0
2024-05-23,185.11541748046875,189.19651013997458,184.86777806929078,189.1766947549615,51005900.0
2024-05-24,188.1861572265625,188.78049792280623,186.26447277204775,187.03712172304932,36327000.0
2024-05-28,188.19606018066406,191.17763337385156,187.31446444482384,189.70169698060212,52280100.0
2024-05-29,188.4932098388672,190.43470949642946,187.72057607583483,187.81963788738682,53068000.0
2024-05-30,189.48374938964844,190.365345015264,188.82999288588945,188.95875509095092,49889100.0
2024-05-31,190.43470764160156,190.7516933437122,188.11680637508078,189.63235836586054,75158300.0
2024-06-03,192.19790649414062,193.14884852262287,190.7021698304424,191.07857147290113,50080500.0
2024-06-04,192.51487731933594,193.47571940906454,191.2073340206378,192.80213237542046,47471400.0
2024-06-05,194.02053833007812,195.04081158591265,193.02998059705732,193.55497498638144,54156800.0
2024-06-06,192.64366149902344,194.64459232913165,192.33659102362645,193.84224299284628,41181800.0
2024-06-07,195.03089904785156,195.08042995429523,192.3068654552658,192.8120444256859,53103900.0
2024-06-10,191.29647827148438,195.4370168860641,190.3356361933404,195.04078477848907,97010200.0
2024-06-11,205.1940155029297,205.2039307530545,191.80168667352532,191.82148694435384,172373300.0
2024-06-12,211.05812072753906,218.1207863262847,204.94636687125956,205.41193016487838,198134300.0
2024-06-13,212.21705627441406,214.7033502990969,209.60198493072278,212.71233505249734,97862700.0
2024-06-14,210.4835968017578,213.13828400218216,209.3048308005582,211.83075578674166,70122700.0
2024-06-17,214.62411499023438,216.88258512602053,210.71141546378874,211.35527186274084,93728300.0
2024-06-18,212.26658630371094,216.5656178731208,210.98877362098574,215.5354294813442,79943300.0
2024-06-20,207.7001190185547,212.2170745602359,206.87796947703916,211.90998899500866,86172500.0
2024-06-21,205.5308074951172,209.88925500861833,205.1543907600995,208.40341856791886,241805100.0
2024-06-24,206.17465209960938,210.69159220230495,204.63928484253907,205.75861973380415,80727000.0
2024-06-25,207.09588623046875,209.38407188516823,206.64022308060072,207.1751175381149,55549700.0
2024-06-26,211.23641967773438,212.83121810497767,208.6510635966682,209.5029437835443,66213200.0
2024-06-27,212.07839965820312,213.70291360533915,210.34492376459474,212.66282504623206,49772700.0
2024-06-28,208.63124084472656,214.0297919592074,208.31427026634478,213.7326216506115,82542700.0
2024-07-01,214.70338439941406,215.45620282037203,209.91898882948186,210.08738182701015,60402900.0
2024-07-02,218.1901397705078,218.29910171758146,213.068958487467,214.10903193760322,58046200.0
2024-07-03,219.45803833007812,219.45803833007812,216.96182895702523,217.92267103394255,37369800.0
2024-07-05,224.2028045654297,224.3117665065084,219.55708698216947,219.55708698216947,60412400.0
2024-07-08,225.66883850097656,225.69855401964364,221.14198303770854,224.94572057418634,59085900.0
2024-07-09,226.520751953125,227.23395478303794,224.23256583828456,225.77783359819173,48076100.0
2024-07-10,230.7801055908203,230.8791673967792,227.0853299721382,227.13486087511765,62627700.0
2024-07-11,225.42123413085938,230.19571462003094,223.6382271602243,229.20515687131274,64710600.0
2024-07-12,228.3631591796875,230.44333633793113,226.52072130415218,226.75846058686048,53046500.0
2024-07-15,232.18667602539062,234.98995561330963,230.88904809599066,234.24703747528295,62631300.0
2024-07-16,232.60276794433594,234.03907359612094,230.13627381333595,232.78106107648213,43234300.0
2024-07-17,226.71885681152344,229.27449755440023,224.50000206743292,227.28346685481674,57345900.0
2024-07-18,222.0631866455078,228.2640866473074,220.1712331922365,228.10559381010606,66034600.0
2024-07-19,222.19198608398438,224.65848009632384,221.1717129043359,222.6971801635164,49151500.0
2024-07-22,221.84527587890625,225.6291978658938,220.98348053112068,224.86646431913928,48201800.0
2024-07-23,222.88539123535156,224.7971755297642,220.577389891536,222.2514348874799,39960300.0
2024-07-24,216.47645568847656,222.67735606492835,215.0797809310421,221.88490694575157,61777600.0
2024-07-25,215.4363555908203,218.7646293872906,212.5934452947531,216.86274569098651,51391200.0
2024-07-26,215.9019775390625,217.41752971334827,213.9703778017031,216.63498061320394,41601300.0
2024-07-29,216.17929077148438,217.22927938341869,213.7127969665886,214.91137828370984,36311800.0
2024-07-30,216.7340087890625,218.24956072806748,214.07930652606245,217.1203256536185,41643800.0
2024-07-31,219.98301696777344,221.70659250258416,218.54671157945197,219.34906075635598,50036300.0
2024-08-01,216.2981719970703,222.36038006072013,214.97082835556836,222.25141811315143,62501000.0
2024-08-02,217.78399658203125,223.46980270062375,215.65430376795194,217.08069402896655,105568600.0
2024-08-05,207.29400634765625,211.4840610296135,194.14930192882554,197.21012147966275,119548600.0
2024-08-06,205.27325439453125,208.00720313955475,199.17143085232243,203.36148541473497,69660500.0
2024-08-07,207.83883666992188,211.62275945732517,204.4412156900116,204.94639470682978,63516400.0
2024-08-08,211.29583740234375,212.1774330540979,206.85814362500793,211.0977289070064,47161100.0
2024-08-09,214.19818115234375,214.7330756065884,209.96849596255686,210.09727328743648,42201600.0
2024-08-12,215.72543334960938,217.68900361003634,213.81145133020567,214.27755355785243,38028100.0
2024-08-13,219.43438720703125,220.04923895369578,217.19312608520667,217.19312608520667,44155300.0
2024-08-14,219.88064575195312,221.1797757696837,217.87739912826086,218.7401920302427,41960600.0
2024-08-15,222.85577392578125,223.48055242779947,220.9120269929499,222.73677426147512,46414000.0
2024-08-16,224.17474365234375,224.94827173921567,221.7946444270254,222.0624088054674,44340200.0
2024-08-19,224.01605224609375,224.11522871504155,221.18968933533225,223.84746435464618,40687800.0
2024-08-20,224.6309356689453,225.2854641390349,223.57973153152028,223.89708417115403,30299000.0
2024-08-21,224.52183532714844,226.08872985229075,223.1830436738614,224.64085012661386,34765500.0
2024-08-22,222.6673583984375,226.44574924370923,222.04257986640772,225.90030886909642,43695300.0
2024-08-23,224.9581756591797,226.32673228874265,222.46900358067504,223.78797197411373,38677300.0
2024-08-26,225.2953643798828,225.39454085782168,222.0326640536948,224.87885041051024,30602200.0
2024-08-27,226.1383056640625,226.95151036486342,223.02435510684418,224.12514736512034,35934600.0
2024-08-28,224.611083984375,227.95312221094204,223.80779089178384,226.02921369079436,38052200.0
2024-08-29,227.8837127685547,230.98775191089825,226.9812734022471,228.1911537968638,51906300.0
2024-08-30,227.1002655029297,228.4886453526855,225.59287085733376,228.28039594132485,52990800.0
2024-09-03,220.9219512939453,227.10026429068756,219.335218503661,226.65400042223428,50190600.0
2024-09-04,219.01788330078125,219.94016096302124,215.67582978550038,219.82116129878526,43840200.0
2024-09-05,220.53518676757812,223.60946073514918,219.6823205428289,219.79140861107143,36615400.0
2024-09-06,218.9881134033203,223.37144384512357,217.9468210396507,222.0921370424939,48423000.0
2024-09-09,219.07737731933594,219.4343914347755,214.91222272734436,218.98812757352732,67180000.0
2024-09-10,218.2840118408203,219.6426417511051,214.9320468059923,217.10388142289187,51591000.0
2024-09-11,220.8128662109375,221.2392917639212,216.08243282408242,219.6228241682371,44587100.0
2024-09-12,220.9219512939453,221.69547936785247,217.9964268983011,220.6541869199912,37455600.0
2024-09-13,220.6541748046875,222.18139254741286,220.06907298412548,221.72521710949164,36766600.0
2024-09-16,214.52545166015625,215.41797935337752,212.14535259122513,214.7436126542421,59357400.0
2024-09-17,214.9915313720703,215.10061943149995,212.7205355758407,213.96016573653907,45519300.0
2024-09-18,218.85919189453125,220.86243852013078,215.7353147340035,215.745241460142,59894900.0
2024-09-19,226.9713134765625,227.9134444812765,222.76649775953877,223.12351184232415,66781300.0
2024-09-20,226.30690002441406,231.15633305592988,225.7317097608303,228.06222073119503,318679900.0
2024-09-23,224.5912322998047,227.54650632766106,223.93670395169437,225.45401003818398,54146000.0
2024-09-24,225.48377990722656,227.44736512534206,223.85738561877668,226.75316007712865,43556100.0
2024-09-25,224.4920654296875,225.40443143928672,222.16156973744518,223.06400902085235,42308700.0
2024-09-26,225.63253784179688,226.60440369502516,223.54004142995942,225.41436171300208,36636700.0
2024-09-27,225.90029907226562,227.6159582791164,225.41437368594384,226.56475422029098,34026000.0
2024-09-30,231.0670928955078,231.0670928955078,227.7448775670891,228.13164162372897,54541900.0
2024-10-01,224.33340454101562,227.74485413807125,221.88389405688537,227.615942887257,63285000.0
2024-10-02,224.89866638183594,225.48376819979168,221.16986421787885,224.01605029183685,32880600.0
2024-10-03,223.7978973388672,224.92843958391967,221.46740141968138,223.2722952944607,34044200.0
2024-10-04,224.9185333251953,226.10857543260985,222.27068471823083,226.00939895190598,37245100.0
2024-10-07,219.85089111328125,223.81770763530983,219.49387702101052,222.63757729885364,39505400.0
2024-10-08,223.8970489501953,224.10529834651464,221.39795026893304,222.4392426471427,31855700.0
2024-10-09,227.63577270507812,227.84403724277382,222.96485445261254,223.36153007501719,33591100.0
2024-10-10,227.13992309570312,227.59611368544336,225.28544108575701,225.89038125247495,28183500.0
2024-10-11,225.66229248046875,227.5068628874906,225.4540279414576,227.39777482080956,31759200.0
2024-10-14,229.3811798095703,229.8076053434174,226.70358155060512,226.80274288926017,39882100.0
2024-10-15,231.91004943847656,235.51985237359267,230.4423162246621,231.67203496624026,64751400.0
2024-10-16,229.85720825195312,230.19438406287304,227.9332995992129,229.67870875165642,34082200.0
2024-10-17,230.22410583496094,231.91001494787182,228.6076384062416,231.4934859003546,32993800.0
2024-10-18,233.0504913330078,234.2206950473064,232.0686987091599,234.2206950473064,46431500.0
2024-10-21,234.51821899414062,234.8851598599691,232.5050605584077,232.5050605584077,36254500.0
2024-10-22,233.90333557128906,234.26034966164363,230.67038557078126,231.9496772340994,38846600.0
2024-10-23,228.84564208984375,233.18931106897517,225.87052966736016,232.1381071008503,52287000.0
2024-10-24,228.65724182128906,228.90516786821388,226.51515714412935,228.07212485007065,31109500.0
2024-10-25,229.4902801513672,231.28526239164006,227.6655479946858,227.83413589840254,38802300.0
2024-10-28,231.4637451171875,232.78271346714027,230.62080565968694,231.38442210065006,36087100.0
2024-10-29,231.7314910888672,232.3860194148962,230.3926996571207,231.16622763071734,35417200.0
2024-10-30,228.19114685058594,231.53318522639518,227.64570650368097,230.68031899274527,47070900.0
2024-10-31,224.03590393066406,227.92338265648337,223.50037517792762,227.43744214117888,64370100.0
2024-11-01,221.060791015625,223.4805517303345,218.44269248362247,219.13688241025088,65276700.0
2024-11-04,220.16822814941406,220.94175615916865,217.88732075932978,219.15670083339904,44944500.0
2024-11-05,221.5963134765625,222.0921656056809,219.30547906118858,219.9600075033543,28111300.0
2024-11-06,220.8723602294922,224.19457534628128,219.35505401685137,220.76327216240406,54561100.0
2024-11-07,225.59286499023438,225.9895557457087,222.7070172967094,222.7665171269793,42137700.0
2024-11-08,225.32481384277344,227.01256271730918,224.77877343219782,225.53329235935942,38328800.0
2024-11-11,222.61448669433594,224.07389700260043,219.90415975706793,223.3789433198207,42005600.0
2024-11-12,222.61448669433594,223.96468891324545,221.75075962779928,222.93218846295187,40398300.0
2024-11-13,223.49807739257812,225.0170530189228,221.15507983350162,222.39607398240116,48566200.0
2024-11-14,226.5757293701172,227.2210402122622,223.3789275067786,223.3987876531247,44923900.0
2024-11-15,223.37892150878906,225.28508648780175,222.65418524957263,224.76882873863602,47923700.0
2024-11-18,226.37716674804688,228.08477571151616,223.54769435597734,223.62711979019133,44633700.0
2024-11-19,226.6352996826172,228.50175961033486,225.02697621656037,225.34466282087314,36211800.0
2024-11-20,227.35011291503906,228.27340522879027,224.26251907255318,226.4168829534927,35169600.0
2024-11-21,226.87356567382812,228.50174921258224,224.08381355701644,227.2309725554499,42108300.0
2024-11-22,228.21383666992188,229.05771868234922,226.4168797117104,226.4168797117104,38168300.0
2024-11-25,231.19223022460938,231.5694972757357,228.08479132337303,229.79240040372403,90152800.0
2024-11-26,233.366455078125,233.87279036398945,231.6489234928732,231.6489234928732,45986200.0
2024-11-27,233.2373809814453,233.99191506726265,232.12545514826604,232.78070364946953,33498400.0
2024-11-29,235.62010192871094,236.0966394139658,232.28430923421996,233.11825362062933,28481400.0
2024-12-02,237.8638153076172,239.0551666028684,235.45133007089746,235.5605381566453,48137100.0
2024-12-03,240.90176391601562,241.01097200063165,237.17878168890522,238.08222901174219,38861000.0
2024-12-04,241.25917053222656,242.35125137710352,239.51185632927692,241.12017980186528,44383900.0
2024-12-05,241.28895568847656,242.77814859306412,240.38552350615552,242.2321233137982,40033900.0
2024-12-06,241.09039306640625,242.86750503393802,240.33587413565135,241.15989600483465,36870600.0
2024-12-09,244.97222900390625,245.45870413211114,240.0082527322972,240.08767817050534,44649200.0
2024-12-10,245.98489379882812,246.42172615122828,243.5723933612922,245.11122909402775,36914800.0
2024-12-11,244.714111328125,248.9930565140259,244.48575750906295,246.17352158557497,45205800.0
2024-12-12,246.17352294921875,246.9479020514793,243.9099357862414,245.11122473397327,32777500.0
2024-12-13,246.34228515625,247.49391610940148,244.46590277835176,246.0345210589055,33155300.0
2024-12-16,249.2313232421875,249.56888515433104,245.86574781090837,246.2033097230519,51694800.0
2024-12-17,251.65371704101562,252.00120141225344,247.98037791856115,248.2782195012147,51356400.0
2024-12-18,246.2628631591797,252.44797328398425,245.95509905753715,250.34325221557475,56774100.0
2024-12-19,247.99032592773438,250.184410158509,245.3097817058068,245.71683140567848,60882300.0
2024-12-20,252.656494140625,253.1628143156686,243.91989202858784,246.25295201238012,147495300.0
2024-12-23,253.43087768554688,253.80812962394884,251.62398284537375,252.93448000183187,40858800.0
2024-12-24,256.33978271484375,256.34969006633503,253.4507293352449,253.64930053302467,23234700.0
2024-12-26,257.1537780761719,258.2260137599804,255.77380863027113,256.329771467171,27237100.0
2024-12-27,253.74855041503906,256.8361595932908,251.23677948504655,255.9724022209019,42355300.0
2024-12-30,250.38294982910156,251.67358663649517,248.94339979921563,250.41273247360002,35557500.0
2024-12-31,248.6157989501953,251.4551941340452,247.63292614272083,250.6212497119267,39480700.0
2025-01-02,242.09312438964844,247.30529937932678,240.07775127221439,247.13651085819407,55740700.0
2025-01-03,241.60662841796875,242.42071256392975,240.14721833490813,241.60662841796875,40244100.0
2025-01-06,243.23484802246094,245.54806288478193,241.4478134561986,242.5498168429892,45045600.0
2025-01-07,240.4649658203125,243.78089861816605,239.61116122247878,241.22940732447114,40856000.0
2025-01-08,240.951416015625,241.9541489627904,238.32051453305579,240.17703689438372,37628900.0
2025-01-10,235.14353942871094,238.4296889806259,231.32127200767005,238.2807606174901,61710900.0
2025-01-13,232.71119689941406,232.9792558543989,228.06492247356016,231.84746989306117,49630700.0
2025-01-14,231.5992889404297,234.41882398797216,230.79512716232853,233.05869925952226,39435300.0
2025-01-15,236.15621948242188,237.2383779015073,232.74100113522098,232.94949481929564,39832000.0
2025-01-16,226.61546325683594,236.29521800986595,226.38712456587973,235.63998458586752,71759100.0
2025-01-17,228.3230438232422,230.61639839146835,226.83385097126646,230.44762501944012,68488300.0
2025-01-21,221.0359344482422,222.8031087860845,217.79942737812888,222.38613659782595,98070400.0
2025-01-22,222.21737670898438,222.5052806842356,218.2064751614249,218.2064751614249,64126500.0
2025-01-23,222.04859924316406,225.394314538592,220.69839703644928,223.1208199792776,60234800.0
2025-01-24,221.1749267578125,224.00439930767484,219.81480209957203,223.160517277336,54697900.0
2025-01-27,228.2039337158203,230.47742834163907,222.36629236472388,222.40601266103107,94863400.0
2025-01-28,236.5433807373047,238.4594833656038,229.14705946957608,229.1867797612423,75707600.0
2025-01-29,237.63548278808594,238.13188043636077,232.32402189200354,232.43322998057818,45486100.0
2025-01-30,235.8782501220703,239.0551923005359,235.50099817981376,236.9504709477128,55658300.0
2025-01-31,234.29966735839844,245.40904807772534,231.7581140684966,245.40904807772534,100959800.0
2025-02-03,226.3672332763672,230.15971829856622,224.0738787357251,228.33297872450572,73063300.0
2025-02-04,231.12274169921875,231.45036595591674,225.01704170433482,225.61272492539547,45067300.0
2025-02-05,230.7951202392578,230.99367626573292,226.625383087866,226.88350440739822,39620300.0
2025-02-06,231.5397186279297,232.11554171369926,228.7698112868805,229.62361584180033,29925300.0
2025-02-07,225.989990234375,232.31409120281862,225.62264568638093,230.9241838961893,39707200.0
2025-02-10,226.25833129882812,229.1803610121675,225.81108525741098,228.16660736242451,33115600.0
2025-02-11,231.19793701171875,233.7919821040532,226.7353950927951,226.8049592810601,53718400.0
2025-02-12,235.42198181152344,235.5114431570428,229.2698195612854,229.7866449882993,45243300.0
2025-02-13,240.05348205566406,240.85852795215618,234.1299251101732,235.4617298072221,53614100.0
2025-02-14,243.10470581054688,244.04889519264196,239.51677402617887,239.77517912233392,40896200.0
2025-02-18,242.97549438476562,243.68114548283563,240.36156738576827,242.65744334610832,48822500.0
2025-02-19,243.37306213378906,244.50609250836237,241.6735241546838,243.16435439309654,32204200.0
2025-02-20,244.32720947265625,245.2713989598738,242.7966152101895,243.44265077076676,32316900.0
2025-02-21,244.0489044189453,247.1697083342209,243.72091995824803,244.44645306890683,53197400.0
2025-02-24,245.5894317626953,247.33866705271078,242.92580728065096,243.43268408373555,51326400.0
2025-02-25,245.52980041503906,248.47171215983582,243.41283173998391,246.48393846255715,48013300.0
2025-02-26,238.89064025878906,243.48239258336395,237.66816369812489,242.83637220684057,44433600.0
2025-02-27,235.84934997558594,240.9778097055873,235.61081167459415,237.94645181292123,41153600.0
2025-02-28,240.36158752441406,240.61005923211764,228.7927454203557,235.5014815283524,56833400.0
2025-03-03,236.57485961914062,242.53818006191796,234.66659889731284,240.31186830369816,47184000.0
2025-03-04,234.4877166748047,238.60242278275774,233.24535811530478,236.25684921580154,53798100.0
2025-03-05,234.2988739013672,235.1039197629907,227.82866128733946,233.98082285378285,47227600.0
2025-03-06,233.89138793945312,236.4059203890797,231.73465535282332,233.00682927336524,45170400.0
2025-03-07,237.60853576660156,239.89446338205195,233.32487071745646,233.67273718007357,46273600.0
2025-03-10,226.08937072753906,234.71631625547707,222.84930513729455,234.10009611136832,72071200.0
2025-03-11,219.48995971679688,224.4593937721428,216.1206840338927,222.4418047589131,76137400.0
2025-03-12,215.653564453125,220.39440897367027,213.5962265598192,218.7942505386503,62547500.0
2025-03-13,208.39817810058594,215.5144112677834,207.14588618522245,214.6298526174969,61368300.0
2025-03-14,212.18490600585938,212.64208545758027,208.2988048386841,209.9585940343847,60107600.0
2025-03-17,212.6917724609375,213.904315554563,208.6864099217596,212.00598815128762,48073400.0
2025-03-18,211.38978576660156,213.83473880015984,210.19712464056028,212.85080057479257,42432400.0
2025-03-19,213.92422485351562,217.42269587202972,212.44332789190165,212.91045595477615,54385400.0
2025-03-20,212.7911834716797,216.16045933121794,210.92267131595005,212.6818553101102,48862900.0
2025-03-21,216.93568420410156,217.5021918152461,209.9884097524224,210.26669685360034,94127800.0
2025-03-24,219.38064575195312,220.1260609084734,217.24379503613238,219.64899945464327,44299500.0
2025-03-25,222.38218688964844,222.73005335992565,218.73462390108503,219.4204082670252,34493600.0
2025-03-26,220.1757354736328,223.64440576884627,219.12221792138408,222.1436270366165,34466100.0
2025-03-27,222.4815673828125,223.61459773398053,219.21167130142226,220.03659916949772,37094800.0
2025-03-28,216.5679473876953,222.44182255065115,216.34929105853038,220.31490521146458,39818600.0
2025-03-31,220.77207946777344,224.24073468961828,214.90813825561798,215.683368745432,65299300.0
2025-04-01,221.8256072998047,222.31260214779184,217.5618242432653,218.46626491168394,36412700.0
2025-04-02,222.52133178710938,223.81338775742097,219.66888130946384,219.96705040499884,35905900.0
2025-04-03,201.94786071777344,206.22157697816277,200.0197179050274,204.28348559152053,103419000.0
2025-04-04,187.22840881347656,198.65810753704542,186.19475800144227,192.70471987275084,125910900.0
2025-04-07,180.3507080078125,192.96311894309866,173.55251067175698,176.11674047268428,160466300.0
2025-04-08,171.365966796875,189.17641711488596,168.175598539417,185.55866963100107,120859500.0
2025-04-09,197.63438415527344,199.383619356675,170.8391909937331,170.89882177160354,184395900.0
2025-04-10,189.2559356689453,193.5892830219747,181.88129692496375,187.9141974958541,121880000.0
2025-04-11,196.9386749267578,198.32017705332044,184.92258644836306,184.96235041538483,87435900.0
2025-04-14,201.2819366455078,211.63823413237864,199.93025014088798,210.14740409782033,101352900.0
2025-04-15,200.90428161621094,202.26590170954893,198.57859009217825,200.6259945192588,51343900.0
2025-04-16,193.0823974609375,199.47308245703653,191.19400339685228,197.1473909296092,59732400.0
2025-04-17,195.77581787109375,197.61451451967758,193.2314700862815,195.99447418061752,52164700.0
2025-04-21,191.97918701171875,192.6152739871965,188.64966000796989,192.08851517151226,46742500.0
2025-04-22,198.51895141601562,200.35763286451953,194.7719939992729,194.92107095045932,52976400.0
2025-04-23,203.3492431640625,206.7284521815966,201.56024391015845,204.74067860292737,52929200.0
2025-04-24,207.09620666503906,207.5534013078127,201.69940812530302,203.6374845300284,47311000.0
2025-04-25,208.00064086914062,208.46776890662989,204.9394675201618,205.10842646651815,38222300.0
2025-04-28,208.85537719726562,210.2070638884643,206.1917677806294,208.71623364812058,38743100.0
2025-04-29,209.91883850097656,210.94254069563792,207.09618845243054,207.4142395090872,36827600.0
2025-04-30,211.20095825195312,212.2743578831654,205.4065960245207,208.0205233254963,52286500.0
2025-05-01,212.0159454345703,213.2483553954001,207.62295230903422,207.80185982414434,57365700.0
2025-05-02,204.09466552734375,205.72463931330321,200.92416412992952,204.83013207172814,101010600.0
2025-05-05,197.67416381835938,202.8523212109494,196.99832800962005,201.85843431656065,69018500.0
2025-05-06,197.2964630126953,199.42338015596502,195.81558138809015,196.9983091053983,51216500.0
2025-05-07,195.05029296875,198.2207944248892,192.0686324392914,197.9524407308952,68536700.0
2025-05-08,196.28273010253906,198.82707814993435,193.48989516366862,196.51131984408346,50478900.0
2025-05-09,197.31634521484375,199.31405222350435,196.3323918231404,197.7834732241415,36453900.0
2025-05-12,209.776123046875,210.2538252478288,205.75556156059073,209.95526516858178,63775800.0
2025-05-13,211.90585327148438,212.37359390520234,207.9947628663851,209.41787763911134,51909300.0
2025-05-14,211.30873107910156,212.91098786371114,209.56714827780408,211.40824098508043,49325800.0
2025-05-15,210.43295288085938,211.93569971673273,208.53213606160298,209.93535780893234,45029500.0
2025-05-16,210.24388122558594,211.54759317457453,208.76105751069144,211.33859654598928,54737900.0
2025-05-19,207.77581787109375,208.47244800462508,203.27755371752323,206.9100072183761,46140500.0
2025-05-20,205.8650360107422,207.46729276724128,204.04383620537516,206.67113760639387,42496600.0
2025-05-21,201.11798095703125,206.04416933851562,199.74462882701684,204.1831685508297,59211800.0
2025-05-22,200.39149475097656,201.77480849030061,198.7394754118135,199.7446272097534,46742400.0
2025-05-23,194.33078002929688,196.74908474491085,192.52948833207407,192.73846975457602,78432900.0
2025-05-27,199.2470245361328,199.77447409530296,196.48038197740732,197.34620772495165,56288500.0
2025-05-28,199.4560089111328,201.75489573800118,198.9385057789635,199.6251894151235,45339700.0
2025-05-29,198.98826599121094,202.8297005493605,197.55518975609246,202.60081106845576,51396800.0
2025-05-30,199.88394165039062,200.98860329086406,195.83351057352263,198.4110493394953,70819900.0
2025-06-02,200.7298583984375,201.15779807678393,199.15745607510846,199.31669015009302,35423300.0
2025-06-03,202.2923126220703,202.78990771325485,199.99342573046133,200.38154929416936,46381600.0
2025-06-04,201.84446716308594,205.24801554678163,201.1279290627925,201.9340306292736,43604000.0
2025-06-05,199.66500854492188,203.76518718349973,199.18730633012683,202.52119947175674,55126100.0
2025-06-06,202.93917846679688,204.7106157617459,201.07817770068002,202.0236053289331,46607700.0
2025-06-09,200.48106384277344,205.0091823144686,199.05794913802782,203.40692547634254,72862600.0
2025-06-10,201.69517517089844,203.36710243054736,199.60528507808198,199.63513956616538,54672600.0
2025-06-11,197.82391357421875,203.51640292967522,197.45569804682734,202.5212126953003,60989900.0
2025-06-12,198.24188232421875,198.71956936233477,196.4107360236097,198.12246436103902,43904600.0
2025-06-13,195.50511169433594,199.40625545491926,194.7587190445596,198.769334334526,51447300.0
2025-06-16,197.46563720703125,197.73434281232372,195.61458283187793,196.3510290449251,43020700.0
2025-06-17,194.69900512695312,197.4357781067605,194.27108064091922,196.25149936947125,38856200.0
2025-06-18,195.6344757080078,196.6197193940347,194.13174409281177,194.9975546383106,45394700.0
2025-06-20,200.03323364257812,200.72986375748766,195.9131467510872,197.28651411005004,96813500.0
2025-06-23,200.53082275390625,201.3269779408771,198.00304635957568,200.6602023375907,55814300.0
2025-06-24,199.33657836914062,202.4614746491071,199.23705328583006,201.61555699715424,54064000.0
2025-06-25,200.59051513671875,202.6903668657116,199.65503400834336,200.4810436177515,39525700.0
2025-06-26,200.03323364257812,201.66534499125092,198.5006473897771,200.461158146952,50799100.0
2025-06-27,200.1128387451172,202.24254507531293,199.03803155248616,200.91894034324127,73188600.0
2025-06-30,204.18316650390625,206.39248990855162,198.3015889216639,201.03836190454115,91912800.0
2025-07-01,206.82041931152344,209.17901505124104,205.1484920031366,205.6759415551798,78788900.0
2025-07-02,211.41819763183594,212.3138626915596,207.13887695509675,207.90517762155153,67941800.0
2025-07-03,212.5228729248047,213.61757304735917,210.79123648824356,211.12959751601144,34955800.0
2025-07-07,208.94017028808594,215.18996325511674,207.79570768244494,211.65703516300363,50229000.0
2025-07-08,208.99989318847656,210.41306148236814,207.44739887083225,209.08947184941582,42848900.0
2025-07-09,210.12442016601562,210.31350869943435,206.22327711077955,208.5221636267763,48749400.0
2025-07-10,211.3883514404297,212.45319704499605,209.0197939340788,209.49748097232364,44443600.0
2025-07-11,210.14434814453125,211.1096837700706,208.85059795908091,209.55718962168862,39765800.0
2025-07-14,207.61656188964844,209.89555581124029,206.54175471753558,208.92025854176603,38840100.0
2025-07-15,208.10423278808594,210.8708604550018,207.915144211828,208.2137043224775,42296300.0
2025-07-16,209.14915466308594,211.37837076419683,207.63646146204943,209.28848066940537,47490500.0
2025-07-17,209.0098419189453,210.78127919114968,208.58190225319882,209.5571995447156,48068100.0
2025-07-18,210.16424560546875,210.77131219576944,208.69136845628208,209.85573909301036,48974600.0
2025-07-21,211.45799255371094,214.74212298846783,210.61209006251647,211.07983063398711,51377400.0
2025-07-22,213.36875915527344,213.91611676733493,211.20919838168209,212.1148250502387,46404100.0
2025-07-23,213.11996459960938,214.11515474984876,211.38834345684663,213.96588230147148,46989300.0
2025-07-24,212.73184204101562,214.65256693634578,212.50295255730364,212.87116805528336,46022600.0
2025-07-25,212.85128784179688,214.20474714033003,212.37358560556336,213.66733592091674,40268800.0
2025-07-28,213.02044677734375,213.8166019050196,212.03520309848784,213.00053872316795,37858000.0
2025-07-29,210.2538299560547,213.7767964509494,209.80599741985404,213.14982178903043,51411700.0
2025-07-30,208.04449462890625,211.36842593737322,206.72088996610802,210.88077731884883,45512500.0
2025-07-31,206.5716094970703,208.83068001568543,206.16357792510368,207.48718253646683,80698400.0
2025-08-01,201.40660095214844,212.5527283441607,200.530828701964,209.8557561748323,104434500.0
2025-08-04,202.37193298339844,206.88014336875773,200.70995198839026,203.52634207300898,75109300.0
2025-08-05,201.94398498535156,204.35234334482283,201.18764593221573,202.42167200915333,44155100.0
2025-08-06,212.22430419921875,214.3440641251077,204.60114383647723,204.6409599471833,108483100.0
2025-08-07,218.97169494628906,219.78775818606874,215.53829184895108,217.82723230897543,90224800.0
2025-08-08,228.2468719482422,229.88892965735022,218.19544514014734,219.76784743364436,113854000.0
2025-08-11,226.34388732910156,228.71513292468896,223.9327956372812,227.08116933177635,61806100.0
2025-08-12,228.80477905273438,229.95055565919736,226.23428798669784,227.17081559543826,55626200.0
2025-08-13,232.47125244140625,234.1351043372746,229.58191650034667,230.2195756343437,69878500.0
2025-08-14,231.92327880859375,234.25466305951576,230.0003892485326,233.1985666998313,51916300.0
2025-08-15,230.73765563964844,233.417757832359,228.49593650929467,233.1387895567921,56038700.0
2025-08-18,230.0402374267578,232.26202593201924,229.26310933608104,230.8472538899505,37476200.0
2025-08-19,229.71145629882812,232.0129522601839,228.50591803460907,230.42880766374827,39402600.0
2025-08-20,225.17819213867188,229.6217843388592,224.93908515924198,229.13358225147155,42263900.0
2025-08-21,224.072265625,225.6863136691638,222.95639256938466,225.43723377620466,30621200.0
2025-08-22,226.92173767089844,228.2468445109381,224.5803958248437,225.33759321802492,42477800.0
2025-08-25,226.323974609375,228.45609804536198,225.3973894325087,225.6464693442017,30983100.0
2025-08-26,228.46604919433594,228.6453946309622,223.86305742355088,226.03502689374838,54575100.0
2025-08-27,229.64170837402344,230.05018785299507,227.41990473660533,227.76862267507164,31259500.0
2025-08-28,231.70408630371094,232.55096405412047,228.4959359400532,229.9704999102399,38074700.0
2025-08-29,231.28562927246094,232.52107103838586,230.51845893056873,231.65426265633033,39418400.0
2025-09-02,228.87454223632812,230.00038826150748,226.1346633063032,228.4062708029861,44075600.0
2025-09-03,237.59234619140625,237.9709525201245,233.49747185558658,236.33698891571112,66427800.0
2025-09-04,238.89752197265625,239.01707546456905,235.86871695735925,237.57241502764154,47549400.0
2025-09-05,238.80783081054688,240.43183651086895,237.61225041390915,239.11668743272676,54870400.0
2025-09-08,237.00450134277344,239.2661357937392,235.4701607098454,238.41927329094256,48999500.0
2025-09-09,233.4875030517578,237.90119155812317,232.5011411802574,236.12774389612645,66313900.0
2025-09-10,225.95533752441406,231.56462228661692,225.11843262708078,231.33547301291114,83440800.0
2025-09-11,229.1833953857422,229.60184779162614,225.81583028738913,226.04499474029723,50208600.0
2025-09-12,233.2085418701172,233.6469097348115,228.17712472443904,228.37638560886936,55824200.0
2025-09-15,235.828857421875,237.31337916896246,234.16500543557729,236.12775635652346,42699500.0
2025-09-16,237.2735137939453,240.33222235518573,235.45026224943368,236.30708253667353,63421100.0
2025-09-17,238.11044311523438,239.21635855568803,236.85507060288438,238.09051246512186,46508000.0
2025-09-18,237.00450134277344,240.31227437025743,235.77901734043184,239.0868055705458,44249600.0
2025-09-19,244.59645080566406,245.3935094903633,239.32592704772566,240.342162048153,163741300.0
2025-09-22,255.13751220703125,255.69547916115815,247.2068166293636,247.38616206443075,105517400.0
2025-09-23,253.49359130859375,256.3928850249964,252.64672876089196,254.9382669065294,60275200.0
2025-09-24,251.38140869140625,254.79879299943292,250.11607847800005,254.2807025242173,42303700.0
2025-09-25,255.9246368408203,256.2235509944071,250.78363873545524,252.27811828759639,55202100.0
2025-09-26,254.51980590820312,256.6519291955366,252.84598111295833,253.16481067495934,46076300.0
2025-09-29,253.49359130859375,254.06150078407975,252.07881928540593,253.62311772285494,40127700.0
2025-09-30,253.69287109375,254.97811672142575,252.17846100632588,253.92202035086734,37704300.0
2025-10-01,254.50985717773438,257.8375764362911,253.99176669154556,254.10136246357334,48713900.0
2025-10-02,256.18365478515625,257.229778167004,253.21461153357077,255.63566078088252,42630200.0
2025-10-03,257.07037353515625,258.2858846694617,253.01536064819075,253.73271197999827,49155600.0
2025-10-06,255.7452850341797,258.1165305885388,254.1113214696764,257.0404883747525,44664100.0
2025-10-07,255.5360565185547,256.45265350411205,254.48990271764998,255.86482860124664,31955800.0
2025-10-08,257.1102600097656,257.5685585594684,255.16742442767125,255.57591915435188,36496900.0
2025-10-09,253.1050262451172,257.0504585775582,252.2083446799687,256.8611554198282,38322000.0
2025-10-10,244.3673095703125,255.436420799504,243.10197943699816,254.00171816056968,61999100.0
2025-10-13,246.74850463867188,248.77103211910116,244.6562274921306,248.46217548947354,38142900.0
2025-10-14,246.8581085205078,247.93413549962378,243.79940008876653,245.69241642712313,35478000.0
2025-10-15,248.42233276367188,250.89321639065437,246.559219921403,248.57178982967116,33893600.0
2025-10-16,246.53929138183594,248.1234359576197,244.22783772705108,247.33635013275978,39777000.0
2025-10-17,251.36146545410156,252.44746537322095,246.35995200283696,247.10719170360767,49147000.0
2025-10-20,261.27484130859375,263.4069798400544,254.68918336894043,254.94822099113512,90483000.0
2025-10-21,261.80291748046875,264.3136625920602,260.86637452698056,260.91620875530236,46695900.0
2025-10-22,257.4988098144531,261.882609922878,254.4899051977633,261.6833338430701,45015300.0
2025-10-23,258.6246337890625,259.6608147081683,257.0604350924048,258.98332466328685,32754900.0
2025-10-24,261.85272216796875,263.15789839957887,258.22610426270086,260.2287163700197,38253700.0
2025-10-27,267.8206787109375,268.1295353654346,263.67598537979285,263.90514984178776,44888200.0
2025-10-28,268.0099792480469,268.89671830922975,267.1631014853557,268.00000632210845,41534800.0
2025-10-29,268.7073974609375,270.4110953948544,266.1269030442272,268.28892986747474,51086700.0
2025-10-30,270.401123046875,273.1310593223432,267.49188695276854,270.98894793982623,69886500.0
2025-10-31,269.37493896484375,276.29937269597025,268.16940070155243,275.9705701844509,86167100.0
2025-11-03,268.05975341796875,269.8531467885877,265.2700709373508,269.424736694289,50194600.0
2025-11-04,269.0461730957031,270.49081837885313,266.6350661079627,267.3424445625432,49274800.0
2025-11-05,269.14581298828125,270.7000692568828,265.94760492323326,267.6214146886098,43683100.0
2025-11-06,268.7771301269531,272.3937751745226,266.90407480138714,266.90407480138714,51204000.0
2025-11-07,267.48193359375,271.2878818962731,265.7881780523408,268.80702532983145,48227400.0
2025-11-10,268.6986083984375,272.9869540449525,266.7339548671466,268.22988302493957,41312400.0
2025-11-11,274.5028076171875,275.16101963639426,269.0675899882029,269.07757258136417,46208300.0
2025-11-12,272.7276611328125,274.9815360542478,270.9624767916609,274.2535066981436,48398000.0
2025-11-13,272.2090759277344,275.9488963676571,271.3513946141157,273.36590026791555,49602800.0
2025-11-14,271.6705017089844,275.21085247368256,268.8681323529343,270.31417782757546,47431300.0
2025-11-17,266.73394775390625,269.7557213346742,265.00866346949266,268.09027174019775,45018300.0
2025-11-18,266.7140197753906,269.9751321987233,264.59977951795884,269.2570854665072,45677300.0
2025-11-19,267.8309631347656,271.47104873805114,264.77927226211665,264.80918960656476,40424500.0
2025-11-20,265.5272521972656,274.68232536305425,265.1981613886433,270.09480618650156,45823600.0
2025-11-21,270.75299072265625,272.5879921198442,264.9488130991126,265.2280517805383,59030800.0
2025-11-24,275.1709899902344,276.24804478801667,270.16459800357205,270.16459800357205,65585800.0
2025-11-25,276.2181701660156,279.6189174225992,274.50283786370125,274.52277261748515,46914200.0
2025-11-26,276.79656982421875,278.7712060098946,275.8790842359358,276.2081750495132,33431400.0
2025-11-28,278.0930480957031,278.242634823177,275.2407959413455,276.50736791500816,20135600.0
2025-12-01,282.3315124511719,282.65065109438723,275.3904143522869,277.2553332443013,46587700.0
2025-12-02,285.4131164550781,286.619823290159,281.86278279875575,282.231773534172,53669500.0
2025-12-03,283.378662109375,287.8365294074879,282.5309633672564,285.4231155973949,43538700.0
2025-12-04,279.9380187988281,283.95707766942763,277.83373081751637,283.3287830094401,43989100.0
2025-12-05,278.0232238769531,280.37683325787106,277.2951945750906,279.77845592816414,47265800.0
2025-12-08,277.1356506347656,278.9108174051644,275.4003533668138,277.374989388386,38211800.0
2025-12-09,276.42755126953125,279.26982065807096,276.16827776921565,277.4049018876359,32193300.0
2025-12-10,278.0232238769531,278.9905919368044,275.68957968235776,276.9960211276047,33038300.0
2025-12-11,277.2752685546875,278.8310314000742,273.0667227973629,278.34237127554803,33248000.0
2025-12-12,277.52459716796875,278.4620479370953,276.0685689150702,277.14562382282355,39532900.0
2025-12-15,273.3658752441406,279.3894873363706,272.0993337942639,279.3894873363706,50409100.0
2025-12-16,273.8645324707031,274.752131096348,271.0522107383373,272.07941349564567,37648600.0
2025-12-17,271.10205078125,275.41033087528734,270.9026119684932,274.2634587890498,50138700.0
2025-12-18,271.4511413574219,272.88723490520505,266.22537510199504,272.8672697170699,51630700.0
2025-12-19,272.9271240234375,273.8545921928022,269.1673383776201,271.4112306527045,144632000.0
2025-12-22,270.23443603515625,273.13654030849926,269.7756932559407,272.1192896847017,36571800.0
2025-12-23,271.62066650390625,271.7603010837797,268.8282792538215,270.1048034873943,29642000.0
2025-12-24,273.06671142578125,274.6823088952694,271.46109654935304,271.60070067851706,17910600.0
2025-12-26,272.6578369140625,274.6224904749486,272.11929424741834,273.41578359787746,21521800.0
2025-12-29,273.0168762207031,273.61522314661676,271.6107000753325,271.9497734782625,23715200.0
2025-12-30,272.3387145996094,273.3360001129787,271.54089836280934,272.0694584675055,22139600.0
2025-12-31,271.12200927734375,272.9370761103812,271.0123224859311,272.3187639976345,27293600.0
2026-01-02,270.2743225097656,277.0857683126949,268.2697691424855,271.52092924369913,37838100.0
2026-01-05,266.5345153808594,270.7729784841199,265.41756056202854,269.9053450243044,45647200.0
2026-01-06,261.6477966308594,266.82371056256306,261.40845786144683,266.27521573774703,52352100.0
2026-01-07,259.623291015625,262.964203143993,259.1047135716701,262.48552563718374,48309800.0
2026-01-08,258.3368225097656,258.58614386359903,255.00587765735156,256.3222864925608,50419300.0
2026-01-09,258.6659240722656,259.5036402038468,255.52448097015204,258.3767027680543,39997000.0
2026-01-12,259.5435485839844,260.59068617382866,256.1029014720883,258.4565110528425,45263800.0
2026-01-13,260.34136962890625,261.0993163539261,257.68861696081353,258.01770778709204,45730800.0
2026-01-14,259.2543029785156,261.1092696408236,256.0131254420647,258.78557762508564,40019400.0
2026-01-15,257.5090637207031,260.3313985459844,256.35220896361545,259.9424426175537,39388600.0
2026-01-16,254.8363494873047,258.1971965798445,254.23797213114116,257.1999111311508,72142800.0
2026-01-20,246.0303192138672,254.09835490933511,242.75922413209136,252.04394930256512,80267500.0
2026-01-21,246.9777374267578,250.87712721718017,244.51444112970407,248.02489020045314,54641700.0
2026-01-22,247.67584228515625,250.31864258405668,247.47637302553753,248.52352576906395,39708300.0
2026-01-23,247.36666870117188,248.73296007338791,244.0157890837153,246.64863719927277,41689000.0
2026-01-26,254.7166748046875,255.86354695988197,249.12190294519746,250.7973351598156,55969200.0
2026-01-27,257.5688781738281,261.23891141767155,257.50904348719195,258.4664593428383,49648300.0
2026-01-28,255.743896484375,258.15731035497566,253.8191275531099,256.95060341967536,41288000.0
2026-01-29,257.5788879394531,258.94516415300217,253.7193980705993,257.29964922744847,67253000.0
2026-01-30,258.775634765625,261.1890484668085,251.49543285360957,254.47732177254832,92443400.0
2026-02-02,269.2770690917969,269.7557466562268,258.50636737104884,259.3241487899344,73913400.0
2026-02-03,268.7485046386719,271.1419837262723,266.88355520832346,268.4692659190308,64394700.0
2026-02-04,275.7394104003906,278.19275421850585,271.55083028665655,271.55083028665655,90545700.0
2026-02-05,275.1610412597656,278.7412924914769,272.48832346973,277.37501624935936,52977400.0
2026-02-06,277.364990234375,280.1474248180158,276.1782182606431,276.3677049075235,50453400.0
2026-02-09,274.13079833984375,277.70443813431814,271.2160169672847,277.41494619870406,44623400.0
2026-02-10,273.19244384765625,274.87943562430115,272.4537718732244,274.40031021957236,34376900.0
2026-02-11,275.00921630859375,279.6808719096702,273.9610989943363,274.2106536370846,51931300.0
2026-02-12,261.2637939453125,275.22886395053104,259.7165366668213,275.09909064411113,81077200.0
2026-02-13,255.32435607910156,261.7628783299504,254.9949421084194,261.5432690161623,56290700.0
2026-02-17,263.4099426269531,265.8156532326085,255.08478749757862,257.5903108294174,58469100.0
2026-02-18,263.8791198730469,266.3447212846438,261.9825104325609,263.13045584681157,34203300.0
2026-02-19,260.11578369140625,264.00886051677537,259.5867290635135,262.13220471573277,30845300.0
2026-02-20,264.1086730957031,264.2783836675007,257.7001265171608,258.50868117461044,42070500.0
2026-02-23,265.705810546875,268.95002088588865,262.91081074777924,263.0206001676805,37308200.0
2026-02-24,271.6552429199219,274.4003442568012,267.233111068832,267.38283777638213,47014600.0
2026-02-25,273.74151611328125,274.45024283739696,270.567157599074,271.29586819299504,33714300.0
2026-02-26,272.4637756347656,275.61811956353745,270.31758130113775,274.4602128097023,32345100.0
2026-02-27,263.7093811035156,272.3240124520744,262.4217010495403,272.3240124520744,72366500.0
2026-03-02,264.2484130859375,266.05518620599753,259.73647625260065,261.94253069595567,41827900.0
2026-03-03,263.2801818847656,265.08695529305965,259.6666350681776,263.0106738027697,38568900.0
2026-03-04,262.0523376464844,265.67587606267574,260.95432154975975,264.17854815272653,39803100.0
2026-03-05,259.8263244628906,261.09405110124777,256.79173142961054,260.3254337562426,49658600.0
2026-03-06,257.0013427734375,258.3090066542827,253.916851068475,258.16927189629365,41120000.0
2026-03-09,259.41705322265625,260.68477987096253,253.22808575123491,255.2345148744848,38218500.0
2026-03-10,260.3653564453125,262.01244158439727,256.4922936817907,257.19102845716964,30590800.0
2026-03-11,260.3453674316406,261.6630231774062,259.08760235948154,260.62486739620806,26218900.0
2026-03-12,255.30438232421875,258.48871731031414,253.72719511663234,258.1992253881205,40794000.0
2026-03-13,249.6744384765625,255.87336762960538,249.07551643845036,255.024890934378,36930000.0
2026-03-16,252.36964416503906,253.43773019062647,249.4348789230203,251.66090222791988,32074200.0
2026-03-17,253.77711486816406,254.67552076289968,251.7307636559193,252.5093881906664,32361600.0
2026-03-18,249.49476623535156,254.48585937367065,248.55643828829037,252.1799767808244,35757900.0
2026-03-19,248.5165252685547,251.38140795985734,246.85947863088072,248.95572868612365,34864100.0
2026-03-20,247.54823303222656,248.75606899357115,245.56177255944445,247.53824109812177,88331100.0
2026-03-23,251.04200744628906,254.14646797882926,249.83415620831627,253.51758537106093,40546100.0
2026-03-24,251.1917266845703,254.37604644028636,249.10545347620703,249.90403139868116,45152300.0
2026-03-25,252.16998291015625,254.5457480998694,251.15181088451408,253.6473574345128,28476700.0
2026-03-26,252.43951416015625,256.5421934269488,250.32329549316128,251.67088153367666,41796700.0
2026-03-27,248.35679626464844,255.03488128462607,247.6281009352486,253.4477020992108,47900000.0
2026-03-30,246.19065856933594,250.4230956915925,245.07264337813007,249.62453299565456,39446200.0
2026-03-31,253.337890625,255.02488248828539,246.65982101631488,247.46837564153284,49598100.0
2026-04-01,255.17462158203125,255.7236296181179,252.8787157917901,253.62737973002484,40059400.0
2026-04-02,255.464111328125,255.6737439434535,250.20349485503914,253.74717405681358,31289400.0
2026-04-06,258.3988342285156,261.6929736576745,256.003115847535,256.053045051996,29329900.0
2026-04-07,253.0484161376953,255.7436185540334,245.2623079794448,255.70368128016966,62148000.0
2026-04-08,258.43878173828125,259.2872736156141,256.0730086009651,257.98960165960847,41032800.0
2026-04-09,260.02593994140625,260.65482250105316,255.6138310165902,258.5386040524215,28121600.0
2026-04-10,260.0159912109375,261.7229364827484,258.5585701252562,259.5168819122501,31291500.0
2026-04-13,258.73828125,259.71651601158027,256.2027973984465,259.2673359057164,36234700.0
2026-04-14,258.368896484375,261.4633801130582,256.73183388682423,258.78816168339415,48370700.0
2026-04-15,265.95538330078125,266.08515659729386,257.35074355126085,257.7001261657452,49913500.0
2026-04-16,262.9307556152344,266.6840670491935,260.804545264895,266.3246925362851,43323100.0
2026-04-17,269.7486267089844,271.8149160854778,266.24486962975914,266.4844323486072,61436200.0
2026-04-20,272.5635681152344,273.7913879220191,269.80850557942483,269.84841238867654,36590200.0
2026-04-21,265.69586181640625,272.3140256362382,264.9272139873882,271.0163536236942,50209800.0
2026-04-22,272.68341064453125,273.2523721409737,266.39461467279705,267.3429346055621,43249200.0
2026-04-23,272.9429016113281,275.2787294551341,271.1660737405759,274.56001085217736,33399600.0
2026-04-24,270.5771179199219,272.5735550213531,269.16962610782736,272.2741016414235,38157100.0
2026-04-27,267.1332702636719,267.88193422863776,264.59781690250213,265.6159889280984,41466800.0
2026-04-28,270.2277526855469,272.7432830913257,268.181416710472,271.8548539018017,40018900.0
2026-04-29,269.688720703125,270.55716597281076,266.56429174844374,267.07336249706583,30047900.0
2026-04-30,270.86663818359375,275.50834883767226,267.6623648300734,270.018146234023,91848200.0
2026-05-01,279.6409606933594,286.7083346607987,277.87409435408995,278.36321169794013,79915400.0
2026-05-04,276.33685302734375,280.13010214166496,274.3703610857382,279.16182884121525,46668400.0
2026-05-05,283.67376708984375,284.0630869835518,276.00745521106614,276.43668191704,49311700.0
2026-05-06,286.9978332519531,287.5168959460148,280.5693031693742,281.4177950537395,58336100.0
2026-05-07,286.9279479980469,291.60959552514373,285.2709015174152,288.75467457606095,45224300.0
2026-05-08,292.7974853515625,294.2349225642168,289.48339230776435,289.49338424193445,52692800.0
2026-05-11,292.42779541015625,293.6267735875138,289.979924827367,291.72841688276577,42247300.0
2026-05-12,294.54595947265625,295.0155556946294,292.3078994315659,292.3078994315659,45748100.0
2026-05-13,298.6124572753906,300.6607090744109,293.24708951115105,293.24708951115105,52684300.0
2026-05-14,297.9530334472656,300.1911240450107,295.12548538387824,299.5616620172475,35324900.0
2026-05-15,299.9713134765625,302.93875555297063,296.26448829773227,297.643304079477,54862800.0
2026-05-18,297.5833435058594,300.4009207908792,294.6558756451712,299.98126929450746,34483000.0
2026-05-19,298.7123718261719,300.2510533099592,296.09463441963413,296.7140952726279,42243600.0
2026-05-20,301.98956298828125,302.5390768782648,297.82314269813475,297.9230626302997,38229800.0
2026-05-21,304.7271728515625,305.27671719779084,300.1411318265125,300.80056674721834,42965100.0
2026-05-22,308.55389404296875,311.13165741506583,305.57645096183757,305.85620846339293,43670200.0
2026-05-26,308.0643005371094,311.5513139598484,307.4048960873393,309.29325163060713,48000500.0
2026-05-27,310.5821533203125,312.9900803339556,308.0343323058515,308.0643052358437,50430900.0
2026-05-28,312.24072265625,312.5304508120942,309.30325358892543,310.412282475935,48220400.0
2026-05-29,311.7911071777344,314.7285763294451,309.2632884033746,311.5113496628706,70026800.0
2026-06-01,306.0460510253906,310.67206624496237,304.7571540774977,309.363197507879,48849900.0
2026-06-02,314.92840576171875,315.1781903378333,306.42572903356995,307.1950545511415,44534700.0
2026-06-03,309.9926452636719,316.6668815001487,308.5838566628498,313.9092501546009,50836700.0
2026-06-04,310.9618225097656,313.26982953176514,309.38316692864953,312.96009909963743,44869100.0
2026-06-05,307.0751647949219,314.8984348439246,306.8853260765596,312.5903972939029,65310500.0
2026-06-08,301.2801818847656,317.1265012321255,300.9105055796523,308.4739595974908,77949100.0
2026-06-09,290.29962158203125,300.4908444635933,287.5320194610898,300.0212482417878,70108800.0
2026-06-10,291.3287353515625,294.4960172141002,287.1323727394638,290.4894628291428,52793300.0
2026-06-11,295.375244140625,296.7440586571729,289.3404406054596,293.4668864344149,42572500.0
2026-06-12,290.879150390625,296.88398158337014,289.3704417369658,295.7749221682621,38742100.0
2026-06-15,296.1645812988281,297.5233947188816,291.4486474146935,293.8665449684006,45732600.0
2026-06-16,298.9821472167969,300.2210994929347,293.71669913987887,294.99559499590845,39874400.0
2026-06-17,295.6949768066406,301.8096980081642,294.10632015937927,300.59074812548096,42745100.0
2026-06-18,297.7532043457031,300.31099586682666,295.3652492546472,297.8530937792582,85962200.0
2026-06-22,296.75408935546875,302.1594314563154,296.5043047694293,297.05381866220307,44879900.0
2026-06-23,294.04638671875,301.3800886038737,293.9264950024863,297.2836155142734,52010900.0
2026-06-24,292.8274230957031,299.4417438827621,292.68755959702736,295.1054570720635,53081900.0
2026-06-25,274.91290283203125,288.55113481081804,273.5141152813601,287.1523472601469,107013700.0
2026-06-26,283.53546142578125,285.70360492137456,273.9737007161028,274.7630284991681,261775500.0
2026-06-29,281.4972229003906,288.12151489662153,279.6088673150861,286.4829438934296,66427000.0
2026-06-30,289.11065673828125,289.69017405322865,280.45814550695326,280.9277417485351,65100200.0
2026-07-01,294.1263427734375,296.33442991747245,288.95081360688545,293.1871503157195,50164200.0
2026-07-02,308.3640441894531,309.15337194761725,293.4269150966668,293.866538367699,75352800.0
2026-07-06,312.3905944824219,313.9292760509671,306.7354678654279,307.0951430290638,53590000.0
2026-07-07,310.3923034667969,315.20815732134815,309.88273318392555,315.0183186077797,42490000.0
2026-07-08,313.1199645996094,314.5487250421545,306.7854009831778,311.6412289475945,41323500.0
2026-07-09,315.947509765625,316.2572401947346,307.8944576262147,310.24243869469103,48124500.0
2026-07-10,315.0483093261719,316.6369356310425,311.9010296470402,314.4488202226986,34132300.0
2026-07-13,317.03656005859375,323.171283634363,315.5078797345754,316.7468014245228,43257800.0
2026-07-14,314.58868408203125,315.91755515351207,311.64124426456783,313.48965629761443,36336800.0
2026-07-15,327.2178039550781,328.44675508114506,317.0465830462295,317.34631234952286,60957600.0
2026-07-16,332.97283935546875,334.3915986652446,326.50841333986017,327.72736328456057,62970600.0
2026-07-17,333.452392578125,334.7013154010385,328.71648699084636,331.693929977533,63407100.0
2026-07-20,326.3085632324219,333.4224228207836,323.4010672140761,333.2226134619852,53468000.0
2026-07-21,327.45758056640625,329.3159936819017,321.94234806189104,322.85156758462244,41338900.0
2026-07-22,325.60919189453125,328.7164973399543,323.0613709608057,327.58746619388995,38755900.0
2026-07-23,321.3828430175781,323.0214140443725,319.0748358849152,321.4527900194849,40840800.0
2026-07-24,332.7330322265625,334.0818750563203,321.3428614810286,321.5127284115298,47489400.0
2026-07-27,336.61968994140625,339.277401491225,333.73216560461384,334.2517370375488,49604300.0
2026-07-28,339.78692626953125,342.59453283396704,335.31080637618777,339.73698155301014,51859000.0
2026-07-29,337.8985900878906,344.2730974331505,337.0593175600121,339.43727163464206,56090800.0
2026-07-30,333.1426696777344,334.4615395264105,329.30598233808786,332.8129674612056,74817800.0
2026-07-31,308.6438293457031,310.4222943774597,299.7415030462749,304.54735603914753,132489100.0
2026-08-03,303.1585693359375,311.5313230344714,302.29929450581176,309.313234694189,75052000.0
2026-08-04,309.1134033203125,310.1525156602479,301.0603512911937,302.46913991298527,68001000.0
2026-08-05,310.7320251464844,311.4414048335362,305.40663118634393,309.09342362565195,49438800.0
2026-08-06,312.14080810546875,316.0174696892129,308.96355554648414,314.06913775686996,46139900.0
2026-08-07,313.05999755859375,314.53873325457766,310.47223295908327,311.1816431226555,34437200.0
2026-08-10,308.260009765625,308.260009765625,304.6099853515625,306.8299865722656,44812500.0
2026-08-11,304.9100036621094,309.9700012207031,302.7900085449219,307.75,37476700.0
2026-08-12,302.25,305.6600036621094,300.57000732421875,305.1000061035156,41657800.0
2026-08-13,305.260009765625,306.0,302.04998779296875,304.2099914550781,40349300.0
2026-08-14,305.92999267578125,307.489990234375,304.29998779296875,306.0,28229400.0
2026-08-17,305.5899963378906,307.6600036621094,302.94000244140625,306.2099914550781,38169300.0
2026-08-18,310.0299987792969,311.489990234375,305.739990234375,307.5799865722656,53424500.0
2026-08-19,316.8299865722656,319.2799987792969,309.6000061035156,310.1400146484375,50505600.0
2026-08-20,311.29998779296875,320.2799987792969,310.6499938964844,317.4599914550781,40959200.0
2026-08-21,309.3500061035156,312.3800048828125,307.010009765625,312.04998779296875,46876800.0
2026-08-24,310.3399963378906,313.3599853515625,309.9700012207031,311.4700012207031,34673600.0
2026-08-25,309.8999938964844,313.5899963378906,308.2099914550781,310.7900085449219,25869800.0
2026-08-26,313.45001220703125,315.42999267578125,308.79998779296875,310.29998779296875,34024500.0
2026-08-27,314.5799865722656,315.3999938964844,309.3999938964844,310.54998779296875,32419200.0
2026-08-28,,,,,38623623.0
