Date,Close,High,Low,Open,Volume
2021-08-27,144.9401397705078,145.08643947056316,143.21372889495123,143.847714105832,55802400.0
2021-08-30,149.34878540039062,149.7096827488744,144.94986805949804,145.3302621099701,90956700.0
2021-08-31,148.09060668945312,149.03671791602926,147.5638979226051,148.90016654739884,86453100.0
2021-09-01,148.7538299560547,151.16299758315895,148.5880186674378,149.0659558284964,80313700.0
2021-09-02,149.8657684326172,150.90942268736845,148.64655451799135,150.08035127222993,71115500.0
2021-09-03,150.49978637695312,150.8216606743961,149.3195806196622,149.9730775691431,57808700.0
2021-09-07,152.83087158203125,153.38682526635796,150.5875154931645,151.1532324117816,82278300.0
2021-09-08,151.28981018066406,153.17226923823645,150.18763608775444,153.11374935418493,74420200.0
2021-09-09,150.2754669189453,152.2652178698881,150.1584122397238,151.66049241202037,57305700.0
2021-09-10,145.30105590820312,151.65071737057013,145.03770150418336,151.18254333907822,140893200.0
2021-09-13,145.8667449951172,147.69068411470718,145.0864451705449,146.9201475258426,102404300.0
2021-09-14,144.4719696044922,147.34932639599026,143.2917788504928,146.64705797915482,109296300.0
2021-09-15,145.35955810546875,145.75946384011283,142.76506733146184,144.9011324843855,83281300.0
2021-09-16,145.12548828125,145.30106285331667,143.59416308886955,144.78411725815147,68034100.0
2021-09-17,142.46267700195312,145.15471031932145,142.17006274358968,145.15471031932145,129868800.0
2021-09-20,139.4195556640625,141.27275491051466,137.79068761664803,140.2583754550107,123478900.0
2021-09-21,139.89747619628906,141.03867353306788,139.2634909051742,140.38516176883357,75834000.0
2021-09-22,142.2578887939453,142.82359096635926,140.16083188261564,140.89236024826914,76404300.0
2021-09-23,143.2137451171875,143.457587900221,142.0530510886709,143.03817057425258,64838200.0
2021-09-24,143.30152893066406,143.83798604484667,141.97502355876833,142.07256662788618,53477900.0
2021-09-27,141.78970336914062,142.36518367517027,140.2778899497781,141.8872464401241,74150700.0
2021-09-28,138.41493225097656,141.18498292082313,138.20034939372246,139.72192610299075,108972300.0
2021-09-29,139.31227111816406,140.89236770909372,138.53197117688373,138.9611368887371,74602000.0
2021-09-30,138.01504516601562,140.8241193990878,137.8004622797123,140.12185084081975,89056700.0
2021-10-01,139.13670349121094,139.40005789714257,135.68389579904266,138.40517505038864,94639600.0
2021-10-04,135.71310424804688,138.70750000671873,134.86453634124737,138.26857120239484,98322000.0
2021-10-05,137.6345977783203,138.73677173382114,135.92769858570284,136.0545015739937,80861100.0
2021-10-06,138.5027313232422,138.64903107214994,134.962128569818,136.0350430050937,83221100.0
2021-10-07,139.7609100341797,140.66801284222436,139.2049562794912,139.53657886179528,61732700.0
2021-10-08,139.3805389404297,140.62901288949595,139.04891630336158,140.48271316225515,58773200.0
2021-10-11,139.292724609375,141.24346653207863,138.3173536480232,138.7660308387561,64452200.0
2021-10-12,138.02474975585938,139.72190071402855,137.56632417893402,139.70238912610083,73035900.0
2021-10-13,137.43954467773438,137.91746698955632,135.77165355544514,137.76141892529833,78762700.0
2021-10-14,140.2193603515625,140.33641501765865,138.02477512030043,138.61000380183043,69907100.0
2021-10-15,141.27276611328125,141.33128600610704,139.97552058470157,140.2291266309253,67940300.0
2021-10-18,142.94065856933594,143.2235096811566,139.63415065247935,139.9170017643,85589200.0
2021-10-19,145.09622192382812,145.4961277086073,142.94065979384268,143.38932223477877,76378900.0
2021-10-20,145.58389282226562,146.0618300447265,144.47197030405582,145.03768735830047,58418800.0
2021-10-21,145.79847717285156,145.95454013073487,144.2281290062348,145.14498028007083,61421000.0
2021-10-22,145.0279541015625,146.48124774454206,144.97918256227808,146.00332535531382,58883400.0
2021-10-25,144.9792022705078,145.6912192153011,143.98431928920314,145.01821057744752,50720600.0
2021-10-26,145.64248657226562,147.12504060826313,145.34010889092204,145.65223492986172,60893400.0
2021-10-27,145.18402099609375,146.0423376021523,144.83288673993832,145.68145499107032,56094900.0
2021-10-28,148.81240844726562,149.39762230558532,146.03259425054543,146.13013733509126,100077900.0
2021-10-29,146.11061096191406,146.24716233667445,142.8041031388741,143.59415144162946,124953200.0
2021-11-01,145.2913055419922,146.01307072992742,144.1598713388164,145.3205654883688,74588300.0
2021-11-02,146.3251953125,147.8370236875447,144.98892661408803,144.99868985144568,69122000.0
2021-11-03,147.75892639160156,148.2271002037474,146.13005895763456,146.6860125689995,54511500.0
2021-11-04,147.24200439453125,148.67578599123124,146.92987854832478,147.8467296178319,60394600.0
2021-11-05,147.7694854736328,148.66813471450217,146.57779487265975,148.36533077411934,65463900.0
2021-11-08,146.94894409179688,148.05272647449488,146.67544286674408,147.8964358016936,55020900.0
2021-11-09,147.31039428710938,147.91600218212633,146.57779832196186,146.71454897260128,56787900.0
2021-11-10,144.4874725341797,146.64619541359409,144.41910465453822,146.53874739869644,65187100.0
2021-11-11,144.43862915039062,145.96242651484354,144.25303577054234,145.5033467129879,41000000.0
2021-11-12,146.50942993164062,146.90990439693277,144.05766590459464,144.9856178095641,63804000.0
2021-11-15,146.51918029785156,148.35555879375588,145.96240025846288,146.88058950641502,59222800.0
2021-11-16,147.4960174560547,147.97465228236786,145.87453448172622,146.46061733416252,59256200.0
2021-11-17,149.92820739746094,151.40316186672771,147.48622091573952,147.49598349597346,88807000.0
2021-11-18,154.20652770996094,154.98796621369542,149.4983864355678,150.14307431900122,137827700.0
2021-11-19,156.82435607910156,157.28345067512842,152.8976381128572,153.99164315630802,117305600.0
2021-11-22,157.28350830078125,161.85490096838612,157.26396823078883,157.9281815634673,117467900.0
2021-11-23,157.66444396972656,158.04539332554327,155.36897034832776,157.38116514595987,96041900.0
2021-11-24,158.18212890625,158.3774848564214,155.9354982175197,157.01974088138022,69463600.0
2021-11-26,153.17115783691406,156.72668956141257,152.73160325073675,155.86712045424656,76959800.0
2021-11-29,156.52157592773438,157.44952783966656,155.10521179906075,155.67175446958956,88748200.0
2021-11-30,161.46417236328125,161.67906839694083,156.2090119296681,156.2773947152438,174048100.0
2021-12-01,160.94647216796875,166.34814584365344,160.71203606659066,163.5935775451036,152052500.0
2021-12-02,159.95985412597656,160.38964606969503,154.1381675375188,155.05635670733542,136739200.0
2021-12-03,158.08444213867188,161.13205157338396,156.01364225594332,160.21386222018816,118023100.0
2021-12-06,161.48370361328125,163.98429560873123,160.4678287996897,160.47759138079394,107497000.0
2021-12-07,167.20773315429688,167.59846003217984,164.43363939250656,165.15647293806026,120405400.0
2021-12-08,171.0172119140625,171.87679598965886,166.7388465074218,168.13567063026588,116998900.0
2021-12-09,170.50924682617188,172.64842918211983,169.88409893762693,170.85113086564078,108923700.0
2021-12-10,175.2858123779297,175.46164318083981,170.63627480069655,171.1442122366866,115402700.0
2021-12-13,171.66192626953125,177.90364454540125,171.45679280017228,176.91707224257422,153237000.0
2021-12-14,170.28460693359375,173.6154801461527,168.21380712036787,171.1832561903654,139380400.0
2021-12-15,175.13931274414062,175.33466872556772,168.31151164367364,171.04654009777133,131063300.0
2021-12-16,168.26263427734375,176.9365751900634,166.78767978084602,175.11973661793166,150185800.0
2021-12-17,167.1686553955078,169.44458898529163,165.75230596796482,165.98672717242667,195432700.0
2021-12-20,165.8108673095703,166.6216085377041,163.57401445003114,164.37497819410103,107499100.0
2021-12-21,168.97572326660156,169.18084181030284,165.1955175809284,167.57889907243998,91185900.0
2021-12-22,171.564208984375,171.77910499631244,168.15519034473417,169.02453697313442,92135300.0
2021-12-23,172.18934631347656,172.74612637491737,171.20278915942293,171.76933180091095,68356600.0
2021-12-27,176.1453857421875,176.2332936859138,172.96104046356876,172.9805656257053,74919600.0
2021-12-28,175.1295166015625,177.12218615208815,174.38715798933583,175.9793381325386,79144300.0
2021-12-29,175.2174530029297,176.43844648209003,174.00622210590865,175.16861028282216,62348900.0
2021-12-30,174.0647735595703,176.37978661508689,173.95732557045602,175.30530672394408,59773000.0
2021-12-31,173.44940185546875,175.07086935429706,173.14658304866205,173.9573242504266,64062300.0
2022-01-03,177.7864227294922,178.63624437198777,173.5862168585795,173.70342746939005,104487900.0
2022-01-04,175.530029296875,178.69484993569185,174.9634865026278,178.392045920856,99310400.0
2022-01-05,170.8609161376953,175.9890879826122,170.587414831676,175.4420853705736,94537600.0
2022-01-06,168.00868225097656,171.23210762394186,167.65703557565845,168.69243553501073,96904000.0
2022-01-07,168.17474365234375,170.0990304259398,167.06119827767387,168.878037036841,86709100.0
2022-01-10,168.1942901611328,168.4970941484729,164.26757109809446,165.15645789652865,106765600.0
2022-01-11,171.0172119140625,171.1148824378415,166.85607200254188,168.32126400156088,76138300.0
2022-01-12,171.45677185058594,173.06847713761263,170.76325596284155,172.0330771442787,74805200.0
2022-01-13,168.1942901611328,172.52148374355693,167.80356331883507,171.7009797317892,84505800.0
2022-01-14,169.05389404296875,169.74741004885496,167.11982948341992,167.36402819909668,80440800.0
2022-01-18,165.8597412109375,168.53614912039677,165.47879187832885,167.53005178287384,90956700.0
2022-01-19,162.37258911132812,167.11004966883394,162.08932518842298,166.0551095373263,94815000.0
2022-01-20,160.69248962402344,165.74251639966073,160.3701455866801,163.10517370877471,91420500.0
2022-01-21,158.64120483398438,162.4702376425932,158.5337568383858,160.604556493883,122848900.0
2022-01-24,157.86956787109375,158.53379607319022,151.11014976934194,156.30670516297684,162294600.0
2022-01-25,156.07223510742188,158.98307875093712,153.3762874615523,155.29079647095608,115798400.0
2022-01-26,155.98431396484375,160.57524507136318,154.15771304423117,159.70589857439398,108275300.0
2022-01-27,155.5252685546875,160.03805574105326,154.60707906202995,158.68031157129744,121954600.0
2022-01-28,166.37741088867188,166.39695095221313,159.02214941138433,161.8646250162313,179935700.0
2022-01-31,170.72418212890625,170.93907816240107,165.57646971606974,166.2113952349244,115541600.0
2022-02-01,170.5581512451172,170.7828098897894,168.3115200842747,169.97206836673854,86213900.0
2022-02-02,171.75958251953125,171.79866265554188,169.30783310188434,170.69487983616585,84914300.0
2022-02-03,168.8878173828125,172.1503233892282,168.1259186202505,170.43115497753465,89418100.0
2022-02-04,168.60421752929688,170.2766715288456,166.93176352974814,167.90980296432235,82465400.0
2022-02-07,167.89019775390625,170.12990075671365,167.19578341710826,169.0638417050099,77251200.0
2022-02-08,170.9905548095703,171.49913925228722,167.6652133594248,167.95862803498034,74829200.0
2022-02-09,172.40870666503906,172.7705763046375,171.05900812473544,172.1837618828852,71285000.0
2022-02-10,168.34010314941406,171.6263154743887,167.78262856301606,170.31574652168356,90865900.0
2022-02-11,164.93653869628906,169.2790353586412,164.34970917619486,168.54550592037077,98670700.0
2022-02-14,165.17124938964844,165.85587378073802,162.90219149496014,163.69440078491326,86185500.0
2022-02-15,168.995361328125,169.15185115822308,166.5111487010071,167.21533801275692,62527400.0
2022-02-16,168.76065063476562,169.53329496166765,166.31555287107355,168.0760262456703,61177400.0
2022-02-17,165.17124938964844,168.13470669398032,164.77024977354867,167.274027503072,69589300.0
2022-02-18,163.6259765625,166.7948143179217,162.54035235125863,166.09063975736873,82772700.0
2022-02-22,160.71139526367188,163.02934320107533,158.58903724171788,161.35688974047144,91162800.0
2022-02-23,156.55474853515625,162.50121399005073,156.24176881453315,161.90460945584556,90009200.0
2022-02-24,159.16607666015625,159.27366155009665,148.66193213542687,149.2291965620497,141147500.0
2022-02-25,161.229736328125,161.49379611504713,157.33713033388693,160.2419073795577,91974200.0
2022-02-28,161.49383544921875,161.7872502076219,158.8629074909049,159.47907699118204,95056600.0
2022-03-01,159.61599731445312,162.9413396082361,158.4130132555384,161.08305614073245,83474400.0
2022-03-02,162.90219116210938,163.6846254319098,159.37146939131958,160.7798480922219,79724800.0
2022-03-03,162.57940673828125,165.20055882427715,161.9143474309581,164.77021930839055,76678400.0
2022-03-04,159.5866241455078,161.9143617747294,158.54013016070306,160.87764280753723,83737200.0
2022-03-07,155.8016357421875,161.3960207362876,155.54733601828758,159.7724722055909,96418800.0
2022-03-08,153.98248291015625,159.30301816152476,152.37849933499598,155.33218168421902,131148300.0
2022-03-09,159.37147521972656,159.8213797915154,155.90922322313332,157.9337564869507,91454900.0
2022-03-10,155.03875732421875,156.86768560681452,152.55452973284972,156.68185579600046,105342000.0
2022-03-11,151.33201599121094,155.7820977698025,151.1070711319146,155.4397780469511,96970100.0
2022-03-14,147.31224060058594,150.73537736075448,146.80367102699051,148.1240148231261,108732100.0
2022-03-15,151.68411254882812,152.15358216127328,147.07755576988814,147.58612546449382,92964300.0
2022-03-16,156.08523559570312,156.48623515497343,151.06790582915622,153.60102317904168,102300200.0
2022-03-17,157.09263610839844,157.4642957434988,154.16830873861088,155.12678288189394,75615400.0
2022-03-18,160.37884521484375,160.86786475806085,156.25151907619613,156.98504839102176,123511700.0
2022-03-21,161.7481231689453,162.69682236043158,159.4301601813594,159.9191797677464,95811400.0
2022-03-22,165.11256408691406,165.69937857870127,161.2884277154457,161.8752422072329,81532000.0
2022-03-23,166.47206115722656,168.8486892835288,163.9682682338466,164.3008129085659,98062700.0
2022-03-24,170.2472686767578,170.31572365157868,166.47203725633872,167.30336151454603,90131400.0
2022-03-25,170.88299560546875,171.43069512284325,168.95625735233114,170.061446329407,80546200.0
2022-03-28,171.74368286132812,171.87081780430975,168.22273590773543,168.38900077447545,90371900.0
2022-03-29,175.02987670898438,175.0787667230212,172.467404224187,172.80972386459516,100589400.0
2022-03-30,173.86602783203125,175.66561632731086,172.81951875433577,174.6288971925018,92633200.0
2022-03-31,170.77542114257812,174.1203133341303,170.5700263491638,173.93448350287292,103049300.0
2022-04-01,170.48202514648438,171.0395147015426,168.1640768197994,170.208175340956,78751300.0
2022-04-04,174.5212860107422,174.57019094673097,170.60912991069844,170.73627975953104,76468400.0
2022-04-05,171.2155303955078,174.38438259894033,170.58958593943765,173.60194829792937,73401800.0
2022-04-06,168.0564422607422,169.81691543605135,166.39377895438548,168.57480173407063,89058800.0
2022-04-07,168.35968017578125,169.5528892849942,166.11997680279987,167.40120586506256,77594700.0
2022-04-08,166.35467529296875,168.00756384278074,165.48422104719532,168.00756384278074,76575500.0
2022-04-11,162.11000061035156,165.31796805598518,161.8654908055094,165.00500326610816,72246700.0
2022-04-12,163.97802734375,166.13948524268093,162.98042335456353,164.33012199148104,79265200.0
2022-04-13,166.6578826904297,167.28382721520924,163.10761035124472,163.71398991233582,70618900.0
2022-04-14,161.66009521484375,167.50878046321276,161.4155854111937,166.87304601950618,75329400.0
2022-04-18,161.4449005126953,162.94129894819648,159.97784205250275,160.3201467390001,69023900.0
2022-04-19,163.7237548828125,164.1345444765827,160.31040765157212,161.39603175237912,67723800.0
2022-04-20,163.55747985839844,165.17125338034182,162.45230578739907,165.05387853639598,67929800.0
2022-04-21,162.7652587890625,167.7630389892028,162.26646424033356,165.200581424204,87227800.0
2022-04-22,158.23695373535156,164.18343379206294,157.95332893712188,162.80440987833427,84882400.0
2022-04-25,159.3030242919922,159.58664908398902,154.98009296481885,157.5816658069576,96046400.0
2022-04-26,153.35655212402344,158.7748828167284,153.2783071958642,158.6868628689345,95623200.0
2022-04-27,153.13160705566406,156.2808795981602,151.967738002025,152.48609759207858,88063200.0
2022-04-28,160.04635620117188,160.90703559165522,155.43978436635686,155.7527641169675,130216800.0
2022-04-29,154.1878662109375,162.55010393809633,153.79665651995063,158.28585264208988,131747600.0
2022-05-02,154.4910430908203,154.7551028690703,149.90403790928826,153.268494371806,123055300.0
2022-05-03,155.9776611328125,157.18065989099466,152.88706912402677,154.67686742533908,88966500.0
2022-05-04,162.37405395507812,162.8239435793619,155.76250015329012,156.16349976201118,108256500.0
2022-05-05,153.32720947265625,160.47667363266967,151.5471709663278,160.25172879543595,130525300.0
2022-05-06,154.05201721191406,156.16768941381943,151.01563498071906,152.80807823964273,116124600.0
2022-05-09,148.93914794921875,152.63177739233632,148.38085428930862,151.75023984870148,131577900.0
2022-05-10,151.33883666992188,153.52307898712107,149.7912627423493,152.32811702969943,115366700.0
2022-05-11,143.49327087402344,152.2595803376125,142.81742986905113,150.34960463592216,142689800.0
2022-05-12,139.63412475585938,143.19941752795359,135.95129962230052,139.8398213340432,182602000.0
2022-05-13,144.09071350097656,145.0604001115948,140.17280954058904,141.62242982115953,113990900.0
2022-05-16,142.55294799804688,144.49232147743598,141.22085987637433,142.56275232444813,86643800.0
2022-05-17,146.1770477294922,146.69616897048812,143.6695758585412,145.80484195458106,78336300.0
2022-05-18,137.92982482910156,144.33559163369299,137.02869370903522,143.8360642275501,109742900.0
2022-05-19,134.5310516357422,138.7525913397019,133.7964445425997,137.00912503429328,136095600.0
2022-05-20,134.76609802246094,137.8122689524701,129.88831177177445,136.2353120090451,137426100.0
2022-05-23,140.1728515625,140.31976702681078,134.82490447725766,134.96203055915507,117726300.0
2022-05-24,137.47926330566406,139.05622039365426,134.51145197634384,137.92002455292192,104132700.0
2022-05-25,137.63600158691406,138.87992561613757,135.50073567160547,135.5888849437953,92482700.0
2022-05-26,140.8291015625,141.37760590054086,134.32537951243148,134.5702485880299,90601500.0
2022-05-27,146.5688018798828,146.60797434750936,142.27869181225157,142.4060284868712,90978500.0
2022-05-31,145.78521728515625,147.5678709384086,143.82626511004062,146.01050754614022,103718400.0
2022-06-01,145.65789794921875,148.62570934761555,144.649023812494,146.82346195823692,74286600.0
2022-06-02,148.1066131591797,148.16537934399943,143.84588541228797,144.79597858853165,72348100.0
2022-06-03,142.39620971679688,144.93304868576854,141.4950936911797,143.8850023092343,88570300.0
2022-06-06,143.14064025878906,145.52077501341512,141.92608448379778,144.01237341190438,71598400.0
2022-06-07,145.65789794921875,145.94193944320352,141.1425125135875,141.3873815394989,67808200.0
2022-06-08,144.9232940673828,146.79408210793065,144.4335560047601,145.5305644824367,53950200.0
2022-06-09,139.71249389648438,144.91351047437155,139.60475090946733,144.0613709060868,69473000.0
2022-06-10,134.31558227539062,137.87107088214006,134.24701176433422,137.40092646925825,91437900.0
2022-06-13,129.17330932617188,132.4251621177248,128.74233746263164,130.1429810735186,122207100.0
2022-06-14,130.03524780273438,131.1420606306549,128.7815195311164,130.39766413988795,84784300.0
2022-06-15,132.6504364013672,134.5212392737676,129.44756042743367,131.53383428431485,91533000.0
2022-06-16,127.39066314697266,129.6728443246095,126.39159330904647,129.36920911544067,108123900.0
2022-06-17,128.8599090576172,130.34871732723784,127.14582540730095,127.4004988291183,134520300.0
2022-06-21,133.08139038085938,134.2469691337133,130.58373870544858,130.68167733148658,81000500.0
2022-06-22,132.57212829589844,134.93265491125933,131.1616799782049,132.02360899242208,73409200.0
2022-06-23,135.4321746826172,135.74559928638683,132.84635818263115,134.0119372202921,72433800.0
2022-06-24,138.75259399414062,138.99746302987265,136.90138468183136,137.0287064173905,89116800.0
2022-06-27,138.75259399414062,140.5450371291734,138.0767530642211,139.7712426067131,70207900.0
2022-06-28,134.61917114257812,140.47643288572067,134.50163881625397,139.21291554088708,67083400.0
2022-06-29,136.37246704101562,137.7829151592785,133.8650103621575,134.63880492913648,66242400.0
2022-06-30,133.9139862060547,135.53011594509118,131.0245344279122,134.43310739232075,98964500.0
2022-07-01,136.07862854003906,136.1863715256026,132.87575195629162,133.24794276909347,71051600.0
2022-07-05,138.65464782714844,138.70362462604172,134.11966825992553,134.94243962271915,73353800.0
2022-07-06,139.9866943359375,141.16206243102425,138.18446226043005,138.44892493914983,74064300.0
2022-07-07,143.34634399414062,143.5422362397496,140.3393449670909,140.34913434840425,66253700.0
2022-07-08,144.02215576171875,144.52169812610057,142.02403114104803,142.2786895406023,64547800.0
2022-07-11,141.89671325683594,143.63039032716094,140.8290877786715,142.68029721118097,63141600.0
2022-07-12,142.8664093017578,145.40324925342907,142.0730359145698,142.7684556965353,77588800.0
2022-07-13,142.50399780273438,143.44428658574307,139.20315284375937,140.05530730128564,71185600.0
2022-07-14,145.42282104492188,145.8929653987599,140.30995449187216,141.12292146669557,78140700.0
2022-07-15,147.0879364013672,147.76377735798872,145.1583671279135,146.7059412883577,76259900.0
2022-07-18,144.0515594482422,148.45920196700573,143.6891431225671,147.64623499784832,81420900.0
2022-07-19,147.90089416503906,148.1261694879342,143.8948404199678,144.88410592104603,82982400.0
2022-07-20,149.89901733398438,150.56506886066487,147.2838179131366,148.01842499581136,64823400.0
2022-07-21,152.16160583496094,152.3770917552224,148.82158901652633,151.3290452388946,65086600.0
2022-07-22,150.927490234375,153.0725455912705,150.26145356507448,152.20081233549695,66675400.0
2022-07-25,149.8108673095703,151.85796878260385,149.15462011252404,150.84910958984113,53623900.0
2022-07-26,148.4886016845703,149.94801169458665,147.70501771546552,149.13504463438227,55138700.0
2022-07-27,153.572021484375,154.1009468457732,149.03705818020956,149.44843626928795,78620700.0
2022-07-28,154.12062072753906,154.40466231337928,151.24095766027537,153.75820428896822,81378700.0
2022-07-29,159.17469787597656,160.2717215621507,156.22647941293425,157.9307736596815,101786900.0
2022-08-01,158.19515991210938,160.23247174092782,157.58788958801776,157.7054219228439,67829400.0
2022-08-02,156.7259521484375,159.07670355733856,156.35376142488207,156.81411634866453,59907000.0
2022-08-03,162.72036743164062,163.1709180629882,157.45078129075776,157.53893055181024,82507500.0
2022-08-04,162.40695190429688,163.7586338892835,161.05526991931026,162.6028441618955,55474100.0
2022-08-05,162.1813507080078,162.67176904705062,159.87637852795464,160.0823608155598,56697000.0
2022-08-08,161.71054077148438,164.59420304327227,161.05338198319762,163.18179581085533,60276900.0
2022-08-09,161.7595977783203,162.64235984823435,160.12160217379457,160.87685067478762,63135500.0
2022-08-10,165.99685668945312,166.0949314080988,163.70168677065172,164.4667384214573,70170500.0
2022-08-11,165.26116943359375,167.713261012407,164.9669154508603,166.80107516257124,57149200.0
2022-08-12,168.80201721191406,168.87066800455992,166.15374591104305,166.56571053244468,68039400.0
2022-08-15,169.87109375,170.0672580774187,168.06635799154176,168.2330984181666,54091700.0
2022-08-16,169.71421813964844,170.38119505555053,168.37047629251833,169.46900889943436,56377100.0
2022-08-17,171.205078125,172.77440813234162,169.26302531896266,169.45918969908251,79542000.0
2022-08-18,170.81272888183594,171.54835650831478,169.80246813878225,170.42040013426683,62290100.0
2022-08-19,168.23312377929688,170.4105825645676,168.02714147630917,169.71418188591318,70346300.0
2022-08-22,164.35882568359375,166.6049353146799,163.93705808753546,166.43819485878106,69026800.0
2022-08-23,164.02528381347656,165.4769326102334,163.45639684713305,163.87816432492966,54147100.0
2022-08-24,164.31954956054688,164.88843656775538,163.0640799468379,164.1135822617859,53841500.0
2022-08-25,166.7716522216797,166.8795448504242,165.12385385508654,165.54560642521002,51218200.0
2022-08-26,160.48448181152344,167.7721056277997,160.42563400937078,167.3013082441995,78961000.0
2022-08-29,158.2873992919922,159.7782599974509,156.75729674532928,158.06179612101135,73314000.0
2022-08-30,155.86473083496094,159.4447780510849,154.6975330126192,159.02302554257605,77906200.0
2022-08-31,154.20712280273438,157.5027341926007,154.12865408316875,157.23790413486398,87991100.0
2022-09-01,154.93295288085938,155.38412932683354,151.70599214901193,153.6382414104045,74229900.0
2022-09-02,152.82415771484375,157.286967514474,152.00025851175562,156.6886565527691,76957800.0
2022-09-06,151.5686798095703,154.07961913097643,150.74478065092995,153.47150522336744,73714800.0
2022-09-07,152.97129821777344,153.6676838931478,150.66632598771957,151.85314497915547,87449600.0
2022-09-08,151.50003051757812,153.36361410419434,149.75412756943635,151.6765739248584,84923800.0
2022-09-09,154.35426330566406,154.79565178409123,151.78447599724632,152.49067960307377,68028800.0
2022-09-12,160.2981414794922,161.11223777090294,156.24729591423596,156.53173198406338,104956000.0
2022-09-13,150.89193725585938,157.4635411507797,150.430942739526,156.83580616608484,122656600.0
2022-09-14,152.33375549316406,154.08946168271527,150.66633598686377,151.82371618505977,87965400.0
2022-09-15,149.45005798339844,152.26506901475514,148.47903939265456,151.68636408491093,90481100.0
2022-09-16,147.8120880126953,148.44964084888636,145.52673670084437,148.31232430924803,162278800.0
2022-09-19,151.51963806152344,151.59810678770754,146.2427471814607,146.44871449211215,81474200.0
2022-09-20,153.89324951171875,155.05064442927653,150.1464616536784,150.46032156880005,107689800.0
2022-09-21,150.7742156982422,155.69802002410492,150.6565200858437,154.32483969180942,101696800.0
2022-09-22,149.81300354003906,151.50984684718208,148.0180705759549,149.4599017279835,86652500.0
2022-09-23,147.54722595214844,148.56730428254153,145.71306650576898,148.2926712627535,96029900.0
2022-09-26,147.8807373046875,150.82324708343862,146.77238716545008,146.79200808789446,93339400.0
2022-09-27,148.8517608642578,151.75504386028683,147.0764489671257,149.81299153282302,84442700.0
2022-09-28,146.96859741210938,147.75326992489508,142.06441291517794,144.81075922673622,146691400.0
2022-09-29,139.74960327148438,143.9083561021041,137.98409428837317,143.3002421615135,128138200.0
2022-09-30,135.5515899658203,140.35769739354438,135.3554256755078,138.5725679290359,124925300.0
2022-10-03,139.7201690673828,140.32829792951577,135.05139229305564,135.5614315097669,114311700.0
2022-10-04,143.3002471923828,143.41794280659562,141.49549629829846,142.2507447443845,87830100.0
2022-10-05,143.59449768066406,144.55572849466822,140.26946161653336,141.30916116839794,79471000.0
2022-10-06,142.64306640625,144.71263233032042,142.43709909152813,143.0157891213956,68402200.0
2022-10-07,137.4053955078125,140.35772324812106,136.7776606833551,139.80844218113944,85925600.0
2022-10-10,137.7290802001953,139.17091126885134,135.91454138275128,137.7290802001953,74899000.0
2022-10-11,136.31668090820312,138.64127407342733,135.57125040118655,137.21904887976436,77033700.0
2022-10-12,135.6889190673828,137.6702130062106,135.51237567961843,136.46378829068846,70433700.0
2022-10-13,140.24984741210938,140.8383404618952,131.7950247428473,132.4031536839207,113224000.0
2022-10-14,135.72816467285156,141.75050040665323,135.54180333634727,141.54451814883853,88598000.0
2022-10-17,139.68096923828125,140.16156968133146,137.5819791306435,138.36665154683308,85250900.0
2022-10-18,140.99526977539062,143.88873492707052,137.91544326382163,142.7019309504816,99136600.0
2022-10-19,141.1031494140625,142.17225768233465,138.78837451258266,138.97473585531196,61758300.0
2022-10-20,140.64218139648438,143.0942732786787,139.91635681145763,140.27927658716155,64522000.0
2022-10-21,144.4478302001953,145.0167173026428,139.9163543059083,140.1321395849877,86548600.0
2022-10-24,146.58604431152344,147.3510957532076,143.2021606323234,144.3693587197694,75981900.0
2022-10-25,149.420654296875,149.56778877679034,146.4977652190575,147.21377179556336,74732300.0
2022-10-26,146.4879608154297,149.07736899312695,145.20305222207165,148.06710843299678,88194300.0
2022-10-27,142.02520751953125,146.19376497282255,141.36804849344927,145.23254885653395,109180200.0
2022-10-28,152.75550842285156,154.48177557471033,144.98728378991743,145.35999154749908,164762400.0
2022-10-31,150.40150451660156,151.2842665764986,149.0087181195706,150.22496108445085,97943200.0
2022-11-01,147.76304626464844,152.47106552613408,146.27218522217615,152.10816072803473,80379300.0
2022-11-02,142.25074768066406,149.25392123210702,142.2213237765035,146.0956258102425,93604600.0
2022-11-03,136.21856689453125,140.06344386766708,136.09105337060134,139.33761952846183,97918500.0
2022-11-04,135.9533233642578,140.16808578570755,132.02346880241154,139.59825507529519,140814800.0
2022-11-07,136.48385620117188,136.70981865595215,133.29084915754692,134.70559929239224,83374600.0
2022-11-08,137.05372619628906,138.94987449555333,135.07897897911388,137.9477720224135,89908500.0
2022-11-09,132.5048828125,136.12035725287217,132.2297941583769,136.07123106652006,74917800.0
2022-11-10,144.29446411132812,144.29446411132812,137.05371017047622,138.7632027049217,118854000.0
2022-11-11,147.07481384277344,147.37937519314977,141.83828048896822,143.26286485614494,93979700.0
2022-11-14,145.67974853515625,147.64467637079764,144.8446482085248,146.35765103704608,73374100.0
2022-11-15,147.4088897705078,150.8966399168543,145.9548472696822,149.55066905406906,89868300.0
2022-11-16,146.1807861328125,147.2418488642614,144.70709039322372,146.51483522710427,64218300.0
2022-11-17,148.0769500732422,148.8236171893066,143.5870831617381,143.8621718356149,80389400.0
2022-11-18,148.63694763183594,150.0222252429551,147.3401031595605,149.6390649453273,74829600.0
2022-11-21,145.41444396972656,147.73305885560603,145.12953609848137,147.52674987775407,58724100.0
2022-11-22,147.54640197753906,147.7821986794849,144.3533947208252,145.53236323934706,51804100.0
2022-11-23,148.42080688476562,149.16747394284351,146.72113379241404,146.82920540527334,58301400.0
2022-11-25,145.51266479492188,146.26916586255766,144.54002056510447,145.70915449021354,35195900.0
2022-11-28,141.69091796875,144.06847835661756,140.86565204725017,142.59478278627932,69246000.0
2022-11-29,138.69442749023438,142.27059550015326,137.88881488460692,141.75971007267643,83763800.0
2022-11-30,145.43411254882812,146.11201495746124,138.0852876520207,138.92037287256267,111380900.0
2022-12-01,145.70919799804688,146.51482547786148,144.03901260255705,145.61096061666942,71250400.0
2022-12-02,145.21795654296875,145.4046270438478,143.09583136119605,143.40040769964443,65447400.0
2022-12-05,144.05868530273438,148.27344880391388,143.2137657558394,145.17869354013385,68826400.0
2022-12-06,140.40391540527344,144.71693119940028,139.431270776129,144.49096870660432,64727200.0
2022-12-07,138.46844482421875,140.85582456681212,137.54492649061714,139.69652452502783,69721100.0
2022-12-08,140.14845275878906,141.0032064446931,138.62564588690643,139.86354485762612,62128300.0
2022-12-09,139.6670684814453,143.01727390300547,138.42915440090607,139.8439047836886,76097000.0
2022-12-12,141.9561767578125,141.96599599737974,138.58631867677312,140.19755844692216,70462700.0
2022-12-13,142.91897583007812,147.34006186732648,141.71054984410077,146.87830279302864,93886200.0
2022-12-14,140.6986541748047,144.08815144991274,138.68460028950005,142.80112620848055,82291200.0
2022-12-15,134.10630798339844,139.3133690938159,133.64454880056923,138.63546667684503,98931900.0
2022-12-16,132.15118408203125,135.23611943482993,131.38486361161162,134.29296269794702,160156900.0
2022-12-19,130.04869079589844,132.82906434469876,129.01711609721863,132.74064622616112,79592600.0
2022-12-20,129.97998046875,130.91331820064397,127.61223880809378,129.08593469778208,77432800.0
2022-12-21,133.07473754882812,134.4108891056121,130.42208791158035,130.64805042002772,85928000.0
2022-12-22,129.91116333007812,132.20030541745464,128.01501569466643,131.9939964474779,77852100.0
2022-12-23,129.54769897460938,130.09787639620362,127.36662777385332,128.6241804492717,63814900.0
2022-12-27,127.74976348876953,129.1055682957193,126.46273834186272,129.07609558176017,69007800.0
2022-12-28,123.8297348022461,128.73222692892008,123.66271775984323,127.39607559848972,85438400.0
2022-12-29,127.33714294433594,128.1918817150827,125.49011356491995,125.74554877459363,75703700.0
2022-12-30,127.65150451660156,127.67115798862761,125.19535270118398,126.15817044916967,77034200.0
2023-01-03,122.87675476074219,128.60451337209517,121.99253578697103,127.99539057563403,112117500.0
2023-01-04,124.14411926269531,126.40378887161263,122.88656686996354,124.66482384759799,89113600.0
2023-01-05,122.82760620117188,125.5293813261351,122.57217104073682,124.90060516942826,80962700.0
2023-01-06,127.34696197509766,128.00521096875735,122.69991206962038,123.80027430194448,87754700.0
2023-01-09,127.86766052246094,131.07050217869943,127.61222532540481,128.18205614149144,70790800.0
2023-01-10,128.4375,128.95820466182693,125.87326865028986,127.97574077291436,63896200.0
2023-01-11,131.1490936279297,131.1687321095965,128.17222961380043,128.94836939344688,69458900.0
2023-01-12,131.07049560546875,131.90558081812333,129.13504077259947,131.5322547782573,71379600.0
2023-01-13,132.39682006835938,132.55401787873402,129.35119119619432,129.71469801537842,57809700.0
2023-01-17,133.55612182617188,134.88243886666353,131.77786487384603,132.4655864864573,63646600.0
2023-01-18,132.83892822265625,136.1792989256054,132.6620769549058,134.42069543585905,69672800.0
2023-01-19,132.8978729248047,133.86068318245066,131.4241773301355,131.72873868777404,58280400.0
2023-01-20,135.45230102539062,135.59967961374403,131.8663135769454,132.90772297331753,80223600.0
2023-01-23,138.6354522705078,140.806703627411,135.4817372209474,135.6978804326285,81760300.0
2023-01-24,140.0305633544922,140.64952034187644,137.83967329148908,137.84949253259393,66435100.0
2023-01-25,139.37229919433594,139.93229570032543,136.37578195167205,138.41930821894437,65799300.0
2023-01-26,141.43548583984375,141.72039372676826,139.41159795380088,140.65933109437518,54105100.0
2023-01-27,143.3709259033203,144.64813175929368,140.57091324840124,140.64951214628343,70555800.0
2023-01-30,140.4923095703125,142.9975950119405,140.34494601130174,142.41794502488958,64015300.0
2023-01-31,141.75967407226562,141.8088002532181,139.78492752410364,140.19756045993424,65874500.0
2023-02-01,142.87969970703125,144.03901475780756,138.84178798038548,141.44531098955775,77663600.0
2023-02-02,148.17518615722656,148.52885870656533,145.57164829200897,146.2888426135127,118339000.0
2023-02-03,151.79066467285156,154.62016535520215,145.23763259886508,145.4341223704264,154357300.0
2023-02-06,149.06918334960938,150.4151685448772,148.13584601851642,149.89446408675576,69858300.0
2023-02-07,151.93801879882812,152.50784959474223,147.99834440627268,147.99834440627268,83322600.0
2023-02-08,149.25588989257812,151.8692470443083,148.51904208604415,151.18152542311802,64120100.0
2023-02-09,148.22430419921875,151.62363543992853,147.782198500911,151.0832773681269,56007100.0
2023-02-10,148.58836364746094,148.9130734935689,146.8270751036462,147.0632318137508,57450700.0
2023-02-13,151.38282775878906,151.7862414824205,148.49980618651492,148.52932389765635,62199000.0
2023-02-14,150.74325561523438,151.30412220458746,148.44078385852455,149.68057287811524,61707600.0
2023-02-15,152.83908081054688,153.00635283510616,150.42837278798947,150.65468023132328,65573800.0
2023-02-16,151.2450714111328,153.82305157694913,150.8908438680814,151.04826665403036,68167900.0
2023-02-17,150.1036834716797,150.54646418705764,148.43094798353164,149.90689371085574,59144100.0
2023-02-21,146.0989532470703,148.87373860585663,146.0300835825423,147.79137232815333,58867200.0
2023-02-22,146.5220489501953,147.54536466728035,144.80011234851025,146.4826819914061,51011300.0
2023-02-23,147.00418090820312,147.92910925221886,144.8788305804024,147.6831183102613,48394200.0
2023-02-24,144.3573455810547,144.8296440334222,143.38321594733068,144.75092512234477,55469600.0
2023-02-27,145.5479278564453,146.7778826433076,145.08546365545737,145.3413038601465,44998500.0
2023-02-28,145.04611206054688,146.68932985809187,144.47541123636594,144.69188448050687,50547000.0
2023-03-01,142.97976684570312,144.8689754008769,142.68457472462396,144.47539591550134,55479000.0
2023-03-02,143.57015991210938,144.3573339453376,141.59238308918532,142.0646965175798,52238100.0
2023-03-03,148.60804748535156,148.6867663889097,144.96738452683869,145.66599039801153,70732300.0
2023-03-06,151.3631591796875,153.79355106354063,150.99909736370918,151.32379221822697,87558000.0
2023-03-07,149.16891479492188,151.55993956940895,148.7064506179963,151.23522972088062,56182000.0
2023-03-08,150.4185333251953,151.00891757952724,149.39521763366128,150.35949790258118,47204800.0
2023-03-09,148.17510986328125,152.06176399701366,147.82088228318355,151.09748364556307,53833600.0
2023-03-10,146.11862182617188,148.5194958597798,145.242894659562,147.80120650188752,68572400.0
2023-03-13,148.0570526123047,150.68423448355665,145.33146834316847,145.43970497520198,84457100.0
2023-03-14,150.14303588867188,150.94004418166887,147.6929755826584,148.85404568502526,73695900.0
2023-03-15,150.53665161132812,150.79247683579462,147.51587504804607,148.7655134809102,77167900.0
2023-03-16,153.35076904296875,153.9509875803486,149.20827470890512,149.71994010489203,76161100.0
2023-03-17,152.514404296875,154.2265068856699,151.80594908869074,153.5770871091514,98944600.0
2023-03-20,154.87591552734375,155.28919358755078,151.6780327765039,152.5832927983786,73641400.0
2023-03-21,156.72576904296875,156.84383990664745,154.02970254755692,154.79720820376127,73938300.0
2023-03-22,155.2989959716797,159.53987720924363,155.27931249330243,156.74542384346483,75701800.0
2023-03-23,156.38136291503906,158.9593583364734,155.15140813839363,156.28297554136526,67622100.0
2023-03-24,157.68017578125,157.7687289068554,155.31866901387664,156.31246690077828,59196500.0
2023-03-27,155.74179077148438,158.19186606543823,155.33836200567538,157.37517430078694,52390300.0
2023-03-28,155.1219024658203,155.94844355059743,153.47868455836303,155.4367781198492,45992200.0
2023-03-29,158.19187927246094,158.4673879613573,156.79465234617297,156.81432081388166,51305700.0
2023-03-30,159.7563934326172,159.86463007168524,158.68387629082392,158.93970152221254,49501700.0
2023-03-31,162.25564575195312,162.35404815041076,159.31360321570477,159.83510289651463,68749800.0
2023-04-03,163.50526428222656,163.62333513475417,161.58653785817188,161.63573905142377,56976200.0
2023-04-04,162.9739227294922,164.16451047380076,162.46225736922722,163.92836877990578,46278300.0
2023-04-05,161.1339111328125,162.40323287933546,159.20535043705326,162.0982064947886,51511700.0
2023-04-06,162.01950073242188,162.31469290771022,159.40215313314846,159.82525040692016,45390100.0
2023-04-10,159.431640625,159.431640625,157.5129143705151,158.8314221542027,47716900.0
2023-04-11,158.2213897705078,159.75637097122245,157.93603184667685,159.7465367378167,47644200.0
2023-04-12,157.5325927734375,159.46115319792995,157.2177171858746,158.6346273017189,50133100.0
2023-04-13,162.905029296875,163.14118599216286,158.8314201412513,159.03805912639,68445600.0
2023-04-14,162.56065368652344,163.6528540223282,161.19294470872245,161.95058596716467,49386500.0
2023-04-17,162.58035278320312,162.73779061232008,161.39959909302152,162.44259843625022,41516200.0
2023-04-18,163.80044555664062,164.72537387764507,162.99358808032773,163.4363837761115,49923000.0
2023-04-19,164.94186401367188,165.46336364998885,162.8853681685066,163.1412083770297,47720200.0
2023-04-20,163.97756958007812,165.17800667808302,162.90505258707114,163.42655222639002,52456400.0
2023-04-21,162.37371826171875,163.78077935638615,161.85221862385353,162.4032359760057,58337300.0
2023-04-24,162.6787567138672,162.94443117624493,161.26184626664974,162.35404681853836,41949600.0
2023-04-25,161.1437530517578,163.64301445601814,161.1043860925183,162.54097982284455,48714100.0
2023-04-26,161.1339111328125,162.6295403559192,160.1893142654478,160.44513945575562,45498800.0
2023-04-27,165.7093505859375,165.85693915334915,162.5409858833323,162.5409858833323,64902300.0
2023-04-28,166.95896911621094,167.12625617335198,165.1878463008649,165.78806481489534,55275900.0
2023-05-01,166.8704376220703,167.71664719399982,165.93567490070697,166.5654112090663,52472900.0
2023-05-02,165.83726501464844,167.6182522416185,164.8533011388869,167.36241202489828,48425700.0
2023-05-03,164.76470947265625,168.17906452442512,164.47936662159927,166.78183794919684,65136000.0
2023-05-04,163.13133239746094,164.3612870012041,161.67507035057545,162.2457710884036,81235400.0
2023-05-05,170.78660583496094,171.504895212846,168.02165491497223,168.23812815446027,113453200.0
2023-05-08,170.7177276611328,171.06212101363838,169.35001851271124,169.71408033203093,55962800.0
2023-05-09,169.01548767089844,170.75709300871614,168.8482156052712,170.27496029429,45326900.0
2023-05-10,170.77676391601562,171.23922812803062,169.14338031673282,170.24543004162442,53724500.0
2023-05-11,170.96371459960938,171.79024060925457,169.40904995436452,171.06211698775132,49514700.0
2023-05-12,170.0375213623047,171.50564580777203,168.49055408757272,171.07210045600348,45533100.0
2023-05-15,169.5448455810547,170.66811525184778,168.95364468701064,170.6188460048669,37266700.0
2023-05-16,169.5448455810547,170.5991352991019,169.27880367524853,169.46601779285794,42110300.0
2023-05-17,170.15574645996094,170.39221479568312,167.91905489711874,169.19013234108013,57951600.0
2023-05-18,172.48114013671875,172.66835428782517,170.04738624206732,170.4612209279976,65496700.0
2023-05-19,172.58949279785156,173.80143807257875,172.3727201425523,173.80143807257875,55809500.0
2023-05-22,171.6436004638672,172.14612580242743,170.9046067635048,171.42682777563832,43570900.0
2023-05-23,169.0423126220703,170.83561089353927,168.76642289336164,170.58927970470205,50747300.0
2023-05-24,169.31822204589844,169.8897122746601,168.0176010356781,168.57922839342694,45143500.0
2023-05-25,170.45135498046875,171.34798918728478,169.17042964019168,169.87986475065702,56058300.0
2023-05-26,172.8555450439453,173.19056694623742,170.5695990272421,170.77652387763237,54835000.0
2023-05-30,174.6980743408203,176.36327550868927,173.97879151124883,174.36306754730614,55964400.0
2023-05-31,174.64883422851562,176.71802248155805,174.16601962684186,174.72766202276017,99625300.0
2023-06-01,177.44717407226562,177.47673261921489,174.33354349143505,175.09224794448755,68901800.0
2023-06-02,178.29454040527344,179.11236188910445,176.62933889294345,178.37336820267623,61996900.0
2023-06-05,176.94461059570312,182.23579939859383,175.4272021453367,179.9498539235026,121946500.0
2023-06-06,176.58006286621094,177.4766970018392,174.82617090162998,177.328904296753,64848400.0
2023-06-07,175.21047973632812,178.55073052308683,174.71781728969785,175.82137635899298,61944600.0
2023-06-08,177.92010498046875,178.18613184931536,174.85574427470908,175.28927455408018,50214900.0
2023-06-09,178.3043975830078,179.5557493602978,177.97923856717878,178.83646640490514,48900000.0
2023-06-12,181.09283447265625,181.19137296447727,178.31422641468646,178.60982685528654,54274900.0
2023-06-13,180.61988830566406,181.4475575367352,179.76266053311636,180.11737806569877,54929100.0
2023-06-14,181.25051879882812,181.68406417583662,179.3488488908818,180.67902853230473,57462900.0
2023-06-15,183.28028869628906,183.7828140435399,181.08301826564116,181.26038457492544,65433200.0
2023-06-16,182.20628356933594,184.245913383536,181.56582838117956,183.98971928038128,101256200.0
2023-06-20,182.29495239257812,183.3689679486228,181.70376647980103,181.70376647980103,49799100.0
2023-06-21,181.2603759765625,182.68909408055805,179.91047063421516,182.18656875714527,49515700.0
2023-06-22,184.25572204589844,184.304991288712,180.97458893469445,181.04356888160584,51245300.0
2023-06-23,183.94041442871094,184.807505007212,182.29492392440986,182.82700770116728,53117000.0
2023-06-26,182.5511474609375,185.29034946556595,182.51172604562308,184.08825189117624,48088700.0
2023-06-27,185.30020141601562,185.6253604426876,182.94527546666254,183.16204815111053,50730800.0
2023-06-28,186.47274780273438,187.11320300977505,184.84696764032918,185.1721116449177,51216800.0
2023-06-29,186.80772399902344,187.2806907250245,186.16726889716722,186.3052137668684,46347300.0
2023-06-30,191.12344360351562,191.62595381515632,188.45320690668942,188.81778728912292,85213200.0
2023-07-03,189.63563537597656,191.03479491877454,188.94589592351636,190.9362564156046,31458200.0
2023-07-05,188.52218627929688,190.14796610334872,187.82259909124357,188.75866963191964,46920300.0
2023-07-06,188.9951629638672,189.20208780415717,186.42346442381324,187.05407174607458,45094300.0
2023-07-07,187.8817138671875,189.8425155087971,187.44818361165477,188.6010117511895,46815000.0
2023-07-10,185.84213256835938,187.20188576037833,184.29516523716504,186.4825877482977,59922200.0
2023-07-11,185.3199005126953,186.52199803845542,183.86162393721375,186.3840531601648,46638100.0
2023-07-12,186.98507690429688,188.88674640306317,185.7041517573503,186.89638625272656,60750200.0
2023-07-13,187.74375915527344,188.38422922243208,186.99491780606402,187.70435278315148,41342300.0
2023-07-14,187.89158630371094,188.37438582770977,186.8471444335954,187.4383302857117,41616200.0
2023-07-17,191.14317321777344,191.46833222271863,188.99515722491665,189.08383285312058,50520200.0
2023-07-18,190.8870086669922,191.47820968287988,189.5962353183327,190.51259538947195,48288200.0
2023-07-19,192.23687744140625,195.32093388898534,189.82281961650222,190.26622781119138,80507300.0
2023-07-20,190.29580688476562,193.5867885139367,189.67504737311495,192.22703531122195,59581200.0
2023-07-21,189.12326049804688,192.10879369152832,188.42367321559357,191.25156585425083,71951700.0
2023-07-24,189.9213409423828,192.04964595897565,189.42867857936756,190.57165886992988,45377800.0
2023-07-25,190.77857971191406,191.58655325087184,190.08885537064708,190.49284214012596,37283200.0
2023-07-26,191.64566040039062,192.76892999363082,190.4829844332044,190.82783906853456,47471900.0
2023-07-27,190.3844757080078,194.30606454519102,189.72430983845956,193.14338839624878,47460200.0
2023-07-28,192.95616149902344,193.74442436278966,191.29096014596897,191.8131810983056,48291400.0
2023-07-31,193.56704711914062,193.6064685292723,192.394508242959,193.18277106210203,38824100.0
2023-08-01,192.73941040039062,193.8429695122176,192.41425136889904,193.36016991822595,35175100.0
2023-08-02,189.75387573242188,192.31571151477112,189.03459274742033,192.17776662675897,50389300.0
2023-08-03,188.3645477294922,189.54693452970886,187.8915960163783,188.75868668614032,61235200.0
2023-08-04,179.3192901611328,184.63019095429203,179.25031019901363,182.79748597555601,115956800.0
2023-08-07,176.22537231445312,180.4425618735659,174.7473848978987,179.45723692919626,97576100.0
2023-08-08,177.16143798828125,177.6245419410217,174.97401528572274,177.05305163689803,67823000.0
2023-08-09,175.5750274658203,178.27480777933516,174.41233639065635,178.2156906972674,60378500.0
2023-08-10,175.3582763671875,178.097478428752,174.9937109597073,176.84611157664116,54686900.0
2023-08-11,175.41744995117188,176.2363757071569,174.1940069392339,174.95373578240464,52036700.0
2023-08-14,177.06517028808594,177.2920967961584,174.9438523177461,175.59504844195268,43675600.0
2023-08-15,175.0819854736328,177.08489459113486,174.68732936330193,176.49291042563854,43622600.0
2023-08-16,174.21372985839844,176.1574269074876,174.14465676238186,174.766254405872,46964900.0
2023-08-17,171.67800903320312,175.14116345073805,171.16494410110627,174.77610583538885,66062900.0
2023-08-18,172.16151428222656,172.76337470680727,169.6652772069575,170.0007364455324,61172200.0
2023-08-21,173.49349975585938,173.77963828216437,171.42153223598535,172.73378585948967,46311900.0
2023-08-22,174.86489868164062,175.308890515181,173.8979807911273,174.69716910253268,42038900.0
2023-08-23,178.70303344726562,179.1273031269572,175.95027131734813,176.13773826499084,52722800.0
2023-08-24,174.0262908935547,178.68330576322634,173.66121814414575,178.25903609639087,54945800.0
2023-08-25,176.22654724121094,176.7593346104704,173.4737848988942,175.01296513805357,51449600.0
2023-08-28,177.7854461669922,178.1801023209798,176.1673318473753,177.68677460091166,43820700.0
2023-08-29,181.66297912597656,182.4325690983829,177.1046362040057,177.30196426395187,53003900.0
2023-08-30,185.14588928222656,185.34323241647965,182.27473336292013,182.4720614420058,60813900.0
2023-08-31,185.36293029785156,186.59624944883035,184.9781353249528,185.33333184264131,60794500.0
2023-09-01,186.93174743652344,187.38560051082152,185.76748618147488,186.96134589549212,45766500.0
2023-09-05,187.1685028076172,187.44476508042712,185.10639689444145,185.76745412260553,45280000.0
2023-09-06,180.46914672851562,186.32988234003622,179.04836051297525,185.88587535630464,81755800.0
2023-09-07,175.1905059814453,175.83184093509863,171.22414761118458,172.8422616393004,112488800.0
2023-09-08,175.80221557617188,177.83473792603073,175.41742065198358,175.9699602080161,65551300.0
2023-09-11,176.96649169921875,177.89395007164453,174.9734438173143,177.66702357259294,58953100.0
2023-09-12,173.9473419189453,177.72623373133553,172.487096210491,177.09477490699047,90370200.0
2023-09-13,171.88522338867188,174.93398459835862,171.6582818339781,174.15451849429098,84267900.0
2023-09-14,173.39483642578125,173.75003299454158,171.2636570132194,171.6780505009118,60895800.0
2023-09-15,172.67453002929688,174.14465177290464,171.50042292713772,174.12491445244186,109259500.0
2023-09-18,175.59506225585938,176.98624997924455,173.8190795297471,174.12494029407293,67257600.0
2023-09-19,176.68040466308594,177.23292932503867,174.76629061620125,175.1510856525732,51826900.0
2023-09-20,173.14817810058594,177.3019893003594,173.05936766417838,176.86785847407558,58436200.0
2023-09-21,171.60894775390625,173.94733103404198,171.5398897121348,172.2206842726111,63149100.0
2023-09-22,172.45750427246094,174.71695374662696,171.7273888544839,172.33911043282527,56725400.0
2023-09-25,173.7303009033203,174.60842368932387,171.82604797435675,171.8753837600089,46172700.0
2023-09-26,169.66525268554688,172.86200623492672,169.36925308333926,172.48708745695123,64588900.0
2023-09-27,168.1556854248047,170.7308568174817,166.79411110643792,170.31646332448594,66921800.0
2023-09-28,168.41220092773438,169.73431545858824,165.38316183381656,167.0802102082604,56294400.0
2023-09-29,168.92526245117188,170.7604419321708,168.06686209293406,169.72445084440017,51861100.0
2023-10-02,171.43136596679688,171.9740294168616,168.6489906711008,168.93512915166482,52164500.0
2023-10-03,170.099365234375,171.31296207551728,168.54046313149794,169.96123409658216,49594600.0
2023-10-04,171.3425750732422,171.88523853747708,168.68846972057472,168.80686354725646,53020300.0
2023-10-05,172.5758819580078,173.10866919518492,170.3756298015613,171.47081778563683,48527900.0
2023-10-06,175.1215057373047,175.61483353131405,170.8690075066016,171.48074420868846,57266700.0
2023-10-09,176.60147094726562,176.66066786762835,173.45403753652568,174.45055415802327,42390800.0
2023-10-10,176.00946044921875,177.32171396949087,175.57532965392068,175.72333700059065,43698000.0
2023-10-11,177.40066528320312,177.45000107017458,175.23002615297557,175.82201043112758,47551100.0
2023-10-12,178.2985076904297,179.90674578858014,176.6507798893927,177.6670488234186,56743100.0
2023-10-13,176.4633331298828,179.5022186651883,175.76280113660414,178.99902980590412,51427100.0
2023-10-16,176.3350372314453,176.6902337432856,174.15452238414363,174.39132507709223,52517000.0
2023-10-17,174.78599548339844,176.03905203817294,172.467364361049,174.29266779074965,57549400.0
2023-10-18,173.49349975585938,175.21028574818484,172.77324545527233,173.2369747453516,54764400.0
2023-10-19,173.11856079101562,175.46679037407037,172.85215962113486,173.69080766680926,59302900.0
2023-10-20,170.57298278808594,173.07908076842247,170.33618008275127,172.97054807703984,64244000.0
2023-10-23,170.69137573242188,171.68789221712717,167.66233657820504,168.62926966195786,55980100.0
2023-10-24,171.1255340576172,171.35246060946264,169.16208417292097,170.74073901093655,43816600.0
2023-10-25,168.81675720214844,170.7505934954682,168.37275019582236,169.58634726553433,57157000.0
2023-10-26,164.66293334960938,169.09302189873856,163.45921245305613,168.09649022321696,70625300.0
2023-10-27,165.97515869140625,166.70528904611524,164.60370840247674,164.68264263448572,58499100.0
2023-10-30,168.0175323486328,168.8857938712959,166.61648356307745,166.76449089816728,51131000.0
2023-10-31,168.49114990234375,168.61940486913602,165.65943861592592,167.09010101577766,44846000.0
2023-11-01,171.6484375,171.90496247869652,167.849808268541,168.71806981976965,56934900.0
2023-11-02,175.2003936767578,175.40758286457637,173.11855033416663,173.17774724497193,77334800.0
2023-11-03,174.29266357421875,174.46040823420765,171.03671292563865,171.91483559510309,79829200.0
2023-11-06,176.8382568359375,177.035584920202,173.85856813665714,174.02629776104038,63841300.0
2023-11-07,179.39370727539062,180.00542885763969,176.5817331247381,176.78892234542403,70530000.0
2023-11-08,180.4494171142578,181.00194176498167,179.16676200069597,179.91662978825056,49340300.0
2023-11-09,179.97581481933594,181.6629871195562,179.3838155582821,180.51847829944086,53763500.0
2023-11-10,184.1548309326172,184.32279657138264,181.31940452226758,181.75410719319203,66133400.0
2023-11-13,182.57411193847656,183.7892925333636,181.9912220269046,183.58183039704093,43627500.0
2023-11-14,185.1823272705078,185.84425545326624,184.0560589323069,185.4391901985185,60108400.0
2023-11-15,185.7454833984375,187.21754232445392,185.51825788469085,185.58742199648478,53790500.0
2023-11-16,187.42501831054688,188.65996251273407,186.37777296409004,187.286705162902,54412900.0
2023-11-17,187.4052276611328,188.08691917335904,186.29872264128753,187.95848017105547,50922700.0
2023-11-20,189.14402770996094,189.598493753426,187.59294582194016,187.60281994734135,46505100.0
2023-11-21,188.3437957763672,189.21320125507725,187.45464204586924,189.10452557023848,38134500.0
2023-11-22,189.0057373046875,190.60622016215154,188.53152295340232,189.18357710829596,39617700.0
2023-11-24,187.6818389892578,188.6006300326625,186.97051008307392,188.57099258448812,24048300.0
2023-11-27,187.50404357910156,188.37344913120532,186.62476390027032,187.63248260157215,40552600.0
2023-11-28,188.10667419433594,188.77849160556613,187.11871894105684,187.49414676130317,38415400.0
2023-11-29,187.08908081054688,189.77632029571453,186.69390474066958,188.6006511365786,43014200.0
2023-11-30,187.662109375,188.02766309314677,185.92331344476767,187.55343368717286,48794400.0
2023-12-01,188.9365692138672,189.25270705783993,186.95076949469112,188.0375263099119,45704800.0
2023-12-04,187.1483612060547,187.76090372984268,185.1922139752508,187.69173962433385,43389500.0
2023-12-05,191.09030151367188,192.05849343193452,187.8893210956394,187.91897362196437,66628400.0
2023-12-06,190.00357055664062,192.41416882595195,189.79609331061306,192.1079050949125,41089700.0
2023-12-07,191.9300537109375,192.6512567588297,191.25823636118906,191.29776300970337,47477700.0
2023-12-08,193.35272216796875,193.62934842275146,191.33728508312288,191.86090014217592,53406400.0
2023-12-11,190.85317993164062,191.15945870925907,189.11438419177532,190.78403090604945,60943700.0
2023-12-12,192.36477661132812,192.3746507369947,189.4107849369075,190.75440470261375,52696900.0
2023-12-13,195.57562255859375,195.61513413450965,192.50308121236986,192.74018081786602,70404200.0
2023-12-14,195.7238006591797,197.2156075489979,193.79729107961322,195.63488831127654,66831600.0
2023-12-15,195.19033813476562,196.01032777733312,194.62719637119332,195.1508114803035,128538400.0
2023-12-18,193.5305633544922,194.26165570440122,192.04863040265064,193.7281513997374,55751900.0
2023-12-19,194.56793212890625,194.57780625556214,193.53057597994234,193.7973281496765,40714100.0
2023-12-20,192.48333740234375,195.2990010280865,192.48333740234375,194.5283970820936,52242800.0
2023-12-21,192.33511352539062,194.70621508029078,191.16933361068988,193.73802319308166,46482500.0
2023-12-22,191.2681427001953,193.0563392932213,190.64572606781581,192.82909873139974,37149600.0
2023-12-26,190.72476196289062,191.55464074590694,190.5074106042434,191.27801448490152,28919300.0
2023-12-27,190.8235321044922,191.16932243864449,188.78834689776542,190.17149315937536,48087700.0
2023-12-28,191.24838256835938,192.31537606668746,190.84331729052167,191.80163510638113,34049900.0
2023-12-29,190.21104431152344,192.05851601127358,189.42067700828724,191.56453833112627,42672100.0
2024-01-02,183.40399169921875,186.1702691079172,181.6750702031571,184.89579853453512,82488700.0
2024-01-03,182.03074645996094,183.64111826756874,181.22061595613366,182.0011090098209,58414500.0
2024-01-04,179.71896362304688,180.88474371487789,178.70137080560033,179.956063262062,71983600.0
2024-01-05,178.99771118164062,180.5586821654936,177.99988188294327,179.79796753554595,62379700.0
2024-01-08,183.32496643066406,183.36449308108033,179.3138706884217,179.89676064456035,59144500.0
2024-01-09,182.9100341796875,182.9199083051763,180.52905841182087,181.7047275700206,42841800.0
2024-01-10,183.9473876953125,184.1548498527509,181.70472508990332,182.12955368013527,46792900.0
2024-01-11,183.3546142578125,184.7970355796361,181.4083411771675,184.29316874581366,49128400.0
2024-01-12,183.6806182861328,184.49074873898914,182.95941525310155,183.818931403084,40477800.0
2024-01-16,181.418212890625,182.04061439740983,178.75072186869164,179.9659175831278,65603000.0
2024-01-17,180.47964477539062,180.72663357001974,178.12832170152117,179.08663943068214,47317400.0
2024-01-18,186.3579864501953,186.86183815424235,183.59170899023258,183.84857190455077,78005800.0
2024-01-19,189.25270080566406,189.63800274105876,186.5457131326349,187.0495648712278,68903000.0
2024-01-22,191.5546112060547,192.9772689432648,189.94423959032406,189.98376623580117,60133900.0
2024-01-23,192.8291015625,193.39224330006388,191.49537099853464,192.67104017695664,42355600.0
2024-01-24,192.15728759765625,194.0146482092326,191.999211146671,193.06620457832125,53631300.0
2024-01-25,191.83126831054688,193.90598035718745,190.78403816176663,192.86862433386716,54822100.0
2024-01-26,190.1023406982422,192.41415228379137,189.6281264159501,191.93006387634745,44594000.0
2024-01-29,189.42068481445312,189.8850250589276,187.29658673228502,189.6973111207354,47145600.0
2024-01-30,185.7751007080078,189.4898221386195,185.21197404804863,188.6401800108733,55859400.0
2024-01-31,182.17893981933594,184.846431021382,182.12955411744667,184.7871410441138,55467800.0
2024-02-01,184.6093292236328,184.69824158324056,181.6059517240919,181.77390231724044,64885400.0
2024-02-02,183.61148071289062,185.07365019396582,177.09097033579843,177.6936236133024,102551700.0
2024-02-05,185.41943359375,186.97053056814926,183.60159955655655,185.88377376602236,69668800.0
2024-02-06,187.01991271972656,187.02978684421677,184.5203873987695,184.60929974417922,43490800.0
2024-02-07,187.1286163330078,188.74886241631054,186.33824908078662,188.3437971267345,53439000.0
2024-02-08,186.05174255371094,187.25703410679802,185.09342474162452,187.1088468471974,40962000.0
2024-02-09,186.81341552734375,187.941120969739,185.9725760341758,186.6155602859614,45155200.0
2024-02-12,185.1317596435547,186.63537211912902,184.7756412965565,186.38806813077576,41781900.0
2024-02-13,183.04449462890625,184.20189045877694,181.53099558275042,183.76663306878044,56529500.0
2024-02-14,182.1641082763672,183.5292310959524,180.472557481369,183.3215042025078,54630500.0
2024-02-15,181.8772430419922,182.50045391335385,179.39431647047905,181.57058851615943,65434500.0
2024-02-16,180.3439483642578,182.8565652037317,179.7108507918506,181.44197861733377,49752500.0
2024-02-20,179.60205078125,180.46266385305907,178.0588762686663,179.82956623009554,53665600.0
2024-02-21,180.35385131835938,180.91769653606136,178.71174929095213,179.9779444437335,41371400.0
2024-02-22,182.3817138671875,182.9653626660908,180.4923231436991,181.50131240098546,52292200.0
2024-02-23,180.5516815185547,183.04449459753943,180.26480046872615,183.01481932952075,45119700.0
2024-02-26,179.20635986328125,180.78909628027105,178.7018500832812,180.27471486922383,40867400.0
2024-02-27,180.66049194335938,181.9365737231629,177.62359209867634,179.14699293032547,54318900.0
2024-02-28,179.46353149414062,181.14519536218177,178.18744973320082,180.5417731107642,48953900.0
2024-02-29,178.80076599121094,180.6011460945577,177.59392143922238,179.31516246277232,136682600.0
2024-03-01,177.7225341796875,178.5831471920378,175.46712311031385,177.6137198257161,73563100.0
2024-03-04,173.2117156982422,174.99229230011673,171.9158301484072,174.25038035125658,81510100.0
2024-03-05,168.28538513183594,170.18467763470022,167.7907772375202,168.9184826327907,95132400.0
2024-03-06,167.29620361328125,169.39335177885377,166.8609461620447,169.2152850514215,68587700.0
2024-03-07,167.177490234375,168.88882954707424,166.67299554984157,167.32586658446218,71765100.0
2024-03-08,168.88880920410156,171.82678133583968,167.11811956465033,167.17747009753631,76267000.0
2024-03-11,170.8870391845703,172.49946586057737,170.1945911039721,171.07499261235472,60139500.0
2024-03-12,171.3618621826172,172.15323790323208,169.16580172767317,171.28272310113206,59825400.0
2024-03-13,169.28453063964844,171.3223130850131,168.91851047344855,170.90684419661972,52488700.0
2024-03-14,171.13433837890625,172.43020869953008,170.1945863604126,171.04531257693264,72913500.0
2024-03-15,170.7584686279297,170.7584686279297,168.45359343487303,169.3241083834579,121752700.0
2024-03-18,171.84658813476562,175.79356502758816,171.64874797271588,173.67664359575858,75604200.0
2024-03-19,174.18115234375,174.7054356079408,171.1640405724947,172.45991109697533,55215200.0
2024-03-20,176.74319458007812,176.74319458007812,173.20180001631465,173.82501083363408,53423100.0
2024-03-21,169.52191162109375,175.57592275278003,168.9976284397713,175.1406653733646,106181300.0
2024-03-22,170.42210388183594,171.18380430580046,168.22604350725265,169.90770741812418,71160100.0
2024-03-25,169.00753784179688,170.08577952012527,167.6226265638577,168.7305586050563,54288300.0
2024-03-26,167.8798370361328,169.57138777241732,167.7512341389727,168.16670300567833,57388400.0
2024-03-27,171.44100952148438,171.72789059246503,168.27552158079686,168.5722893771007,60273300.0
2024-03-28,169.6307373046875,170.37264922530974,168.67119667981044,169.89782982249778,65672700.0
2024-04-01,168.19638061523438,169.40322523760474,167.65230884379906,169.3438746978549,46240500.0
2024-04-02,167.0192108154297,167.51381877100314,166.41578850586058,167.25662806803024,49329500.0
2024-04-03,167.8204803466797,168.83937157047524,166.7620271262386,166.9697540235435,47691700.0
2024-04-04,166.9994354248047,170.06599565718972,166.9994354248047,168.4535689105981,53704400.0
2024-04-05,167.751220703125,168.55248310289795,167.12800990586356,167.76110742740823,42104800.0
2024-04-08,166.63343811035156,167.37535013675048,166.4257111957336,167.2071852220754,37425500.0
2024-04-09,167.84027099609375,168.24585316442327,166.53451377109624,166.88073030235694,42373800.0
2024-04-10,165.9706268310547,167.26649712267962,165.307854051912,166.97963118021664,49709300.0
2024-04-11,173.15234375,173.5678277091418,166.34654865134516,166.5246002673459,91070300.0
2024-04-12,174.64608764648438,176.43656618963917,172.33132583138607,172.38077455594663,101670900.0
2024-04-15,170.82769775390625,174.72521085075485,170.63974431610336,173.46890241983837,73531800.0
2024-04-16,167.55337524414062,171.88613013777277,166.45534511410173,169.89781183493915,73711200.0
2024-04-17,166.1882781982422,168.80969440593617,166.1882781982422,167.78091646807817,50901200.0
2024-04-18,165.2386016845703,166.8213530127437,164.75389559967167,166.21793076697907,43122900.0
2024-04-19,163.22061157226562,164.60550769336635,162.31053482208006,164.41756936525925,68149400.0
2024-04-22,164.05154418945312,165.45622881020677,162.9930911354229,163.7350029833429,48116400.0
2024-04-23,165.10011291503906,165.24850434331734,163.1414698344962,163.5668404824781,49537800.0
2024-04-24,167.19728088378906,167.47426013692973,164.41758653276062,164.74401450706145,48251800.0
2024-04-25,168.05789184570312,168.77012851479734,166.33665071301928,167.70177351115603,50558300.0
2024-04-26,167.4742431640625,169.49223681731962,167.35552700029277,168.04799015720317,44838400.0
2024-04-29,171.6289520263672,174.1316669492416,171.2332717193323,171.50034913417457,68169400.0
2024-04-30,168.49314880371094,173.10289859543835,168.1667057400835,171.46079655206535,65934800.0
2024-05-01,167.4742431640625,170.84747276952126,167.28628974114312,167.75122238913238,50383100.0
2024-05-02,171.1640625,171.5498561795682,169.04714062596727,170.64966589582906,94214900.0
2024-05-03,181.4023895263672,184.98334572031666,180.6901529770176,184.6371141692426,163224100.0
2024-05-06,179.75042724609375,182.21356516877455,178.47433028646978,180.38352481626606,78569700.0
2024-05-07,180.4329833984375,182.90602327557747,179.36464345444207,181.4716631656838,77305800.0
2024-05-08,180.7693328857422,181.09577596912635,179.49323582394607,180.87814724687024,45057100.0
2024-05-09,182.57958984375,182.66861565405213,180.14611203583203,180.5912561815798,48983000.0
2024-05-10,181.32154846191406,183.3422790564332,180.41023740048718,183.15407071820343,50759500.0
2024-05-13,184.52108764648438,185.33335221774516,182.8767582325011,183.68902280376187,72044800.0
2024-05-14,185.66021728515625,186.52201273815805,184.53098214319476,185.7394637127145,52393600.0
2024-05-15,187.92861938476562,188.8498308462509,185.60080260352015,186.13571225801192,70400000.0
2024-05-16,188.0474395751953,189.2955517477419,187.86914647323638,188.6714956614686,52845200.0
2024-05-17,188.0771942138672,189.00832091255782,187.39370695143634,187.72059282106466,41282900.0
2024-05-20,189.23611450195312,190.10781001398533,187.22528381236822,187.54226949481966,44361300.0
2024-05-21,190.53378295898438,190.91018461353585,189.11727756366656,189.28567056183377,42309400.0
2024-05-22,189.09747314453125,190.9993573729038,188.47343202447388,190.45454757387583,34648500.0
2024-05-23,185.1154022216797,189.1964945447871,184.86776283091424,189.17667916140735,51005900.0
2024-05-24,188.18612670898438,188.7804673088457,186.26444256610336,187.0370913918068,36327000.0
2024-05-28,188.196044921875,191.1776178733189,187.31444925751387,189.70168159973719,52280100.0
2024-05-29,188.49322509765625,190.43472491238563,187.7205912720781,187.8196530916493,53068000.0
2024-05-30,189.48374938964844,190.365345015264,188.82999288588945,188.95875509095092,49889100.0
2024-05-31,190.43470764160156,190.7516933437122,188.11680637508078,189.63235836586054,75158300.0
2024-06-03,192.19789123535156,193.14883318833753,190.7021546904014,191.07855630297723,50080500.0
2024-06-04,192.51487731933594,193.47571940906454,191.2073340206378,192.80213237542046,47471400.0
2024-06-05,194.0205078125,195.04078090785526,193.02995023528447,193.55494454203196,54156800.0
2024-06-06,192.6436309814453,194.64456149457678,192.3365605546928,193.8422122853953,41181800.0
2024-06-07,195.03091430664062,195.08044521695948,192.30688050093246,192.81205951087668,53103900.0
2024-06-10,191.29649353027344,195.43703247512377,190.33565137548777,195.04080033594326,97010200.0
2024-06-11,205.1940155029297,205.2039307530545,191.80168667352532,191.82148694435384,172373300.0
2024-06-12,211.05812072753906,218.1207863262847,204.94636687125956,205.41193016487838,198134300.0
2024-06-13,212.21707153320312,214.70336573665497,209.60200000148347,212.71235034689784,97862700.0
2024-06-14,210.48358154296875,213.13826855094433,209.30481562722255,211.8307404302917,70122700.0
2024-06-17,214.62411499023438,216.88258512602053,210.71141546378874,211.35527186274084,93728300.0
2024-06-18,212.26658630371094,216.5656178731208,210.98877362098574,215.5354294813442,79943300.0
2024-06-20,207.7001495361328,212.21710574149463,206.87799987381808,211.91002013114704,86172500.0
2024-06-21,205.53082275390625,209.8892705909824,205.15440599094305,208.40343403997312,241805100.0
2024-06-24,206.17465209960938,210.69159220230495,204.63928484253907,205.75861973380415,80727000.0
2024-06-25,207.0958709716797,209.38405645778604,206.6402078553848,207.17510227348808,55549700.0
2024-06-26,211.23641967773438,212.83121810497767,208.6510635966682,209.5029437835443,66213200.0
2024-06-27,212.07839965820312,213.70291360533915,210.34492376459474,212.66282504623206,49772700.0
2024-06-28,208.6312255859375,214.0297763055812,208.3142550307382,213.73260601871965,82542700.0
2024-07-01,214.70335388183594,215.45617219578955,209.91895899194967,210.08735196554287,60402900.0
2024-07-02,218.1901397705078,218.29910171758146,213.068958487467,214.10903193760322,58046200.0
2024-07-03,219.4580535888672,219.4580535888672,216.9618440422543,217.92268618597842,37369800.0
2024-07-05,224.20278930664062,224.31175124030364,219.55707203955853,219.55707203955853,60412400.0
2024-07-08,225.66883850097656,225.69855401964364,221.14198303770854,224.94572057418634,59085900.0
2024-07-09,226.52073669433594,227.23393947620644,224.23255073363126,225.7778183894468,48076100.0
2024-07-10,230.7801055908203,230.8791673967792,227.0853299721382,227.13486087511765,62627700.0
2024-07-11,225.4212188720703,230.19569903805672,223.63821202212716,229.2051413563895,64710600.0
2024-07-12,228.3631591796875,230.44333633793113,226.52072130415218,226.75846058686048,53046500.0
2024-07-15,232.1866912841797,234.98997105632398,230.88906326950251,234.24705286947437,62631300.0
2024-07-16,232.60276794433594,234.03907359612094,230.13627381333595,232.78106107648213,43234300.0
2024-07-17,226.71885681152344,229.27449755440023,224.50000206743292,227.28346685481674,57345900.0
2024-07-18,222.06320190429688,228.26410233218343,220.17124832102243,228.10560948409145,66034600.0
2024-07-19,222.1919708251953,224.65846466815103,221.17169771561296,222.6971648700337,49151500.0
2024-07-22,221.8452911376953,225.62921338494564,220.98349573063444,224.86647978572938,48201800.0
2024-07-23,222.8853759765625,224.7971601400939,220.57737479075328,222.25141967209163,39960300.0
2024-07-24,216.47645568847656,222.67735606492835,215.0797809310421,221.88490694575157,61777600.0
2024-07-25,215.43638610839844,218.76466037633443,212.59347540961954,216.86277641061952,51391200.0
2024-07-26,215.90196228027344,217.41751434744816,213.97036267942912,216.6349653026102,41601300.0
2024-07-29,216.17930603027344,217.22929471632008,213.71281205128278,214.91139345300462,36311800.0
2024-07-30,216.7340087890625,218.24956072806748,214.07930652606245,217.1203256536185,41643800.0
2024-07-31,219.9830322265625,221.70660788092644,218.5467267386139,219.34907597117163,50036300.0
2024-08-01,216.2981719970703,222.36038006072013,214.97082835556836,222.25141811315143,62501000.0
2024-08-02,217.7839813232422,223.4697870434651,215.6542886583774,217.08067881945357,105568600.0
2024-08-05,207.2939910888672,211.484045462397,194.14928763761037,197.21010696314244,119548600.0
2024-08-06,205.27325439453125,208.00720313955475,199.17143085232243,203.36148541473497,69660500.0
2024-08-07,207.8388214111328,211.62274392073394,204.4412006806638,204.94637966039352,63516400.0
2024-08-08,211.29583740234375,212.1774330540979,206.85814362500793,211.0977289070064,47161100.0
2024-08-09,214.1981964111328,214.7330909034816,209.96851092003678,210.09728825409005,42201600.0
2024-08-12,215.7254180908203,217.68898821235913,213.81143620679725,214.27753840147545,38028100.0
2024-08-13,219.43438720703125,220.04923895369578,217.19312608520667,217.19312608520667,44155300.0
2024-08-14,219.88064575195312,221.1797757696837,217.87739912826086,218.7401920302427,41960600.0
2024-08-15,222.85577392578125,223.48055242779947,220.9120269929499,222.73677426147512,46414000.0
2024-08-16,224.17474365234375,224.94827173921567,221.7946444270254,222.0624088054674,44340200.0
2024-08-19,224.01605224609375,224.11522871504155,221.18968933533225,223.84746435464618,40687800.0
2024-08-20,224.6309051513672,225.28543353253482,223.57970115675508,223.8970537532744,30299000.0
2024-08-21,224.52183532714844,226.08872985229075,223.1830436738614,224.64085012661386,34765500.0
2024-08-22,222.66734313964844,226.4457337259973,222.04256465043304,225.90029338876204,43695300.0
2024-08-23,224.9581756591797,226.32673228874265,222.46900358067504,223.78797197411373,38677300.0
2024-08-26,225.29534912109375,225.39452559231563,222.0326490158817,224.87883517993083,30602200.0
2024-08-27,226.1383056640625,226.95151036486342,223.02435510684418,224.12514736512034,35934600.0
2024-08-28,224.611083984375,227.95312221094204,223.80779089178384,226.02921369079436,38052200.0
2024-08-29,227.8837127685547,230.98775191089825,226.9812734022471,228.1911537968638,51906300.0
2024-08-30,227.1002655029297,228.4886453526855,225.59287085733376,228.28039594132485,52990800.0
2024-09-03,220.9219512939453,227.10026429068756,219.335218503661,226.65400042223428,50190600.0
2024-09-04,219.0178985595703,219.9401762860646,215.6758448114514,219.821176613538,43840200.0
2024-09-05,220.53517150878906,223.60944526365165,219.6823053430495,219.79139340374425,36615400.0
2024-09-06,218.9881134033203,223.37144384512357,217.9468210396507,222.0921370424939,48423000.0
2024-09-09,219.07737731933594,219.4343914347755,214.91222272734436,218.98812757352732,67180000.0
2024-09-10,218.2840118408203,219.6426417511051,214.9320468059923,217.10388142289187,51591000.0
2024-09-11,220.81285095214844,221.23927647566495,216.0824178921796,219.62280899168329,44587100.0
2024-09-12,220.9219512939453,221.69547936785247,217.9964268983011,220.6541869199912,37455600.0
2024-09-13,220.6541748046875,222.18139254741286,220.06907298412548,221.72521710949164,36766600.0
2024-09-16,214.5254669189453,215.4179946756504,212.14536768072225,214.74362792854853,59357400.0
2024-09-17,214.99154663085938,215.1006346980314,212.72055067344832,213.96018092212807,45519300.0
2024-09-18,218.8591766357422,220.86242312167604,215.73529969301012,215.74522641845653,59894900.0
2024-09-19,226.97132873535156,227.91345980340301,222.7665127356472,223.12352684243388,66781300.0
2024-09-20,226.30690002441406,231.15633305592988,225.7317097608303,228.06222073119503,318679900.0
2024-09-23,224.59127807617188,227.54655270637463,223.93674959465505,225.45405599040325,54146000.0
2024-09-24,225.48377990722656,227.44736512534206,223.85738561877668,226.75316007712865,43556100.0
2024-09-25,224.4920654296875,225.40443143928672,222.16156973744518,223.06400902085235,42308700.0
2024-09-26,225.63253784179688,226.60440369502516,223.54004142995942,225.41436171300208,36636700.0
2024-09-27,225.90028381347656,227.61594290444046,225.41435845997736,226.56473891662026,34026000.0
2024-09-30,231.06707763671875,231.06707763671875,227.74486252768645,228.13162655878588,54541900.0
2024-10-01,224.3334197998047,227.74486962890148,221.88390914906273,227.6159583693189,63285000.0
2024-10-02,224.898681640625,225.48378349827837,221.16987922367838,224.0160654907427,32880600.0
2024-10-03,223.7978973388672,224.92843958391967,221.46740141968138,223.2722952944607,34044200.0
2024-10-04,224.9185028076172,226.1085447535635,222.27065455992025,226.00936828631617,37245100.0
2024-10-07,219.85089111328125,223.81770763530983,219.49387702101052,222.63757729885364,39505400.0
2024-10-08,223.8970489501953,224.10529834651464,221.39795026893304,222.4392426471427,31855700.0
2024-10-09,227.6357879638672,227.84405251552317,222.96486939830248,223.36154504729694,33591100.0
2024-10-10,227.13992309570312,227.59611368544336,225.28544108575701,225.89038125247495,28183500.0
2024-10-11,225.66232299804688,227.50689365452033,225.45405843087093,227.39780557308669,31759200.0
2024-10-14,229.3811798095703,229.8076053434174,226.70358155060512,226.80274288926017,39882100.0
2024-10-15,231.91001892089844,235.51982138099225,230.44228590022638,231.672004479983,64751400.0
2024-10-16,229.857177734375,230.1943535005289,227.93326933706737,229.67867825777722,34082200.0
2024-10-17,230.22412109375,231.91003031839952,228.60765355789445,231.49350124327563,32993800.0
2024-10-18,233.0504608154297,234.22066437649204,232.0686683201459,234.22066437649204,46431500.0
2024-10-21,234.51820373535156,234.88514457730523,232.5050454306036,232.5050454306036,36254500.0
2024-10-22,233.9033660888672,234.2603802258017,230.67041566655348,231.94970749678197,38846600.0
2024-10-23,228.84564208984375,233.18931106897517,225.87052966736016,232.1381071008503,52287000.0
2024-10-24,228.65725708007812,228.9051831435476,226.51517225997247,228.0721400698136,31109500.0
2024-10-25,229.4902801513672,231.28526239164006,227.6655479946858,227.83413589840254,38802300.0
2024-10-28,231.46376037597656,232.78272881287972,230.62082086290692,231.38443735420992,36087100.0
2024-10-29,231.7315216064453,232.38605001867157,230.3927299983884,231.1662580738538,35417200.0
2024-10-30,228.19113159179688,231.53316974412917,227.64569128136466,230.68030356750913,47070900.0
2024-10-31,224.03590393066406,227.92338265648337,223.50037517792762,227.43744214117888,64370100.0
2024-11-01,221.060791015625,223.4805517303345,218.44269248362247,219.13688241025088,65276700.0
2024-11-04,220.16827392578125,220.94180209636423,217.8873660614612,219.15674639945414,44944500.0
2024-11-05,221.59628295898438,222.0921350198155,219.30544885909725,219.9599772111233,28111300.0
2024-11-06,220.87237548828125,224.19459083458287,219.35506917081855,220.76328741365683,54561100.0
2024-11-07,225.59288024902344,225.9895710313294,222.70703236030374,222.7665321945981,42137700.0
2024-11-08,225.32481384277344,227.01256271730918,224.77877343219782,225.53329235935942,38328800.0
2024-11-11,222.61447143554688,224.07388164377818,219.90414468405433,223.37892800863307,42005600.0
2024-11-12,222.61447143554688,223.96467356190874,221.75074442821315,222.9321731823864,40398300.0
2024-11-13,223.49807739257812,225.0170530189228,221.15507983350162,222.39607398240116,48566200.0
2024-11-14,226.5757293701172,227.2210402122622,223.3789275067786,223.3987876531247,44923900.0
2024-11-15,223.37893676757812,225.28510187679902,222.65420045885568,224.76884409236825,47923700.0
2024-11-18,226.37718200683594,228.08479108540536,223.54770942404784,223.62713486361545,44633700.0
2024-11-19,226.6352996826172,228.50175961033486,225.02697621656037,225.34466282087314,36211800.0
2024-11-20,227.35011291503906,228.27340522879027,224.26251907255318,226.4168829534927,35169600.0
2024-11-21,226.87356567382812,228.50174921258224,224.08381355701644,227.2309725554499,42108300.0
2024-11-22,228.21383666992188,229.05771868234922,226.4168797117104,226.4168797117104,38168300.0
2024-11-25,231.1922149658203,231.56948199204686,228.0847762696763,229.79238523732437,90152800.0
2024-11-26,233.366455078125,233.87279036398945,231.6489234928732,231.6489234928732,45986200.0
2024-11-27,233.23736572265625,233.99189975911068,232.12543996222107,232.78068842055708,33498400.0
2024-11-29,235.62010192871094,236.0966394139658,232.28430923421996,233.11825362062933,28481400.0
2024-12-02,237.86383056640625,239.0551819380818,235.45134517492735,235.5605532676808,48137100.0
2024-12-03,240.90176391601562,241.01097200063165,237.17878168890522,238.08222901174219,38861000.0
2024-12-04,241.25918579101562,242.35126670496282,239.5118714775545,241.12019505186365,44383900.0
2024-12-05,241.28897094726562,242.77816394602775,240.38553870781277,242.23213863223197,40033900.0
2024-12-06,241.09039306640625,242.86750503393802,240.33587413565135,241.15989600483465,36870600.0
2024-12-09,244.9722442626953,245.4587194212017,240.00826768189094,240.08769312504634,44649200.0
2024-12-10,245.98487854003906,246.4217108653419,243.57237825215392,245.11121388943334,36914800.0
2024-12-11,244.71409606933594,248.9930409884295,244.48574226451257,246.17350623578653,45205800.0
2024-12-12,246.17352294921875,246.9479020514793,243.9099357862414,245.11122473397327,32777500.0
2024-12-13,246.34230041503906,247.4939314395242,244.46591792091505,246.03453629863122,33155300.0
2024-12-16,249.23130798339844,249.56886987487528,245.86573275817128,246.20329464964811,51694800.0
2024-12-17,251.65374755859375,252.00123197197036,247.98040799068028,248.27824960945253,51356400.0
2024-12-18,246.26287841796875,252.4479889260113,245.95511429725673,250.34326772719038,56774100.0
2024-12-19,247.9903106689453,250.18439476471843,245.30976661195103,245.71681628677703,60882300.0
2024-12-20,252.65647888183594,253.16279902630112,243.919877297432,246.2529371403228,147495300.0
2024-12-23,253.43084716796875,253.80809906094288,251.62395254537785,252.93444954402884,40858800.0
2024-12-24,256.3397216796875,256.34962902881983,253.45066898797964,253.64924013847912,23234700.0
2024-12-26,257.15380859375,258.2260444048055,255.77383898408218,256.32980188696064,27237100.0
2024-12-27,253.74853515625,256.836144148833,251.2367643772991,255.97238682838486,42355300.0
2024-12-30,250.38296508789062,251.67360197393796,248.9434149702759,250.4127477342041,35557500.0
2024-12-31,248.61578369140625,251.45517870098834,247.63291094425557,250.62123433005314,39480700.0
2025-01-02,242.0931396484375,247.3053149666319,240.07776640397734,247.1365264348607,55740700.0
2025-01-03,241.60665893554688,242.42074318433572,240.14724866814672,241.60665893554688,40244100.0
2025-01-06,243.23484802246094,245.54806288478193,241.4478134561986,242.5498168429892,45045600.0
2025-01-07,240.46493530273438,243.78086767976055,239.6111308132576,241.22937670987722,40856000.0
2025-01-08,240.95140075683594,241.95413364050106,238.32049944087447,240.17702168463396,37628900.0
2025-01-10,235.1435546875,238.42970445265777,231.32128701842691,238.28077607985776,61710900.0
2025-01-13,232.71121215820312,232.9792711307645,228.06493742769467,231.84748509521594,49630700.0
2025-01-14,231.5992889404297,234.41882398797216,230.79512716232853,233.05869925952226,39435300.0
2025-01-15,236.15621948242188,237.2383779015073,232.74100113522098,232.94949481929564,39832000.0
2025-01-16,226.6154327392578,236.29518618874627,226.38709407905125,235.63995285298606,71759100.0
2025-01-17,228.32302856445312,230.6163829794148,226.83383581199988,230.44760961866567,68488300.0
2025-01-21,221.03594970703125,222.80312416686704,217.79944241349193,222.38615194982364,98070400.0
2025-01-22,222.21737670898438,222.5052806842356,218.2064751614249,218.2064751614249,64126500.0
2025-01-23,222.04861450195312,225.3943300272927,220.69841220245485,223.12083531174778,60234800.0
2025-01-24,221.1749267578125,224.00439930767484,219.81480209957203,223.160517277336,54697900.0
2025-01-27,228.2039337158203,230.47742834163907,222.36629236472388,222.40601266103107,94863400.0
2025-01-28,236.54339599609375,238.4594987479956,229.147074251248,229.18679454547646,75707600.0
2025-01-29,237.63548278808594,238.13188043636077,232.32402189200354,232.43322998057818,45486100.0
2025-01-30,235.8782196044922,239.05516137192973,235.50096771104396,236.95044029141235,55658300.0
2025-01-31,234.2996826171875,245.40906406001392,231.75812916176676,245.40906406001392,100959800.0
2025-02-03,226.36724853515625,230.15973381299622,224.0738938399255,228.33299411580026,73063300.0
2025-02-04,231.12274169921875,231.45036595591674,225.01704170433482,225.61272492539547,45067300.0
2025-02-05,230.7951202392578,230.99367626573292,226.625383087866,226.88350440739822,39620300.0
2025-02-06,231.5397186279297,232.11554171369926,228.7698112868805,229.62361584180033,29925300.0
2025-02-07,225.99000549316406,232.31410688860944,225.622660920367,230.92419948813392,39707200.0
2025-02-10,226.25831604003906,229.18034555631772,225.81107002878403,228.16659197494192,33115600.0
2025-02-11,231.1979522705078,233.79199753404617,226.7354100570617,226.80497424991785,53718400.0
2025-02-12,235.42196655273438,235.51142789245534,229.26980470124647,229.78663009476247,45243300.0
2025-02-13,240.05349731445312,240.85854326211725,234.12993999243653,235.46174477414044,53614100.0
2025-02-14,243.10472106933594,244.04891051069433,239.51678905976664,239.77519417214083,40896200.0
2025-02-18,242.97552490234375,243.6811760890431,240.3615975750387,242.65747382373942,48822500.0
2025-02-19,243.37306213378906,244.50609250836237,241.6735241546838,243.16435439309654,32204200.0
2025-02-20,244.3271942138672,245.27138364211797,242.7966000469895,243.4426355672204,32316900.0
2025-02-21,244.04891967773438,247.16972378813352,243.72093519653038,244.44646835255205,53197400.0
2025-02-24,245.58944702148438,247.33868242018207,242.92582237394555,243.43269920852308,51326400.0
2025-02-25,245.52978515625,248.4716967182176,243.41281661275679,246.48392314447185,48013300.0
2025-02-26,238.8906707763672,243.48242368752494,237.6681940595352,242.83640322847435,44433600.0
2025-02-27,235.84934997558594,240.9778097055873,235.61081167459415,237.94645181292123,41153600.0
2025-02-28,240.36158752441406,240.61005923211764,228.7927454203557,235.5014815283524,56833400.0
2025-03-03,236.5748748779297,242.5381957053339,234.66661403302143,240.31188380351972,47184000.0
2025-03-04,234.48770141601562,238.60240725621293,233.24534293735957,236.25683384188991,53798100.0
2025-03-05,234.29888916015625,235.1039350742086,227.82867612475383,233.98083809185871,47227600.0
2025-03-06,233.8914031982422,236.4059358119138,231.73467047090975,233.00684447444675,45170400.0
2025-03-07,237.60853576660156,239.89446338205195,233.32487071745646,233.67273718007357,46273600.0
2025-03-10,226.08938598632812,234.71633209649934,222.84932017741133,234.10011191080184,72071200.0
2025-03-11,219.48997497558594,224.45940937640347,216.12069905845206,222.44182022291236,76137400.0
2025-03-12,215.653564453125,220.39440897367027,213.5962265598192,218.7942505386503,62547500.0
2025-03-13,208.39817810058594,215.5144112677834,207.14588618522245,214.6298526174969,61368300.0
2025-03-14,212.18490600585938,212.64208545758027,208.2988048386841,209.9585940343847,60107600.0
2025-03-17,212.6917724609375,213.904315554563,208.6864099217596,212.00598815128762,48073400.0
2025-03-18,211.38978576660156,213.83473880015984,210.19712464056028,212.85080057479257,42432400.0
2025-03-19,213.9241943359375,217.42266485537363,212.44329758558237,212.91042558181826,54385400.0
2025-03-20,212.7911834716797,216.16045933121794,210.92267131595005,212.6818553101102,48862900.0
2025-03-21,216.93568420410156,217.5021918152461,209.9884097524224,210.26669685360034,94127800.0
2025-03-24,219.38063049316406,220.1260455978378,217.24377992596973,219.64898417718916,44299500.0
2025-03-25,222.38218688964844,222.73005335992565,218.73462390108503,219.4204082670252,34493600.0
2025-03-26,220.17575073242188,223.64442126802376,219.12223310716143,222.1436424317859,34466100.0
2025-03-27,222.48158264160156,223.61461307047793,219.21168633594712,220.03661426059983,37094800.0
2025-03-28,216.56793212890625,222.44180687800483,216.34927581514728,220.31488968867507,39818600.0
2025-03-31,220.7720947265625,224.24075018814546,214.90815310911736,215.6833836525119,65299300.0
2025-04-01,221.82559204101562,222.31258685550372,217.56180927777046,218.46624988397502,36412700.0
2025-04-02,222.52133178710938,223.81338775742097,219.66888130946384,219.96705040499884,35905900.0
2025-04-03,201.9478759765625,206.22159255986557,200.01973301812973,204.2835010267849,103419000.0
2025-04-04,187.22842407226562,198.658123727335,186.19477317599058,192.7047355778497,125910900.0
2025-04-07,180.3507080078125,192.96311894309866,173.55251067175698,176.11674047268428,160466300.0
2025-04-08,171.365966796875,189.17641711488596,168.175598539417,185.55866963100107,120859500.0
2025-04-09,197.6343994140625,199.38363475051753,170.83920418374143,170.89883496621582,184395900.0
2025-04-10,189.25592041015625,193.58926741380884,181.88128226075605,187.9141823452429,121880000.0
2025-04-11,196.93869018554688,198.32019241914816,184.9226007761468,184.96236474624945,87435900.0
2025-04-14,201.28196716308594,211.63826622013798,199.9302804535287,210.14743595954587,101352900.0
2025-04-15,200.90428161621094,202.26590170954893,198.57859009217825,200.6259945192588,51343900.0
2025-04-16,193.0823974609375,199.47308245703653,191.19400339685228,197.1473909296092,59732400.0
2025-04-17,195.77581787109375,197.61451451967758,193.2314700862815,195.99447418061752,52164700.0
2025-04-21,191.9791717529297,192.6152586778503,188.64964501381652,192.08849990403363,46742500.0
2025-04-22,198.5189666748047,200.3576482646354,194.77200897005906,194.92108593270402,52976400.0
2025-04-23,203.3492431640625,206.7284521815966,201.56024391015845,204.74067860292737,52929200.0
2025-04-24,207.09619140625,207.55338601533765,201.69939326414854,203.63746952607698,47311000.0
2025-04-25,208.00064086914062,208.46776890662989,204.9394675201618,205.10842646651815,38222300.0
2025-04-28,208.8553924560547,210.2070792460064,206.1917828448175,208.71624889674396,38743100.0
2025-04-29,209.91883850097656,210.94254069563792,207.09618845243054,207.4142395090872,36827600.0
2025-04-30,211.2009735107422,212.27437321950518,205.40661086468026,208.02053835450616,52286500.0
2025-05-01,212.0159454345703,213.2483553954001,207.62295230903422,207.80185982414434,57365700.0
2025-05-02,204.09466552734375,205.72463931330321,200.92416412992952,204.83013207172814,101010600.0
2025-05-05,197.67416381835938,202.8523212109494,196.99832800962005,201.85843431656065,69018500.0
2025-05-06,197.29649353027344,199.4234110025321,195.8156116766073,196.99833957685834,51216500.0
2025-05-07,195.05029296875,198.2207944248892,192.0686324392914,197.9524407308952,68536700.0
2025-05-08,196.28273010253906,198.82707814993435,193.48989516366862,196.51131984408346,50478900.0
2025-05-09,197.31634521484375,199.31405222350435,196.3323918231404,197.7834732241415,36453900.0
2025-05-12,209.776123046875,210.2538252478288,205.75556156059073,209.95526516858178,63775800.0
2025-05-13,211.90585327148438,212.37359390520234,207.9947628663851,209.41787763911134,51909300.0
2025-05-14,211.30874633789062,212.91100323820055,209.5671634108319,211.40825625105518,49325800.0
2025-05-15,210.43296813964844,211.93571508448807,208.53215118256114,209.9353730316401,45029500.0
2025-05-16,210.24388122558594,211.54759317457453,208.76105751069144,211.33859654598928,54737900.0
2025-05-19,207.7758026123047,208.47243269467637,203.2775387890809,206.90999202317107,46140500.0
2025-05-20,205.8650360107422,207.46729276724128,204.04383620537516,206.67113760639387,42496600.0
2025-05-21,201.11798095703125,206.04416933851562,199.74462882701684,204.1831685508297,59211800.0
2025-05-22,200.39151000976562,201.77482385442195,198.73949054480968,199.74464241928678,46742400.0
2025-05-23,194.33078002929688,196.74908474491085,192.52948833207407,192.73846975457602,78432900.0
2025-05-27,199.2470245361328,199.77447409530296,196.48038197740732,197.34620772495165,56288500.0
2025-05-28,199.4560089111328,201.75489573800118,198.9385057789635,199.6251894151235,45339700.0
2025-05-29,198.98826599121094,202.8297005493605,197.55518975609246,202.60081106845576,51396800.0
2025-05-30,199.88394165039062,200.98860329086406,195.83351057352263,198.4110493394953,70819900.0
2025-06-02,200.72982788085938,201.15776749414482,199.1574257965875,199.31665984736324,35423300.0
2025-06-03,202.2923126220703,202.78990771325485,199.99342573046133,200.38154929416936,46381600.0
2025-06-04,201.84446716308594,205.24801554678163,201.1279290627925,201.9340306292736,43604000.0
2025-06-05,199.66500854492188,203.76518718349973,199.18730633012683,202.52119947175674,55126100.0
2025-06-06,202.93917846679688,204.7106157617459,201.07817770068002,202.0236053289331,46607700.0
2025-06-09,200.48104858398438,205.0091667110405,199.05793398755327,203.4069099948636,72862600.0
2025-06-10,201.6951904296875,203.36711781582227,199.60530017876516,199.63515466910712,54672600.0
2025-06-11,197.8238983154297,203.51638723180633,197.45568281643992,202.5211970741936,60989900.0
2025-06-12,198.24188232421875,198.71956936233477,196.4107360236097,198.12246436103902,43904600.0
2025-06-13,195.505126953125,199.4062710181849,194.7587342450942,198.76934984808122,51447300.0
2025-06-16,197.46563720703125,197.73434281232372,195.61458283187793,196.3510290449251,43020700.0
2025-06-17,194.69900512695312,197.4357781067605,194.27108064091922,196.25149936947125,38856200.0
2025-06-18,195.6344757080078,196.6197193940347,194.13174409281177,194.9975546383106,45394700.0
2025-06-20,200.03323364257812,200.72986375748766,195.9131467510872,197.28651411005004,96813500.0
2025-06-23,200.5308074951172,201.32696262150702,198.00303129313016,200.6601870689569,55814300.0
2025-06-24,199.3365936279297,202.46149014710028,199.23706853700068,201.61557243039425,54064000.0
2025-06-25,200.5905303955078,202.690382284235,199.65504919597097,200.48105886821313,39525700.0
2025-06-26,200.03323364257812,201.66534499125092,198.5006473897771,200.461158146952,50799100.0
2025-06-27,200.1128387451172,202.24254507531293,199.03803155248616,200.91894034324127,73188600.0
2025-06-30,204.1831512451172,206.39247448465787,198.30157410241034,201.03834688076608,91912800.0
2025-07-01,206.8204345703125,209.17903048404247,205.14850713857425,205.6759567295316,78788900.0
2025-07-02,211.41819763183594,212.3138626915596,207.13887695509675,207.90517762155153,67941800.0
2025-07-03,212.52285766601562,213.61755770997246,210.7912213537831,211.12958235725722,34955800.0
2025-07-07,208.94017028808594,215.18996325511674,207.79570768244494,211.65703516300363,50229000.0
2025-07-08,208.9998779296875,210.41304612040562,207.4473837253886,209.08945658408672,42848900.0
2025-07-09,210.12442016601562,210.31350869943435,206.22327711077955,208.5221636267763,48749400.0
2025-07-10,211.3883514404297,212.45319704499605,209.0197939340788,209.49748097232364,44443600.0
2025-07-11,210.14434814453125,211.1096837700706,208.85059795908091,209.55718962168862,39765800.0
2025-07-14,207.61654663085938,209.8955403849565,206.54173953773955,208.92024318716173,38840100.0
2025-07-15,208.10421752929688,210.87084499335577,207.9151289669034,208.21368905566166,42296300.0
2025-07-16,209.149169921875,211.37838618562168,207.63647661047767,209.28849593835915,47490500.0
2025-07-17,209.00982666015625,210.7812638030366,208.58188702565155,209.55718424596662,48068100.0
2025-07-18,210.16424560546875,210.77131219576944,208.69136845628208,209.85573909301036,48974600.0
2025-07-21,211.4580078125,214.74213848423943,210.61210526026528,211.07984586548804,51377400.0
2025-07-22,213.36875915527344,213.91611676733493,211.20919838168209,212.1148250502387,46404100.0
2025-07-23,213.11996459960938,214.11515474984876,211.38834345684663,213.96588230147148,46989300.0
2025-07-24,212.73184204101562,214.65256693634578,212.50295255730364,212.87116805528336,46022600.0
2025-07-25,212.85125732421875,214.20471642869953,212.37355515647585,213.6673052863376,40268800.0
2025-07-28,213.02047729492188,213.8166325366559,212.03523347491873,213.000569237894,37858000.0
2025-07-29,210.2538299560547,213.7767964509494,209.80599741985404,213.14982178903043,51411700.0
2025-07-30,208.04449462890625,211.36842593737322,206.72088996610802,210.88077731884883,45512500.0
2025-07-31,206.57162475585938,208.83069544134486,206.16359315375274,207.48719786288635,80698400.0
2025-08-01,201.40658569335938,212.5527122409286,200.53081350952442,209.85574027592583,104434500.0
2025-08-04,202.37193298339844,206.88014336875773,200.70995198839026,203.52634207300898,75109300.0
2025-08-05,201.94400024414062,204.35235878558626,201.18766113385618,202.42168730403617,44155100.0
2025-08-06,212.22430419921875,214.3440641251077,204.60114383647723,204.6409599471833,108483100.0
2025-08-07,218.9716796875,219.78774287041324,215.5382768294147,217.8272171299369,90224800.0
2025-08-08,228.24685668945312,229.8889142887861,218.19543055331755,219.76783274169614,113854000.0
2025-08-11,226.34388732910156,228.71513292468896,223.9327956372812,227.08116933177635,61806100.0
2025-08-12,228.80479431152344,229.95057099439725,226.23430307406312,227.17083074525974,55626200.0
2025-08-13,232.47125244140625,234.1351043372746,229.58191650034667,230.2195756343437,69878500.0
2025-08-14,231.92327880859375,234.25466305951576,230.0003892485326,233.1985666998313,51916300.0
2025-08-15,230.73764038085938,233.41774239633352,228.49592139875156,233.13877413921495,56038700.0
2025-08-18,230.0402374267578,232.26202593201924,229.26310933608104,230.8472538899505,37476200.0
2025-08-19,229.71144104003906,232.01293684851592,228.50590285589897,230.4287923573085,39402600.0
2025-08-20,225.17819213867188,229.6217843388592,224.93908515924198,229.13358225147155,42263900.0
2025-08-21,224.072265625,225.6863136691638,222.95639256938466,225.43723377620466,30621200.0
2025-08-22,226.92173767089844,228.2468445109381,224.5803958248437,225.33759321802492,42477800.0
2025-08-25,226.32395935058594,228.45608264282492,225.3973742361901,225.64645413109014,30983100.0
2025-08-26,228.46604919433594,228.6453946309622,223.86305742355088,226.03502689374838,54575100.0
2025-08-27,229.64170837402344,230.05018785299507,227.41990473660533,227.76862267507164,31259500.0
2025-08-28,231.7041015625,232.55097936868034,228.49595098757067,229.97051505486425,38074700.0
2025-08-29,231.28562927246094,232.52107103838586,230.51845893056873,231.65426265633033,39418400.0
2025-09-02,228.8745574951172,230.00040359535532,226.13467838242784,228.4062860305561,44075600.0
2025-09-03,237.59234619140625,237.9709525201245,233.49747185558658,236.33698891571112,66427800.0
2025-09-04,238.89749145507812,239.01704493171877,235.86868682669095,237.5723846793371,47549400.0
2025-09-05,238.80784606933594,240.43185187342493,237.61226559630578,239.1167027112504,54870400.0
2025-09-08,237.0045166015625,239.2661511981365,235.47017586985078,238.41928864081726,48999500.0
2025-09-09,233.48751831054688,237.90120710535396,232.5011563745861,236.12775932745953,66313900.0
2025-09-10,225.955322265625,231.56460664903227,225.118417424808,231.33545739080094,83440800.0
2025-09-11,229.1833953857422,229.60184779162614,225.81583028738913,226.04499474029723,50208600.0
2025-09-12,233.20855712890625,233.6469250222829,228.17713965402348,228.3764005514914,55824200.0
2025-09-15,235.828857421875,237.31337916896246,234.16500543557729,236.12775635652346,42699500.0
2025-09-16,237.2735137939453,240.33222235518573,235.45026224943368,236.30708253667353,63421100.0
2025-09-17,238.11044311523438,239.21635855568803,236.85507060288438,238.09051246512186,46508000.0
2025-09-18,237.0045166015625,240.31228984200703,235.77903252032195,239.08682096339746,44249600.0
2025-09-19,244.59646606445312,245.3935247988757,239.32594197772087,240.34217704154452,163741300.0
2025-09-22,255.13751220703125,255.69547916115815,247.2068166293636,247.38616206443075,105517400.0
2025-09-23,253.4936065673828,256.3929004583055,252.64674396870498,254.93828225227924,60275200.0
2025-09-24,251.3813934326172,254.7987775332095,250.11606329601622,254.28068708944184,42303700.0
2025-09-25,255.9246063232422,256.22352044118514,250.7836088309123,252.27808820484515,55202100.0
2025-09-26,254.51980590820312,256.6519291955366,252.84598111295833,253.16481067495934,46076300.0
2025-09-29,253.4936065673828,254.06151607705354,252.07883445903423,253.6231329894407,40127700.0
2025-09-30,253.69287109375,254.97811672142575,252.17846100632588,253.92202035086734,37704300.0
2025-10-01,254.5098419189453,257.83756097799323,253.9917514638179,254.10134722927504,48713900.0
2025-10-02,256.18365478515625,257.229778167004,253.21461153357077,255.63566078088252,42630200.0
2025-10-03,257.07037353515625,258.2858846694617,253.01536064819075,253.73271197999827,49155600.0
2025-10-06,255.74526977539062,258.11651518827176,254.11130630837613,257.0404730386864,44664100.0
2025-10-07,255.53607177734375,256.45266881763376,254.48991791397023,255.86484387966763,31955800.0
2025-10-08,257.1102600097656,257.5685585594684,255.16742442767125,255.57591915435188,36496900.0
2025-10-09,253.10501098632812,257.0504430809132,252.20832947523735,256.86113993459566,38322000.0
2025-10-10,244.36732482910156,255.43643674947074,243.10199461677743,254.0017340209507,61999100.0
2025-10-13,246.74851989746094,248.7710475029622,244.6562426215344,248.46219085423505,38142900.0
2025-10-14,246.8581085205078,247.93413549962378,243.79940008876653,245.69241642712313,35478000.0
2025-10-15,248.42233276367188,250.89321639065437,246.559219921403,248.57178982967116,33893600.0
2025-10-16,246.53927612304688,248.1234206007849,244.2278226113223,247.33633482463924,39777000.0
2025-10-17,251.36146545410156,252.44746537322095,246.35995200283696,247.10719170360767,49147000.0
2025-10-20,261.27484130859375,263.4069798400544,254.68918336894043,254.94822099113512,90483000.0
2025-10-21,261.8028869628906,264.3136317818121,260.86634411857244,260.9161783410852,46695900.0
2025-10-22,257.4988098144531,261.882609922878,254.4899051977633,261.6833338430701,45015300.0
2025-10-23,258.6246032714844,259.66078406832133,257.06040475940137,258.98329410338334,32754900.0
2025-10-24,261.85272216796875,263.15789839957887,258.22610426270086,260.2287163700197,38253700.0
2025-10-27,267.8206481933594,268.1295048126629,263.6759553344934,263.9051197703755,44888200.0
2025-10-28,268.00994873046875,268.896687690681,267.16307106420925,267.9999758056659,41534800.0
2025-10-29,268.7073974609375,270.4110953948544,266.1269030442272,268.28892986747474,51086700.0
2025-10-30,270.401123046875,273.1310593223432,267.49188695276854,270.98894793982623,69886500.0
2025-10-31,269.3749084472656,276.29934139392066,268.1693703205502,275.97053891965146,86167100.0
2025-11-03,268.0597839355469,269.8531775103368,265.2701011373342,269.42476736726525,50194600.0
2025-11-04,269.0461730957031,270.49081837885313,266.6350661079627,267.3424445625432,49274800.0
2025-11-05,269.1457824707031,270.70003856307255,265.94757476828966,267.6213843438783,43683100.0
2025-11-06,268.7771301269531,272.3937751745226,266.90407480138714,266.90407480138714,51204000.0
2025-11-07,267.48193359375,271.2878818962731,265.7881780523408,268.80702532983145,48227400.0
2025-11-10,268.6985778808594,272.98692304032335,266.733924572705,268.2298525605972,41312400.0
2025-11-11,274.5028076171875,275.16101963639426,269.0675899882029,269.07757258136417,46208300.0
2025-11-12,272.7276916503906,274.9815668240292,270.96250711171905,274.2535373864602,48398000.0
2025-11-13,272.20904541015625,275.9488654308047,271.3513641926929,273.3658696206449,49602800.0
2025-11-14,271.6705322265625,275.21088338895913,268.8681625557137,270.31420819279356,47431300.0
2025-11-17,266.73394775390625,269.7557213346742,265.00866346949266,268.09027174019775,45018300.0
2025-11-18,266.7139892578125,269.97510130800674,264.59974924229334,269.25705465795,45677300.0
2025-11-19,267.83099365234375,271.47107967039307,264.77930243197466,264.80921977983166,40424500.0
2025-11-20,265.5272521972656,274.68232536305425,265.1981613886433,270.09480618650156,45823600.0
2025-11-21,270.75299072265625,272.5879921198442,264.9488130991126,265.2280517805383,59030800.0
2025-11-24,275.1710205078125,276.24807542504453,270.164627965921,270.164627965921,65585800.0
2025-11-25,276.2181396484375,279.6188865292943,274.5028075356392,274.52274228722064,46914200.0
2025-11-26,276.7966003417969,278.7712367451818,275.8791146523587,276.2082055022192,33431400.0
2025-11-28,278.0930480957031,278.242634823177,275.2407959413455,276.50736791500816,20135600.0
2025-12-01,282.3315124511719,282.65065109438723,275.3904143522869,277.2553332443013,46587700.0
2025-12-02,285.4131164550781,286.619823290159,281.86278279875575,282.231773534172,53669500.0
2025-12-03,283.378662109375,287.8365294074879,282.5309633672564,285.4231155973949,43538700.0
2025-12-04,279.9380187988281,283.95707766942763,277.83373081751637,283.3287830094401,43989100.0
2025-12-05,278.0232238769531,280.37683325787106,277.2951945750906,279.77845592816414,47265800.0
2025-12-08,277.1356506347656,278.9108174051644,275.4003533668138,277.374989388386,38211800.0
2025-12-09,276.4275817871094,279.2698514894354,276.16830825817004,277.40493251311347,32193300.0
2025-12-10,278.0232238769531,278.9905919368044,275.68957968235776,276.9960211276047,33038300.0
2025-12-11,277.2752685546875,278.8310314000742,273.0667227973629,278.34237127554803,33248000.0
2025-12-12,277.5245666503906,278.4620173164318,276.06853855760204,277.14559334691864,39532900.0
2025-12-15,273.3658752441406,279.3894873363706,272.0993337942639,279.3894873363706,50409100.0
2025-12-16,273.8645324707031,274.752131096348,271.0522107383373,272.07941349564567,37648600.0
2025-12-17,271.10205078125,275.41033087528734,270.9026119684932,274.2634587890498,50138700.0
2025-12-18,271.4511413574219,272.88723490520505,266.22537510199504,272.8672697170699,51630700.0
2025-12-19,272.9271240234375,273.8545921928022,269.1673383776201,271.4112306527045,144632000.0
2025-12-22,270.23443603515625,273.13654030849926,269.7756932559407,272.1192896847017,36571800.0
2025-12-23,271.62066650390625,271.7603010837797,268.8282792538215,270.1048034873943,29642000.0
2025-12-24,273.06671142578125,274.6823088952694,271.46109654935304,271.60070067851706,17910600.0
2025-12-26,272.6578674316406,274.6225212124231,272.1193247047194,273.4158142002898,21521800.0
2025-12-29,273.0168762207031,273.61522314661676,271.6107000753325,271.9497734782625,23715200.0
2025-12-30,272.33868408203125,273.3359694836473,271.54086793463244,272.06942798009953,22139600.0
2025-12-31,271.12200927734375,272.9370761103812,271.0123224859311,272.3187639976345,27293600.0
2026-01-02,270.27435302734375,277.0857995993762,268.26979943372277,271.52095990203577,37838100.0
2026-01-05,266.5345458984375,270.7730094869922,265.41759095171795,269.9053759278346,45647200.0
2026-01-06,261.6478271484375,266.8237416838396,261.4084883511094,266.27524679504927,52352100.0
2026-01-07,259.6233215332031,262.96423405428067,259.10474402829175,262.485556491205,48309800.0
2026-01-08,258.3368225097656,258.58614386359903,255.00587765735156,256.3222864925608,50419300.0
2026-01-09,258.6659240722656,259.5036402038468,255.52448097015204,258.3767027680543,39997000.0
2026-01-12,259.54351806640625,260.5906555331263,256.1028713590674,258.45648066308013,45263800.0
2026-01-13,260.34136962890625,261.0993163539261,257.68861696081353,258.01770778709204,45730800.0
2026-01-14,259.2543029785156,261.1092696408236,256.0131254420647,258.78557762508564,40019400.0
2026-01-15,257.50909423828125,260.3314293980394,256.35223934409396,259.94247342351326,39388600.0
2026-01-16,254.83633422851562,258.1971811198186,254.23795690818102,257.1998957308392,72142800.0
2026-01-20,246.0303192138672,254.09835490933511,242.75922413209136,252.04394930256512,80267500.0
2026-01-21,246.9777374267578,250.87712721718017,244.51444112970407,248.02489020045314,54641700.0
2026-01-22,247.67584228515625,250.31864258405668,247.47637302553753,248.52352576906395,39708300.0
2026-01-23,247.36666870117188,248.73296007338791,244.0157890837153,246.64863719927277,41689000.0
2026-01-26,254.71669006347656,255.86356228737432,249.121917868832,250.7973501838168,55969200.0
2026-01-27,257.56890869140625,261.2389423700868,257.5090739976807,258.4664899667647,49648300.0
2026-01-28,255.74388122558594,258.1572949521919,253.81911240916085,256.9505880888889,41288000.0
2026-01-29,257.5788879394531,258.94516415300217,253.7193980705993,257.29964922744847,67253000.0
2026-01-30,258.7756652832031,261.1890792690021,251.49546251262876,254.4773517832236,92443400.0
2026-02-02,269.27703857421875,269.7557160843994,258.50633807413067,259.3241194003358,73913400.0
2026-02-03,268.7485046386719,271.1419837262723,266.88355520832346,268.4692659190308,64394700.0
2026-02-04,275.7394104003906,278.19275421850585,271.55083028665655,271.55083028665655,90545700.0
2026-02-05,275.1610412597656,278.7412924914769,272.48832346973,277.37501624935936,52977400.0
2026-02-06,277.364990234375,280.1474248180158,276.1782182606431,276.3677049075235,50453400.0
2026-02-09,274.13079833984375,277.70443813431814,271.2160169672847,277.41494619870406,44623400.0
2026-02-10,273.19244384765625,274.87943562430115,272.4537718732244,274.40031021957236,34376900.0
2026-02-11,275.00921630859375,279.6808719096702,273.9610989943363,274.2106536370846,51931300.0
2026-02-12,261.2637939453125,275.22886395053104,259.7165366668213,275.09909064411113,81077200.0
2026-02-13,255.32435607910156,261.7628783299504,254.9949421084194,261.5432690161623,56290700.0
2026-02-17,263.4099426269531,265.8156532326085,255.08478749757862,257.5903108294174,58469100.0
2026-02-18,263.8791198730469,266.3447212846438,261.9825104325609,263.13045584681157,34203300.0
2026-02-19,260.11578369140625,264.00886051677537,259.5867290635135,262.13220471573277,30845300.0
2026-02-20,264.1086730957031,264.2783836675007,257.7001265171608,258.50868117461044,42070500.0
2026-02-23,265.705810546875,268.95002088588865,262.91081074777924,263.0206001676805,37308200.0
2026-02-24,271.6552429199219,274.4003442568012,267.233111068832,267.38283777638213,47014600.0
2026-02-25,273.74151611328125,274.45024283739696,270.567157599074,271.29586819299504,33714300.0
2026-02-26,272.4637756347656,275.61811956353745,270.31758130113775,274.4602128097023,32345100.0
2026-02-27,263.7093811035156,272.3240124520744,262.4217010495403,272.3240124520744,72366500.0
2026-03-02,264.2484130859375,266.05518620599753,259.73647625260065,261.94253069595567,41827900.0
2026-03-03,263.2801818847656,265.08695529305965,259.6666350681776,263.0106738027697,38568900.0
2026-03-04,262.0523376464844,265.67587606267574,260.95432154975975,264.17854815272653,39803100.0
2026-03-05,259.8263244628906,261.09405110124777,256.79173142961054,260.3254337562426,49658600.0
2026-03-06,257.0013427734375,258.3090066542827,253.916851068475,258.16927189629365,41120000.0
2026-03-09,259.41705322265625,260.68477987096253,253.22808575123491,255.2345148744848,38218500.0
2026-03-10,260.3653564453125,262.01244158439727,256.4922936817907,257.19102845716964,30590800.0
2026-03-11,260.3453674316406,261.6630231774062,259.08760235948154,260.62486739620806,26218900.0
2026-03-12,255.30438232421875,258.48871731031414,253.72719511663234,258.1992253881205,40794000.0
2026-03-13,249.6744384765625,255.87336762960538,249.07551643845036,255.024890934378,36930000.0
2026-03-16,252.36964416503906,253.43773019062647,249.4348789230203,251.66090222791988,32074200.0
2026-03-17,253.77711486816406,254.67552076289968,251.7307636559193,252.5093881906664,32361600.0
2026-03-18,249.49476623535156,254.48585937367065,248.55643828829037,252.1799767808244,35757900.0
2026-03-19,248.5165252685547,251.38140795985734,246.85947863088072,248.95572868612365,34864100.0
2026-03-20,247.54823303222656,248.75606899357115,245.56177255944445,247.53824109812177,88331100.0
2026-03-23,251.04200744628906,254.14646797882926,249.83415620831627,253.51758537106093,40546100.0
2026-03-24,251.1917266845703,254.37604644028636,249.10545347620703,249.90403139868116,45152300.0
2026-03-25,252.16998291015625,254.5457480998694,251.15181088451408,253.6473574345128,28476700.0
2026-03-26,252.43951416015625,256.5421934269488,250.32329549316128,251.67088153367666,41796700.0
2026-03-27,248.35679626464844,255.03488128462607,247.6281009352486,253.4477020992108,47900000.0
2026-03-30,246.19065856933594,250.4230956915925,245.07264337813007,249.62453299565456,39446200.0
2026-03-31,253.337890625,255.02488248828539,246.65982101631488,247.46837564153284,49598100.0
2026-04-01,255.17462158203125,255.7236296181179,252.8787157917901,253.62737973002484,40059400.0
2026-04-02,255.464111328125,255.6737439434535,250.20349485503914,253.74717405681358,31289400.0
2026-04-06,258.3988342285156,261.6929736576745,256.003115847535,256.053045051996,29329900.0
2026-04-07,253.0484161376953,255.7436185540334,245.2623079794448,255.70368128016966,62148000.0
2026-04-08,258.43878173828125,259.2872736156141,256.0730086009651,257.98960165960847,41032800.0
2026-04-09,260.02593994140625,260.65482250105316,255.6138310165902,258.5386040524215,28121600.0
2026-04-10,260.0159912109375,261.7229364827484,258.5585701252562,259.5168819122501,31291500.0
2026-04-13,258.73828125,259.71651601158027,256.2027973984465,259.2673359057164,36234700.0
2026-04-14,258.368896484375,261.4633801130582,256.73183388682423,258.78816168339415,48370700.0
2026-04-15,265.95538330078125,266.08515659729386,257.35074355126085,257.7001261657452,49913500.0
2026-04-16,262.9307556152344,266.6840670491935,260.804545264895,266.3246925362851,43323100.0
2026-04-17,269.7486267089844,271.8149160854778,266.24486962975914,266.4844323486072,61436200.0
2026-04-20,272.5635681152344,273.7913879220191,269.80850557942483,269.84841238867654,36590200.0
2026-04-21,265.69586181640625,272.3140256362382,264.9272139873882,271.0163536236942,50209800.0
2026-04-22,272.68341064453125,273.2523721409737,266.39461467279705,267.3429346055621,43249200.0
2026-04-23,272.9429016113281,275.2787294551341,271.1660737405759,274.56001085217736,33399600.0
2026-04-24,270.5771179199219,272.5735550213531,269.16962610782736,272.2741016414235,38157100.0
2026-04-27,267.1332702636719,267.88193422863776,264.59781690250213,265.6159889280984,41466800.0
2026-04-28,270.2277526855469,272.7432830913257,268.181416710472,271.8548539018017,40018900.0
2026-04-29,269.688720703125,270.55716597281076,266.56429174844374,267.07336249706583,30047900.0
2026-04-30,270.86663818359375,275.50834883767226,267.6623648300734,270.018146234023,91848200.0
2026-05-01,279.6409606933594,286.7083346607987,277.87409435408995,278.36321169794013,79915400.0
2026-05-04,276.33685302734375,280.13010214166496,274.3703610857382,279.16182884121525,46668400.0
2026-05-05,283.67376708984375,284.0630869835518,276.00745521106614,276.43668191704,49311700.0
2026-05-06,286.9978332519531,287.5168959460148,280.5693031693742,281.4177950537395,58336100.0
2026-05-07,286.9279479980469,291.60959552514373,285.2709015174152,288.75467457606095,45224300.0
2026-05-08,292.7974853515625,294.2349225642168,289.48339230776435,289.49338424193445,52692800.0
2026-05-11,292.42779541015625,293.6267735875138,289.979924827367,291.72841688276577,42247300.0
2026-05-12,294.54595947265625,295.0155556946294,292.3078994315659,292.3078994315659,45748100.0
2026-05-13,298.6124572753906,300.6607090744109,293.24708951115105,293.24708951115105,52684300.0
2026-05-14,297.9530334472656,300.1911240450107,295.12548538387824,299.5616620172475,35324900.0
2026-05-15,299.9713134765625,302.93875555297063,296.26448829773227,297.643304079477,54862800.0
2026-05-18,297.5833435058594,300.4009207908792,294.6558756451712,299.98126929450746,34483000.0
2026-05-19,298.7123718261719,300.2510533099592,296.09463441963413,296.7140952726279,42243600.0
2026-05-20,301.98956298828125,302.5390768782648,297.82314269813475,297.9230626302997,38229800.0
2026-05-21,304.7271728515625,305.27671719779084,300.1411318265125,300.80056674721834,42965100.0
2026-05-22,308.55389404296875,311.13165741506583,305.57645096183757,305.85620846339293,43670200.0
2026-05-26,308.0643005371094,311.5513139598484,307.4048960873393,309.29325163060713,48000500.0
2026-05-27,310.5821533203125,312.9900803339556,308.0343323058515,308.0643052358437,50430900.0
2026-05-28,312.24072265625,312.5304508120942,309.30325358892543,310.412282475935,48220400.0
2026-05-29,311.7911071777344,314.7285763294451,309.2632884033746,311.5113496628706,70026800.0
2026-06-01,306.0460510253906,310.67206624496237,304.7571540774977,309.363197507879,48849900.0
2026-06-02,314.92840576171875,315.1781903378333,306.42572903356995,307.1950545511415,44534700.0
2026-06-03,309.9926452636719,316.6668815001487,308.5838566628498,313.9092501546009,50836700.0
2026-06-04,310.9618225097656,313.26982953176514,309.38316692864953,312.96009909963743,44869100.0
2026-06-05,307.0751647949219,314.8984348439246,306.8853260765596,312.5903972939029,65310500.0
2026-06-08,301.2801818847656,317.1265012321255,300.9105055796523,308.4739595974908,77949100.0
2026-06-09,290.29962158203125,300.4908444635933,287.5320194610898,300.0212482417878,70108800.0
2026-06-10,291.3287353515625,294.4960172141002,287.1323727394638,290.4894628291428,52793300.0
2026-06-11,295.375244140625,296.7440586571729,289.3404406054596,293.4668864344149,42572500.0
2026-06-12,290.879150390625,296.88398158337014,289.3704417369658,295.7749221682621,38742100.0
2026-06-15,296.1645812988281,297.5233947188816,291.4486474146935,293.8665449684006,45732600.0
2026-06-16,298.9821472167969,300.2210994929347,293.71669913987887,294.99559499590845,39874400.0
2026-06-17,295.6949768066406,301.8096980081642,294.10632015937927,300.59074812548096,42745100.0
2026-06-18,297.7532043457031,300.31099586682666,295.3652492546472,297.8530937792582,85962200.0
2026-06-22,296.75408935546875,302.1594314563154,296.5043047694293,297.05381866220307,44879900.0
2026-06-23,294.04638671875,301.3800886038737,293.9264950024863,297.2836155142734,52010900.0
2026-06-24,292.8274230957031,299.4417438827621,292.68755959702736,295.1054570720635,53081900.0
2026-06-25,274.91290283203125,288.55113481081804,273.5141152813601,287.1523472601469,107013700.0
2026-06-26,283.53546142578125,285.70360492137456,273.9737007161028,274.7630284991681,261775500.0
2026-06-29,281.4972229003906,288.12151489662153,279.6088673150861,286.4829438934296,66427000.0
2026-06-30,289.11065673828125,289.69017405322865,280.45814550695326,280.9277417485351,65100200.0
2026-07-01,294.1263427734375,296.33442991747245,288.95081360688545,293.1871503157195,50164200.0
2026-07-02,308.3640441894531,309.15337194761725,293.4269150966668,293.866538367699,75352800.0
2026-07-06,312.3905944824219,313.9292760509671,306.7354678654279,307.0951430290638,53590000.0
2026-07-07,310.3923034667969,315.20815732134815,309.88273318392555,315.0183186077797,42490000.0
2026-07-08,313.1199645996094,314.5487250421545,306.7854009831778,311.6412289475945,41323500.0
2026-07-09,315.947509765625,316.2572401947346,307.8944576262147,310.24243869469103,48124500.0
2026-07-10,315.0483093261719,316.6369356310425,311.9010296470402,314.4488202226986,34132300.0
2026-07-13,317.03656005859375,323.171283634363,315.5078797345754,316.7468014245228,43257800.0
2026-07-14,314.58868408203125,315.91755515351207,311.64124426456783,313.48965629761443,36336800.0
2026-07-15,327.2178039550781,328.44675508114506,317.0465830462295,317.34631234952286,60957600.0
2026-07-16,332.97283935546875,334.3915986652446,326.50841333986017,327.72736328456057,62970600.0
2026-07-17,333.452392578125,334.7013154010385,328.71648699084636,331.693929977533,63407100.0
2026-07-20,326.3085632324219,333.4224228207836,323.4010672140761,333.2226134619852,53468000.0
2026-07-21,327.45758056640625,329.3159936819017,321.94234806189104,322.85156758462244,41338900.0
2026-07-22,325.60919189453125,328.7164973399543,323.0613709608057,327.58746619388995,38755900.0
2026-07-23,321.3828430175781,323.0214140443725,319.0748358849152,321.4527900194849,40840800.0
2026-07-24,332.7330322265625,334.0818750563203,321.3428614810286,321.5127284115298,47489400.0
2026-07-27,336.61968994140625,339.277401491225,333.73216560461384,334.2517370375488,49604300.0
2026-07-28,339.78692626953125,342.59453283396704,335.31080637618777,339.73698155301014,51859000.0
2026-07-29,337.8985900878906,344.2730974331505,337.0593175600121,339.43727163464206,56090800.0
2026-07-30,333.1426696777344,334.4615395264105,329.30598233808786,332.8129674612056,74817800.0
2026-07-31,308.6438293457031,310.4222943774597,299.7415030462749,304.54735603914753,132489100.0
2026-08-03,303.1585693359375,311.5313230344714,302.29929450581176,309.313234694189,75052000.0
2026-08-04,309.1134033203125,310.1525156602479,301.0603512911937,302.46913991298527,68001000.0
2026-08-05,310.7320251464844,311.4414048335362,305.40663118634393,309.09342362565195,49438800.0
2026-08-06,312.14080810546875,316.0174696892129,308.96355554648414,314.06913775686996,46139900.0
2026-08-07,313.05999755859375,314.53873325457766,310.47223295908327,311.1816431226555,34437200.0
2026-08-10,308.260009765625,308.260009765625,304.6099853515625,306.8299865722656,44812500.0
2026-08-11,304.9100036621094,309.9700012207031,302.7900085449219,307.75,37476700.0
2026-08-12,302.25,305.6600036621094,300.57000732421875,305.1000061035156,41657800.0
2026-08-13,305.260009765625,306.0,302.04998779296875,304.2099914550781,40349300.0
2026-08-14,305.92999267578125,307.489990234375,304.29998779296875,306.0,28229400.0
2026-08-17,305.5899963378906,307.6600036621094,302.94000244140625,306.2099914550781,38169300.0
2026-08-18,310.0299987792969,311.489990234375,305.739990234375,307.5799865722656,53424500.0
2026-08-19,316.8299865722656,319.2799987792969,309.6000061035156,310.1400146484375,50505600.0
2026-08-20,311.29998779296875,320.2799987792969,310.6499938964844,317.4599914550781,40959200.0
2026-08-21,309.3500061035156,312.3800048828125,307.010009765625,312.04998779296875,46876800.0
2026-08-24,310.3399963378906,313.3599853515625,309.9700012207031,311.4700012207031,34673600.0
2026-08-25,309.8999938964844,313.5899963378906,308.2099914550781,310.7900085449219,25869800.0
2026-08-26,313.45001220703125,315.42999267578125,308.79998779296875,310.29998779296875,33897800.0
