Date,Close,High,Low,Open,Volume
2021-08-25,159.13198852539062,159.61192014621002,156.29000586491873,158.75555889789518,26055400
2021-08-26,155.49951171875,158.52028203642382,155.10427141360205,157.58864930261825,18816500
2021-08-27,150.0696258544922,152.23404922440105,149.20385937839262,150.55897711813802,31718100
2021-08-30,152.723388671875,153.6644410779997,148.90271820049998,150.7283621658731,23769400
2021-08-31,157.1463623046875,159.03787266226158,156.34646193514274,157.8145015391491,24629100
2021-09-01,163.06556701660156,164.48655104351613,159.34841271941494,159.56485076181312,29550200
2021-09-02,161.86102294921875,167.6767202534085,161.5504739146279,167.5167430584958,29302400
2021-09-03,160.26123046875,161.91747756346112,158.9249377515421,159.53190622551483,16423500
2021-09-07,164.8347625732422,166.41572391171863,163.15027052404443,163.88429033966878,24608500
2021-09-08,160.64706420898438,164.09130513750736,159.2825267187059,163.97838344260114,18993000
2021-09-09,157.4569091796875,159.07550624842096,155.81947268126325,157.4380841093181,17295800
2021-09-10,158.19093322753906,161.52225280647906,157.7298123266718,161.1081874031406,15064300
2021-09-13,155.65948486328125,157.0258890768711,153.41037014482572,154.79371835652435,15458600
2021-09-14,150.7095489501953,153.45648711319257,150.07904551162216,153.25980748946768,20925900
2021-09-15,148.55453491210938,148.7145120996549,144.84678609687657,148.63922618328283,31796600
2021-09-16,147.04884338378906,148.3465669396368,144.61152110525535,145.78783660948824,24358900
2021-09-17,150.61544799804688,150.9259970307039,148.77097887177752,149.137988754132,25489000
2021-09-20,142.56002807617188,145.99486346789774,140.30149378247359,145.2984795477932,36177500
2021-09-21,141.32725524902344,143.58578982772448,140.754160374237,142.64473734309607,19494700
2021-09-22,142.9364471435547,144.92206826361732,142.11773615808676,142.54120686231775,19832000
2021-09-23,142.27772521972656,143.67988420989286,140.79086059418637,143.58578757849682,24707500
2021-09-24,136.52789306640625,139.2757645354741,136.0479614795923,139.00286563928287,32067400
2021-09-27,141.32725524902344,142.0895198234024,135.92562317722192,136.3773243492336,24287400
2021-09-28,143.406982421875,144.6679892598756,140.08506841886035,143.19054437877242,26299600
2021-09-29,138.88052368164062,143.13408481874677,138.78641269197206,141.5907593597006,17361300
2021-09-30,139.32281494140625,140.76262400857686,138.20672239573057,138.36293744351903,14291500
2021-10-01,135.69976806640625,139.69924120432339,134.89046233941957,138.41940922581705,20211000
2021-10-04,131.399169921875,133.5353488354158,130.26989539357888,133.3471412004738,25218500
2021-10-05,134.70223999023438,135.3515684438635,130.98508588130898,131.16388813483815,14032100
2021-10-06,135.60565185546875,136.35095797830974,131.70969562968463,132.2743184344055,14875900
2021-10-07,146.80416870117188,148.9591722954154,141.86364379295938,142.145962373864,46035900
2021-10-08,151.99879455566406,153.18451546403375,148.60159466336438,150.4366440546463,33499200
2021-10-11,154.28553771972656,159.7906999895955,154.28553771972656,159.61189773655443,42193600
2021-10-12,153.39154052734375,155.96060954746818,152.67634587583527,154.1679058820752,24512700
2021-10-13,157.5321807861328,158.3461963578083,153.95619281831233,154.69021261038677,18595000
2021-10-14,156.94871520996094,159.02844729345765,154.76548114933271,158.34146871549893,17403700
2021-10-15,158.0968017578125,159.79069893422448,155.68300007634042,157.14634401183798,20762800
2021-10-18,156.9863739013672,159.27312442306194,156.76051614789637,156.76051614789637,18945900
2021-10-19,166.5662841796875,166.98034955649558,160.4023877407219,160.54355422426332,33538900
2021-10-20,166.73565673828125,171.35622745185637,165.74756320930035,170.2834282940977,33714400
2021-10-21,166.96151733398438,169.18240160227424,166.29337816220325,166.56627704377857,16444000
2021-10-22,167.2250213623047,171.35624113901795,165.4464327650254,168.52367836833503,20807300
2021-10-25,165.7852020263672,167.77082319398184,163.58314282417473,167.37558290327962,13119700
2021-10-26,159.96949768066406,164.59005390818075,157.60744704000604,164.19481363556554,17577000
2021-10-27,159.25430297851562,162.28449303311243,157.4757144124976,157.65451667648327,11801800
2021-10-28,159.78128051757812,160.3082819228782,156.93931261114014,158.55792388626165,12440100
2021-10-29,155.21719360351562,158.62379888198882,153.12805601303737,157.22163991962012,17155400
2021-11-01,160.1388702392578,161.76219122148268,156.02647623004646,156.0641120044331,17609500
2021-11-02,153.29742431640625,157.24985573174746,153.1656775598495,157.24985573174746,19072900
2021-11-03,156.44056701660156,156.82638761432946,153.4950682049328,155.61243625207132,13569700
2021-11-04,155.0760040283203,159.9224320460844,154.8031051762011,159.3013340745209,16669200
2021-11-05,149.3732452392578,155.08073041182683,148.96859959483402,155.08073041182683,22098200
2021-11-08,152.60105895996094,152.60105895996094,150.07903108871903,152.22933924541994,16223100
2021-11-09,150.7471923828125,154.7843010248589,150.13549968234926,152.60106683493592,14010100
2021-11-10,154.3043670654297,156.66640347960106,152.28111009816885,154.03145382133266,17216800
2021-11-11,157.95565795898438,159.6307301551488,156.74169226892548,156.74169226892548,16747500
2021-11-12,156.97695922851562,157.9086063372678,153.7679668799125,155.43739590398175,13741800
2021-11-15,156.72286987304688,158.5297032267166,155.9041588304272,157.36279301066344,9655700
2021-11-16,158.50144958496094,159.92244790560875,156.84520252252682,158.66144112991503,11887500
2021-11-17,152.0552520751953,158.3791255000021,151.63647685491688,158.1156319705785,18829500
2021-11-18,135.13514709472656,139.7462986812199,133.52594097362908,138.2500286264259,61571500
2021-11-19,132.06729125976562,136.50905976644432,131.74733688784627,134.60812988502434,28575700
2021-11-22,128.56655883789062,132.40605389145912,127.23968602647871,131.6532091900954,26390400
2021-11-23,125.78106689453125,128.7830263400103,125.4516928116823,128.0132375525202,24102900
2021-11-24,128.4724884033203,128.69833180822616,123.48490739471151,125.25409064952069,20010400
2021-11-26,125.4893569946289,126.0822103070661,123.48491056864172,125.09410230724193,14814900
2021-11-29,123.8519058227539,126.61860215132359,122.8543925852304,126.3362835620026,18648900
2021-11-30,120.01240539550781,123.57900185359107,118.69493066574734,122.24364259158372,32625400
2021-12-01,115.2695083618164,121.54162357254852,114.7142908829202,120.80289398016,29203800
2021-12-02,114.80839538574219,117.63155264932601,112.30519249912763,115.7682656963102,34478600
2021-12-03,105.3602294921875,111.22298930632772,102.29239655161096,111.04418704664268,70266500
2021-12-06,116.31407928466797,116.52111196867682,106.74357776402833,106.94119791340215,43111400
2021-12-07,118.13972473144531,121.81923605562311,116.1823339239763,121.67808393269152,38542800
2021-12-08,117.70684051513672,119.48542904627168,114.16848134255177,115.94706987368674,22275000
2021-12-09,116.6058120727539,120.22886255524722,115.94895212353829,117.28336380320705,23499300
2021-12-10,117.68801879882812,117.82917810429842,115.54242033059309,115.95648571206318,15008300
2021-12-13,115.03424835205078,115.98471332755513,112.69102978478479,115.74945021735724,15820500
2021-12-14,119.11842346191406,120.12534931835626,113.20861509478334,113.80147556663454,17691500
2021-12-15,115.25068664550781,116.3046607208641,110.82773613182648,115.4012512935616,24893500
2021-12-16,113.16155242919922,118.28087984282222,111.89113311020884,115.10953063289384,22533400
2021-12-17,114.90250396728516,115.62711838232974,110.86538805101826,112.44635647151676,19781100
2021-12-20,108.22103118896484,111.82526377689842,106.99295746089496,111.51471474688985,23970500
2021-12-21,115.73063659667969,115.73063659667969,109.72671720797375,109.96198032685004,18036300
2021-12-22,110.86538696289062,111.66528729002721,108.3621911764718,110.18782804937563,24502000
2021-12-23,111.66527557373047,112.5404473689242,108.58803036100151,109.91491762402364,17563300
2021-12-27,109.71730041503906,114.62018994025267,109.25806780124813,110.85598018431216,17864400
2021-12-28,108.0328140258789,109.55731425728608,107.72226502331087,109.40674961279414,17052100
2021-12-29,105.4825668334961,107.46818809919053,103.87336798787057,107.09177285878212,21100500
2021-12-30,115.74003601074219,116.97281957254016,105.68019044616757,105.99073229060104,45437100
2021-12-31,111.78761291503906,115.66475129953425,111.59939813152383,114.08378301630572,24287000
2022-01-03,113.28388977050781,114.76134180926958,108.99269295569104,112.34283733359814,16775300
2022-01-04,112.5122299194336,113.74501352529101,108.94564023132577,112.48399949435435,20824000
2022-01-05,114.01791381835938,119.15605913236791,110.761866150906,111.04418474670234,36651100
2022-01-06,119.16547393798828,120.83113368223947,116.18704195272815,116.93518413702452,32045800
2022-01-07,122.15801239013672,125.98810263349753,120.62409234995866,122.56267239774043,38113000
2022-01-10,120.73702239990234,124.78355047808401,118.78904427381485,124.20950795583825,23372200
2022-01-11,124.39771270751953,126.31745318748588,119.9559444573644,121.59338071918815,23616400
2022-01-12,129.3100128173828,130.5239640867122,127.59259507137081,128.00195056498978,25961100
2022-01-13,123.62606048583984,127.90785216883104,123.56019427866963,127.23029323019271,19887700
2022-01-14,123.81427001953125,126.4397998732363,121.72513256203695,124.98116579481352,18614900
2022-01-18,121.01935577392578,124.34126990983479,117.46217133621339,118.82669457277667,26122200
2022-01-19,120.21002960205078,123.1461156267671,119.63598707305503,120.5488162145495,14665200
2022-01-20,123.30610656738281,128.6889279568082,122.97673245228398,127.76670053758147,28966400
2022-01-21,115.96588897705078,121.35812232142246,115.29868317832494,120.67114373920697,26341400
2022-01-24,113.27448272705078,113.66031048700931,108.52216511962979,112.28637481116002,28509300
2022-01-25,112.11698150634766,115.24127516332771,111.08182531017631,112.84159586942958,22224100
2022-01-26,106.68711853027344,113.80147273404967,106.30316465168424,113.80147273404967,27513200
2022-01-27,105.20024871826172,107.78814281975498,103.76984504882672,106.44243759979209,21472700
2022-01-28,108.4374771118164,108.52216838618817,103.57223048252607,106.57419009937281,18892400
2022-01-31,118.37498474121094,118.45027065790893,110.57365931997039,111.20416271808071,20346500
2022-02-01,119.72069549560547,120.45471526802432,115.72122252772185,117.45275561346266,15036100
2022-02-02,115.63652038574219,120.10651944262284,114.02732158682439,120.10651944262284,14050100
2022-02-03,116.19174194335938,117.88563196965504,113.61326035621347,114.38492304344663,16651500
2022-02-04,115.01542663574219,116.63403792879834,112.60633476495727,114.1214225389374,13538200
2022-02-07,108.05164337158203,109.6796672894697,106.90355821949463,109.25618937388342,28589200
2022-02-08,114.71429443359375,115.03424881852334,109.91492840202726,111.19476030106637,22340500
2022-02-09,119.04313659667969,119.32545520750834,114.7519396619113,115.83414425087996,18253600
2022-02-10,116.67168426513672,120.7746662840026,116.12587212871343,116.79401849723422,16116600
2022-02-11,115.04366302490234,119.25016866216592,114.75193906032645,117.94680899714123,13889900
2022-02-14,114.73311614990234,115.169768749122,112.33343664391752,113.45328420817953,13154900
2022-02-15,118.7984619140625,119.33015885760321,116.10517020189141,116.47406116223388,14634700
2022-02-16,118.15853881835938,120.05946871547445,117.1704380913383,118.205594310929,17993300
2022-02-17,117.09515380859375,121.77217834105932,116.74319968387064,117.63155340493384,15906000
2022-02-18,111.975830078125,113.75441865113541,110.29134531507579,113.75441865113541,21201400
2022-02-22,106.2730484008789,108.07986729565025,105.45433022371999,107.27997418720399,21755100
2022-02-23,103.25226593017578,108.59744361399473,103.13933706247083,108.31512503456221,24489200
2022-02-24,102.50884246826172,102.52766035799132,94.12406179046889,94.17487942629725,35294700
2022-02-25,101.57720184326172,102.15124440135624,97.86945296238767,101.53014634978108,21428400
2022-02-28,98.98930358886719,101.15371978653906,97.53066950679658,99.7233233071933,23063500
2022-03-01,100.77730560302734,104.69208732590033,99.61040255010428,99.61040255010428,21218500
2022-03-02,99.20574188232422,101.05961625154717,97.15424737146238,101.05961625154717,20791800
2022-03-03,96.0344009399414,100.34441550448544,95.1121664226674,99.7797854966071,21725900
2022-03-04,94.66987609863281,98.23646578579844,93.4747426327441,94.3781521333437,24574700
2022-03-07,92.84423828125,97.26718193000777,92.78777025200914,93.6911797435982,20679400
2022-03-08,91.75260925292969,94.96160139201257,89.93637782873658,93.46532433846464,23275500
2022-03-09,94.98042297363281,95.01806593275926,92.52427553299995,94.34991956250063,20853600
2022-03-10,87.44259643554688,90.05872123257268,85.4663876246732,89.57878962770417,37671200
2022-03-11,81.5986557006836,88.41187331338226,81.57042527640574,87.76255201601087,39341800
2022-03-14,73.17623901367188,77.58977003101153,72.53632307367825,75.94292827746352,69992600
2022-03-15,72.23518371582031,75.41593822031211,68.960318228276,70.67303329679619,86209300
2022-03-16,98.79168701171875,99.5068816873627,81.98449007986208,86.5768233420221,159834300
2022-03-17,94.45343780517578,95.88383438245233,90.12459075414152,93.29594012264991,80663200
2022-03-18,101.91597747802734,105.15319284188995,93.7288173154426,94.57576590876654,83781800
2022-03-21,97.4836196899414,99.45042304065039,92.88187379133507,96.74959992888672,58882900
2022-03-22,108.21161651611328,111.27003690232824,105.7460637535933,107.28938915872588,88193400
2022-03-23,110.32898712158203,116.79496056705533,106.03779025120058,108.87976548841662,81605700
2022-03-24,108.36219024658203,109.63260960869057,104.28743144530362,106.20717929056869,55850200
2022-03-25,106.32951354980469,107.14823176008908,102.9511387248602,104.0145254010279,42396500
2022-03-28,108.30571746826172,109.37852381151515,105.32258307791275,107.14822703474994,30168000
2022-03-29,109.8302230834961,112.54986390404413,108.91740112053833,111.38296095597457,28060900
2022-03-30,109.70789337158203,113.02227581775713,108.72919798854055,108.72919798854055,28381700
2022-03-31,102.38650512695312,108.30571847047456,102.30180667659091,108.24925762333983,31240200
2022-04-01,103.70397186279297,111.938180383013,103.2805011536171,110.6865861444812,55873000
2022-04-04,110.57366180419922,111.25122071038336,106.69182048554116,108.87976453873884,39088500
2022-04-05,104.45681762695312,108.22102727116766,103.73221042949228,108.22102727116766,35226000
2022-04-06,101.33251953125,103.01700413581506,99.86448013092595,102.80055893157405,23739800
2022-04-07,98.12353515625,101.19136813335149,96.56139183296102,100.39147499205133,26814300
2022-04-08,97.42715454101562,100.19385091488952,97.23800639602167,98.32115863539791,20814900
2022-04-11,95.56388092041016,97.79417067279377,93.31476609807177,95.130990467377,23504100
2022-04-12,93.86997985839844,96.29789685003487,93.5312004093487,95.21568511999598,23953600
2022-04-13,94.13346862792969,95.37565748505212,92.42075357978119,93.3900363845493,18330400
2022-04-14,89.86109161376953,93.4192162500924,89.68699921736135,91.55498880465474,20931200
2022-04-18,89.1270751953125,89.66347479570308,86.40743423442655,88.24248360953635,19159200
2022-04-19,87.9884033203125,88.41187404731618,85.58871672153074,86.84973072713828,23870000
2022-04-20,84.1395034790039,88.17661219435053,84.00774952996741,87.9695866850885,20949700
2022-04-21,80.92109680175781,84.70413160762739,80.36587931184965,84.27124834948029,25639000
2022-04-22,81.3916244506836,85.33463651660529,81.22317525788644,81.40103698549551,25130300
2022-04-25,80.77993774414062,81.09048677146255,76.97809221684183,77.82503366639573,24674000
2022-04-26,79.03898620605469,81.15635402944805,78.37083988778751,80.80816924902784,21194600
2022-04-27,83.1137466430664,84.13949747968223,79.78242032710169,80.29058947831597,29351600
2022-04-28,85.55107879638672,85.61695217848323,81.81509954688106,83.3960678968576,17707500
2022-04-29,91.36678314208984,97.41775096211119,90.96213746238391,95.54505851046574,44933400
2022-05-02,95.2439193725586,95.34743571835475,89.5411437170932,90.72687183642877,25479500
2022-05-03,94.46283721923828,96.6366731429198,93.5688403121252,94.22757411950747,15216100
2022-05-04,95.43212890625,95.58269355931328,90.91507443978912,91.95964319541245,17740600
2022-05-05,89.06119537353516,92.66542765963413,88.5059779236469,92.16667105423356,18673100
2022-05-06,84.74176788330078,88.32717507713198,83.48075398757538,87.85664889716843,18568600
2022-05-09,79.83888244628906,83.37724149284915,79.45305469437595,81.8292134485379,23338600
2022-05-10,79.58480834960938,83.41489167542707,78.58729501324714,83.41489167542707,23400900
2022-05-11,76.91221618652344,82.36090329102223,76.66754055102416,80.46939312714339,24962400
2022-05-12,76.3099365234375,78.2202789477228,73.41150055555451,75.92410876854449,23833100
2022-05-13,82.8031997680664,83.15139174537954,77.1662978273263,77.27922670150735,20078400
2022-05-16,81.38221740722656,83.82895229235437,81.25046346157436,82.53029534234771,19644800
2022-05-17,86.5674057006836,88.91063127660853,84.26183026086233,87.28260751379682,27330300
2022-05-18,82.16329193115234,86.23805100176868,81.87156795203312,84.69472546762047,18991300
2022-05-19,82.52088165283203,84.77940151581916,80.68582528958055,81.09989061496931,20776400
2022-05-20,81.67394256591797,84.85469724544961,79.73537682664262,83.47134900250639,21020800
2022-05-23,82.08800506591797,82.26209746466392,79.76360445930278,81.92802069932047,13998200
2022-05-24,77.60859680175781,80.10238723345178,76.73341773492666,79.98004581980909,15214400
2022-05-25,77.4580307006836,79.1142851478346,76.29112758502903,78.78491820143947,23093700
2022-05-26,88.91063690185547,89.48467227987783,81.61748055652589,82.15388015538308,50825000
2022-05-27,87.90371704101562,88.9294608147582,85.04291659345776,86.77444973874604,26716000
2022-05-31,90.38809204101562,93.46533043931143,89.823454818875,92.53369051023626,33790000
2022-06-01,87.87547302246094,91.21621200918199,86.46389438238054,90.24692915840575,23730900
2022-06-02,91.75260925292969,91.87494348058931,87.89429583822569,88.14837682787568,23228100
2022-06-03,87.71549224853516,90.34102927335111,87.53951878329198,89.54113617925864,15855900
2022-06-06,93.1736068725586,96.38259205520707,92.14315327129127,93.76646734275626,37287200
2022-06-07,98.17059326171875,98.30234003298285,93.55943472849336,94.0958343485431,35958700
2022-06-08,112.56868743896484,113.91909529668104,101.45485403205838,101.87833190768933,92337000
2022-06-09,103.42166900634766,111.25122535415538,102.98878572702986,108.22103521927012,72512300
2022-06-10,103.36519622802734,108.05164052307421,101.85951376484412,106.960023429639,49859200
2022-06-13,92.71248626708984,98.3682136270812,91.82790182667912,97.50244707703644,36396700
2022-06-14,99.0269546508789,99.82213795770606,94.88632234386398,95.97793947645323,28567500
2022-06-15,101.66189575195312,102.2265257900599,98.22894109965405,100.51381060599508,24026100
2022-06-16,95.46976470947266,98.72581238618794,94.58518032080414,96.73077868004715,22357800
2022-06-17,96.21319580078125,106.10365857981176,95.35307252479696,105.9060384364773,73019300
2022-06-21,100.11856842041016,100.75095290248906,97.74711943295395,99.71391558441506,33975000
2022-06-22,98.95166015625,100.78670944325069,97.00368199787236,98.08589368133993,24233000
2022-06-23,105.50138092041016,106.42360821492973,101.70988158420501,103.47811690536858,33228200
2022-06-24,110.68659210205078,111.12888072402808,107.56229824540385,108.50335069836571,27029900
2022-06-27,111.73116302490234,114.22494632896726,110.93126268093827,112.89806607847052,21724300
2022-06-28,109.87728118896484,113.80146800794142,109.64201808692077,111.96641868386175,18659400
2022-06-29,109.19031524658203,110.18782855177143,107.00707383733511,108.98328255765733,13793900
2022-06-30,106.97884368896484,107.84461022701484,104.81442016417938,107.06353496392909,13836200
2022-07-01,109.1620864868164,109.75024428038762,106.26364315697894,106.93178954891657,16679400
2022-07-05,113.04862976074219,113.42505218175852,105.52962259398973,107.75991951529154,20989300
2022-07-06,112.0981674194336,112.9262909685251,108.70096759175765,111.91936516124215,20222700
2022-07-07,115.17539978027344,117.63154705720058,113.5191455874033,113.5191455874033,24202000
2022-07-08,113.77323913574219,118.42203321335043,113.58502434374456,115.05307100268523,27221400
2022-07-11,103.11111450195312,108.7668416184251,102.88526392898345,108.65391274211012,31249900
2022-07-12,102.77233123779297,104.45681588708077,100.74906715179588,104.32506912610049,22318500
2022-07-13,102.66881561279297,104.11803717329843,100.45734390422906,100.54203517416443,16861400
2022-07-14,97.64359283447266,102.14182187211419,94.77338032485137,101.44544515063511,35314900
2022-07-15,96.40141296386719,97.53067300492432,92.07256605394093,97.38951370487712,33572300
2022-07-18,97.06015014648438,100.65497025636674,96.88134788159954,99.63863187648532,20503400
2022-07-19,98.57524108886719,98.64111447114351,95.5450511448361,97.84122134931386,19842500
2022-07-20,97.8318099975586,100.84318208862888,96.78724122336256,99.97740839439575,21897900
2022-07-21,98.9328384399414,100.32559918214072,97.56831530128805,97.92591263660806,17865500
2022-07-22,94.67928314208984,98.52818403639533,93.80410411732292,98.1611741724279,18819800
2022-07-25,95.1027603149414,95.30038047207016,92.91951887186022,94.57577322926474,16604300
2022-07-26,95.46036529541016,99.04577292518681,94.86749764158778,98.16118130180776,28004300
2022-07-27,96.72136688232422,96.90016914017649,93.91703468253515,96.17555475389325,19366600
2022-07-28,94.62281799316406,96.62725694213518,89.98342955532615,95.9120551357868,33875400
2022-07-29,84.10186004638672,88.66596299323732,83.85718439906665,88.66596299323732,59201800
2022-08-01,85.0146713256836,85.20288611559593,82.81261213116005,83.93246679724311,36050900
2022-08-02,87.1602783203125,89.27764627977243,83.000821138965,83.000821138965,34430500
2022-08-03,90.07754516601562,90.62335733136169,85.56049035847546,86.5768287671211,23921700
2022-08-04,91.6867446899414,96.92840678932323,89.456447696616,95.11217519045337,42517800
2022-08-05,87.10380554199219,88.61890044027993,85.38168515209617,87.5837442635992,27206100
2022-08-08,85.48519897460938,87.28261255541054,85.01467276137267,86.07806659827018,16194100
2022-08-09,85.8145751953125,87.63080671062475,85.25935051650346,85.8145751953125,16744900
2022-08-10,86.98147583007812,87.47081993146584,83.33960036483147,85.79574776563453,17855400
2022-08-11,89.27764892578125,91.950234449806,88.110738713072,88.9200443981579,17521200
2022-08-12,89.18352508544922,89.21176268592454,86.0404137871819,86.11569969579726,17846400
2022-08-15,88.64713287353516,89.05178569119418,86.93441779918625,87.70608047708718,14425100
2022-08-16,87.18851470947266,88.05428127789922,86.01219909596024,87.22615767066434,12003200
2022-08-17,84.478271484375,86.94383137734911,84.4688661296528,86.45448728437124,14491500
2022-08-18,85.39109802246094,86.51095274489158,83.30196041710582,84.74177670865686,13418600
2022-08-19,84.34652709960938,86.24745703745957,83.92305637604863,85.08055402926043,12364300
2022-08-22,84.72294616699219,85.52283926864074,84.03598193767968,84.29006292586074,15545000
2022-08-23,84.53474426269531,84.86411118798833,81.59865800081081,83.91364619243377,17345900
2022-08-24,87.06616973876953,88.5982087601617,82.3891450811611,82.71851200357571,22808300
2022-08-25,94.00172424316406,95.07452341142807,89.35292306091328,90.39749180574826,39170600
2022-08-26,92.22314453125,98.66935268755319,91.85613463248829,98.659940152296,45773400
2022-08-29,90.9056625366211,94.9616033579381,90.7927408409545,93.12654682709355,18323500
2022-08-30,88.30835723876953,91.25385596145962,87.16027929658415,90.20928718205315,17865800
2022-08-31,89.78582000732422,92.8065975878684,89.32469912562259,90.96213560004362,16169000
2022-09-01,88.18601989746094,88.9482700470384,86.2662721321732,87.28261045138319,11929100
2022-09-02,86.38861846923828,88.14650089871378,85.41932840711112,86.36038086459885,12378900
2022-09-06,83.236083984375,84.19596147692778,82.62440565284534,84.0548021774747,15573500
2022-09-07,85.25934600830078,85.50402164261774,82.58299131688679,83.3019552930852,12753300
2022-09-08,84.24300384521484,84.86410184711298,83.07610093276165,83.33959444399369,13291800
2022-09-09,86.70857238769531,87.42377426180718,85.37227962843768,85.68282866084078,10745500
2022-09-12,89.1082534790039,89.24940559436587,86.39801798949456,86.97206052416648,15604000
2022-09-13,84.19596099853516,86.7462121900991,83.9701104284896,85.40991947947772,21149800
2022-09-14,83.67838287353516,84.48768856209065,82.9725935297712,84.18655206260446,10843600
2022-09-15,83.59368896484375,85.7251721414842,83.00082133977803,83.40547417130692,12188800
2022-09-16,81.33515930175781,83.04787438431016,80.38469436648809,82.53029269192069,19322000
2022-09-19,82.49266815185547,82.59147464680643,79.9894649780692,80.08356879505236,12822100
2022-09-20,80.74230194091797,83.499585867642,79.99886965436394,82.76555893609958,19129000
2022-09-21,76.78987121582031,80.14002250289381,76.69576741565943,80.10237954689751,23847300
2022-09-22,75.95234680175781,78.37085145193632,75.44417758760042,77.75916588787683,19141200
2022-09-23,74.1549301147461,75.06774488872516,73.02566295553574,74.58781334622911,20492100
2022-09-26,74.2584457397461,76.21206706519487,74.13610433703153,75.22772852918726,17880600
2022-09-27,73.27974700927734,75.67002077231952,72.55513269963579,74.74778633631921,16975100
2022-09-28,76.21582794189453,76.67694876350998,71.78347222764361,71.9763896828301,20725400
2022-09-29,74.39960479736328,74.52194621150018,72.21636338887474,73.44914698713617,17913600
2022-09-30,75.2747802734375,76.9592649490722,74.01377349014298,74.09846476081495,17116900
2022-10-03,75.7076644897461,76.15467013399339,73.44914442032491,75.0583432006346,13249600
2022-10-04,79.15192413330078,80.02051229255699,77.48625723432558,78.10735531317344,18252000
2022-10-05,79.41541290283203,81.2034139312121,78.34261372173603,79.14250684032021,13194000
2022-10-06,79.34954071044922,80.22471975863897,78.59669589363601,79.11427760265262,11583600
2022-10-07,76.45109558105469,78.77549617650953,75.99468458900822,77.49566432783529,11632400
2022-10-10,74.5689926147461,75.08657432360891,73.11977100959047,75.06774925438103,14070900
2022-10-11,70.92713165283203,73.2515253671515,69.76963388380601,72.81864206563067,18387900
2022-10-12,71.26589965820312,72.15801547346778,69.66610630975542,70.48482446229595,13247900
2022-10-13,70.58834838867188,71.31295563771802,67.1911483685464,67.98162900386946,17563400
2022-10-14,68.71564483642578,71.65173098376965,68.48979426498708,71.56703971185273,13675300
2022-10-17,72.24459075927734,73.27975415977453,70.68244748339458,70.72009044156358,14487400
2022-10-18,71.83993530273438,74.00435865039914,70.63538940407777,73.41149823518343,14970600
2022-10-19,67.06879425048828,69.94841917016447,66.3630050256089,68.96031138346963,23094500
2022-10-20,67.77459716796875,70.52247589519817,67.3323085286019,67.37935684530353,19173400
2022-10-21,67.92516326904297,68.4992058137529,65.37020224141439,67.0029287478116,19526800
2022-10-24,59.42746353149414,60.3214604852956,54.59045093296173,59.65331410872581,101023200
2022-10-25,59.49333572387695,62.27790951730789,57.648870234339725,61.24369381659435,69302400
2022-10-26,64.47149658203125,65.68545493881045,59.21101036932135,59.625075688437825,52957400
2022-10-27,61.958885192871094,63.87863290776837,61.563644916772795,61.58246998496407,25812600
2022-10-28,59.98268127441406,60.36851261301265,58.1758588081702,59.474512119236415,28638000
2022-10-31,59.832115173339844,61.027248599406995,59.49333572444548,59.74742031111625,20645300
2022-11-01,61.97771453857422,64.41597745789859,61.77068185214067,64.00097872918337,27257000
2022-11-02,60.88608932495117,63.68101618968663,60.53790452097204,62.561168680600424,28298100
2022-11-03,61.36602783203125,62.93758366018248,59.66272523862544,59.68154312809314,23360500
2022-11-04,65.69486236572266,67.41698989221702,63.47397824164089,66.9746941382328,51292200
2022-11-07,65.60076904296875,67.64285124888222,64.62395465060959,67.09704625434675,26087600
2022-11-08,64.11389923095703,64.85733150943027,62.36354114334364,63.63396766281095,23870200
2022-11-09,61.01783752441406,62.8434815782759,60.98020174444574,62.514114656099906,22099300
2022-11-10,65.6572265625,65.86425925114449,63.991566877819125,64.01979730269602,28757200
2022-11-11,66.59827423095703,68.41450562401758,65.22433860827981,68.0569083018391,38723400
2022-11-14,67.12527465820312,69.63788303934192,67.11586212316311,68.84740240783512,30310700
2022-11-15,74.62545776367188,75.63238353870784,73.22328452636215,74.27726579299214,53150500
2022-11-16,73.55265808105469,75.70766173114397,72.84686879016276,75.58532750540029,26637300
2022-11-17,79.29307556152344,80.62936821821435,71.29413033027066,71.51998089120127,62050600
2022-11-18,75.73590850830078,77.65564929398244,75.1524533724731,77.3074644632792,29528300
2022-11-21,72.39517211914062,74.3996114427177,71.96228881271999,74.05142659823865,19005100
2022-11-22,71.51056671142578,72.27282400397209,70.18368661937653,70.99299222205157,20694100
2022-11-23,73.87261962890625,74.1972838830274,72.31988160204807,73.58089565779942,19032700
2022-11-25,71.0494613647461,71.5670430942343,70.50364920995136,71.0494613647461,13036900
2022-11-28,71.40705871582031,72.85345877208275,70.27779862563132,70.33425947624261,19107400
2022-11-29,75.15245056152344,76.12173345343346,74.7666156039574,75.51004791417493,24178100
2022-11-30,82.39854431152344,84.34181977881377,77.40155845810246,77.86267211520766,60169600
2022-12-01,80.8740463256836,82.43618959117585,79.29307799140197,79.37776926197378,20243000
2022-12-02,84.75118255615234,86.43566732719441,80.97756734728105,80.97756734728105,35042600
2022-12-05,85.18406677246094,87.42377625517017,84.34653064512095,87.42377625517017,30929800
2022-12-06,86.05924224853516,87.11322355967374,83.94187427127,86.4638950824878,26675700
2022-12-07,83.12316131591797,83.99834034669436,81.51396255216656,81.92802073148111,19507400
2022-12-08,88.61890411376953,88.77417862365715,85.7110556004016,86.5485916745881,29241500
2022-12-09,85.95572662353516,88.22366645545365,85.84750760298803,87.77195812415117,15452100
2022-12-12,84.1395034790039,85.53131655679098,82.57735295688731,84.77941225616729,15190200
2022-12-13,86.0216064453125,89.38116334778476,84.97703766911303,87.9413470927307,21150600
2022-12-14,85.55107879638672,85.88514838428327,84.2241914403081,85.69223091540769,15575500
2022-12-15,81.12812805175781,88.53421316221907,80.9775633983799,87.60256609953139,30419400
2022-12-16,81.67394256591797,85.23111965939464,81.50455283862573,83.56545999073792,25084600
2022-12-19,82.02213287353516,84.4876856339854,81.40197536180156,84.4594552099589,20737000
2022-12-20,80.85523223876953,82.05977833712824,80.02710859106318,80.02710859106318,15315400
2022-12-21,82.6338119506836,83.17680247914913,80.42234016621694,80.93992187689778,18212900
2022-12-22,82.78438568115234,84.40299705378958,81.56101461681199,83.82895448140869,16004800
2022-12-23,80.60113525390625,83.42429230532392,80.47879385336263,82.671447553082,17949300
2022-12-27,84.56297302246094,85.34310773702492,81.12813017282397,81.44809173656508,22959900
2022-12-28,82.05976867675781,84.83587764130205,81.36809456926301,83.73484802598144,16268800
2022-12-29,83.8759994506836,84.24300931941401,81.92802123216823,82.45971814595008,12535400
2022-12-30,82.89730834960938,84.13950449819107,82.25739956469474,82.29503534526339,11926700
2023-01-03,86.5580062866211,88.88239977435286,85.40050863043083,85.73928808201528,27891000
2023-01-04,97.7941665649414,98.35879658563788,91.2538550641918,93.02303104361681,53291800
2023-01-05,98.41526794433594,99.46924210406506,94.70751895616188,95.42272083573556,30400400
2023-01-06,101.06903839111328,101.63366844655087,96.42023681467778,97.97297485187667,21072400
2023-01-09,104.29684448242188,106.44244291403542,101.74659321118574,105.3884615881286,42085300
2023-01-10,108.10810089111328,108.67273809449918,104.65444018599226,106.31069447795967,33478600
2023-01-11,108.2398452758789,108.4186475316612,105.68959410076052,107.84460498593292,22804400
2023-01-12,106.4800796508789,107.0823526077263,104.88028627577926,106.9600183813748,16590600
2023-01-13,110.11254119873047,111.02536315777238,107.36466278748249,107.76931559882087,25615100
2023-01-17,108.39982604980469,110.11254109580008,107.59992578233803,108.71036787894998,16945600
2023-01-18,106.54595184326172,109.8678656031157,106.37656212730822,109.8678656031157,15347900
2023-01-19,109.70789337158203,110.1031336667545,107.25174596925854,107.29879428268752,18489900
2023-01-20,112.79454040527344,112.98274801201931,110.85597477308288,111.32838204052263,18342700
2023-01-23,112.48399353027344,113.20860790730279,111.17310964702087,112.92628931215835,13590200
2023-01-24,112.39929962158203,112.92628666184613,108.22102471760255,108.22102471760255,7807100
2023-01-25,113.16155242919922,113.22742581078657,110.57365829880173,111.52412324427074,9705000
2023-01-26,113.46269226074219,114.14966370012772,111.76127071498483,113.86734509661908,11171000
2023-01-27,111.40178680419922,112.65338828983847,109.92433474013933,112.6345703998286,18027400
2023-01-30,104.64503479003906,106.48009146690667,103.30874196747507,105.10615568290501,21918200
2023-01-31,103.70397186279297,105.47315497411982,102.39590959795368,102.9699521377361,15330000
2023-02-01,106.1695327758789,107.23291941617258,103.6569245603483,105.26612332241824,16623000
2023-02-02,103.2710952758789,105.89192983148375,101.45486373516292,105.86840208397743,23396900
2023-02-03,100.06209564208984,103.07346021629685,99.57274441149403,101.68070679309841,15982200
2023-02-06,99.23397064208984,100.01504584094631,97.13542785439101,97.70005784670344,15337500
2023-02-07,99.2810287475586,101.02197426122832,97.60595661506578,100.54203552427654,16861700
2023-02-08,98.91401672363281,100.82435191570158,97.4459773010893,100.78670895875689,14329500
2023-02-09,102.06654357910156,103.33696289731753,101.39839722921998,102.10418653707997,16281300
2023-02-10,97.54009246826172,100.35383741585989,96.73078674880634,99.56335676690017,18776000
2023-02-13,98.6128921508789,100.08093175062325,98.0106191263858,99.74215227688828,18538600
2023-02-14,98.07648468017578,98.32116032047654,95.84618785284324,97.44598127984328,12978400
2023-02-15,97.00369262695312,97.34247209854543,95.98735421217621,96.35436410979108,18230200
2023-02-16,97.03190612792969,98.35878617717105,96.01556789043025,96.65548376074551,21747100
2023-02-17,94.11465454101562,95.1309856981442,93.3994526914613,95.04629442657523,18121600
2023-02-21,89.49407958984375,91.87023827698586,89.11765720322502,90.81155435317936,27172700
2023-02-22,89.19294738769531,90.23751615024548,88.04015960694514,89.94108233989309,24484000
2023-02-23,88.6094970703125,94.54753539270148,86.69915467515773,94.1993434214382,40482900
2023-02-24,83.75366973876953,86.27569064280878,82.84084769511816,84.7605955933863,36174500
2023-02-27,83.98892211914062,85.86161428269688,83.65484537631117,85.49460444108685,25840000
2023-02-28,82.61499786376953,84.07362489614204,82.12564655484486,83.24550130059495,24597200
2023-03-01,84.64765930175781,87.44258603867078,84.44063380762272,87.44258603867078,35434900
2023-03-02,84.45945739746094,85.55954650545773,82.78438518500904,83.71602510031401,24829000
2023-03-03,84.41239929199219,85.12760114225837,83.18903545248604,84.7982342308398,25834300
2023-03-06,84.33712768554688,85.91809617368688,82.84085047622075,84.30418740178982,16983900
2023-03-07,83.49958038330078,84.74176923097306,83.00081659369326,84.24300544136554,14514700
2023-03-08,81.82450103759766,82.59616369699847,81.35397485065423,82.23856637959902,14721500
2023-03-09,78.4555435180664,80.6387848641469,77.98971998146324,80.1023852672979,24327700
2023-03-10,78.0697021484375,79.53774151796178,77.47684175220492,77.7685656834156,18123100
2023-03-13,78.01325225830078,78.81784811046674,77.13807316213,78.11676860577931,17848300
2023-03-14,78.9072494506836,78.96371748196673,77.31687563281254,77.97560950060993,20126100
2023-03-15,76.70518493652344,77.67446778255152,75.42535306808048,76.74282789496708,21025300
2023-03-16,77.37332153320312,77.61799714238828,75.90528223741079,76.6581197723246,22877500
2023-03-17,76.85575866699219,79.19898464412795,75.86765781488167,79.04841279257145,23711100
2023-03-20,76.22525024414062,77.07219890500764,74.79485364552346,75.42535707874535,19536500
2023-03-21,78.7660903930664,79.13121921799831,77.16630403493808,77.59918731796503,16529400
2023-03-22,78.71903228759766,80.35646140319726,78.58728553000113,79.83887972716816,21204700
2023-03-23,81.41985321044922,83.17021130732861,80.23413231617113,82.51147747717413,26861400
2023-03-24,81.77745056152344,82.91612304221935,80.58231005772069,80.8081677908287,20332500
2023-03-27,81.04344177246094,83.01965053502329,80.45998665298951,81.9938996033336,18258300
2023-03-28,92.59956359863281,93.64413240471904,86.63328726244998,89.72935072070929,118875200
2023-03-29,94.02995300292969,95.35684031789873,90.60452288071707,91.83729921304096,53695000
2023-03-30,97.28599548339844,98.85755846338456,94.57576712944135,95.36624770697296,57780700
2023-03-31,96.15673828125,97.49303101841309,95.17051860138984,96.79665422547266,28382600
2023-04-03,92.59014892578125,95.75208569611421,91.8561291718933,94.94278002396587,26888100
2023-04-04,94.78280639648438,95.48859575247926,91.52676569572061,93.10773414033557,26868400
2023-04-05,92.74071502685547,94.52870880717103,91.90317898207105,93.39003628762885,20117700
2023-04-06,96.68373107910156,97.15425732540002,92.47722528844766,92.72190094682786,26849200
2023-04-10,95.55445861816406,96.76841703838012,94.66045455786892,94.68869215991471,16308300
2023-04-11,93.87939453125,96.4955191965403,93.35240027646935,96.42023327733443,19017700
2023-04-12,88.30835723876953,93.06067491731825,88.06368877451348,92.05374909694972,35516000
2023-04-13,90.50101470947266,91.46089225364756,89.48938617169735,90.22340595273663,24231700
2023-04-14,88.97650909423828,90.45396110498025,88.30835555860284,89.99284025028422,14098700
2023-04-17,90.73627471923828,91.49853207929893,89.86109566113927,91.03741121344115,15714100
2023-04-18,89.86109161376953,93.32416473095482,89.57030820289324,93.18300543510438,20672300
2023-04-19,87.97899627685547,89.23059782585837,87.47082706493713,89.02356512696636,18985200
2023-04-20,85.39109802246094,88.26131089101827,84.74177670865686,87.84724551203676,25533900
2023-04-21,83.8759994506836,84.87351989615873,83.0949314001082,84.65707468091917,23097300
2023-04-24,81.7680435180664,83.26432058682146,80.96815040366383,83.18903467073035,22757100
2023-04-25,78.03206634521484,80.64819097107082,77.3658010475728,80.29059362972384,36441300
2023-04-26,77.93795776367188,80.19648490984365,77.88149691840704,80.02709519438926,24983000
2023-04-27,79.4906997680664,79.6506769577606,77.76857210114119,78.17322493250077,24506800
2023-04-28,79.6977310180664,80.06474088413549,78.92606832791344,79.21779227795294,18109300
2023-05-01,79.19898223876953,80.25295644901041,78.83291287189247,79.18956970341786,12909200
2023-05-02,76.72400665283203,78.37084847366806,75.89964520688054,78.24851423736946,20689500
2023-05-03,76.67694854736328,77.16629260974067,75.74530155259805,76.51226151444205,17759400
2023-05-04,77.62741088867188,78.22968385358074,76.97808961130268,77.53330708409113,23773800
2023-05-05,78.31437683105469,78.46494147193079,77.19452224971421,77.87208108280561,17527600
2023-05-08,78.39907836914062,78.76608825521654,77.48625633158647,78.70021487001472,17392900
2023-05-09,77.37332153320312,77.78738684418427,75.42534355237895,75.79705605316663,13457400
2023-05-10,78.06028747558594,79.51892145098857,76.9498454450603,77.2980373899373,16868100
2023-05-11,82.7091064453125,83.26433117249678,79.8200754598805,80.39411807864988,28104200
2023-05-12,80.30941009521484,81.59865449559194,79.76360514802982,81.59865449559194,19042800
2023-05-15,83.13256072998047,83.18902875286186,80.77334611907706,81.99388825383052,23691200
2023-05-16,83.52781677246094,84.10185933652411,81.92802331306868,81.97507880703859,18177900
2023-05-17,85.33463287353516,86.04042218142843,82.82202466055355,83.24549537342546,27670700
2023-05-18,80.71405792236328,85.63576493422683,79.98945076273934,85.45696268797194,60258600
2023-05-19,79.02958679199219,80.17766473383519,78.55906057364888,78.90724538024033,21571800
2023-05-22,81.02461242675781,82.32326936936535,80.60114170700506,80.61995959647086,16951300
2023-05-23,77.99442291259766,79.96592890469262,77.8250331877965,79.19897605543932,19917800
2023-05-24,76.42286682128906,77.73092912192128,76.1123177969104,77.32157361320594,17045800
2023-05-25,74.1361083984375,75.95233985376383,73.51501753550207,75.83941097883913,21811600
2023-05-26,76.197021484375,76.75788940184694,73.77851686526814,75.19009560434984,16399200
2023-05-30,74.0325927734375,75.94292805316533,73.56206655952778,75.39712310157184,21209600
2023-05-31,74.86072540283203,74.96894442447007,73.18564600793081,74.8889558276367,16206300
2023-06-01,78.10734558105469,79.04839793745293,74.67250304426913,74.67250304426913,23217600
2023-06-02,79.30248260498047,80.95873683962009,79.18014837763334,80.06473993130338,17616100
2023-06-05,79.42481994628906,79.58479712301387,78.33319577171102,79.03898503572486,8204000
2023-06-06,81.58924865722656,81.92802813068216,78.4555492972535,78.57788353724439,18452000
2023-06-07,80.2529525756836,81.82450845950453,80.07415031093565,80.66701795524283,12886700
2023-06-08,81.062255859375,81.82450603125143,80.14943385225072,80.14943385225072,11281000
2023-06-09,80.4599838256836,81.71910958125649,80.05062831072846,80.98697089593945,12903400
2023-06-12,80.79875946044922,82.1444646766723,80.58231424987544,80.93991875607038,11559000
2023-06-13,82.35149383544922,83.96069250561212,82.10681821213413,82.77496452456482,16814100
2023-06-14,84.09244537353516,84.8076472277004,82.53970743448518,82.78438307558439,21519300
2023-06-15,86.76502227783203,87.30142182074681,85.25933998014665,86.0686455613387,26570500
2023-06-16,86.67092895507812,88.73183611202995,86.12511681255913,88.45893004077045,25087700
2023-06-20,82.74674224853516,84.8829281518326,82.17269967943444,84.53474334017704,23382900
2023-06-21,81.65511322021484,83.90423505134558,81.51396110458028,82.22915575599541,15159900
2023-06-22,81.7680435180664,82.16799366509775,80.29059151816419,81.66452717835618,10272700
2023-06-23,79.91416931152344,80.87216572390885,79.39659479137495,80.75170538600638,14907100
2023-06-26,80.43175506591797,81.59865810834842,80.18707941552334,80.29059576070335,10808700
2023-06-27,81.99388885498047,82.45029982012834,81.60335126729417,81.70216492331635,13994500
2023-06-28,79.60362243652344,80.69524671292947,79.40600228572448,80.69524671292947,14113800
2023-06-29,78.62493133544922,79.03898951161642,78.10734964066512,78.47435950436291,13362500
2023-06-30,78.43671417236328,79.26484485895087,78.11675981047979,78.32379248212669,12174300
2023-07-03,79.11427307128906,80.58702233923358,79.0483996920654,79.8671178449822,11514400
2023-07-05,79.33071899414062,79.69772885022677,77.9379583041179,79.02958251787354,11203900
2023-07-06,78.89783477783203,79.00135112277557,77.76857469801585,78.22028303773862,12930300
2023-07-07,85.21229553222656,86.172165796849,81.52336476117793,81.6457061650597,46992100
2023-07-10,85.2217025756836,86.61446327903941,84.31829313823387,84.7417710236903,25401800
2023-07-11,86.37920379638672,86.87796043776483,83.7630791780682,85.65458940144623,20768800
2023-07-12,88.45893096923828,89.42821385132575,87.09440777827912,88.56244731389427,24161400
2023-07-13,90.91507720947266,91.28678976588493,89.02355978630624,89.42821262450283,24021400
2023-07-14,88.98591613769531,90.42572521743777,88.68477964506722,89.60701419229969,18897100
2023-07-17,87.90371704101562,88.03546381599796,85.67342004225334,86.8120927001211,17317300
2023-07-18,85.823974609375,86.77443952818912,84.83587391327511,86.14393615358348,20221900
2023-07-19,86.6615219116211,89.12708206430409,86.6615219116211,88.05428278084268,17228100
2023-07-20,86.48271942138672,87.63080453033099,85.96513771500685,86.28509927340356,14753000
2023-07-21,86.73680114746094,87.73432161000115,86.14394069852179,87.41436004891156,13899100
2023-07-24,90.67039489746094,91.72343560672387,85.91808471139453,86.64269188111132,33376100
2023-07-25,89.38116455078125,92.68425346949667,89.03297256080828,92.38311697372505,25827300
2023-07-26,91.41383361816406,91.7949587083311,89.24941013025263,89.35292647321901,15833400
2023-07-27,89.81404876708984,92.21372822393603,89.55149576347438,91.98787764462755,18685500
2023-07-28,94.62281799316406,95.25332135339998,92.18548863901331,92.28900497333979,31956500
2023-07-31,96.1379165649414,96.45787093448727,93.84174641300972,93.90761979377858,17726500
2023-08-01,94.19934844970703,95.19686892507067,93.44651080037528,93.98291040764255,14333700
2023-08-02,89.46585845947266,91.9784668431552,88.98591968719444,91.95964895271672,19452300
2023-08-03,91.82789611816406,92.68425007996002,90.88684370583525,91.00917793476036,15370900
2023-08-04,91.18798065185547,92.68425054879009,90.990360505826,91.97375855856555,13477300
2023-08-07,90.86802673339844,92.03493699801416,89.42821756299273,92.01611192748058,13893900
2023-08-08,88.66596221923828,88.91063786442248,87.44447224399022,87.99781584708866,13504700
2023-08-09,89.25881958007812,90.62334988126601,88.53421238401705,90.36455903279416,18640100
2023-08-10,93.36181640625,95.83678186324475,91.39502015397166,92.51486773172267,53193100
2023-08-11,90.07754516601562,91.8937767523384,88.77888813952596,91.60204559932339,25222800
2023-08-14,87.95075988769531,88.8823997898852,87.07558083422592,88.68477963970312,17581000
2023-08-15,86.19098663330078,87.52728650968025,85.39580337917094,87.51787397529206,14756300
2023-08-16,83.86659240722656,85.16524213353546,83.08551719271772,84.34652396149679,23292400
2023-08-17,85.30641174316406,86.52977570232177,84.93940183745067,86.5203703465472,15732300
2023-08-18,82.8408432006836,83.15139222171538,81.73981359483655,82.60558009620378,20424800
2023-08-21,83.34901428222656,83.58427739210974,82.07859492478946,82.43619226713417,14167300
2023-08-22,82.88789367675781,84.21477377229287,82.68086100860035,84.01715363804978,11577600
2023-08-23,84.54414367675781,85.24993297264211,83.10433466189943,83.16080268773896,12185700
2023-08-24,83.85718536376953,85.56048802047869,83.79131197869405,85.15583517511203,10684500
2023-08-25,84.52532196044922,84.7323546266127,83.06668794314074,83.98892240705274,11382200
2023-08-28,86.80267333984375,87.30142997444135,85.90867641137564,86.1062965583109,14613800
2023-08-29,88.4871597290039,88.54833043505688,86.89677880890922,87.94134759102747,16928000
2023-08-30,88.12956237792969,88.69419240558757,87.01912021234972,87.09440613061352,13779900
2023-08-31,87.42376708984375,87.85665032086584,86.72739034251778,87.49905300297625,13332400
2023-09-01,89.40939331054688,90.9809491442267,88.94827245087343,88.97651005466467,17470400
2023-09-05,89.07061767578125,89.7688755639873,88.52480552034245,88.95768879476132,10097600
2023-09-06,88.88240051269531,90.15282705652054,88.58126401763653,88.60008908713667,10123600
2023-09-07,84.6664810180664,86.35096558492826,83.71131345786809,86.23803671833106,18667200
2023-09-08,84.74176788330078,84.97703097328255,83.49957905538338,84.31829001353773,10333300
2023-09-11,83.48075866699219,85.02408404940918,82.53970625431546,84.4406361485321,15773500
2023-09-12,83.09493255615234,84.65707585869637,82.98200367971796,82.9914162143359,10262500
2023-09-13,82.47383117675781,83.085516668352,82.23104379476374,82.75614976661974,10634900
2023-09-14,82.81261444091797,83.37724446708307,82.28562737378525,83.33019615303783,8643100
2023-09-15,81.93743133544922,83.01964302021584,81.70216823787648,82.59616513678893,10147700
2023-09-18,81.89037322998047,82.03153251995005,80.3611631445728,81.07166227154444,9291600
2023-09-19,81.97508239746094,82.69968965057622,81.00579948837424,81.04344244926682,9247000
2023-09-20,80.68583679199219,82.34209115,80.60114551590355,81.84333448949427,9228200
2023-09-21,79.15192413330078,79.77772488983909,78.82255720345445,78.91666101488761,10638900
2023-09-22,83.09493255615234,83.63603483228898,81.97507786540734,82.21504365071259,22469600
2023-09-25,82.07859802246094,82.12564633841698,80.71406762584449,80.81758397247266,9897200
2023-09-26,80.84580993652344,81.93742691697233,80.64818262711862,81.36338441547728,9666600
2023-09-27,81.10931396484375,81.44809342540115,80.27177784837144,81.28810905038313,7233900
2023-09-28,80.49762725830078,80.8269941791475,79.33542691072272,79.88594173120805,10093600
2023-09-29,81.62689208984375,82.76556475677395,81.49985517131022,82.14447383829422,9654800
2023-10-02,81.42926788330078,81.97037735339252,80.82699488572736,81.63630057240299,8209800
2023-10-03,79.55657958984375,79.98946288034277,79.00135487878009,79.51893662810546,11448800
2023-10-04,79.12369537353516,79.5565786589691,78.71904251415938,79.30720032257412,8904700
2023-10-05,78.73785400390625,78.77549696214386,77.5897689064697,78.59669470543025,10334500
2023-10-06,80.98696899414062,81.41514956849882,79.04840330579918,79.28366641087597,13423700
2023-10-09,79.84829711914062,80.18707656776007,78.64375115945383,78.96371271855452,10880000
2023-10-10,82.03153228759766,82.56793184423492,80.52584995139301,80.61995375121961,13557800
2023-10-11,82.60557556152344,83.56168367433492,82.00800529864385,82.82202076481344,11111500
2023-10-12,79.5283432006836,82.50206515843995,79.23661206400013,82.4173738856243,16158100
2023-10-13,79.06722259521484,80.4505708263072,78.81314159628333,79.10486555425291,10325500
2023-10-16,79.34013366699219,79.95652190333408,77.75916518599325,78.76609106986598,10075300
2023-10-17,78.96370697021484,79.38717766033153,77.69328054054533,77.87208278642824,8270000
2023-10-18,78.11676788330078,78.79432681338074,77.88150476478194,78.06971238773278,9321600
2023-10-19,76.79928588867188,77.53800827915173,76.33346237236118,76.67695166302157,12624100
2023-10-20,75.22772979736328,76.09349626663773,75.07997957618339,75.50063585000282,14636200
2023-10-23,75.76412963867188,76.15560777603434,74.36195641359362,74.73837880408215,12715200
2023-10-24,77.9850082397461,78.40847891132123,75.6982508179897,75.70765617182246,17925800
2023-10-25,76.25347137451172,77.1662933099728,76.01820828515204,76.50755953162961,11390200
2023-10-26,77.646240234375,78.19204520287195,76.41345663358351,76.4746273407775,13010400
2023-10-27,77.93795776367188,79.16132872858238,77.61800340095797,78.92606563376573,10795600
2023-10-30,78.23909759521484,79.2742538208963,78.1177039008223,78.70021127053782,8980500
2023-10-31,77.67446899414062,77.67446899414062,76.11231850283359,77.10983896799917,12094300
2023-11-01,77.61799621582031,77.6274015693872,76.42285578417699,76.88867925346997,9550000
2023-11-02,78.4931869506836,79.02958655077131,78.1355824308516,78.71903752449413,10606300
2023-11-03,80.28118133544922,81.00579573464726,79.51893115676327,79.93299652773358,15148300
2023-11-06,80.32823181152344,81.60806362397642,80.20589758667862,81.44808644233477,9786400
2023-11-07,80.37528991699219,80.61055301988048,79.15191891010903,79.85770821877391,8829400
2023-11-08,79.8012466430664,80.67642566500774,79.50011016130487,79.6318569233468,8154600
2023-11-09,77.853271484375,79.69773340436582,77.61329851730297,79.59421706164069,10885100
2023-11-10,77.87208557128906,77.98501444319994,76.84634190849015,77.55213120369821,9779500
2023-11-13,77.41097259521484,78.40378316646495,77.24158287567634,77.87208626186853,11236900
2023-11-14,78.92606353759766,79.5518642147487,77.46742951660983,77.88149484998127,20897600
2023-11-15,81.93743133544922,82.65263316237515,80.82698922771947,81.83391499814441,28991000
2023-11-16,74.4466552734375,76.00879851006168,73.61947228896774,74.83248302056818,63008500
2023-11-17,73.02567291259766,73.84062903390739,72.22577971971216,72.47986073687406,35497300
2023-11-20,73.83497619628906,74.10317959742656,72.04697506102082,72.37634917041647,31506800
2023-11-21,74.28668212890625,74.60193383567136,73.02566812218548,73.26093123287528,20525500
2023-11-22,74.30549621582031,75.01128551176807,73.5244210051864,74.60663269490496,18958600
2023-11-24,73.86319732666016,74.40900941562687,73.59970381603063,73.65616465983419,12251700
2023-11-27,72.95979309082031,74.57840440456083,72.54572772786524,72.98332083729007,18248200
2023-11-28,72.21636199951172,72.31046580727241,70.82360841346879,72.04697227367836,23682200
2023-11-29,70.26838684082031,71.00805701816331,70.03783357858917,70.57893588181886,30969100
2023-11-30,70.46600341796875,70.52247144597318,69.64729239833724,70.29661369327597,17884200
2023-12-01,69.62847137451172,69.76963068323373,67.86870782204751,68.80976030731331,27998600
2023-12-04,68.72505950927734,69.24264123040776,68.20748496780739,68.38628005174843,21074900
2023-12-05,68.11336517333984,68.41450163225136,67.68048196238327,67.79341082684739,19129000
2023-12-06,67.27583312988281,68.64976875321204,67.27583312988281,68.09455129117198,30394400
2023-12-07,68.06632995605469,68.1039729181161,67.22879379425567,67.3276002874636,18966700
2023-12-08,67.88751983642578,68.16983842943257,67.59579588873613,67.77459096329105,16914800
2023-12-11,67.16291809082031,67.38876867574406,65.94895952990663,66.33478731333217,19719300
2023-12-12,67.18172454833984,67.71342140661434,66.74884134271242,67.1723120148355,14725900
2023-12-13,67.24760437011719,67.26642943893052,65.98659758670884,66.73002985231261,21721600
2023-12-14,68.23571014404297,68.92267436143686,67.20995931551882,67.2570148064241,25199300
2023-12-15,70.1178207397461,71.09180630151754,68.99796601589539,69.63788197528716,31327500
2023-12-18,69.48731231689453,69.85432939276231,68.89445183371252,69.68493965761591,17233500
2023-12-19,70.94593811035156,71.52939316862678,69.84490855264849,70.01429826765357,20939300
2023-12-20,69.95408630371094,71.80903762399528,69.93501545266865,71.12714373758593,27540200
2023-12-21,72.7293701171875,72.7579800340696,70.90779446316927,71.39418487868748,20812100
2023-12-22,71.79473876953125,72.17622130836716,70.99363198653266,71.05085182069706,20004300
2023-12-26,72.33834838867188,73.40554485400062,72.22390872134596,72.63400117367019,13121300
2023-12-27,72.58631134033203,72.91056675800108,71.9187223767934,72.74843904916656,14904500
2023-12-28,73.66399383544922,74.18853322611082,73.41603637456745,73.65446204738198,18937900
2023-12-29,73.92149353027344,74.04070636005822,73.26343638148589,73.49232297734403,14094600
2024-01-02,71.29881286621094,72.55292691573722,71.06038720132035,72.52909017018725,21739600
2024-01-03,73.04408264160156,73.13945872776343,70.64075515950273,70.88871988641075,24444600
2024-01-04,71.20344543457031,72.21913383887804,70.99362968121503,72.06177202386158,18454900
2024-01-05,69.62983703613281,70.5740006836255,69.48678017410683,70.5740006836255,21725200
2024-01-08,69.50584411621094,69.6775108783393,67.63658785979851,67.95131146972943,22000000
2024-01-09,68.68566131591797,68.78103740139103,67.67473884023246,67.9513134805221,21451800
2024-01-10,68.10391235351562,68.45201179685132,67.75580563400587,68.07529516092686,19540000
2024-01-11,69.02899932861328,69.7442763590226,68.21835348271755,69.18636114844423,18095300
2024-01-12,68.51399993896484,70.03039104796706,68.48539002154158,69.22927697924388,16147300
2024-01-16,66.24418640136719,67.26560114317337,66.09159775820075,66.88316544221358,27606900
2024-01-17,65.73872375488281,65.80548264913209,64.1460420805261,64.58474442504613,22684400
2024-01-18,64.89946746826172,65.881780021848,64.85177942586145,65.42399955379608,19307000
2024-01-19,66.20604705810547,66.66859350119238,63.82179004267809,64.08882566421796,34547700
2024-01-22,65.4526138305664,65.55561535226389,63.5452084262246,64.16511663787053,27294200
2024-01-23,70.59307098388672,71.05085148355244,69.19113412029154,69.38663764481699,53017700
2024-01-24,71.71843719482422,72.11899784232571,70.78381266172643,71.79950832404008,36503300
2024-01-25,70.43093872070312,72.00454953667311,70.15436408113003,71.70890404575906,23268600
2024-01-26,70.58354187011719,71.26066994281167,69.54400209923799,69.71566888359536,19418200
2024-01-29,70.17344665527344,71.34649690567787,69.45816962779662,71.21297910930946,17537400
2024-01-30,68.9717788696289,69.68228999948722,68.74765815337072,69.10529666533496,17089600
2024-01-31,68.82872009277344,69.56307522487954,68.18497515487019,68.18497515487019,15743600
2024-02-01,69.10529327392578,70.06853498953953,68.78103786488829,69.76811632585718,14445800
2024-02-02,68.5235366821289,68.88594836034444,67.76057889738253,68.79057227059884,18824200
2024-02-05,71.1748275756836,71.6707570382742,68.5330743837867,68.82871988283276,27721000
2024-02-06,74.60816192626953,74.71306252427351,72.22390528799927,73.47801933193122,39069100
2024-02-07,70.23066711425781,72.6435338109033,69.7633548228086,71.10330596868826,53766300
2024-02-08,67.50306701660156,69.81102549916302,67.37908830141664,68.55691156227957,33070600
2024-02-09,68.68566131591797,68.74765431624071,66.75918517384628,67.52215020058831,18998400
2024-02-12,69.7538070678711,70.69797059758474,68.9622321694228,68.9622321694228,18151100
2024-02-13,68.28511047363281,69.64890559789599,68.11344370008311,68.62844402073222,13560600
2024-02-14,69.99224090576172,70.01131903451052,68.88594955207958,68.96224023855221,12817500
2024-02-15,70.40232849121094,70.70751304451949,69.70135646973802,69.83010836327912,12078100
2024-02-16,70.48816680908203,71.88057181392949,70.47862774519179,71.39418142196106,16393300
2024-02-20,69.7538070678711,70.25926827795847,68.83825345175886,70.05899160657516,14353300
2024-02-21,72.08084869384766,72.85334551905139,70.64075564182164,71.03177722446847,23475500
2024-02-22,72.59585571289062,72.84381318823706,71.52770601694804,71.6230748364024,14836600
2024-02-23,72.4432601928711,73.37311892114542,71.67076329187005,72.93918969873378,12301700
2024-02-26,72.9677963256836,73.02501615986569,71.85195862591306,72.11900149650272,13973100
2024-02-27,74.08362579345703,74.4364984107671,73.67353334270311,73.94056893367326,14490200
2024-02-28,71.13668823242188,72.65307946532533,71.00317042275427,72.50048352503383,16905300
2024-02-29,70.60261535644531,71.56585719771643,70.38326779258168,71.2225236161975,12549200
2024-03-01,71.16529846191406,71.61353262124871,70.9268727856795,71.03178066531665,11980100
2024-03-04,68.66659545898438,70.3165043569461,68.38048173410223,70.3165043569461,19550100
2024-03-05,68.73335266113281,69.34372180138377,67.75104005342189,67.95131674542542,15804500
2024-03-06,70.29742431640625,71.26066606939695,70.20205550276364,70.76473659657687,19785300
2024-03-07,69.18159484863281,69.38950424954285,68.43770790555733,69.23881468235426,12374700
2024-03-08,70.14483642578125,70.34511311944138,69.39141042038888,69.43909118963701,16430400
2024-03-11,71.3941879272461,72.53862830844317,71.09854240527466,71.1748330948265,13510400
2024-03-12,72.53861999511719,72.93918063118674,71.73274010540545,72.3574214425016,13314700
2024-03-13,72.85335540771484,73.86427803481995,72.42419206349943,72.42419206349943,15319800
2024-03-14,70.00177764892578,71.89964393074483,69.83964994080797,71.75182118062719,18923500
2024-03-15,70.0208511352539,70.69797918537492,69.9922412181772,70.16867389093306,10233700
2024-03-18,70.11621856689453,70.59306991189189,69.9350200035939,70.02084975312988,8542500
2024-03-19,70.0208511352539,70.32126981690784,69.4772408822737,69.69659570681887,8164200
2024-03-20,70.74566650390625,70.88872336399318,69.90641074819662,70.14483642295012,11123200
2024-03-21,70.411865234375,71.27973082329852,70.35463813014626,70.86010662393731,11860700
2024-03-22,68.79057312011719,69.25789268188474,68.7047433696951,69.12437488600091,12771500
2024-03-25,68.15159606933594,69.13390871498223,68.05622725177138,68.60937658028995,12422100
2024-03-26,68.17066192626953,68.54260534113503,67.79871123523097,68.51398815246047,10881900
2024-03-27,68.27557373046875,68.37094982270727,67.31519876567855,67.60798474184469,13281300
2024-03-28,69.00992584228516,69.22927338191525,68.71904623663954,68.74289025864472,14073400
2024-04-01,69.9731674194336,70.17535046428084,69.43908897718246,69.84918141575572,14311700
2024-04-02,69.50584411621094,69.75380883399048,69.15297880462796,69.21019863327957,17290400
2024-04-03,69.08621978759766,69.4963122032645,68.77149617823562,69.06714166063259,11777900
2024-04-04,68.61890411376953,69.8396496418922,68.57122334603105,69.60122397467802,11087100
2024-04-05,68.34233856201172,68.69043800808163,68.10391288845098,68.36140941437996,12260300
2024-04-08,68.3900146484375,69.0385327271664,68.24695779886117,68.62844030567352,10560000
2024-04-09,69.61075592041016,69.84918158816511,68.96223781306969,69.01946492112917,14060400
2024-04-10,71.13668823242188,71.6898376017162,70.32604230910427,70.99840452818574,20572200
2024-04-11,71.3846435546875,71.93779285081233,70.92687034671614,71.73274299269107,14986800
2024-04-12,67.98946380615234,69.60122363707798,67.98946380615234,69.56307465736789,18231400
2024-04-15,67.35047912597656,68.71427411263907,66.92130859731664,68.40908957669511,15903900
2024-04-16,66.38724517822266,67.05197461779336,66.08206060688259,66.77825949954548,17478900
2024-04-17,65.6338119506836,66.76872036112327,65.54320904044872,66.48260667366297,12760600
2024-04-18,65.6910400390625,66.40155117736693,65.61474935216225,65.89131673500233,9491000
2024-04-19,65.87224578857422,65.94854375154011,65.19511773864387,65.25233757278119,13084100
2024-04-22,67.40771484375,67.61753062595717,65.91994078980828,66.46831699461565,15015600
2024-04-23,69.15298461914062,69.42955927450087,67.70335244457476,67.78918947094304,15268200
2024-04-24,71.1748275756836,71.24158647147381,70.09714617902058,70.32603278227644,16375200
2024-04-25,71.63260650634766,71.71843625214376,70.3880242590878,70.3880242590878,11921900
2024-04-26,72.05223846435547,73.36834550825999,71.58491892476374,72.6578344111717,14216100
2024-04-29,72.87242126464844,72.98686092320487,71.73751280947297,72.14760523037198,13076400
2024-04-30,71.3846435546875,72.75797773094945,71.03177822274583,72.37649520685736,12856000
2024-05-01,72.01409149169922,72.71982943842869,71.40372235785092,71.51816202283871,10549100
2024-05-02,76.6109390258789,77.64570557397992,73.58770323728801,73.99778840988807,36663900
2024-05-03,77.56463623046875,77.60278520860611,76.01009629510921,77.50740912517593,19355800
2024-05-06,77.77445983886719,78.41343891590878,76.77306907095027,77.96996336685724,11826100
2024-05-07,75.69538116455078,76.22945231463396,75.1660759082456,76.22945231463396,14589100
2024-05-08,74.8275146484375,75.33297592659521,74.2076064242882,74.3125143057369,11327100
2024-05-09,75.78121185302734,76.21991419979635,75.06593486404388,75.81936083224731,9627300
2024-05-10,76.33436584472656,76.7921390712479,76.07686203815584,76.37251482629905,10819600
2024-05-13,80.6832504272461,81.06473297885206,78.77584494539074,78.88075282898676,32010700
2024-05-14,75.82890319824219,76.78260589175134,74.12177450371989,75.96242099323955,44687700
2024-05-15,77.2403793334961,77.37389712887982,76.08639994415152,76.66815917096953,17803300
2024-05-16,82.68601989746094,83.43944589191976,77.86601298763912,78.16547120688205,47259500
2024-05-17,84.44083404541016,86.27194139886592,82.81000337659732,83.54435122028805,35152900
2024-05-20,84.19286346435547,85.10841707743353,82.92443727362482,83.42036669498376,16737200
2024-05-21,82.14241027832031,83.13426195157328,81.36991342583951,82.51435374626841,16512400
2024-05-22,78.85213470458984,81.18870326621978,78.85213470458984,80.69278109406613,19717800
2024-05-23,77.05917358398438,79.10009658160983,76.34389662847526,77.6600036071896,23930300
2024-05-24,77.49787902832031,78.73768810204861,76.03871514456057,76.77306298024648,41456400
2024-05-28,76.849365234375,77.93658572917889,76.33436490375618,77.05918099235016,15211800
2024-05-29,75.39972686767578,75.68584056436852,74.60815922234984,75.1136204471566,18448500
2024-05-30,75.94334411621094,76.48695436942255,75.05640030558416,75.2137621257473,13875900
2024-05-31,74.71306610107422,74.8656620257923,73.59723568722637,74.35066169413003,20023900
2024-06-03,74.29344177246094,75.64769785994629,73.64492364552547,75.34251328704573,14244400
2024-06-04,74.8179702758789,75.20613232017037,74.17422535030485,74.56047376088405,10784400
2024-06-05,76.13408660888672,76.2342213155217,75.20899384609275,75.32344078699244,13716200
2024-06-06,76.30575561523438,76.3486704907624,75.11362723162755,75.74306723456137,11205300
2024-06-07,74.77983093261719,75.64769659130293,74.51756123932581,75.29482397885873,12190300
2024-06-10,75.62862396240234,76.04824818563627,74.61769419348117,74.93241781803702,9475200
2024-06-11,74.29344177246094,75.4188112493144,74.07408694998202,75.34251328704573,11108400
2024-06-12,74.42695617675781,75.14223316904014,74.04547365897247,75.10408418964423,12069600
2024-06-13,73.74486541748047,75.02136638558521,73.55972133167187,74.54389774958065,14026700
2024-06-14,71.47443389892578,72.3904004123651,71.38673877366988,72.31244423370848,18282700
2024-06-17,72.64375305175781,73.16019971661234,71.94216232429119,72.13217586012088,13466300
2024-06-18,72.5560531616211,73.1796877346763,71.96165029756682,72.19064193048824,10305300
2024-06-20,72.44886779785156,73.32488237528952,72.13705050045455,72.66324358374528,9709400
2024-06-21,71.7862548828125,72.74119953484728,71.7862548828125,71.90318915683027,10183400
2024-06-24,72.87761688232422,73.99333590443239,72.22475059979263,72.22475059979263,20134400
2024-06-25,71.90319061279297,72.8483889025545,71.7277929153701,72.5950350208746,16914100
2024-06-26,72.27346801757812,72.44886570694632,71.7862530398121,72.03473743643154,7010100
2024-06-27,70.51950073242188,71.66932841277293,70.50000796949632,71.58162584822955,11865100
2024-06-28,70.1589584350586,70.69976737036794,69.96407541312995,70.5195002033684,10335000
2024-07-01,70.3343505859375,71.15286813470878,70.1784382332324,70.65591423765915,9034200
2024-07-02,71.7959976196289,71.890517441893,70.1297233295928,70.47077231861007,13419100
2024-07-03,73.6376724243164,73.86666406166543,72.28321536280683,72.28321536280683,11768500
2024-07-05,72.61451721191406,72.80453075638526,71.72778981581864,72.76068319250204,14928700
2024-07-08,71.62060546875,71.82523487797198,71.08466599151797,71.72779336419642,10919400
2024-07-09,73.76434326171875,74.11513863380519,72.07858363381878,72.11756172341843,14458100
2024-07-10,74.06642150878906,74.69492554634309,73.32585267590392,73.35508438449102,12235200
2024-07-11,76.51223754882812,76.81431589318352,75.44231386402525,75.67423461884303,18896900
2024-07-12,77.61334228515625,78.93856753132202,77.39409704659936,78.24672320100623,14857200
2024-07-15,76.0152816772461,76.59019177319738,75.46959585568555,76.09323042234578,12614900
2024-07-16,76.37581634521484,76.5707067946288,75.0116203708695,75.31369127457303,12304500
2024-07-17,75.07008361816406,75.95681099947608,74.53414417638008,75.86911587317168,10815500
2024-07-18,74.58287048339844,76.31735463324085,74.41234226563871,75.38190275807789,11108600
2024-07-19,73.34534454345703,74.10052929797276,73.25764940987627,73.72537909190693,7557300
2024-07-22,74.68030548095703,75.21624488920133,74.31002480254915,74.86544953731598,9166800
2024-07-23,74.15412139892578,74.36849718808534,73.51100146575799,73.73999311015017,7997100
2024-07-24,73.8617935180664,75.08956990792046,73.783837337479,74.2028425152481,7924700
2024-07-25,73.4720230102539,74.26617839977085,73.20892274874652,73.44279129993328,8172600
2024-07-26,74.57312774658203,74.8069888682241,72.64376048299074,73.33560490048548,10884500
2024-07-29,76.60968780517578,77.36974200109032,76.20529847082418,76.4537754397006,17364100
2024-07-30,76.00553131103516,76.77533181514875,75.71319937073022,76.21990707601744,8431900
2024-07-31,76.83379364013672,77.96900532899397,76.33683232562228,77.30152324808735,12178600
2024-08-01,75.98605346679688,77.33076416913268,75.84962642939307,76.75584661240285,8559600
2024-08-02,75.46959686279297,75.48908962506086,73.82768477147498,74.8264769598533,10808700
2024-08-05,75.0116195678711,75.27958185219222,71.9811418792971,72.13704680284883,16143300
2024-08-06,75.90809631347656,76.83380181324758,74.55363924700198,74.55363924700198,12128900
2024-08-07,75.83988189697266,76.92149969491855,75.47934015288727,76.90200693344893,9693900
2024-08-08,78.2564697265625,78.2564697265625,76.73636132874398,76.83380284039451,14004300
2024-08-09,77.94465637207031,78.16877855108504,77.1699862789369,77.92517104247872,7755900
2024-08-12,78.84112548828125,79.41603555141161,78.1785128697437,78.52930078844238,12127700
2024-08-13,79.0262680053711,79.31859996611962,78.61700920777163,78.89471787960319,9365700
2024-08-14,77.43795013427734,78.9093414559325,76.07374670299968,78.49033627563244,18058100
2024-08-15,77.50615692138672,79.78631937138005,75.75218008730698,75.9080924433631,31619400
2024-08-16,81.05308532714844,82.00802997031992,79.88377233506685,79.95198213569977,25249200
2024-08-19,81.76441955566406,82.72910311137478,81.35515333218065,81.83262935385956,14751000
2024-08-20,78.96780395507812,80.48791229646177,78.70958061335104,80.35149269835352,17880100
2024-08-21,81.39413452148438,81.65723477762263,79.62067226655257,79.7570918681388,14690000
2024-08-22,80.83870697021484,81.64748560504887,79.73760381382269,81.36490003019202,9729000
2024-08-23,83.22606658935547,83.59634729841444,82.20291215594347,82.72910522732873,17318000
2024-08-26,79.66939544677734,80.20045798964674,78.31493839991765,79.79606866496408,29321700
2024-08-27,79.36731719970703,80.53663761128317,79.19191950968614,80.16634946884429,9026100
2024-08-28,77.58411407470703,79.20166390041635,77.1797247597021,79.0506284500323,14024400
2024-08-29,78.94831085205078,79.38193188008938,78.40263246197358,79.16268662938411,14154200
2024-08-30,81.20899200439453,82.58294186225345,80.46843056281737,82.55371015196893,20027300
2024-09-03,80.16635131835938,80.89717380458877,79.61092652619747,79.68888270896319,11638200
2024-09-04,80.36123657226562,81.26745669388906,80.19558527034668,80.75101002654748,11114100
2024-09-05,80.32225799560547,80.88742912916634,79.90325283580142,80.00557124772426,8461000
2024-09-06,79.1042251586914,80.50740669263878,79.09447877739714,80.02019170827491,11712700
2024-09-09,79.35757446289062,79.53784161774637,78.26621028440263,78.86061312584668,10434400
2024-09-10,81.65723419189453,82.1444491752965,80.59997113571887,81.65723419189453,15327800
2024-09-11,82.64140319824219,82.67063490778935,81.36490231927843,81.43798159314633,11551700
2024-09-12,83.30401611328125,83.48916018669311,82.69012790809398,82.85577921887791,10775000
2024-09-13,82.52447509765625,82.71935811452991,81.67671836220362,82.23214313803518,8985500
2024-09-16,81.46234893798828,82.2224031711227,81.1310462965958,81.8862310559372,11298200
2024-09-17,82.53421020507812,83.57684990890192,82.46600040891434,82.651144470349,10113900
2024-09-18,82.26136779785156,82.82653890638836,81.8910871237981,82.68037293910334,7858800
2024-09-19,86.22730255126953,86.30038925671356,84.72667956473903,85.38442274218328,18618400
2024-09-20,86.03241729736328,87.23096191859234,85.79855620151788,86.93863740736315,12277000
2024-09-23,87.78639221191406,88.81929303289307,87.03608440796474,87.18225038996572,19744100
2024-09-24,94.70484924316406,95.00692014876023,91.98618878986689,93.61348502253934,47423200
2024-09-25,93.01908111572266,93.72067186152539,91.6548777138074,91.96669499701855,18816600
2024-09-26,102.38335418701172,103.26034262577204,99.15799344289876,100.064213590566,67261600
2024-09-27,104.58556365966797,106.63186497666702,103.02647729596919,103.26033839194645,50075200
2024-09-30,103.40650939941406,109.35053063221535,103.39189354484826,108.86331565519376,58561500
2024-10-01,109.85723114013672,109.9059556116531,103.43574129960021,103.69883411658117,44505000
2024-10-02,112.30304718017578,113.58929436460669,109.35052574098053,112.36151059582393,53732800
2024-10-03,109.95467376708984,111.17271122428099,107.80118443489319,108.06428468886044,29267000
2024-10-04,111.6014633178711,112.77078374291077,110.84140913046618,112.7074434158568,25644200
2024-10-07,114.51500701904297,114.80733898431798,110.47112858337307,114.44679721838689,38404000
2024-10-08,106.87547302246094,107.92785911142822,105.27740856187074,107.28473180117814,37414400
2024-10-09,105.13124084472656,106.58313930760774,102.91928825274394,103.09468593132966,28793000
2024-10-10,106.48570251464844,108.00581084008395,104.73173308552526,106.19337799361647,19736600
2024-10-11,107.3237075805664,108.21044234968473,104.47837408359592,105.28715267721392,18042600
2024-10-14,105.05329132080078,107.2652514871545,104.18604925352166,105.54050629946593,21351600
2024-10-15,99.23594665527344,101.74023886757534,99.04106363091502,101.3309726215253,28942600
2024-10-16,99.55750274658203,101.1945453030498,99.17747567403687,99.88393587636774,16432600
2024-10-17,97.5112075805664,98.85591827357155,97.00450726320977,98.66103525173685,15808200
2024-10-18,99.81085968017578,100.72194930083444,99.06055189274699,100.72194930083444,20824600
2024-10-21,98.32972717285156,99.05080323481064,97.55504973340415,97.90584510069458,10328600
2024-10-22,97.8912353515625,99.28467052678145,97.24811542762879,97.45274483225819,20650100
2024-10-23,95.49413299560547,97.65736862642414,95.23590965929075,97.60377468298277,13638200
2024-10-24,93.89606475830078,94.91921911612333,93.07753978518072,94.31506990820877,13602900
2024-10-25,94.92896270751953,96.37112228581994,94.56842838867725,95.7864658103021,16977100
2024-10-28,97.37478637695312,98.46615061048628,96.2541904340566,96.49779792449885,16044400
2024-10-29,97.27734375,98.85591551197054,96.9850117911037,98.85591551197054,13685400
2024-10-30,96.17623138427734,97.24811025770137,95.08487461760619,95.7036322721705,10179900
2024-10-31,95.47464752197266,95.59157435525822,94.28096491390666,95.29924983773397,8379300
2024-11-01,95.08487701416016,95.7864677728807,94.92896465252866,95.70851159206495,8501000
2024-11-04,95.8839111328125,97.32606333419206,95.84493304165214,96.29316993853016,8681900
2024-11-05,96.6731948852539,98.50512052319964,96.42471792323025,97.41376373221519,10804200
2024-11-06,94.2566146850586,94.83152480142599,92.33698644619945,93.35039451158791,18162900
2024-11-07,97.57941436767578,98.51486622534806,96.64396251000352,96.72191869005383,16340400
2024-11-08,91.78156280517578,93.91555942022738,91.29434781193767,93.65246659497555,24879800
2024-11-11,92.98011016845703,94.32482834597923,92.61469891314097,93.70119373165134,12556700
2024-11-12,89.43317413330078,90.94354343683877,88.70235171564887,90.31016252134509,21641900
2024-11-13,89.64755249023438,90.49530919556982,88.9459617595168,90.18349191906316,12874500
2024-11-14,88.26387023925781,89.21393799222395,87.70844544257677,88.56594115704426,16946800
2024-11-15,86.32474517822266,88.38079295499165,84.99952729382962,87.89357798294802,31018300
2024-11-18,87.06531524658203,87.21148122712088,85.60367030981465,86.62682473927605,13482000
2024-11-19,84.8825912475586,85.69136986845747,84.59805788826397,84.93131571746733,19289000
2024-11-20,84.55127716064453,85.30159232918761,84.28818436493707,84.81437739066196,15174500
2024-11-21,83.39171600341797,84.81438282291566,83.26016587998363,84.75591940552728,15869200
2024-11-22,81.00435638427734,81.5402958127512,80.52201833296117,81.46233963509859,24999200
2024-11-25,83.39171600341797,83.67917105132483,81.60850742996745,82.0957223996986,15120100
2024-11-26,83.00194549560547,83.87893395920405,82.69012820124938,83.62071061079872,10241500
2024-11-27,84.37588500976562,85.30159791415977,84.25895817482228,84.74617314524747,13607600
2024-11-29,85.13594818115234,85.25287501825566,83.771744751899,84.21023525965765,7553500
2024-12-02,83.75225067138672,84.77540508580162,83.08963801242413,84.71694166817008,16537200
2024-12-03,83.48915100097656,84.42460277780732,83.19681906820638,83.80583773288603,13660700
2024-12-04,82.75833129882812,83.79122460878735,82.1152039995108,83.75224652086114,13613700
2024-12-05,81.99827575683594,82.92398116762145,81.77903052105094,82.62677975732758,12979600
2024-12-06,83.7327651977539,84.47333403514217,83.70353348898905,83.81072137733382,11751500
2024-12-09,89.9593734741211,91.7133503731994,89.48190487604835,89.65730256595617,32767300
2024-12-10,87.53304290771484,88.24437259755835,87.20660977137427,87.48919534484307,13859200
2024-12-11,86.70478057861328,86.88504774112515,85.74983595259006,86.62194749032942,9866000
2024-12-12,86.9483871459961,87.69869493153595,86.22730363496657,86.75837360435018,9951200
2024-12-13,85.5744400024414,86.12986479013951,85.00926883339822,85.9349817691022,11608600
2024-12-16,83.85943603515625,84.69647246145009,83.67429940679347,83.76199453060053,13216600
2024-12-17,84.92156982421875,85.36006031867372,83.2163174479666,83.31375895403322,13288700
2024-12-18,82.82654571533203,84.98978139291627,82.65894661877743,84.1819766451995,11319500
2024-12-19,82.15419006347656,83.20657623672614,82.08598026156099,82.82654913543782,13795100
2024-12-20,80.17609405517578,80.87768479955314,79.61092290728175,80.10788425693411,21270500
2024-12-23,82.96296691894531,83.12861822934697,80.65356521737095,80.73152139908137,20055100
2024-12-24,83.33324432373047,83.69378607410098,82.82654403134119,83.50864200846337,5235400
2024-12-26,83.8789291381836,85.03849568544553,83.37222141753426,83.52813377290646,12008600
2024-12-27,82.885009765625,83.08963916448313,82.13470196981189,82.71935845716517,8629400
2024-12-30,81.9787826538086,82.77781485341387,81.39412621605278,82.01776074090031,10731000
2024-12-31,82.62191772460938,83.16759612669136,82.26137596077055,82.26137596077055,7415000
2025-01-02,82.77781677246094,83.24554639409499,82.04699434974594,82.23213840914632,10635700
2025-01-03,83.35273742675781,83.36248380770242,82.59268326790729,82.92398587691991,7689500
2025-01-06,83.33324432373047,85.12619926036795,82.90450020995812,84.33691339622509,18077100
2025-01-07,82.3198471069336,82.93373531145978,81.6377416675938,82.14931888852097,11144100
2025-01-08,81.55004119873047,81.64748270245244,80.60484300057603,80.9653773077783,9661800
2025-01-10,78.47084045410156,80.14686110996371,78.34416724055303,80.14686110996371,15393900
2025-01-13,78.4805908203125,79.00678389719792,78.01286116275523,78.10056372605814,10726600
2025-01-14,79.59143829345703,80.53663653064751,79.40629422472183,80.28328266305891,8773700
2025-01-15,80.3320083618164,80.67305736129578,80.04942278101618,80.51714499907057,11655700
2025-01-16,80.32225799560547,80.47816291578522,79.72785515415529,79.92273816295754,7566500
2025-01-17,82.94347381591797,83.40144961333908,80.90691150691778,81.07256280179202,21132400
2025-01-21,83.19682312011719,84.67796074796705,82.7485862531998,84.64872904012834,17099500
2025-01-22,84.19075012207031,84.32716972187326,82.26137552808346,82.82654668973028,10354800
2025-01-23,83.89842224121094,83.99586375519435,82.78757262631582,83.60609769926069,9225600
2025-01-24,86.86067962646484,86.90940409459161,84.26869999008017,84.49281470111914,18791000
2025-01-27,87.68894958496094,89.09213109939824,86.93864179056968,88.27360607120629,25999800
2025-01-28,93.57450866699219,93.96428214117695,87.60125563762463,88.61466369678077,31296300
2025-01-29,94.24686431884766,98.69026243480084,93.98376407369705,96.84859045598812,75053000
2025-01-30,100.11293029785156,101.01428096917162,94.65612410197113,94.81203646137567,45929000
2025-01-31,96.31265258789062,99.87906976959599,95.49413499922348,99.39185479511015,36416400
2025-02-03,96.08853912353516,99.26518288046772,93.61348612855684,94.03736078294145,29282900
2025-02-04,99.73290252685547,100.96068632861171,97.13117638029733,98.01790375678598,29877500
2025-02-05,96.74140167236328,99.216454571623,96.49779419134532,97.60377423677376,17017900
2025-02-06,97.81327056884766,99.13849582601,97.31143976569172,98.66102725718699,12774600
2025-02-07,100.86325073242188,104.76097070733502,100.3662893540134,101.7889562527394,39538200
2025-02-10,108.47354125976562,108.79510492608652,103.97167223420456,104.57582147690044,42429400
2025-02-11,109.89620208740234,112.58563067232733,108.16171806823026,111.04602965793252,55001300
2025-02-12,115.30429077148438,116.74644284676587,112.02532883598643,112.85846966378107,44024700
2025-02-13,116.48335266113281,116.51258436902539,111.82557886772221,112.38100362061196,34429300
2025-02-14,121.5406494140625,123.55771908795553,117.41393803269487,123.35308225882237,52729800
2025-02-18,123.65515899658203,125.7209531143885,122.39814350093809,124.47367656529325,42152800
2025-02-19,122.57353973388672,124.43469700317361,121.75501474055444,122.77816912364223,35155200
2025-02-20,132.4932403564453,140.81486551599366,128.04984220147367,134.28618788062317,118849000
2025-02-21,140.0742950439453,141.5846643294475,137.49206181319187,137.97927675247516,73892100
2025-02-24,125.74043273925781,132.3275886403473,125.15578369724939,132.3275886403473,74118300
2025-02-25,130.58334350585938,131.03158779504824,127.40670743419939,129.3945378569455,38881100
2025-02-26,135.52371215820312,138.320321210809,134.7539042114462,136.42018588118793,40543000
2025-02-27,133.05841064453125,136.52250192773033,132.39579055681656,135.12907425713078,23859400
2025-02-28,129.1217041015625,130.52488557354718,126.81230993561643,127.60159579645264,24862600
2025-03-03,127.4651870727539,131.27033506764622,126.24714956174813,130.58336012720432,22528000
2025-03-04,126.52973175048828,128.7221990824624,122.87561209622106,126.28612426915782,25366500
2025-03-05,137.42384338378906,138.20339025355375,129.93047530411846,130.9341368807813,37284600
2025-03-06,136.3714599609375,141.05846534698668,134.55901977306323,138.5639272106909,35482100
2025-03-07,137.0243377685547,141.64314118394987,135.81605412039275,139.26552967565246,31904400
2025-03-10,129.15093994140625,134.42260957654406,127.65032435001919,132.51759722662794,33484200
2025-03-11,135.4652557373047,137.7191007913074,132.56144378250326,134.62724538602325,29094800
2025-03-12,133.63331604003906,135.39703178202348,131.82087582927633,134.86596927016666,23880900
2025-03-13,134.81239318847656,136.69303590607518,130.90491946701837,131.32393208857246,20516300
2025-03-14,137.49208068847656,138.19367148685038,135.88426224694408,137.7356881915613,17381900
2025-03-17,143.796630859375,144.63462631919367,136.44942091427714,136.5761015622128,33897000
2025-03-18,139.09014892578125,143.11453487058117,138.85628036404302,142.6370736680547,20950100
2025-03-19,139.53836059570312,141.48722042209175,138.24236702692022,141.36055464403844,16333800
2025-03-20,133.40921020507812,135.4360263184643,132.88300969704352,133.6674335513069,23646800
2025-03-21,131.68446350097656,132.98045712513496,129.8915159525585,130.56387500037056,13970300
2025-03-24,131.0413360595703,132.94147149627463,130.21307951978696,132.8440374220407,14019000
2025-03-25,129.35557556152344,132.7612034708907,128.96580952987875,129.54071963057203,17943400
2025-03-26,128.85862731933594,131.21674611253064,127.77700943494375,130.1156354651109,15933500
2025-03-27,132.1619415283203,134.26183692321555,129.48225911205182,130.03767646301347,16688300
2025-03-28,129.0437469482422,130.77824588201045,128.0400853218462,130.08639409779914,13271500
2025-03-31,128.848876953125,129.47251156910733,124.72704214543913,126.70513388997469,12183800
2025-04-01,129.3068389892578,130.6710497095869,128.1667578413393,129.35556345580878,11627500
2025-04-02,126.47126007080078,129.43353552492354,125.84762548076779,128.58578620357505,21240900
2025-04-03,126.02302551269531,127.32875805956023,122.29095707045411,122.4322461401959,30607600
2025-04-04,113.56007385253906,115.8304975519769,108.4540626999552,114.56373556977003,57154500
2025-04-07,103.27009582519531,111.2019555190932,100.01549572298174,103.89373043741989,61386600
2025-04-08,96.82910919189453,106.21286716508152,95.25052995767632,105.49179106593476,52100200
2025-04-09,102.10076904296875,104.30298281311698,93.28218244988311,98.02765155174563,74981900
2025-04-10,101.51611328125,105.67692592915081,98.77796747934346,104.12758586501896,53133400
2025-04-11,104.975341796875,105.28130828114998,99.57699898112632,102.10076898345245,40522800
2025-04-14,111.05577850341797,113.0338700396217,108.84381843511852,109.00947717059721,32926100
2025-04-15,109.40899658203125,111.0850173312557,108.61971067997281,110.87064154691619,16172300
2025-04-16,104.02039337158203,106.18362897123478,103.24084646626761,105.40895897345138,18031600
2025-04-17,106.08618927001953,108.6635531665564,105.64769134045976,108.00094051606838,17885000
2025-04-21,107.33346557617188,107.41142176010821,104.52710242895088,105.9497767657009,12145700
2025-04-22,112.91693878173828,114.42730816260813,110.12032961162726,111.43580854389204,27662400
2025-04-23,115.92793273925781,120.6441701449913,115.71355696003165,116.5320745523746,25762800
2025-04-24,116.23974609375,116.2884631291826,114.57347182202456,114.9193902805442,13696000
2025-04-25,117.20442962646484,117.40905901761458,115.24582340501702,115.54790173564687,9306400
2025-04-28,115.34327697753906,117.5844614237089,114.29089083708857,116.44438015537617,10748000
2025-04-29,115.84022521972656,116.81465513136921,114.68065868020277,114.7196367687857,8295500
2025-04-30,116.37616729736328,116.87312864523491,115.16787626099324,116.04485725401206,10144800
2025-05-01,117.44803619384766,118.34450992933999,116.30795498016869,117.11673359198277,8690200
2025-05-02,122.5443115234375,123.38232186786406,121.07292023018009,122.78304210114393,18092500
2025-05-05,123.33360290527344,123.87928131789928,121.521162538411,121.80374812618103,9868800
2025-05-06,124.39573669433594,126.41279905172159,124.22520847153571,125.17040675590317,17919700
2025-05-07,120.07901000976562,121.76963918976953,119.76719271275053,121.71605267767254,15979200
2025-05-08,122.57353973388672,123.57233188227046,120.99496059737392,122.14478819288837,10846800
2025-05-09,122.12530517578125,124.50290915480248,121.98888558003046,123.7428549972451,11172200
2025-05-12,129.1606903076172,130.64182796571984,128.9170828249052,130.44693008465364,22631700
2025-05-13,128.28370666503906,129.62940618468866,126.87078610448239,127.65033309712055,16123600
2025-05-14,130.62232971191406,131.0705591348308,129.25811894491233,130.64668451171298,18278300
2025-05-15,120.73186492919922,123.08998348015815,119.51382756597951,123.01202730467767,35442800
2025-05-16,120.30311584472656,122.87561021341337,120.1569498713059,122.56379293946073,20090000
2025-05-19,119.81591033935547,119.91335185121767,116.93159846923172,117.106996164308,11197000
2025-05-20,121.95965576171875,122.0181191795722,120.9754794334261,121.11189903129116,11790000
2025-05-21,120.42979431152344,122.83663748469775,119.63076204751069,122.24223461867857,8521400
2025-05-22,118.37374877929688,119.04610036210107,117.82806297417507,118.38348772569692,7820900
2025-05-23,117.64293670654297,117.94695541582219,116.23390433043893,116.52234072410585,7163400
2025-05-27,116.4638671875,116.93646631949736,115.84997898041046,116.80979309926607,8544500
2025-05-28,113.75495147705078,114.90477912750883,113.53083674940905,114.44679585670538,11707700
2025-05-29,114.18370056152344,116.28846536414562,113.71597091965715,115.99127136965708,12356300
2025-05-30,110.9291000366211,112.12765212565742,108.74637906767107,112.06918870863969,17213200
2025-06-02,111.81584167480469,112.44922265699255,110.75273522207907,111.96200766058817,13147200
2025-06-03,112.03021240234375,112.84872999086173,111.48940348339063,112.42972481550785,14008900
2025-06-04,116.3956527709961,116.93159220901155,113.67699979432975,113.82803524477671,18115500
2025-06-05,116.89261627197266,118.44196376311343,116.09358400786998,117.85729984385394,15332200
2025-06-06,116.32744598388672,116.70747307365764,115.19711109578388,115.95716527532574,9753200
2025-06-09,118.37374877929688,119.03148450819079,117.04852350648858,117.99371427469856,10410600
2025-06-10,118.76351928710938,119.03636591714329,116.8146593927303,117.53086599865945,8892800
2025-06-11,117.25315856933594,120.30312165993641,116.98031937072767,119.49434301098289,10443100
2025-06-12,115.5587158203125,116.48025276464053,114.89480733270457,116.45051942582134,10204500
2025-06-13,111.84284210205078,113.7354564327343,111.2473059306583,112.63555725690577,13355100
2025-06-16,114.90471649169922,115.83616453312779,113.82463955852266,113.93363911911383,10242900
2025-06-17,113.98318481445312,115.54880806601743,113.98318481445312,114.88490711907608,10205700
2025-06-18,112.45719909667969,113.25983295349131,111.99147505185469,112.6058355560866,14002300
2025-06-20,111.9815673828125,113.38567195300554,111.59709784912774,113.07155544512837,12737300
2025-06-23,112.06083679199219,112.06083679199219,110.24749619421006,111.0947111538369,12536500
2025-06-24,115.9451675415039,116.25234400686935,112.58601840875912,113.57195869983755,17125100
2025-06-25,113.50755310058594,116.38115591531344,113.13100641123462,116.13343101335666,12835500
2025-06-26,112.89319610595703,113.16073568194228,112.3481982808482,113.06164723009456,8388000
2025-06-27,113.04183197021484,114.44890763497199,112.2887461321904,113.32919377103948,12355500
2025-06-30,112.3779296875,112.45719591163625,110.38621933177149,111.43657051122716,10457300
2025-07-01,112.93283081054688,113.74536819589756,111.71402095253879,111.92210896537644,9243200
2025-07-02,109.70249938964844,110.80239860640022,109.36559713729208,110.55467369379782,13843800
2025-07-03,107.71078491210938,108.08733160343687,106.96761020233872,107.34910867014426,11847200
2025-07-07,105.30290222167969,107.21533884390288,104.975911083552,106.4523494416525,17446200
2025-07-08,107.00724792480469,108.1368728876288,106.92798170071981,107.77519664285582,11319900
2025-07-09,102.8851089477539,104.564683494542,102.76619827224211,104.5200948262116,24609300
2025-07-10,105.6695327758789,105.78844344950721,103.46379232182355,104.18318337536303,13554500
2025-07-11,105.74880981445312,106.44243653206601,105.33263378388538,105.93708316350414,10774600
2025-07-14,107.23516082763672,107.80988443632187,106.21453540253702,106.66538899559109,13231300
2025-07-15,115.90553283691406,116.14829841187957,112.17380591807544,113.61159773654872,34785400
2025-07-16,114.67681884765625,114.97408420415483,113.00219603417969,114.44890860370614,14439000
2025-07-17,116.23252868652344,117.12433229836698,113.8147311896146,113.99309342397613,14573600
2025-07-18,119.1358642578125,121.04830082069228,118.68004378130243,120.27539276919529,26787700
2025-07-21,119.17549133300781,121.19692742025804,117.17387747129874,118.42241308165175,17937600
2025-07-22,119.61149597167969,120.73120985578491,117.91705847557098,119.3439563922791,11551500
2025-07-23,121.4644775390625,122.73777962277919,120.2952156821272,121.67751732911479,12874200
2025-07-24,120.04749298095703,122.86164433171902,119.35385869649909,120.74111970545069,11378400
2025-07-25,118.93768310546875,119.38359248141884,118.2539599316572,119.09623067735261,7060600
2025-07-28,121.03839111328125,122.32655609414002,120.42403062212558,120.91948043629377,11207400
2025-07-29,118.2737808227539,121.75184065205251,117.96660435565252,121.37529395306193,13599700
2025-07-30,116.31179809570312,118.50168541313009,115.77671137796611,117.96164691873449,12794100
2025-07-31,119.53221893310547,120.23575675901789,116.45052049736998,116.74779340858443,13650400
2025-08-01,116.0046157836914,117.29278828672301,115.05335307559156,116.98560427017499,12424300
2025-08-04,116.43070220947266,118.40259028329426,115.79652707457562,117.27296535176116,7272100
2025-08-05,115.97489166259766,117.57024064501097,115.8064405427066,117.02524283364092,5885600
2025-08-06,119.7601318359375,120.1862189861715,116.6982479982177,117.79814721021793,12079600
2025-08-07,119.85921478271484,121.16720195312284,118.51159072108672,120.23575390936,9480600
2025-08-08,119.26467895507812,119.60158119734133,117.57519328735316,118.23414244232998,9763600
2025-08-11,117.56033325195312,120.19612993585194,117.0450687630516,119.33404452330582,12072000
2025-08-12,121.3059310913086,121.67256667660352,117.02524498501069,117.7287828162813,11939800
2025-08-13,125.70552825927734,126.76579056597774,123.9417281191556,125.53707713577454,19362500
2025-08-14,121.16720581054688,122.80219171559854,120.23575773713087,122.60401481315286,15045600
2025-08-15,120.156494140625,121.07704076575222,119.58177052701019,119.87904344714596,11141800
2025-08-18,120.29521942138672,122.02929381464403,119.79976959474176,120.81048391471313,8550400
2025-08-19,118.89804077148438,121.4644746641677,118.89804077148438,120.47357506513215,8106100
2025-08-20,118.40259552001953,119.71058273858998,117.59005811999795,118.82868266637013,7095800
2025-08-21,117.01533508300781,118.18459696284658,116.44061903627957,116.80724706540485,8231200
2025-08-22,121.82120513916016,122.27701807002516,119.18540844680867,119.37863357576192,13855300
2025-08-25,123.21836853027344,125.57671450818088,122.3761053495769,124.0408170445851,12888400
2025-08-26,123.05982971191406,124.85335565571631,122.59410566773097,124.15476958944168,8706100
2025-08-27,121.11766052246094,121.40006297515339,119.69076269001592,120.09702759177577,13833100
2025-08-28,118.48186492919922,120.14657656043515,116.52979150662306,118.4422280379836,14501100
2025-08-29,133.77145385742188,135.4064322454855,127.3405096325092,127.70715278759599,82165100
2025-09-02,137.2891387939453,137.5665894646513,131.84909469774303,133.24626672375152,41625400
2025-09-03,135.208251953125,136.5162467267756,134.34617411044616,135.45597686147443,16470500
2025-09-04,129.72857666015625,133.02827421484892,128.87640238068673,131.94819725596554,24730900
2025-09-05,134.34617614746094,134.3759019273193,131.49238032162808,133.80117831684302,19202500
2025-09-08,139.91502380371094,139.93484602975937,137.50614706108212,138.60704416315187,20095300
2025-09-09,145.76133728027344,146.65314087274461,143.33362116312682,144.07679586349548,32792300
2025-09-10,142.62017822265625,144.59207395350958,141.92655149720713,144.0966241324847,21079900
2025-09-11,154.0254364013672,155.42161055233714,146.51441561126228,146.77204406435277,50089200
2025-09-12,153.64889526367188,154.04526419035068,150.67619635325926,152.66791429998997,20903300
2025-09-15,156.60177612304688,158.24667319278058,155.30369998341294,157.64222379341717,23567200
2025-09-16,160.7338409423828,161.5166450231619,156.15587421907037,156.91887119294393,26017700
2025-09-17,164.6577911376953,165.79733479408344,161.7742695604827,164.48934001351867,29344300
2025-09-18,161.00137329101562,163.29034909734284,159.83211894420546,161.02119551789025,19529600
2025-09-19,161.328369140625,164.7370663461643,161.13019223517176,163.19126531572874,18183200
2025-09-22,162.75526428222656,165.91127718564923,161.54636552362578,162.26971802018906,18667700
2025-09-23,161.59591674804688,166.30269008588635,161.31846605562117,163.50834581511901,18278600
2025-09-24,174.83433532714844,178.52048320653194,173.40743742288015,174.37851483886826,52642300
2025-09-25,173.87315368652344,174.17042658993617,168.88397058135538,171.82198426091082,20712200
2025-09-26,170.34555053710938,171.18780610869925,168.1556558111203,170.60317898490257,15971100
2025-09-29,178.26283264160156,179.69369191113432,175.9738569764492,176.45940322539258,21576300
2025-09-30,177.10348510742188,180.492359998375,175.48832900601653,180.0068288606207,18681500
2025-10-01,181.11663818359375,181.41391110482186,177.24221689408554,178.3421161186794,14966900
2025-10-02,187.61692810058594,190.91662560874934,186.58639916130537,186.86384984187814,23687800
2025-10-03,186.31884765625,189.33119086016518,185.43198829457933,188.98436995763342,13990900
2025-10-06,185.5162353515625,187.88448493157094,184.61451303316738,184.80278638754976,10973500
2025-10-07,179.67982482910156,186.9431206527458,178.7979247970317,185.69953682642722,16942200
2025-10-08,179.47174072265625,180.4329145978546,175.6865119019188,179.14474202202837,15883700
2025-10-09,172.0994415283203,177.15303572005047,170.73201031214876,176.89540725785665,21211600
2025-10-10,157.5629425048828,171.35626334590273,155.81896462380956,168.48266050733,50296800
2025-10-13,165.29196166992188,167.25393866586325,163.52816157216876,166.25313550205937,25703100
2025-10-14,161.37791442871094,164.9847884789491,158.54394088067178,158.59348888618268,18583200
2025-10-15,164.40016174316406,166.57023435866685,163.10208564309616,166.54050857927052,15337400
2025-10-16,163.58761596679688,166.76841042562154,162.9633594826736,165.00461029727813,10979700
2025-10-17,165.52978515625,167.56113240873697,159.6834683047039,160.28791767993312,17765700
2025-10-20,171.891357421875,173.37770684435972,164.28124051639068,165.76758993887537,20120500
2025-10-21,165.1532440185547,169.38438978754414,164.90551910430355,168.9682137459937,15662500
2025-10-22,164.35061645507812,168.12594170012184,162.09136646402948,165.48024145060245,15016500
2025-10-23,170.33563232421875,171.66344925700858,166.78524649571872,167.4323038026653,12792100
2025-10-24,173.11016845703125,174.83433931736064,171.78434724536706,172.812895533536,11841000
2025-10-27,177.8169403076172,178.36193814259423,176.00359212210935,178.1043096751182,12580800
2025-10-28,175.11178588867188,177.74758256434444,173.64525865255388,175.86486417318034,11906900
2025-10-29,178.3321990966797,180.83917383115573,176.46930304294625,178.654238437051,12068900
2025-10-30,172.34716796875,174.774884194541,172.19853906999606,172.73363334536754,10756300
2025-10-31,168.87901306152344,169.88973489602725,166.59003738450178,168.97810907036958,13181400
2025-11-03,166.16395568847656,167.4025801835962,164.07315693591752,166.77830859967898,9702300
2025-11-04,162.8048095703125,164.9847856966733,160.72391433337418,161.12028325084862,9693100
2025-11-05,163.32008361816406,165.3613344285765,162.11118486482553,162.90389246969872,8631400
2025-11-06,166.08468627929688,168.99793358771058,164.01370969771213,167.46203614933748,12438900
2025-11-07,164.82623291015625,164.8658773606124,159.7488704655074,161.47700260314383,11581200
2025-11-10,164.38034057617188,166.4711394201145,162.15081638750962,166.0945927187633,9348700
2025-11-11,159.336669921875,164.07316913374777,158.70249473802386,163.09217301750797,11354400
2025-11-12,156.47296142578125,159.72311094491954,154.7785164357773,159.51501537354326,13920800
2025-11-13,158.38539123535156,162.5075372730107,157.05758937665973,162.5075372730107,17213000
2025-11-14,152.40036010742188,161.14008663697038,150.39873870018445,155.51178421811235,33991000
2025-11-17,156.2747802734375,159.55959969845128,155.47213890848704,156.5423122751599,16911400
2025-11-18,158.26649475097656,159.8122957998856,155.27397354710487,155.8784229439146,12438900
2025-11-19,157.4440460205078,159.50511912309005,156.60277317872462,157.87508495245524,7949900
2025-11-20,151.8850860595703,159.92128223947782,151.60763538740977,157.55303285358272,13466900
2025-11-21,151.53826904296875,154.46143496802628,147.28731639848152,150.59691744401897,16240800
2025-11-24,159.2672882080078,160.03028513231135,157.2557632329668,158.54393573479763,21796600
2025-11-25,155.58114624023438,164.8559674281581,154.72897194938074,163.6966166696587,27097500
2025-11-26,156.16578674316406,159.990659895445,148.6349435550692,157.64717684221918,21453100
2025-11-28,155.86851501464844,157.24586489724496,154.2632473305232,154.73889003985653,7185500
2025-12-01,162.76516723632812,163.34980950721865,157.9593131188563,159.0393900831616,15321200
2025-12-02,159.66366577148438,160.25819649075075,157.67194779413077,159.73302088476416,9878500
2025-12-03,156.64141845703125,157.01300582571162,155.1055209758334,155.9675988327946,6968000
2025-12-04,156.00723266601562,157.35485670282293,154.9866073057786,156.82968113376612,6666300
2025-12-05,156.87924194335938,158.0385927349708,156.2450516437474,157.7016753583197,6277100
2025-12-08,156.6909637451172,157.2954131258146,154.989578673392,156.13606237003663,7342000
2025-12-09,154.54071044921875,155.17488559736935,152.8958134612278,153.034538802388,6458100
2025-12-10,157.3746795654297,159.27720495687578,156.06668485385111,158.18720936389363,10928600
2025-12-11,155.47213745117188,155.6207814595521,151.96435960434178,153.7380631928959,8171200
2025-12-12,154.26324462890625,157.50349059982403,152.4003636363916,156.32927697658275,6708400
2025-12-15,148.72412109375,151.8107788689296,148.21876772815287,151.78599730634653,11233100
2025-12-16,147.931396484375,148.6052160831785,146.16759638387404,147.59449424493732,9051900
2025-12-17,145.7514190673828,150.01229038692566,145.41451683093544,149.2294863528358,8271000
2025-12-18,145.97933959960938,147.84222060778825,145.77718615800825,147.2972227915943,6597400
2025-12-19,148.42684936523438,150.0915686109355,147.5251421904051,147.65394886113586,9004200
2025-12-22,149.58621215820312,150.43838642976414,147.76294538002804,149.03625501089402,6779100
2025-12-23,149.85374450683594,149.9231147374348,147.91158972906274,149.20470646876126,5373300
2025-12-24,148.69439697265625,149.41774947342282,148.55369091776328,149.13039523172495,3274200
2025-12-26,150.8545684814453,151.58782454725738,148.6943993774676,148.9223020638744,6037200
2025-12-29,147.13868713378906,147.39631558676663,145.87033685463666,146.37569020776007,8900000
2025-12-30,146.0189666748047,147.74313743395203,146.00906312191,147.48549385940893,6832300
2025-12-31,145.24606323242188,146.0288672531442,144.31461520173835,145.35506279175564,6116000
2026-01-02,154.3227081298828,155.22441526879354,150.4195441077425,151.23109111671164,15778300
2026-01-05,154.8379669189453,155.12533627171246,150.78519116105795,154.35738000545993,14744000
2026-01-06,149.52674865722656,154.42179526623406,149.48711932465244,153.80744233179988,12998100
2026-01-07,145.41452026367188,147.02969149407477,145.27579492068767,147.02969149407477,12613200
2026-01-08,153.06427001953125,153.87679986950175,143.94799627099533,144.765485457589,20981700
2026-01-09,149.58621215820312,150.1906615266351,147.16841468447527,149.95284017645707,11437900
2026-01-12,164.7965087890625,166.16395506491995,156.0369600212308,156.0369600212308,35379000
2026-01-13,165.49014282226562,169.12674267324851,163.40926265790503,163.99388981456383,18850400
2026-01-14,168.3538360595703,171.22745397267994,168.29934383911387,170.00865169777083,17475100
2026-01-15,169.3744659423828,171.72290833932567,165.81713991114214,168.10117141315786,12607000
2026-01-16,163.89479064941406,168.3043060422331,162.00712808809828,168.23493581145826,18598300
2026-01-20,160.9121856689453,164.6627442890829,160.20864029917252,160.35728431134154,9885000
2026-01-21,167.13504028320312,168.31917260928503,164.15243781321112,166.05000396898524,11713700
2026-01-22,175.5675811767578,179.45192085469827,173.17952466854226,174.82440648816012,32031100
2026-01-23,171.65353393554688,174.01187982825923,170.3752801008813,173.83846937380778,13064100
2026-01-26,169.8104705810547,171.41573831828404,167.14494806570994,168.2448472975455,10166100
2026-01-27,171.14817810058594,174.85414800399795,170.65371110174345,172.46607636741484,8931300
2026-01-28,174.06143188476562,176.2513115904722,172.97441487437882,174.64605903516437,9001500
2026-01-29,172.6642608642578,179.1051084718198,170.03838288760778,176.71703673007937,12062500
2026-01-30,168.01693725585938,172.41653399067195,167.92775991878491,171.12836145985943,10846100
2026-02-02,166.8575897216797,168.01694048571915,165.81714207602522,166.45131724062617,6551800
2026-02-03,162.1607208251953,163.84526231731533,159.14839255774132,162.38863862985025,10066600
2026-02-04,157.6917724609375,161.36801687966,155.3532486411401,160.8527448190459,11851400
2026-02-05,156.32432556152344,160.00056996801575,155.28389301018635,159.67357126447905,10936700
2026-02-06,161.03109741210938,161.37791833916125,158.04849489519265,158.99976521629603,10972100
2026-02-09,161.51663208007812,163.52815702461004,159.4258333544898,160.41673293780318,7260500
2026-02-10,164.99468994140625,166.72382005627733,160.8230110170035,162.24990888603764,10990000
2026-02-11,162.8246307373047,163.6966121102215,159.91138347250742,162.59671294126596,8756900
2026-02-12,157.28549194335938,161.88326556058075,155.53161050794634,161.63554065637717,11457800
2026-02-13,154.3127899169922,156.67113579485004,151.46395357728312,151.46395357728312,16045600
2026-02-17,154.01551818847656,156.69095921515512,152.06345987897697,154.95192557179968,6803600
2026-02-18,154.35243225097656,156.06668429569234,154.15425535839614,155.45233139271474,4506600
2026-02-19,152.8660888671875,154.08489116825032,151.75627100937618,153.81239982026494,6582500
2026-02-20,153.04444885253906,154.07499296198853,149.06102800164834,149.47721916272565,8758700
2026-02-23,151.3896484375,154.9073452450123,151.18156797662056,154.08489671503577,6751000
2026-02-24,151.71664428710938,152.3309972247301,149.52674943280002,150.71584109519037,6655200
2026-02-25,150.89419555664062,152.15264232957654,149.58719869313873,151.40946760161043,5813400
2026-02-26,146.70269775390625,147.7035009677884,144.2749966097846,147.00491489277823,10256400
2026-02-27,142.7985382080078,145.06769157960545,142.0256377499141,144.1362586808233,9780300
2026-03-02,141.2626495361328,141.69864779468966,137.78954147733342,137.9233226048029,9428300
2026-03-03,134.3560791015625,135.83252501430104,132.1860064620077,135.1388982874848,18476800
2026-03-04,132.05718994140625,133.88738156834867,131.51219215386328,133.75657907535285,14293900
2026-03-05,129.1637725830078,130.437067114091,127.42969823366901,128.51967875272493,18612900
2026-03-06,129.59976196289062,131.22483682662838,127.62788128453278,128.12333112250073,10957000
2026-03-09,131.43292236328125,131.7004694889101,127.38014662732151,129.05476937081679,10072400
2026-03-10,135.6046142578125,137.9530414359305,133.33544574095959,134.474989335688,15264300
2026-03-11,135.04969787597656,135.49561478546295,133.59308939539915,134.33626408463942,6685100
2026-03-12,132.97872924804688,134.76235163186612,132.2355545147829,134.14799869074508,7591800
2026-03-13,133.9795379638672,135.95141843805717,133.47416950471091,134.8317122017354,6438400
2026-03-16,135.4658966064453,137.53687322785032,135.2578010290167,137.53687322785032,9972300
2026-03-17,135.32716369628906,136.96214196496067,134.73261789681152,136.62028039825023,10005700
2026-03-18,133.20663452148438,137.89360081670705,133.14718296085644,137.18511118600907,17158600
2026-03-19,123.76336669921875,125.76498064808023,120.05740415788046,121.90047053536534,33440500
2026-03-20,121.29602813720703,125.32898935551172,120.97893299594968,124.57094417839423,15479300
2026-03-23,124.91280364990234,126.11179128263683,121.97974168255806,122.1184670245297,15583900
2026-03-24,124.33808898925781,124.60562856316822,122.79228042455735,123.22827868126315,8516200
2026-03-25,128.68812561035156,129.46102608513408,127.17205043905294,128.30167537296032,12843000
2026-03-26,124.26872253417969,125.89379727429008,123.4561776041605,125.56679859171612,9240000
2026-03-27,121.57347869873047,123.30755306085614,121.117665773596,122.84182902257668,8105000
2026-03-30,120.86994171142578,122.6535565318423,120.44385456277726,122.15810671062144,7226700
2026-03-31,124.31826782226562,124.6353554043994,120.27539548008684,120.87984486477376,9486100
2026-04-01,122.60401153564453,125.23980055553922,121.99956217139012,124.33808584556294,10297400
2026-04-02,120.93930053710938,121.73003497928212,119.04667865146413,119.17549287929702,8830200
2026-04-06,121.19692993164062,122.52473935174447,120.59248055949817,120.93930147397909,3987600
2026-04-07,118.63050079345703,120.86993599627709,116.85678961015783,120.04748751754724,10879200
2026-04-08,124.1795425415039,128.1629557666077,123.72372961444974,126.94415344338911,17638100
2026-04-09,126.51806640625,126.61715485831091,122.83191853385553,123.38681991336806,10014600
2026-04-10,126.17124938964844,128.57912818884782,125.89379870792821,127.95981593144944,9356300
2026-04-13,126.84505462646484,126.92432841027716,124.40745003393158,124.843440724971,5550200
2026-04-14,130.15467834472656,131.6707536377134,127.30088244266707,127.30088244266707,11718500
2026-04-15,132.0670928955078,132.38418801406962,130.1744710964015,131.4923693330601,8749500
2026-04-16,137.3287811279297,139.61775693796397,134.49976681413688,136.54597704429753,17122200
2026-04-17,139.72674560546875,142.47154170065227,138.6070393514196,139.86547094313536,12886500
2026-04-20,138.89439392089844,139.64747216723586,137.6092000537978,139.1867074859885,7823300
2026-04-21,134.1479949951172,137.98277167473827,133.2363691618191,137.98277167473827,11388200
2026-04-22,135.17852783203125,136.0802501382679,134.14799885342413,135.66407410152684,9258300
2026-04-23,130.50148010253906,132.6814562955492,128.43546281177348,132.56255317663567,10749900
2026-04-24,134.58399963378906,134.96053122459023,131.78965532349935,132.46345983751223,9046800
2026-04-27,131.31402587890625,132.1909666261644,130.88793116695464,131.7896534774252,6462100
2026-04-28,129.6592254638672,129.72858057711838,127.77650705381133,128.32150488619405,6088100
2026-04-29,129.24302673339844,130.82847213110156,128.77731783474832,130.74919834922363,6386000
2026-04-30,130.67984008789062,131.4329183176742,128.17286538619223,128.9655729459949,7416600
2026-05-01,130.3032989501953,131.93827726167515,130.16457360934203,130.5559831895784,6199300
2026-05-04,132.05718994140625,134.87630042794774,132.0472712689516,132.76072016902103,8317200
2026-05-05,131.05638122558594,133.49400099800636,130.96720388657667,133.39986432240926,6919300
2026-05-06,140.15284729003906,140.90592557213236,135.4956220130279,136.05546760804606,16958900
2026-05-07,139.7168426513672,142.63999342753434,139.16194129832328,142.45667942196746,10698800
2026-05-08,138.785400390625,142.49137046687582,138.10167722362286,140.75729610647903,10062000
2026-05-11,136.05052185058594,137.58641929686755,134.98034843872384,136.40724632120666,9859200
2026-05-12,133.55345153808594,135.72352415698825,132.6021963560563,135.24789656597343,16129000
2026-05-13,144.4830780029297,145.53342923059273,129.14395539380772,130.8582075838629,40214600
2026-05-14,139.83575439453125,142.66972801099308,137.34860170509083,139.69702904770844,19422000
2026-05-15,131.3833770751953,134.64344529434314,130.74920192276682,134.64344529434314,17985100
2026-05-18,132.04727172851562,133.65253931922243,131.36356372350312,132.72605063713868,10379400
2026-05-19,134.40562438964844,135.53524935617,133.5633536613079,134.11331081497053,11084200
2026-05-20,133.24627685546875,134.65335254101888,131.5221060250421,134.62362676117777,7035400
2026-05-21,130.27357482910156,130.55598485083758,126.92432926026176,128.37104936465022,12621500
2026-05-22,128.81695556640625,129.56013031005858,125.76994214141742,125.76994214141742,11868400
2026-05-26,128.29177856445312,129.05477552656674,127.90036897013185,128.9160501807214,5599000
2026-05-27,126.59733581542969,127.82604921042993,125.10107529315333,125.17043796319453,8272800
2026-05-28,125.01190185546875,125.41816677553132,122.41574208446883,123.58500395874033,11541300
2026-05-29,123.08955383300781,123.9020912310697,122.30674221439287,123.25800495651673,12504300
2026-06-01,124.2588119506836,125.20016355123353,122.86163987916918,123.06972788897609,9297800
2026-06-02,129.62950134277344,132.86973235872262,129.33222841949424,131.04648060517275,15355100
2026-06-03,126.05233764648438,127.71704928266315,125.67579851876398,127.58822749583891,8646200
2026-06-04,124.80380249023438,127.00360082759018,124.79389893733749,125.4677109725639,6928100
2026-06-05,119.95830535888672,124.09036251231154,119.36376709996557,123.87236338671549,12891400
2026-06-08,118.9773178100586,121.24647886114974,118.5215048892229,120.65194059744945,9493300
2026-06-09,118.61067962646484,121.30592776011277,117.2927888981436,120.19612504152646,11871000
2026-06-10,114.32999420166016,117.10451613173949,114.32009064874109,114.9443546810251,10880900
2026-06-11,112.69000244140625,112.81999969482422,109.66000366210938,110.875,16403600
2026-06-12,112.81999969482422,112.81999969482422,110.97000122070312,112.56999969482422,8157900
2026-06-15,112.55000305175781,113.81999969482422,112.11000061035156,112.66000366210938,10426100
2026-06-16,110.97000122070312,111.25,109.05000305175781,109.33000183105469,14128100
2026-06-17,107.44000244140625,110.58000183105469,107.37999725341797,109.51000213623047,13280700
2026-06-18,107.0999984741211,107.37000274658203,105.51000213623047,106.48500061035156,14603000
2026-06-22,104.97000122070312,106.52999877929688,103.91000366210938,105.09200286865234,13220800
2026-06-23,102.5999984741211,103.54000091552734,101.83000183105469,102.37999725341797,11335700
2026-06-24,99.80000305175781,101.66999816894531,99.0999984741211,101.25,15334300
2026-06-25,95.06999969482422,98.0999984741211,94.70999908447266,97.67500305175781,20248200
2026-06-26,94.80999755859375,95.72000122070312,91.98999786376953,92.0,18307600
2026-06-29,95.51000213623047,97.47000122070312,94.4000015258789,96.13999938964844,21078900
2026-06-30,95.9800033569336,96.95999908447266,94.36000061035156,94.98999786376953,11816100
2026-07-01,97.98999786376953,99.45999908447266,95.52999877929688,95.5999984741211,11888600
2026-07-02,96.13999938964844,97.94999694824219,95.19000244140625,96.88999938964844,11744600
2026-07-06,97.91000366210938,98.02999877929688,96.37000274658203,97.41000366210938,8948100
2026-07-07,98.13999938964844,99.73999786376953,97.38999938964844,97.80000305175781,10204200
2026-07-08,108.9800033569336,109.81999969482422,105.6500015258789,107.5999984741211,38869300
2026-07-09,111.13999938964844,112.16999816894531,108.8499984741211,109.12000274658203,14110600
2026-07-10,112.33000183105469,115.58000183105469,112.01000213623047,113.23999786376953,16162200
2026-07-13,112.3499984741211,114.19999694824219,111.81999969482422,112.8550033569336,9559900
2026-07-14,112.31999969482422,113.3499984741211,111.2300033569336,112.94999694824219,8272300
2026-07-15,117.69000244140625,121.22000122070312,117.1500015258789,117.4000015258789,20233300
2026-07-16,117.48999786376953,119.93499755859375,117.41500091552734,118.4749984741211,9653500
2026-07-17,114.97000122070312,115.93000030517578,113.94000244140625,114.6500015258789,11282100
2026-07-20,120.33999633789062,121.8550033569336,117.86499786376953,118.91000366210938,14750900
2026-07-21,117.97000122070312,119.44999694824219,117.6500015258789,118.66000366210938,9338200
2026-07-22,116.55999755859375,116.83000183105469,115.13999938964844,116.2249984741211,7085800
2026-07-23,114.05999755859375,116.41000366210938,113.0999984741211,115.76000213623047,8500200
2026-07-24,112.13999938964844,113.33000183105469,111.66400146484375,112.79000091552734,6943000
2026-07-27,115.0,115.0199966430664,112.61000061035156,114.12000274658203,9232700
2026-07-28,115.19000244140625,115.98999786376953,113.55000305175781,114.70999908447266,6426700
2026-07-29,115.02999877929688,117.66000366210938,113.93499755859375,114.70999908447266,9066400
2026-07-30,116.31999969482422,116.33000183105469,112.94000244140625,114.0,7921300
2026-07-31,122.25,122.58499908447266,119.22000122070312,120.11000061035156,17030500
2026-08-03,127.30000305175781,129.5,126.04000091552734,126.5999984741211,14603700
2026-08-04,128.99000549316406,129.6199951171875,125.78500366210938,126.05999755859375,10755800
2026-08-05,128.52999877929688,130.99000549316406,128.22000122070312,130.64999389648438,9553900
2026-08-06,126.80999755859375,127.20999908447266,125.55999755859375,126.77999877929688,4900100
2026-08-07,128.41000366210938,128.6199951171875,126.06999969482422,127.61000061035156,6061700
2026-08-10,132.32000732421875,132.57000732421875,128.1199951171875,128.6199951171875,9449400
2026-08-11,127.8499984741211,129.19000244140625,127.66000366210938,129.19000244140625,6783900
2026-08-12,125.22000122070312,125.75499725341797,123.69999694824219,125.33000183105469,9231700
2026-08-13,122.16000366210938,124.27999877929688,121.44999694824219,123.51499938964844,11583600
2026-08-14,123.80999755859375,124.95999908447266,122.3499984741211,122.79000091552734,8221700
2026-08-17,124.70999908447266,126.19000244140625,123.48999786376953,126.0,8894600
2026-08-18,128.14999389648438,128.7899932861328,126.33999633789062,127.76000213623047,12809800
2026-08-19,128.89999389648438,129.5,127.54000091552734,127.7699966430664,11645900
2026-08-20,130.52999877929688,130.6199951171875,121.87999725341797,123.47000122070312,28101600
2026-08-21,119.33999633789062,125.7699966430664,119.2300033569336,125.3499984741211,32550500
2026-08-24,118.47000122070312,120.47000122070312,116.4000015258789,116.9000015258789,23902800
