Date,Close,High,Low,Open,Volume
2021-08-24,49.56230163574219,49.70967127887042,49.10177106177027,49.33203634875623,20348800
2021-08-25,49.56230163574219,49.94914563136526,49.488615057393346,49.81098856731535,15048400
2021-08-26,48.935977935791016,49.507034842265185,48.788608298198675,49.507034842265185,19570000
2021-08-27,49.635986328125,49.68203868431839,48.74255586098097,49.147825028049795,16525000
2021-08-30,49.682037353515625,50.53862450733223,49.516246064804704,49.976776641541825,14581300
2021-08-31,49.792564392089844,50.19783001170306,49.42413854620928,50.1425650807502,22350100
2021-09-01,49.433345794677734,49.88466726361785,49.304397807428884,49.83861491296742,18615000
2021-09-02,49.48862075805664,49.635990418160596,49.13861649772107,49.55309476475401,15869500
2021-09-03,49.285980224609375,49.810988308695386,49.110979872293655,49.221506225673615,13456200
2021-09-07,49.41493606567383,49.69125373011876,49.22151053834962,49.341249481251324,13915000
2021-09-08,49.34124755859375,49.663617568956234,48.80703389662597,49.48861720812654,18235100
2021-09-09,49.18466567993164,49.63598366541345,49.12940074732251,49.424140027432486,13495800
2021-09-10,49.589935302734375,50.63994451182806,49.56230459099075,49.599144368792366,20324700
2021-09-13,50.64915466308594,51.10968524243778,50.11493750452445,50.29915043897908,22639200
2021-09-14,50.21624755859375,51.063622015991285,49.985982302096296,50.99914802525752,22072700
2021-09-15,50.768890380859375,50.796524605009346,50.12414686328225,50.354412154304825,18796200
2021-09-16,50.50178146362305,50.61230781108854,49.958355277694636,50.52941217209711,19863100
2021-09-17,49.97677230834961,50.280724149155574,49.43334613437432,50.280724149155574,35359200
2021-09-20,48.797813415527344,49.27676557734666,48.18991327044303,49.00965703282971,35051900
2021-09-21,48.69650650024414,49.23072370294347,48.65966672116504,49.00045839424268,17968900
2021-09-22,49.27677536010742,49.617567028331074,48.816244749265294,49.184670643366886,18594100
2021-09-23,49.76493453979492,50.013621480566655,49.36887795044397,49.50703853317368,16474300
2021-09-24,49.939937591552734,50.12414701406935,49.4886160738202,49.53466842944935,12976200
2021-09-27,50.3452033996582,50.538625402055416,49.57151187649982,49.68203823307401,13899900
2021-09-28,49.737300872802734,50.280727078437245,49.70045758445512,49.903092156797626,24691300
2021-09-29,49.267555236816406,49.78334715651654,48.98202505729031,49.737294808481735,20514300
2021-09-30,49.07414245605469,49.71888603613874,49.05572080935859,49.516251436051505,20534100
2021-10-01,49.60836410522461,49.83862943916006,48.8623031583885,49.41494206797567,19895100
2021-10-04,49.249141693115234,50.04125485841231,48.8899284003804,49.672828986414295,27353300
2021-10-05,49.691246032714844,50.05045929220643,49.25834620021514,49.32282019481265,18129400
2021-10-06,49.7188835144043,49.80177916354736,48.88071795687762,49.25835291106942,20059600
2021-10-07,49.90309143066406,50.649152197785234,49.847826498946795,50.032039424435034,20704400
2021-10-08,49.56230163574219,50.271519141287264,49.460984347297256,50.24388491762173,16068000
2021-10-11,49.22150421142578,50.11493460807374,49.20308256768807,49.56229935021952,14398800
2021-10-12,48.051753997802734,49.47940145712821,47.904384368180835,49.34124089217119,32784300
2021-10-13,48.1346549987793,48.42939780444197,47.77544170613886,48.245184868491364,18534000
2021-10-14,49.64519500732422,49.73729971247516,48.56755168649789,48.72413390153764,26586700
2021-10-15,50.160987854003906,50.188622076887285,49.562300232927385,49.92151350828717,25231100
2021-10-18,50.170204162597656,50.253099810271756,49.479408269836654,49.91230464007288,22407600
2021-10-19,50.851783752441406,50.860996331269305,50.07809226865671,50.31757012821138,18392900
2021-10-20,50.99915313720703,51.10968300117454,50.732048083208866,50.88862678680885,16850300
2021-10-21,51.57942199707031,51.64389599348111,50.50178218828764,50.59388689356898,38390900
2021-10-22,45.555686950683594,46.55964381778107,45.26094764232192,46.41227416360024,109971900
2021-10-25,45.50962829589844,46.11752847448239,45.41752359236754,45.89647578058053,43178800
2021-10-26,44.46882629394531,45.53725696958344,44.146456332421806,45.500417197958654,68405400
2021-10-27,44.109622955322266,44.9662102038597,44.091201308587394,44.6898925299763,41081500
2021-10-28,44.28461837768555,44.54251435553826,44.10040545911825,44.33987979375731,31317200
2021-10-29,45.13199234008789,45.38988831483198,44.13724469995644,44.30303597331168,42301000
2021-11-01,45.63857650756836,45.684628859557115,45.13199360855354,45.500419451602085,28013700
2021-11-02,45.92410659790039,45.96094988482787,45.34383712628493,45.6938413249575,27193300
2021-11-03,46.41227340698242,46.46753834398794,45.78595150853181,45.988586097315725,23962100
2021-11-04,46.66083526611328,46.69793123276029,46.12290306269151,46.595912901976654,24806000
2021-11-05,47.22658920288086,47.838720446865196,46.87415450471274,46.8834276123472,36816200
2021-11-08,47.81088638305664,48.218973813622846,47.356429883748234,47.72741427571384,31647800
2021-11-09,47.48628234863281,48.01493793542432,47.08747149712291,47.80162107917544,22508400
2021-11-10,47.07819366455078,47.66249849659056,47.031821051405565,47.282237407994046,25040700
2021-11-11,46.864871978759766,47.36570464026718,46.753577011092524,47.31005538743195,25420000
2021-11-12,46.66083526611328,47.208040576695936,46.540263645000906,46.92979782982067,23884800
2021-11-15,46.67010498046875,46.95762081360317,46.48461100870471,46.75357709086241,24695800
2021-11-16,46.93907165527344,47.43990432395882,46.68865532093074,46.716478178745504,30927800
2021-11-17,46.58663558959961,47.24513586669924,46.35476899586001,46.92979715769325,23546900
2021-11-18,46.0765266418457,46.59590905000614,45.418026409751654,46.59590905000614,30658200
2021-11-19,45.92814254760742,46.12290966790972,45.66845305387102,46.00233802953039,27607600
2021-11-22,46.21565246582031,47.16166508151487,45.82611473759002,45.9559594676656,33389600
2021-11-23,45.538597106933594,46.7906788225031,45.111963428148464,46.52171272752853,44713300
2021-11-24,46.150726318359375,46.169276070843864,45.10269183801208,45.316008684578435,26035800
2021-11-26,45.2418098449707,45.6127978200502,44.62968216269201,45.35310836029668,25269000
2021-11-29,46.373321533203125,46.49389315983048,45.186165634114296,45.72409432413755,31478900
2021-11-30,45.63134765625,46.74430804552508,45.14906470296401,45.90958686906789,49460800
2021-12-01,45.07486343383789,46.66083358963109,45.00066796520616,46.224923270658316,35093500
2021-12-02,45.909584045410156,46.17855013439296,44.82445012076024,45.08413956501766,37240800
2021-12-03,45.67771911621094,46.42896815606743,45.22325903427229,46.076529941788685,32224900
2021-12-06,47.29151153564453,47.49555173022118,45.61279614033454,45.89103534239608,40336000
2021-12-07,48.75690460205078,51.01064806315403,48.4230161577387,50.695309369970765,91731500
2021-12-08,47.99637985229492,49.04441773632889,47.65321832032034,48.75690191667268,37143400
2021-12-09,46.818504333496094,47.84799262306009,46.772131720219186,47.57902651284896,31694200
2021-12-10,46.9205207824707,47.36570418688159,46.41968812575726,47.152387360059905,23783600
2021-12-13,46.373321533203125,47.31933771704091,46.326948919270656,47.16166658406612,35726900
2021-12-14,46.095088958740234,46.623744617413166,45.74265067362355,46.20638395582817,34120400
2021-12-15,46.994728088378906,47.09674997430421,45.75192631584622,46.252755560745925,32590300
2021-12-16,47.14311599731445,47.671771530730446,46.91124941114943,47.059643884774914,33132300
2021-12-17,46.94834899902344,47.31933698071769,46.382593919041334,46.92052613869763,50102300
2021-12-20,46.0023307800293,46.493890364570674,45.40875286617138,46.28984662993073,30140300
2021-12-21,47.08746337890625,47.152385735353974,46.317664669593135,46.317664669593135,31956300
2021-12-22,47.27296447753906,47.31933709085788,46.56808801828005,46.96689886122837,23307900
2021-12-23,47.58830642700195,47.97784065088824,47.34716316059286,47.3749895608732,25198200
2021-12-27,48.172603607177734,48.28390212269013,47.57902567645911,47.62539828892084,20985400
2021-12-28,48.00566482543945,48.33955333389987,47.885096726942926,48.163335971325296,19290400
2021-12-29,48.07058334350586,48.35809565201856,47.9129122218669,48.05203359166578,14174800
2021-12-30,47.98710632324219,48.35809070810577,47.90363421749735,48.15404699672882,18359400
2021-12-31,47.7645149230957,48.376642545638546,47.72741542160748,48.12622621759786,16319000
2022-01-03,49.35048294067383,49.36903269197348,47.85726157208307,47.90363771933385,33857600
2022-01-04,49.285560607910156,50.02753297029807,48.83110408382401,49.684371416069276,45681400
2022-01-05,49.962615966796875,52.095788064135945,49.92551999820246,50.259404943574296,59109300
2022-01-06,50.09245300292969,50.70458061570265,49.545247747723316,50.64893490236165,35757900
2022-01-07,49.56380081176758,50.44489455793817,49.29483825729722,50.25940057905962,30717200
2022-01-10,51.20542526245117,51.29817403642466,49.44324101300238,50.055368769211576,49260800
2022-01-11,51.854644775390625,52.01231589856995,50.76023417215799,51.47438370396257,39795200
2022-01-12,51.69697570800781,52.19780484620986,50.83443172276632,52.06796012378698,29136800
2022-01-13,50.95500183105469,52.13288456255021,50.797334244116065,51.938117471154214,29605400
2022-01-14,51.65987777709961,51.72480014028671,50.57474027896593,50.871529235822244,30151500
2022-01-18,50.788063049316406,51.613511191060205,50.71386757044285,51.298172445338935,35313800
2022-01-19,49.730751037597656,50.87153436900016,49.67510531382433,50.667494151824975,30595100
2022-01-20,48.26534652709961,50.1666517118867,48.17259777540078,49.95333488998406,28582600
2022-01-21,48.26534652709961,49.27628492359662,48.181874419572225,48.30244602777915,46372400
2022-01-24,48.172603607177734,48.34882448773726,46.26202508492762,47.74596991172417,64198400
2022-01-25,47.300785064697266,47.87581322582321,46.60518528433407,47.310058171713926,44095400
2022-01-26,47.940731048583984,48.89602372898467,47.06891401344465,47.42135219275762,54895400
2022-01-27,44.564754486083984,46.42896370855836,44.31433816345296,46.35476470718482,89642800
2022-01-28,44.26797103881836,44.70388138086401,42.94169379804433,44.24942128617774,61945400
2022-01-31,45.27891159057617,45.32528420525484,43.87843881445961,44.2216004086862,51828400
2022-02-01,45.39947509765625,45.47367056026859,44.852269851128305,45.24180399035002,35386100
2022-02-02,45.918861389160156,45.98378729421868,44.601860756899946,44.750255244168756,37962700
2022-02-03,44.778072357177734,46.08579971399993,44.75024950001232,45.67771581089341,42145800
2022-02-04,44.866859436035156,45.081804835871324,44.044474215173935,44.72668183848054,32431500
2022-02-07,45.02572250366211,45.474297141555915,44.82012445776957,44.97899664731044,27558500
2022-02-08,45.61448287963867,45.73596940542432,44.76405937436569,44.838820039083416,28051200
2022-02-09,46.64247131347656,46.69854449201897,45.63317905439885,46.10044484738698,35217300
2022-02-10,45.66120529174805,46.66115361588142,45.56775001171655,45.960255057940024,32762700
2022-02-11,44.51173782348633,45.89484406168886,44.39024772625868,45.74531915931439,37208200
2022-02-14,44.46500778198242,45.02572522196282,44.02577686285989,44.78274505033799,28456900
2022-02-15,45.268707275390625,45.287398334299496,44.10054283074843,44.57715592053723,35837900
2022-02-16,45.072452545166016,45.31543272468327,44.483696718594615,44.913583905827906,26022900
2022-02-17,44.45565414428711,45.10047946498908,44.2780944787195,44.726669079854005,32030600
2022-02-18,42.09130096435547,43.18470114321391,41.59599682931479,43.16601008482041,76520100
2022-02-22,41.76420974731445,42.43707354064195,40.97920317675059,41.76420974731445,57093300
2022-02-23,41.726837158203125,42.71743836769913,41.633381859695405,42.2127904506228,38176700
2022-02-24,43.66131591796875,43.72673284241282,40.77361323552689,41.025937186220446,72740100
2022-02-25,44.58649444580078,44.66125867268031,43.22207938984032,43.85756105849812,39266300
2022-02-28,44.577152252197266,44.68929503146708,43.782798356236505,43.92297950403978,41946100
2022-03-01,43.754764556884766,44.764060288341724,43.19404708271185,44.427628377856074,53853000
2022-03-02,45.670555114746094,45.78270146570743,44.371556851560456,44.40893896854757,46936500
2022-03-03,44.792091369628906,45.371499853443495,44.50238534524438,45.02572422527481,36389900
2022-03-04,44.92293167114258,45.10983869558079,44.268758868086316,44.268758868086316,38310700
2022-03-07,44.55846405029297,45.3621617439656,44.48369981601881,44.86685760428659,43813700
2022-03-08,44.3902473449707,45.53037694387971,43.8201825455162,44.56780705096684,44813900
2022-03-09,44.51173782348633,45.28739714050547,43.82018292190762,45.240671276942486,36076500
2022-03-10,43.60523986816406,44.21268677222132,43.137974115798414,44.19399571433212,36456000
2022-03-11,42.82958221435547,44.184650096181784,42.773509038539,44.06316356267847,27082100
2022-03-14,41.493202209472656,42.96976020339688,41.399746915581915,42.894999533239236,35993900
2022-03-15,41.87636184692383,41.960469832653445,41.1848069014853,41.58665577053179,34448900
2022-03-16,43.577205657958984,43.577205657958984,42.30624222380277,42.334277028541415,38885500
2022-03-17,44.05381774902344,44.193998910854255,42.736128374642924,43.28750214491307,28555000
2022-03-18,44.34352111816406,44.48369870649941,43.315534312264084,43.75476526528211,46237100
2022-03-21,44.287445068359375,44.75471079571486,43.98839528804824,44.35286198499278,32910900
2022-03-22,45.22197723388672,45.29674146261697,44.296793075555044,44.390244796513215,27923300
2022-03-23,45.109832763671875,46.334070226048645,44.91358201804832,45.287392452813975,37126400
2022-03-24,48.24051284790039,48.26855121580029,45.40888367187754,45.47430058871964,51677900
2022-03-25,48.436767578125,48.5769451590064,47.14711315727927,47.371398712671365,33239800
2022-03-28,48.13771438598633,48.19378755749413,47.2499123426513,47.99753680464878,22932400
2022-03-29,48.82927322387695,48.86665534126432,47.922776484485425,48.59564033763831,27303700
2022-03-30,48.062957763671875,49.07224998099687,47.866706994324645,48.829273347274814,24623300
2022-03-31,46.31538391113281,47.90408466020147,46.268654482667955,47.84801504997144,43698300
2022-04-01,44.96031188964844,46.633124162021375,44.23137844658407,46.56770724097482,46598600
2022-04-04,45.97895431518555,46.00698912171834,44.782751472097225,45.01638436641732,23784900
2022-04-05,44.979007720947266,45.77335816935425,44.87620867269232,45.63318056578813,25779200
2022-04-06,44.42762756347656,45.01637983107959,44.14726883152921,44.33417227619098,31518700
2022-04-07,44.446319580078125,44.77340418024935,43.70803883688619,44.324829486462484,24117000
2022-04-08,43.94166946411133,44.46500836255958,43.78279726290462,44.18464607395416,22167300
2022-04-11,43.5211296081543,44.20333714304272,43.483747494335994,43.82952669972343,30352500
2022-04-12,43.455718994140625,44.77340839523572,43.37161100832795,44.22203461378712,29861400
2022-04-13,43.93232727050781,44.17530747360805,43.50244360650585,43.689350632362576,22171300
2022-04-14,42.6800537109375,43.689349485086844,42.63332784693908,43.689349485086844,36181800
2022-04-18,43.5865478515625,43.82018072260643,42.53987358747302,42.54921733373471,25593100
2022-04-19,44.792091369628906,44.857508284013406,43.30618626512278,43.54916286641456,31483100
2022-04-20,44.96031188964844,45.5584114906197,44.838821794152764,45.193944769087516,22787100
2022-04-21,44.3902473449707,45.69859290322546,44.296795618647444,45.436921652601605,27316900
2022-04-22,43.493099212646484,44.53042980401766,43.45571709504006,44.34352278094047,28219900
2022-04-25,43.97905349731445,44.05381416323868,43.15666478241954,43.18469958652178,35999300
2022-04-26,42.539878845214844,43.773460271595646,42.53053153284317,43.633279105661636,35356600
2022-04-27,42.25951385498047,43.04452042570612,42.0632595385831,42.50249046653513,28320900
2022-04-28,43.77345657348633,44.17530541259565,42.55856630953121,42.79219918971315,41097000
2022-04-29,40.736228942871094,42.39035015470979,40.65212096379609,42.04457449182577,70765900
2022-05-02,42.016536712646484,42.044575082702075,40.66146528181873,40.85771961238838,45446500
2022-05-03,42.109989166259766,42.51183798207391,41.33432633784259,41.85766524249591,40158400
2022-05-04,43.493099212646484,43.58655094170761,41.50254601204114,42.10999294580325,44625600
2022-05-05,42.00957489013672,43.243489748438414,41.56687552015289,42.951493641871934,52996700
2022-05-06,41.72699737548828,42.52763042030808,41.29371563912066,41.905964226739655,40916600
2022-05-09,40.56843185424805,41.63280082689444,40.38004742472408,41.265453165546475,44925800
2022-05-10,41.45384216308594,42.14144600518928,40.97346518670391,41.774094678385566,42770000
2022-05-11,40.34238052368164,41.717580993258,40.29528171314887,41.463262507547064,40351700
2022-05-12,40.35179901123047,40.41773303565469,39.570004731436356,40.248187374811025,42329600
2022-05-13,41.06765365600586,41.293715723737,40.47424746533912,40.89810800349117,32034100
2022-05-16,40.57786560058594,41.077081439042104,40.304708272959445,40.89811455873877,25071900
2022-05-17,41.821189880371094,41.84002509158528,41.11475088639952,41.27487533366183,28596600
2022-05-18,39.8902587890625,41.425587402434175,39.76781193504717,41.425587402434175,35218400
2022-05-19,39.56999969482422,40.21992584304495,39.296846025463935,39.86199576091863,29181000
2022-05-20,39.23091125488281,39.833738585942484,37.968740183051246,39.796060979467676,44802300
2022-05-23,39.56058120727539,39.7960608573187,38.9294974698638,39.268585147693344,27199500
2022-05-24,39.249755859375,39.45697915145082,38.71286241457418,39.278015867562274,29837500
2022-05-25,39.74897003173828,40.0503837296002,38.986014587887034,39.033109804465205,26283100
2022-05-26,40.95462417602539,41.143008632495935,39.63594016700088,39.72070939962125,28826700
2022-05-27,41.96247482299805,41.96247482299805,41.0205561800884,41.058233788157054,30553300
2022-05-31,41.84002685546875,42.150861750624934,41.11475261970702,41.67990240145594,41111500
2022-06-01,41.548038482666016,42.32041160451847,41.001723858697915,42.169704741550554,29885500
2022-06-02,42.23563766479492,42.27331527783515,41.38790933706453,41.623389028863535,28727600
2022-06-03,40.869850158691406,41.67990078270309,40.82275494423052,41.54803274495878,33174700
2022-06-06,40.82275390625,41.48209767134129,40.57785664139952,41.26545681582198,25437100
2022-06-07,41.00172424316406,41.058240664732615,40.18225589266294,40.55902485018314,25168700
2022-06-08,38.83531188964844,39.80548710876224,38.64692741006665,39.79606950169394,59649900
2022-06-09,37.6861686706543,38.948339975019266,37.6861686706543,38.62808744725099,39047200
2022-06-10,36.904380798339844,37.75210919985633,36.904380798339844,37.535464702585806,43066200
2022-06-13,35.576271057128906,36.55586740401901,35.48207702773477,36.310966520729075,50335900
2022-06-14,35.72697448730469,35.98129295259526,35.35962679070757,35.80232611046422,31351700
2022-06-15,36.4051628112793,36.894957422011096,35.717558929966295,36.32038997612667,37652300
2022-06-16,35.17123794555664,35.59510200137745,34.78505149317191,35.51032919021329,45576500
2022-06-17,34.82273483276367,35.90593916147594,34.474222333272465,35.303111779734394,71393200
2022-06-21,35.538597106933594,35.821172037960224,35.161831729943145,35.19008814510526,34004900
2022-06-22,35.208927154541016,35.57627492629269,35.05822028425481,35.16183193128943,32571000
2022-06-23,35.237178802490234,35.43498086926662,34.76621944742186,35.425563263144525,30163000
2022-06-24,36.36748123168945,36.39573764261425,35.54801297665849,35.651621014427626,38159900
2022-06-27,36.38632583618164,36.79135122528777,36.23561896533763,36.61238434588004,29585300
2022-06-28,35.585689544677734,36.75367038614297,35.54801552512201,36.339227425950746,37824200
2022-06-29,35.124149322509766,35.41614182104377,34.8698308413405,35.359628998429294,25437200
2022-06-30,35.237178802490234,35.7929109851963,34.59667379214647,35.04879434183594,35141000
2022-07-01,34.22932815551758,35.0393788704891,33.79604638480931,34.93576723115996,40596300
2022-07-05,34.558998107910156,34.60609692055034,33.47579368674956,33.843141429279456,33215000
2022-07-06,34.84157180786133,35.246593514277116,34.3423524891515,34.68144377185722,26258300
2022-07-07,35.92478561401367,36.10375250134696,35.53859901580266,35.68930589332073,33165400
2022-07-08,35.78349304199219,35.92477869130094,35.21833966535307,35.47265814587047,22566300
2022-07-11,35.03937911987305,35.482078500427974,34.87925105982426,35.47266089366509,25904300
2022-07-12,35.048797607421875,35.51033939937119,34.84157791521622,35.46324417810332,30546300
2022-07-13,35.048797607421875,35.25602089276259,34.49306537293682,34.5495817943393,27059200
2022-07-14,35.519752502441406,35.94361662637613,34.18222970373029,34.84157349728046,36690700
2022-07-15,36.376895904541016,36.42399111666326,35.53858891210822,36.047225826550935,32892300
2022-07-18,36.46167755126953,37.055087428455174,36.29213187207364,36.8290253251489,30814400
2022-07-19,37.88397216796875,38.3643491354545,36.96089225111403,37.03624388048239,53095300
2022-07-20,38.204219818115234,38.3078278461769,37.26230121543804,37.87454615129763,36387900
2022-07-21,38.251319885253906,38.28899749649604,37.507203232328344,38.157125857148586,29661200
2022-07-22,36.923213958740234,38.15712516282148,36.678313083257514,38.025257119008344,41350000
2022-07-25,36.88554000854492,37.12101970818914,36.31096896651142,36.99856925829633,32263400
2022-07-26,36.6971549987793,37.27172603249225,36.621803364414575,36.82902305376882,35925500
2022-07-27,37.846290588378906,38.0723490459156,36.951467177221375,36.98914478452229,42571600
2022-07-28,37.403594970703125,37.78978153792088,36.77251109459842,37.761525123508754,56662300
2022-07-29,34.20106887817383,34.49306137204714,33.19321616877606,33.53230387845462,125292400
2022-08-01,34.81331253051758,35.50091271559671,33.956166700554874,33.956166700554874,52513400
2022-08-02,33.91849136352539,34.53073996584255,33.90907375734986,34.4648059432096,53929400
2022-08-03,34.39887237548828,34.46480639899319,33.21205276613035,33.99384703502396,59513900
2022-08-04,33.92790985107422,34.34653671045325,33.64248228197904,34.26090807678385,54046300
2022-08-05,33.6710319519043,33.956459588830654,33.47123296899678,33.632973965804965,40205100
2022-08-08,33.66151809692383,34.21334435849481,33.490260794854755,33.642489104537354,41534600
2022-08-09,32.84328842163086,33.58540095167881,32.72911810071788,33.50928861420651,48202300
2022-08-10,33.652000427246094,33.68054572937782,32.909887901184135,33.290460474728704,42243300
2022-08-11,33.86130905151367,34.527309109635745,33.76616774152837,33.90887970650632,35569700
2022-08-12,34.356056213378906,34.3845978841193,33.93742568567286,34.061112307895904,37675200
2022-08-15,34.574886322021484,34.660514969011714,33.97548579308986,34.346542053577856,25400600
2022-08-16,34.43217086791992,34.80323075962041,33.96597327713647,34.40362919525413,25000200
2022-08-17,34.042083740234375,34.32751496881716,33.55685718457954,34.070629040737956,29176100
2022-08-18,34.441688537597656,34.56537517304557,33.84228798209842,33.94694562521518,24598200
2022-08-19,33.66151809692383,34.279944017142874,33.48074448395692,34.06111604881221,31425500
2022-08-22,32.19631576538086,33.3570588019882,32.09165813035444,33.29997182940773,51006100
2022-08-23,32.300968170166016,32.71959501307785,32.262910194608125,32.329509837130274,30687100
2022-08-24,32.21533966064453,32.33902626696723,31.967966447999135,32.31999727911694,25105700
2022-08-25,33.195316314697266,33.233374298848496,32.17728882981122,32.224859495295696,29799100
2022-08-26,31.739627838134766,33.3285103142413,31.730111528910154,33.25239798748715,44851500
2022-08-29,31.340024948120117,31.78719709737878,31.216341968910676,31.61593983295667,32976800
2022-08-30,30.69305992126465,31.463717763181926,30.588405909614842,31.43517608995099,40182500
2022-08-31,30.36957550048828,30.816745913958847,30.226861693185292,30.816745913958847,44074500
2022-09-01,30.21734619140625,30.2839458449501,29.617945680102665,30.036574406998323,36440700
2022-09-02,29.70357322692871,30.807231068816066,29.551344934538257,30.645486466608773,34893300
2022-09-06,28.885347366333008,29.865316797451694,28.85680388024729,29.865316797451694,46989600
2022-09-07,29.161264419555664,29.29446555794472,28.590407323515283,28.942436440730003,37329500
2022-09-08,29.25640106201172,29.351544192633913,28.45720166831213,28.894859343292513,37359500
2022-09-09,29.931917190551758,29.969975172940625,29.570375431379905,29.675033068244815,34069500
2022-09-12,30.027061462402344,30.312490896952447,29.589405536678555,30.198318760191494,38305500
2022-09-13,27.867321014404297,29.427662019055212,27.829263031508173,29.33251887651941,71417900
2022-09-14,27.76266098022461,28.32400347656698,27.600918196283516,28.114688218111237,40767200
2022-09-15,27.439176559448242,27.981490088656386,27.315489935243747,27.734118654951818,39919100
2022-09-16,27.819747924804688,27.895862074220805,27.039577439613396,27.30597786992203,72748000
2022-09-19,28.010034561157227,28.067119720267634,27.496262685050105,27.610434817975406,33151900
2022-09-20,27.5533447265625,27.753145482898656,27.31548780669354,27.658002352010215,31129000
2022-09-21,27.08715057373047,28.152750577478592,27.07763607734736,27.734121810144906,39977300
2022-09-22,26.70657730102539,27.11569153381817,26.678035629242753,27.020548393565633,36092700
2022-09-23,26.183292388916016,26.54483413922103,25.869321300725936,26.54483413922103,43491100
2022-09-26,25.660005569458008,26.354549200862078,25.555349751751304,26.221348082874012,44786400
2022-09-27,25.583890914916992,26.25940554253098,25.3270068086398,26.069119271869596,44121400
2022-09-28,25.812232971191406,25.95494857944029,25.307977446353732,25.555348868692967,40433400
2022-09-29,25.098661422729492,25.47923394683863,24.917891469952366,25.47923394683863,41831300
2022-09-30,24.518295288085938,25.279436816066962,24.489751800272444,25.022550869859163,43821000
2022-10-03,25.660005569458008,25.926405990729734,24.803720963897725,25.05109239478481,44096200
2022-10-04,26.354551315307617,26.44969264545526,25.774179764943327,26.097665368618056,42427500
2022-10-05,26.29746437072754,26.48775066065736,25.583893505547557,26.040580238438206,30120000
2022-10-06,25.85980987548828,26.41163796917598,25.688552568015435,26.1071813402041,33985100
2022-10-07,24.470722198486328,25.003523069498016,24.404122543285993,24.898865431494915,57215500
2022-10-10,23.975980758666992,24.727607760492898,23.871323122262893,24.68003709742075,43409300
2022-10-11,23.82375144958496,24.24237834805178,23.49075137807841,23.795207964128604,48134900
2022-10-12,24.09966468811035,24.28043646762643,23.4622080269052,23.83326426643952,39634100
2022-10-13,25.136722564697266,25.536322313541532,23.395609762169638,23.528809073549557,62447000
2022-10-14,24.6514949798584,25.336522365546806,24.508781168011385,25.174779561532304,48185400
2022-10-17,25.136722564697266,25.450693666310293,24.89886561454483,25.03206492592475,39416500
2022-10-18,24.61343765258789,25.650492271076327,24.299466555409587,25.441178811192287,51126900
2022-10-19,24.737119674682617,24.97497659463149,24.442177602063214,24.489748260171275,33882300
2022-10-20,24.8132381439209,25.64098116817171,24.689553322446667,24.879837802768915,33247700
2022-10-21,25.660005569458008,25.73611971629216,24.537322357330403,24.594407513779913,53058700
2022-10-24,25.85980987548828,26.14523751147326,25.23186762455761,25.450695599793068,43831600
2022-10-25,26.078636169433594,26.221349978225323,25.688550911874092,25.859808208305978,32205300
2022-10-26,25.888347625732422,26.449690130817128,25.679034178721185,25.869320450334584,37111100
2022-10-27,24.994007110595703,26.24989143429279,24.860805993288405,26.116692131689884,56305100
2022-10-28,27.658004760742188,27.800718562151634,26.506778039374286,26.811234632968954,91695700
2022-10-31,27.049089431762695,27.762660197012696,26.687545894468286,27.667517065371836,59507700
2022-11-01,26.925403594970703,27.44868992677808,26.535318377194773,27.40111745222958,44418700
2022-11-02,26.088150024414062,27.448692051860544,26.078635528767748,26.8968640073058,51956100
2022-11-03,26.059606552124023,26.525805950828502,25.850293091900937,26.116693526033995,39678200
2022-11-04,27.19263458251953,27.231204737967765,26.4308542408671,26.585138541087908,43051900
2022-11-07,27.395130157470703,27.452986306280927,26.893705296545274,27.346917006664487,34389800
2022-11-08,27.462629318237305,27.915841028586772,26.93227730224422,27.732627744845203,36258000
2022-11-09,26.536924362182617,27.289059836909928,26.536924362182617,27.211917689778566,30544800
2022-11-10,28.6969051361084,28.7644042821594,27.626556279545973,27.84833971348892,62943900
2022-11-11,29.342973709106445,29.535828165320652,27.838700858094295,27.89655701103716,49826500
2022-11-14,29.265830993652344,29.88296818436314,29.10190369746805,29.256187995145748,39395300
2022-11-15,29.612972259521484,30.220468342548013,29.092263170427096,29.989041876371164,40933200
2022-11-16,28.475122451782227,29.150115769275452,28.388337307656638,29.034403469917226,35582800
2022-11-17,28.822261810302734,28.88011980044275,27.96405518791181,28.03155433719462,31983300
2022-11-18,28.802978515625,29.1790462667312,28.55226606848289,29.1790462667312,27122200
2022-11-21,27.906200408935547,28.65833592559415,27.877271412443307,28.600479771823636,36086800
2022-11-22,28.754762649536133,28.793334642947404,28.021911327646837,28.099053475255506,25584100
2022-11-23,28.61012077331543,29.005474501705663,28.436550484907258,28.667976923046872,23143900
2022-11-25,28.29191017150879,28.61976476337277,28.29191017150879,28.61976476337277,11314900
2022-11-28,27.70370101928711,28.147269767948515,27.520489559757404,28.060484617975934,28267900
2022-11-29,27.867626190185547,28.13762461826266,27.713341899631146,27.819413039092478,24361500
2022-11-30,28.995830535888672,29.00547353372441,27.21191639898036,27.74227024466325,72072500
2022-12-01,28.764408111572266,29.391188344478422,28.465482493887304,29.159761881830644,38896300
2022-12-02,28.35940933227539,28.378695329266066,27.684414151313096,28.127982886029038,31546000
2022-12-05,28.12798309326172,28.687264135614384,27.85798465104481,28.36905253977949,34040400
2022-12-06,27.578346252441406,28.262982627592987,27.327633796421193,28.147270318176886,27701200
2022-12-07,27.317989349365234,27.5301297981923,27.144419055227683,27.26977619619987,28239900
2022-12-08,27.424060821533203,27.578345120565167,27.06727723051309,27.30834667765227,28486100
2022-12-09,27.231204986572266,27.751915883981724,27.18299183201833,27.37584628944802,25641300
2022-12-12,27.665130615234375,27.684414773444505,26.864780114274833,27.125133722644026,35117900
2022-12-13,27.70370101928711,29.015119428460356,27.356562258610747,28.725836821361064,58546800
2022-12-14,27.250492095947266,28.079771630451443,27.009422634913633,27.491561556980898,37141100
2022-12-15,26.18014144897461,26.999777932629357,26.151214292572266,26.94192178061076,45682700
2022-12-16,25.958356857299805,26.17049729817023,25.505146981216424,26.035499002999398,81104200
2022-12-19,25.8330020904541,26.00657054243023,25.553360657044916,25.939071393459425,37662500
2022-12-20,25.49550437927246,25.910144108555976,25.476218382744424,25.59193252269879,31863300
2022-12-21,25.871570587158203,26.006568876451833,25.630501162440286,25.640144160134653,28100900
2022-12-22,25.042295455932617,25.50515022826992,24.444444210451955,25.50515022826992,47478300
2022-12-23,25.15800666809082,25.254434811023486,24.762652937359356,24.994079376869443,23600900
2022-12-27,25.01336669921875,25.167651000403847,24.733725253812043,24.926581549900387,29548100
2022-12-28,24.627655029296875,25.186936060072682,24.589083035829773,24.916937623444614,26176900
2022-12-29,25.273719787597656,25.350863775815828,24.830152890626614,24.849438887681156,30944800
2022-12-30,25.48586082458496,25.514787979531604,24.878364821712026,24.974792963033074,31030100
2023-01-03,25.775144577026367,26.102999168842448,25.428005827443503,26.08371317186176,31308000
2023-01-04,26.691207885742188,26.922634320453884,26.189783024259942,26.43085245698635,37665200
2023-01-05,26.575496673583984,26.78763897482769,26.40192636864423,26.45978436310016,33552600
2023-01-06,27.70370101928711,27.800129168058195,26.401925608912368,26.93227950754635,31788600
2023-01-09,28.262981414794922,28.80297829961147,27.80977151713731,27.80977151713731,37493200
2023-01-10,28.38833999633789,28.455839150558727,27.886915080391674,28.195483693523496,23008100
2023-01-11,28.78369140625,28.812618561855047,27.964054945186252,28.61976411403725,30375400
2023-01-12,29.20797348022461,29.29475678431053,28.41726419246989,28.90904605809714,28963900
2023-01-13,29.034404754638672,29.09226090687782,28.745120315015104,28.89940461379544,31361900
2023-01-17,28.542621612548828,29.179044776949084,28.465479466537094,29.101902630937353,34759100
2023-01-18,27.780841827392578,28.754762588389678,27.6072715358387,28.735476591725053,44199600
2023-01-19,27.404775619506836,27.732630224266018,27.231205318256215,27.58798891962849,36886600
2023-01-20,28.17619514465332,28.185838142842474,27.240846390871358,27.404773681659314,35158500
2023-01-23,29.188690185546875,29.400830644794553,28.13762720983005,28.28226851564501,38795800
2023-01-24,28.85118865966797,29.1115440782934,28.667975382944846,28.87047465494698,24855100
2023-01-25,28.63905143737793,28.822262895410606,28.127983540516905,28.465481138851015,28268000
2023-01-26,29.015119552612305,29.034405550291837,28.28226819371583,28.986190556093007,56088100
2023-01-27,27.154062271118164,27.231204420328744,25.82335973743222,26.102999338615348,148548200
2023-01-30,26.951566696166992,27.49156177824858,26.681568235519176,26.729781392428336,55145800
2023-01-31,27.250492095947266,27.27942109338835,26.54656971114043,26.78763917217406,52621600
2023-02-01,28.03155517578125,28.378695770150827,26.691209630742602,26.893707084648902,63330600
2023-02-02,29.11154556274414,29.217614863759888,27.77119824992596,28.205123969761672,62230700
2023-02-03,29.236902236938477,30.056538724554706,28.4751237408344,28.5619088888887,57603100
2023-02-06,28.002227783203125,28.939213232302656,27.92414566244483,28.841610115948637,48726400
2023-02-07,28.353595733642578,28.56832295693167,27.748459777304095,27.963185138968626,50780800
2023-02-08,27.56301498413086,28.421920183249103,27.533733490425252,28.255995442166576,36479100
2023-02-09,27.06523895263672,28.12910895174248,26.909074719889496,27.992465713494784,43906400
2023-02-10,27.133562088012695,27.319007822872113,26.68459035918154,26.967637348743658,31232500
2023-02-13,27.865581512451172,27.865581512451172,27.05547884529115,27.201884444523,32347500
2023-02-14,27.95342254638672,28.031504659469526,27.319005144885864,27.699655213461494,27928900
2023-02-15,28.158395767211914,28.18767540287241,27.4849362226477,27.680142481300322,23359400
2023-02-16,27.523975372314453,28.13887185871126,27.45565188571511,27.816782868384426,28972500
2023-02-17,26.948116302490234,27.397087999461537,26.723628592380113,27.32876638136803,32086200
2023-02-21,25.435274124145508,26.616268274114095,25.415754990518632,26.460104035351655,63668400
2023-02-22,24.859416961669922,26.255136427710145,24.693492230847845,25.28886953467257,89195300
2023-02-23,24.996061325073242,25.454793514818004,24.71301249664335,25.161986051002106,56473200
2023-02-24,24.53732681274414,24.742293522864312,24.32260146742129,24.615408925736485,44089900
2023-02-27,24.303081512451172,24.966780432064013,24.283560517962677,24.93749894033127,37657000
2023-02-28,24.332365036010742,24.51781077588773,24.137158798074474,24.34212553407002,50255300
2023-03-01,24.722774505615234,25.298630833078455,24.371404038247963,24.42996702389222,47823400
2023-03-02,25.571918487548828,25.669519737725928,24.5178089756653,24.605649728499785,48309300
2023-03-03,25.767126083374023,25.84520821028994,25.386475947362026,25.57192169689661,36744900
2023-03-06,25.366952896118164,25.903769104117636,25.30839177107945,25.8354456196771,37879800
2023-03-07,24.91798210144043,25.366953846261588,24.888700607012005,25.220550097368804,43164600
2023-03-08,25.35719108581543,25.386472577631434,24.839897761770864,24.947259508513874,36071900
2023-03-09,25.80616569519043,26.33321953780848,25.347431612988608,25.35719211065509,54886100
2023-03-10,26.567462921142578,26.860272233466144,25.68903870742063,25.913524543731633,65187000
2023-03-13,26.303939819335938,26.655308426042993,25.97209034627264,26.09897309226763,50977000
2023-03-14,27.338531494140625,27.426374121270076,26.59675034372792,26.69435346960784,47689800
2023-03-15,27.728939056396484,27.816781673769935,26.99691848603412,27.065240108074672,49322800
2023-03-16,29.45650863647461,29.544351255599253,27.70941861346735,27.70941861346735,75779500
2023-03-17,29.095378875732422,30.256852106897263,28.734249747934122,29.202742495057443,80628500
2023-03-20,28.460960388183594,29.18322048020236,27.943665167769986,29.085617362551254,38780100
2023-03-21,27.777738571166992,28.470718984748284,27.309245871678645,28.304794254309765,55650800
2023-03-22,27.45564842224121,28.421917132953546,27.426368793302572,27.797258365645888,37415500
2023-03-23,28.334074020385742,28.460956753993234,27.54349054382387,27.699654767475117,43785500
2023-03-24,28.656166076660156,29.09537730527202,28.236473981906343,28.343837595436273,55912100
2023-03-27,28.480480194091797,29.01729452630721,28.382877080518664,28.665925923718298,34758200
2023-03-28,28.587844848632812,28.62688497851229,27.943665020187566,28.38287811648555,37407900
2023-03-29,30.76438331604004,31.125512402388914,29.046574912128595,29.056335409276464,85556200
2023-03-30,31.320720672607422,31.798975756041244,31.047432319448752,31.086474310596248,70077600
2023-03-31,31.88681411743164,32.11130370114696,30.96934968031998,31.037671302059724,59765000
2023-04-03,32.10154342651367,32.755483778380075,31.759935295631553,32.15034405617549,57038300
2023-04-04,32.30650329589844,33.02876516195409,32.05273782705385,32.06249646217338,55714100
2023-04-05,32.0429801940918,32.19914442362998,31.56472514680358,32.01369684131975,39615700
2023-04-06,32.023460388183594,32.208904254125564,31.6818485636601,31.818491804169874,28551900
2023-04-10,31.74041175842285,31.974656251348996,31.428083285688604,31.81849201498187,30534400
2023-04-11,31.57448387145996,32.31626675629937,31.545204241854094,31.877053695966687,27059100
2023-04-12,31.252397537231445,32.101540325723725,31.19383455334442,31.98441808119869,37070800
2023-04-13,31.35976219177246,31.65256967447336,30.891267613176623,31.057192349807018,29722300
2023-04-14,31.125513076782227,31.467124899485984,30.930308714468747,31.23287668611058,24623600
2023-04-17,31.369518280029297,31.857531952645182,31.008389204803215,31.184074424804844,29601100
2023-04-18,31.066951751708984,31.681848188343167,31.018151126854903,31.65256855808052,26041400
2023-04-19,30.40325355529785,30.76438451737318,30.334931934219302,30.35445292927733,25746600
2023-04-20,30.120208740234375,30.500858863126293,29.97380312839162,30.022605619547434,30255100
2023-04-21,29.573627471923828,30.100683125798913,29.50530585641211,30.100683125798913,28655800
2023-04-24,28.948972702026367,29.64195312806772,28.900172076394732,29.407704912487166,38732500
2023-04-25,28.187671661376953,28.861131116549412,28.177913025202002,28.734248368404405,38289900
2023-04-26,28.353595733642578,29.095376794335365,28.148630869547965,28.5000013355668,41218800
2023-04-27,29.14417839050293,29.232021004320046,27.826541044870687,28.060787394508164,60186200
2023-04-28,30.315410614013672,31.789212215845687,30.071403763279058,31.213355899182034,80252400
2023-05-01,29.573627471923828,30.491093687026158,29.554108340080766,30.364210952736453,36918500
2023-05-02,29.056337356567383,29.846919062283263,29.036816360963385,29.573630708701103,33463400
2023-05-03,29.91524314880371,30.364216776545785,29.524832512696314,29.905482650197932,45554500
2023-05-04,30.6159610748291,31.086372323507458,29.773139519010943,29.831942327031843,46104000
2023-05-05,30.370952606201172,30.78256288390154,30.11614606579161,30.753161482191516,35024600
2023-05-08,30.155349731445312,30.223951136941427,29.782939431254807,30.086748325949195,30882800
2023-05-09,29.49873161315918,29.96914282549875,29.31252647397343,29.773137219066594,30706500
2023-05-10,29.371328353881836,29.792739112805663,28.900917126396287,29.68493770812026,40526500
2023-05-11,28.28350067138672,29.087120263507554,28.24429880384525,29.008718397672542,47144400
2023-05-12,28.371702194213867,28.51870545480219,28.146295200780703,28.45010405781083,24153800
2023-05-15,29.204721450805664,29.234122850780377,28.303099079974526,28.322700013291,28717500
2023-05-16,28.636308670043945,29.30272547676297,28.626508202974787,29.028319875818404,22812000
2023-05-17,28.29330062866211,28.96951600834132,28.107095499689855,28.930316010753835,41667300
2023-05-18,29.087121963500977,29.165523833918176,28.293302791870843,28.420705130330777,36529200
2023-05-19,29.33212661743164,29.63593361688515,28.910715883440798,29.008718684013914,40683000
2023-05-22,29.67513656616211,29.841740772433006,29.224324414797557,29.25372581681525,28693400
2023-05-23,28.920516967773438,29.59673424999005,28.900916033390814,29.44972911136836,29400900
2023-05-24,28.420705795288086,28.900917496484908,28.244301115410053,28.724512816606875,28045800
2023-05-25,26.852664947509766,27.724887829401666,26.323452807345937,27.724887829401666,78009400
2023-05-26,28.420705795288086,28.508908135227102,26.558659927377448,26.891868351758603,71910600
2023-05-30,29.390926361083984,29.439928694012156,28.42070260008063,29.106720307092072,54874800
2023-05-31,30.811962127685547,31.64498309198206,29.07731880248832,29.106720202139208,136243800
2023-06-01,30.508153915405273,31.301974899480218,30.400352519575563,31.16477023413201,52667400
2023-06-02,30.684560775756836,30.958968256854796,30.21414955323008,30.772763113636607,36521000
2023-06-05,29.263525009155273,30.772761397927788,29.23412360841859,30.68455906496566,48244100
2023-06-06,30.341552734375,30.821766306945452,29.106723708259256,29.17532511312701,42295300
2023-06-07,30.6551570892334,30.743359415162843,30.312148251646423,30.410151043706673,39098000
2023-06-08,31.184371948242188,31.213773349248747,30.439553279307525,30.802163081396642,35199000
2023-06-09,30.713958740234375,31.350974099759135,30.067142914347958,31.292173170837053,40218000
2023-06-12,32.40940856933594,32.63481374635092,30.73356764120498,30.77276764756709,59881600
2023-06-13,33.23262023925781,33.27182210422168,32.40939976749475,33.095417450379905,51990000
2023-06-14,34.86927032470703,34.88886752304277,33.124824331607385,33.193425741271795,74404300
2023-06-15,35.10447311401367,35.692486248650205,34.516459979377146,34.575259049742996,67676300
2023-06-16,35.64347839355469,36.0648890901967,34.88885932604447,35.63367979668896,110240300
2023-06-20,34.300846099853516,36.368697705746825,34.02644052737326,36.03548933695129,65970200
2023-06-21,32.2427978515625,34.349847649977356,32.17419645626733,34.22244345650248,70973500
2023-06-22,32.05659484863281,32.57601028427737,31.488182682818767,32.03699391346735,45740300
2023-06-23,32.34080505371094,32.78181677941536,31.390180193692107,31.566584883973874,46327100
2023-06-26,32.674007415771484,33.311024649713566,32.43879995967875,32.52700228840156,38952400
2023-06-27,33.418827056884766,33.546231262367364,32.35060042282913,32.556408366607485,33038900
2023-06-28,32.899417877197266,33.13462537147452,32.370203818945654,32.93861974932619,33906900
2023-06-29,32.25259780883789,32.67400853399177,31.840989419708507,32.67400853399177,38313000
2023-06-30,32.772010803222656,32.88961640935033,32.49760519925002,32.69361080430017,33811300
2023-07-03,32.94841384887695,33.21302084186965,32.4780026630552,32.87001385382122,15753000
2023-07-05,31.860586166381836,32.6642094767694,31.850787568991052,32.64460854349207,37664700
2023-07-06,31.331375122070312,31.399978390882627,30.753160655387852,31.262773722505944,41693600
2023-07-07,31.213773727416992,31.762586801452922,31.18437232605422,31.360776995734906,28356300
2023-07-10,32.08599853515625,32.1742008752923,31.135373729078424,31.23337653692382,36305700
2023-07-11,32.63481140136719,32.69361421055753,31.850792637977776,32.16440014333354,28148800
2023-07-12,33.30122375488281,33.399228423535064,32.399603234257164,33.01701582353505,37762200
2023-07-13,33.19342041015625,33.61483113812526,32.948414346848494,33.46782974323811,32745800
2023-07-14,32.48780059814453,33.193415412045496,32.340795486896894,33.10521309299597,30438700
2023-07-17,33.683433532714844,33.9088386690032,32.40940271354346,32.49760504848202,34111200
2023-07-18,33.81083679199219,34.00684239065943,33.154222335727155,33.59523025960864,29662200
2023-07-19,33.771636962890625,34.144047248986105,33.644236493788966,33.712837896688654,26486700
2023-07-20,32.70341110229492,33.5266316955034,32.5662082931762,33.02682092821433,37878000
2023-07-21,33.34042739868164,33.56583254084737,32.752410570926834,33.05621945219162,79737000
2023-07-24,32.95821762084961,33.77163583016144,32.88961622025087,33.164021822645815,25225800
2023-07-25,33.418827056884766,33.654034533276025,32.732813039276934,33.026819580894006,31771100
2023-07-26,33.67363357543945,33.840235902211106,33.02681772483363,33.04641865830602,32643200
2023-07-27,33.85983657836914,34.330247762644376,33.42862726074078,34.12444357049192,58890800
2023-07-28,36.094295501708984,36.251099234687665,34.80066003151501,36.0158917659717,90863000
2023-07-31,35.05546951293945,36.447102218638456,34.957464840251916,36.13349474303034,55630700
2023-08-01,35.08486557006836,35.300472090127435,34.575252538062315,35.104466502664245,24702200
2023-08-02,33.703033447265625,34.47725350402442,33.59523018132506,34.44785397276639,39052000
2023-08-03,34.17344665527344,34.33025039539027,33.44823075916909,33.60503449928593,24817900
2023-08-04,34.561946868896484,34.97503982551623,33.912804010161636,33.912804010161636,26674900
2023-08-07,34.65046691894531,34.965202626684565,34.17836335733644,34.82750622354184,22486900
2023-08-08,34.44392013549805,34.52260218148307,33.303002329125064,34.09967539747068,34753600
2023-08-09,33.716094970703125,34.52260572248699,33.66691821792523,34.4242522169312,28720200
2023-08-10,34.109519958496094,34.512775375313275,33.912809175475154,34.1291914119928,30957300
2023-08-11,34.316062927246094,34.37507728487278,33.79478256668778,33.89313607745299,28783700
2023-08-14,35.09306335449219,35.12256865307454,33.90296878702895,34.09967578017183,36896100
2023-08-15,34.19803237915039,35.04388594060253,34.17836092982065,34.82750374992072,27420300
2023-08-16,32.978431701660156,34.06033899883146,32.90958349888829,33.952147893919765,35757300
2023-08-17,32.04405975341797,33.03744357008837,31.817839959101025,33.00793827167546,39906700
2023-08-18,32.211265563964844,32.36863342885599,31.65064231079349,31.699819065082128,23701100
2023-08-21,32.5948486328125,32.6243539342114,31.49327360788662,32.063730695957865,43718200
2023-08-22,32.348960876464844,33.243991281080426,32.289950274103944,32.67353419723266,23425300
2023-08-23,33.4210319519043,33.58823741993685,32.26044253360494,32.3391283425487,32324300
2023-08-24,32.05389404296875,33.52921901502571,31.955540545609786,33.165306572463045,37931000
2023-08-25,32.703041076660156,32.85057509357383,31.81784447906994,31.994883798587985,27324800
2023-08-28,33.066951751708984,33.22431961020821,32.66369637980811,32.94892679582099,22341800
2023-08-29,33.745601654052734,33.91280335214455,32.919419508789375,32.9390909589082,29943600
2023-08-30,33.96198272705078,34.089845286735404,33.22432017432113,33.499716745329984,26279200
2023-08-31,34.561946868896484,34.97503982551623,33.73576470760254,33.75543615810306,48157600
2023-09-01,36.00776672363281,36.14546312570516,35.142241658105185,35.20125600982714,43808500
2023-09-05,36.10612487792969,36.79461072896934,35.8602373419831,35.97826606063861,43379400
2023-09-06,36.371681213378906,36.43069556840109,35.437307894562714,35.958591984060924,39643400
2023-09-07,37.55194091796875,37.70930877467065,36.145464057219264,36.22414986154304,67659700
2023-09-08,37.384735107421875,38.19124958635702,37.08967084787984,37.492926211374595,44255200
2023-09-11,37.9552001953125,38.10273421764534,37.217537587540384,37.61095914579726,36349300
2023-09-12,38.22075653076172,39.410851221541385,38.014211915392515,38.014211915392515,55326600
2023-09-13,38.07322311401367,38.50598755520661,37.62079097271727,38.161742772262606,35407800
2023-09-14,38.033878326416016,38.26009813780729,37.66996586139009,38.17157848394199,30616500
2023-09-15,37.25687789916992,37.88634934698742,37.001152778527945,37.78799208829982,68881200
2023-09-18,37.36506652832031,37.758484281127345,36.892959221839014,37.00115032324325,29322200
2023-09-19,35.742210388183594,37.473256894153685,35.42747465982539,37.41424629005267,53288100
2023-09-20,34.11935043334961,35.653689886763196,34.06033983064438,35.62418458541059,57660800
2023-09-21,34.08000946044922,34.67013796763067,33.893132556683504,34.00132365845407,45240600
2023-09-22,33.617740631103516,34.316060258283514,33.578397729078986,34.237378206180104,29232700
2023-09-25,33.72593307495117,33.804615130179045,33.21448658415974,33.44070265186533,21729400
2023-09-26,33.273502349853516,34.20787196199683,33.08662542586809,33.57840048571023,34198300
2023-09-27,34.040672302246094,34.25705454229174,33.32268112166737,33.36202027735607,44369100
2023-09-28,34.60129165649414,35.073395238410804,33.8144523532997,34.080011321617654,32265300
2023-09-29,34.96520233154297,35.31928093774724,34.58161842547019,35.06355958434724,28763700
2023-10-02,34.876686096191406,35.38813260503356,34.404582492324636,35.02422011387612,26086200
2023-10-03,35.10289764404297,35.93891738317694,34.68980845092264,34.68980845092264,45292600
2023-10-04,35.33895492553711,35.919249626936264,34.74882637412426,35.919249626936264,39842200
2023-10-05,35.29961013793945,35.50615474471777,35.01437972746714,35.37829594163346,25771200
2023-10-06,35.59467315673828,35.86023210702724,34.6012893073867,35.279937456828144,33262200
2023-10-09,35.46681213378906,35.57499947539242,34.91602281751668,35.11273355561004,19376100
2023-10-10,35.830726623535156,36.135628472732584,35.220926677085785,35.54549622447423,24044100
2023-10-11,36.27333068847656,36.420860960239764,35.78155561204039,36.01760554763995,19262600
2023-10-12,36.233978271484375,36.607728282021796,35.791380068472314,36.19463537522884,23639200
2023-10-13,35.3782958984375,36.184806625588166,35.27010479446316,36.13562987431227,28390100
2023-10-16,35.95859146118164,36.3323377817168,35.4864878837064,35.54549848592473,29555800
2023-10-17,35.46681213378906,35.752038764481924,34.49309604379677,35.329111990762016,24993600
2023-10-18,35.0537223815918,35.42747244260579,34.8668492270576,34.935697428830494,22086000
2023-10-19,35.083229064941406,35.76188101195215,34.93569880615984,35.36845948464315,29201800
2023-10-20,34.34556579589844,35.68319445840024,34.29638904400115,35.063560630992285,32303300
2023-10-23,33.29317092895508,34.61112827418337,32.840738762430185,34.03083353818108,53924700
2023-10-24,34.02099609375,34.13902104821362,33.08662280371101,33.08662280371101,52673900
2023-10-25,32.28995132446289,33.88330142311442,32.01455474735268,33.61774244801486,44658500
2023-10-26,31.985048294067383,32.673534084145444,31.62113582363375,32.348960764501015,59142500
2023-10-27,34.95536804199219,35.781550195415,34.03082863700385,34.08984298794316,84128200
2023-10-30,35.10289764404297,35.36845659045408,34.34556370471026,34.886519198480364,36656300
2023-10-31,35.89957809448242,35.96842630026138,35.034052969330894,35.07339587318911,41185200
2023-11-01,36.67658233642578,36.706087637360646,35.68319468290073,35.899576894944936,41710700
2023-11-02,37.079833984375,37.197858928209044,36.30282862091478,36.96180904054095,35440000
2023-11-03,37.51259994506836,37.68963926195629,37.0503302007559,37.37490353236572,30502700
2023-11-06,37.44845962524414,37.695155665246695,37.34977895067342,37.51753421530223,23877200
2023-11-07,38.257625579833984,38.38590858551384,37.478065123885656,37.73463113524536,32052000
2023-11-08,37.418853759765625,38.37603560514898,37.251102258437705,38.336563335089636,33483400
2023-11-09,37.30044174194336,38.010927565462474,37.270839420724386,37.54713779018939,48955800
2023-11-10,38.346431732177734,38.47471472253525,37.73462662816008,37.73462662816008,38862500
2023-11-13,37.724754333496094,38.06026106599183,37.635943617121264,37.84316736723504,24558300
2023-11-14,38.88916015625,38.96810468892508,37.56686934820241,38.287221269591264,45457400
2023-11-15,40.073307037353516,40.300266952053384,39.05692051407083,39.066786699804304,47392100
2023-11-16,42.777095794677734,42.826438018676825,40.2805328430779,40.45815430948169,86405700
2023-11-17,43.231014251708984,43.231014251708984,41.99753408460766,42.34290702568293,49735000
2023-11-20,44.14872360229492,44.33621123172494,43.20140797728784,43.20140797728784,44564900
2023-11-21,43.063262939453125,44.06978329979618,42.72775615267211,43.911897974504114,37252100
2023-11-22,43.09286117553711,44.04017680174799,42.96458194884538,43.44810406483085,31481200
2023-11-24,43.3790283203125,43.41850058791116,43.0336553895308,43.10272997568714,13037100
2023-11-27,43.49745178222656,43.96123782252361,43.07313425128787,43.07313425128787,33339900
2023-11-28,43.64546585083008,43.793484990397744,43.08299914332588,43.112601465526176,24548900
2023-11-29,44.3460807800293,44.74079596740847,44.010574000041906,44.010574000041906,38982000
2023-11-30,44.1092529296875,44.49409815176386,43.82308461840098,44.05991447429258,46263000
2023-12-01,43.16194152832031,43.77374666363665,42.29357039916354,43.77374666363665,43928400
2023-12-04,41.790306091308594,42.73762170997078,41.13902872088735,42.72775176074531,50417600
2023-12-05,41.365989685058594,41.731102530170645,41.06008900826224,41.35612349986118,31859300
2023-12-06,40.72458267211914,42.027137460168056,40.6259019977016,41.91859060045017,31992300
2023-12-07,41.592952728271484,41.87911726610087,40.6357709143088,41.19823756920078,29118700
2023-12-08,42.135684967041016,42.39224719590146,41.257447654791754,41.28704997543026,42815000
2023-12-11,43.95136642456055,44.138854055701096,42.51066248602941,42.58960325966863,48288200
2023-12-12,43.457977294921875,43.85268871838199,43.05339592141253,43.77374793940317,31452200
2023-12-13,43.9809684753418,44.128987600899464,42.75735825929165,43.497446358514516,35216100
2023-12-14,44.582908630371094,46.44793008966711,44.05991423037119,44.41515336581766,70620800
2023-12-15,45.549957275390625,46.64528830971267,45.06643137433316,45.33286355275876,84583400
2023-12-18,45.08616638183594,45.61903072535941,44.800001839676554,45.540089950920446,27895700
2023-12-19,46.04335021972656,46.06308635526833,44.908546893913886,44.99735762171038,35358800
2023-12-20,45.15523910522461,46.32951460235054,45.09603446791247,46.02361017386815,38159100
2023-12-21,46.457801818847656,46.497270325887236,45.411809214497815,45.865729041858266,28320500
2023-12-22,47.365638732910156,47.52352404478188,46.57621217355154,46.625550627708435,30095700
2023-12-26,49.83259963989258,49.852335774632216,48.06625510566455,48.27347887400653,60287400
2023-12-27,50.08916473388672,50.60229297367966,49.526698036558166,49.96088549715075,52148000
2023-12-28,49.72405242919922,50.19770836675126,49.497092527723204,50.13850372723399,27705200
2023-12-29,49.58590316772461,49.9016737922272,49.11224723097072,49.63524162200012,29288700
2024-01-02,47.16828155517578,48.727402316983216,46.82290860884264,48.54978086907395,45905700
2024-01-03,46.428192138671875,47.178150178605605,46.18149610842996,46.47753059186372,35858400
2024-01-04,46.250572204589844,46.536740512433994,44.64211674522337,45.11577268702602,47797800
2024-01-05,46.27030944824219,47.19788898358277,46.02361340404019,46.408458630710044,34344000
2024-01-08,47.8096923828125,48.115593057371974,46.34925230589207,46.44792921427588,42135100
2024-01-09,47.41497802734375,47.91824005579795,47.16828198790462,47.37550575760561,30097000
2024-01-10,46.84264373779297,47.6616726062049,46.31964559049682,47.60246796769483,31480200
2024-01-11,47.01039505004883,47.207752627642286,46.112421648067155,46.81303747245537,31707900
2024-01-12,46.49726867675781,47.03999921320337,45.994010410234836,46.97092462298027,27587900
2024-01-16,46.43806457519531,46.595949892435485,45.76705103585386,46.35912003443378,43720700
2024-01-17,45.45127868652344,45.80651781369869,45.04669734109243,45.80651781369869,33488000
2024-01-18,46.12229537963867,46.941324312035725,45.559824919872035,46.408459938119755,46681300
2024-01-19,47.51365661621094,48.115591764024586,45.82625291965619,46.37885337888682,55979800
2024-01-22,47.58273696899414,48.52017897988624,47.01040030640689,48.20440832614263,45639500
2024-01-23,48.24387741088867,48.29321586647265,46.6946265669979,47.48405314919019,37224100
2024-01-24,48.44123458862305,49.1122481188933,47.6320718781706,48.520175364034515,49375800
2024-01-25,48.8951530456543,49.63524114553085,48.32282020584345,49.33920665843677,84845100
2024-01-26,43.07312774658203,44.80986611742092,42.77708950325992,43.5961221183612,127665300
2024-01-29,43.260616302490234,43.40863542733626,42.24422985568122,43.1323333119092,51790900
2024-01-30,42.3527717590332,43.2408789546181,42.323169440607906,43.09285983392641,47958800
2024-01-31,42.51066207885742,43.21127790693192,41.80017630149584,42.00740006513206,51584200
2024-02-01,42.78696060180664,42.994184366273146,41.92845946024345,42.579736837340135,38819900
2024-02-02,42.03700256347656,42.56986689876739,41.05021843039699,42.43171772242148,53683500
2024-02-05,42.20475769042969,42.57973671381655,41.869250935669385,42.05673856522146,28890300
2024-02-06,42.29877853393555,42.3383627277486,41.70497032294128,42.259190564805955,34068200
2024-02-07,42.33836364746094,42.65505985674417,42.11073848299591,42.44722867727391,34269200
2024-02-08,42.061256408691406,42.52640562884181,41.89301319520865,42.278986473496566,33206500
2024-02-09,42.862892150878906,43.07072331744834,41.96228665376166,42.1107358690328,51193000
2024-02-12,43.57545852661133,44.57503398469183,42.87278906222066,42.94206612066388,51107300
2024-02-13,42.714439392089844,43.17958857482636,42.31856726525242,42.55609129641815,36622200
2024-02-14,43.73380661010742,43.83277653306883,42.94206610299881,43.36762733344154,36186200
2024-02-15,43.595252990722656,44.802659637413264,43.56556390115373,44.29792246284209,44024500
2024-02-16,43.060829162597656,43.76350244978494,42.67485587510025,43.57546147103312,29975300
2024-02-20,44.060401916503906,44.703689430093235,42.97175541030291,43.80308389081493,61514100
2024-02-21,43.021244049072266,44.22864696301597,42.6352707698016,44.020815778072794,57485200
2024-02-22,42.53630065917969,44.218751667634606,42.090945425277404,44.218751667634606,62809300
2024-02-23,42.54619598388672,43.060824460813436,42.21960091454698,42.68475009500671,33810700
2024-02-26,42.54619598388672,43.22907143525656,42.3779490094436,43.05092935658332,27035400
2024-02-27,42.28887939453125,42.82330564855216,42.07114934097092,42.803511664108804,25126400
2024-02-28,41.5565185546875,42.011768845825976,41.477342621281004,42.001869966492016,26928500
2024-02-29,42.60557556152344,42.704545483662436,41.922700087688604,41.93259519224425,48875100
2024-03-01,43.36763000488281,43.812985247351655,42.684754483308424,42.96186273403715,41426100
2024-03-04,45.13915252685547,46.12882917502045,43.39731951190769,43.812985667301724,59990800
2024-03-05,42.714439392089844,44.406785372452866,42.249290209353326,44.09998806070443,56655100
2024-03-06,44.05050277709961,45.04017935400904,43.11031304928887,43.476492325656736,52652000
2024-03-07,45.67357635498047,45.94078571326764,44.71358885003174,45.07976813297767,50378200
2024-03-08,43.54576873779297,46.14861915352694,43.54576873779297,45.960578190502105,54916600
2024-03-11,44.39689254760742,44.46616960706335,43.20927988143693,43.4171110598047,35051000
2024-03-12,44.772972106933594,44.80266119753635,44.00102177341143,44.59483001268361,31795800
2024-03-13,42.78371810913086,44.51565212448583,42.75402901982607,44.0505029236892,53195900
2024-03-14,42.30867385864258,42.90247829740919,42.07114981794601,42.783718164719176,38100000
2024-03-15,42.199806213378906,42.70454335281141,41.912799116471504,42.011769033672145,66952900
2024-03-18,42.26908874511719,42.93217406267901,42.16022370974758,42.64516692858036,27668300
2024-03-19,41.61589813232422,41.853422165234505,41.01219483335548,41.81383419719672,34673000
2024-03-20,41.76435089111328,42.5659864751525,40.98250551566579,42.54619626656077,74865000
2024-03-21,41.982078552246094,43.149897214242884,41.883112404748005,42.546197673998094,50807600
2024-03-22,42.130531311035156,42.35815646924932,41.65548701015561,41.81383511044879,28503100
2024-03-25,41.39817428588867,41.78414755859529,40.15117964680319,40.46787585904025,47276500
2024-03-26,41.5565185546875,41.83362677097765,41.229923492360136,41.51693058798425,39109700
2024-03-27,43.318145751953125,43.37752770777571,42.061256001916675,42.100843972465064,51017800
2024-03-28,43.714012145996094,44.139573371770645,43.25876183131705,43.30824490459669,54204200
2024-04-01,44.060401916503906,44.94121347108948,43.72391172736055,43.832776755512306,31712600
2024-04-02,43.486385345458984,43.62494323084944,43.05092903160946,43.47649024130356,32748400
2024-04-03,39.91366195678711,41.22003486058666,39.80479691891767,40.97261569281679,83718000
2024-04-04,39.31985092163086,40.3590105980652,39.29016183168939,40.170973402908174,57307200
2024-04-05,38.31038284301758,39.0526403426771,38.11244675471166,38.943775305343,67263000
2024-04-08,37.58791732788086,38.4588338048539,37.518640266960844,38.24110374178147,56967800
2024-04-09,37.934303283691406,38.18172241669127,36.94462675169194,37.65719128751643,78671700
2024-04-10,36.81597137451172,37.82544198969589,36.63782927916647,37.62750590872153,51108400
2024-04-11,37.24153137207031,37.28111556667766,36.697209999223986,37.04359529776712,41909100
2024-04-12,35.321556091308594,36.32113156006494,35.23248504731364,36.311232680000735,80254800
2024-04-15,35.935157775878906,36.32113103584749,35.519491651462836,35.66794464775069,50751600
2024-04-16,35.88566970825195,36.13308884345184,35.390831437852185,35.895568587837126,30607500
2024-04-17,35.31166076660156,35.757015983802184,35.00485966690412,35.727323119111105,41173300
2024-04-18,34.67826843261719,35.29186685801872,34.41105530172058,35.054342816560656,42334400
2024-04-19,33.84693908691406,34.76733858919146,33.82714510268787,34.76733858919146,59070300
2024-04-22,34.054771423339844,34.213119527250065,33.72818011072603,34.06466652813322,39909900
2024-04-23,33.92611312866211,34.242809343199326,33.82714697736298,33.98549508463159,46834000
2024-04-24,34.14384078979492,34.816821142169815,33.9854926936665,34.50012494991297,53261100
2024-04-25,34.74754333496094,34.93558051526241,34.14384005173473,34.203222002242924,66549400
2024-04-26,31.55088996887207,31.907176045518334,30.323691180607266,31.45192381651619,119742500
2024-04-29,31.036258697509766,31.580580070998817,30.74925157819707,31.531096996193742,58533300
2024-04-30,30.155445098876953,30.858116461249818,30.105962024307132,30.719562342327688,72346400
2024-05-01,30.05647850036621,30.719561883042896,29.710091320581384,29.858542429729663,60654800
2024-05-02,30.195032119750977,30.353380218588107,29.87833592207671,30.274206169169542,50899400
2024-05-03,30.581005096435547,30.739353193831782,30.383070918519365,30.660179145133664,36794800
2024-05-06,30.774776458740234,31.003328068462462,30.536289553022886,30.923832433223346,36185600
2024-05-07,30.486604690551758,31.251751344198457,30.417046248461222,30.894020047360957,44683400
2024-05-08,29.81089210510254,29.959946186562956,29.5425936212785,29.81089210510254,63734600
2024-05-09,29.90032386779785,30.198432020098114,29.622088202412307,29.741332600527656,45003400
2024-05-10,29.66183853149414,30.267992059188092,29.65190133984991,30.138812358464122,42931300
2024-05-13,30.317676544189453,30.933767233590086,29.810891166912885,29.84070274039695,51459100
2024-05-14,30.854272842407227,30.913895991776922,30.417047785649103,30.42698497721072,47759900
2024-05-15,31.072887420654297,31.202067120946793,30.615786083174033,31.182192737724716,36992900
2024-05-16,31.828094482421875,32.056644199568396,31.32131098625367,31.430616301444132,47752800
2024-05-17,31.629356384277344,31.907592059017553,31.390869475353796,31.8579079970722,41449800
2024-05-20,31.897653579711914,32.21563613099912,31.55979854046339,31.649231369928607,31989000
2024-05-21,31.5399227142334,32.036772797045785,31.420680210618762,31.77840961678809,42975400
2024-05-22,31.221940994262695,31.867843275827525,30.90395844920465,31.708852003298507,36706400
2024-05-23,29.8903865814209,31.37099393773446,29.68171125454082,31.25175143532453,62014500
2024-05-24,30.526351928710938,30.82446197812326,29.94007091639133,30.099064079939822,42434500
2024-05-28,30.86421012878418,31.172257382164105,30.466731941725964,30.744967620329465,36799100
2024-05-29,29.94007110595703,30.476668061101428,29.920198618797393,30.277928026901556,35848600
2024-05-30,29.99969482421875,30.307740177296864,29.870513230933255,30.019567311756507,33351000
2024-05-31,30.655534744262695,30.76484006095746,29.75127115934644,30.029504942197292,95797500
2024-06-03,30.099063873291016,30.874145826725712,29.86057507726836,30.83439895760554,35544900
2024-06-04,29.8407039642334,30.556164699264862,29.75127113543878,30.556164699264862,51027200
2024-06-05,30.585975646972656,30.645596899838363,29.820828969781854,30.079190259300518,44161700
2024-06-06,30.22824478149414,30.397173246523653,29.96988348819456,30.35742448048119,34248100
2024-06-07,30.546226501464844,30.585975266431074,30.019566737614863,30.059315502581093,34085500
2024-06-10,30.71515464782715,30.75490341238691,30.099063959754154,30.35742334809095,37396500
2024-06-11,30.7250919342041,30.834399141756844,30.337550955172254,30.57603785729381,25326900
2024-06-12,30.56610107421875,31.281561790135704,30.198432577294135,31.26168740752887,51323900
2024-06-13,30.26799201965332,30.387236423902817,29.950009468755333,30.18849638192882,33787200
2024-06-14,30.258056640625,30.36736195761891,30.01956783277801,30.099065365610674,28125900
2024-06-17,30.784713745117188,30.804588127819695,29.989757390271375,30.14874866124054,36235300
2024-06-18,30.436920166015625,31.27162530099019,30.307740466821567,30.79465147966915,33294700
2024-06-20,30.426984786987305,30.913895798509436,30.258056322146935,30.367361637990363,43826300
2024-06-21,30.894020080566406,31.162318553482905,30.476667532249213,30.65553318086021,90795200
2024-06-24,30.37729835510254,31.221940666114026,30.337551485050767,30.943704994449813,40611800
2024-06-25,30.546226501464844,30.635659327313434,30.099064267547327,30.506479631824043,29323600
2024-06-26,30.347488403320312,30.48660529023788,30.079189925414628,30.446856525218326,30743000
2024-06-27,30.397172927856445,30.466731372376067,30.099064766965085,30.228244464597882,30184300
2024-06-28,30.774776458740234,31.11263338233784,30.526352361702315,30.556163935664028,41467700
2024-07-01,30.645597457885742,30.824463115065406,30.417047738300834,30.71515590338328,32401800
2024-07-02,30.874147415161133,31.112634328128223,30.39717358922695,30.66547207706199,35999300
2024-07-03,31.033138275146484,31.14244548620724,30.71515572877935,30.923832959411207,24065700
2024-07-05,31.818159103393555,32.13614164734713,31.112633675586775,31.2020665029894,45309400
2024-07-08,33.77574157714844,33.87510969875,32.613114843025684,32.82179017277948,82315900
2024-07-09,34.3719596862793,34.99798949894323,33.507444853034585,34.79924945469186,97546900
2024-07-10,34.65019226074219,34.7495641747144,33.91485905060243,34.22290250728898,52256200
2024-07-11,33.2888298034668,34.928430399599435,33.10002884981283,34.809184100885474,55213700
2024-07-12,34.27259063720703,35.25634795426933,33.55712801341558,33.55712801341558,62792600
2024-07-15,34.242774963378906,35.00792159998404,34.093722786783545,34.48126375284248,39847900
2024-07-16,34.12353515625,34.232842368767805,33.626686947097056,34.143409539494236,28409900
2024-07-17,34.242774963378906,36.925755839253235,34.18315560900105,35.85256576329393,112304200
2024-07-18,34.65019226074219,36.07117841001198,34.31233533453851,34.73962508799172,84188600
2024-07-19,32.7721061706543,34.362022653681926,32.64292457982029,34.35208356711346,69628700
2024-07-22,33.15964889526367,33.19939766232487,32.55349346485917,33.07021606470152,48503700
2024-07-23,32.7422981262207,33.020531913608885,32.623055616004486,32.75223342263411,29466400
2024-07-24,31.50017547607422,32.59323995949019,31.460426711784343,32.32494148650973,62216700
2024-07-25,30.90395736694336,31.78834652633028,30.754903291082982,31.17225584068728,49774000
2024-07-26,31.152381896972656,31.361057227049322,30.824462167334016,31.23187753157216,38352500
2024-07-29,30.63566017150879,31.27162526588968,30.595913300772725,31.221941203638227,32342200
2024-07-30,29.94007110595703,30.715154964946016,29.820828601697457,30.655533712816226,48256600
2024-07-31,30.546226501464844,30.675408092279664,30.08912707630577,30.34748836260998,56110600
2024-08-01,28.866878509521484,30.516414316046976,28.70788724349436,30.238180548162198,107672500
2024-08-02,21.3445987701416,21.8414469830145,20.291281089542203,21.801700111553938,300895900
2024-08-05,19.983234405517578,20.26146817330116,19.168403693593557,20.072667229540986,147385700
2024-08-06,19.704999923706055,20.4999563012095,19.62550428595571,20.191910941842604,106670400
2024-08-07,18.989999771118164,20.25,18.950000762939453,19.920000076293945,97972300
2024-08-08,20.489999771118164,20.549999237060547,18.84000015258789,19.100000381469727,96836800
2024-08-09,19.709999084472656,20.149999618530273,19.5,20.079999923706055,76394500
2024-08-12,19.360000610351562,19.969999313354492,19.0,19.8700008392334,54677600
2024-08-13,20.469999313354492,20.479999542236328,19.469999313354492,19.479999542236328,77511300
2024-08-14,19.920000076293945,20.5,19.790000915527344,20.489999771118164,56758200
2024-08-15,20.690000534057617,21.059999465942383,20.229999542236328,20.31999969482422,84814900
2024-08-16,20.8700008392334,20.899999618530273,20.40999984741211,20.530000686645508,48582700
2024-08-19,21.520000457763672,21.860000610351562,20.84000015258789,20.889999389648438,65956300
2024-08-20,20.989999771118164,21.229999542236328,20.81999969482422,21.209999084472656,84161300
2024-08-21,21.40999984741211,21.440000534057617,21.06999969482422,21.06999969482422,57028900
2024-08-22,20.100000381469727,21.399999618530273,20.040000915527344,21.389999389648438,81444700
2024-08-23,20.540000915527344,20.93000030517578,20.260000228881836,20.31999969482422,73398400
2024-08-26,20.1299991607666,20.559999465942383,19.950000762939453,20.530000686645508,58534800
2024-08-27,20.06999969482422,20.260000228881836,19.84000015258789,20.1299991607666,43862000
2024-08-28,19.610000610351562,20.110000610351562,19.510000228881836,19.979999542236328,50144900
2024-08-29,20.1299991607666,20.600000381469727,19.75,19.760000228881836,64529700
2024-08-30,22.040000915527344,22.1200008392334,21.0,21.25,177785400
2024-09-03,20.100000381469727,21.690000534057617,19.989999771118164,21.540000915527344,115305500
2024-09-04,19.43000030517578,20.049999237060547,19.280000686645508,19.760000228881836,85871900
2024-09-05,19.399999618530273,19.899999618530273,19.239999771118164,19.280000686645508,65388800
2024-09-06,18.889999389648438,19.489999771118164,18.639999389648438,19.440000534057617,92686500
2024-09-09,19.06999969482422,19.540000915527344,18.950000762939453,19.0,64244100
2024-09-10,18.979999542236328,19.110000610351562,18.510000228881836,19.030000686645508,55621300
2024-09-11,19.639999389648438,19.690000534057617,18.520000457763672,19.010000228881836,71403100
2024-09-12,19.360000610351562,19.540000915527344,19.040000915527344,19.43000030517578,51520600
2024-09-13,19.65999984741211,19.799999237060547,19.489999771118164,19.489999771118164,44236300
2024-09-16,20.90999984741211,21.06999969482422,19.760000228881836,20.030000686645508,149337000
2024-09-17,21.469999313354492,22.579999923706055,21.239999771118164,21.709999084472656,196249800
2024-09-18,20.770000457763672,21.739999771118164,20.719999313354492,21.360000610351562,118727900
2024-09-19,21.139999389648438,21.690000534057617,21.030000686645508,21.280000686645508,99829200
2024-09-20,21.84000015258789,23.139999389648438,20.350000381469727,20.889999389648438,260377900
2024-09-23,22.559999465942383,22.81999969482422,22.030000686645508,22.43000030517578,184439100
2024-09-24,22.809999465942383,23.110000610351562,22.290000915527344,22.530000686645508,113082500
2024-09-25,23.540000915527344,24.059999465942383,22.729999542236328,22.799999237060547,117013400
2024-09-26,23.920000076293945,24.420000076293945,23.25,24.280000686645508,95416900
2024-09-27,23.90999984741211,24.65999984741211,23.700000762939453,24.15999984741211,85883300
2024-09-30,23.459999084472656,23.950000762939453,23.09000015258789,23.739999771118164,66308200
2024-10-01,22.690000534057617,23.719999313354492,22.260000228881836,23.459999084472656,86344400
2024-10-02,22.389999389648438,23.06999969482422,22.350000381469727,22.670000076293945,59033900
2024-10-03,22.260000228881836,22.729999542236328,21.649999618530273,22.139999389648438,49565900
2024-10-04,22.59000015258789,22.90999984741211,22.299999237060547,22.700000762939453,49845500
2024-10-07,22.3799991607666,22.649999618530273,22.020000457763672,22.399999618530273,54928700
2024-10-08,23.31999969482422,23.420000076293945,22.049999237060547,22.25,58650500
2024-10-09,23.459999084472656,23.479999542236328,23.059999465942383,23.25,44759000
2024-10-10,23.219999313354492,23.530000686645508,22.959999084472656,23.190000534057617,44874600
2024-10-11,23.559999465942383,23.81999969482422,22.979999542236328,23.049999237060547,43585300
2024-10-14,23.440000534057617,23.770000457763672,23.270000457763672,23.579999923706055,35403600
2024-10-15,22.65999984741211,23.719999313354492,22.469999313354492,23.40999984741211,68900600
2024-10-16,22.309999465942383,22.540000915527344,21.739999771118164,22.3799991607666,62151800
2024-10-17,22.440000534057617,22.81999969482422,22.399999618530273,22.719999313354492,43807600
2024-10-18,22.770000457763672,22.81999969482422,22.5,22.610000610351562,39971700
2024-10-21,22.84000015258789,22.8799991607666,22.25,22.610000610351562,39727000
2024-10-22,22.399999618530273,22.81999969482422,22.170000076293945,22.729999542236328,50160400
2024-10-23,21.979999542236328,22.43000030517578,21.579999923706055,22.299999237060547,45799100
2024-10-24,22.34000015258789,22.3700008392334,21.969999313354492,22.09000015258789,40554400
2024-10-25,22.68000030517578,23.34000015258789,22.40999984741211,22.420000076293945,67503000
2024-10-28,22.920000076293945,23.270000457763672,22.559999465942383,22.670000076293945,41915000
2024-10-29,22.899999618530273,23.139999389648438,22.40999984741211,22.8700008392334,83422200
2024-10-30,22.299999237060547,22.93000030517578,22.260000228881836,22.420000076293945,50941200
2024-10-31,21.520000457763672,22.25,21.469999313354492,22.149999618530273,112485500
2024-11-01,23.200000762939453,23.579999923706055,21.90999984741211,23.0,173471100
2024-11-04,22.520000457763672,23.0,22.0,22.959999084472656,84616300
2024-11-05,23.31999969482422,23.579999923706055,22.399999618530273,22.579999923706055,59153300
2024-11-06,25.049999237060547,25.1200008392334,24.049999237060547,24.299999237060547,116760500
2024-11-07,26.229999542236328,26.3799991607666,25.190000534057617,25.43000030517578,101489300
2024-11-08,26.200000762939453,26.43000030517578,25.829999923706055,26.0,76428000
2024-11-11,25.049999237060547,26.290000915527344,24.829999923706055,25.959999084472656,80185300
2024-11-12,24.15999984741211,24.959999084472656,23.889999389648438,24.65999984741211,62539700
2024-11-13,24.920000076293945,25.139999389648438,24.020000457763672,24.059999465942383,58202000
2024-11-14,25.030000686645508,25.610000610351562,24.93000030517578,25.1200008392334,49252100
2024-11-15,24.350000381469727,24.81999969482422,24.229999542236328,24.809999465942383,55104900
2024-11-18,24.84000015258789,25.020000457763672,24.15999984741211,24.329999923706055,59589500
2024-11-19,24.200000762939453,24.540000915527344,24.100000381469727,24.5,61190900
2024-11-20,24.010000228881836,24.209999084472656,23.549999237060547,24.06999969482422,50191500
2024-11-21,24.440000534057617,24.770000457763672,23.829999923706055,24.079999923706055,58928400
2024-11-22,24.5,24.68000030517578,24.139999389648438,24.350000381469727,36784700
2024-11-25,24.8700008392334,25.56999969482422,24.760000228881836,25.040000915527344,91128400
2024-11-26,24.049999237060547,24.989999771118164,23.809999465942383,24.950000762939453,69613600
2024-11-27,23.649999618530273,23.93000030517578,23.059999465942383,23.829999923706055,53992300
2024-11-29,24.049999237060547,24.280000686645508,23.600000381469727,23.719999313354492,36616800
2024-12-02,23.93000030517578,25.479999542236328,23.440000534057617,24.84000015258789,150497900
2024-12-03,22.469999313354492,23.75,22.440000534057617,23.68000030517578,138160500
2024-12-04,21.959999084472656,22.540000915527344,21.809999465942383,22.530000686645508,104649000
2024-12-05,20.799999237060547,22.190000534057617,20.65999984741211,22.040000915527344,167993500
2024-12-06,20.920000076293945,21.049999237060547,20.65999984741211,20.950000762939453,78539100
2024-12-09,20.809999465942383,21.059999465942383,20.729999542236328,20.920000076293945,68818200
2024-12-10,20.15999984741211,20.860000610351562,19.959999084472656,20.829999923706055,90004800
2024-12-11,20.1200008392334,20.25,19.8700008392334,20.139999389648438,75209300
2024-12-12,20.780000686645508,20.899999618530273,19.920000076293945,20.020000457763672,77695000
2024-12-13,20.34000015258789,20.799999237060547,20.25,20.600000381469727,55104100
2024-12-16,20.829999923706055,21.100000381469727,20.0,20.170000076293945,73832900
2024-12-17,20.440000534057617,20.770000457763672,20.290000915527344,20.639999389648438,51767200
2024-12-18,19.299999237060547,20.579999923706055,19.209999084472656,20.479999542236328,86041200
2024-12-19,19.059999465942383,19.690000534057617,19.030000686645508,19.530000686645508,69117800
2024-12-20,19.520000457763672,19.760000228881836,18.899999618530273,18.969999313354492,108453700
2024-12-23,20.200000762939453,20.229999542236328,19.520000457763672,19.579999923706055,57988400
2024-12-24,20.399999618530273,20.399999618530273,19.959999084472656,20.219999313354492,29884000
2024-12-26,20.440000534057617,20.670000076293945,20.079999923706055,20.229999542236328,39846200
2024-12-27,20.299999237060547,20.610000610351562,20.09000015258789,20.209999084472656,48260800
2024-12-30,19.81999969482422,20.110000610351562,19.729999542236328,20.010000228881836,59608100
2024-12-31,20.049999237060547,20.399999618530273,19.8799991607666,19.989999771118164,49846700
2025-01-02,20.219999313354492,20.43000030517578,20.0,20.229999542236328,46438500
2025-01-03,20.559999465942383,20.670000076293945,20.059999465942383,20.389999389648438,48983900
2025-01-06,19.8700008392334,20.979999542236328,19.780000686645508,20.829999923706055,83271000
2025-01-07,20.010000228881836,20.34000015258789,19.899999618530273,20.020000457763672,61726100
2025-01-08,19.8799991607666,20.1200008392334,19.709999084472656,19.829999923706055,47897100
2025-01-10,19.149999618530273,19.65999984741211,18.90999984741211,19.65999984741211,71244600
2025-01-13,19.200000762939453,19.25,18.729999542236328,18.920000076293945,50669000
2025-01-14,19.200000762939453,19.520000457763672,18.81999969482422,19.360000610351562,47147500
2025-01-15,19.719999313354492,19.770000457763672,19.170000076293945,19.399999618530273,56306000
2025-01-16,19.670000076293945,19.950000762939453,19.399999618530273,19.75,44898100
2025-01-17,21.489999771118164,21.6200008392334,20.790000915527344,21.260000228881836,166483900
2025-01-21,21.770000457763672,22.40999984741211,21.75,22.030000686645508,96262200
2025-01-22,21.860000610351562,22.290000915527344,21.56999969482422,21.729999542236328,60972600
2025-01-23,21.56999969482422,21.75,21.350000381469727,21.690000534057617,55778200
2025-01-24,20.829999923706055,21.40999984741211,20.75,21.360000610351562,66300600
2025-01-27,20.290000915527344,21.059999465942383,20.139999389648438,20.809999465942383,83582100
2025-01-28,19.799999237060547,20.34000015258789,19.739999771118164,20.34000015258789,73411400
2025-01-29,19.75,20.079999923706055,19.65999984741211,19.8700008392334,86506800
2025-01-30,20.010000228881836,20.100000381469727,19.43000030517578,19.719999313354492,108167000
2025-01-31,19.43000030517578,20.329999923706055,19.3799991607666,20.100000381469727,117081700
2025-02-03,19.3799991607666,19.75,18.780000686645508,18.969999313354492,77523100
2025-02-04,19.290000915527344,19.530000686645508,19.020000457763672,19.100000381469727,54098200
2025-02-05,19.649999618530273,19.770000457763672,18.90999984741211,19.190000534057617,66059200
2025-02-06,19.3799991607666,19.700000762939453,19.219999313354492,19.510000228881836,45553800
2025-02-07,19.100000381469727,19.360000610351562,19.030000686645508,19.350000381469727,58277900
2025-02-10,19.770000457763672,20.079999923706055,19.239999771118164,19.25,73007300
2025-02-11,20.969999313354492,21.8799991607666,19.860000610351562,19.8700008392334,150960700
2025-02-12,22.479999542236328,22.559999465942383,20.93000030517578,21.979999542236328,162631200
2025-02-13,24.1299991607666,24.829999923706055,22.790000915527344,22.84000015258789,248661300
2025-02-14,23.600000381469727,25.190000534057617,22.860000610351562,24.360000610351562,230254100
2025-02-18,27.389999389648438,27.549999237060547,24.489999771118164,24.600000381469727,284292200
2025-02-19,25.719999313354492,26.329999923706055,25.459999084472656,25.979999542236328,151881700
2025-02-20,26.09000015258789,26.1200008392334,24.479999542236328,25.559999465942383,144939600
2025-02-21,24.8700008392334,26.290000915527344,24.84000015258789,25.959999084472656,111630900
2025-02-24,24.270000457763672,24.799999237060547,23.6200008392334,24.549999237060547,91358100
2025-02-25,22.989999771118164,24.280000686645508,22.770000457763672,24.209999084472656,88886500
2025-02-26,23.520000457763672,23.81999969482422,23.209999084472656,23.25,67449300
2025-02-27,23.09000015258789,24.399999618530273,23.06999969482422,23.700000762939453,97871900
2025-02-28,23.729999542236328,24.440000534057617,22.639999389648438,23.020000457763672,104133800
2025-03-03,22.739999771118164,25.040000915527344,22.520000457763672,25.0,141348700
2025-03-04,21.329999923706055,22.6299991607666,20.760000228881836,22.540000915527344,152182200
2025-03-05,20.809999465942383,21.360000610351562,20.18000030517578,21.329999923706055,127219300
2025-03-06,20.75,21.1299991607666,20.0,20.260000228881836,96466400
2025-03-07,20.639999389648438,21.200000762939453,20.110000610351562,20.270000457763672,81099600
2025-03-10,19.93000030517578,20.510000228881836,19.649999618530273,20.239999771118164,82760600
2025-03-11,19.780000686645508,20.059999465942383,19.290000915527344,19.969999313354492,80789000
2025-03-12,20.68000030517578,21.170000076293945,20.209999084472656,20.790000915527344,128671100
2025-03-13,23.700000762939453,24.530000686645508,23.1299991607666,23.5,243261000
2025-03-14,24.049999237060547,24.3700008392334,23.520000457763672,23.68000030517578,116901600
2025-03-17,25.690000534057617,26.149999618530273,24.3700008392334,24.420000076293945,160723600
2025-03-18,25.920000076293945,26.40999984741211,25.389999389648438,25.549999237060547,132488800
2025-03-19,24.1200008392334,25.229999542236328,24.030000686645508,24.899999618530273,135491400
2025-03-20,23.959999084472656,24.309999465942383,23.729999542236328,23.770000457763672,68937600
2025-03-21,24.260000228881836,24.700000762939453,23.489999771118164,23.600000381469727,94110700
2025-03-24,24.219999313354492,24.989999771118164,24.1299991607666,24.719999313354492,69169000
2025-03-25,24.200000762939453,24.75,24.110000610351562,24.18000030517578,51743300
2025-03-26,23.420000076293945,24.420000076293945,23.25,24.25,59496700
2025-03-27,23.6200008392334,23.760000228881836,22.860000610351562,23.290000915527344,57720600
2025-03-28,22.709999084472656,23.579999923706055,22.559999465942383,23.350000381469727,58365300
2025-03-31,22.709999084472656,22.75,21.75,22.3799991607666,65832000
2025-04-01,22.049999237060547,22.6200008392334,21.65999984741211,22.559999465942383,64060400
2025-04-02,21.979999542236328,22.3799991607666,21.700000762939453,21.889999389648438,58878800
2025-04-03,22.43000030517578,23.899999618530273,20.860000610351562,21.399999618530273,242972100
2025-04-04,19.850000381469727,22.200000762939453,19.700000762939453,21.700000762939453,175014700
2025-04-07,19.56999969482422,20.670000076293945,18.559999465942383,19.139999389648438,142491200
2025-04-08,18.1299991607666,20.389999389648438,17.670000076293945,20.059999465942383,163982700
2025-04-09,21.530000686645508,21.729999542236328,17.979999542236328,18.06999969482422,224183500
2025-04-10,19.8799991607666,20.81999969482422,19.15999984741211,20.68000030517578,129064900
2025-04-11,19.739999771118164,19.799999237060547,18.18000030517578,19.25,128425800
2025-04-14,20.309999465942383,21.049999237060547,19.979999542236328,20.59000015258789,101964400
2025-04-15,19.850000381469727,20.469999313354492,19.809999465942383,20.200000762939453,64056900
2025-04-16,19.229999542236328,19.43000030517578,18.719999313354492,19.34000015258789,89469700
2025-04-17,18.93000030517578,19.100000381469727,18.559999465942383,18.90999984741211,85646700
2025-04-21,18.84000015258789,18.989999771118164,18.25,18.93000030517578,72409900
2025-04-22,19.510000228881836,19.739999771118164,19.040000915527344,19.059999465942383,83365600
2025-04-23,20.59000015258789,21.030000686645508,20.309999465942383,20.719999313354492,97188100
2025-04-24,21.489999771118164,21.549999237060547,20.8799991607666,21.040000915527344,117086200
2025-04-25,20.049999237060547,20.18000030517578,19.34000015258789,19.729999542236328,147711200
2025-04-28,20.510000228881836,21.079999923706055,20.049999237060547,20.1200008392334,96624400
2025-04-29,20.34000015258789,20.850000381469727,20.219999313354492,20.309999465942383,70031900
2025-04-30,20.100000381469727,20.18000030517578,19.549999237060547,19.709999084472656,68297300
2025-05-01,19.979999542236328,20.649999618530273,19.940000534057617,20.219999313354492,72607500
2025-05-02,20.6200008392334,20.780000686645508,20.209999084472656,20.260000228881836,63298500
2025-05-05,20.270000457763672,20.579999923706055,20.239999771118164,20.389999389648438,44237000
2025-05-06,19.940000534057617,20.1200008392334,19.770000457763672,19.920000076293945,51330800
2025-05-07,20.309999465942383,20.3700008392334,19.81999969482422,19.969999313354492,61002600
2025-05-08,21.0,21.239999771118164,20.639999389648438,21.010000228881836,71651700
2025-05-09,21.420000076293945,21.450000762939453,20.829999923706055,21.200000762939453,51768600
2025-05-12,22.18000030517578,22.670000076293945,21.8799991607666,22.18000030517578,94578700
2025-05-13,22.559999465942383,22.8799991607666,22.299999237060547,22.360000610351562,76850400
2025-05-14,21.520000457763672,22.459999084472656,21.459999084472656,22.350000381469727,91584800
2025-05-15,21.549999237060547,21.6299991607666,21.190000534057617,21.229999542236328,66705500
2025-05-16,21.65999984741211,21.760000228881836,21.350000381469727,21.530000686645508,55795100
2025-05-19,21.3799991607666,21.559999465942383,21.049999237060547,21.18000030517578,64279100
2025-05-20,21.270000457763672,21.40999984741211,21.1200008392334,21.329999923706055,48497400
2025-05-21,20.690000534057617,21.6299991607666,20.59000015258789,21.190000534057617,62904700
2025-05-22,20.549999237060547,20.899999618530273,20.510000228881836,20.729999542236328,56077500
2025-05-23,20.049999237060547,20.270000457763672,19.940000534057617,20.15999984741211,68206100
2025-05-27,20.549999237060547,20.670000076293945,20.18000030517578,20.440000534057617,69504600
2025-05-28,20.3700008392334,20.639999389648438,20.329999923706055,20.56999969482422,46096500
2025-05-29,20.25,20.600000381469727,20.100000381469727,20.540000915527344,66372200
2025-05-30,19.549999237060547,20.260000228881836,19.309999465942383,20.260000228881836,114281900
2025-06-02,19.739999771118164,19.81999969482422,19.3700008392334,19.479999542236328,67885500
2025-06-03,20.290000915527344,20.40999984741211,19.399999618530273,19.75,80401900
2025-06-04,20.25,20.5,20.010000228881836,20.34000015258789,71166500
2025-06-05,19.989999771118164,20.549999237060547,19.850000381469727,20.270000457763672,72458400
2025-06-06,20.059999465942383,20.440000534057617,20.030000686645508,20.170000076293945,70072800
2025-06-09,20.479999542236328,20.959999084472656,20.219999313354492,20.219999313354492,92893900
2025-06-10,22.079999923706055,22.440000534057617,20.280000686645508,20.5,171457000
2025-06-11,20.68000030517578,21.829999923706055,20.3799991607666,21.780000686645508,146784500
2025-06-12,20.770000457763672,20.979999542236328,20.40999984741211,20.5,78175900
2025-06-13,20.139999389648438,20.600000381469727,20.100000381469727,20.329999923706055,87655900
2025-06-16,20.739999771118164,20.93000030517578,20.299999237060547,20.40999984741211,86745100
2025-06-17,20.799999237060547,21.479999542236328,20.6200008392334,20.6299991607666,87512200
2025-06-18,21.489999771118164,21.600000381469727,20.65999984741211,20.809999465942383,94200600
2025-06-20,21.079999923706055,21.889999389648438,20.8799991607666,21.700000762939453,133472800
2025-06-23,21.190000534057617,21.579999923706055,20.729999542236328,21.06999969482422,81461000
2025-06-24,22.549999237060547,22.690000534057617,21.329999923706055,21.34000015258789,130368700
2025-06-25,22.200000762939453,22.770000457763672,22.1299991607666,22.579999923706055,64975100
2025-06-26,22.5,22.6200008392334,22.209999084472656,22.399999618530273,63229300
2025-06-27,22.690000534057617,23.3799991607666,22.420000076293945,22.709999084472656,95542400
2025-06-30,22.399999618530273,22.969999313354492,22.270000457763672,22.969999313354492,77102400
2025-07-01,22.850000381469727,23.15999984741211,22.280000686645508,22.329999923706055,79094900
2025-07-02,21.8799991607666,22.770000457763672,21.520000457763672,22.530000686645508,138245300
2025-07-03,22.489999771118164,22.6299991607666,21.989999771118164,22.149999618530273,61176000
2025-07-07,22.0,22.389999389648438,21.860000610351562,22.209999084472656,80725200
2025-07-08,23.59000015258789,23.790000915527344,22.1299991607666,22.18000030517578,119545500
2025-07-09,23.440000534057617,23.530000686645508,23.1299991607666,23.290000915527344,70247700
2025-07-10,23.81999969482422,24.040000915527344,23.479999542236328,23.6299991607666,54599800
2025-07-11,23.43000030517578,23.65999984741211,23.15999984741211,23.559999465942383,49367900
2025-07-14,23.299999237060547,23.399999618530273,22.8799991607666,23.239999771118164,48420500
2025-07-15,22.920000076293945,23.780000686645508,22.899999618530273,23.56999969482422,66099400
2025-07-16,22.690000534057617,23.1299991607666,22.25,22.989999771118164,58865900
2025-07-17,22.799999237060547,23.049999237060547,22.59000015258789,22.65999984741211,49384000
2025-07-18,23.100000381469727,23.59000015258789,22.899999618530273,23.219999313354492,60195600
2025-07-21,23.260000228881836,23.829999923706055,23.15999984741211,23.399999618530273,61658000
2025-07-22,23.239999771118164,23.540000915527344,23.079999923706055,23.34000015258789,53969800
2025-07-23,23.489999771118164,23.6200008392334,22.920000076293945,23.260000228881836,68711700
2025-07-24,22.6299991607666,23.579999923706055,22.600000381469727,23.489999771118164,131963300
2025-07-25,20.700000762939453,21.049999237060547,20.360000610351562,20.68000030517578,245077700
2025-07-28,20.68000030517578,21.290000915527344,20.649999618530273,20.81999969482422,86105600
2025-07-29,20.40999984741211,20.850000381469727,20.34000015258789,20.690000534057617,100831500
2025-07-30,20.34000015258789,20.6200008392334,20.079999923706055,20.43000030517578,67420300
2025-07-31,19.799999237060547,20.229999542236328,19.65999984741211,20.170000076293945,90665200
2025-08-01,19.309999465942383,19.549999237060547,18.969999313354492,19.5,86496100
2025-08-04,19.5,19.59000015258789,19.350000381469727,19.520000457763672,69249400
2025-08-05,20.190000534057617,20.540000915527344,19.68000030517578,19.700000762939453,97338200
2025-08-06,20.40999984741211,20.479999542236328,19.8700008392334,20.1200008392334,67074200
2025-08-07,19.770000457763672,20.440000534057617,19.600000381469727,20.0,131382800
2025-08-08,19.950000762939453,20.020000457763672,19.610000610351562,20.0,75415000
2025-08-11,20.649999618530273,21.600000381469727,20.440000534057617,20.450000762939453,175545600
2025-08-12,21.809999465942383,21.860000610351562,20.760000228881836,21.200000762939453,134153600
2025-08-13,22.219999313354492,22.299999237060547,21.360000610351562,21.6200008392334,86024400
2025-08-14,23.860000610351562,24.200000762939453,21.899999618530273,21.989999771118164,188052500
2025-08-15,24.559999465942383,25.649999618530273,24.110000610351562,25.010000228881836,310161100
2025-08-18,23.65999984741211,24.899999618530273,23.209999084472656,24.0,212515600
2025-08-19,25.309999465942383,26.530000686645508,24.940000534057617,24.940000534057617,297659200
2025-08-20,23.540000915527344,24.93000030517578,23.329999923706055,24.899999618530273,161149400
2025-08-21,23.5,23.56999969482422,22.780000686645508,23.530000686645508,97718300
2025-08-22,24.799999237060547,25.229999542236328,23.649999618530273,23.649999618530273,200266800
2025-08-25,24.549999237060547,25.8799991607666,24.440000534057617,25.5,156825600
2025-08-26,24.350000381469727,24.739999771118164,24.100000381469727,24.579999923706055,78558200
2025-08-27,24.850000381469727,24.989999771118164,24.049999237060547,24.190000534057617,90934400
2025-08-28,24.93000030517578,25.139999389648438,24.610000610351562,24.959999084472656,60035100
2025-08-29,24.350000381469727,24.969999313354492,24.280000686645508,24.760000228881836,63734400
2025-09-02,24.209999084472656,24.239999771118164,23.68000030517578,23.8799991607666,57661800
2025-09-03,24.0,24.09000015258789,23.719999313354492,24.09000015258789,47822900
2025-09-04,24.610000610351562,24.639999389648438,23.75,23.850000381469727,59056500
2025-09-05,24.489999771118164,24.709999084472656,24.170000076293945,24.600000381469727,55975300
2025-09-08,24.479999542236328,24.739999771118164,24.1200008392334,24.479999542236328,51122100
2025-09-09,24.440000534057617,24.809999465942383,24.270000457763672,24.530000686645508,42146200
2025-09-10,24.770000457763672,24.8700008392334,24.280000686645508,24.420000076293945,61600700
2025-09-11,24.610000610351562,24.93000030517578,24.56999969482422,24.760000228881836,55536900
2025-09-12,24.079999923706055,24.6299991607666,24.049999237060547,24.610000610351562,52672800
2025-09-15,24.770000457763672,25.459999084472656,24.219999313354492,24.329999923706055,83951600
2025-09-16,25.270000457763672,25.34000015258789,24.690000534057617,24.81999969482422,60336600
2025-09-17,24.899999618530273,25.260000228881836,24.450000762939453,25.079999923706055,63093700
2025-09-18,30.56999969482422,32.380001068115234,30.15999984741211,31.780000686645508,523908000
2025-09-19,29.579999923706055,30.6299991607666,29.329999923706055,30.3799991607666,225702900
2025-09-22,28.760000228881836,30.100000381469727,28.729999542236328,29.670000076293945,130314500
2025-09-23,29.34000015258789,30.200000762939453,28.81999969482422,28.989999771118164,126317900
2025-09-24,31.219999313354492,31.700000762939453,29.229999542236328,29.3799991607666,164458500
2025-09-25,33.9900016784668,34.25,31.209999084472656,31.610000610351562,295709300
2025-09-26,35.5,36.29999923706055,34.4900016784668,35.02000045776367,268583300
2025-09-29,34.47999954223633,35.04999923706055,33.72999954223633,34.52000045776367,152605900
2025-09-30,33.54999923706055,34.2400016784668,33.02000045776367,33.93000030517578,124818400
2025-10-01,35.939998626708984,36.060001373291016,33.5,33.529998779296875,162649700
2025-10-02,37.29999923706055,37.56999969482422,35.439998626708984,35.7599983215332,149361700
2025-10-03,36.83000183105469,38.08000183105469,36.45000076293945,37.95000076293945,125359300
2025-10-06,36.59000015258789,38.68000030517578,36.43000030517578,37.189998626708984,112086100
2025-10-07,37.16999816894531,38.04999923706055,36.349998474121094,36.63999938964844,111140200
2025-10-08,37.43000030517578,37.790000915527344,35.90999984741211,36.54999923706055,103202100
2025-10-09,37.79999923706055,38.099998474121094,36.86000061035156,37.529998779296875,89884700
2025-10-10,36.369998931884766,39.650001525878906,36.29999923706055,38.459999084472656,183063300
2025-10-13,37.220001220703125,37.5099983215332,36.279998779296875,36.439998626708984,104020700
2025-10-14,35.630001068115234,36.54999923706055,34.689998626708984,36.0,117908300
2025-10-15,37.150001525878906,37.4900016784668,35.63999938964844,36.400001525878906,99242700
2025-10-16,36.84000015258789,38.02000045776367,36.40999984741211,37.150001525878906,83357800
2025-10-17,37.0099983215332,38.380001068115234,36.08000183105469,36.36000061035156,119394700
2025-10-20,38.099998474121094,38.52000045776367,37.560001373291016,37.56999969482422,80230200
2025-10-21,38.119998931884766,38.349998474121094,37.66999816894531,38.13999938964844,73134900
2025-10-22,36.91999816894531,37.93000030517578,36.040000915527344,37.84000015258789,87099900
2025-10-23,38.15999984741211,38.400001525878906,36.43000030517578,36.599998474121094,121974200
2025-10-24,38.279998779296875,41.119998931884766,37.83000183105469,40.02000045776367,246380000
2025-10-27,39.540000915527344,40.66999816894531,38.22999954223633,38.38999938964844,160007600
2025-10-28,41.529998779296875,42.47999954223633,39.540000915527344,39.59000015258789,181256400
2025-10-29,41.34000015258789,42.040000915527344,40.91999816894531,41.599998474121094,106962900
2025-10-30,40.15999984741211,41.43000030517578,40.11000061035156,40.970001220703125,84855500
2025-10-31,39.9900016784668,40.83000183105469,39.790000915527344,40.68000030517578,80471400
2025-11-03,39.5,40.45000076293945,39.04999923706055,40.25,61267500
2025-11-04,37.029998779296875,38.25,36.630001068115234,38.13999938964844,102250300
2025-11-05,38.380001068115234,38.689998626708984,37.11000061035156,37.41999816894531,74631600
2025-11-06,37.2400016784668,39.84000015258789,36.79999923706055,38.34000015258789,77629900
2025-11-07,38.130001068115234,38.27000045776367,36.970001220703125,37.2599983215332,95521400
2025-11-10,38.45000076293945,39.529998779296875,37.970001220703125,38.93000030517578,77820300
2025-11-11,37.880001068115234,38.220001220703125,37.4900016784668,38.150001525878906,53741900
2025-11-12,37.88999938964844,38.20000076293945,37.349998474121094,38.060001373291016,53876000
2025-11-13,35.90999984741211,37.310001373291016,35.45000076293945,37.27000045776367,95593200
2025-11-14,35.52000045776367,36.099998474121094,34.619998931884766,35.029998779296875,71716200
2025-11-17,34.709999084472656,35.72999954223633,34.22999954223633,35.45000076293945,72580100
2025-11-18,34.33000183105469,34.7599983215332,33.56999969482422,34.25,61504800
2025-11-19,35.11000061035156,35.75,34.25,34.33000183105469,67115500
2025-11-20,33.619998931884766,36.68000030517578,33.47999954223633,36.0,96389100
2025-11-21,34.5,34.97999954223633,32.88999938964844,33.5099983215332,105641700
2025-11-24,35.790000915527344,36.15999984741211,34.689998626708984,34.970001220703125,103804200
2025-11-25,35.83000183105469,36.130001068115234,34.68000030517578,35.54999923706055,62203300
2025-11-26,36.810001373291016,37.2400016784668,36.130001068115234,36.20000076293945,54563400
2025-11-28,40.560001373291016,40.59000015258789,37.34000015258789,37.400001525878906,95799500
2025-12-01,40.0099983215332,40.380001068115234,39.599998474121094,39.86000061035156,74534900
2025-12-02,43.470001220703125,43.68000030517578,40.04999923706055,40.470001220703125,167205800
2025-12-03,43.7599983215332,44.02000045776367,42.5099983215332,43.38999938964844,91957200
2025-12-04,40.5,43.279998779296875,40.13999938964844,43.2599983215332,107850200
2025-12-05,41.40999984741211,42.83000183105469,41.150001525878906,41.15999984741211,103042000
2025-12-08,40.29999923706055,42.119998931884766,39.70000076293945,41.939998626708984,93953600
2025-12-09,40.5,41.2599983215332,40.029998779296875,40.72999954223633,61877200
2025-12-10,40.779998779296875,40.9900016784668,38.88999938964844,40.11000061035156,75974900
2025-12-11,39.5099983215332,40.189998626708984,39.08000183105469,40.06999969482422,59096800
2025-12-12,37.810001373291016,40.029998779296875,37.619998931884766,39.25,87784500
2025-12-15,37.5099983215332,38.47999954223633,37.31999969482422,38.33000183105469,60898500
2025-12-16,37.310001373291016,37.959999084472656,36.91999816894531,37.58000183105469,50490300
2025-12-17,36.04999923706055,37.84000015258789,35.970001220703125,37.59000015258789,54792000
2025-12-18,36.279998779296875,37.4900016784668,35.66999816894531,37.380001068115234,69468400
2025-12-19,36.81999969482422,37.58000183105469,36.439998626708984,36.47999954223633,163221300
2025-12-22,36.369998931884766,37.900001525878906,36.290000915527344,37.88999938964844,51685400
2025-12-23,36.349998474121094,36.79999923706055,36.029998779296875,36.2400016784668,35958000
2025-12-24,36.15999984741211,36.18000030517578,34.95000076293945,35.16999816894531,37443800
2025-12-26,36.20000076293945,36.4900016784668,35.849998474121094,36.16999816894531,28779400
2025-12-29,36.68000030517578,36.79999923706055,35.81999969482422,36.0099983215332,38062300
2025-12-30,37.29999923706055,38.2599983215332,36.81999969482422,36.90999984741211,61935300
2025-12-31,36.900001525878906,37.58000183105469,36.869998931884766,37.400001525878906,51524700
2026-01-02,39.380001068115234,39.86000061035156,37.7599983215332,37.77000045776367,95396400
2026-01-05,39.369998931884766,42.099998474121094,39.27000045776367,41.59000015258789,96665400
2026-01-06,40.040000915527344,40.310001373291016,38.95000076293945,39.86000061035156,66395100
2026-01-07,42.630001068115234,44.56999969482422,40.119998931884766,40.18000030517578,166028400
2026-01-08,41.11000061035156,43.34000015258789,40.68000030517578,42.619998931884766,88242000
2026-01-09,45.54999923706055,45.72999954223633,41.56999969482422,41.83000183105469,186691400
2026-01-12,44.060001373291016,45.45000076293945,43.88999938964844,44.2400016784668,101989100
2026-01-13,47.290000915527344,48.2400016784668,45.220001220703125,45.88999938964844,168656400
2026-01-14,48.720001220703125,49.0,47.41999816894531,48.95000076293945,148225800
2026-01-15,48.31999969482422,50.38999938964844,47.83000183105469,49.349998474121094,132328900
2026-01-16,46.959999084472656,50.209999084472656,46.709999084472656,49.27000045776367,127314700
2026-01-20,48.560001373291016,50.22999954223633,47.0,47.29999923706055,150153000
2026-01-21,54.25,54.40999984741211,50.150001525878906,50.31999969482422,220565300
2026-01-22,54.31999969482422,54.599998474121094,53.08000183105469,54.209999084472656,190066400
2026-01-23,45.06999969482422,48.130001068115234,44.45000076293945,46.86000061035156,294675400
2026-01-26,42.4900016784668,44.459999084472656,42.279998779296875,44.279998779296875,149407800
2026-01-27,43.93000030517578,44.529998779296875,43.099998474121094,43.970001220703125,121832200
2026-01-28,48.779998779296875,49.290000915527344,46.31999969482422,46.599998474121094,201995100
2026-01-29,48.65999984741211,48.77000045776367,46.9900016784668,47.560001373291016,124256600
2026-01-30,46.470001220703125,49.58000183105469,45.959999084472656,48.97999954223633,114920100
2026-02-02,48.810001373291016,49.84000015258789,45.5,45.630001068115234,101414600
2026-02-03,49.25,51.4900016784668,48.43000030517578,50.060001373291016,122205100
2026-02-04,48.599998474121094,49.70000076293945,47.0,49.540000915527344,128702300
2026-02-05,48.2400016784668,50.86000061035156,46.790000915527344,47.59000015258789,114307800
2026-02-06,50.59000015258789,51.29999923706055,48.83000183105469,49.099998474121094,115600200
2026-02-09,50.2400016784668,51.220001220703125,47.59000015258789,49.59000015258789,94841400
2026-02-10,47.130001068115234,50.540000915527344,46.77000045776367,50.40999984741211,99832900
2026-02-11,48.290000915527344,49.54999923706055,46.86000061035156,48.11000061035156,107681200
2026-02-12,46.47999954223633,48.95000076293945,46.189998626708984,47.79999923706055,88321200
2026-02-13,46.790000915527344,47.689998626708984,44.970001220703125,45.7599983215332,69740400
2026-02-17,46.18000030517578,46.83000183105469,45.459999084472656,45.93000030517578,65802200
2026-02-18,45.459999084472656,46.77000045776367,44.880001068115234,45.91999816894531,65306100
2026-02-19,44.619998931884766,45.16999816894531,43.91999816894531,44.95000076293945,72724900
2026-02-20,44.11000061035156,44.38999938964844,42.880001068115234,43.88999938964844,90743600
2026-02-23,43.630001068115234,44.54999923706055,43.18000030517578,44.09000015258789,57130900
2026-02-24,46.119998931884766,46.599998474121094,43.540000915527344,44.099998474121094,98872300
2026-02-25,46.880001068115234,46.970001220703125,45.08000183105469,46.09000015258789,75645300
2026-02-26,45.459999084472656,46.95000076293945,44.38999938964844,46.77000045776367,71457500
2026-02-27,45.61000061035156,46.560001373291016,44.400001525878906,44.459999084472656,79327200
2026-03-02,45.5,45.810001373291016,43.95000076293945,44.20000076293945,60705100
2026-03-03,43.099998474121094,43.689998626708984,42.13999938964844,43.439998626708984,83971000
2026-03-04,45.58000183105469,46.130001068115234,43.27000045776367,44.06999969482422,96628100
2026-03-05,45.95000076293945,46.47999954223633,44.70000076293945,44.869998931884766,78229400
2026-03-06,43.41999816894531,45.18000030517578,43.279998779296875,44.66999816894531,74698300
2026-03-09,45.58000183105469,45.7599983215332,41.63999938964844,42.7400016784668,82937400
2026-03-10,46.779998779296875,47.880001068115234,45.40999984741211,45.40999984741211,85233300
2026-03-11,47.97999954223633,48.83000183105469,46.65999984741211,46.81999969482422,72480600
2026-03-12,45.25,47.439998626708984,45.16999816894531,47.400001525878906,85110200
2026-03-13,45.77000045776367,46.650001525878906,45.38999938964844,45.970001220703125,68386200
2026-03-16,45.7599983215332,49.16999816894531,45.689998626708984,47.90999984741211,114199400
2026-03-17,44.060001373291016,46.08000183105469,43.90999984741211,46.08000183105469,89061600
2026-03-18,45.029998779296875,45.709999084472656,44.04999923706055,44.20000076293945,78056200
2026-03-19,46.18000030517578,46.439998626708984,43.650001525878906,43.9900016784668,74051500
2026-03-20,43.869998931884766,47.54999923706055,43.63999938964844,46.95000076293945,162814200
2026-03-23,44.0099983215332,45.459999084472656,43.7400016784668,44.5,80772200
2026-03-24,44.060001373291016,44.310001373291016,43.20000076293945,43.540000915527344,65323500
2026-03-25,47.18000030517578,47.849998474121094,45.45000076293945,45.849998474121094,97467900
2026-03-26,44.099998474121094,46.599998474121094,43.91999816894531,46.29999923706055,82841400
2026-03-27,43.130001068115234,44.130001068115234,42.86000061035156,43.619998931884766,70002200
2026-03-30,41.189998626708984,43.9900016784668,40.630001068115234,43.720001220703125,84596000
2026-03-31,44.130001068115234,44.22999954223633,41.599998474121094,41.95000076293945,95294900
2026-04-01,48.029998779296875,48.77000045776367,44.97999954223633,45.0,129598500
2026-04-02,50.380001068115234,50.4900016784668,46.040000915527344,46.060001373291016,117134200
2026-04-06,50.779998779296875,52.38999938964844,49.869998931884766,50.880001068115234,79978800
2026-04-07,52.90999984741211,53.27000045776367,51.220001220703125,51.90999984741211,129543800
2026-04-08,58.95000076293945,59.16999816894531,54.79999923706055,55.369998931884766,184599900
2026-04-09,61.720001220703125,62.08000183105469,58.38999938964844,58.400001525878906,155609900
2026-04-10,62.380001068115234,63.38999938964844,60.75,61.52000045776367,98624400
2026-04-13,65.18000030517578,65.6500015258789,62.18000030517578,62.18000030517578,112111000
2026-04-14,63.810001373291016,65.18000030517578,62.09000015258789,65.16000366210938,112796100
2026-04-15,64.94000244140625,65.83999633789062,62.880001068115234,63.77000045776367,92051500
2026-04-16,68.5,68.61000061035156,64.2699966430664,64.93000030517578,108328300
2026-04-17,68.5,70.33000183105469,67.73999786376953,68.8499984741211,118831500
2026-04-20,65.69999694824219,69.20999908447266,64.47000122070312,68.44999694824219,96851100
2026-04-21,66.26000213623047,67.66999816894531,65.63999938964844,67.13999938964844,91402300
2026-04-22,65.2699966430664,68.7699966430664,64.9800033569336,67.94000244140625,90267300
2026-04-23,66.77999877929688,68.27999877929688,65.41999816894531,66.0999984741211,155141800
2026-04-24,82.54000091552734,85.22000122070312,79.62000274658203,82.19999694824219,281405200
2026-04-27,84.98999786376953,87.0999984741211,82.61000061035156,83.66999816894531,178820200
2026-04-28,84.5199966430664,84.58999633789062,80.80000305175781,81.27999877929688,147773500
2026-04-29,94.75,94.94999694824219,85.87000274658203,86.13999938964844,235070900
2026-04-30,94.4800033569336,95.69000244140625,91.5,95.5999984741211,160597300
2026-05-01,99.62000274658203,100.44999694824219,92.61000061035156,93.19999694824219,158502800
2026-05-04,95.77999877929688,99.81999969482422,95.5999984741211,99.18000030517578,119294000
2026-05-05,108.1500015258789,110.4800033569336,100.08000183105469,100.51000213623047,198482000
2026-05-06,113.01000213623047,113.5,106.58000183105469,110.9800033569336,157320100
2026-05-07,109.62000274658203,114.51000213623047,109.1500015258789,111.0199966430664,122699900
2026-05-08,124.91999816894531,130.57000732421875,111.80000305175781,111.80999755859375,227681300
2026-05-11,129.44000244140625,132.75,123.91999816894531,130.8800048828125,179486500
2026-05-12,120.61000061035156,127.79000091552734,115.0,124.36000061035156,172516500
2026-05-13,120.29000091552734,125.0,116.41000366210938,124.0999984741211,115364400
2026-05-14,115.93000030517578,118.56999969482422,113.16999816894531,114.66000366210938,118279800
2026-05-15,108.7699966430664,110.56999969482422,105.0199966430664,109.79000091552734,135206000
2026-05-18,108.16999816894531,115.54000091552734,103.8499984741211,113.47000122070312,145764000
2026-05-19,110.80000305175781,113.06999969482422,102.4000015258789,106.9800033569336,150234900
2026-05-20,118.95999908447266,121.94000244140625,114.80000305175781,116.22000122070312,165086900
2026-05-21,118.5,119.41000366210938,113.16999816894531,116.58000183105469,102452500
2026-05-22,119.83999633789062,122.77999877929688,118.08999633789062,120.33999633789062,82663000
2026-05-26,123.5199966430664,125.62000274658203,117.3499984741211,122.0999984741211,108167300
2026-05-27,121.7699966430664,125.2699966430664,117.0,124.38999938964844,93323300
2026-05-28,120.88999938964844,123.08000183105469,116.30999755859375,121.44999694824219,97321000
2026-05-29,114.68000030517578,126.63999938964844,113.54000091552734,123.8499984741211,191676100
2026-06-01,109.33000183105469,113.30000305175781,106.33000183105469,109.43000030517578,134900400
2026-06-02,107.93000030517578,109.0,104.16999816894531,107.44999694824219,106336200
2026-06-03,112.70999908447266,118.29000091552734,110.86000061035156,116.41999816894531,118928800
2026-06-04,111.77999877929688,113.13999938964844,107.4800033569336,108.4000015258789,77325800
2026-06-05,99.16999816894531,106.4800033569336,98.33000183105469,106.4800033569336,145209400
2026-06-08,110.2699966430664,112.54000091552734,106.66000366210938,111.0,136973900
2026-06-09,107.91999816894531,114.0,99.45999908447266,112.98999786376953,149623100
2026-06-10,107.04000091552734,111.5,104.91999816894531,106.02999877929688,122653500
2026-06-11,116.95999908447266,119.44000244140625,110.51000213623047,113.5199966430664,188430300
2026-06-12,124.56999969482422,127.5999984741211,115.33000183105469,117.41999816894531,151169400
2026-06-15,127.86000061035156,132.61000061035156,126.66000366210938,129.49000549316406,134507500
2026-06-16,117.05000305175781,128.6999969482422,116.0,125.11000061035156,132962600
2026-06-17,121.0999984741211,125.19999694824219,118.05999755859375,121.8499984741211,115324900
2026-06-18,133.99000549316406,135.47999572753906,127.9000015258789,131.80999755859375,233906600
2026-06-22,140.94000244140625,141.4499969482422,136.2100067138672,139.1199951171875,127190600
2026-06-23,132.27999877929688,137.97999572753906,128.3000030517578,129.72999572753906,132976700
2026-06-24,131.64999389648438,136.0800018310547,127.94999694824219,133.0500030517578,104591700
2026-06-25,132.8699951171875,140.72000122070312,125.41000366210938,139.72999572753906,122588800
2026-06-26,128.32000732421875,131.22999572753906,125.5,128.7100067138672,99475400
2026-06-29,131.72000122070312,132.0500030517578,118.5,127.0,106805300
2026-06-30,139.6300048828125,142.35000610351562,131.52000427246094,131.99000549316406,116996700
2026-07-01,127.0199966430664,135.74000549316406,126.68000030517578,135.0,113107200
2026-07-02,120.3499984741211,130.74000549316406,117.62999725341797,128.9199981689453,124577600
2026-07-06,122.19999694824219,127.30000305175781,121.5199966430664,122.56999969482422,86950200
2026-07-07,110.38999938964844,116.47000122070312,108.30000305175781,116.30000305175781,140405900
2026-07-08,110.23999786376953,110.48999786376953,104.41000366210938,108.30000305175781,105488100
2026-07-09,112.54000091552734,116.7699966430664,111.51000213623047,114.87000274658203,99352500
2026-07-10,109.83999633789062,110.8499984741211,107.44999694824219,109.58000183105469,70846600
2026-07-13,103.12000274658203,106.16999816894531,101.79000091552734,105.9800033569336,100988800
2026-07-14,107.76000213623047,109.19000244140625,103.58999633789062,107.9800033569336,91129000
2026-07-15,102.98999786376953,109.61000061035156,99.19999694824219,109.30000305175781,120625500
2026-07-16,96.9800033569336,101.87999725341797,95.4800033569336,101.13999938964844,107742900
2026-07-17,95.04000091552734,98.05000305175781,89.58999633789062,92.13999938964844,126779300
2026-07-20,97.05999755859375,100.9800033569336,96.91999816894531,97.58000183105469,89741400
2026-07-21,105.44999694824219,106.33999633789062,101.22000122070312,103.19000244140625,105429400
2026-07-22,102.62000274658203,106.8499984741211,101.4800033569336,101.55000305175781,78431000
2026-07-23,100.2300033569336,104.18000030517578,99.23999786376953,101.13999938964844,140806900
2026-07-24,92.31999969482422,101.73999786376953,91.58000183105469,100.36000061035156,181132900
2026-07-27,91.66999816894531,94.9800033569336,86.94000244140625,92.45999908447266,133247300
2026-07-28,86.30000305175781,88.27999877929688,83.0999984741211,86.62000274658203,154346700
2026-07-29,81.87999725341797,88.47000122070312,81.79000091552734,86.56999969482422,152394600
2026-07-30,91.12999725341797,94.0999984741211,85.97000122070312,86.51000213623047,140322600
2026-07-31,90.19999694824219,97.9000015258789,90.12999725341797,96.72000122070312,109039500
2026-08-03,91.0,91.68000030517578,85.62000274658203,88.4000015258789,96633600
2026-08-04,100.86000061035156,101.38999938964844,94.31999969482422,95.23999786376953,124355100
2026-08-05,101.05999755859375,102.83000183105469,97.9000015258789,99.30000305175781,85388400
2026-08-06,99.80999755859375,103.37999725341797,95.5999984741211,98.22000122070312,78088100
2026-08-07,101.6500015258789,103.66000366210938,98.02999877929688,102.33000183105469,76760600
2026-08-10,97.5199966430664,100.02999877929688,96.30000305175781,98.26000213623047,101153400
2026-08-11,97.70999908447266,98.3499984741211,95.3499984741211,96.77999877929688,164063600
2026-08-12,100.94999694824219,103.16000366210938,100.12000274658203,101.33000183105469,162446700
2026-08-13,104.55999755859375,107.56999969482422,100.33000183105469,101.51000213623047,116837600
2026-08-14,102.5,106.87000274658203,102.05000305175781,104.4800033569336,95387500
2026-08-17,103.48999786376953,105.97000122070312,101.80000305175781,103.55000305175781,88616800
2026-08-18,96.69000244140625,99.30999755859375,95.25,99.22000122070312,121969500
2026-08-19,92.80000305175781,98.19999694824219,91.27999877929688,97.41000366210938,110268600
2026-08-20,92.12999725341797,92.68000030517578,89.8499984741211,91.87000274658203,85654700
2026-08-21,90.06999969482422,92.7699966430664,89.75,92.70999908447266,91192100
