Date,Close,High,Low,Open,Volume
2021-08-25,289.8471984863281,292.3232815826595,288.32123587171554,292.04495251552714,20006100
2021-08-26,287.044921875,290.25040851651744,286.9105752422197,288.8683984414419,17666100
2021-08-27,287.6493835449219,288.7530637599789,284.87575839920896,286.9487722765945,22605700
2021-08-30,291.363525390625,291.9681581054173,288.9354171773706,288.99299845606083,16348100
2021-08-31,289.72247314453125,292.2369539074186,289.3577720955228,292.16018861273085,26285300
2021-09-01,289.6744384765625,292.8991369938273,289.34813475379116,290.6725629329241,18983800
2021-09-02,289.0218200683594,291.14280883019796,288.0908835783772,290.0295511305213,16285600
2021-09-03,289.0123596191406,290.4135535984546,288.1677947148222,288.8683770601994,14747900
2021-09-07,288.0909729003906,288.9643283762939,286.19073133371813,288.887563068861,17180400
2021-09-08,288.1197814941406,288.503666632325,285.490137544591,287.70710570280636,15046800
2021-09-09,285.2789001464844,289.9719800475994,285.0389683549398,288.7051331589924,19927000
2021-09-10,283.8009033203125,287.84137565254247,283.48420625224344,286.40178494786,19633400
2021-09-13,285.0293884277344,286.51698324787736,282.2365785977501,285.56683334808685,23652900
2021-09-14,287.71661376953125,289.2521830846945,286.09467252451213,287.4958659786448,21853400
2021-09-15,292.5440368652344,293.02390044019006,289.66485541550026,291.0468648544565,28356300
2021-09-16,292.927978515625,293.01435046119434,288.6476028000496,291.5267848065768,19550800
2021-09-17,287.7934265136719,292.23696868760265,287.4671227397801,291.9202715592397,41372500
2021-09-20,282.44769287109375,286.689699826259,277.86019819512114,284.39593784399835,38278700
2021-09-21,282.9275817871094,285.5572543702067,282.22699963878074,283.78175309872546,22364100
2021-09-22,286.55535888671875,288.12932568723215,282.6492911094491,284.7798868463927,26626300
2021-09-23,287.49591064453125,288.78194172532284,285.5476653767462,286.81451245521663,18604600
2021-09-24,287.2944641113281,287.72632395998517,284.97191042271135,286.2195738810322,14999000
2021-09-27,282.322998046875,284.53035916304015,281.142522901756,284.21366203503686,23571700
2021-09-28,272.1018371582031,279.0694657966121,271.36285777992146,278.12892262453175,43186200
2021-09-29,272.56256103515625,275.2209951886973,271.6124403531808,273.61826695321446,26353700
2021-09-30,270.5663757324219,276.2383391909567,270.2784399241369,274.20372168206217,32343600
2021-10-01,277.45709228515625,278.301656763977,269.9616264684392,270.75818702227775,30086300
2021-10-04,271.7083435058594,276.1614916080159,268.96353787366274,275.82558124270304,31350700
2021-10-05,277.130859375,278.7047968877301,272.61052278816857,272.61052278816857,24993000
2021-10-06,281.3056945800781,281.80477159124865,274.0117895006264,274.27090536434855,28002600
2021-10-07,282.97552490234375,284.69344451263237,282.0829857802922,283.2922219400396,20430500
2021-10-08,282.97552490234375,284.69344451263237,281.929425938561,284.29034626701986,17685700
2021-10-11,282.3804931640625,285.9698628659202,280.9600866229127,281.1232531041537,19298600
2021-10-12,281.0849609375,283.5418606976777,280.57630659547624,283.4458821015579,17974100
2021-10-13,284.37677001953125,285.307706593833,281.67033223174053,283.0331577701654,23416300
2021-10-14,290.5573425292969,291.056390013878,285.83547291155634,287.1599008270888,27262900
2021-10-15,291.9586486816406,292.1890031616516,288.4172524202229,290.1639632249141,25384800
2021-10-18,294.9146423339844,295.7975751445461,290.49989041550754,291.34445521764906,22729300
2021-10-19,295.8168029785156,296.843689092521,294.8474688799696,295.9319655865493,17682100
2021-10-20,295.02978515625,297.22756896603414,293.7821220408967,296.75728265313415,16537100
2021-10-21,298.2449035644531,298.49441277839924,294.0220794692839,294.7994856279611,16918100
2021-10-22,296.7092590332031,298.5615254647834,295.40401483593905,297.89931136627246,17449300
2021-10-25,295.7207946777344,296.939637875098,294.11803710740327,296.90124058009036,17554500
2021-10-26,297.6209716796875,299.81875504845516,296.171803603044,298.475142899543,28107300
2021-10-27,310.1550598144531,312.9670535510442,303.2738027325777,303.2738027325777,52588700
2021-10-28,311.28759765625,311.786645375774,308.4179927254557,311.2683843629812,26297900
2021-10-29,318.2647399902344,318.6294410245631,310.85564458763923,311.0763923948779,34766000
2021-11-01,316.1053466796875,318.1399636800593,313.2261650477916,318.0151944565091,27073200
2021-11-02,319.7139892578125,320.02110905104064,316.71003784901507,317.0075509960312,26487100
2021-11-03,320.5489807128906,321.4127295936268,317.3338877731784,320.45300210646246,21500100
2021-11-04,322.89068603515625,322.98666463204586,316.2397822393411,319.48366550974254,23992200
2021-11-05,322.5259094238281,325.1459751338179,320.951972099872,324.8772526985791,22570100
2021-11-08,323.41851806640625,324.0519416472353,320.97122498059144,323.71603120896236,20897000
2021-11-09,322.4203796386719,325.078813563159,321.0575540639552,323.5336374688277,21307400
2021-11-10,317.47772216796875,321.15349346911216,316.63318689786576,321.0959121845267,25500900
2021-11-11,319.0422058105469,320.3282371459795,317.1995454120544,317.9097343897485,16849800
2021-11-12,323.15936279296875,323.64883306583664,320.34736896230555,320.47213819174647,23831000
2021-11-15,322.53558349609375,324.2726876885674,320.57773146516666,323.94638389817203,16723000
2021-11-16,325.8369445800781,326.95023148794974,321.99803632750536,322.1611735266542,20886800
2021-11-17,326.0582275390625,329.0099884528382,324.98137088648923,325.8851675789296,19053400
2021-11-18,328.1252746582031,329.2598468353323,324.1351262978114,325.15429587394624,22463500
2021-11-19,329.8944396972656,331.8078109454933,329.0195159309197,329.442570826056,21963400
2021-11-22,326.74078369140625,336.2018030638584,326.4715696014347,331.3462958819071,31031100
2021-11-23,324.67364501953125,326.3754890891575,320.7123388682241,324.06790589930085,30427600
2021-11-24,324.8948059082031,325.13517671876446,321.0488729392215,323.3275835286007,21661300
2021-11-26,316.9817199707031,324.91395501030433,315.4818087833129,321.4718586551738,24217200
2021-11-29,323.6640625,325.9716160847785,321.84684534637535,322.03915370433015,28563500
2021-11-30,317.8567199707031,324.7697863608636,316.3183410190401,322.4045459611877,42885600
2021-12-01,317.3663635253906,326.21202075185647,316.7029671084376,322.22187131790565,33337600
2021-12-02,316.79901123046875,320.6449430720415,315.17410268003374,317.5778100810167,30766000
2021-12-03,310.5686340332031,319.8854066749846,305.78043811748984,319.2027326168605,41779300
2021-12-06,313.6261291503906,314.8376070697841,306.9342159628672,311.472416708919,30032600
2021-12-07,322.02001953125,322.8661002398336,317.385662698404,318.86635528717653,31021900
2021-12-08,322.0679931640625,322.5775780301863,318.0585957516276,322.39489389495935,24761000
2021-12-09,320.2699890136719,323.5294010834797,319.3277251227278,321.5295293799617,22214200
2021-12-10,329.3464050292969,329.7886790069199,321.894911553193,322.0775956761069,38095700
2021-12-13,326.32733154296875,330.5482560904691,326.01964993405755,327.5580286364802,28899400
2021-12-14,315.693359375,321.75072054562577,311.6262752750999,320.3854016251195,44438700
2021-12-15,321.76031494140625,322.279524033455,312.0012673025278,315.95294877643335,35381100
2021-12-16,312.3858337402344,323.7890378493558,310.57824093079836,322.77946305235776,35034800
2021-12-17,311.3282165527344,312.405102273891,305.03051397428044,308.5207023277349,47750300
2021-12-20,307.5880432128906,310.3667139438823,305.3381764176737,307.722635580741,28326500
2021-12-21,314.6838684082031,315.10692339538815,307.48233874598975,310.83793531898675,24740600
2021-12-22,320.3661193847656,320.7603015592964,313.20305992289275,315.6548296221217,24831500
2021-12-23,321.798828125,323.4333613707806,319.9143291893332,319.9335482909737,19617800
2021-12-27,329.2598571777344,329.2887004933562,322.5102279009017,322.53907121652355,19947000
2021-12-28,328.10614013671875,330.5675347673697,327.21196780790996,329.93295233791673,15661500
2021-12-29,328.7791748046875,331.0386367329647,326.5965892757154,328.1541872836197,15042000
2021-12-30,326.2504577636719,329.9137060860202,325.76971620596595,328.7406955115323,15994500
2021-12-31,323.3660583496094,326.28894634545765,322.914160041901,325.47170904487376,18000800
2022-01-03,321.8564147949219,324.9812343560376,317.07784340008425,322.4333104284771,28865100
2022-01-04,316.3375549316406,322.28913749513237,313.55885476913005,321.93336411107276,32674300
2022-01-05,304.1940612792969,313.5108358888348,303.80947386548866,313.30890328932094,40054300
2022-01-06,301.7903747558594,306.42473117892956,299.4924156466347,301.0884814026268,39646100
2022-01-07,301.9441833496094,304.3094237353557,298.14631308588326,302.0499324142328,32720000
2022-01-10,302.1653137207031,302.5979928961551,292.9543176051216,297.56942521329626,44289500
2022-01-11,302.8479919433594,304.4151849277161,297.9540459272227,301.309612939468,29386800
2022-01-12,306.01123046875,310.9532679259109,304.86706317706137,307.35733034753923,34372200
2022-01-13,293.0600280761719,308.5206922774309,292.2908533568236,308.1264806975711,45366000
2022-01-14,298.25201416015625,298.8481288770932,292.0504375760111,292.53117903704157,39846400
2022-01-18,290.9928283691406,297.8674260520063,290.1178753051929,292.3581471597959,42333200
2022-01-19,291.64666748046875,301.8191755170397,291.04095775062984,294.4926786966677,45933900
2022-01-20,289.9832763671875,299.64616870365205,289.5410024064944,297.1655554938759,35380700
2022-01-21,284.6278381347656,292.39660859622313,284.22400232617673,291.03131903917586,57984400
2022-01-24,284.954833984375,285.66632231943066,265.41748401969824,280.9454645898403,85731500
2022-01-25,277.37823486328125,283.627874669316,274.18613344698997,280.29152732225515,72848600
2022-01-26,285.2816162109375,296.61750913568017,281.7433657696805,296.1271434101873,90428900
2022-01-27,288.2911071777344,295.4637633356451,286.45467082104994,291.0024967310887,53481300
2022-01-28,296.3868103027344,296.59833777305556,283.10873012038377,288.6661016492175,49743700
2022-01-31,299.0021057128906,300.3481765478178,294.56965216749705,297.0502956667104,46444500
2022-02-01,296.8675231933594,298.6654918462446,293.37733494145994,298.45396439636784,40950400
2022-02-02,301.3865051269531,302.98257070424955,296.9829251353378,297.70403751014493,36636000
2022-02-03,289.646728515625,299.2423385828115,288.40640733788615,297.5693383559152,43730000
2022-02-04,294.1562194824219,296.9060477888783,288.416162689019,288.6469093043459,35096500
2022-02-07,289.3583679199219,295.98297161566165,288.3487929994967,294.37731117460294,28533300
2022-02-08,292.8292236328125,293.7907065129681,288.39680163951715,289.64671764686784,32421200
2022-02-09,299.22314453125,299.9154135304483,295.5503014236904,297.9347607103794,31284700
2022-02-10,290.7332763671875,297.2136633368289,289.1179917352157,292.3293418995418,45386200
2022-02-11,283.6759948730469,292.5697139503908,282.8875716532668,291.5120766241171,39175600
2022-02-14,283.6375427246094,285.3297625384846,280.12813492881736,282.45490783075724,36359500
2022-02-15,288.8968200683594,289.2140965718555,285.57969173022536,288.4545460706531,27058300
2022-02-16,288.5596008300781,289.8795515618136,282.95219184742473,287.47087375855756,29982100
2022-02-17,280.1099853515625,285.958233038907,279.40664080865434,285.53430336959343,32461600
2022-02-18,277.4122314453125,283.1256081080043,275.8514129414356,282.34519885606585,34264000
2022-02-22,277.20989990234375,280.89036647915503,274.10752185323537,274.5892573925205,41736100
2022-02-23,270.03204345703125,281.04454083688285,269.8682698302373,279.58004589911764,37811200
2022-02-24,283.8290100097656,284.3781957137695,261.6017198059236,262.55557639782796,56989700
2022-02-25,286.4495849609375,286.75790276376836,280.9963351099328,284.3588691791243,32546700
2022-02-28,287.87548828125,288.2127089883334,282.29698334683417,283.5591279167411,34627500
2022-03-01,284.17578125,289.01239505161357,281.4780448269364,285.5727965486782,31217800
2022-03-02,289.22442626953125,290.4576682481348,282.9715074955346,284.57084383733564,31873000
2022-03-03,285.1103820800781,292.05700050828193,283.3086664169441,291.8257768521812,27314500
2022-03-04,279.2717590332031,284.85990985728677,276.6800484526404,283.53995896520416,32356500
2022-03-07,268.7217712402344,279.1079901922431,268.35564745891236,277.9903600081898,43157200
2022-03-08,265.7735290527344,273.58726615536074,260.1372168079997,267.6522801991081,48159500
2022-03-09,277.9614562988281,279.0212805569592,270.52345705468474,273.0862941142346,35204500
2022-03-10,275.1577453613281,276.1308607136372,270.33074508462164,272.6816172407287,30628000
2022-03-11,269.8393859863281,278.93455646472097,269.2227503051047,277.44115846333716,27209300
2022-03-14,266.34197998046875,274.9746736705197,265.74463254293596,270.0995117672135,30660700
2022-03-15,276.6607360839844,277.3062746946172,268.5483254301358,270.10914399569396,34245100
2022-03-16,283.6363525390625,283.809770330095,272.8551054876842,278.54919544627364,37826300
2022-03-17,284.4359436035156,284.81168204871824,278.7996317030362,282.576451409173,30816600
2022-03-18,289.45556640625,290.0047518967463,282.0368578366176,284.5804058196117,43390600
2022-03-21,288.2320556640625,289.17626805109586,284.1276588300462,287.9719290179041,28351200
2022-03-22,292.9530334472656,293.8586986740922,287.85626286698505,288.84863696836237,27599700
2022-03-23,288.54998779296875,292.1533901687108,286.84465430957243,289.53274726035676,25715400
2022-03-24,292.9916076660156,293.0879606698215,287.4227451186162,288.2127985858923,24484500
2022-03-25,292.5869445800781,294.3404693263562,288.3573210468133,294.0803426717011,22566500
2022-03-28,299.35052490234375,299.4468485037341,293.2131884282858,293.2131884282858,29578200
2022-03-29,303.8884582519531,304.2834849768808,297.7607660592807,302.4432514351578,30393400
2022-03-30,302.39501953125,304.40869996608586,300.1983066415058,302.2986959453416,28163600
2022-03-31,297.04779052734375,303.6283150055242,296.643149106342,302.4335907750661,33422100
2022-04-01,298.1172180175781,298.8012742137478,294.37894572954843,298.06902682456194,27110500
2022-04-04,303.46453857421875,303.59940925877385,298.3966704273003,298.76279420407815,24289600
2022-04-05,299.5240173339844,303.3682591165135,298.5509017337688,301.82669887347197,23156700
2022-04-06,288.5596008300781,295.7856342398464,285.8715081688589,294.04175386251336,40110400
2022-04-07,290.36126708984375,292.5579799187454,285.5246529796034,285.8233266543766,31411200
2022-04-08,286.1220397949219,290.1204393434208,285.4572423231668,289.4652859924413,24361900
2022-04-11,274.8398742675781,281.9213658778762,274.5893622825598,281.13134163779927,34569300
2022-04-12,271.7567138671875,280.119637735793,270.24405686204636,278.6744307786593,30966700
2022-04-13,277.113525390625,278.03844932142886,271.02438159032954,272.40216747180386,21907200
2022-04-14,269.6081237792969,277.7783698621316,269.1167734779353,277.56640502923614,28221600
2022-04-18,270.2729187011719,272.14205510022083,268.17255863306326,268.7217442498862,20778000
2022-04-19,274.8782958984375,275.7165404624221,268.2399952405621,269.1745633932946,22297700
2022-04-20,275.89959716796875,279.1176168323527,274.9457700942281,278.8285578322928,22906700
2022-04-21,270.5523986816406,282.58614693419463,269.82979513911937,278.0385607971482,29454600
2022-04-22,264.0199890136719,272.8550320937384,263.393738668187,271.39053717811265,29405800
2022-04-25,270.4656677246094,270.84140624661075,260.8791164146194,263.3070829372568,35678900
2022-04-26,260.34918212890625,268.19182220528097,260.13721729425794,267.3632511079873,46518400
2022-04-27,272.874267578125,280.3411680957989,268.96257753012264,271.7951847238902,63477700
2022-04-28,279.0502014160156,280.3508935706538,271.178627842334,274.7723864290521,33646600
2022-04-29,267.3825378417969,279.29105809866707,266.3998077256145,278.0674307607547,37073900
2022-05-02,274.0786437988281,274.5314764230111,266.1300066784379,267.56556930704056,35151100
2022-05-03,271.4869384765625,273.7511018849256,269.9164755719785,273.5872988286567,25978600
2022-05-04,279.38739013671875,280.25450833918546,266.62139669213593,272.26732383050563,33599300
2022-05-05,267.2187805175781,275.8900225285143,264.3187223916875,275.109613099755,43260400
2022-05-06,264.69439697265625,269.04927528391744,261.36076616080453,264.7714617150036,37780300
2022-05-09,254.91519165039062,262.41099624830406,253.70123795853172,260.1950242973113,47726000
2022-05-10,259.6554870605469,263.7502396394238,255.3873167232384,261.76549132988686,39336400
2022-05-11,251.03237915039062,261.447499215182,249.82804029550908,255.97499051527322,48975900
2022-05-12,246.0223846435547,250.38690814257984,240.88708121967693,248.27690379509,51033800
2022-05-13,251.5815887451172,253.43146634006962,246.0223706452165,247.94931299700548,34925100
2022-05-16,251.94772338867188,256.10992610515103,246.43666684818785,250.46396948086246,32550900
2022-05-17,257.0734558105469,258.5282776861266,252.8727050568493,256.38936992042704,28828800
2022-05-18,245.3689422607422,254.56255593288276,244.10385759056012,253.98312086554714,31356000
2022-05-19,244.46115112304688,248.83585464293373,243.24435524609143,245.19508938818183,32692300
2022-05-20,243.90101623535156,249.67600344933274,237.9908442252686,248.4205560699694,39199300
2022-05-23,251.71365356445312,252.53451735450935,244.74118884717117,246.73057447845937,33175400
2022-05-24,250.71897888183594,252.3703436440929,244.80880649372511,249.0483104249833,29043900
2022-05-25,253.51954650878906,255.508917485171,248.31435684807386,249.28973864171456,28547900
2022-05-26,256.7837219238281,257.9522293193264,252.4669728572484,253.2781702660378,25002100
2022-05-27,263.8720397949219,263.96861721941957,258.3867839504424,259.2752549960121,26910800
2022-05-31,262.5490417480469,265.34961052088613,259.70983610714705,263.1864174502178,37827700
2022-06-01,263.0801696777344,268.1694785962378,260.7817625947678,265.76485697863757,25292200
2022-06-02,265.16607666015625,265.2336837998182,252.63111175251524,255.38340607068776,44008200
2022-06-03,260.76239013671875,264.0748154478667,259.2076029156242,261.04245577782234,28059000
2022-06-06,259.5359802246094,264.77980709613064,258.0584370323219,262.732495427998,22400300
2022-06-07,263.1573791503906,263.76578441208926,256.8222901054273,257.49830250093424,22860700
2022-06-08,261.1390380859375,263.64023679590827,260.36644828068603,262.3944559964506,17372300
2022-06-09,255.7117156982422,263.36016296929256,255.55719774199142,258.5991944855066,26439700
2022-06-10,244.31631469726562,251.6460754214227,243.8720791834992,251.6460754214227,31422800
2022-06-13,233.9541778564453,240.48242256411086,233.24920982974828,236.70647229198008,46135800
2022-06-14,236.10765075683594,237.3147944306672,233.229809628761,235.49924562982,28651500
2022-06-15,243.12843322753906,246.5470730031909,237.9715180249655,239.79671901174797,33111700
2022-06-16,236.57125854492188,238.9372578860195,234.6881168136664,237.5466256119709,33169200
2022-06-17,239.1593475341797,241.9116415660145,235.6634634572943,236.31049083013178,43084800
2022-06-21,245.0405731201172,246.0159401392919,240.95558733169304,241.67987371090587,29928300
2022-06-22,244.4514923095703,248.35298995386094,241.7861089374633,243.254000161548,25939900
2022-06-23,249.98500061035156,250.47752474998597,244.93432941875366,246.8078191002136,25861400
2022-06-24,258.5220642089844,258.7924633838034,252.74707461734272,252.833985480181,33923200
2022-06-27,255.8083038330078,259.1013666061605,254.2534870945373,259.0144557779908,24615100
2022-06-28,247.68663024902344,257.7590321077553,247.53211228973697,254.92949381458487,27295500
2022-06-29,251.3370361328125,252.9884007989355,246.99130319168566,248.75856369685934,20069800
2022-06-30,248.02462768554688,250.63207057542505,244.22937393334024,248.23708621339836,31730900
2022-07-01,250.68035888671875,250.86384714723536,245.88076751202806,247.59975426359935,22837700
2022-07-05,253.8381805419922,253.9637282009171,246.0062317068251,247.3775451677656,22941000
2022-07-06,257.0830078125,258.8019795069243,253.40363564931488,254.70735692498906,23824400
2022-07-07,259.1980285644531,259.8354043168909,255.93390553134637,256.0304829734668,20859900
2022-07-08,258.4833068847656,258.9082238859461,254.2631366183598,255.71170926657888,19658800
2022-07-11,255.44134521484375,257.3920793720454,253.1912122224075,256.5422452532518,19455200
2022-07-12,244.9729766845703,256.82230649201273,243.39885616958918,256.76436593684815,35868500
2022-07-13,244.0555877685547,244.85713328829425,239.603639354744,241.61232907849245,29497400
2022-07-14,245.3689422607422,246.39259810880876,237.5080204020861,241.97928690307253,25102800
2022-07-15,247.91844177246094,251.44329684800084,246.0352998179171,246.95272643826956,29774100
2022-07-18,245.53309631347656,251.89715611893087,244.6156697955208,250.84453005870418,20975000
2022-07-19,250.632080078125,250.81556833510322,244.98263991671732,248.74892353389214,25012600
2022-07-20,253.27810668945312,255.78897202237206,250.03331786878604,250.98936645500257,22788300
2022-07-21,255.76002502441406,255.80832847001912,248.21779122798213,250.8831747670427,22404700
2022-07-22,251.43362426757812,256.23323054289847,250.1878727355114,256.1463197014491,21881300
2022-07-25,249.9560546875,252.53452726402583,248.0053205741304,252.05166965931448,21056000
2022-07-26,243.26368713378906,250.97010612123876,241.0135833692988,250.95077295289985,39348000
2022-07-27,259.5262756347656,260.79136010238045,249.97536828625238,252.2061678876976,45994000
2022-07-28,266.933349609375,268.31431531179504,258.68613331334205,260.5016826567174,33459300
2022-07-29,271.11480712890625,272.3316174034338,267.1457328087097,268.17905488402175,32152800
2022-08-01,268.478515625,271.63639399506593,266.38290049065427,268.2950273632756,21539600
2022-08-02,265.3978271484375,268.362579537139,263.04147997964446,266.53736387741355,22754200
2022-08-03,272.78558349609375,273.7802690088794,267.12647689627147,267.2713577584934,23518900
2022-08-04,273.9251403808594,274.0699917823572,270.5644699809408,272.1385611722735,18098700
2022-08-05,273.21051025390625,273.9251301220604,269.1255240569013,269.5794114121241,16774600
2022-08-08,270.7092590332031,276.11726939013334,269.74354395058293,274.3113574297538,18739200
2022-08-09,272.6214294433594,273.37468623177955,268.0922221285978,270.0526525666318,23405200
2022-08-10,279.24615478515625,279.87386364505505,277.1022662921124,278.2901063596378,24687800
2022-08-11,277.17962646484375,281.22597639185335,276.68713164605356,280.8783329903544,20065900
2022-08-12,281.90191650390625,281.90191650390625,277.10231096943915,278.58952057102715,22619700
2022-08-15,283.4084777832031,284.09412741241835,280.1636589641089,281.02315975011504,18085700
2022-08-16,282.6745300292969,283.95894794046416,280.46306311134526,281.9792138029151,18102900
2022-08-17,281.9292907714844,283.8938524278254,280.1389197170631,280.4002056199427,18253400
2022-08-18,280.8163757324219,282.50027733774294,279.76148592010856,280.8357203997343,17186200
2022-08-19,276.9259338378906,279.9260110820991,276.35495606289055,279.58728744368415,20570000
2022-08-22,268.7967834472656,273.3549492553272,268.2838690742468,272.98719375507784,25061100
2022-08-23,267.5289611816406,269.87093596211275,266.52247730381634,267.5289611816406,17527400
2022-08-24,266.89990234375,268.29348622669727,266.24179973569437,266.53214693938304,18137000
2022-08-25,269.8612976074219,270.0258011315452,265.67085828538086,268.39027578883355,16583400
2022-08-26,259.4480895996094,271.3032096749944,259.34164963640063,270.08381644498274,27549300
2022-08-29,256.68035888671875,258.78039270297364,255.34483826720634,257.28036854850586,20338500
2022-08-30,254.4931640625,258.44163228050394,252.25762926790654,258.07390638773194,22767100
2022-08-31,253.0415496826172,258.49972965735697,252.9060483881915,256.835201986513,24791800
2022-09-01,252.00604248046875,252.48026749324697,247.17690376904113,250.52536296277327,23263400
2022-09-02,247.805908203125,256.20610147316614,246.26716536821394,253.26411708214042,22855400
2022-09-06,245.08648681640625,249.51883753175827,243.8187170261839,247.9414053865417,21328200
2022-09-07,249.77044677734375,250.4865833733889,245.0574363023817,246.48972426139284,24126700
2022-09-08,250.1865997314453,252.03503444444726,246.57684037919475,249.20917715444372,20319900
2022-09-09,255.9351043701172,256.68030226569743,251.8995411627663,252.10276352799647,22084700
2022-09-12,258.05450439453125,258.82873403398463,256.6125441459456,257.2125536578714,18747700
2022-09-13,243.8671112060547,252.00600375133774,243.47999634028216,250.49629269213037,33353300
2022-09-14,244.08970642089844,246.03490888980133,241.80578027171973,245.3574762961727,23913000
2022-09-15,237.47023010253906,243.2961659891006,236.1540688365304,241.71871875061655,31530900
2022-09-16,236.85081481933594,237.3927608644155,234.25719690326952,236.38627698047728,39791800
2022-09-19,236.6378936767578,237.23790323040416,233.0861980227324,234.65397254260654,26826900
2022-09-20,234.63462829589844,235.66045686379198,231.91521092748422,234.26688762643548,26660300
2022-09-21,231.24746704101562,239.67670753574686,231.19907583276708,236.3959844466539,28625600
2022-09-22,233.21202087402344,235.99918898239684,229.91195323025747,230.20227093577722,31061200
2022-09-23,230.25067138671875,233.35720386281167,227.61834912688556,231.81844612716222,34176000
2022-09-26,229.79579162597656,233.6668515472966,229.26351793341072,229.40869154061323,27694200
2022-09-27,228.7893524169922,234.00560575138226,226.94091751914982,232.24426616908045,27018700
2022-09-28,233.2991485595703,234.51852731554808,227.16350637089323,229.1764596269769,29029700
2022-09-29,229.8441925048828,232.21521385312766,226.853802133828,231.18938529349765,27484200
2022-09-30,225.39248657226562,232.78621136819163,225.2279682767935,230.608739886535,35694800
2022-10-03,232.97975158691406,233.82170241211634,227.0957386105692,227.8215623611014,28880400
2022-10-04,240.85736083984375,242.2896489224366,237.08306843402076,237.18952317598578,34888400
2022-10-05,241.1670379638672,242.5025584054372,236.23144526431753,238.06052054576585,20347100
2022-10-06,238.834716796875,242.27028548507374,238.1476119193884,239.9379683013216,20239900
2022-10-07,226.68927001953125,233.54104772265964,225.65375442204814,233.13457344372063,37769600
2022-10-10,221.8601531982422,226.99898360972267,219.4213809672786,225.53766359831536,29743600
2022-10-11,218.14389038085938,221.6762263708762,216.88579305327787,220.2826425475195,30474000
2022-10-12,218.4729766845703,220.51496168634117,216.74068361052014,218.13425298449135,21903900
2022-10-13,226.68927001953125,228.4893134395643,212.06634085274027,212.76313280674802,42551800
2022-10-14,221.19239807128906,229.59260716664147,220.97948855910087,227.9473946148374,30198600
2022-10-17,229.87322998046875,231.25714167375685,227.5602721133645,228.21836002283007,28142300
2022-10-18,230.81198120117188,236.0669387164965,227.782871649091,235.3991931876777,26329600
2022-10-19,228.85707092285156,231.88618020226818,226.7376631373762,229.39901697875123,19985700
2022-10-20,228.53768920898438,233.5313599425322,227.29895124255845,228.16994856599382,21811000
2022-10-21,234.3152618408203,235.16689978355862,226.9408971162325,227.17316603704901,26299700
2022-10-24,239.27992248535156,239.850900353894,233.52172305739012,235.90241694894004,24911200
2022-10-25,242.57998657226562,242.9477272430807,237.90567969361152,239.28957660185964,34775500
2022-10-26,223.86341857910156,230.61841449713438,222.64402516459023,223.71824496136685,82543200
2022-10-27,219.4407196044922,226.15701124638468,218.50198634809382,223.5924250678105,40424600
2022-10-28,228.2667236328125,228.97320270821285,218.76327910286216,218.94715681380413,40647700
2022-10-31,224.64730834960938,227.3473663725247,223.69888795758465,226.22475535763192,28357300
2022-11-01,220.81495666503906,228.14094541319034,220.00203754140927,227.0376938120004,30592300
2022-11-02,213.00511169433594,223.84407823127708,212.94703338213586,222.0633939304996,38407000
2022-11-03,207.34364318847656,213.30507890075714,207.08234251389777,212.9953870246754,36633900
2022-11-04,214.2534942626953,214.447044310669,206.5500783111964,210.5372801806807,36789100
2022-11-07,220.5246124267578,221.04721381188003,214.14704442988435,214.83416409790135,33498000
2022-11-08,221.4923858642578,224.18277156558537,218.56005889650208,221.3278675751174,28192500
2022-11-09,217.27288818359375,221.26008953603755,217.09869759308222,220.0406963347761,27852900
2022-11-10,235.14755249023438,235.48627617138314,227.42479136911933,227.84092326094827,46268000
2022-11-11,239.14439392089844,239.99603178997629,234.13136387371884,235.15720711007216,34620200
2022-11-14,233.76361083984375,236.04753655828725,231.49904455383083,234.18942975179561,31123300
2022-11-15,234.1701202392578,239.03797746539766,232.2926536001012,237.74117578758222,31390100
2022-11-16,234.59707641601562,236.60600238715912,233.3257339976564,235.62579578328229,24093300
2022-11-17,234.54855346679688,236.07223336578542,230.6180718084606,230.7636397185708,23123500
2022-11-18,234.10215759277344,236.547802374884,231.97677705188883,236.32457848011174,27613500
2022-11-21,234.9076690673828,237.45035420758848,234.0730450796648,234.30595375905,26394700
2022-11-22,237.7997589111328,238.0714956068187,233.60723931445074,236.4022474427257,19665700
2022-11-23,240.27447509765625,240.95381671678922,237.0621480919058,237.87735803486538,19508500
2022-11-25,240.18714904785156,241.36143645953254,239.44956540890726,240.01245273021934,9200800
2022-11-28,234.62623596191406,239.37194317865058,233.69457155598104,238.81877021422886,24778200
2022-11-29,233.23841857910156,235.62582136830417,231.1809796211648,234.27683765009397,17956300
2022-11-30,247.6114044189453,247.79580032500542,232.78228328422537,233.47133933183883,47594200
2022-12-01,247.17471313476562,248.56251016658027,243.51595261951238,246.37890225412923,26041500
2022-12-02,247.49496459960938,248.50427013338341,242.3222385687394,242.44840731366295,21528500
2022-12-05,242.8171844482422,246.33037684588194,240.7403313992676,244.57377324279298,23435300
2022-12-06,237.8870849609375,244.42820886485632,236.58662873937655,243.41890331596056,22463700
2022-12-07,237.1592254638672,238.89641517033584,235.06297311301404,237.60565848816955,20481500
2022-12-08,240.09982299804688,241.4002941181583,235.88788937538192,237.61536472861388,22611800
2022-12-09,238.17822265625,240.9829448599812,236.95540766792848,237.47946700334126,20609700
2022-12-12,245.0590057373047,245.08811932166867,239.8765804009923,240.14831706074776,30665100
2022-12-13,249.33888244628906,256.13232821113195,245.60248135221084,253.96811982675712,42196900
2022-12-14,249.6300506591797,254.84158999041878,246.8059142850901,249.54270989920707,35410900
2022-12-15,241.66229248046875,246.6991500991899,240.04157204816326,246.2333179219407,35560400
2022-12-16,237.46978759765625,242.4678175315528,236.32459886583192,241.21588885198315,86102000
2022-12-19,233.35487365722656,237.9744265437408,231.6662265103739,237.6347483108368,29696400
2022-12-20,234.66506958007812,235.74231675615167,231.38480046926088,232.33587889229094,25150800
2022-12-21,237.2174530029297,238.37234134182555,233.02493348625407,234.55831327324242,23690600
2022-12-22,231.1615753173828,234.84944921071,226.96904125544336,234.14097913275145,28651700
2022-12-23,231.6856231689453,231.82149149891836,227.03697155694044,229.1429380757911,21207000
2022-12-27,229.9678497314453,231.87970583722927,228.87118875185556,231.65649676645367,16688600
2022-12-28,227.60960388183594,232.64646230499181,227.26022599096558,229.89996676453268,17457100
2022-12-29,233.89834594726562,234.7814975020751,228.69650658121392,228.69650658121392,19770700
2022-12-30,232.74349975585938,232.87936810259998,229.67674014824095,231.18100636407286,21938500
2023-01-03,232.5105438232422,238.4984794551215,230.39486293780934,235.90726682667218,25740000
2023-01-04,222.3397979736328,225.99854338319813,219.2924526600918,225.4259564644858,50623400
2023-01-05,215.75015258789062,220.83553784778456,215.21637883212745,220.4958596008794,39585600
2023-01-06,218.2928466796875,219.09835714227594,212.87751216247153,216.4198034707522,43613600
2023-01-09,220.418212890625,224.41665135349578,219.7291716302323,219.76798480761224,27369800
2023-01-10,222.09718322753906,224.48458614807703,220.62203068917864,221.0393352972296,27033900
2023-01-11,228.81297302246094,228.98765452783252,224.29047536414728,224.46515686951886,28669300
2023-01-12,231.47210693359375,232.82109060207105,226.6681731391479,228.31800704319014,27269500
2023-01-13,232.1708984375,232.3067667845128,227.98807845959973,230.00670447846073,21333300
2023-01-17,233.25784301757812,233.80131636600996,230.09402846864725,230.94806647820474,29831300
2023-01-18,228.85179138183594,235.22793302598163,228.57035512507287,234.4418366169308,30028700
2023-01-19,225.0862579345703,228.57033632786354,223.8731426355433,226.88167450054485,28623000
2023-01-20,233.13168334960938,233.63634353931783,227.59016528126836,227.92984354153225,35389800
2023-01-23,235.42201232910156,237.93558370839386,232.5784623295547,233.98568794215404,31934000
2023-01-24,234.89796447753906,236.75160844059997,233.3451855854794,235.34439747923588,40234400
2023-01-25,233.5101776123047,236.12080454500452,224.0866898660757,227.56105444486033,66526600
2023-01-26,240.6820831298828,240.98293336442927,234.85912950577273,236.46043582898827,33454500
2023-01-27,240.83738708496094,242.458107545592,239.5466304719591,241.64289751902396,26498900
2023-01-30,235.54818725585938,238.35290934630353,235.0532267167277,237.2950615090347,25867400
2023-01-31,240.4977264404297,240.63359478813643,235.78113264355397,236.26637885801222,26541100
2023-02-01,245.2919464111328,247.65023576111176,238.2267631452796,240.6821076556318,31259900
2023-02-02,256.792236328125,256.87957707013254,249.65911289346886,251.1827927216543,39940400
2023-02-03,250.72669982910156,256.40408589321055,249.51358441442338,251.88158807324123,29077300
2023-02-06,249.19334411621094,250.67819643003182,247.26207355313863,249.84358711112344,22518000
2023-02-07,259.6648864746094,260.83917372488975,252.40559427354566,252.8423276033304,50841400
2023-02-08,258.8594055175781,268.5934414880708,258.354730598475,265.1384914873045,54686000
2023-02-09,255.84121704101562,265.8955343068472,255.045406117351,265.72082315542565,42375100
2023-02-10,255.33656311035156,256.29734113427406,252.96855922241394,253.81288289399168,25818500
2023-02-13,263.3139953613281,266.49720913120274,259.26702917112374,259.742590569191,44630900
2023-02-14,264.1389465332031,266.85631358119707,261.3342091005598,264.624192764422,37047900
2023-02-15,262.0277099609375,263.39953537520864,258.9727165508735,261.05478666212923,28922400
2023-02-16,255.05178833007812,259.5175018592182,254.80855755164183,256.8711498021807,29603600
2023-02-17,251.07257080078125,253.04760380497552,249.068351286821,252.36657534668234,30000100
2023-02-21,245.8284912109375,248.5721416274502,244.77773242454728,247.58947974202172,28397400
2023-02-22,244.6999053955078,247.45327979594094,243.56158704829775,247.21004899921323,22491100
2023-02-23,247.87164306640625,249.88558633204974,243.69779430491118,248.64024584758673,29219100
2023-02-24,242.47193908691406,244.20374132379087,241.3822697726449,243.19190765277392,24990900
2023-02-27,243.38641357421875,245.97439223562597,242.63725873104798,245.62413937283682,21190000
2023-02-28,242.66648864746094,244.68044668021838,241.99516930320846,242.3259744546454,22491000
2023-03-01,239.601806640625,244.13561758385552,239.13479280403806,243.97022241717565,27565300
2023-03-02,244.3107147216797,244.5928558822364,238.95963779243274,239.87418786109544,24808200
2023-03-03,248.37754821777344,248.69861464364337,244.58315381318207,245.3614953141732,30760100
2023-03-06,249.91477966308594,253.07678008876618,249.0488786018787,249.48669107630843,24109800
2023-03-07,247.26841735839844,250.71257368875254,246.5290010946981,249.36019623261095,21473200
2023-03-08,246.83059692382812,247.64784879607657,244.0188496513126,247.16138722750551,17340200
2023-03-09,245.4879913330078,252.53194586818475,244.76802281359187,248.8932225660645,26653400
2023-03-10,241.8589630126953,245.9452372856859,240.89577859254197,244.2815470078051,28333900
2023-03-13,247.04464721679688,250.92661597294014,239.0764041542882,240.7011840514009,33339700
2023-03-14,253.72862243652344,254.0010397156642,248.93210385508328,249.79800481641536,33620300
2023-03-15,258.252685546875,259.2645337884642,252.19136451987217,252.94053423822598,46028000
2023-03-16,268.7213134765625,269.07155146435696,256.1511367025181,258.02887075000007,54768800
2023-03-17,271.8639221191406,275.65831665347815,268.8381452248547,270.7256186044692,69527400
2023-03-20,264.85888671875,269.96673338942173,262.5433248107774,269.4802718017387,43466600
2023-03-21,266.3669128417969,267.5538803349331,262.2222505034053,267.4371343013886,34558700
2023-03-22,264.9172668457031,273.43034485869043,264.81022985408475,265.9971973475459,34873300
2023-03-23,270.1418151855469,273.4497475874127,267.7484328177196,270.4142324494357,36610900
2023-03-24,272.9730529785156,273.03142599171395,267.8262812456373,269.7332022897182,28172000
2023-03-27,268.89654541015625,273.83898269172226,268.059815935794,272.90498464073,26840200
2023-03-28,267.7776184082031,268.66298193563654,264.68370058234905,268.32245293412296,21878600
2023-03-29,272.91473388671875,273.5276803376628,270.8715889473267,271.4066849044529,25087000
2023-03-30,276.3587951660156,276.7576972006701,273.8584053599599,276.53394388967973,25053400
2023-03-31,280.4937438964844,281.4374805787577,275.33726286422353,276.04750748202,32766000
2023-04-03,279.45269775390625,280.46451634607917,276.26151134425334,278.7619010121522,24883300
2023-04-04,279.4040832519531,282.5855611844231,277.93498937950386,279.4527472277195,25824300
2023-04-05,276.6410217285156,279.3749339662447,275.259487198861,278.11014548796777,22064800
2023-04-06,283.7043762207031,284.1713602969535,274.3934952141327,275.54153732325625,29770300
2023-04-10,281.55426025390625,281.75856581319096,277.00095709388467,281.3791115118309,23103000
2023-04-11,275.1717834472656,278.2365144767618,274.01403245876395,278.0127315105797,27276600
2023-04-12,275.8139953613281,279.23870411334195,274.32542401576865,277.0788133677007,27403400
2023-04-13,281.99200439453125,282.0503774003979,275.50262448189994,275.9112355229667,24222700
2023-04-14,278.3922424316406,280.66887902365164,276.00856885442937,279.22894208294247,20987900
2023-04-17,280.98016357421875,283.7043659155023,278.41166217437114,282.0795713658837,23836200
2023-04-18,280.5618896484375,283.86011391519935,279.23872820102855,283.67525611133146,20161800
2023-04-19,280.63970947265625,281.2234396408052,276.8355761901663,278.2462970182061,17150300
2023-04-20,278.36309814453125,281.20404752058676,277.3609882358615,277.526398277081,23244400
2023-04-21,278.0224914550781,278.5186620047946,275.3955874268566,277.2927991907115,21676400
2023-04-24,274.14056396484375,277.234482358,271.173160031667,274.45190651995864,26611000
2023-04-25,267.9625549316406,273.97521394741574,267.9138909506877,271.9418077634244,45772200
2023-04-26,287.37225341796875,291.45854177585926,284.80375221197545,288.6662575975103,64599200
2023-04-27,296.5761413574219,296.936147852177,287.2555509397699,287.9560567732343,46462600
2023-04-28,298.94036865234375,300.56513364270495,295.0973104351293,295.7783684985938,36469600
2023-05-01,297.2864074707031,300.24410228095644,296.8875053999733,298.6582327311371,21294100
2023-05-02,297.14044189453125,300.8083512230657,295.6810572722288,299.42681707438953,26404400
2023-05-03,296.1578369140625,300.2538355598004,295.856233076209,298.31772775720617,22360800
2023-05-04,297.14044189453125,299.42681707438953,295.1848569994441,297.9479549880525,22519900
2023-05-05,302.2386169433594,303.52288282414327,296.03136154416666,297.44211220444237,28197100
2023-05-08,300.29266357421875,301.80071196646674,297.8019831892665,301.7326002338405,21318600
2023-05-09,298.6874084472656,301.6451031506541,298.0160890953245,299.66033160181695,21340800
2023-05-10,303.8536071777344,304.5249264836218,299.33925948976275,300.26351860842567,30078000
2023-05-11,301.71319580078125,302.695857722587,297.9674652772338,301.7034867589505,31680200
2023-05-12,300.6040954589844,302.23859938067807,298.2982721245842,302.14130111816417,19774700
2023-05-15,301.0807800292969,301.50886857686805,299.26141854774806,300.73054195833356,16336500
2023-05-16,303.2990417480469,305.2157014683238,301.4407550392499,301.4407550392499,26730300
2023-05-17,306.16571044921875,306.5849748220485,302.98703781876026,304.49838322404014,24315000
2023-05-18,310.57293701171875,311.07998209113083,305.89270858681226,306.68249676156313,27276000
2023-05-19,310.3974914550781,310.79726562631066,308.47664128198,308.8374051116803,27546700
2023-05-22,313.16656494140625,314.5413890695808,310.0756729757329,310.65094892902596,24115700
2023-05-23,307.3942565917969,314.66812088311536,307.38449657033,312.0452341385488,30797200
2023-05-24,306.0195007324219,308.6033777226254,304.8104182916671,306.8775496399996,23384900
2023-05-25,317.7882995605469,318.7438294879401,312.0159906409768,315.1751430242443,43301700
2023-05-26,324.5843811035156,325.0816363269195,315.7991718307155,315.9356633458704,36630600
2023-05-30,322.9463195800781,327.3632951279749,322.2735326633113,326.866039835357,29503100
2023-05-31,320.1966857910156,327.5583014347169,319.16310540886235,323.9993748636306,45950600
2023-06-01,324.2821044921875,325.2084138620462,316.61822604492374,317.7980281716673,26773900
2023-06-02,327.0317687988281,329.0793797798021,324.25287030723234,325.9104672337744,25873800
2023-06-05,327.5582275390625,330.1128532177851,326.31016500303934,326.8561905027896,21307100
2023-06-06,325.3546447753906,327.0024814933911,323.8823396547661,326.9634711655118,20396200
2023-06-07,315.31170654296875,326.14449888626166,314.45365769277373,323.37536016910263,40717100
2023-06-08,317.1447448730469,318.49031851672504,315.2823959646681,315.8576718437754,23277700
2023-06-09,318.6365661621094,321.7567079982965,316.3159426317722,316.8814584828526,22529000
2023-06-12,323.5703430175781,323.81410551348466,317.0472562466259,320.3819105271756,24260300
2023-06-13,325.9494934082031,328.5723804542734,322.1468041193806,326.12499527780267,22951300
2023-06-14,328.92333984375,330.5809366273575,324.5063648507166,325.99819005349843,26003800
2023-06-15,339.4149169921875,341.1114945004108,328.78687775426107,329.0598905688736,38899100
2023-06-16,333.7889099121094,342.70088270371474,333.4184158445692,342.55463113018976,46552000
2023-06-20,329.61566162109375,333.54511218147553,327.48029960440283,330.84423422142726,26375400
2023-06-21,325.2376403808594,329.3036115330344,323.78482556024073,327.97752820350655,25117800
2023-06-22,331.2342224121094,331.63399647710884,325.0231587622799,325.7836965611128,23556800
2023-06-23,326.66119384765625,329.52784282060935,325.1303881799699,326.01765736840554,23146900
2023-06-26,320.40142822265625,327.7240333118318,320.29415725203825,325.39367934124914,21520600
2023-06-27,326.2225036621094,327.7630696544983,321.08397083431,323.5800965917035,24354100
2023-06-28,327.4705810546875,329.5474425224492,325.48147052492266,326.31026905867196,20259500
2023-06-29,326.6905212402344,327.7240719566855,324.3211566594738,326.35900777987905,16997000
2023-06-30,332.04351806640625,334.17887983586667,328.78685480648323,329.32312037613315,26832800
2023-07-03,329.5571594238281,332.394558661991,328.1726050055835,330.727231395335,12508700
2023-07-05,329.7131652832031,333.12584042536054,326.3785108077479,326.7295145394102,18172400
2023-07-06,332.7552490234375,334.43233594271175,327.12922214467216,328.8842999586327,28161200
2023-07-07,328.8063659667969,333.26235165945616,328.5918537740865,330.8539769415479,21214800
2023-07-10,323.5508117675781,326.86600540201454,319.4166095021663,326.25171917261997,32791400
2023-07-11,324.17486572265625,324.55511973893175,318.84134117994995,322.800041689948,26698200
2023-07-12,328.7868347167969,333.12578887236407,327.29500957576835,328.2017988317313,29995300
2023-07-13,334.110595703125,335.1636364816071,330.5613998542952,331.08793512161674,20567200
2023-07-14,336.6262512207031,342.66181307865304,335.71946186556954,338.9176246633776,28352700
2023-07-17,337.10406494140625,338.33260777182664,333.66213945063294,337.0552945851425,20363900
2023-07-18,350.520751953125,357.6288755346599,333.63290678637566,337.2015639773949,64738600
2023-07-19,346.2207336425781,353.4166072525743,343.64661716979606,352.72433009882633,39732900
2023-07-20,338.2155456542969,349.03860522679815,336.75297084061185,344.74839172455427,33778400
2023-07-21,335.1929016113281,341.55997642385313,331.35120253084744,340.4386749626526,69405400
2023-07-24,336.49945068359375,338.26431834667585,333.7693229149204,337.2210078308696,26678100
2023-07-25,342.2230529785156,343.11035203179654,336.46050402116185,338.4495845575855,41637700
2023-07-26,329.3426513671875,336.0705206538034,324.79891447113727,332.92109821610006,58383700
2023-07-27,322.46856689453125,332.81383406452954,320.84022015182325,331.9850652931189,39635300
2023-07-28,329.9276428222656,331.52673900384514,324.85740099740747,325.3449259664994,28484900
2023-07-31,327.538818359375,329.2744062182313,325.0426629130829,328.51386838696095,25446000
2023-08-01,327.9483642578125,330.0934864927497,325.374247332057,326.82706253525544,18311900
2023-08-02,319.328857421875,325.3059183538415,318.2172862001048,325.3059183538415,27761300
2023-08-03,318.50982666015625,321.64948875271074,317.8175495134228,317.86629010944046,18253700
2023-08-04,319.601806640625,326.7781882912481,319.0752714426228,323.59951657656126,23741500
2023-08-07,321.87371826171875,322.84876819218033,319.3483425125627,320.1771409046875,17741500
2023-08-08,317.9150390625,320.54768595225426,314.9411484793251,318.80233812895545,22327600
2023-08-09,314.1903991699219,318.9486185830014,313.0398174565163,318.324602002666,22373300
2023-08-10,314.8728942871094,320.0699275319088,313.16655676040074,317.8857952635295,20113700
2023-08-11,313.0008544921875,314.3659187348988,311.2457463891283,312.2695668882884,24355500
2023-08-14,315.9552307128906,315.97472100192863,312.09401103937836,313.3713539974467,18836100
2023-08-15,313.8295593261719,316.97898134379494,312.8935197157339,314.9411305404492,16966300
2023-08-16,313.0675048828125,316.9955245713373,312.48123017207456,313.4583447502476,20698900
2023-08-17,309.62799072265625,314.50378164094593,308.9733110073384,313.2042327148122,21257200
2023-08-18,309.2371520996094,311.0936633520083,304.4199558180871,307.29267431715726,24755000
2023-08-21,314.51361083984375,315.383227213463,309.7843803763491,310.65399674996837,24040000
2023-08-22,315.080322265625,318.61747186045255,314.1032077999083,318.0507585907704,16084600
2023-08-23,319.5163879394531,321.66605140677217,316.0573948399172,316.40917150691627,21166400
2023-08-24,312.6473083496094,325.35957674760573,312.6375276630827,325.23254709942444,23281400
2023-08-25,315.5884094238281,317.91391657239774,311.5040487015702,314.11295718549064,21684100
2023-08-28,316.2919616699219,318.68587419815776,314.3572643100924,318.20709765634393,14808500
2023-08-29,320.8941955566406,321.45115801127633,314.51363868595456,314.51363868595456,19284600
2023-08-30,321.2654724121094,322.262118428765,318.97902814860515,321.14822344769897,15222100
2023-08-31,320.25909423828125,323.3369992971247,319.3015111852131,321.6661416627534,26411000
2023-09-01,321.138427734375,324.3922056211829,319.3014478601216,323.7277749745022,14942000
2023-09-05,325.9165344238281,327.18680118433525,321.13845995330405,321.47067530997464,18553900
2023-09-06,325.2618103027344,326.80563776371406,322.62358978658284,325.75036744875047,17535800
2023-09-07,322.3597717285156,325.45720725929107,321.49990640162497,323.7081941893977,18381000
2023-09-08,326.6199951171875,328.4667555070914,321.92007759322064,322.53566438985524,19530100
2023-09-11,330.2060546875,330.67508035139593,327.7534879124914,329.5220626550476,16583300
2023-09-12,324.17724609375,329.08237965274225,323.8939043767627,328.1345774558951,17565500
2023-09-13,328.3690490722656,329.1409777651763,323.59097536312447,323.7277558674077,16544400
2023-09-14,330.9486389160156,333.05917964974554,328.86738060055865,331.388322477558,20267000
2023-09-15,322.66278076171875,329.67845635390665,322.1058182894061,329.20946043547144,37679800
2023-09-18,321.5293273925781,322.83865737625007,318.8911060489949,320.29815345634984,16834200
2023-09-19,321.1286315917969,321.8517165023023,317.0833936077872,318.7054070395551,16505900
2023-09-20,313.4289855957031,322.04714204193704,313.1749561204339,321.96898600781554,21436500
2023-09-21,312.2173767089844,317.9041899225686,307.79104947595397,311.95356654433346,35560400
2023-09-22,309.75506591796875,314.09345652566765,308.9147319725734,313.96642687422224,21447900
2023-09-25,310.27288818359375,310.3999178157117,307.7910094721355,309.34461765593346,17836000
2023-09-26,304.99652099609375,308.650919524038,302.92501329864484,307.918083681108,26297600
2023-09-27,305.63165283203125,307.10707545013054,302.60259191792346,305.15284644995364,19410100
2023-09-28,306.462158203125,308.26004502387354,302.36804670236813,303.87278132742597,19683600
2023-09-29,308.52386474609375,312.1587314237549,307.77149741019485,310.4780935014134,24147300
2023-10-02,314.4353942871094,314.523360821819,307.96690188868587,309.04173366618016,20570000
2023-10-03,306.2178649902344,314.03477939534076,304.0877331522798,313.4875679533543,21033500
2023-10-04,311.660400390625,312.71570064039577,306.8139213204077,306.84323355961436,20720100
2023-10-05,312.05126953125,312.6571055637684,307.6933472507753,311.78745935358154,16965600
2023-10-06,319.7704162597656,321.6562395895237,309.06122270164514,309.305501262054,25673600
2023-10-09,322.27191162109375,322.7409074969346,315.7838570263933,317.3179339483483,19891200
2023-10-10,320.8746032714844,323.52257487302114,320.1710797301385,323.38576454759857,20557100
2023-10-11,324.8124694824219,325.2033093838926,321.6075345796852,323.6301392700687,20063200
2023-10-12,323.5812072753906,325.99468102864705,321.1970457612764,323.00471335948436,19313100
2023-10-13,320.22967529296875,326.1900485749301,318.89100367469473,324.7732507534645,21072400
2023-10-16,325.0273132324219,328.4472132631376,323.03399172229655,323.47367526332005,22158000
2023-10-17,324.4606628417969,325.82861728065586,319.9170860395432,322.04718865285014,18338500
2023-10-18,322.5552062988281,327.909803713785,320.78663169696983,324.88074324116036,23153600
2023-10-19,323.7375183105469,329.1702714544596,323.336897867666,324.54851006231695,25052100
2023-10-20,319.1940002441406,324.3238512632102,318.0019193859901,324.12841643957864,25027700
2023-10-23,321.7833251953125,325.1152889172781,316.96615830256553,318.0214287466955,24374700
2023-10-24,322.9656066894531,324.24562410946174,320.1026687848026,323.7179740081932,31153600
2023-10-25,332.8735656738281,338.2770069491987,329.8933489527061,337.1239893295993,55053800
2023-10-26,320.38604736328125,333.8115893601042,319.45777677753637,332.7465382675552,37828500
2023-10-27,322.2620849609375,329.0139487725961,320.8843501338627,322.867891093588,29856500
2023-10-30,329.5904541015625,331.6814932194884,324.23585648353105,325.77971392594014,22828100
2023-10-31,330.3721618652344,331.24180806391223,327.03044704898707,331.09524685603606,20265300
2023-11-01,338.1500244140625,339.4691349616439,331.8769361620282,332.01374650613616,28158800
2023-11-02,340.3485107421875,340.84681883225545,336.879736569886,339.29321044253436,24348100
2023-11-03,344.7259216308594,346.2795596471139,339.3811050850171,341.6284859220493,23637700
2023-11-06,348.37060546875,349.3575005821622,345.2633887474612,345.36110615399525,23828300
2023-11-07,352.279052734375,354.16487636600215,349.4454269438777,351.1749086935178,25833900
2023-11-08,354.88800048828125,355.54265050853274,352.2986231921823,353.40276735497133,26767800
2023-11-09,352.43536376953125,356.44153841470893,352.1128993476677,354.0085034994957,24847300
2023-11-10,361.2099304199219,361.63008249841977,352.8067397541227,353.2171111454846,28042100
2023-11-13,358.2882995605469,360.03734267871334,357.52615152445077,359.79306407971893,19986500
2023-11-14,361.796142578125,363.4377174527681,358.9429851939613,362.5192275200011,27683900
2023-11-15,361.94305419921875,365.3307238214912,359.4365366374243,363.51938712911283,26860100
2023-11-16,368.3071594238281,368.48338982170065,362.4423444484434,363.2060393855787,27182300
2023-11-17,362.1193542480469,366.5448658766205,359.3289193344965,365.8007419317548,40157000
2023-11-20,369.55059814453125,370.95070053235196,363.24520725093254,363.46060991672704,52465100
2023-11-21,365.27197265625,368.3561243217149,363.3627202596963,367.8176325584251,28423100
2023-11-22,369.9520568847656,371.8515087359404,367.13225084262217,370.0989155578587,23345300
2023-11-24,369.5408020019531,370.0695230751344,367.2986899991627,369.44288626548433,10176600
2023-11-27,370.69610595703125,372.68370265137486,368.33650717542696,368.9043706026068,22179200
2023-11-28,374.7006530761719,374.994370396148,370.25554172918464,370.4415726583984,20453100
2023-11-29,370.9311218261719,376.2671856758015,369.5505906614915,375.738494499301,28963400
2023-11-30,370.9898376464844,372.14516552640623,367.6217398530599,370.57860354905085,30554400
2023-12-01,366.68182373046875,370.2555237215733,363.5486996979007,368.88479316220673,33040500
2023-12-04,361.424072265625,361.7961042236622,355.31448343294096,361.3848999985792,32063300
2023-12-05,364.73345947265625,365.2817517868028,357.9776914107373,358.7903592232799,23065000
2023-12-06,361.09124755859375,366.3587983701644,360.3373530283443,365.73219133144767,21182100
2023-12-07,363.1962890625,363.68583789268007,358.66306211428184,360.5331422311326,23118900
2023-12-08,366.40771484375,366.6328881744278,360.53312909562084,361.4828549867559,20154400
2023-12-11,363.53887939453125,363.83262656393555,358.44759046804216,360.7778472321054,27708800
2023-12-12,366.5545959472656,366.5937682209635,362.7165198765075,363.09838231575895,24838300
2023-12-13,366.5447692871094,369.7464376106383,363.0200118977458,368.16027437565873,30955500
2023-12-14,358.2811279296875,365.9474778075548,356.5187644458724,365.50687199675934,43277500
2023-12-15,362.98089599609375,364.61597239957655,358.6238993402138,359.1819921925265,78502300
2023-12-18,364.8607482910156,365.20343845853677,360.9737292655857,361.7276536100702,21802900
2023-12-19,365.4579772949219,365.4579772949219,362.1094503782396,363.7249554315047,20603700
2023-12-20,362.8731384277344,368.1700598934919,362.785023231556,367.161590586535,26316700
2023-12-21,365.732177734375,366.58398798641923,362.3053356484184,364.7726511936181,17708000
2023-12-22,366.75042724609375,367.3378918803586,364.919519208394,365.8692452345427,17107500
2023-12-26,366.8287353515625,369.0610768362086,365.69297847275107,367.1616249726416,12673100
2023-12-27,366.2510681152344,367.2203652351963,365.01739550459973,365.87900622442777,14905400
2023-12-28,367.4356994628906,368.5910273130214,366.3391150709235,367.52381465013616,14327000
2023-12-29,368.17987060546875,369.2764551389083,365.67338313483896,368.140698335078,18730800
2024-01-02,363.1179504394531,368.04281055620135,359.10364399056556,366.04544293017665,25258600
2024-01-03,362.8535461425781,365.45794912599047,360.8072359155438,361.2967846745382,23083500
2024-01-04,360.24920654296875,365.30135421024977,359.49531207816057,362.92215399405467,20901500
2024-01-05,360.0631103515625,364.2830182415826,358.8392384604967,361.2576105124301,21004600
2024-01-08,366.8580627441406,367.35741205524755,361.2967958412056,361.58071261682426,23134000
2024-01-09,367.93505859375,368.13086016631314,363.43120410921466,364.23407123187167,20830000
2024-01-10,374.7691955566406,376.1399561660862,368.45403366179033,368.50297659226095,25514200
2024-01-11,376.59027099609375,382.5137988372754,372.42910667865823,377.9316297717882,27850800
2024-01-12,380.35003662109375,380.55563874578314,376.6098767088899,377.4323150873344,21661200
2024-01-16,382.1123962402344,385.79381264906647,379.5177936668549,385.43155133047776,27202300
2024-01-17,381.3291320800781,381.9557389879291,376.7665338147622,379.87028626114164,22234100
2024-01-18,385.63720703125,385.75469397471676,381.9655906494616,383.53215294829613,23392100
2024-01-19,390.3368835449219,390.3368835449219,385.27493541414515,387.4877057228784,29331100
2024-01-22,388.2220153808594,392.2460923450514,385.36303712070327,391.6586277842315,27016900
2024-01-23,390.5620422363281,391.03201985975426,385.6959257751216,387.47789064929606,20525900
2024-01-24,394.1454772949219,397.1513137154345,392.0795959641375,393.14680862672975,24867000
2024-01-25,396.4072265625,398.5025096949156,394.11614184479663,395.8687348533506,21021200
2024-01-26,395.4869079589844,397.680107020746,394.0182614789132,395.9177133168471,17803300
2024-01-29,401.1558837890625,401.41045873539736,395.8785331996652,397.57238286313674,24510200
2024-01-30,400.0494689941406,404.41623575131524,397.9542157503529,403.64277019124665,33477600
2024-01-31,389.2696533203125,406.6388669659615,388.9073919493629,398.4535945955144,47871100
2024-02-01,395.3401184082031,399.47191242306076,393.4014939588718,393.43086569842103,30657700
2024-02-02,402.6245422363281,404.02464472350925,395.12465055102524,395.36942496681314,28256700
2024-02-05,397.1710205078125,402.56585900047554,395.5457145582334,401.3321861988169,25352300
2024-02-06,397.0143127441406,399.44248577195293,394.48825385108364,397.39617518548,18382600
2024-02-07,405.39532470703125,405.64009909216526,398.8843320384044,398.92350430633786,22340500
2024-02-08,405.4540710449219,406.87377444064305,403.9071100669644,405.3953275824479,21225300
2024-02-09,411.75946044921875,412.02383590927224,406.4135962217608,406.57025541446654,22032800
2024-02-12,406.5800476074219,411.94548291897434,406.0806983084005,411.76925253567924,21202900
2024-02-13,397.82696533203125,401.4985815288795,394.9582163813525,396.4758057908408,27824900
2024-02-14,401.6720886230469,402.01541247950905,396.8460370500132,400.27921574475005,20401200
2024-02-15,398.79803466796875,401.3189759217452,396.5713838346197,400.34788638470263,21825500
2024-02-16,396.34576416015625,400.4950166150196,395.737605866878,400.17130014605374,22296500
2024-02-20,395.10003662109375,396.76756266074034,390.4112964520626,395.5414273661721,24307900
2024-02-21,394.501708984375,394.609624467944,389.63641199991355,392.5301035768011,18518900
2024-02-22,403.7908935546875,404.9483581581281,400.7697091781749,402.3587758261095,27009900
2024-02-23,402.505859375,407.92046175721333,401.162019956702,407.73411674298126,16295900
2024-02-26,399.75933837890625,404.2911294979053,399.5827521513917,403.60448178020243,16193500
2024-02-27,399.70050048828125,400.5244598178457,396.13979878680874,400.2007433350152,14835800
2024-02-28,399.9359130859375,401.48573495033145,397.58173927175767,400.38712249937714,13183100
2024-02-29,405.7429504394531,406.2922567290195,398.17033666477636,400.83840861479064,31947300
2024-03-01,407.5673828125,407.93031407980567,403.0355914321904,403.41813008815376,17823400
2024-03-04,406.9984436035156,409.38204334564557,404.4480762959748,405.54668869062186,17596000
2024-03-05,394.9626770019531,406.3412180011649,392.991071894389,406.0567462440755,26919200
2024-03-06,394.4133605957031,397.4247558475786,390.7840183450358,395.27656457076307,22344100
2024-03-07,401.3287658691406,401.95653150490796,394.5604758378121,398.3664041641416,18718500
2024-03-08,398.46453857421875,402.58436507476455,396.61060766849016,400.171309298901,18002200
2024-03-11,396.79705810546875,397.93491545001893,393.59931705374987,396.0515880717592,16120800
2024-03-12,407.35162353515625,407.63609534203414,399.023721117664,399.8378618870692,22457000
2024-03-13,407.17498779296875,410.1961717884516,403.5946789555971,410.11771230614136,17115900
2024-03-14,417.1017761230469,419.6521433696343,410.009799228429,412.21684262615895,34157300
2024-03-15,408.46978759765625,414.5317928189051,404.9090862008724,411.28498921650765,45079900
2024-03-18,409.3526306152344,412.69753127897746,405.8802070917239,406.34123515822085,20106000
2024-03-19,413.3644714355469,413.61951711173316,407.6163346060912,409.8528037978226,19837900
2024-03-20,417.1116027832031,417.8276466076136,412.62884514501485,413.94325853489937,17860100
2024-03-21,421.17254638671875,422.5948752417206,419.004747660182,421.6237557740876,21296200
2024-03-22,420.55462646484375,421.6532390012991,417.9356179957843,421.4963200117596,17648500
2024-03-25,414.7868347167969,419.2499850699005,413.5606994442316,417.12140106535213,18060500
2024-03-26,413.5998840332031,417.8570214885324,413.30562358453886,417.48427163026514,16725600
2024-03-27,413.3841247558594,416.34648660093063,411.0103437373624,416.33666794000516,16705000
2024-03-28,412.6877136230469,413.81575210575176,411.11825446083225,412.9231220201488,21871200
2024-04-01,416.4642333984375,419.7208560550212,414.15909296576694,415.85607505767865,16316000
2024-04-02,413.3939514160156,414.31600751259526,409.8626759328322,412.08932675524255,17912000
2024-04-03,412.4228210449219,415.17917040060684,411.0887704678448,411.7165660182198,16502300
2024-04-04,409.9018859863281,420.48589287991564,409.5978068668824,416.87612828288866,19370900
2024-04-05,417.39605712890625,418.36717662742586,410.33353586981326,411.9912731648726,16554800
2024-04-08,416.4837951660156,419.12244053087517,415.21841524840187,417.0527386666228,14272400
2024-04-09,418.14154052734375,419.5736580977935,413.57050478624086,418.29848942937065,12496900
2024-04-10,415.1792297363281,415.93451830181,411.68719880938414,414.1296507389469,16216600
2024-04-11,419.76007080078125,421.1725811111206,414.2964045264092,417.6903687099733,17966400
2024-04-12,413.8451843261719,417.06256218596104,411.75584496590756,415.9541310748391,19253800
2024-04-15,405.7429504394531,418.671315504876,405.53693812965497,418.4555144671929,20273500
2024-04-16,406.6649169921875,410.4119935798852,405.8311689524943,406.65512826574127,16765600
2024-04-17,403.9772033691406,410.88280503231437,402.49602250375233,409.2839199801292,15855500
2024-04-18,396.5517578125,404.02630364117994,396.23788993068626,402.7903496970384,21029900
2024-04-19,391.5000915527344,397.738683518828,390.1758594431205,396.31635459832717,30565800
2024-04-22,393.3049011230469,395.15883179011223,388.1943783333411,392.4416972104412,20286900
2024-04-23,399.78875732421875,400.4067342721825,395.3648518176367,396.5223162949651,15734500
2024-04-24,401.25030517578125,404.5952057239604,399.01383568119996,401.7407592748994,15065300
2024-04-25,391.4216003417969,392.2553782643455,380.62179192671005,386.5072408836068,40586500
2024-04-26,398.5626220703125,405.1150815807432,398.01331587991365,404.30094095620495,29694700
2024-04-29,394.5702819824219,398.56258512123486,391.5687056006696,397.5130062731547,19582100
2024-04-30,381.8969421386719,394.4820099813431,381.7400231834723,393.8247883748175,28781400
2024-05-01,387.39990234375,394.05045900742965,382.85829240714,385.11436938308555,23562500
2024-05-02,390.2445373535156,392.2946320183516,387.1154376190438,390.067981051651,17709400
2024-05-03,398.8961181640625,399.37675358596374,394.18774100881984,394.5997356096934,17446700
2024-05-06,405.6448059082031,406.02734455936377,398.61168058742396,400.9560656726651,16996600
2024-05-07,401.5249328613281,406.7531899905989,401.2797058272895,406.74337133005633,20018200
2024-05-08,402.7020568847656,404.3597941214035,398.9451617518151,400.3773092630151,11792300
2024-05-09,404.44805908203125,404.84041635842834,401.2895336143813,402.73146980472023,14689700
2024-05-10,406.8218688964844,407.44966453116945,403.93799631140473,405.0562460600837,13402300
2024-05-13,405.82135009765625,410.3629599472109,402.9767222457907,410.029454744504,15440200
2024-05-14,408.6071472167969,409.5193847249845,403.69278719697195,404.1538152820149,15109300
2024-05-15,415.7511901855469,416.46855556809163,410.0418362179186,410.66092785109674,22239500
2024-05-16,413.6974182128906,418.05070261448816,413.06852016596474,414.49338464088675,17530100
2024-05-17,412.9309387207031,415.59401656244523,410.78870878728935,415.2205942827064,15352200
2024-05-20,417.9720153808594,419.3772369114519,412.71468512121004,412.9308753558347,16272100
2024-05-21,421.60797119140625,425.46988664412265,417.49054998726376,419.43623228216074,21453300
2024-05-22,423.06231689453125,424.91959180983645,419.7310556819618,422.63977275649836,18073700
2024-05-23,419.60333251953125,426.08901063588814,418.0507151165833,425.4699189536125,17211700
2024-05-24,422.7085876464844,423.59299146281916,417.0581916118114,419.7900340603218,11855300
2024-05-28,422.8657531738281,423.3570918822038,419.2101919839553,422.1877033571548,15718000
2024-05-29,421.7357177734375,423.4750461602697,418.3159892619867,418.3159892619867,15517100
2024-05-30,407.48687744140625,416.95003623481153,407.0643033400361,416.95003623481153,28394500
2024-05-31,407.93890380859375,409.53083651523417,397.5028738526741,409.53083651523417,47995300
2024-06-03,406.3567810058594,409.21637607324783,401.83648858598,408.3319723384426,17484700
2024-06-04,408.8626708984375,409.2262568074665,402.58334672161834,405.28571008638386,14348900
2024-06-05,416.6650695800781,416.7338342090642,409.08860495020656,410.57245747625547,16988000
2024-06-06,417.1662292480469,417.9425528471417,413.29447761268017,416.66508413024746,14861300
2024-06-07,416.50787353515625,418.89577271534046,415.67259164399417,418.8171717087438,13621700
2024-06-10,420.45819091796875,420.66454478320344,416.5471539046789,417.3431202309482,13982900
2024-06-11,425.1849060058594,425.3224952545953,417.88361916349896,418.1096457911631,14551100
2024-06-12,433.4197692871094,435.7192312163597,425.74505981738713,427.7792095971262,22366200
2024-06-13,433.9306945800781,435.709368351957,431.7589858154619,433.21335923548196,15960600
2024-06-14,434.90362548828125,435.4637589084296,429.1549556248856,430.6879302565991,13582000
2024-06-17,440.6031188964844,443.1286073434569,433.0856417971322,434.92324397820295,20790000
2024-06-18,438.6082763671875,442.34246889984814,437.18341197055486,441.9198947788086,17112500
2024-06-20,437.9794006347656,438.7950098147065,433.62611625090886,438.5689831798124,19877400
2024-06-21,441.9886779785156,442.774807970896,438.77533339876635,439.63025801243765,34187100
2024-06-24,439.9152526855469,444.9072412251996,438.677069430459,442.00833058442447,15913700
2024-06-25,443.138427734375,443.60028735592437,439.01117026568124,440.4851865060809,16413400
2024-06-26,444.3274841308594,445.7425422004591,440.4262530619795,441.222219477512,16507000
2024-06-27,445.0055236816406,448.2680202655606,443.94421515967235,444.3471165440364,14806300
2024-06-28,439.20770263671875,447.49166642517747,438.6770484115445,445.22168389223947,28362300
2024-07-01,448.8183288574219,449.4472268960843,437.9400811658245,440.88811382009334,17662800
2024-07-02,451.32415771484375,451.62878536550966,445.26102385148636,445.3494912239479,13979800
2024-07-03,452.7882995605469,453.03396893483153,449.94837718806366,450.25300481306164,9932800
2024-07-05,459.460693359375,460.2370169877969,451.01949716215944,451.6483951731934,16000300
2024-07-08,458.1635437011719,459.598274429734,456.4143789671548,458.46817132419625,12962300
2024-07-09,451.5796203613281,459.23465638604694,450.06628863582495,458.91038601076474,17207200
2024-07-10,458.17340087890625,458.3797547644369,450.9113994976311,453.2305340754163,18196100
2024-07-11,446.8235168457031,456.7288938614541,443.7280584136493,454.9600861765151,23111200
2024-07-12,445.6933898925781,448.4547114032981,442.8436310012122,446.45987718044813,16324300
2024-07-15,446.0962829589844,449.3391368001631,443.61011000854984,445.44771219074863,14429400
2024-07-16,441.7331848144531,446.43038212668165,438.92274152217504,446.3517811207802,17175700
2024-07-17,435.8371276855469,437.14410559537976,431.5723108003405,434.92324477920374,21778000
2024-07-18,432.74169921875,436.9475578488645,426.8751131633182,436.6429302135875,20794800
2024-07-19,429.53814697265625,433.49836608097274,424.51667935003445,425.5976305961669,20940400
2024-07-22,435.2671813964844,436.898429671943,431.306992206013,434.1371082507153,15808800
2024-07-23,437.14410400390625,440.62279084734524,435.4244183311835,436.21054835742433,13107100
2024-07-24,421.4703674316406,433.8324669900576,420.18306232506063,432.82031037979385,26805800
2024-07-25,411.1523132324219,422.35483218497876,410.27774573844266,421.3721545577555,29943800
2024-07-26,417.90325927734375,421.490056226304,410.0418390958428,410.95575198353527,23583800
2024-07-29,419.3380126953125,424.6641083620649,417.3431784161,424.10397494654256,15125800
2024-07-30,415.5939636230469,421.6177512482942,410.13024936818454,420.3108034246303,32687600
2024-07-31,411.1031494140625,414.4737261342931,405.06949500365346,413.2159000993034,42891400
2024-08-01,409.88458251953125,420.05530026736574,405.9342299111822,413.5008583778063,30296400
2024-08-02,401.4139099121094,407.81114983489476,397.3358044115477,405.3446197900361,29437900
2024-08-05,388.30499267578125,394.09297731515574,378.9007621776494,382.42860065253456,40709200
2024-08-06,392.687744140625,398.6427974223072,391.59698650264767,393.07100276300895,24946500
2024-08-07,391.5281677246094,402.9763539760022,390.58480577308114,401.56132604317764,20650900
2024-08-08,395.71441650390625,398.82948747665125,393.01205329948556,395.4687471216862,20203000
2024-08-09,398.9867248535156,400.9815590644515,395.2918776876415,397.0312061411671,19276700
2024-08-12,399.7630310058594,401.6792641246606,397.23754263585204,400.008700380632,16762900
2024-08-13,406.8382873535156,407.7620065253935,402.47519721922214,402.49483997156227,19414300
2024-08-14,409.6389465332031,410.48406481515934,405.3053649551057,407.61463319199424,18267000
2024-08-15,414.482421875,414.56116454959863,411.16483466760724,413.27153919674845,20752100
2024-08-16,411.9622802734375,414.787643452163,410.81046198721873,414.0591609720714,22775600
2024-08-19,414.97467041015625,415.19125033166955,409.9835081573214,412.4446299731582,15234000
2024-08-20,418.19378662109375,419.23729981689326,415.082955234779,415.14201975205145,16387600
2024-08-21,417.5440979003906,419.76893159636126,415.1617187597954,417.48500333716095,16067300
2024-08-22,409.0876159667969,420.1528389914807,408.1622318516386,417.7606059891525,19361900
2024-08-23,410.3083801269531,412.73996960606866,405.6814592418378,410.4954277824997,18493800
2024-08-26,407.0596618652344,410.7907306533513,404.94310328054127,409.89487877847426,13152800
2024-08-27,407.40423583984375,407.91613833509496,403.8700687036349,406.43946532338146,13492900
2024-08-28,404.2146301269531,408.5461982686738,400.97578558888256,408.4280692350888,14882700
2024-08-29,406.6954345703125,415.48655408743093,404.2146347079457,408.4871383812944,17045200
2024-08-30,410.6529846191406,410.9975176628722,405.72088654420793,409.1369250633482,24308300
2024-09-03,403.0726318359375,413.35027748692255,400.7001071362785,411.4109125689516,20313600
2024-09-04,402.5410461425781,404.8446523736478,398.0814949690352,399.59755429893164,15135800
2024-09-05,402.0389709472656,406.6757153578755,399.81410753750566,401.2809263113811,14195500
2024-09-06,395.4530029296875,404.26379961304895,394.56697518152896,402.6985299905477,19609500
2024-09-09,399.4105529785156,402.2949806412775,395.8960636873458,400.9069042814964,15295100
2024-09-10,407.7586364746094,409.8554868302287,401.3597203496137,401.8519446669211,19594300
2024-09-11,416.461181640625,417.39638986900843,403.21048066101315,409.03843011648604,19266900
2024-09-12,420.35968017578125,420.7239214617942,413.22242565289037,416.727061332415,17395700
2024-09-13,423.89373779296875,425.1144444971336,418.84351144501346,419.2077526362247,15874600
2024-09-16,424.632080078125,426.7880250402565,421.5606050753592,423.9035976857479,13834700
2024-09-17,428.3828125,434.9786302945307,425.5475956574911,433.38382833136643,18874200
2024-09-18,424.1103515625,429.2491750935579,423.71657808226,428.2351941115192,18898000
2024-09-19,431.8678283691406,434.6341269777226,430.1056566789826,434.3683366283435,21706600
2024-09-20,428.5009765625,432.4092391189892,427.4673174405253,430.42066355244185,55167100
2024-09-23,426.76837158203125,429.67247726227924,423.6968964015023,427.52638627626743,15128900
2024-09-24,422.495849609375,426.61083784634445,419.4735849772464,426.2662748026867,17015800
2024-09-25,425.3901062011719,426.384408985251,421.9051794925785,423.14556440453987,13396400
2024-09-26,424.6025695800781,428.5305103087993,422.45647860828996,428.32378449228514,14492000
2024-09-27,421.36370849609375,425.1341637224931,420.8222737453315,424.80927883764434,14896100
2024-09-30,423.6082763671875,423.7264354508624,418.75495134014767,421.55078212730024,16807300
2024-10-01,414.1476745605469,421.8165373929493,412.29690642757294,421.7870051373374,19092900
2024-10-02,410.6430969238281,416.24461251055664,410.22961524498584,416.00832438993655,16582300
2024-10-03,410.062255859375,413.02542591560956,407.84724636027164,411.1353013004486,13686400
2024-10-04,409.5897216796875,413.2223397680441,408.51667620718774,411.73581262468696,19169700
2024-10-07,403.1711120605469,410.6233655735784,402.6395013728588,409.5306419831522,20919800
2024-10-08,408.26068115234375,409.19591936395466,401.82240877121177,404.50993429186275,19229300
2024-10-09,410.9679260253906,413.84252930935924,407.8570646785986,409.3928021729279,14974300
2024-10-10,409.3731689453125,410.8596961873674,406.7249993762307,408.7726696220669,13848400
2024-10-11,409.845703125,410.64310419410805,406.82343830885475,409.66850956364067,14144900
2024-10-14,412.6218566894531,417.4456494762865,411.0270245046469,411.2731366880873,16653100
2024-10-15,412.22802734375,415.9098858066577,408.80216519233556,415.61453317923247,18900200
2024-10-16,409.6488037109375,409.88506179410496,404.0965284555642,408.7135954364056,15508900
2024-10-17,410.23944091796875,415.9295528895068,409.12700914123224,415.79171565844746,14820000
2024-10-18,411.6570739746094,413.12389293089865,409.78662744422246,410.6529471112624,17145300
2024-10-21,412.2674255371094,412.44461909285747,407.31564977599334,409.6487883889798,14206100
2024-10-22,420.8616638183594,423.8838984262341,411.53893363879695,411.9819175179694,25482200
2024-10-23,417.9969482421875,424.3761569602065,415.95913210482394,424.15957703194096,19654400
2024-10-24,418.1249084472656,419.35546932603506,415.83112614516494,418.7155536346828,13581600
2024-10-25,421.4916687011719,425.79370434385993,419.9362531076575,420.1233007480341,16899100
2024-10-28,419.9559631347656,425.2227696357769,419.670464602579,424.9471252042487,14882400
2024-10-29,425.232666015625,426.43369473876635,419.17828193472,421.3440812856283,17644100
2024-10-30,425.8035888671875,431.68074872313076,425.3802831426112,430.6372355196224,29749100
2024-10-31,400.0307312011719,409.6881704469,399.9814907408766,408.9005934690843,53971000
2024-11-01,403.9881896972656,409.0384161036912,401.162826864631,402.64935394725995,24230400
2024-11-04,402.1079406738281,404.0374819155361,399.2628993191041,403.4270984352044,19672300
2024-11-05,405.061279296875,408.44778544240023,401.7338376736444,402.0193362267301,17626000
2024-11-06,413.6456298828125,413.91145024796907,404.1358522419557,406.00632872643234,26681800
2024-11-07,418.8139953613281,420.2119257079772,413.35031719618456,414.7285393416903,19901800
2024-11-08,415.9689636230469,419.8673720771894,415.2207729945687,418.7057298172818,16891400
2024-11-11,411.5093994140625,418.2036383732599,409.530647967578,415.9492425000552,24503300
2024-11-12,416.4513244628906,417.8394007087299,410.71200186963034,411.7456609678349,19401200
2024-11-13,418.58758544921875,422.65333320998997,411.70626883397995,415.0829505962656,21502200
2024-11-14,420.2513122558594,421.51140536702854,413.4684464166278,418.39068982634956,30246900
2024-11-15,408.5461730957031,416.22486023548765,407.207337406915,413.29122260558944,28247600
2024-11-18,409.29443359375,411.8933627455597,405.6913474607701,408.41825976061074,24727000
2024-11-19,411.29278564453125,411.440446924727,405.14980600150676,406.68554340151616,18133500
2024-11-20,409.0285949707031,410.8006207181085,404.19494808048387,410.38713903081657,19191700
2024-11-21,407.2628479003906,414.07900747535325,404.71789987463876,413.8028113322242,20780200
2024-11-22,411.3367919921875,411.73135363774225,405.4774597411712,405.7832472742104,24814600
2024-11-25,413.1025085449219,415.36138685697927,409.21601445717323,412.698073057269,27691100
2024-11-26,422.1775207519531,423.21327891734404,413.16166540924917,413.8916059444426,23458900
2024-11-27,417.24542236328125,421.427859986681,416.2885945934304,419.33662612341953,18332400
2024-11-29,417.7090148925781,419.1097432305611,412.1258792913512,414.384787411828,16271900
2024-12-02,425.1269836425781,427.11953971126485,415.58829615007085,415.84477479075025,20207200
2024-12-03,425.343994140625,426.59673575541547,421.9309618493427,424.0024483022702,18302000
2024-12-04,431.4795227050781,433.69896602336337,426.7545660563865,427.1491277367897,26009400
2024-12-05,436.6088562011719,438.6211597736825,430.2464705000807,431.97270407918,21697800
2024-12-06,437.5459899902344,440.04162946603964,435.7704172944161,436.29321828806303,18821000
2024-12-09,439.96270751953125,442.2413336019405,434.51768404131514,436.5891705079944,19144400
2024-12-10,437.3091735839844,443.5137582543868,435.60268777878343,438.35480554213524,18469500
2024-12-11,442.892333984375,444.2338797106506,438.019420871054,438.019420871054,19200200
2024-12-12,443.45458984375,449.96496224230685,443.0106891858234,443.0106891858234,20834800
2024-12-13,441.1957092285156,445.2992167545738,439.5286583553318,442.34983294961415,20177800
2024-12-16,445.4570617675781,446.03904550783295,439.2327587604127,441.1957234184863,23598800
2024-12-17,448.2880554199219,449.1068002031095,443.4644812477741,444.8849272856994,22733500
2024-12-18,431.4499206542969,446.50265760588917,431.08492025325205,445.1907332778121,24444500
2024-12-19,431.09478759765625,437.1612597390131,430.39443838506674,435.6224481744677,22963700
2024-12-20,430.6706237792969,437.7136411325363,422.80886164173944,427.22800034083093,64263700
2024-12-23,429.33892822265625,431.7063281244541,426.95178067217284,430.80868309982753,19152500
2024-12-24,433.3635559082031,433.6299083717355,428.2933766162313,428.74712104240933,7164500
2024-12-26,432.1600646972656,434.95164765481866,430.7001836707867,433.11689244443306,8194200
2024-12-27,424.6830749511719,429.3093836032803,420.5598497453618,428.6978084898888,18117700
2024-12-30,419.0604248046875,421.7434860363438,416.1702239850741,420.27373116896746,13158700
2024-12-31,415.7756652832031,420.93464819489714,414.9470768224156,420.3131993235258,13246500
2025-01-02,412.8953552246094,420.2836558558519,409.21603069875914,419.7509810335182,16896500
2025-01-03,417.6005554199219,418.2713132207811,413.8423008464514,415.36136467137544,16662900
2025-01-06,422.0394287109375,428.42156165470556,419.70162020085996,422.1873855590837,20573600
2025-01-07,416.63385009765625,424.80139942668757,415.0851648128758,423.1738138555601,18139100
2025-01-08,418.79412841796875,421.171402275518,415.81515330470927,417.70906128958796,15054600
2025-01-10,413.2603454589844,418.9420997125399,409.383695034764,418.8631994200863,20201100
2025-01-13,411.52423095703125,412.8164377086338,406.690782868284,409.6007014640922,17604800
2025-01-14,410.0248718261719,414.03957499111027,405.14208486737954,412.1357932076061,16935900
2025-01-15,420.5203552246094,422.3353628905166,412.58953664498,413.43787278736687,19637800
2025-01-16,418.8138427734375,423.6571645662551,418.6264508238549,422.8779150872359,15300000
2025-01-17,423.20343017578125,428.57942688248704,422.3551241092644,428.1947089431654,26197500
2025-01-21,422.6806335449219,425.0480336398343,419.82002384260585,424.3575582513444,26085700
2025-01-22,440.1402587890625,441.1957044539868,430.0787709144918,431.6175824572203,27803800
2025-01-23,440.643310546875,440.68277574358376,435.50407496539947,435.9972845633218,18389300
2025-01-24,438.029296875,440.5841189283991,435.40541825453283,439.1143639891968,15549500
2025-01-27,428.6583557128906,429.2896784954125,417.74856099112463,418.2516444520013,35647800
2025-01-28,441.1266784667969,442.29064589853647,425.52151949148305,428.69779052094407,23491700
2025-01-29,436.3227844238281,440.81100977301065,434.41900262341227,440.6235877197962,23581400
2025-01-30,409.3540954589844,417.1172097708342,407.54896156269734,413.0827588425547,54586300
2025-01-31,409.4231262207031,414.97667080056476,409.2751693701902,413.2899024984714,34161900
2025-02-03,405.3393859863281,409.7683985075356,403.1100689884043,406.01014380943144,25679100
2025-02-04,406.76971435546875,408.2986823038951,404.1754268282418,407.08537575034575,20532100
2025-02-05,407.6772155761719,408.2098602907994,404.8264495269334,406.74997908357795,16316700
2025-02-06,410.1728210449219,412.5205034548323,408.37753095462284,408.37753095462284,16309800
2025-02-07,404.1852722167969,412.96439718513943,402.5576865372201,410.82388435232116,22886800
2025-02-10,406.6217041015625,409.8176925215145,405.33937124502273,408.0914590052598,20817900
2025-02-11,405.852294921875,406.88802298158646,403.74134350470337,404.0767525043344,18140600
2025-02-12,403.48492431640625,405.17169274595005,398.8783333348811,401.67976029438313,19121700
2025-02-13,404.96453857421875,405.4182829681306,400.8412835235649,401.4726062482461,23891700
2025-02-14,402.8831787109375,403.3566707547541,400.3678218416371,402.25188608897315,22758500
2025-02-18,404.0767822265625,405.0237362453633,400.9794114377888,402.4590402622825,21423100
2025-02-19,409.1370849609375,409.8473079963777,402.11378500109834,402.34067225656025,24114200
2025-02-20,411.3016357421875,414.4447308659466,407.75329424131763,410.47138590742935,23508700
2025-02-21,403.47357177734375,413.1993956224997,403.15730762956775,412.4976421272199,27524800
2025-02-24,399.3124084472656,404.62009578289485,394.6867174896375,403.7700887978409,26443700
2025-02-25,393.2831726074219,397.2565479767241,392.0971142682963,396.4460551720573,29387400
2025-02-26,395.09197998046875,398.9170718958632,389.6755530638089,393.3919357776839,19619000
2025-02-27,387.9754943847656,401.0322110218146,387.61968592381214,396.61407498406965,21127400
2025-02-28,392.38372802734375,393.01631660620876,382.0846478468725,388.10398215130573,32845700
2025-03-03,383.9823913574219,394.1925506012372,381.6794393165997,394.1925506012372,23007700
2025-03-04,384.1009521484375,388.02488953137174,376.5792652913011,378.9514121108331,29342900
2025-03-05,396.3669738769531,397.0094560898268,384.2986543499986,384.822503579622,23433100
2025-03-06,392.2849426269531,397.4838909032578,388.12376908504734,389.70521049036057,23304600
2025-03-07,388.7464599609375,390.2191619837315,381.0666253730808,387.76795648683793,22034100
2025-03-10,375.7490234375,381.9166113327009,372.8431337183802,381.3631114017718,32840100
2025-03-11,376.03570556640625,381.5212976511773,372.53677123025375,374.6025176419591,30380200
2025-03-12,378.82293701171875,380.7503233781215,374.55308456142495,378.5066728711865,24253600
2025-03-13,374.3751525878906,380.8491715851453,373.07049136146827,378.71423026442886,20473000
2025-03-14,384.05157470703125,385.7022111357248,375.10659301872727,375.3734493768336,19952800
2025-03-17,384.1899719238281,388.15342385678485,381.0962841175908,382.2131776873556,22474300
2025-03-18,379.070068359375,382.8754034622388,376.6781641211092,382.57889637930924,19486900
2025-03-19,383.3201599121094,385.158563988563,379.54447585576617,381.0567221702146,19185500
2025-03-20,382.3515319824219,387.24410971121733,378.8328407062668,381.2642891356356,18470500
2025-03-21,386.72027587890625,387.19468720298374,378.35841433019584,378.7735544022507,39675900
2025-03-24,388.51910400390625,390.81219242783766,385.2870564688155,390.81219242783766,21004500
2025-03-25,390.5749816894531,391.7610400507305,388.08423198363494,389.3493790004213,15775000
2025-03-26,385.4451904296875,390.7232269425197,384.061440622416,390.4168262767483,16108400
2025-03-27,386.048095703125,387.6888383797828,382.9050004114053,385.6033351411741,13766800
2025-03-28,374.4048156738281,384.6149747790714,372.5565178920864,383.5771397086297,21632000
2025-03-31,371.0343933105469,372.6948931611048,362.97893300010196,368.2174556076631,35184700
2025-04-01,377.7554931640625,378.4078388750376,368.89946352111616,370.30297052308924,19689500
2025-04-02,377.7060852050781,380.61194495123306,372.2501138660857,373.584455994143,16092600
2025-04-03,368.7807922363281,373.10011248760316,365.06444000689004,370.4413221297822,30198000
2025-04-04,355.664794921875,370.2436515761853,355.30898645827625,359.90502676066706,49209900
2025-04-07,353.7077941894531,366.6953473866903,340.78946619633433,346.808801297969,50425000
2025-04-08,350.4460754394531,369.3145725706382,346.18608632628985,363.98712785508354,35868900
2025-04-09,385.95916748046875,388.66739600040677,349.00301621371585,349.43791334353114,50199700
2025-04-10,376.9252624511719,379.4456631401157,363.5324628545339,377.627015987976,38024400
2025-04-11,383.94287109375,385.52428234575257,374.4937970946495,376.2234920445777,23839200
2025-04-14,383.3102722167969,390.0709046779098,379.75203666792555,388.6575040815548,19251200
2025-04-15,381.2544250488281,387.3429548173336,379.702634359307,384.0021677861047,17199900
2025-04-16,367.2982177734375,377.1821883945702,363.7301188576812,376.25312290658945,21967800
2025-04-17,363.5126647949219,369.9767899290697,362.6330071079686,369.41339637295704,21120200
2025-04-21,354.9531555175781,360.25097956592975,351.54320368031085,358.6102367890087,20807300
2025-04-22,362.5638427734375,363.5028019496421,355.68457702509073,359.1637542302739,19485000
2025-04-23,370.0459899902344,375.9763723537339,368.69186067990836,371.6965961898571,20545500
2025-04-24,382.8061828613281,383.9428636514652,370.8367085183124,371.3408006891215,22232300
2025-04-25,387.3034362792969,387.6098369882708,380.13755681192964,382.5097039822226,18973200
2025-04-28,386.62139892578125,388.18305301396595,382.1538550582223,387.41210451108003,16579400
2025-04-29,389.468017578125,390.5157161336794,385.8504804253008,386.75978890275064,14974000
2025-04-30,390.6738586425781,392.0576085897077,379.97939447353656,385.7713871677669,36461100
2025-05-01,420.464111328125,431.91962985286955,419.9699127886788,426.1078502028247,58938100
2025-05-02,430.2294921875,434.3412277785372,425.0008630376841,426.7305579775838,30757400
2025-05-05,431.1091613769531,434.40051033348516,427.0962415401901,427.84743296236513,20136100
2025-05-06,428.2823486328125,432.65107712392626,426.1671945058241,427.18524232094876,15104200
2025-05-07,428.3218994140625,433.0365428333408,426.1078693467033,428.80620435216304,23295300
2025-05-08,433.08599853515625,438.52218293606853,430.6051120016966,432.84876270467214,23491300
2025-05-09,433.6394348144531,435.6260923106028,430.82249727884243,434.8946881691784,15324200
2025-05-12,444.0472717285156,444.15598092637396,434.6772567640601,440.7657862582039,22821900
2025-05-13,443.9287109375,445.4409573721911,440.19254074927665,442.5844751269483,23618800
2025-05-14,447.6846008300781,448.6334536340928,442.940306646518,442.940306646518,19902800
2025-05-15,448.6946105957031,451.7246558325709,446.0210270484144,446.3576953837484,21992300
2025-05-16,449.8233947753906,449.91251018958565,444.3376444869959,447.62512390200453,23849800
2025-05-19,454.3784484863281,455.0914021356244,446.38743262939596,446.4666664897976,21336500
2025-05-20,453.685302734375,453.85362179890075,449.87298168888566,451.1305396548173,15441800
2025-05-21,448.1401062011719,453.2991005803846,447.38753565613104,450.12052955644793,19216900
2025-05-22,450.40765380859375,455.74490907390424,449.4570590917957,450.4967994491365,18025600
2025-05-23,445.7734680175781,449.2491205375805,444.51591011589574,445.5754438212613,16883500
2025-05-27,456.18060302734375,456.4380677238799,451.65532857824905,452.0118204825961,20974300
2025-05-28,452.8831787109375,457.9926743719098,452.45739496057166,456.7054113344306,17086300
2025-05-29,454.1902770996094,457.2005290082406,450.8532686393741,457.0321797296883,13974800
2025-05-30,455.85382080078125,457.16090743162863,451.081023612945,455.22010105843367,34770500
2025-06-02,457.4480895996094,457.5867035205711,452.41782757710985,452.6653804963421,16626500
2025-06-03,458.4382629394531,459.59682380087423,456.3489007620485,456.95294554827,15743800
2025-06-04,459.3294372558594,461.13162957016016,458.48775137554446,459.4581695952893,14162700
2025-06-05,463.1022033691406,465.0529216385449,459.4879366863286,460.4088263203011,20131700
2025-06-06,465.7757263183594,468.70674412433226,464.1913817517478,465.4885564998141,15285600
2025-06-09,468.12255859375,468.7958952647425,464.0329796350046,465.10242514198006,16469900
2025-06-10,466.31048583984375,468.172058367284,462.38922592870773,466.57783210788693,15375900
2025-06-11,467.99383544921875,470.81594475736864,465.0628173622344,465.4192790589967,16399200
2025-06-12,474.1826171875,475.7174632765806,468.88497916047487,470.3702965389571,18950600
2025-06-13,470.3109130859375,474.48960742449077,468.13246560456287,471.74673205457395,16814500
2025-06-16,474.45001220703125,475.98482813726486,470.3505215770748,470.5584575569121,15626100
2025-06-17,473.36077880859375,474.0539088222925,469.4395189734987,470.7466055851971,15414100
2025-06-18,475.53924560546875,476.291816149254,469.8158233270243,473.3211811212961,17526500
2025-06-20,472.7270202636719,478.7277002496467,472.2022093150259,477.5097592999014,37576200
2025-06-23,481.24285888671875,482.97572926336846,467.8849134818946,473.52910172023695,24864000
2025-06-24,485.3125915527344,487.0355802812341,482.03499358247046,484.16397269221426,22305600
2025-06-25,487.45147705078125,489.71907018583636,484.59969288856837,487.2237477118272,17495100
2025-06-26,492.580810546875,493.1650318097281,487.98621386300664,488.15456314430565,21578900
2025-06-27,491.0855712890625,494.4126679494895,488.2040517426954,492.6797975508017,34539200
2025-06-30,492.5411682128906,495.8583832017286,490.4815111095117,492.17479474651304,28369000
2025-07-01,487.2336120605469,493.1748817381986,486.1741086010328,491.61036068604886,19945400
2025-07-02,486.2830505371094,488.66946431331223,483.9164603345879,485.1938116448169,16319600
2025-07-03,493.9571838378906,495.2345653483035,488.6100468852986,488.9764203666982,13984800
2025-07-07,492.8481140136719,493.8680307430937,490.3824968234557,492.51144569917784,13981600
2025-07-08,491.7588806152344,493.3234318678901,489.2734398258723,492.37280697303856,11846600
2025-07-09,498.5814514160156,501.8194324629264,494.84833435120834,495.4028504286207,18659500
2025-07-10,496.5713195800781,499.50233742843255,492.877819466512,498.12592881176073,16492100
2025-07-11,498.3933410644531,500.08659454551145,492.9273533491097,493.59080845907414,16459500
2025-07-14,498.0962219238281,499.03693501960714,496.1257105345073,496.61090454240406,12058800
2025-07-15,500.868896484375,503.32460219529884,497.8685561993719,498.096285553545,14927200
2025-07-16,500.67083740234375,501.760076321519,496.97736708309617,500.23514183467364,15154400
2025-07-17,506.6912841796875,508.3449206172861,500.67078077223215,500.730191050298,17503100
2025-07-18,505.05743408203125,509.6025320949179,502.4630844244223,509.4440643876484,21209700
2025-07-21,505.06732177734375,507.0774803175347,500.60145783110823,501.7501069031347,14066800
2025-07-22,500.3242492675781,506.1962275502158,500.3242492675781,505.9684679829346,13868600
2025-07-23,500.9183654785156,501.82937349813983,495.7989881406536,501.78975657062705,16396600
2025-07-24,505.8793029785156,508.6419715627398,502.33432855643633,503.7899408054956,16107000
2025-07-25,508.681640625,513.2167663968169,505.3643953860848,507.4537274302719,19125700
2025-07-28,507.48345947265625,509.9589885432546,505.12675096242896,509.0480107678364,14308000
2025-07-29,507.55279541015625,512.5533521818816,506.5526719682665,510.4838436674275,16469200
2025-07-30,508.2162170410156,510.89971236727115,504.4534248625209,510.12731827097724,26380400
2025-07-31,528.2778930664062,550.0130499577134,526.6935786680993,549.795171976257,51617300
2025-08-01,518.9797973632812,530.5553736121248,515.7616096000787,529.7632164041114,28977600
2025-08-04,530.3969116210938,532.9813491761439,522.9604134562841,523.0990575737549,25349000
2025-08-05,522.584228515625,532.0407382325785,522.0792108748774,531.9219176627233,19171600
2025-08-06,519.8016967773438,526.4955370830186,518.9006307843745,525.70337986457,21355700
2025-08-07,515.7418212890625,522.9208551796034,512.483986539974,521.6434435727333,16079100
2025-08-08,516.9300537109375,519.524403327164,514.3257923084495,517.4845698020915,15531000
2025-08-11,516.662841796875,522.4258818544677,514.6328592112275,517.1876226350071,20194400
2025-08-12,524.0595092773438,525.782467566966,517.5835480141434,518.623257971221,18667000
2025-08-13,515.4844360351562,527.4857972911225,514.2862580919234,526.901545781552,19619200
2025-08-14,517.36572265625,520.8017882377586,515.0486614235291,517.4449565045493,20269100
2025-08-15,515.078369140625,520.9503168823401,513.9990723038397,517.6529556536844,25213300
2025-08-18,512.0383911132812,517.7024328589179,508.9885829187347,516.4844919382945,23760600
2025-08-19,504.7801818847656,510.11740696385556,503.5721224631474,509.9589996924715,21481000
2025-08-20,500.76983642578125,505.9981527246316,499.5023667236012,504.87920872605446,27723000
2025-08-21,500.1251220703125,503.48747238505433,498.6175369804135,499.57962247206007,18443300
2025-08-22,503.09075927734375,506.5621975190336,498.3100856343386,500.13506667774504,24324200
2025-08-25,500.1449890136719,504.04291093011733,500.00611695670057,502.4956437530773,21638600
2025-08-26,497.9430847167969,500.8590951140394,494.44189267773186,500.24412923099453,30835700
2025-08-27,502.604736328125,503.1502662118434,495.8205578102606,497.9034268047853,17277900
2025-08-28,505.4810791015625,506.91922816363694,501.3748491905692,502.95187030654046,18015600
2025-08-29,502.5551452636719,505.44140176386463,500.3730863144936,504.5090702372647,20961600
2025-09-02,500.9979248046875,501.87074834041937,492.75574161607386,496.38587753866574,18128000
2025-09-03,501.22607421875,503.64616490840893,498.220801883355,499.6788070917271,16345100
2025-09-04,503.82470703125,504.00323087503085,499.0440334241921,500.1846427841772,15509500
2025-09-05,490.9605407714844,507.79205789513924,488.35199810583333,504.9157294675595,31994800
2025-09-08,494.1344299316406,497.1099483047291,490.990285532587,494.0451377441344,16771000
2025-09-09,494.3426818847656,498.15134157087306,493.6384843818268,497.33802599365555,14410500
2025-09-10,496.2867431640625,499.1234199731124,492.6665349159027,498.8754600894228,21611800
2025-09-11,496.9215087890625,499.0638857033828,493.8170463660224,498.15138006137016,18881600
2025-09-12,505.73895263671875,508.367321245748,499.73833579713096,502.5154742767582,23624900
2025-09-15,511.1543884277344,511.2634762434591,502.86262476523797,504.63802593930427,17143800
2025-09-16,504.8859558105469,513.0090929577493,504.449544036503,512.6619733694059,19711900
2025-09-17,505.85797119140625,507.11762672901375,501.8013512662406,506.4530809454648,15816600
2025-09-18,504.30078125,508.883074673213,503.5172196080818,507.31595138937655,18913700
2025-09-19,513.7034912109375,515.062306658186,506.1456780893485,506.3936379963221,52474100
2025-09-22,510.2518310546875,513.5149611406991,508.35738375283694,511.3825425873763,20009300
2025-09-23,505.0744323730469,510.3907077578639,503.17008724169204,509.60711582016205,19799600
2025-09-24,505.9869079589844,508.29788064425674,502.7832857896144,506.215041937542,13533700
2025-09-25,502.8923645019531,505.84805701475193,500.9186136455738,504.15198973027213,15786500
2025-09-26,507.28619384765625,509.74596656687834,502.4856945681329,505.8976246789574,16213100
2025-09-29,510.4005126953125,512.6321512651683,504.7272205888506,507.3258348805616,17617800
2025-09-30,513.7232666015625,513.9315141469417,505.5009089039439,509.05168089535164,19728200
2025-10-01,515.4688720703125,516.2623314762835,507.51430077675985,510.5989067561486,22632300
2025-10-02,511.53131103515625,517.343476169315,506.5126054199375,513.4158303625842,21222900
2025-10-03,513.1281127929688,516.2425031799986,510.7973143114264,512.8801529316524,15112300
2025-10-06,524.256591796875,526.6965386672223,513.9712214168786,514.377848960065,21388600
2025-10-07,519.7039794921875,525.4764919541412,517.1847292577561,523.9788048028778,14615200
2025-10-08,520.56689453125,522.6497936321297,518.8213080060119,519.0097599169904,13363400
2025-10-09,518.136962890625,520.0512058016051,513.1777655449532,518.07745494396,18343600
2025-10-10,506.790283203125,519.3073226434543,505.47115003636685,515.3994727403434,24133800
2025-10-13,509.8550720214844,512.1957986627914,507.50441729945595,512.1957986627914,14284200
2025-10-14,509.3789978027344,511.07506506957225,501.87076583985106,506.0662576446326,14684300
2025-10-15,509.2401428222656,512.9694689959882,505.83814063109804,510.75768630195654,14694700
2025-10-16,507.43499755859375,512.6322269089161,503.98341543309897,508.3971133632887,15559600
2025-10-17,509.38897705078125,511.2734358883721,503.17012365144205,504.88601698312937,19867800
2025-10-20,512.57275390625,514.4672014016805,509.24018745186737,510.41055088987974,14665600
2025-10-21,513.4356079101562,514.4572316509175,508.8533142722573,513.2769402267872,15586200
2025-10-22,516.2920532226562,520.9437823737373,513.4851913413816,516.8971212574951,18962700
2025-10-23,516.3119506835938,519.6743010066873,514.3778516149157,518.1964698863214,14023500
2025-10-24,519.3370361328125,521.0628270774097,516.4607380708425,518.5237205252405,15532400
2025-10-27,527.1825561523438,530.2175826339089,524.6930292943027,527.4404441110845,18734700
2025-10-28,537.6464233398438,549.2013167264516,536.3570441492753,545.511702993095,29986700
2025-10-29,537.130615234375,541.8121286840217,532.3499420595073,540.4929653309738,36023000
2025-10-30,521.469482421875,530.6042843733296,517.8591725476514,526.150935240438,41023100
2025-10-31,513.5843505859375,525.0004316167937,510.896444053691,524.5640198650095,34006400
2025-11-03,512.8107299804688,520.676008789008,510.3906395365282,515.5680119038287,22374700
2025-11-04,510.1328430175781,511.342858187808,503.6957838776707,507.5838081580189,20958700
2025-11-05,503.0213317871094,510.6287541811956,502.4460479183387,509.1112106662694,23024300
2025-11-06,493.04339599609375,501.5732213085109,491.7639146320967,501.53353925537283,27406500
2025-11-07,492.76568603515625,495.30479262227396,489.2248119110569,492.89463000746537,24019800
2025-11-10,501.8707580566406,502.7138276367279,494.72950196106785,495.95940345274505,26101500
2025-11-11,504.5289001464844,505.4414057875519,498.2505695472254,500.68055811559174,17980000
2025-11-12,506.9688415527344,507.494515261433,495.0469117437556,505.203338237195,26574900
2025-11-13,499.1828918457031,509.3095642884979,497.1992129195551,506.1455939798088,25273100
2025-11-14,506.01666259765625,507.4250879884235,493.38063720960855,494.1641988801248,28505700
2025-11-17,503.34857177734375,507.9407930820625,500.78963942134817,504.3007594029326,19092800
2025-11-18,489.76043701171875,498.87544447228873,482.8076324047851,491.3275301094218,33815100
2025-11-19,483.14483642578125,491.14898819063853,478.88983663624714,486.1005289347495,23245300
2025-11-20,475.41387939453125,490.45844852333465,472.50235794747454,489.60385435710714,26802500
2025-11-21,469.1436462402344,475.9007957312625,465.3179114267742,475.4834301610789,31769200
2025-11-24,471.0118103027344,473.89352206444323,465.0694984877541,472.0055061050608,34421000
2025-11-25,473.9829406738281,476.12932719889915,461.9592459889855,471.08136597664605,28019800
2025-11-26,482.4393310546875,485.23161394332453,478.1664510662567,483.244222260298,25709100
2025-11-28,488.9082946777344,489.5243812398697,483.5820692635899,484.5260924315005,14386700
2025-12-01,483.6714782714844,486.7718042788117,481.59465771305275,485.3607732415945,23964000
2025-12-02,486.91094970703125,490.38888506208144,483.2541563831954,483.6516286444489,19562700
2025-12-03,474.7182922363281,481.18723109312356,472.2042431453193,473.3171775583083,34615100
2025-12-04,477.8087158203125,478.28570075231454,473.48613274494215,476.7355376297969,22318200
2025-12-05,480.11407470703125,480.35255199911325,475.86105782216015,479.4780948278929,22608700
2025-12-08,487.9245300292969,489.1964595164875,481.32640529111774,481.8331998835391,21965900
2025-12-09,488.9181823730469,489.01755801519323,485.42038417588924,486.016607703579,14696100
2025-12-10,475.5430908203125,481.1972227192708,472.0850182923752,480.9786084159209,35756200
2025-12-11,480.422119140625,482.96597801292137,472.86007818396723,473.6252433732215,24669200
2025-12-12,475.51324462890625,479.40854546431024,473.3370484252935,476.79512068758515,21248100
2025-12-15,471.82666015625,477.6894594742654,469.5411415575728,477.0733729131614,23727700
2025-12-16,473.38677978515625,474.87732355778707,467.911505956298,468.9350114671635,20705600
2025-12-17,473.1184387207031,476.9739832708393,472.0055042784347,473.903466892556,24527200
2025-12-18,480.92889404296875,486.5134594689822,474.8772903878124,475.17538699144035,28573500
2025-12-19,482.8566589355469,484.77448448182145,479.4482594182398,484.2875529363844,70836100
2025-12-22,481.8630065917969,485.64898536737695,479.6470539215635,483.0554234208069,16963000
2025-12-23,483.7807922363281,484.75459468390824,481.6840783901604,481.922585996358,14683600
2025-12-24,484.94342041015625,486.0762481946253,481.77352833631136,482.61817584356095,5855900
2025-12-26,484.6353759765625,485.0427948985028,482.8964083055729,483.64168016456847,8842200
2025-12-29,484.02923583984375,485.27135560420123,481.1276307272214,481.80333660098637,10893400
2025-12-30,484.4068298339844,486.5929423552436,482.4393012721813,482.8665831796088,13944500
2025-12-31,480.5711669921875,485.06269150087525,480.25317705215497,484.7645645601486,15601600
2026-01-02,469.95849609375,481.6046121327098,467.1960229709088,481.3363251826272,25571600
2026-01-05,469.8691101074219,473.06881210295353,466.54022279348425,471.07147364955256,25250300
2026-01-06,475.493408203125,475.7219388392127,466.7886229022075,470.8130789419108,23037700
2026-01-07,480.422119140625,486.6128550141313,474.936929133209,476.73551614076564,25564200
2026-01-08,475.09588623046875,479.61722033317443,472.8600706717694,478.20615894860083,18162600
2026-01-09,476.2585144042969,476.7951186190047,469.2231615927928,471.0714211959582,18491000
2026-01-12,474.1717529296875,477.95773148860775,472.68120923483104,473.6649886945649,23519900
2026-01-13,467.70281982421875,472.7805908527595,463.01257439213845,471.68751939768345,28545800
2026-01-14,456.4839782714844,465.2483824443871,454.2879190598576,463.51933114332076,28184300
2026-01-15,453.7811279296875,461.32327541703046,453.02590941718984,461.1940901109254,23225800
2026-01-16,456.9609375,460.26996150673693,453.60227115836847,454.9437362325269,34246700
2026-01-20,451.6546325683594,453.92025792216236,446.4476759522066,448.3754483517362,26130000
2026-01-21,441.31024169921875,449.836168925793,435.9144806057656,449.74673993987386,37980500
2026-01-22,448.2959289550781,449.9851935867555,441.89652570286836,444.79810039972057,25349400
2026-01-23,463.0125732421875,468.1301005814363,447.6897705604439,449.02131930234236,38000200
2026-01-26,467.3152770996094,471.2602507862521,459.0874767807031,462.3766075757791,29291200
2026-01-27,477.5503234863281,479.82589540353166,470.17711748937944,470.7137217228436,29213900
2026-01-28,478.5937194824219,480.69040309270366,474.9865988275796,480.16374552458444,36875400
2026-01-29,430.76715087890625,439.7104135269112,418.36581575660404,437.2162272399066,128855300
2026-01-30,427.577392578125,436.8286984461687,423.7616041817895,436.4014165119217,58566800
2026-02-02,420.7010192871094,428.0245530606437,419.58808475506504,427.5277051213245,42219900
2026-02-03,408.6176452636719,419.3893041977899,405.9843574339844,419.34957819955315,61424100
2026-02-04,411.578857421875,417.15347618992746,406.66005118226167,408.40896545860215,45012400
2026-02-05,391.188232421875,405.72597626088844,389.84673704915224,404.87141244319446,66289200
2026-02-06,398.61114501953125,399.25704122003975,390.4429643868461,396.6535630940219,53515300
2026-02-09,410.9925842285156,412.2744602868579,398.34282592261525,402.297746078297,45480500
2026-02-10,410.6646728515625,421.0090502850332,410.0982892644293,416.97464756162884,44857900
2026-02-11,401.8207702636719,413.8345489802859,398.4819668946231,413.5563153661985,42491000
2026-02-12,399.30670166015625,403.6392309547976,395.5008602319473,402.4467839094351,40802400
2026-02-13,398.7900085449219,402.98340606348665,395.54060384789733,401.90028127287496,34091600
2026-02-17,394.3581237792969,397.9950542597942,392.04282577248057,396.7032617740463,32078800
2026-02-18,397.08087158203125,400.02220283554806,393.82155037537984,395.62013745533494,23223400
2026-02-19,396.8517761230469,402.7976819572589,395.0690225854118,399.07278661262325,28234000
2026-02-20,395.6267395019531,398.5050592846536,393.56508699389525,394.51123443489973,34015200
2026-02-23,382.918212890625,393.7642431363039,381.55374731391754,393.4057107487328,43238300
2026-02-24,387.4299621582031,387.7884945775691,380.16937672197673,382.58959213032324,33884700
2026-02-25,398.9831237792969,399.84960746436826,388.5852587696308,388.95376053046306,43625500
2026-02-26,400.0986022949219,405.8453028142193,397.1306190557743,403.0765245044552,34405900
2026-02-27,391.15484619140625,395.2183958601928,388.30640407164015,389.30236795593413,51367200
2026-03-02,396.9413757324219,399.57073485574693,389.0533591512552,391.2743390590049,35474900
2026-03-03,402.2996826171875,405.05852201627056,391.0851500003899,391.5532542396072,38199200
2026-03-04,403.5645751953125,409.3710312257941,398.69429724653685,399.6504140582061,35808000
2026-03-05,409.0224304199219,409.9486695143622,402.7677785996419,402.78771732924594,39001300
2026-03-06,407.30938720703125,411.38287590243635,406.8612216895844,407.54843921074234,31123900
2026-03-09,407.757568359375,408.55432729115563,401.8714182880504,403.2857003455267,30131900
2026-03-10,404.122314453125,408.5443965203919,401.30371964643086,408.37506928692744,31706400
2026-03-11,403.245849609375,407.35918518479474,399.96912002302975,403.9330670994013,25512100
2026-03-12,400.238037109375,404.4808530373378,400.08864860368743,402.99687655683135,27263900
2026-03-13,393.9534912109375,403.16615688192843,392.65875035547907,399.3815063856616,26848000
2026-03-16,398.33575439453125,399.01300251860397,393.1965772756644,396.4633374914087,27733700
2026-03-17,397.79791259765625,402.7677623283013,396.1446090107731,398.6544268926901,26228300
2026-03-18,390.2087097167969,396.39363710184665,389.42188971563326,395.5271533612366,25908500
2026-03-19,387.4498596191406,390.90585551603124,385.4977789148814,388.52551763585893,25138800
2026-03-20,380.3287353515625,385.43803509853177,378.58579850034175,385.22889118681917,50853200
2026-03-23,381.4541931152344,385.64719283721575,380.1395134056624,382.3505545919761,29680100
2026-03-24,371.2355651855469,380.9263046350485,370.34917314154325,380.8167328036651,42733600
2026-03-25,369.5424499511719,375.5381416220395,368.13813722010167,375.39872248264555,31181200
2026-03-26,364.492919921875,373.2076042912997,363.71606927386256,369.3233510512375,36836600
2026-03-27,355.33001708984375,360.9871149414508,355.07108715320055,360.43931657918756,37883400
2026-03-30,357.51116943359375,363.8853318939423,354.8419936524484,360.4393055378546,44797000
2026-03-31,368.67596435546875,371.3949263066763,361.6046146993887,363.07862179545566,45244400
2026-04-01,367.8791809082031,372.48052926345224,366.7139201659809,371.98254731341393,29417200
2026-04-02,371.9526672363281,372.1319638369453,362.680245817395,365.7278929006101,24099100
2026-04-06,371.375,372.22157533941066,368.0086373714944,371.98252335059567,16146600
2026-04-07,370.78741455078125,370.9467724245638,365.080530373921,368.8452727581139,21443300
2026-04-08,372.81915283203125,383.4461010048471,369.9109552686541,383.426192668859,33064800
2026-04-09,371.56427001953125,371.99252721403565,365.5685477188417,370.9965632857518,30435300
2026-04-10,369.3731384277344,374.12390583360843,368.5365323725683,371.47463812837884,28111100
2026-04-13,382.8186340332031,382.98796126737693,369.5225100750242,372.10205289266787,35745800
2026-04-14,391.5233459472656,393.09698589720546,384.95994763093,386.3543213772784,37504500
2026-04-15,409.5602722167969,412.69755239260473,395.1287651714373,396.3936283702306,45063400
2026-04-16,418.56378173828125,419.12151906860663,410.4765600541581,418.16537187855886,41642400
2026-04-17,421.0835876464844,429.83808848207923,418.99205736838906,423.10539315661504,48568200
2026-04-20,416.38262939453125,421.6213787702164,414.6197538627068,419.4501847919345,27582200
2026-04-21,422.44805908203125,425.4558591722327,415.51615872358184,418.54386715015573,32048500
2026-04-22,431.1726989746094,431.9495495900464,421.9600330275293,424.4698510786937,29378200
2026-04-23,414.07196044921875,421.9500379562064,409.7494810939023,418.19526527607866,38308000
2026-04-24,422.90618896484375,423.23487407473965,414.12178001797366,415.28707116170386,27457400
2026-04-27,423.1053771972656,425.38611256831246,415.3866572294081,420.6752229306716,30867300
2026-04-28,427.5174865722656,428.1847957314844,420.197146128082,422.8563830057505,30438100
2026-04-29,422.7467956542969,425.0972860808559,418.59364353468584,422.866306449911,38288300
2026-04-30,406.1341552734375,412.74737011555624,396.4035989759817,409.15192465494977,70909400
2026-05-01,412.76727294921875,415.4264794885345,408.7834174283456,411.1338775963461,31372400
2026-05-04,411.9505615234375,419.0816663151199,409.14193618030583,409.87897009526375,28066500
2026-05-05,409.7196350097656,415.09783400354706,407.1500311208482,413.6437352165572,25700900
2026-05-06,412.2891845703125,416.73120520087787,403.4748984673602,406.3532485673598,30285900
2026-05-07,419.07171630859375,426.25263786097554,417.06984955189336,418.41437649189606,34942400
2026-05-08,413.44451904296875,416.9403619714099,412.32904436576047,415.70537649227293,33383800
2026-05-11,410.99444580078125,411.02432350049145,403.86334099070683,406.22377045102496,35657900
2026-05-12,406.1241760253906,413.8229876767416,404.9987623844293,412.8071154720842,38594200
2026-05-13,403.57452392578125,404.6700902960666,399.41140211310335,401.57265715241186,29667100
2026-05-14,407.7774963378906,410.1777730080913,399.2620170659624,402.847493220503,27077500
2026-05-15,420.2170715332031,426.4418454559798,411.2434277199191,412.5979239362014,50771200
2026-05-18,421.83056640625,423.40417602339767,413.9325494355234,414.93848271907115,32564100
2026-05-19,415.7352600097656,430.9535870211983,414.808990493047,428.16486989475214,33018700
2026-05-20,419.36053466796875,420.3963455784958,409.63991780241736,412.49835957243755,27864000
2026-05-21,418.3025207519531,425.5388979071037,414.92886694253497,423.9518891931334,31393500
2026-05-22,417.7835388183594,423.60257118762803,415.54772693408205,418.7517174636334,22390300
2026-05-26,415.248291015625,418.9812539216563,412.24393696715845,415.6475333356961,30398000
2026-05-27,411.8946228027344,415.15846763645,408.8104019854481,410.23773822181624,28901500
2026-05-28,426.18768310546875,428.68298564682067,411.89461329838434,412.2040283766931,47250500
2026-05-29,449.3940124511719,449.48383969057267,431.54760317786213,431.7372486144539,79654400
2026-06-01,459.6546936035156,465.4438139523178,457.40892124774234,463.96658383705716,53628900
2026-06-02,440.48077392578125,452.64787129328397,439.6024225764256,446.0403151791343,37036800
2026-06-03,426.53704833984375,439.56254639446627,423.45285793258154,437.62618910935214,39037000
2026-06-04,427.2456970214844,435.33048350032107,425.60879436274143,434.9911260035114,26899500
2026-06-05,415.8870849609375,428.66302140752947,413.6213308264138,427.5351398188391,34782200
2026-06-08,410.9663391113281,416.37616844333525,407.79232157753756,413.3618539280056,32086700
2026-06-09,402.6520080566406,411.20591258759293,397.7312786929967,408.26144336727174,35317300
2026-06-10,396.61334228515625,404.2789346443135,396.41373636313654,397.80110870103243,32576000
2026-06-11,389.6065673828125,396.1043451719433,383.278483574852,394.46741202742857,47224100
2026-06-12,390.00579833984375,391.003919361718,381.55171206615995,390.6945042817559,34865800
2026-06-15,399.0088806152344,400.99513175706005,392.11186050588947,396.05442037645633,32266400
2026-06-16,393.0899963378906,396.094350419825,389.9559121071713,395.0463355104342,31506800
2026-06-17,378.1980285644531,389.6364865987809,376.6110198431126,389.51671695343225,41987800
2026-06-18,378.6871032714844,380.6534028700893,372.5786075934489,377.11008548581106,59714200
2026-06-22,366.6497802734375,380.9129385065033,366.3802985575179,375.0339909424311,45171100
2026-06-23,373.23736572265625,376.51120135394876,369.9735210485466,371.6802994138851,40647600
2026-06-24,364.7733154296875,378.16811350773463,364.09460041679364,370.87185096853153,44509900
2026-06-25,352.1670227050781,363.5456265920902,348.54386902384044,362.0883479855026,66179000
2026-06-26,372.2691955566406,375.90234020580533,354.762144454129,356.4789138154501,186201600
2026-06-29,367.8774719238281,379.7850483907747,359.2237492715265,376.790685328561,51229900
2026-06-30,372.319091796875,373.44697342275583,366.7595808670141,370.3328407149792,44945700
2026-07-01,383.5579528808594,388.09939143880604,374.18561213385976,380.1144231011508,48065800
2026-07-02,389.7562561035156,391.4630649298244,382.97903650468743,383.7575696594082,42128900
2026-07-06,386.0133056640625,388.418780928489,380.5036887115837,386.31276024010407,34224500
2026-07-07,388.109375,394.8267404517197,387.4905448392632,391.75251064257776,29297500
2026-07-08,382.6197204589844,384.58602015004215,380.6134873969759,383.3084264217563,25908300
2026-07-09,383.6377868652344,383.92725049460796,372.64849496928053,373.74643420118315,31083200
2026-07-10,384.37640380859375,391.1736053926777,380.783162110783,387.07131223677504,24644600
2026-07-13,390.2553405761719,392.91034623109437,383.4281962321871,387.02143811329415,28914900
2026-07-14,384.20672607421875,387.46061042423804,377.93852713765,382.1007052927433,27863900
2026-07-15,394.8866271972656,398.2103568181361,385.6739591427675,387.07132248997675,36253700
2026-07-16,400.3463439941406,405.2271399033625,391.31333055964967,397.56157784187184,37047400
2026-07-17,393.08001708984375,397.64143734197864,388.6583483977542,394.1180409920291,33049800
2026-07-20,401.53411865234375,402.4224305318551,388.91785418191677,390.67455694621333,27915800
2026-07-21,397.00262451171875,400.7156358198418,395.57531880381754,398.0606303262699,24126600
2026-07-22,389.6065673828125,400.246541441447,386.2329133568751,398.8291961465565,28142500
2026-07-23,380.8630065917969,391.04385321150613,376.68090752842744,389.23725659651495,30351800
2026-07-24,380.9828186035156,388.29903252889795,379.9347732203772,386.32274187573427,27659400
2026-07-27,388.368896484375,393.45931979821836,387.2609663085435,389.3470355932277,27856200
2026-07-28,392.61090087890625,399.56780545733704,390.5647345556998,392.4212554523594,32367500
2026-07-29,389.8061828613281,400.4960502148319,388.00954678983055,392.6607942930367,47209000
2026-07-30,450.2524108886719,457.8281459885008,431.6274684759506,437.07720086969465,110160700
2026-07-31,463.8468017578125,465.962813447145,448.4857046349594,449.1544591210436,60846000
2026-08-03,486.73370361328125,490.7261876465455,474.10747895013026,475.2353605631651,66762100
2026-08-04,491.884033203125,498.50158065157444,478.2696778930625,479.99640781848416,50455500
2026-08-05,486.5440673828125,497.3038108374591,484.7674131728324,495.42733843271316,33388900
2026-08-06,498.9207458496094,500.61756372489685,487.60205742358346,487.6319998350186,36441500
2026-08-07,499.0505065917969,504.23075699317457,497.79289485093346,498.2719734340298,28846200
2026-08-10,505.109130859375,512.7647021753171,501.32624359045303,502.4940586092805,31206100
2026-08-11,502.86334228515625,504.38047525067043,498.61133704649393,503.3823542433026,23049800
2026-08-12,491.5047302246094,500.557695253814,490.59643643442394,499.0505227551261,29001500
2026-08-13,495.9463806152344,500.3979918654044,492.0836571155829,492.34314786956145,23039000
2026-08-14,494.4691467285156,499.07050046550256,492.991947114923,495.42733437790497,16217600
2026-08-17,479.44744873046875,491.73431632358415,477.51109147171053,489.21906226283284,29635800
2026-08-18,480.72503662109375,483.36006030134655,476.2534434403709,480.6352093836093,24087600
2026-08-19,483.3999938964844,488.3806080919379,478.4592826108848,479.16797047398614,19961900
2026-08-20,481.1499938964844,484.1600036621094,479.5,483.29998779296875,20020800
2026-08-21,483.239990234375,486.3599853515625,478.5299987792969,479.8800048828125,22510800
2026-08-24,487.30999755859375,490.6050109863281,481.8599853515625,483.2049865722656,16754809
