Date,Close,High,Low,Open,Volume
2021-08-24,290.4326171875,293.34058919776106,289.8375910575891,292.7359564242879,18175800
2021-08-25,289.84716796875,292.3232508043783,288.32120551480375,292.0449217665508,20006100
2021-08-26,287.0448303222656,290.2503159413958,286.9104837323351,288.8683063071112,17666100
2021-08-27,287.6494140625,288.75309439464974,284.87578862252496,286.9488027198427,22605700
2021-08-30,291.3636169433594,291.9682498481404,288.9355079671407,288.9930892639242,16348100
2021-08-31,289.72247314453125,292.2369539074186,289.3577720955228,292.16018861273085,26285300
2021-09-01,289.6744384765625,292.8991369938273,289.34813475379116,290.6725629329241,18983800
2021-09-02,289.0218505859375,291.14283957172955,288.0909139976585,290.02958175450493,16285600
2021-09-03,289.0123291015625,290.4135229329207,288.16776428642396,288.8683465578248,14747900
2021-09-07,288.09100341796875,288.9643589863869,286.190761650003,288.8875936708222,17180400
2021-09-08,288.1197204589844,288.50360551584674,285.49007706649724,287.70704475507114,15046800
2021-09-09,285.2789611816406,289.97204208683576,285.0390293387629,288.705194927188,19927000
2021-09-10,283.8009338378906,287.84140660459923,283.48423673576656,286.4018157451152,19633400
2021-09-13,285.0294189453125,286.51701392472955,282.2366088163071,285.56686392320825,23652900
2021-09-14,287.7166748046875,289.2522444456008,286.0947332155957,287.49592696697243,21853400
2021-09-15,292.5440673828125,293.02393100782655,289.66488563272827,291.0468952158528,28356300
2021-09-16,292.9279479980469,293.0143199346179,288.647572728406,291.52675443497674,19550800
2021-09-17,287.79339599609375,292.2369376988319,287.4670922568032,291.92024060405146,41372500
2021-09-20,282.4477233886719,286.68973080217256,277.860228217035,284.3959685720782,38278700
2021-09-21,282.9276428222656,285.5573159726547,282.2270605228024,283.78181431814966,22364100
2021-09-22,286.5553283691406,288.12929500202966,282.6492610078595,284.77985651789885,26626300
2021-09-23,287.4959411621094,288.78197237941265,285.5476956875188,286.8145429004646,18604600
2021-09-24,287.29437255859375,287.72623226962907,284.9718196101101,286.2194826708354,14999000
2021-09-27,282.322998046875,284.53035916304015,281.142522901756,284.21366203503686,23571700
2021-09-28,272.1018371582031,279.0694657966121,271.36285777992146,278.12892262453175,43186200
2021-09-29,272.5626220703125,275.2210568191589,271.6125011755757,273.6183282247758,26353700
2021-09-30,270.56634521484375,276.23830803362955,270.27840943903544,274.20369075422246,32343600
2021-10-01,277.4571533203125,278.301717984921,269.96168585473896,270.7582465838053,30086300
2021-10-04,271.7083740234375,276.16152262576014,268.96356808295144,275.82561222271863,31350700
2021-10-05,277.1308288574219,278.70476619683035,272.6104927683687,272.6104927683687,24993000
2021-10-06,281.30560302734375,281.8046798760864,274.01170032174,274.27081610113123,28002600
2021-10-07,282.9755859375,284.6935059183277,282.08304662293614,283.2922830435044,20430500
2021-10-08,282.9755859375,284.6935059183277,281.92948674808355,284.2904075857707,17685700
2021-10-11,282.3805847167969,285.96995558239155,280.96017771512624,281.12334424926865,19298600
2021-10-12,281.0849609375,283.5418606976777,280.57630659547624,283.4458821015579,17974100
2021-10-13,284.376708984375,285.30764535887187,281.67027177746104,283.03309702338566,23416300
2021-10-14,290.5574951171875,291.0565428638463,285.83562301972944,287.16005163079296,27262900
2021-10-15,291.9585876464844,292.1889420783388,288.4171921254101,290.16390256494424,25384800
2021-10-18,294.91461181640625,295.7975445356027,290.49986035476513,291.3444250695116,22729300
2021-10-19,295.8167419433594,296.8436278454899,294.8474080448137,295.93190452763184,17682100
2021-10-20,295.02978515625,297.22756896603414,293.7821220408967,296.75728265313415,16537100
2021-10-21,298.24481201171875,298.49432114907256,294.02198921283684,294.79939513287235,16918100
2021-10-22,296.70928955078125,298.56155617287357,295.40404521926826,297.8993420062516,17449300
2021-10-25,295.72076416015625,296.9396072317386,294.1180067552253,296.90120994069343,17554500
2021-10-26,297.6210021972656,299.81878579139044,296.1718339720267,298.4751735047065,28107300
2021-10-27,310.15509033203125,312.9670843453073,303.27383257307736,303.27383257307736,52588700
2021-10-28,311.2875671386719,311.78661480927093,308.41796248920383,311.2683538472866,26297900
2021-10-29,318.2648010253906,318.62950212965984,310.8557042019177,311.07645205149026,34766000
2021-11-01,316.1054382324219,318.14005582207426,313.22625576663637,318.01528656238753,27073200
2021-11-02,319.7139587402344,320.02107850414706,316.71000761817237,317.00752073679007,26487100
2021-11-03,320.54888916015625,321.4126377941951,317.3337971387141,320.45291058114077,21500100
2021-11-04,322.8906555175781,322.98663410539643,316.2397523503642,319.48363531417436,23992200
2021-11-05,322.52593994140625,325.1460058993081,320.95200246852335,324.8772834386426,22570100
2021-11-08,323.41845703125,324.05188049254014,320.9711644072854,323.7159701176598,20897000
2021-11-09,322.42041015625,325.07884433236194,321.0575844525398,323.5336680917774,21307400
2021-11-10,317.477783203125,321.1535552109362,316.63324777065986,321.0959739152807,25500900
2021-11-11,319.0421142578125,320.328145224204,317.1994543880921,317.90964316198944,16849800
2021-11-12,323.15936279296875,323.64883306583664,320.34736896230555,320.47213819174647,23831000
2021-11-15,322.5356140136719,324.2727183705063,320.5777617974973,323.9464145492368,16723000
2021-11-16,325.8370361328125,326.95032335349225,321.99812680159425,322.16126404658087,20886800
2021-11-17,326.0581359863281,329.0098960712893,324.9812796361216,325.8850760747881,19053400
2021-11-18,328.12530517578125,329.2598774584323,324.1351564442823,325.1543261152059,22463500
2021-11-19,329.8945007324219,331.8078723346504,329.0195768042026,329.44263177761013,21963400
2021-11-22,326.7407531738281,336.20177166262135,326.4715391090011,331.34626493417426,31031100
2021-11-23,324.6736145019531,326.3754584116151,320.7123087229874,324.067875438659,30427600
2021-11-24,324.8946838378906,325.13505455813925,321.0487523139128,323.3274620471291,21661300
2021-11-26,316.98175048828125,324.9139862915625,315.4818391564863,321.4718896050423,24217200
2021-11-29,323.6640625,325.9716160847785,321.84684534637535,322.03915370433015,28563500
2021-11-30,317.856689453125,324.7697551795586,316.31831064916247,322.4045150069706,42885600
2021-12-01,317.3663330078125,326.2119893836903,316.7029366546509,322.2218403334276,33337600
2021-12-02,316.799072265625,320.64500484816296,315.17416340213174,317.577871266218,30766000
2021-12-03,310.5686950683594,319.88546954113923,305.7804982116358,319.20279534885117,41779300
2021-12-06,313.6261901855469,314.8376683407075,306.93427569570224,311.4724773249387,30032600
2021-12-07,322.0199279785156,322.8660084465521,317.38557246325246,318.86626463105284,31021900
2021-12-08,322.0680236816406,322.5776085960502,318.05862588929494,322.394924443513,24761000
2021-12-09,320.2699890136719,323.5294010834797,319.3277251227278,321.5295293799617,22214200
2021-12-10,329.346435546875,329.7887095654795,321.894941380308,322.0776255201496,38095700
2021-12-13,326.32733154296875,330.5482560904691,326.01964993405755,327.5580286364802,28899400
2021-12-14,315.6933898925781,321.75075164875943,311.6263053995195,320.38543259627,44438700
2021-12-15,321.76031494140625,322.279524033455,312.0012673025278,315.95294877643335,35381100
2021-12-16,312.3858642578125,323.78906948093504,310.5782712717892,322.7794945853097,35034800
2021-12-17,311.3282775878906,312.4051635201681,305.03057377478706,308.5207628124847,47750300
2021-12-20,307.5881042480469,310.3667755304143,305.3382370063855,307.72269664260455,28326500
2021-12-21,314.6838073730469,315.10686227817746,307.48227910762097,310.8378750297764,24740600
2021-12-22,320.36614990234375,320.7603321144237,313.203089758129,315.65485969090975,24831500
2021-12-23,321.79876708984375,323.4333000256045,319.91426851160736,319.9334876096026,19617800
2021-12-27,329.2599182128906,329.2887615338592,322.5102876848739,322.5391310058425,19947000
2021-12-28,328.1060791015625,330.5674732743384,327.21190693909,329.93289096293216,15661500
2021-12-29,328.7791748046875,331.0386367329647,326.5965892757154,328.1541872836197,15042000
2021-12-30,326.25048828125,329.91373694625986,325.7697466785753,328.7407262620481,15994500
2021-12-31,323.3659973144531,326.288884758608,322.9140990920403,325.47164761227714,18000800
2022-01-03,321.8564758300781,324.9812959837682,317.0779035290574,322.4333715730328,28865100
2022-01-04,316.3375244140625,322.28910640339575,313.5588245196175,321.9333330536582,32674300
2022-01-05,304.1940002441406,313.51077298431005,303.80941290749814,313.30884042531306,40054300
2022-01-06,301.7903747558594,306.42473117892956,299.4924156466347,301.0884814026268,39646100
2022-01-07,301.944091796875,304.30933146545493,298.1462226847042,302.0498408294342,32720000
2022-01-10,302.1652526855469,302.59793177360086,292.9542584305184,297.56936510647546,44289500
2022-01-11,302.8479309082031,304.41512357671206,297.95398587837894,301.3095522143525,29386800
2022-01-12,306.0111999511719,310.95323691547827,304.8670327735876,307.3572996957186,34372200
2022-01-13,293.06005859375,308.52072440499325,292.2908837943043,308.1265127840826,45366000
2022-01-14,298.2520446777344,298.84815945566663,292.0504674590349,292.53120896925554,39846400
2022-01-18,290.9928894042969,297.86748852909545,290.1179361568295,292.358208481325,42333200
2022-01-19,291.6466064453125,301.81911235300396,291.04089684223516,294.49261706590465,45933900
2022-01-20,289.9833068847656,299.6462002381442,289.541032877528,297.16558676731063,35380700
2022-01-21,284.6278381347656,292.39660859622313,284.22400232617673,291.03131903917586,57984400
2022-01-24,284.9547424316406,285.6662305381032,265.4173987440913,280.9453743252705,85731500
2022-01-25,277.37823486328125,283.627874669316,274.18613344698997,280.29152732225515,72848600
2022-01-26,285.2815856933594,296.6174774054617,281.7433356306015,296.12711173242496,90428900
2022-01-27,288.29107666015625,295.46373205879246,286.4546404978711,291.0024659264915,53481300
2022-01-28,296.38677978515625,296.5983072336974,283.1087009699881,288.666071926605,49743700
2022-01-31,299.0020446777344,300.34811523788875,294.5695920371354,297.05023502997614,46444500
2022-02-01,296.8675231933594,298.6654918462446,293.37733494145994,298.45396439636784,40950400
2022-02-02,301.3865051269531,302.98257070424955,296.9829251353378,297.70403751014493,36636000
2022-02-03,289.6467590332031,299.2423701113963,288.40643772478234,297.5693697082304,43730000
2022-02-04,294.1561584472656,296.9059861831538,288.41610284488047,288.6468494123292,35096500
2022-02-07,289.35833740234375,295.9829403994106,288.3487625883948,294.37728012769503,28533300
2022-02-08,292.8293151855469,293.79079836630905,288.3968918064597,289.64680820459523,32421200
2022-02-09,299.2231750488281,299.91544411863055,295.55033156667764,297.9347910965561,31284700
2022-02-10,290.73321533203125,297.2136009412112,289.1179310391646,292.3292805293152,45386200
2022-02-11,283.676025390625,292.56974542474626,282.88760208602713,291.51210798469305,39175600
2022-02-14,283.63751220703125,285.3297318388345,280.128104788829,282.45487744042305,36359500
2022-02-15,288.8968811035156,289.2141576740427,285.5797520645728,288.4546070123702,27058300
2022-02-16,288.5595703125,289.8795209046397,282.95216192287677,287.47084335612135,29982100
2022-02-17,280.1100158691406,285.95826419364323,279.40667124960413,285.5343344781432,32461600
2022-02-18,277.4122009277344,283.1255769619088,275.8513825955601,282.3451677958216,34264000
2022-02-22,277.2099304199219,280.8903974019096,274.1075520292779,274.58928762159644,41736100
2022-02-23,270.03204345703125,281.04454083688285,269.8682698302373,279.58004589911764,37811200
2022-02-24,283.8289794921875,284.3781651371424,261.6016916782459,262.55554816759064,56989700
2022-02-25,286.4495849609375,286.75790276376836,280.9963351099328,284.3588691791243,32546700
2022-02-28,287.87554931640625,288.212770094987,282.29704319923974,283.5591880367457,34627500
2022-03-01,284.1758728027344,289.0124881625568,281.4781355105427,285.57288855148806,31217800
2022-03-02,289.2243957519531,290.45763760043087,282.97147763773455,284.57081381078126,31873000
2022-03-03,285.1103515625,292.0569692471533,283.3086360922176,291.82574561580225,27314500
2022-03-04,279.271728515625,284.8598787290603,276.68001821827283,283.53992798121607,32356500
2022-03-07,268.7217712402344,279.1079901922431,268.35564745891236,277.9903600081898,43157200
2022-03-08,265.7734680175781,273.58720332577195,260.1371570672282,267.65221873249476,48159500
2022-03-09,277.9613952636719,279.02121928908525,270.5233976527745,273.0862341495731,35204500
2022-03-10,275.15771484375,276.13083008813146,270.33071510240313,272.68158699777644,30628000
2022-03-11,269.8393859863281,278.93455646472097,269.2227503051047,277.44115846333716,27209300
2022-03-14,266.34197998046875,274.9746736705197,265.74463254293596,270.0995117672135,30660700
2022-03-15,276.6607971191406,277.3063358721881,268.5483846755829,270.10920358547907,34245100
2022-03-16,283.6363220214844,283.80973979385806,272.8550761301039,278.54916547604324,37826300
2022-03-17,284.4359436035156,284.81168204871824,278.7996317030362,282.576451409173,30816600
2022-03-18,289.4555358886719,290.004721321267,282.0368281012011,284.58037581602645,43390600
2022-03-21,288.2320861816406,289.1762986686458,284.12768891305694,287.9719595079404,28351200
2022-03-22,292.9530029296875,293.85866806216893,287.856232880349,288.8486068783485,27599700
2022-03-23,288.54998779296875,292.1533901687108,286.84465430957243,289.53274726035676,25715400
2022-03-24,292.9915771484375,293.08793014220737,287.42271518108265,288.21276856606795,24484500
2022-03-25,292.5869445800781,294.3404693263562,288.3573210468133,294.0803426717011,22566500
2022-03-28,299.35052490234375,299.4468485037341,293.2131884282858,293.2131884282858,29578200
2022-03-29,303.88848876953125,304.2835155341289,297.7607959614938,302.443281807603,30393400
2022-03-30,302.3950500488281,304.40873068688376,300.1983369373926,302.2987264531988,28163600
2022-03-31,297.0478210449219,303.6283461991608,296.64317958234875,302.43362184596117,33422100
2022-04-01,298.1172790527344,298.8013353889546,294.3790059993479,298.0690878498517,27110500
2022-04-04,303.4645080566406,303.5993787276326,298.39664041936675,298.76276415932574,24289600
2022-04-05,299.5240173339844,303.3682591165135,298.5509017337688,301.82669887347197,23156700
2022-04-06,288.5595703125,295.7856029580551,285.8714779355689,294.041722765152,40110400
2022-04-07,290.361328125,292.55804141565983,285.52471299808303,285.82338673563873,31411200
2022-04-08,286.1219787597656,290.12037745533155,285.45718142982423,289.4652242441084,24361900
2022-04-11,274.8397521972656,281.9212406623146,274.58924032351246,281.1312167731274,34569300
2022-04-12,271.75665283203125,280.11957482236716,270.24399616662504,278.6743681898196,30966700
2022-04-13,277.113525390625,278.03844932142886,271.02438159032954,272.40216747180386,21907200
2022-04-14,269.6081237792969,277.7783698621316,269.1167734779353,277.56640502923614,28221600
2022-04-18,270.27294921875,272.1420858288505,268.1725889134815,268.72177459231517,20778000
2022-04-19,274.87835693359375,275.7166016837058,268.2400548017216,269.17462316196963,22297700
2022-04-20,275.89959716796875,279.1176168323527,274.9457700942281,278.8285578322928,22906700
2022-04-21,270.5523986816406,282.58614693419463,269.82979513911937,278.0385607971482,29454600
2022-04-22,264.01995849609375,272.8550005549341,263.393708222996,271.3905058085866,29405800
2022-04-25,270.4656677246094,270.84140624661075,260.8791164146194,263.3070829372568,35678900
2022-04-26,260.3492431640625,268.19188507903243,260.137278279722,267.3633137874921,46518400
2022-04-27,272.87432861328125,280.34123080111425,268.9626376903315,271.7952455176826,63477700
2022-04-28,279.05010986328125,280.3508015911793,271.1785388721603,274.7722962798131,33646600
2022-04-29,267.38250732421875,279.2910262219157,266.3997773201998,278.0673990236614,37073900
2022-05-02,274.07861328125,274.53144585501184,266.12997704590924,267.56553951466765,35151100
2022-05-03,271.4869384765625,273.7511018849256,269.9164755719785,273.5872988286567,25978600
2022-05-04,279.38739013671875,280.25450833918546,266.62139669213593,272.26732383050563,33599300
2022-05-05,267.21868896484375,275.8899280048962,264.3186318325519,275.1095188435156,43260400
2022-05-06,264.6944580078125,269.04933732325316,261.36082642726797,264.77152276793004,37780300
2022-05-09,254.9151611328125,262.4109648333538,253.701207586284,260.1949931476496,47726000
2022-05-10,259.655517578125,263.7502706382624,255.38734673917406,261.765522095456,39336400
2022-05-11,251.0323944091797,261.44751510704526,249.82805548109343,255.97500607449467,48975900
2022-05-12,246.0223846435547,250.38690814257984,240.88708121967693,248.27690379509,51033800
2022-05-13,251.58163452148438,253.4315124530301,246.02241541005975,247.94935811246427,34925100
2022-05-16,251.94773864746094,256.1099416160169,246.43668177320907,250.46398464979046,32550900
2022-05-17,257.0733947753906,258.5282163055622,252.87264501904795,256.3893090476885,28828800
2022-05-18,245.368896484375,254.56250844134237,244.10381205020883,253.98307348210693,31356000
2022-05-19,244.46112060546875,248.83582357923467,243.24432488041336,245.19505877898175,32692300
2022-05-20,243.90106201171875,249.67605030957378,237.99088889238988,248.42060269458278,39199300
2022-05-23,251.71363830566406,252.53450204595984,244.74117401105033,246.73055952174275,33175400
2022-05-24,250.71900939941406,252.3703743626756,244.80883629191553,249.04834073920725,29043900
2022-05-25,253.5195770263672,255.50894824222092,248.31438673907394,249.28976865012686,28547900
2022-05-26,256.78363037109375,257.9521373499767,252.46688284359203,253.27807996316005,25002100
2022-05-27,263.87200927734375,263.96858669067194,258.38675406725025,259.27522501006564,26910800
2022-05-31,262.54901123046875,265.3495796777819,259.709805919586,263.1863868585538,37827700
2022-06-01,263.08013916015625,268.16944748829445,260.78173234380733,265.7648261496329,25292200
2022-06-02,265.1661071777344,265.2337143251771,252.63114082746247,255.38343546239255,44008200
2022-06-03,260.762451171875,264.0748772583433,259.20766358686035,261.04251687853196,28059000
2022-06-06,259.5360107421875,264.77983823030496,258.05846737616287,262.73252632143885,22400300
2022-06-07,263.1573791503906,263.76578441208926,256.8222901054273,257.49830250093424,22860700
2022-06-08,261.1390380859375,263.64023679590827,260.36644828068603,262.3944559964506,17372300
2022-06-09,255.71173095703125,263.36017868447857,255.5572129915601,258.5992099165968,26439700
2022-06-10,244.31629943847656,251.64605970485297,243.87206395245485,251.64605970485297,31422800
2022-06-13,233.95416259765625,240.4824068795414,233.24919461693813,236.70645685368288,46135800
2022-06-14,236.10768127441406,237.31482510427205,233.22983977437005,235.49927606876005,28651500
2022-06-15,243.12844848632812,246.54708847653447,237.97153296010552,239.79673406143797,33111700
2022-06-16,236.57125854492188,238.9372578860195,234.6881168136664,237.5466256119709,33169200
2022-06-17,239.15936279296875,241.91165700040483,235.6634784930398,236.31050590715876,43084800
2022-06-21,245.0405731201172,246.0159401392919,240.95558733169304,241.67987371090587,29928300
2022-06-22,244.4514617919922,248.3529589492158,241.7860787526344,243.25396979346604,25939900
2022-06-23,249.98501586914062,250.4775400388381,244.9343443692557,246.80783416507126,25861400
2022-06-24,258.5220031738281,258.7924022848079,252.747014945619,252.83392578793828,33923200
2022-06-27,255.80825805664062,259.1013202405066,254.25344159640136,259.01440942788935,24615100
2022-06-28,247.6866912841797,257.7590956249616,247.53217328681677,254.9295566345339,27295500
2022-06-29,251.3370361328125,252.9884007989355,246.99130319168566,248.75856369685934,20069800
2022-06-30,248.0246124267578,250.6320551562228,244.22935890804,248.23707094153858,31730900
2022-07-01,250.6803436279297,250.86383187727745,245.88075254538774,247.59973919232516,22837700
2022-07-05,253.83827209472656,253.96381979893323,246.0063204347822,247.37763439031926,22941000
2022-07-06,257.0830383300781,258.8020102285566,253.4036657301254,254.70738716056056,23824400
2022-07-07,259.1979675292969,259.8353431316474,255.9338452648158,256.0304226841945,20859900
2022-07-08,258.4832763671875,258.9081933182006,254.26310659903194,255.71167907622672,19658800
2022-07-11,255.44139099121094,257.3921254979939,253.1912575955396,256.5422912269058,19455200
2022-07-12,244.97299194335938,256.8223224888686,243.39887133033,256.764381930095,35868500
2022-07-13,244.05555725097656,244.85710267048802,239.60360939385333,241.61229886642806,29497400
2022-07-14,245.368896484375,246.3925521414669,237.50797609226328,241.97924175908412,25102800
2022-07-15,247.9184112548828,251.44326589652985,246.03526953214475,246.9526960395664,29774100
2022-07-18,245.5330810546875,251.89714046464383,244.6156545937457,250.84451446983314,20975000
2022-07-19,250.63206481933594,250.81555306514318,244.98262500187312,248.748908389752,25012600
2022-07-20,253.27813720703125,255.78900284248536,250.0333479953983,250.98939669680948,22788300
2022-07-21,255.75994873046875,255.80825216166474,248.21771718390667,250.88309992787572,22404700
2022-07-22,251.43356323242188,256.2331683426446,250.18781200275956,256.14625752229273,21881300
2022-07-25,249.95606994628906,252.53454268022003,248.00533571383517,252.05168504603222,21056000
2022-07-26,243.26365661621094,250.97007463688564,241.01355313399756,250.9507414709721,39348000
2022-07-27,259.5262756347656,260.79136010238045,249.97536828625238,252.2061678876976,45994000
2022-07-28,266.9333801269531,268.3143459872542,258.68616288804407,260.50171243898495,33459300
2022-07-29,271.1148986816406,272.33170936707273,267.1458230211277,268.17914544538223,32152800
2022-08-01,268.478515625,271.63639399506593,266.38290049065427,268.2950273632756,21539600
2022-08-02,265.3978576660156,268.3626103956282,263.0415102262708,266.5373945260248,22754200
2022-08-03,272.78558349609375,273.7802690088794,267.12647689627147,267.2713577584934,23518900
2022-08-04,273.9251403808594,274.0699917823572,270.5644699809408,272.1385611722735,18098700
2022-08-05,273.21051025390625,273.9251301220604,269.1255240569013,269.5794114121241,16774600
2022-08-08,270.7093200683594,276.11733164460054,269.74360476800535,274.31141927705306,18739200
2022-08-09,272.621337890625,273.3745944260837,268.0921320968785,270.05256187655357,23405200
2022-08-10,279.2462158203125,279.8739248174104,277.1023268586765,278.29016718582943,24687800
2022-08-11,277.1795959472656,281.2259454287706,276.6871011826993,280.8783020655473,20065900
2022-08-12,281.9019470214844,281.9019470214844,277.10234096743113,278.58955073001846,22619700
2022-08-15,283.4084777832031,284.09412741241835,280.1636589641089,281.02315975011504,18085700
2022-08-16,282.6744384765625,283.95885597173196,280.4629722748616,281.97912247538005,18102900
2022-08-17,281.9293518066406,283.8939138882916,280.1389803646201,280.4002663240658,18253400
2022-08-18,280.8163757324219,282.50027733774294,279.76148592010856,280.8357203997343,17186200
2022-08-19,276.92596435546875,279.9260419302894,276.35498651754625,279.5873182545467,20570000
2022-08-22,268.7967834472656,273.3549492553272,268.2838690742468,272.98719375507784,25061100
2022-08-23,267.52899169921875,269.8709667468448,266.5225077065828,267.52899169921875,17527400
2022-08-24,266.89990234375,268.29348622669727,266.24179973569437,266.53214693938304,18137000
2022-08-25,269.8612365722656,270.02574005918285,265.670798197986,268.3902150863817,16583400
2022-08-26,259.4481201171875,271.3032415870308,259.34168014145877,270.0838482135881,27549300
2022-08-29,256.6803283691406,258.7803619357156,255.34480790841272,257.2803379595906,20338500
2022-08-30,254.4931640625,258.44163228050394,252.25762926790654,258.07390638773194,22767100
2022-08-31,253.04156494140625,258.49974524528255,252.90606363880963,256.83521747406513,24791800
2022-09-01,252.0060577392578,252.48028278075003,247.17691873542924,250.5253781319082,23263400
2022-09-02,247.80592346191406,256.20611724920184,246.26718053225406,253.2641326770218,22855400
2022-09-06,245.08648681640625,249.51883753175827,243.8187170261839,247.9414053865417,21328200
2022-09-07,249.7704620361328,250.4865986759276,245.057451273247,246.48973931975843,24126700
2022-09-08,250.1865692138672,252.0350037013984,246.57681030193243,249.20914675609086,20319900
2022-09-09,255.9351043701172,256.68030226569743,251.8995411627663,252.10276352799647,22084700
2022-09-12,258.0545654296875,258.828795252262,256.61260484004885,257.21261449388913,18747700
2022-09-13,243.86712646484375,252.0060195193781,243.4800115748494,250.49630836570796,33353300
2022-09-14,244.0897216796875,246.03492427019088,241.8057953877336,245.3574916342139,23913000
2022-09-15,237.47018432617188,243.29611908968658,236.15402331387534,241.71867215528192,31530900
2022-09-16,236.850830078125,237.3927761581187,234.2572119949683,236.38629220933913,39791800
2022-09-19,236.6378936767578,237.23790323040416,233.0861980227324,234.65397254260654,26826900
2022-09-20,234.63462829589844,235.66045686379198,231.91521092748422,234.26688762643548,26660300
2022-09-21,231.24742126464844,239.67666009077757,231.19903006597912,236.39593765111695,28625600
2022-09-22,233.21202087402344,235.99918898239684,229.91195323025747,230.20227093577722,31061200
2022-09-23,230.25062561035156,233.35715746883162,227.618303873853,231.81840003910415,34176000
2022-09-26,229.79583740234375,233.66689809479655,229.26356360374658,229.40873723986832,27694200
2022-09-27,228.7893829345703,234.00563696474197,226.94094779017033,232.24429714749994,27018700
2022-09-28,233.2991180419922,234.5184966384645,227.16347665591098,229.17642964868273,29029700
2022-09-29,229.84417724609375,232.21519843693235,226.85378707356358,231.18936994540456,27484200
2022-09-30,225.39244079589844,232.7861640901867,225.22792253383935,230.60869305076636,35694800
2022-10-03,232.97975158691406,233.82170241211634,227.0957386105692,227.8215623611014,28880400
2022-10-04,240.8573760986328,242.28966427196394,237.08308345370094,237.18953820241006,34888400
2022-10-05,241.16705322265625,242.50257374872547,236.23146021082852,238.0605356080036,20347100
2022-10-06,238.834716796875,242.27028548507374,238.1476119193884,239.9379683013216,20239900
2022-10-07,226.68927001953125,233.54104772265964,225.65375442204814,233.13457344372063,37769600
2022-10-10,221.86013793945312,226.99896799750226,219.42136587622,225.5376480865996,29743600
2022-10-11,218.1439208984375,221.67625738261597,216.8858233948525,220.28267336430167,30474000
2022-10-12,218.47293090820312,220.51491548211942,216.7406381971181,218.1342072790965,21903900
2022-10-13,226.68927001953125,228.4893134395643,212.06634085274027,212.76313280674802,42551800
2022-10-14,221.1923370361328,229.5925438135571,220.9794275826942,227.94733171572798,30198600
2022-10-17,229.8732147216797,231.2571263231049,227.5602570081076,228.21834487388986,28142300
2022-10-18,230.81199645996094,236.06695432268646,227.7828867076281,235.39920874972353,26329600
2022-10-19,228.8570556640625,231.88616474151667,226.73764801989628,229.39900168382854,19985700
2022-10-20,228.53770446777344,233.53137553473397,227.29896641864062,228.16996380022994,21811000
2022-10-21,234.31524658203125,235.16688446931025,226.94088233766772,227.17315124335872,26299700
2022-10-24,239.2798614501953,239.85083917309356,233.52166349102654,235.90235677531274,24911200
2022-10-25,242.57997131347656,242.94771196115997,237.90566472884615,239.28956155004425,34775500
2022-10-26,223.86341857910156,230.61841449713438,222.64402516459023,223.71824496136685,82543200
2022-10-27,219.4407196044922,226.15701124638468,218.50198634809382,223.5924250678105,40424600
2022-10-28,228.26675415039062,228.97323332024203,218.7633083498998,218.94718608542487,40647700
2022-10-31,224.64732360839844,227.34738181471067,223.69890315195386,226.22477072356645,28357300
2022-11-01,220.81495666503906,228.14094541319034,220.00203754140927,227.0376938120004,30592300
2022-11-02,213.00506591796875,223.84403012553616,212.94698761825015,222.06334620744084,38407000
2022-11-03,207.34365844726562,213.3050945982589,207.08235775345725,212.9954026993864,36633900
2022-11-04,214.2534942626953,214.447044310669,206.5500783111964,210.5372801806807,36789100
2022-11-07,220.52464294433594,221.047244401779,214.14707406489467,214.8341938279996,33498000
2022-11-08,221.49237060546875,224.18275612145348,218.5600438397234,221.32785232766216,28192500
2022-11-09,217.27293395996094,221.26013615245242,217.09874333274988,220.04074269428185,27852900
2022-11-10,235.1475372314453,235.4862608906142,227.42477661146236,227.84090847628838,46268000
2022-11-11,239.1444091796875,239.99604710310476,234.1313788126477,235.15722211445575,34620200
2022-11-14,233.76364135742188,236.0475673740293,231.49907477577239,234.18946032496393,31123300
2022-11-15,234.1701202392578,239.03797746539766,232.2926536001012,237.74117578758222,31390100
2022-11-16,234.5971221923828,236.60604855552322,233.3257795259496,235.62584176038104,24093300
2022-11-17,234.548583984375,236.07226408161256,230.61810181463593,230.76366974368625,23123500
2022-11-18,234.10214233398438,236.5477869566877,231.97676193163215,236.32456307646515,27613500
2022-11-21,234.90768432617188,237.45036963154155,234.07306028423957,234.3059689787537,26394700
2022-11-22,237.79971313476562,238.0714497781423,233.60719434514203,236.40220193537894,19665700
2022-11-23,240.27450561523438,240.95384732065142,237.06217820148206,237.8773882479825,19508500
2022-11-25,240.1871795654297,241.36146712631268,239.44959583276983,240.01248322560096,9200800
2022-11-28,234.62625122070312,239.3719587460741,233.69458675417982,238.8187857456771,24778200
2022-11-29,233.2384490966797,235.62585219825684,231.18100986954173,234.2768683035418,17956300
2022-11-30,247.6114044189453,247.79580032500542,232.78228328422537,233.47133933183883,47594200
2022-12-01,247.1746826171875,248.56247947765692,243.51592255366535,246.3788718348064,26041500
2022-12-02,247.4949493408203,248.50425481236772,242.32222362886404,242.44839236600893,21528500
2022-12-05,242.8172149658203,246.33040780500264,240.74036165582413,244.57380398114145,23435300
2022-12-06,237.88706970214844,244.42819318650004,236.58661356400265,243.41888770234414,22463700
2022-12-07,237.15921020507812,238.89639979977625,235.0629579890975,237.60564320065706,20481500
2022-12-08,240.09979248046875,241.4002634352855,235.88785939315616,237.61533452681962,22611800
2022-12-09,238.17820739746094,240.98292942150877,236.95539248747858,237.4794517893177,20609700
2022-12-12,245.0590057373047,245.08811932166867,239.8765804009923,240.14831706074776,30665100
2022-12-13,249.33889770507812,256.13234388565945,245.6024963823434,253.96813536884156,42196900
2022-12-14,249.63002014160156,254.84155883572362,246.80588411276605,249.54267939230644,35410900
2022-12-15,241.6623077392578,246.69916567601095,240.04158720461845,246.2333334693487,35560400
2022-12-16,237.4697723388672,242.4678019516118,236.3245836806278,241.21587335248572,86102000
2022-12-19,233.35488891601562,237.97444210459676,231.66624165874438,237.63476384948163,29696400
2022-12-20,234.66505432128906,235.74230142731602,231.38478542376703,232.33586378495446,25150800
2022-12-21,237.21746826171875,238.37235667490168,233.02494847536323,234.5583283609848,23690600
2022-12-22,231.1615447998047,234.84941820626472,226.96901129135682,234.14094822183725,28651700
2022-12-23,231.68560791015625,231.821476231181,227.03695660431103,229.14292298446298,21207000
2022-12-27,229.96788024902344,231.8797366085177,228.87121912390276,231.65652750812146,16688600
2022-12-28,227.60955810546875,232.6464155156222,227.26018028486453,229.8999205275325,17457100
2022-12-29,233.89833068847656,234.78148218567202,228.6964916617764,228.6964916617764,19770700
2022-12-30,232.74349975585938,232.87936810259998,229.67674014824095,231.18100636407286,21938500
2023-01-03,232.5105743408203,238.49851075863083,230.39489317769917,235.90729779007853,25740000
2023-01-04,222.3397979736328,225.99854338319813,219.2924526600918,225.4259564644858,50623400
2023-01-05,215.75013732910156,220.83552222933494,215.21636361108918,220.49584400645332,39585600
2023-01-06,218.2928466796875,219.09835714227594,212.87751216247153,216.4198034707522,43613600
2023-01-09,220.41822814941406,224.41666688908288,219.7291868413214,219.76800002138827,27369800
2023-01-10,222.09716796875,224.48457072526574,220.62201553173728,221.0393201111181,27033900
2023-01-11,228.81297302246094,228.98765452783252,224.29047536414728,224.46515686951886,28669300
2023-01-12,231.47210693359375,232.82109060207105,226.6681731391479,228.31800704319014,27269500
2023-01-13,232.17088317871094,232.30675151679418,227.98806347571494,230.00668936190732,21333300
2023-01-17,233.2578582763672,233.80133166035085,230.0940435204723,230.9480815858975,29831300
2023-01-18,228.851806640625,235.22794870990262,228.57037036509706,234.4418522484385,30028700
2023-01-19,225.08628845214844,228.57036731781892,223.8731729886452,226.8817052615486,28623000
2023-01-20,233.13168334960938,233.63634353931783,227.59016528126836,227.92984354153225,35389800
2023-01-23,235.42205810546875,237.9356299735096,232.578507553011,233.98573343923675,31934000
2023-01-24,234.89796447753906,236.75160844059997,233.3451855854794,235.34439747923588,40234400
2023-01-25,233.51014709472656,236.12077368624207,224.08666058005855,227.56102470477651,66526600
2023-01-26,240.6820831298828,240.98293336442927,234.85912950577273,236.46043582898827,33454500
2023-01-27,240.83737182617188,242.45809218411858,239.54661529494882,241.6428822092,26498900
2023-01-30,235.5482177734375,238.3529402272609,235.0532571701788,237.2950922529375,25867400
2023-01-31,240.49769592285156,240.6335642533175,235.78110272448055,236.26634887736424,26541100
2023-02-01,245.29196166992188,247.6502511666021,238.2267779645673,240.68212262765826,31259900
2023-02-02,256.79229736328125,256.8796381260482,249.65917223320272,251.182852423541,39940400
2023-02-03,250.7266845703125,256.4040702889057,249.5135692294624,251.8815727441677,29077300
2023-02-06,249.19332885742188,250.67818108032117,247.2620584126065,249.8435718125182,22518000
2023-02-07,259.6649169921875,260.83920438047807,252.40562393796253,252.84235731907512,50841400
2023-02-08,258.8594970703125,268.5935364835142,258.3548219727172,265.13858526081,54686000
2023-02-09,255.84121704101562,265.8955343068472,255.045406117351,265.72082315542565,42375100
2023-02-10,255.33656311035156,256.29734113427406,252.96855922241394,253.81288289399168,25818500
2023-02-13,263.31396484375,266.4971782446964,259.26699912258107,259.74256046553177,44630900
2023-02-14,264.13885498046875,266.8562210866009,261.3341185199705,264.6241010434973,37047900
2023-02-15,262.0276794433594,263.39950469785816,258.9726863891012,261.0547562578646,28922400
2023-02-16,255.05181884765625,259.51753291113,254.80858804011677,256.87118053744996,29603600
2023-02-17,251.07254028320312,253.04757304733442,249.06832101285343,252.36654467181947,30000100
2023-02-21,245.82847595214844,248.57212619836037,244.77771723097973,247.58946437392655,28397400
2023-02-22,244.69992065429688,247.45329522642257,243.5616022361045,247.2100644145277,22491100
2023-02-23,247.87164306640625,249.88558633204974,243.69779430491118,248.64024584758673,29219100
2023-02-24,242.47190856933594,244.2037105882477,241.38223939221282,243.19187704458037,24990900
2023-02-27,243.38645935058594,245.97443849874284,242.63730436651332,245.62418557007777,21190000
2023-02-28,242.66650390625,244.68046206564443,241.99518451978517,242.32598969202303,22491000
2023-03-01,239.60177612304688,244.13558648881542,239.1347623459425,243.9701913432016,27565300
2023-03-02,244.3107452392578,244.5928864350576,238.95966764159195,239.8742178244938,24808200
2023-03-03,248.37754821777344,248.69861464364337,244.58315381318207,245.3614953141732,30760100
2023-03-06,249.91476440429688,253.07676463691814,249.04886339595808,249.48667584365674,24109800
2023-03-07,247.26840209960938,250.71255821742662,246.528985881538,249.36018084473946,21473200
2023-03-08,246.83062744140625,247.64787941469785,244.01887982125263,247.1614177859818,17340200
2023-03-09,245.48797607421875,252.53193017156482,244.76800759955387,248.8932070956166,26653400
2023-03-10,241.85894775390625,245.94522176909533,240.89576339451983,244.28153159617614,28333900
2023-03-13,247.04464721679688,250.92661597294014,239.0764041542882,240.7011840514009,33339700
2023-03-14,253.7286834716797,254.00110081635123,248.9321637364231,249.79806490605014,33620300
2023-03-15,258.252685546875,259.2645337884642,252.19136451987217,252.94053423822598,46028000
2023-03-16,268.7214050292969,269.07164313641664,256.1512239726221,258.0289586598438,54768800
2023-03-17,271.8639221191406,275.65831665347815,268.8381452248547,270.7256186044692,69527400
2023-03-20,264.8588562011719,269.96670228330714,262.543294560003,269.4802407516752,43466600
2023-03-21,266.366943359375,267.5539109885018,262.2222805461307,267.43716494158167,34558700
2023-03-22,264.9172058105469,273.4302818621783,264.8101688435891,265.99713606358097,34873300
2023-03-23,270.141845703125,273.44977847868375,267.7484630649204,270.41426299778846,36610900
2023-03-24,272.9730224609375,273.0313954676099,267.826251303453,269.73317213434575,28172000
2023-03-27,268.89654541015625,273.83898269172226,268.059815935794,272.90498464073,26840200
2023-03-28,267.77764892578125,268.6630125541161,264.68373074732534,268.32248351379377,21878600
2023-03-29,272.9146728515625,273.527619165426,270.8715283691032,271.4066242065595,25087000
2023-03-30,276.3587951660156,276.7576972006701,273.8584053599599,276.53394388967973,25053400
2023-03-31,280.4937744140625,281.4375111990139,275.33729282077917,276.04753751584985,32766000
2023-04-03,279.4527587890625,280.4645776022263,276.2615716824238,278.7619618964318,24883300
2023-04-04,279.4040222167969,282.5854994542806,277.9349286652677,279.45268618193273,25824300
2023-04-05,276.6409912109375,279.3749031470758,275.2594568336865,278.11011480832366,22064800
2023-04-06,283.7043762207031,284.1713602969535,274.3934952141327,275.54153732325625,29770300
2023-04-10,281.55426025390625,281.75856581319096,277.00095709388467,281.3791115118309,23103000
2023-04-11,275.1718444824219,278.2365761916983,274.0140932371224,278.0127931758795,27276600
2023-04-12,275.81396484375,279.2386732168352,274.32539366289427,277.07878271017614,27403400
2023-04-13,281.99200439453125,282.0503774003979,275.50262448189994,275.9112355229667,24222700
2023-04-14,278.3922424316406,280.66887902365164,276.00856885442937,279.22894208294247,20987900
2023-04-17,280.9801330566406,283.70433510204543,278.4116319357609,282.0795407288976,23836200
2023-04-18,280.5618591308594,283.86008303886325,279.2386978273748,283.67522525510293,20161800
2023-04-19,280.6396789550781,281.22340905975057,276.8355460862607,278.2462667608946,17150300
2023-04-20,278.363037109375,281.20398586251105,277.3609274204324,277.52633742538336,23244400
2023-04-21,278.0224914550781,278.5186620047946,275.3955874268566,277.2927991907115,21676400
2023-04-24,274.1405029296875,277.2344206340081,271.17309965717897,274.4518454154845,26611000
2023-04-25,267.96246337890625,273.97512034038175,267.91379941457996,271.94171485112884,45772200
2023-04-26,287.37225341796875,291.45854177585926,284.80375221197545,288.6662575975103,64599200
2023-04-27,296.5761413574219,296.936147852177,287.2555509397699,287.9560567732343,46462600
2023-04-28,298.9403381347656,300.5651029592613,295.097280309873,295.7783383038111,36469600
2023-05-01,297.2863464355469,300.244040638563,296.88744444671465,298.65817141433473,21294100
2023-05-02,297.1405029296875,300.8084130116415,295.6811180076152,299.42687857918656,26404400
2023-05-03,296.1577453613281,300.25374274084976,295.8561416167109,298.3176355367741,22360800
2023-05-04,297.1405029296875,299.42687857918656,295.1849176329067,297.9480161890788,22519900
2023-05-05,302.23858642578125,303.5228521768905,296.03133165334634,297.442082171176,28197100
2023-05-08,300.292724609375,301.8007733081372,297.8020437181864,301.7326615616671,21318600
2023-05-09,298.6873779296875,301.6450723308815,298.0160586463366,299.66030098483304,21340800
2023-05-10,303.8536682128906,304.5249876536261,299.3393196181208,300.2635789224399,30078000
2023-05-11,301.71319580078125,302.695857722587,297.9674652772338,301.7034867589505,31680200
2023-05-12,300.60400390625,302.23850733013506,298.2981812741171,302.1412090972546,19774700
2023-05-15,301.0807800292969,301.50886857686805,299.26141854774806,300.73054195833356,16336500
2023-05-16,303.2991027832031,305.21576288918396,301.4408157004491,301.4408157004491,26730300
2023-05-17,306.16571044921875,306.5849748220485,302.98703781876026,304.49838322404014,24315000
2023-05-18,310.5729064941406,311.07995152372933,305.8926785291236,306.6824666262682,27276000
2023-05-19,310.3974304199219,310.7972045125446,308.47658062453104,308.83734438329236,27546700
2023-05-22,313.1665954589844,314.54141972113337,310.0757031921086,310.6509792014614,24115700
2023-05-23,307.39422607421875,314.6680896434004,307.38446605372087,312.0452031592295,30797200
2023-05-24,306.0194396972656,308.6033161721185,304.8103574976606,306.8774884337067,23384900
2023-05-25,317.7882995605469,318.7438294879401,312.0159906409768,315.1751430242443,43301700
2023-05-26,324.58441162109375,325.0816668912498,315.7992015223041,315.935693050292,36630600
2023-05-30,322.9463195800781,327.3632951279749,322.2735326633113,326.866039835357,29503100
2023-05-31,320.1967468261719,327.5583638731274,319.1631662469999,323.9994366236467,45950600
2023-06-01,324.2821350097656,325.2084444667975,316.6182558412687,317.7980580790412,26773900
2023-06-02,327.0318298339844,329.07944119711163,324.2529308237524,325.91052805965796,25873800
2023-06-05,327.5582580566406,330.11288397336966,326.31019540433937,326.8562209549611,21307100
2023-06-06,325.35467529296875,327.00251216553283,323.8823700342451,326.9635018339944,20396200
2023-06-07,315.3116760253906,326.1444673202271,314.45362725824225,323.37532887108034,40717100
2023-06-08,317.1448059082031,318.4903798108397,315.28245664141156,315.85773263123184,23277700
2023-06-09,318.6366271972656,321.7567696311191,316.3160032224107,316.8815191818162,22529000
2023-06-12,323.5704040527344,323.8141665946219,317.04731605133065,320.381970960897,24260300
2023-06-13,325.949462890625,328.572349691123,322.14677395783576,326.1249647437929,22951300
2023-06-14,328.9233703613281,330.58096729872784,324.50639495848685,325.9982202996805,26003800
2023-06-15,339.4149169921875,341.1114945004108,328.78687775426107,329.0598905688736,38899100
2023-06-16,333.7888488769531,342.70082003895476,333.41835487715986,342.5545684921727,46552000
2023-06-20,329.61566162109375,333.54511218147553,327.48029960440283,330.84423422142726,26375400
2023-06-21,325.2376708984375,329.30364243212927,323.78485594149885,327.9775589781728,25117800
2023-06-22,331.23419189453125,331.63396592269834,325.0231288169452,325.78366654570755,23556800
2023-06-23,326.6612548828125,329.5279043913859,325.13044892910204,326.01771828331994,23146900
2023-06-26,320.4014587402344,327.72406452687306,320.29418775939905,325.39371033432894,21520600
2023-06-27,326.2224426269531,327.76300833110724,321.0839107605563,323.58003605093296,24354100
2023-06-28,327.4706115722656,329.54747323357384,325.48150085713195,326.3102994681185,20259500
2023-06-29,326.6905212402344,327.7240719566855,324.3211566594738,326.35900777987905,16997000
2023-06-30,332.0435485839844,334.17891054970244,328.78688502474677,329.32315064368396,26832800
2023-07-03,329.5571594238281,332.394558661991,328.1726050055835,330.727231395335,12508700
2023-07-05,329.7131042480469,333.12577875846375,326.3784503898892,326.7294540565752,18172400
2023-07-06,332.75531005859375,334.43239728548525,327.1292821478824,328.88436028376566,28161200
2023-07-07,328.80633544921875,333.2623207283037,328.5918232764179,330.8539462339244,21214800
2023-07-10,323.55078125,326.8659745717447,319.41657937452953,326.2516884002901,32791400
2023-07-11,324.1748962402344,324.55515029230673,318.84137119543414,322.80007207810127,26698200
2023-07-12,328.7868347167969,333.12578887236407,327.29500957576835,328.2017988317313,29995300
2023-07-13,334.110595703125,335.1636364816071,330.5613998542952,331.08793512161674,20567200
2023-07-14,336.62628173828125,342.661844143398,335.7194923009407,338.91765538868515,28352700
2023-07-17,337.1041259765625,338.33266902941955,333.6621998626034,337.0553556114686,20363900
2023-07-18,350.5207214355469,357.62884439822335,333.63287773911316,337.20153461943244,64738600
2023-07-19,346.22076416015625,353.4166384044317,343.6466474604791,352.72436118966306,39732900
2023-07-20,338.2156066894531,349.0386682151087,336.7530316118285,344.74845393864297,33778400
2023-07-21,335.1929016113281,341.55997642385313,331.35120253084744,340.4386749626526,69405400
2023-07-24,336.49951171875,338.2643797019485,333.7693834548789,337.2210689969038,26678100
2023-07-25,342.2231140136719,343.11041322520174,336.460564028573,338.4496449197473,41637700
2023-07-26,329.3425598144531,336.0704272308137,324.79882418149936,332.92100566860665,58383700
2023-07-27,322.46856689453125,332.81383406452954,320.84022015182325,331.9850652931189,39635300
2023-07-28,329.9277038574219,331.5268003348271,324.8574610945914,325.34498615387326,28484900
2023-07-31,327.5387878417969,329.2743755389443,325.04263262807757,328.51383777853505,25446000
2023-08-01,327.9483337402344,330.093455775555,325.374217054016,326.8270321220212,18311900
2023-08-02,319.328857421875,325.3059183538415,318.2172862001048,325.3059183538415,27761300
2023-08-03,318.5097961425781,321.64945793431025,317.8175190621743,317.86625965352187,18253700
2023-08-04,319.6019287109375,326.7783131025437,319.07539331182784,323.5996401737791,23741500
2023-08-07,321.87371826171875,322.84876819218033,319.3483425125627,320.1771409046875,17741500
2023-08-08,317.9150695800781,320.5477167225477,314.9411787114309,318.802368731708,22327600
2023-08-09,314.1903381347656,318.94855662350545,313.039756644874,318.32454016439254,22373300
2023-08-10,314.87286376953125,320.0698965106326,313.1665264082013,317.88576445394,20113700
2023-08-11,313.00079345703125,314.36585743355505,311.2456856962181,312.2695059957332,24355500
2023-08-14,315.9552307128906,315.97472100192863,312.09401103937836,313.3713539974467,18836100
2023-08-15,313.8294677734375,316.9788888722873,312.89342843606806,314.94103866343886,16966300
2023-08-16,313.0674133300781,316.99543186990195,312.48113879078903,313.45825308321696,20698900
2023-08-17,309.6280212402344,314.50381263909213,308.9733414603899,313.20426358487214,21257200
2023-08-18,309.2371826171875,311.0936940527994,304.4199858602723,307.29270464284144,24755000
2023-08-21,314.5135803222656,315.3831966115051,309.78435031765304,310.65396660689254,24040000
2023-08-22,315.080322265625,318.61747186045255,314.1032077999083,318.0507585907704,16084600
2023-08-23,319.5163879394531,321.66605140677217,316.0573948399172,316.40917150691627,21166400
2023-08-24,312.6473083496094,325.35957674760573,312.6375276630827,325.23254709942444,23281400
2023-08-25,315.58843994140625,317.9139473148537,311.5040788241883,314.11298756039173,21684100
2023-08-28,316.2919616699219,318.68587419815776,314.3572643100924,318.20709765634393,14808500
2023-08-29,320.8941650390625,321.45112744073015,314.5136087751781,314.5136087751781,19284600
2023-08-30,321.26544189453125,322.26208781651366,318.97899784822044,321.1481929412585,15222100
2023-08-31,320.2590026855469,323.33690686450706,319.30141990622377,321.6660497077852,26411000
2023-09-01,321.1384582519531,324.3922364479654,319.30147820313266,323.7278057381443,14942000
2023-09-05,325.91650390625,327.18677054781415,321.13842988312655,321.47064520868975,18553900
2023-09-06,325.2618103027344,326.80563776371406,322.62358978658284,325.75036744875047,17535800
2023-09-07,322.35986328125,325.4572996917217,321.4999977101508,323.7082861250948,18381000
2023-09-08,326.6200256347656,328.4667861972207,321.92010767166425,322.5356945258159,19530100
2023-09-11,330.20599365234375,330.67501922954517,327.7534273306666,329.52200174632014,16583300
2023-09-12,324.1772766113281,329.0824106320826,323.89393486766744,328.13460834601074,17565500
2023-09-13,328.3690490722656,329.1409777651763,323.59097536312447,323.7277558674077,16544400
2023-09-14,330.9486999511719,333.059241074138,328.86744125187914,331.38838359380287,20267000
2023-09-15,322.6627197265625,329.6783939916595,322.1057573596053,329.20939816193993,37679800
2023-09-18,321.52923583984375,322.83856545069517,318.8910152474716,320.29806225418173,16834200
2023-09-19,321.128662109375,321.85174708859677,317.0834237409372,318.7054373268487,16505900
2023-09-20,313.4289855957031,322.04714204193704,313.1749561204339,321.96898600781554,21436500
2023-09-21,312.21734619140625,317.9041588491349,307.79101939102566,311.9535360525413,35560400
2023-09-22,309.7550354003906,314.0934255806642,308.9147015377864,313.96639594173394,21447900
2023-09-25,310.27294921875,310.39997887585656,307.7910700190704,309.34467850848546,17836000
2023-09-26,304.9964904785156,308.6508886408052,302.92498298833925,307.9180528712019,26297600
2023-09-27,305.631591796875,307.10701412032984,302.6025314876758,305.1527855104158,19410100
2023-09-28,306.4621887207031,308.2600757204857,302.3680768122536,303.8728115871533,19683600
2023-09-29,308.5238342285156,312.15870054663463,307.771466967037,310.4780627905331,24147300
2023-10-02,314.4353942871094,314.523360821819,307.96690188868587,309.04173366618016,20570000
2023-10-03,306.2179260253906,314.03484198855955,304.0877937628594,313.48763043750324,21033500
2023-10-04,311.660400390625,312.71570064039577,306.8139213204077,306.84323355961436,20720100
2023-10-05,312.05126953125,312.6571055637684,307.6933472507753,311.78745935358154,16965600
2023-10-06,319.77044677734375,321.65627028707706,309.0612521971817,309.30553078090355,25673600
2023-10-09,322.2718505859375,322.7408463729551,315.78379722001137,317.31787385142707,19891200
2023-10-10,320.8746643066406,323.5226364118613,320.17114063147403,323.3858260604153,20557100
2023-10-11,324.8123779296875,325.20321772099476,321.60744393030456,323.6300480505899,20063200
2023-10-12,323.5812683105469,325.9947425190422,321.19710634672276,323.00477428590006,19313100
2023-10-13,320.229736328125,326.19011074612195,318.8910644547027,324.7733126546174,21072400
2023-10-16,325.0273132324219,328.4472132631376,323.03399172229655,323.47367526332005,22158000
2023-10-17,324.4606018066406,325.8285559881701,319.91702585909127,322.0471280716989,18338500
2023-10-18,322.55517578125,327.9097726895979,320.78660134672003,324.8807125035586,23153600
2023-10-19,323.7375183105469,329.1702714544596,323.336897867666,324.54851006231695,25052100
2023-10-20,319.19403076171875,324.3238822712444,318.0019497895955,324.12844742892764,25027700
2023-10-23,321.7833251953125,325.1152889172781,316.96615830256553,318.0214287466955,24374700
2023-10-24,322.96563720703125,324.24565474799095,320.1026990318568,323.71800459686386,31153600
2023-10-25,332.87359619140625,338.2770379621599,329.89337919706037,337.1240202368528,55053800
2023-10-26,320.3860778808594,333.81162115649903,319.4578072066944,332.7465699625012,37828500
2023-10-27,322.2621154785156,329.0139799295623,320.8843805209721,322.8679216685348,29856500
2023-10-30,329.5904846191406,331.6815239306809,324.235886505314,325.77974409067264,22828100
2023-10-31,330.37213134765625,331.241777466002,327.0304168400943,331.0952162716641,20265300
2023-11-01,338.1500549316406,339.4691655982699,331.87696611346865,332.0137764699235,28158800
2023-11-02,340.3485107421875,340.84681883225545,336.879736569886,339.29321044253436,24348100
2023-11-03,344.7259216308594,346.2795596471139,339.3811050850171,341.6284859220493,23637700
2023-11-06,348.37060546875,349.3575005821622,345.2633887474612,345.36110615399525,23828300
2023-11-07,352.2790222167969,354.164845685057,349.44539667177366,351.17487827159056,25833900
2023-11-08,354.8879699707031,355.54261993465985,352.2985928972702,353.4027369651116,26767800
2023-11-09,352.4353942871094,356.44156927918397,352.1129298373234,354.0085341532929,24847300
2023-11-10,361.20989990234375,361.6300519453443,352.8067099465058,353.21708130319655,28042100
2023-11-13,358.288330078125,360.03737334526807,357.5261819771122,359.7930947254669,19986500
2023-11-14,361.796142578125,363.4377174527681,358.9429851939613,362.5192275200011,27683900
2023-11-15,361.94305419921875,365.3307238214912,359.4365366374243,363.51938712911283,26860100
2023-11-16,368.30718994140625,368.48342035388106,362.4423744800686,363.20606948048294,27182300
2023-11-17,362.1192626953125,366.54477320500723,359.32882848725313,365.80064944827456,40157000
2023-11-20,369.55059814453125,370.95070053235196,363.24520725093254,363.46060991672704,52465100
2023-11-21,365.2719421386719,368.35609354646346,363.36268990163154,367.81760182816333,28423100
2023-11-22,369.9520568847656,371.8515087359404,367.13225084262217,370.0989155578587,23345300
2023-11-24,369.54083251953125,370.0695536363756,367.29872033158176,369.44291677497637,10176600
2023-11-27,370.69610595703125,372.68370265137486,368.33650717542696,368.9043706026068,22179200
2023-11-28,374.70068359375,374.994400937648,370.25557188472965,370.44160282909473,20453100
2023-11-29,370.9311218261719,376.2671856758015,369.5505906614915,375.738494499301,28963400
2023-11-30,370.9898986816406,372.1452267516367,367.6218003340975,370.578664516551,30554400
2023-12-01,366.6818542480469,370.25555453657734,363.54872995472044,368.8848238631299,33040500
2023-12-04,361.4240417480469,361.7960736746708,355.3144534312384,361.3848694843087,32063300
2023-12-05,364.73345947265625,365.2817517868028,357.9776914107373,358.7903592232799,23065000
2023-12-06,361.0911865234375,366.35873644463544,360.3372921206186,365.73212951183393,21182100
2023-12-07,363.1962890625,363.68583789268007,358.66306211428184,360.5331422311326,23118900
2023-12-08,366.4077453613281,366.6329187107603,360.53315912391304,361.4828850941495,20154400
2023-12-11,363.5389404296875,363.83268764840955,358.44765064841334,360.77790780370736,27708800
2023-12-12,366.55462646484375,366.5937987418029,362.7165500745458,363.0984125455893,24838300
2023-12-13,366.54473876953125,369.74640682649743,363.0199816736299,368.16024372357776,30955500
2023-12-14,358.2811584472656,365.94750897813526,356.5187948133364,365.50690312981,43277500
2023-12-15,362.9808654785156,364.6159417445296,358.6238691889497,359.1819619943408,78502300
2023-12-18,364.8607177734375,365.2034079122954,360.97369907312446,361.72762335454945,21802900
2023-12-19,365.4579772949219,365.4579772949219,362.1094503782396,363.7249554315047,20603700
2023-12-20,362.8731994628906,368.17012181958876,362.7850842518913,367.16165234300763,26316700
2023-12-21,365.7321472167969,366.58395739776404,362.30530541678434,364.77262075610525,17708000
2023-12-22,366.7503967285156,367.3378613138971,364.91948884316713,365.86921479028837,17107500
2023-12-26,366.82867431640625,369.06101542962205,365.6929176265688,367.1615638820972,12673100
2023-12-27,366.2510070800781,367.22030403850823,365.0173346750331,365.87894525127507,14905400
2023-12-28,367.43572998046875,368.59105792655595,366.3391454974242,367.5238451750327,14327000
2023-12-29,368.1799011230469,369.2764857473798,365.6734134446601,368.14072884940924,18730800
2024-01-02,363.117919921875,368.0427796247224,359.1036138103624,366.0454121665628,25258600
2024-01-03,362.85357666015625,365.45797986261033,360.8072662610182,361.2968150611858,23083500
2024-01-04,360.2492370605469,365.30138515580745,359.4953425318744,362.9221847380646,20901500
2024-01-05,360.0631408691406,364.2830491168241,358.8392688743441,361.25764113124956,21004600
2024-01-08,366.8580627441406,367.35741205524755,361.2967958412056,361.58071261682426,23134000
2024-01-09,367.9350891113281,368.1308907001316,363.4312342532303,364.2341014424794,20830000
2024-01-10,374.76922607421875,376.13998679528584,368.45406366512276,368.50300659957884,25514200
2024-01-11,376.5903015136719,382.5138298348758,372.42913685903,377.93166039806545,27850800
2024-01-12,380.3500671386719,380.55566927985785,376.6099069263744,377.43234537080764,21661200
2024-01-16,382.1124267578125,385.7938434606626,379.51782397721394,385.43158211314164,27202300
2024-01-17,381.3291320800781,381.9557389879291,376.7665338147622,379.87028626114164,22234100
2024-01-18,385.6371765136719,385.75466344784127,381.96556042243856,383.5321225973024,23392100
2024-01-19,390.33685302734375,390.33685302734375,385.2749052923237,387.48767542805655,29331100
2024-01-22,388.2220153808594,392.2460923450514,385.36303712070327,391.6586277842315,27016900
2024-01-23,390.56201171875,391.0319893054533,385.69589563777015,387.4778603727062,20525900
2024-01-24,394.1455383300781,397.1513752160577,392.079656679383,393.14686950723774,24867000
2024-01-25,396.4072265625,398.5025096949156,394.11614184479663,395.8687348533506,21021200
2024-01-26,395.4868469238281,397.6800456471152,394.0182006704119,395.917652215205,17803300
2024-01-29,401.1558532714844,401.4104281984527,395.8785030835569,397.57235261817027,24510200
2024-01-30,400.0494689941406,404.41623575131524,397.9542157503529,403.64277019124665,33477600
2024-01-31,389.2695617675781,406.6387713281437,388.90730048182917,398.45350088279935,47871100
2024-02-01,395.3400573730469,399.4718507500115,393.40143322301293,393.4308049580275,30657700
2024-02-02,402.62451171875,404.0246140998081,395.12462060191353,395.36939499914837,28256700
2024-02-05,397.1709289550781,402.5657662041655,395.5456233801517,401.3320936868834,25352300
2024-02-06,397.0143127441406,399.44248577195293,394.48825385108364,397.39617518548,18382600
2024-02-07,405.3953857421875,405.640160164174,398.88439209328425,398.9235643671154,22340500
2024-02-08,405.4540710449219,406.87377444064305,403.9071100669644,405.3953275824479,21225300
2024-02-09,411.7594909667969,412.0238664464446,406.41362634312986,406.5702855474464,22032800
2024-02-12,406.58001708984375,411.9454519986709,406.08066782830315,411.7692216286035,21202900
2024-02-13,397.82696533203125,401.4985815288795,394.9582163813525,396.4758057908408,27824900
2024-02-14,401.67205810546875,402.0153819358465,396.84600689910087,400.2791853329973,20401200
2024-02-15,398.79803466796875,401.3189759217452,396.5713838346197,400.34788638470263,21825500
2024-02-16,396.34576416015625,400.4950166150196,395.737605866878,400.17130014605374,22296500
2024-02-20,395.10003662109375,396.76756266074034,390.4112964520626,395.5414273661721,24307900
2024-02-21,394.50164794921875,394.60956341609165,389.6363517174895,392.53004284668083,18518900
2024-02-22,403.7908935546875,404.9483581581281,400.7697091781749,402.3587758261095,27009900
2024-02-23,402.505859375,407.92046175721333,401.162019956702,407.73411674298126,16295900
2024-02-26,399.7593688964844,404.2911603614398,399.58278265548927,403.6045125913183,16193500
2024-02-27,399.70050048828125,400.5244598178457,396.13979878680874,400.2007433350152,14835800
2024-02-28,399.9358825683594,401.48570431449235,397.5817089338175,400.38709194736896,13183100
2024-02-29,405.74285888671875,406.2921650523384,398.1702468207432,400.8383181687279,31947300
2024-03-01,407.5673828125,407.93031407980567,403.0355914321904,403.41813008815376,17823400
2024-03-04,406.9983825683594,409.38198195303494,404.4480156432821,405.54662787317676,17596000
2024-03-05,394.962646484375,406.3411866044012,392.9910415291509,406.056714869292,26919200
2024-03-06,394.4134216308594,397.4248173487459,390.78407881855424,395.2766257394995,22344100
2024-03-07,401.3288269042969,401.9565926355365,394.5605358436286,398.3664647487739,18718500
2024-03-08,398.4645080566406,402.58433424165736,396.61057729290076,400.1712786506048,18002200
2024-03-11,396.7970275878906,397.9348848449285,393.5992867821094,396.051557611515,16120800
2024-03-12,407.3515625,407.63603426425436,399.02366133031137,399.8378019777306,22457000
2024-03-13,407.175048828125,410.19623327648054,403.59473945406836,410.1177737824093,17115900
2024-03-14,417.1018371582031,419.65220477798977,410.0098592258052,412.2169029464952,34157300
2024-03-15,408.4698181152344,414.53182378938754,404.9091164524236,411.28501994441507,45079900
2024-03-18,409.3526306152344,412.69753127897746,405.8802070917239,406.34123515822085,20106000
2024-03-19,413.364501953125,413.61954764814055,407.61636469929994,409.8528340561438,19837900
2024-03-20,417.11163330078125,417.82767717758037,412.6288753346162,413.94328882066856,17860100
2024-03-21,421.17254638671875,422.5948752417206,419.004747660182,421.6237557740876,21296200
2024-03-22,420.5545654296875,421.6531778067011,417.9355573407252,421.49625883993525,17648500
2024-03-25,414.786865234375,419.25001591585095,413.56072987159786,417.1214317546939,18060500
2024-03-26,413.5999450683594,417.8570831519167,413.30568457627095,417.48433323864253,16725600
2024-03-27,413.3841247558594,416.34648660093063,411.0103437373624,416.33666794000516,16705000
2024-03-28,412.687744140625,413.81578270674646,411.1182848623514,412.92315255513495,21871200
2024-04-01,416.4642639160156,419.72088681123745,414.1591233144295,415.8561055306923,16316000
2024-04-02,413.3940124511719,414.3160686838876,409.8627364466167,412.0893875977787,17912000
2024-04-03,412.4228820800781,415.17923184367993,411.0888313055727,411.7166269488562,16502300
2024-04-04,409.90191650390625,420.48592418548293,409.5978373618215,416.8761593197056,19370900
2024-04-05,417.3960266113281,418.36714603884514,410.33350586860576,411.99124304246095,16554800
2024-04-08,416.4837951660156,419.12244053087517,415.21841524840187,417.0527386666228,14272400
2024-04-09,418.1415100097656,419.5736274756939,413.5704746022745,418.2984589003378,12496900
2024-04-10,415.1792297363281,415.93451830181,411.68719880938414,414.1296507389469,16216600
2024-04-11,419.7600402832031,421.1725504908495,414.2963744060529,417.69033834286756,17966400
2024-04-12,413.8451232910156,417.06250067629605,411.7557842388935,415.95406972864896,19253800
2024-04-15,405.74285888671875,418.6712210349568,405.53684662340567,418.45542004596757,20273500
2024-04-16,406.6648864746094,410.4119627811132,405.8311384974836,406.6550977488978,16765600
2024-04-17,403.9772644042969,410.88286711080787,402.49608331512337,409.28398181705415,15855500
2024-04-18,396.5517272949219,404.02627254838046,396.2378594372626,402.79031869935466,21029900
2024-04-19,391.5001220703125,397.73871452270663,390.1758898574742,396.31638549133476,30565800
2024-04-22,393.304931640625,395.1588624515417,388.1944084543801,392.441727661041,20286900
2024-04-23,399.788818359375,400.4067954016844,395.36491217740183,396.52237683143863,15734500
2024-04-24,401.2502746582031,404.59517495198185,399.01380533371923,401.7407287200192,15065300
2024-04-25,391.4216613769531,392.2554394295144,380.6218512778305,386.50730115245716,40586500
2024-04-26,398.5625915527344,405.1150505614492,398.0132854043954,404.3009099992489,29694700
2024-04-29,394.5702819824219,398.56258512123486,391.5687056006696,397.5130062731547,19582100
2024-04-30,381.8969421386719,394.4820099813431,381.7400231834723,393.8247883748175,28781400
2024-05-01,387.39990234375,394.05045900742965,382.85829240714,385.11436938308555,23562500
2024-05-02,390.2444763183594,392.2945706625557,387.115377073286,390.0679200441085,17709400
2024-05-03,398.8961486816406,399.37678414031285,394.1877711661832,394.59976579857647,17446700
2024-05-06,405.64483642578125,406.02737510572115,398.61171057588416,400.95609583749865,16996600
2024-05-07,401.5249328613281,406.7531899905989,401.2797058272895,406.74337133005633,20018200
2024-05-08,402.7021179199219,404.3598554078132,398.9452222175611,400.37736994582315,11792300
2024-05-09,404.4480285644531,404.84038581124497,401.2895033351294,402.7314394166672,14689700
2024-05-10,406.8218994140625,407.4496950958414,403.9380266126503,405.05627644521434,13402300
2024-05-13,405.82135009765625,410.3629599472109,402.9767222457907,410.029454744504,15440200
2024-05-14,408.60711669921875,409.51935413927424,403.69275704643184,404.15378509704203,15109300
2024-05-15,415.7511901855469,416.46855556809163,410.0418362179186,410.66092785109674,22239500
2024-05-16,413.6973876953125,418.05067177577746,413.0684896947791,414.49335406459187,17530100
2024-05-17,412.930908203125,415.5939858480529,410.7886784280323,415.2205635959117,15352200
2024-05-20,417.9720764160156,419.3772981518083,412.71474538865465,412.9309356548489,16272100
2024-05-21,421.60797119140625,425.46988664412265,417.49054998726376,419.43623228216074,21453300
2024-05-22,423.0623474121094,424.919622461389,419.7310859592396,422.6398032435963,18073700
2024-05-23,419.603271484375,426.0889486573305,418.05065430726955,425.4698570651074,17211700
2024-05-24,422.7085876464844,423.59299146281916,417.0581916118114,419.7900340603218,11855300
2024-05-28,422.86578369140625,423.35712243524114,419.2102222377172,422.1877338257991,15718000
2024-05-29,421.7357177734375,423.4750461602697,418.3159892619867,418.3159892619867,15517100
2024-05-30,407.4869079589844,416.9500674611062,407.0643338259667,416.9500674611062,28394500
2024-05-31,407.93890380859375,409.53083651523417,397.5028738526741,409.53083651523417,47995300
2024-06-03,406.3567810058594,409.21637607324783,401.83648858598,408.3319723384426,17484700
2024-06-04,408.8626403808594,409.22622626275023,402.58331667273,405.2856798357907,14348900
2024-06-05,416.66510009765625,416.7338647316788,409.0886349128657,410.57248754759564,16988000
2024-06-06,417.1662292480469,417.9425528471417,413.29447761268017,416.66508413024746,14861300
2024-06-07,416.5078430175781,418.8957420228007,415.67256118761725,418.81714102196315,13621700
2024-06-10,420.458251953125,420.6646058483147,416.54721437209554,417.34318081391007,13982900
2024-06-11,425.1849060058594,425.3224952545953,417.88361916349896,418.1096457911631,14551100
2024-06-12,433.4197998046875,435.71926189584553,425.7450897945803,427.7792397175461,22366200
2024-06-13,433.9306945800781,435.709368351957,431.7589858154619,433.21335923548196,15960600
2024-06-14,434.903564453125,435.4636977946633,429.15489539650804,430.68786981308114,13582000
2024-06-17,440.60308837890625,443.1285766509554,433.08561180023855,434.9232138540311,20790000
2024-06-18,438.6082458496094,442.3424381224516,437.1833815521162,441.919864030814,17112500
2024-06-20,437.9794006347656,438.7950098147065,433.62611625090886,438.5689831798124,19877400
2024-06-21,441.9886474609375,442.77477739903867,438.77530310305696,439.6302276576991,34187100
2024-06-24,439.91522216796875,444.90721036131976,438.6770389987755,442.0082999216464,15913700
2024-06-25,443.1383972167969,443.6002568065394,439.01114003233465,440.48515617122325,16413400
2024-06-26,444.32745361328125,445.7425115856911,440.42622281234816,441.2221891732116,16507000
2024-06-27,445.0054931640625,448.267989524247,443.9441847148766,444.3470860716105,14806300
2024-06-28,439.207763671875,447.4917286115272,438.6771093729576,445.2217457631377,28362300
2024-07-01,448.81829833984375,449.447196335744,437.94005138791704,440.88808384173325,17662800
2024-07-02,451.32415771484375,451.62878536550966,445.26102385148636,445.3494912239479,13979800
2024-07-03,452.7882995605469,453.03396893483153,449.94837718806366,450.25300481306164,9932800
2024-07-05,459.460693359375,460.2370169877969,451.01949716215944,451.6483951731934,16000300
2024-07-08,458.1635437011719,459.598274429734,456.4143789671548,458.46817132419625,12962300
2024-07-09,451.5796203613281,459.23465638604694,450.06628863582495,458.91038601076474,17207200
2024-07-10,458.17340087890625,458.3797547644369,450.9113994976311,453.2305340754163,18196100
2024-07-11,446.8234558105469,456.72883147324404,443.7279978013262,454.96002402992053,23111200
2024-07-12,445.693359375,448.45468069664645,442.8436006787632,446.459846610387,16324300
2024-07-15,446.0962829589844,449.3391368001631,443.61011000854984,445.44771219074863,14429400
2024-07-16,441.73321533203125,446.4304129687703,438.9227718455909,446.3518119574386,17175700
2024-07-17,435.8371276855469,437.14410559537976,431.5723108003405,434.92324477920374,21778000
2024-07-18,432.74169921875,436.9475578488645,426.8751131633182,436.6429302135875,20794800
2024-07-19,429.53814697265625,433.49836608097274,424.51667935003445,425.5976305961669,20940400
2024-07-22,435.2671813964844,436.898429671943,431.306992206013,434.1371082507153,15808800
2024-07-23,437.14410400390625,440.62279084734524,435.4244183311835,436.21054835742433,13107100
2024-07-24,421.4703674316406,433.8324669900576,420.18306232506063,432.82031037979385,26805800
2024-07-25,411.1523132324219,422.35483218497876,410.27774573844266,421.3721545577555,29943800
2024-07-26,417.90325927734375,421.490056226304,410.0418390958428,410.95575198353527,23583800
2024-07-29,419.3380126953125,424.6641083620649,417.3431784161,424.10397494654256,15125800
2024-07-30,415.593994140625,421.6177822082065,410.13027948455533,420.31083428857175,32687600
2024-07-31,411.1031799316406,414.47375690208054,405.06952507333295,413.2159307737182,42891400
2024-08-01,409.88458251953125,420.05530026736574,405.9342299111822,413.5008583778063,30296400
2024-08-02,401.4138488769531,407.81108782703546,397.33574399646915,405.3445581572137,29437900
2024-08-05,388.3050231933594,394.09300828762184,378.90079195613237,382.4286307082766,40709200
2024-08-06,392.68780517578125,398.6428593830528,391.5970473682683,393.0710638577348,24946500
2024-08-07,391.5281982421875,402.97638538590667,390.58483621712907,401.5613573427881,20650900
2024-08-08,395.71435546875,398.82942596102515,393.0119926811429,395.46868612442205,20203000
2024-08-09,398.9867248535156,400.9815590644515,395.2918776876415,397.0312061411671,19276700
2024-08-12,399.7630615234375,401.6792947885224,397.23757296063644,400.0087309169643,16762900
2024-08-13,406.8383483886719,407.762067699129,402.4752575998139,402.49490035510087,19414300
2024-08-14,409.63897705078125,410.4840953956977,405.3053951498375,407.6146635587636,18267000
2024-08-15,414.48248291015625,414.56122559635025,411.1648952142278,413.2716000535945,20752100
2024-08-16,411.96221923828125,414.787581998409,410.81040112271256,414.05909962624725,22775600
2024-08-19,414.9746398925781,415.19121979816396,409.98347800679744,412.44459964164133,15234000
2024-08-20,418.19378662109375,419.23729981689326,415.082955234779,415.14201975205145,16387600
2024-08-21,417.5440368652344,419.7688702359865,415.1616580728871,417.48494231064296,16067300
2024-08-22,409.08758544921875,420.1528076484466,408.16220140309326,417.7605748245769,19361900
2024-08-23,410.30841064453125,412.74000030450156,405.68148941527863,410.4954583139899,18493800
2024-08-26,407.0596618652344,410.7907306533513,404.94310328054127,409.89487877847426,13152800
2024-08-27,407.40423583984375,407.91613833509496,403.8700687036349,406.43946532338146,13492900
2024-08-28,404.2146301269531,408.5461982686738,400.97578558888256,408.4280692350888,14882700
2024-08-29,406.6954040527344,415.4865229101855,404.21460437652166,408.4871077292706,17045200
2024-08-30,410.6529541015625,410.9974871196902,405.72085639315753,409.1368946584357,24308300
2024-09-03,403.07269287109375,413.35034007836833,400.7001678121759,411.4109748667296,20313600
2024-09-04,402.54107666015625,404.8446830658677,398.0815251485243,399.59758459335677,15135800
2024-09-05,402.0389709472656,406.6757153578755,399.81410753750566,401.2809263113811,14195500
2024-09-06,395.45306396484375,404.2638620080845,394.56703607993364,402.6985921439958,19609500
2024-09-09,399.4105529785156,402.2949806412775,395.8960636873458,400.9069042814964,15295100
2024-09-10,407.7586364746094,409.8554868302287,401.3597203496137,401.8519446669211,19594300
2024-09-11,416.4612121582031,417.39642045511704,403.2105102076021,409.03846009013733,19266900
2024-09-12,420.3595886230469,420.7238298297295,413.2223356546228,416.72697057085117,17395700
2024-09-13,423.893798828125,425.1145057080557,418.8435717530032,419.2078129966604,15874600
2024-09-16,424.6321105957031,426.7880557127787,421.5606353721957,423.90362815097126,13834700
2024-09-17,428.38287353515625,434.9786922694464,425.54765628869114,433.3838900790578,18874200
2024-09-18,424.1103515625,429.2491750935579,423.71657808226,428.2351941115192,18898000
2024-09-19,431.8678283691406,434.6341269777226,430.1056566789826,434.3683366283435,21706600
2024-09-20,428.5009765625,432.4092391189892,427.4673174405253,430.42066355244185,55167100
2024-09-23,426.76837158203125,429.67247726227924,423.6968964015023,427.52638627626743,15128900
2024-09-24,422.4958190917969,426.6108070315339,419.4735546779715,426.26624401276456,17015800
2024-09-25,425.39013671875,426.3844395741606,421.90520976014716,423.14559476109406,13396400
2024-09-26,424.6025695800781,428.5305103087993,422.45647860828996,428.32378449228514,14492000
2024-09-27,421.36370849609375,425.1341637224931,420.8222737453315,424.80927883764434,14896100
2024-09-30,423.6082763671875,423.7264354508624,418.75495134014767,421.55078212730024,16807300
2024-10-01,414.14776611328125,421.81663064098564,412.29699757117095,421.78709837884526,19092900
2024-10-02,410.6430358886719,416.2445506428297,410.22955427128664,416.00826255732983,16582300
2024-10-03,410.0622863769531,413.0254566537122,407.84727671300476,411.1353318978847,13686400
2024-10-04,409.5897216796875,413.2223397680441,408.51667620718774,411.73581262468696,19169700
2024-10-07,403.1711120605469,410.6233655735784,402.6395013728588,409.5306419831522,20919800
2024-10-08,408.2607116699219,409.19594995144206,401.82243880752753,404.5099645290717,19229300
2024-10-09,410.9679260253906,413.84252930935924,407.8570646785986,409.3928021729279,14974300
2024-10-10,409.37310791015625,410.8596349305785,406.72493873590105,408.77260867644156,13848400
2024-10-11,409.84564208984375,410.64304304020095,406.823377723781,409.6684485548725,14144900
2024-10-14,412.621826171875,417.4456186019399,411.02699410502277,411.27310627026066,16653100
2024-10-15,412.2280578613281,415.9099165968068,408.8021954562943,415.6145639475164,18900200
2024-10-16,409.64874267578125,409.8850007237477,404.09646824766287,408.71353454058965,15508900
2024-10-17,410.239501953125,415.92961477123424,409.12707001088165,415.79177751966756,14820000
2024-10-18,411.6570129394531,413.1238316782615,409.78656668639167,410.65288622498497,17145300
2024-10-21,412.2673645019531,412.4445580314681,407.315589473935,409.6487277415062,14206100
2024-10-22,420.8616943359375,423.88392916296095,411.53896348036403,411.9819473916582,25482200
2024-10-23,417.99688720703125,424.3760949935698,415.95907136722593,424.1595150969288,19654400
2024-10-24,418.1249084472656,419.35546932603506,415.83112614516494,418.7155536346828,13581600
2024-10-25,421.4917297363281,425.7937660019832,419.9363139175779,420.12336158504047,16899100
2024-10-28,419.9559631347656,425.2227696357769,419.670464602579,424.9471252042487,14882400
2024-10-29,425.2325744628906,426.4336029274501,419.17819168549653,421.3439905701075,17644100
2024-10-30,425.8035888671875,431.68074872313076,425.3802831426112,430.6372355196224,29749100
2024-10-31,400.03070068359375,409.6881391925744,399.981460227055,408.90056227484143,53971000
2024-11-01,403.9881591796875,409.0383852046151,401.16279656048295,402.64932353081855,24230400
2024-11-04,402.1078796386719,404.0374205874987,399.26283871579096,403.42703719981586,19672300
2024-11-05,405.0612487792969,408.4477546696806,401.73380740675793,402.019305938334,17626000
2024-11-06,413.6456604003906,413.91148078515863,404.13588205792996,406.0063586804049,26681800
2024-11-07,418.81396484375,420.21189508853655,413.3502870767265,414.72850912180576,19901800
2024-11-08,415.9689025878906,419.8673104700194,415.22071206919446,418.7056683805596,16891400
2024-11-11,411.5093994140625,418.2036383732599,409.530647967578,415.9492425000552,24503300
2024-11-12,416.45135498046875,417.8394313280264,410.7120319666306,411.7456911405818,19401200
2024-11-13,418.58758544921875,422.65333320998997,411.70626883397995,415.0829505962656,21502200
2024-11-14,420.25128173828125,421.5113747579457,413.4684163916041,418.3906594438851,30246900
2024-11-15,408.54620361328125,416.2248913266483,407.2073678244848,413.2912534776132,28247600
2024-11-18,409.2944030761719,411.8933320342017,405.6913172118432,408.4182293083614,24727000
2024-11-19,411.2928161621094,411.4404774532615,405.149836063281,406.6855735772408,18133500
2024-11-20,409.0285949707031,410.8006207181085,404.19494808048387,410.38713903081657,19191700
2024-11-21,407.26287841796875,414.0790385036892,404.71793020151534,413.80284233986384,20780200
2024-11-22,411.3367919921875,411.73135363774225,405.4774597411712,405.7832472742104,24814600
2024-11-25,413.1025085449219,415.36138685697927,409.21601445717323,412.698073057269,27691100
2024-11-26,422.17755126953125,423.21330950979313,413.161695275106,413.891635863064,23458900
2024-11-27,417.24542236328125,421.427859986681,416.2885945934304,419.33662612341953,18332400
2024-11-29,417.7090759277344,419.10980447039015,412.1259395107062,414.384847961252,16271900
2024-12-02,425.126953125,427.1195090506518,415.58826631722377,415.84474493949193,20207200
2024-12-03,425.34393310546875,426.5966745404958,421.93090130394285,424.0023874596203,18302000
2024-12-04,431.4795227050781,433.69896602336337,426.7545660563865,427.1491277367897,26009400
2024-12-05,436.6088562011719,438.6211597736825,430.2464705000807,431.97270407918,21697800
2024-12-06,437.5459899902344,440.04162946603964,435.7704172944161,436.29321828806303,18821000
2024-12-09,439.9626770019531,442.2413029263077,434.51765390142566,436.5891402244184,19144400
2024-12-10,437.3091735839844,443.5137582543868,435.60268777878343,438.35480554213524,18469500
2024-12-11,442.89239501953125,444.23394093068583,438.01948123467236,438.01948123467236,19200200
2024-12-12,443.45458984375,449.96496224230685,443.0106891858234,443.0106891858234,20834800
2024-12-13,441.1956787109375,445.2991859531554,439.5286279530639,442.34980235220513,20177800
2024-12-16,445.4570617675781,446.03904550783295,439.2327587604127,441.1957234184863,23598800
2024-12-17,448.2880859375,449.1068307764244,443.4645114369834,444.8849575716068,22733500
2024-12-18,431.4498596191406,446.50259444129426,431.08485926973066,445.1906702988088,24444500
2024-12-19,431.0947570800781,437.1612287919841,430.39440791706704,435.6224173363725,22963700
2024-12-20,430.670654296875,437.71367214918683,422.80889160222836,427.2280306144627,64263700
2024-12-23,429.3389587402344,431.70635881030796,426.9518110200716,430.80871372187636,19152500
2024-12-24,433.363525390625,433.6298778354008,428.2933464556966,428.74709084992185,7164500
2024-12-26,432.16015625,434.9517397989475,430.70027491424656,433.11698419987056,8194200
2024-12-27,424.68304443359375,429.30935275325726,420.5598195240772,428.69777768381334,18117700
2024-12-30,419.06048583984375,421.7435474622816,416.17028459927946,420.2737923808389,13158700
2024-12-31,415.77569580078125,420.9346790911402,414.94710727917607,420.313230174155,13246500
2025-01-02,412.89532470703125,420.2836247921959,409.21600045312425,419.7509500092328,16896500
2025-01-03,417.6005859375,418.27134378737713,413.8423310893823,415.3613950253171,16662900
2025-01-06,422.0394592285156,428.4215926337743,419.7016505493917,422.1874160873605,20573600
2025-01-07,416.63385009765625,424.80139942668757,415.0851648128758,423.1738138555601,18139100
2025-01-08,418.794189453125,421.1714636571387,415.81521390570896,417.7091221666062,15054600
2025-01-10,413.2603759765625,418.9421306496922,409.3837252660674,418.86323035141214,20201100
2025-01-13,411.52423095703125,412.8164377086338,406.690782868284,409.6007014640922,17604800
2025-01-14,410.02490234375,414.03960580749714,405.1421150215387,412.1358238822972,16935900
2025-01-15,420.5203857421875,422.3353935398116,412.5895665870108,413.43790279096226,19637800
2025-01-16,418.8138122558594,423.6571336957602,418.6264203199314,422.87788427352234,15300000
2025-01-17,423.2033996582031,428.579395977241,422.35509365285844,428.1946780656617,26197500
2025-01-21,422.68060302734375,425.0480029513297,419.819993531564,424.35752761269225,26085700
2025-01-22,440.1402282714844,441.1956738632283,430.07874109453735,431.6175525305707,27803800
2025-01-23,440.643310546875,440.68277574358376,435.50407496539947,435.9972845633218,18389300
2025-01-24,438.0293273925781,440.5841496239721,435.40544858930485,439.11439458237174,15549500
2025-01-27,428.6583251953125,429.28964793288844,417.74853125025015,418.2516146753107,35647800
2025-01-28,441.1266784667969,442.29064589853647,425.52151949148305,428.69779052094407,23491700
2025-01-29,436.32281494140625,440.81104060450724,434.41903300783486,440.62361853818396,23581400
2025-01-30,409.35406494140625,417.11717867451154,407.548931179693,413.08272804700266,54586300
2025-01-31,409.4231262207031,414.97667080056476,409.2751693701902,413.2899024984714,34161900
2025-02-03,405.3393859863281,409.7683985075356,403.1100689884043,406.01014380943144,25679100
2025-02-04,406.76971435546875,408.2986823038951,404.1754268282418,407.08537575034575,20532100
2025-02-05,407.6772155761719,408.2098602907994,404.8264495269334,406.74997908357795,16316700
2025-02-06,410.1728820800781,412.52056483933194,408.37759172263367,408.37759172263367,16309800
2025-02-07,404.18524169921875,412.96436600470287,402.5576561425311,410.8238533335017,22886800
2025-02-10,406.6217346191406,409.81772327895646,405.3394016663598,408.0914896331453,20817900
2025-02-11,405.8523254394531,406.88805357704496,403.741373863551,404.07678288840276,18140600
2025-02-12,403.48492431640625,405.17169274595005,398.8783333348811,401.67976029438313,19121700
2025-02-13,404.96453857421875,405.4182829681306,400.8412835235649,401.4726062482461,23891700
2025-02-14,402.8831787109375,403.3566707547541,400.3678218416371,402.25188608897315,22758500
2025-02-18,404.0767517089844,405.0237056562673,400.9793811541372,402.4590098668831,21423100
2025-02-19,409.1370849609375,409.8473079963777,402.11378500109834,402.34067225656025,24114200
2025-02-20,411.30169677734375,414.4447923675228,407.75335474991726,410.47144681938056,23508700
2025-02-21,403.47357177734375,413.1993956224997,403.15730762956775,412.4976421272199,27524800
2025-02-24,399.3124084472656,404.62009578289485,394.6867174896375,403.7700887978409,26443700
2025-02-25,393.2832336425781,397.256609628524,392.0971751193835,396.44611669807364,29387400
2025-02-26,395.0920104980469,398.91710270889797,389.6755831630129,393.3919661639477,19619000
2025-02-27,387.97552490234375,401.03224256641477,387.6197164134029,396.61410618114576,21127400
2025-02-28,392.38372802734375,393.01631660620876,382.0846478468725,388.10398215130573,32845700
2025-03-03,383.9823913574219,394.1925506012372,381.6794393165997,394.1925506012372,23007700
2025-03-04,384.1009521484375,388.02488953137174,376.5792652913011,378.9514121108331,29342900
2025-03-05,396.36700439453125,397.00948665687173,384.29868393839774,384.82253320835395,23433100
2025-03-06,392.284912109375,397.4838599812305,388.12373889118527,389.7051801734712,23304600
2025-03-07,388.7464599609375,390.2191619837315,381.0666253730808,387.76795648683793,22034100
2025-03-10,375.7490234375,381.9166113327009,372.8431337183802,381.3631114017718,32840100
2025-03-11,376.0356750488281,381.5212666884101,372.5367409966354,374.6024872406928,30380200
2025-03-12,378.82293701171875,380.7503233781215,374.55308456142495,378.5066728711865,24253600
2025-03-13,374.3751525878906,380.8491715851453,373.07049136146827,378.71423026442886,20473000
2025-03-14,384.0515441894531,385.7021804869834,375.10656321193693,375.3734195488383,19952800
2025-03-17,384.19000244140625,388.15345468919406,381.0963143894263,382.2132080479099,22474300
2025-03-18,379.0700378417969,382.87537263830677,376.67813379609476,382.57886557924786,19486900
2025-03-19,383.3201904296875,385.1585946525035,379.5445060727477,381.0567525075918,19185500
2025-03-20,382.3515625,387.244140619299,378.8328709429988,381.26431956643484,18470500
2025-03-21,386.7202453613281,387.194656647968,378.3583844724842,378.77352451177876,39675900
2025-03-24,388.5191345214844,390.81222312553433,385.28708673252123,390.81222312553433,21004500
2025-03-25,390.5749816894531,391.7610400507305,388.08423198363494,389.3493790004213,15775000
2025-03-26,385.4452209472656,390.72325787798576,384.0614710304359,390.4168571879551,16108400
2025-03-27,386.0481262207031,387.6888690270636,382.9050306805178,385.60336562359333,13766800
2025-03-28,374.40478515625,384.6149434292676,372.55648752516225,383.5771084434194,21632000
2025-03-31,371.034423828125,372.694923815259,362.9789628551185,368.2174858935481,35184700
2025-04-01,377.7554626464844,378.4078083047587,368.8994337189865,370.302940607575,19689500
2025-04-02,377.7060852050781,380.61194495123306,372.2501138660857,373.584455994143,16092600
2025-04-03,368.7807922363281,373.10011248760316,365.06444000689004,370.4413221297822,30198000
2025-04-04,355.6647644042969,370.2436198076782,355.30895597122804,359.90499587925865,49209900
2025-04-07,353.7077941894531,366.6953473866903,340.78946619633433,346.808801297969,50425000
2025-04-08,350.4460754394531,369.3145725706382,346.18608632628985,363.98712785508354,35868900
2025-04-09,385.9591979980469,388.667426732123,349.0030438091915,349.4379409733939,50199700
2025-04-10,376.9252624511719,379.4456631401157,363.5324628545339,377.627015987976,38024400
2025-04-11,383.94287109375,385.52428234575257,374.4937970946495,376.2234920445777,23839200
2025-04-14,383.3102722167969,390.0709046779098,379.75203666792555,388.6575040815548,19251200
2025-04-15,381.2544250488281,387.3429548173336,379.702634359307,384.0021677861047,17199900
2025-04-16,367.2982482910156,377.18221973337427,363.730149078798,376.25315416820064,21967800
2025-04-17,363.5126647949219,369.9767899290697,362.6330071079686,369.41339637295704,21120200
2025-04-21,354.9531555175781,360.25097956592975,351.54320368031085,358.6102367890087,20807300
2025-04-22,362.5638427734375,363.5028019496421,355.68457702509073,359.1637542302739,19485000
2025-04-23,370.0459899902344,375.9763723537339,368.69186067990836,371.6965961898571,20545500
2025-04-24,382.80615234375,383.9428330432701,370.8366789549492,371.34077108557176,22232300
2025-04-25,387.30340576171875,387.60980644654984,380.1375268589871,382.5096738423667,18973200
2025-04-28,386.62139892578125,388.18305301396595,382.1538550582223,387.41210451108003,16579400
2025-04-29,389.468017578125,390.5157161336794,385.8504804253008,386.75978890275064,14974000
2025-04-30,390.6738586425781,392.0576085897077,379.97939447353656,385.7713871677669,36461100
2025-05-01,420.4640808105469,431.91959850384194,419.96988230696996,426.1078192756201,58938100
2025-05-02,430.2294921875,434.3412277785372,425.0008630376841,426.7305579775838,30757400
2025-05-05,431.1092224121094,434.40057183462085,427.0963020072091,427.84749353573557,20136100
2025-05-06,428.2823486328125,432.65107712392626,426.1671945058241,427.18524232094876,15104200
2025-05-07,428.3218688964844,433.0365119798482,426.10783898687293,428.8061738000786,23295300
2025-05-08,433.0859680175781,438.5221520354275,430.60508165893515,432.8487322038109,23491300
2025-05-09,433.6394348144531,435.6260923106028,430.82249727884243,434.8946881691784,15324200
2025-05-12,444.04730224609375,444.1560114514232,434.67728663767485,440.7658165502587,22821900
2025-05-13,443.9287109375,445.4409573721911,440.19254074927665,442.5844751269483,23618800
2025-05-14,447.6845703125,448.6334230518337,442.940276452347,442.940276452347,19902800
2025-05-15,448.6946105957031,451.7246558325709,446.0210270484144,446.3576953837484,21992300
2025-05-16,449.8233947753906,449.91251018958565,444.3376444869959,447.62512390200453,23849800
2025-05-19,454.3783874511719,455.0913410046994,446.3873726676465,446.46660651740484,21336500
2025-05-20,453.6852722167969,453.8535912700005,449.87295142774695,451.13050930908776,15441800
2025-05-21,448.1401062011719,453.2991005803846,447.38753565613104,450.12052955644793,19216900
2025-05-22,450.40765380859375,455.74490907390424,449.4570590917957,450.4967994491365,18025600
2025-05-23,445.7734680175781,449.2491205375805,444.51591011589574,445.5754438212613,16883500
2025-05-27,456.18060302734375,456.4380677238799,451.65532857824905,452.0118204825961,20974300
2025-05-28,452.8831787109375,457.9926743719098,452.45739496057166,456.7054113344306,17086300
2025-05-29,454.1903076171875,457.2005597280811,450.85329893273473,457.03221043821725,13974800
2025-05-30,455.85382080078125,457.16090743162863,451.081023612945,455.22010105843367,34770500
2025-06-02,457.4480895996094,457.5867035205711,452.41782757710985,452.6653804963421,16626500
2025-06-03,458.4382629394531,459.59682380087423,456.3489007620485,456.95294554827,15743800
2025-06-04,459.3294677734375,461.1316602074749,458.48778183720145,459.4582001214203,14162700
2025-06-05,463.1022033691406,465.0529216385449,459.4879366863286,460.4088263203011,20131700
2025-06-06,465.7757568359375,468.7067748339504,464.19141216551986,465.4885869985769,15285600
2025-06-09,468.12255859375,468.7958952647425,464.0329796350046,465.10242514198006,16469900
2025-06-10,466.3105163574219,468.1720890066924,462.38925618966,466.57786264296146,15375900
2025-06-11,467.99383544921875,470.81594475736864,465.0628173622344,465.4192790589967,16399200
2025-06-12,474.1826477050781,475.7174938929388,468.88500933710617,470.37032681118086,18950600
2025-06-13,470.3109130859375,474.48960742449077,468.13246560456287,471.74673205457395,16814500
2025-06-16,474.45001220703125,475.98482813726486,470.3505215770748,470.5584575569121,15626100
2025-06-17,473.36077880859375,474.0539088222925,469.4395189734987,470.7466055851971,15414100
2025-06-18,475.53924560546875,476.291816149254,469.8158233270243,473.3211811212961,17526500
2025-06-20,472.72698974609375,478.727669344686,472.2021788313277,477.5097284735666,37576200
2025-06-23,481.2428894042969,482.975759890835,467.88494315239075,473.52913174865415,24864000
2025-06-24,485.3126220703125,487.0356109071577,482.0350238939456,484.1640031375646,22305600
2025-06-25,487.45147705078125,489.71907018583636,484.59969288856837,487.2237477118272,17495100
2025-06-26,492.580810546875,493.1650318097281,487.98621386300664,488.15456314430565,21578900
2025-06-27,491.0855712890625,494.4126679494895,488.2040517426954,492.6797975508017,34539200
2025-06-30,492.5411682128906,495.8583832017286,490.4815111095117,492.17479474651304,28369000
2025-07-01,487.23358154296875,493.1748508484927,486.174078149816,491.61032989433573,19945400
2025-07-02,486.2830505371094,488.66946431331223,483.9164603345879,485.1938116448169,16319600
2025-07-03,493.95721435546875,495.2345959448005,488.61007707252077,488.9764505765557,13984800
2025-07-07,492.8481140136719,493.8680307430937,490.3824968234557,492.51144569917784,13981600
2025-07-08,491.7588806152344,493.3234318678901,489.2734398258723,492.37280697303856,11846600
2025-07-09,498.58148193359375,501.8194631786975,494.8483646402868,495.40288075164045,18659500
2025-07-10,496.5713195800781,499.50233742843255,492.877819466512,498.12592881176073,16492100
2025-07-11,498.393310546875,500.0865639242522,492.9273231662245,493.5907782355643,16459500
2025-07-14,498.0962219238281,499.03693501960714,496.1257105345073,496.61090454240406,12058800
2025-07-15,500.8688659667969,503.3245715280963,497.8685258646023,498.0962552049,14927200
2025-07-16,500.67083740234375,501.760076321519,496.97736708309617,500.23514183467364,15154400
2025-07-17,506.6912841796875,508.3449206172861,500.67078077223215,500.730191050298,17503100
2025-07-18,505.05743408203125,509.6025320949179,502.4630844244223,509.4440643876484,21209700
2025-07-21,505.0673522949219,507.0775109565722,500.6014880788464,501.75013722027745,14066800
2025-07-22,500.32421875,506.19619667447284,500.32421875,505.968437121084,13868600
2025-07-23,500.9183349609375,501.8293429250601,495.79895793496456,501.78972599996087,16396600
2025-07-24,505.87933349609375,508.6420022469781,502.334358860161,503.7899711970312,16107000
2025-07-25,508.6816711425781,513.216797186473,505.3644257046499,507.4537578741833,19125700
2025-07-28,507.48345947265625,509.9589885432546,505.12675096242896,509.0480107678364,14308000
2025-07-29,507.5527648925781,512.5533213636355,506.55264151082275,510.48381297361453,16469200
2025-07-30,508.2162170410156,510.89971236727115,504.4534248625209,510.12731827097724,26380400
2025-07-31,528.2778930664062,550.0130499577134,526.6935786680993,549.795171976257,51617300
2025-08-01,518.9797973632812,530.5553736121248,515.7616096000787,529.7632164041114,28977600
2025-08-04,530.3969116210938,532.9813491761439,522.9604134562841,523.0990575737549,25349000
2025-08-05,522.584228515625,532.0407382325785,522.0792108748774,531.9219176627233,19171600
2025-08-06,519.8016967773438,526.4955370830186,518.9006307843745,525.70337986457,21355700
2025-08-07,515.7418212890625,522.9208551796034,512.483986539974,521.6434435727333,16079100
2025-08-08,516.9301147460938,519.5244646686413,514.3258530361145,517.4846309027208,15531000
2025-08-11,516.6627807617188,522.4258201385037,514.6327984158801,517.1875615378566,20194400
2025-08-12,524.0595092773438,525.782467566966,517.5835480141434,518.623257971221,18667000
2025-08-13,515.484375,527.4857348349631,514.2861971986356,526.9014833945702,19619200
2025-08-14,517.36572265625,520.8017882377586,515.0486614235291,517.4449565045493,20269100
2025-08-15,515.078369140625,520.9503168823401,513.9990723038397,517.6529556536844,25213300
2025-08-18,512.0383911132812,517.7024328589179,508.9885829187347,516.4844919382945,23760600
2025-08-19,504.7801818847656,510.11740696385556,503.5721224631474,509.9589996924715,21481000
2025-08-20,500.76983642578125,505.9981527246316,499.5023667236012,504.87920872605446,27723000
2025-08-21,500.1251220703125,503.48747238505433,498.6175369804135,499.57962247206007,18443300
2025-08-22,503.0907287597656,506.56216679087737,498.310055406757,500.1350363394598,24324200
2025-08-25,500.1449890136719,504.04291093011733,500.00611695670057,502.4956437530773,21638600
2025-08-26,497.943115234375,500.85912581033193,494.4419229807315,500.2441598895975,30835700
2025-08-27,502.604736328125,503.1502662118434,495.8205578102606,497.9034268047853,17277900
2025-08-28,505.4810791015625,506.91922816363694,501.3748491905692,502.95187030654046,18015600
2025-08-29,502.55511474609375,505.44137107101903,500.3730559294206,504.5090396010348,20961600
2025-09-02,500.9979248046875,501.87074834041937,492.75574161607386,496.38587753866574,18128000
2025-09-03,501.22607421875,503.64616490840893,498.220801883355,499.6788070917271,16345100
2025-09-04,503.82470703125,504.00323087503085,499.0440334241921,500.1846427841772,15509500
2025-09-05,490.9605407714844,507.79205789513924,488.35199810583333,504.9157294675595,31994800
2025-09-08,494.1344299316406,497.1099483047291,490.990285532587,494.0451377441344,16771000
2025-09-09,494.34271240234375,498.15137232357364,493.63851485593227,497.33805669614713,14410500
2025-09-10,496.2867126464844,499.1233892811019,492.66650462093776,498.8754294126598,21611800
2025-09-11,496.9215393066406,499.0639163525314,493.81707669294536,498.15141065447875,18881600
2025-09-12,505.73895263671875,508.367321245748,499.73833579713096,502.5154742767582,23624900
2025-09-15,511.1543884277344,511.2634762434591,502.86262476523797,504.63802593930427,17143800
2025-09-16,504.8859558105469,513.0090929577493,504.449544036503,512.6619733694059,19711900
2025-09-17,505.85797119140625,507.11762672901375,501.8013512662406,506.4530809454648,15816600
2025-09-18,504.3008117675781,508.88310546808697,503.51725007824297,507.31598208941665,18913700
2025-09-19,513.7034301757812,515.0622454615835,506.1456179521661,506.39357782967863,52474100
2025-09-22,510.2518310546875,513.5149611406991,508.35738375283694,511.3825425873763,20009300
2025-09-23,505.074462890625,510.3907385966617,503.17011764420596,509.6071466116137,19799600
2025-09-24,505.9869079589844,508.29788064425674,502.7832857896144,506.215041937542,13533700
2025-09-25,502.892333984375,505.8480263178102,500.91858324777104,504.1519591362548,15786500
2025-09-26,507.28619384765625,509.74596656687834,502.4856945681329,505.8976246789574,16213100
2025-09-29,510.4005126953125,512.6321512651683,504.7272205888506,507.3258348805616,17617800
2025-09-30,513.7232666015625,513.9315141469417,505.5009089039439,509.05168089535164,19728200
2025-10-01,515.4688720703125,516.2623314762835,507.51430077675985,510.5989067561486,22632300
2025-10-02,511.53131103515625,517.343476169315,506.5126054199375,513.4158303625842,21222900
2025-10-03,513.1281127929688,516.2425031799986,510.7973143114264,512.8801529316524,15112300
2025-10-06,524.256591796875,526.6965386672223,513.9712214168786,514.377848960065,21388600
2025-10-07,519.7040405273438,525.4765536672338,517.1847899970462,523.9788663400786,14615200
2025-10-08,520.56689453125,522.6497936321297,518.8213080060119,519.0097599169904,13363400
2025-10-09,518.136962890625,520.0512058016051,513.1777655449532,518.07745494396,18343600
2025-10-10,506.790283203125,519.3073226434543,505.47115003636685,515.3994727403434,24133800
2025-10-13,509.85504150390625,512.1957680051081,507.50438692257717,512.1957680051081,14284200
2025-10-14,509.3789978027344,511.07506506957225,501.87076583985106,506.0662576446326,14684300
2025-10-15,509.2401428222656,512.9694689959882,505.83814063109804,510.75768630195654,14694700
2025-10-16,507.4349670410156,512.6321960787722,503.9833851231019,508.3970827878481,15559600
2025-10-17,509.3889465332031,511.2734052578957,503.1700935064365,504.8859867353243,19867800
2025-10-20,512.5726928710938,514.4671401409408,509.2401268135401,510.41049011219013,14665600
2025-10-21,513.4356079101562,514.4572316509175,508.8533142722573,513.2769402267872,15586200
2025-10-22,516.2921752929688,520.9439055438886,513.4853127480494,516.8972434708678,18962700
2025-10-23,516.3119506835938,519.6743010066873,514.3778516149157,518.1964698863214,14023500
2025-10-24,519.3370361328125,521.0628270774097,516.4607380708425,518.5237205252405,15532400
2025-10-27,527.1825561523438,530.2175826339089,524.6930292943027,527.4404441110845,18734700
2025-10-28,537.6464233398438,549.2013167264516,536.3570441492753,545.511702993095,29986700
2025-10-29,537.1306762695312,541.8121902511471,532.3500025514267,540.4930267482002,36023000
2025-10-30,521.4695434570312,530.6043464776645,517.8592331602406,526.1509968235328,41023100
2025-10-31,513.5843505859375,525.0004316167937,510.896444053691,524.5640198650095,34006400
2025-11-03,512.810791015625,520.6760707602963,510.3907002836433,515.5680732671589,22374700
2025-11-04,510.1328430175781,511.342858187808,503.6957838776707,507.5838081580189,20958700
2025-11-05,503.0213317871094,510.6287541811956,502.4460479183387,509.1112106662694,23024300
2025-11-06,493.04339599609375,501.5732213085109,491.7639146320967,501.53353925537283,27406500
2025-11-07,492.76568603515625,495.30479262227396,489.2248119110569,492.89463000746537,24019800
2025-11-10,501.8707580566406,502.7138276367279,494.72950196106785,495.95940345274505,26101500
2025-11-11,504.5289001464844,505.4414057875519,498.2505695472254,500.68055811559174,17980000
2025-11-12,506.9688720703125,507.4945458106546,495.0469415436793,505.2033686484966,26574900
2025-11-13,499.182861328125,509.309533151825,497.1991825232493,506.1455630365654,25273100
2025-11-14,506.0166320800781,507.42505738590404,493.38060745410195,494.16416907736203,28505700
2025-11-17,503.3486022949219,507.94082387806293,500.7896697837805,504.300789978241,19092800
2025-11-18,489.76043701171875,498.87544447228873,482.8076324047851,491.3275301094218,33815100
2025-11-19,483.14483642578125,491.14898819063853,478.88983663624714,486.1005289347495,23245300
2025-11-20,475.41387939453125,490.45844852333465,472.50235794747454,489.60385435710714,26802500
2025-11-21,469.1436462402344,475.9007957312625,465.3179114267742,475.4834301610789,31769200
2025-11-24,471.0118103027344,473.89352206444323,465.0694984877541,472.0055061050608,34421000
2025-11-25,473.9829406738281,476.12932719889915,461.9592459889855,471.08136597664605,28019800
2025-11-26,482.4393310546875,485.23161394332453,478.1664510662567,483.244222260298,25709100
2025-11-28,488.9082946777344,489.5243812398697,483.5820692635899,484.5260924315005,14386700
2025-12-01,483.6714782714844,486.7718042788117,481.59465771305275,485.3607732415945,23964000
2025-12-02,486.91094970703125,490.38888506208144,483.2541563831954,483.6516286444489,19562700
2025-12-03,474.7182922363281,481.18723109312356,472.2042431453193,473.3171775583083,34615100
2025-12-04,477.8087158203125,478.28570075231454,473.48613274494215,476.7355376297969,22318200
2025-12-05,480.11407470703125,480.35255199911325,475.86105782216015,479.4780948278929,22608700
2025-12-08,487.9245300292969,489.1964595164875,481.32640529111774,481.8331998835391,21965900
2025-12-09,488.9181823730469,489.01755801519323,485.42038417588924,486.016607703579,14696100
2025-12-10,475.5430908203125,481.1972227192708,472.0850182923752,480.9786084159209,35756200
2025-12-11,480.422119140625,482.96597801292137,472.86007818396723,473.6252433732215,24669200
2025-12-12,475.51324462890625,479.40854546431024,473.3370484252935,476.79512068758515,21248100
2025-12-15,471.82666015625,477.6894594742654,469.5411415575728,477.0733729131614,23727700
2025-12-16,473.38677978515625,474.87732355778707,467.911505956298,468.9350114671635,20705600
2025-12-17,473.1184387207031,476.9739832708393,472.0055042784347,473.903466892556,24527200
2025-12-18,480.92889404296875,486.5134594689822,474.8772903878124,475.17538699144035,28573500
2025-12-19,482.8566589355469,484.77448448182145,479.4482594182398,484.2875529363844,70836100
2025-12-22,481.8630065917969,485.64898536737695,479.6470539215635,483.0554234208069,16963000
2025-12-23,483.7807922363281,484.75459468390824,481.6840783901604,481.922585996358,14683600
2025-12-24,484.94342041015625,486.0762481946253,481.77352833631136,482.61817584356095,5855900
2025-12-26,484.6353759765625,485.0427948985028,482.8964083055729,483.64168016456847,8842200
2025-12-29,484.02923583984375,485.27135560420123,481.1276307272214,481.80333660098637,10893400
2025-12-30,484.4068298339844,486.5929423552436,482.4393012721813,482.8665831796088,13944500
2025-12-31,480.5711669921875,485.06269150087525,480.25317705215497,484.7645645601486,15601600
2026-01-02,469.95849609375,481.6046121327098,467.1960229709088,481.3363251826272,25571600
2026-01-05,469.8691101074219,473.06881210295353,466.54022279348425,471.07147364955256,25250300
2026-01-06,475.493408203125,475.7219388392127,466.7886229022075,470.8130789419108,23037700
2026-01-07,480.422119140625,486.6128550141313,474.936929133209,476.73551614076564,25564200
2026-01-08,475.09588623046875,479.61722033317443,472.8600706717694,478.20615894860083,18162600
2026-01-09,476.2585144042969,476.7951186190047,469.2231615927928,471.0714211959582,18491000
2026-01-12,474.1717529296875,477.95773148860775,472.68120923483104,473.6649886945649,23519900
2026-01-13,467.70281982421875,472.7805908527595,463.01257439213845,471.68751939768345,28545800
2026-01-14,456.4839782714844,465.2483824443871,454.2879190598576,463.51933114332076,28184300
2026-01-15,453.7811279296875,461.32327541703046,453.02590941718984,461.1940901109254,23225800
2026-01-16,456.9609375,460.26996150673693,453.60227115836847,454.9437362325269,34246700
2026-01-20,451.6546325683594,453.92025792216236,446.4476759522066,448.3754483517362,26130000
2026-01-21,441.31024169921875,449.836168925793,435.9144806057656,449.74673993987386,37980500
2026-01-22,448.2959289550781,449.9851935867555,441.89652570286836,444.79810039972057,25349400
2026-01-23,463.0125732421875,468.1301005814363,447.6897705604439,449.02131930234236,38000200
2026-01-26,467.3152770996094,471.2602507862521,459.0874767807031,462.3766075757791,29291200
2026-01-27,477.5503234863281,479.82589540353166,470.17711748937944,470.7137217228436,29213900
2026-01-28,478.5937194824219,480.69040309270366,474.9865988275796,480.16374552458444,36875400
2026-01-29,430.76715087890625,439.7104135269112,418.36581575660404,437.2162272399066,128855300
2026-01-30,427.577392578125,436.8286984461687,423.7616041817895,436.4014165119217,58566800
2026-02-02,420.7010192871094,428.0245530606437,419.58808475506504,427.5277051213245,42219900
2026-02-03,408.6176452636719,419.3893041977899,405.9843574339844,419.34957819955315,61424100
2026-02-04,411.578857421875,417.15347618992746,406.66005118226167,408.40896545860215,45012400
2026-02-05,391.188232421875,405.72597626088844,389.84673704915224,404.87141244319446,66289200
2026-02-06,398.61114501953125,399.25704122003975,390.4429643868461,396.6535630940219,53515300
2026-02-09,410.9925842285156,412.2744602868579,398.34282592261525,402.297746078297,45480500
2026-02-10,410.6646728515625,421.0090502850332,410.0982892644293,416.97464756162884,44857900
2026-02-11,401.8207702636719,413.8345489802859,398.4819668946231,413.5563153661985,42491000
2026-02-12,399.30670166015625,403.6392309547976,395.5008602319473,402.4467839094351,40802400
2026-02-13,398.7900085449219,402.98340606348665,395.54060384789733,401.90028127287496,34091600
2026-02-17,394.3581237792969,397.9950542597942,392.04282577248057,396.7032617740463,32078800
2026-02-18,397.08087158203125,400.02220283554806,393.82155037537984,395.62013745533494,23223400
2026-02-19,396.8517761230469,402.7976819572589,395.0690225854118,399.07278661262325,28234000
2026-02-20,395.6267395019531,398.5050592846536,393.56508699389525,394.51123443489973,34015200
2026-02-23,382.918212890625,393.7642431363039,381.55374731391754,393.4057107487328,43238300
2026-02-24,387.4299621582031,387.7884945775691,380.16937672197673,382.58959213032324,33884700
2026-02-25,398.9831237792969,399.84960746436826,388.5852587696308,388.95376053046306,43625500
2026-02-26,400.0986022949219,405.8453028142193,397.1306190557743,403.0765245044552,34405900
2026-02-27,391.15484619140625,395.2183958601928,388.30640407164015,389.30236795593413,51367200
2026-03-02,396.9413757324219,399.57073485574693,389.0533591512552,391.2743390590049,35474900
2026-03-03,402.2996826171875,405.05852201627056,391.0851500003899,391.5532542396072,38199200
2026-03-04,403.5645751953125,409.3710312257941,398.69429724653685,399.6504140582061,35808000
2026-03-05,409.0224304199219,409.9486695143622,402.7677785996419,402.78771732924594,39001300
2026-03-06,407.30938720703125,411.38287590243635,406.8612216895844,407.54843921074234,31123900
2026-03-09,407.757568359375,408.55432729115563,401.8714182880504,403.2857003455267,30131900
2026-03-10,404.122314453125,408.5443965203919,401.30371964643086,408.37506928692744,31706400
2026-03-11,403.245849609375,407.35918518479474,399.96912002302975,403.9330670994013,25512100
2026-03-12,400.238037109375,404.4808530373378,400.08864860368743,402.99687655683135,27263900
2026-03-13,393.9534912109375,403.16615688192843,392.65875035547907,399.3815063856616,26848000
2026-03-16,398.33575439453125,399.01300251860397,393.1965772756644,396.4633374914087,27733700
2026-03-17,397.79791259765625,402.7677623283013,396.1446090107731,398.6544268926901,26228300
2026-03-18,390.2087097167969,396.39363710184665,389.42188971563326,395.5271533612366,25908500
2026-03-19,387.4498596191406,390.90585551603124,385.4977789148814,388.52551763585893,25138800
2026-03-20,380.3287353515625,385.43803509853177,378.58579850034175,385.22889118681917,50853200
2026-03-23,381.4541931152344,385.64719283721575,380.1395134056624,382.3505545919761,29680100
2026-03-24,371.2355651855469,380.9263046350485,370.34917314154325,380.8167328036651,42733600
2026-03-25,369.5424499511719,375.5381416220395,368.13813722010167,375.39872248264555,31181200
2026-03-26,364.492919921875,373.2076042912997,363.71606927386256,369.3233510512375,36836600
2026-03-27,355.33001708984375,360.9871149414508,355.07108715320055,360.43931657918756,37883400
2026-03-30,357.51116943359375,363.8853318939423,354.8419936524484,360.4393055378546,44797000
2026-03-31,368.67596435546875,371.3949263066763,361.6046146993887,363.07862179545566,45244400
2026-04-01,367.8791809082031,372.48052926345224,366.7139201659809,371.98254731341393,29417200
2026-04-02,371.9526672363281,372.1319638369453,362.680245817395,365.7278929006101,24099100
2026-04-06,371.375,372.22157533941066,368.0086373714944,371.98252335059567,16146600
2026-04-07,370.78741455078125,370.9467724245638,365.080530373921,368.8452727581139,21443300
2026-04-08,372.81915283203125,383.4461010048471,369.9109552686541,383.426192668859,33064800
2026-04-09,371.56427001953125,371.99252721403565,365.5685477188417,370.9965632857518,30435300
2026-04-10,369.3731384277344,374.12390583360843,368.5365323725683,371.47463812837884,28111100
2026-04-13,382.8186340332031,382.98796126737693,369.5225100750242,372.10205289266787,35745800
2026-04-14,391.5233459472656,393.09698589720546,384.95994763093,386.3543213772784,37504500
2026-04-15,409.5602722167969,412.69755239260473,395.1287651714373,396.3936283702306,45063400
2026-04-16,418.56378173828125,419.12151906860663,410.4765600541581,418.16537187855886,41642400
2026-04-17,421.0835876464844,429.83808848207923,418.99205736838906,423.10539315661504,48568200
2026-04-20,416.38262939453125,421.6213787702164,414.6197538627068,419.4501847919345,27582200
2026-04-21,422.44805908203125,425.4558591722327,415.51615872358184,418.54386715015573,32048500
2026-04-22,431.1726989746094,431.9495495900464,421.9600330275293,424.4698510786937,29378200
2026-04-23,414.07196044921875,421.9500379562064,409.7494810939023,418.19526527607866,38308000
2026-04-24,422.90618896484375,423.23487407473965,414.12178001797366,415.28707116170386,27457400
2026-04-27,423.1053771972656,425.38611256831246,415.3866572294081,420.6752229306716,30867300
2026-04-28,427.5174865722656,428.1847957314844,420.197146128082,422.8563830057505,30438100
2026-04-29,422.7467956542969,425.0972860808559,418.59364353468584,422.866306449911,38288300
2026-04-30,406.1341552734375,412.74737011555624,396.4035989759817,409.15192465494977,70909400
2026-05-01,412.76727294921875,415.4264794885345,408.7834174283456,411.1338775963461,31372400
2026-05-04,411.9505615234375,419.0816663151199,409.14193618030583,409.87897009526375,28066500
2026-05-05,409.7196350097656,415.09783400354706,407.1500311208482,413.6437352165572,25700900
2026-05-06,412.2891845703125,416.73120520087787,403.4748984673602,406.3532485673598,30285900
2026-05-07,419.07171630859375,426.25263786097554,417.06984955189336,418.41437649189606,34942400
2026-05-08,413.44451904296875,416.9403619714099,412.32904436576047,415.70537649227293,33383800
2026-05-11,410.99444580078125,411.02432350049145,403.86334099070683,406.22377045102496,35657900
2026-05-12,406.1241760253906,413.8229876767416,404.9987623844293,412.8071154720842,38594200
2026-05-13,403.57452392578125,404.6700902960666,399.41140211310335,401.57265715241186,29667100
2026-05-14,407.7774963378906,410.1777730080913,399.2620170659624,402.847493220503,27077500
2026-05-15,420.2170715332031,426.4418454559798,411.2434277199191,412.5979239362014,50771200
2026-05-18,421.83056640625,423.40417602339767,413.9325494355234,414.93848271907115,32564100
2026-05-19,415.7352600097656,430.9535870211983,414.808990493047,428.16486989475214,33018700
2026-05-20,419.36053466796875,420.3963455784958,409.63991780241736,412.49835957243755,27864000
2026-05-21,418.3025207519531,425.5388979071037,414.92886694253497,423.9518891931334,31393500
2026-05-22,417.7835388183594,423.60257118762803,415.54772693408205,418.7517174636334,22390300
2026-05-26,415.248291015625,418.9812539216563,412.24393696715845,415.6475333356961,30398000
2026-05-27,411.8946228027344,415.15846763645,408.8104019854481,410.23773822181624,28901500
2026-05-28,426.18768310546875,428.68298564682067,411.89461329838434,412.2040283766931,47250500
2026-05-29,449.3940124511719,449.48383969057267,431.54760317786213,431.7372486144539,79654400
2026-06-01,459.6546936035156,465.4438139523178,457.40892124774234,463.96658383705716,53628900
2026-06-02,440.48077392578125,452.64787129328397,439.6024225764256,446.0403151791343,37036800
2026-06-03,426.53704833984375,439.56254639446627,423.45285793258154,437.62618910935214,39037000
2026-06-04,427.2456970214844,435.33048350032107,425.60879436274143,434.9911260035114,26899500
2026-06-05,415.8870849609375,428.66302140752947,413.6213308264138,427.5351398188391,34782200
2026-06-08,410.9663391113281,416.37616844333525,407.79232157753756,413.3618539280056,32086700
2026-06-09,402.6520080566406,411.20591258759293,397.7312786929967,408.26144336727174,35317300
2026-06-10,396.61334228515625,404.2789346443135,396.41373636313654,397.80110870103243,32576000
2026-06-11,389.6065673828125,396.1043451719433,383.278483574852,394.46741202742857,47224100
2026-06-12,390.00579833984375,391.003919361718,381.55171206615995,390.6945042817559,34865800
2026-06-15,399.0088806152344,400.99513175706005,392.11186050588947,396.05442037645633,32266400
2026-06-16,393.0899963378906,396.094350419825,389.9559121071713,395.0463355104342,31506800
2026-06-17,378.1980285644531,389.6364865987809,376.6110198431126,389.51671695343225,41987800
2026-06-18,378.6871032714844,380.6534028700893,372.5786075934489,377.11008548581106,59714200
2026-06-22,366.6497802734375,380.9129385065033,366.3802985575179,375.0339909424311,45171100
2026-06-23,373.23736572265625,376.51120135394876,369.9735210485466,371.6802994138851,40647600
2026-06-24,364.7733154296875,378.16811350773463,364.09460041679364,370.87185096853153,44509900
2026-06-25,352.1670227050781,363.5456265920902,348.54386902384044,362.0883479855026,66179000
2026-06-26,372.2691955566406,375.90234020580533,354.762144454129,356.4789138154501,186201600
2026-06-29,367.8774719238281,379.7850483907747,359.2237492715265,376.790685328561,51229900
2026-06-30,372.319091796875,373.44697342275583,366.7595808670141,370.3328407149792,44945700
2026-07-01,383.5579528808594,388.09939143880604,374.18561213385976,380.1144231011508,48065800
2026-07-02,389.7562561035156,391.4630649298244,382.97903650468743,383.7575696594082,42128900
2026-07-06,386.0133056640625,388.418780928489,380.5036887115837,386.31276024010407,34224500
2026-07-07,388.109375,394.8267404517197,387.4905448392632,391.75251064257776,29297500
2026-07-08,382.6197204589844,384.58602015004215,380.6134873969759,383.3084264217563,25908300
2026-07-09,383.6377868652344,383.92725049460796,372.64849496928053,373.74643420118315,31083200
2026-07-10,384.37640380859375,391.1736053926777,380.783162110783,387.07131223677504,24644600
2026-07-13,390.2553405761719,392.91034623109437,383.4281962321871,387.02143811329415,28914900
2026-07-14,384.20672607421875,387.46061042423804,377.93852713765,382.1007052927433,27863900
2026-07-15,394.8866271972656,398.2103568181361,385.6739591427675,387.07132248997675,36253700
2026-07-16,400.3463439941406,405.2271399033625,391.31333055964967,397.56157784187184,37047400
2026-07-17,393.08001708984375,397.64143734197864,388.6583483977542,394.1180409920291,33049800
2026-07-20,401.53411865234375,402.4224305318551,388.91785418191677,390.67455694621333,27915800
2026-07-21,397.00262451171875,400.7156358198418,395.57531880381754,398.0606303262699,24126600
2026-07-22,389.6065673828125,400.246541441447,386.2329133568751,398.8291961465565,28142500
2026-07-23,380.8630065917969,391.04385321150613,376.68090752842744,389.23725659651495,30351800
2026-07-24,380.9828186035156,388.29903252889795,379.9347732203772,386.32274187573427,27659400
2026-07-27,388.368896484375,393.45931979821836,387.2609663085435,389.3470355932277,27856200
2026-07-28,392.61090087890625,399.56780545733704,390.5647345556998,392.4212554523594,32367500
2026-07-29,389.8061828613281,400.4960502148319,388.00954678983055,392.6607942930367,47209000
2026-07-30,450.2524108886719,457.8281459885008,431.6274684759506,437.07720086969465,110160700
2026-07-31,463.8468017578125,465.962813447145,448.4857046349594,449.1544591210436,60846000
2026-08-03,486.73370361328125,490.7261876465455,474.10747895013026,475.2353605631651,66762100
2026-08-04,491.884033203125,498.50158065157444,478.2696778930625,479.99640781848416,50455500
2026-08-05,486.5440673828125,497.3038108374591,484.7674131728324,495.42733843271316,33388900
2026-08-06,498.9207458496094,500.61756372489685,487.60205742358346,487.6319998350186,36441500
2026-08-07,499.0505065917969,504.23075699317457,497.79289485093346,498.2719734340298,28846200
2026-08-10,505.109130859375,512.7647021753171,501.32624359045303,502.4940586092805,31206100
2026-08-11,502.86334228515625,504.38047525067043,498.61133704649393,503.3823542433026,23049800
2026-08-12,491.5047302246094,500.557695253814,490.59643643442394,499.0505227551261,29001500
2026-08-13,495.9463806152344,500.3979918654044,492.0836571155829,492.34314786956145,23039000
2026-08-14,494.4691467285156,499.07050046550256,492.991947114923,495.42733437790497,16217600
2026-08-17,479.44744873046875,491.73431632358415,477.51109147171053,489.21906226283284,29635800
2026-08-18,480.72503662109375,483.36006030134655,476.2534434403709,480.6352093836093,24087600
2026-08-19,483.3999938964844,488.3806080919379,478.4592826108848,479.16797047398614,19961900
2026-08-20,481.1499938964844,484.1600036621094,479.5,483.29998779296875,20020800
2026-08-21,483.239990234375,486.3599853515625,478.5299987792969,479.8800048828125,22489200
