Date,Close,High,Low,Open,Volume
2021-09-02,289.0218200683594,291.14280883019796,288.0908835783772,290.0295511305213,16285600.0
2021-09-03,289.0123291015625,290.4135229329207,288.16776428642396,288.8683465578248,14747900.0
2021-09-07,288.0909423828125,288.96429776620096,286.1907010174333,288.8875324668998,17180400.0
2021-09-08,288.11968994140625,288.50357495760755,285.4900468274503,287.70701428120356,15046800.0
2021-09-09,285.2789306640625,289.9720110672176,285.03899884685137,288.70516404309024,19927000.0
2021-09-10,283.80096435546875,287.84143755665605,283.48426721928973,286.40184654237044,19633400.0
2021-09-13,285.0294189453125,286.51701392472955,282.2366088163071,285.56686392320825,23652900.0
2021-09-14,287.71661376953125,289.2521830846945,286.09467252451213,287.4958659786448,21853400.0
2021-09-15,292.5439758300781,293.0238393049171,289.6647949810443,291.0468041316639,28356300.0
2021-09-16,292.927978515625,293.01435046119434,288.6476028000496,291.5267848065768,19550800.0
2021-09-17,287.7934265136719,292.23696868760265,287.4671227397801,291.9202715592397,41372500.0
2021-09-20,282.44775390625,286.6897617780861,277.86025823894886,284.395999300158,38278700.0
2021-09-21,282.92755126953125,285.5572235689827,282.22696919676986,283.78172248901336,22364100.0
2021-09-22,286.5552978515625,288.12926431682723,282.64923090626985,284.77982618940496,26626300.0
2021-09-23,287.495849609375,288.7818804171432,285.54760475520084,286.8144515647207,18604600.0
2021-09-24,287.29437255859375,287.72623226962907,284.9718196101101,286.2194826708354,14999000.0
2021-09-27,282.3230285644531,284.53038991922193,281.14255329173125,284.21369275698544,23571700.0
2021-09-28,272.1019592285156,279.06959099274184,271.3629795187131,278.12904739871504,43186200.0
2021-09-29,272.5625305175781,275.22096437346653,271.6124099419833,273.61823631743374,26353700.0
2021-09-30,270.5663146972656,276.23827687630234,270.278378953934,274.20365982638276,32343600.0
2021-10-01,277.4572448730469,278.30180981633697,269.9617749341886,270.75833592609666,30086300.0
2021-10-04,271.7082824707031,276.1614295725275,268.9634774550854,275.8255192826718,31350700.0
2021-10-05,277.130859375,278.7047968877301,272.61052278816857,272.61052278816857,24993000.0
2021-10-06,281.30560302734375,281.8046798760864,274.01170032174,274.27081610113123,28002600.0
2021-10-07,282.9756164550781,284.6935366211754,282.0830770442581,283.29231359523686,20430500.0
2021-10-08,282.9756164550781,284.6935366211754,281.9295171528448,284.2904382451461,17685700.0
2021-10-11,282.38055419921875,285.9699246769011,280.960147351055,281.1233138675637,19298600.0
2021-10-12,281.0849609375,283.5418606976777,280.57630659547624,283.4458821015579,17974100.0
2021-10-13,284.3768005371094,285.30773721131357,281.6703624588803,283.0331881435553,23416300.0
2021-10-14,290.5574645996094,291.0565122938527,285.8355929980948,287.16002147005213,27262900.0
2021-10-15,291.9585876464844,292.1889420783388,288.4171921254101,290.16390256494424,25384800.0
2021-10-18,294.91461181640625,295.7975445356027,290.49986035476513,291.3444250695116,22729300.0
2021-10-19,295.81671142578125,296.8435972219743,294.8473776272357,295.9318739981731,17682100.0
2021-10-20,295.02978515625,297.22756896603414,293.7821220408967,296.75728265313415,16537100.0
2021-10-21,298.2448425292969,298.49435169218145,294.0220192983192,294.79942529790196,16918100.0
2021-10-22,296.70928955078125,298.56155617287357,295.40404521926826,297.8993420062516,17449300.0
2021-10-25,295.7207336425781,296.93957658837917,294.1179764030474,296.9011793012965,17554500.0
2021-10-26,297.6210021972656,299.81878579139044,296.1718339720267,298.4751735047065,28107300.0
2021-10-27,310.15509033203125,312.9670843453073,303.27383257307736,303.27383257307736,52588700.0
2021-10-28,311.2875061035156,311.7865536762648,308.4179020167002,311.2682928158976,26297900.0
2021-10-29,318.2647399902344,318.6294410245631,310.85564458763923,311.0763923948779,34766000.0
2021-11-01,316.1054382324219,318.14005582207426,313.22625576663637,318.01528656238753,27073200.0
2021-11-02,319.7138977050781,320.02101741036,316.7099471564869,317.00746021830776,26487100.0
2021-11-03,320.5488586425781,321.4126071943846,317.333766927226,320.4528800727002,21500100.0
2021-11-04,322.8906555175781,322.98663410539643,316.2397523503642,319.48363531417436,23992200.0
2021-11-05,322.52593994140625,325.1460058993081,320.95200246852335,324.8772834386426,22570100.0
2021-11-08,323.41851806640625,324.0519416472353,320.97122498059144,323.71603120896236,20897000.0
2021-11-09,322.42041015625,325.07884433236194,321.0575844525398,323.5336680917774,21307400.0
2021-11-10,317.4777526855469,321.15352434002415,316.6332173342628,321.09594304990367,25500900.0
2021-11-11,319.0421447753906,320.3281758647958,317.19948472941286,317.9096735712425,16849800.0
2021-11-12,323.15936279296875,323.64883306583664,320.34736896230555,320.47213819174647,23831000.0
2021-11-15,322.53558349609375,324.2726876885674,320.57773146516666,323.94638389817203,16723000.0
2021-11-16,325.8369445800781,326.95023148794974,321.99803632750536,322.1611735266542,20886800.0
2021-11-17,326.05816650390625,329.0099268651389,324.9813100529108,325.8851065761686,19053400.0
2021-11-18,328.1253967285156,329.25996932773234,324.13524688369495,325.1544168389848,22463500.0
2021-11-19,329.8944396972656,331.8078109454933,329.0195159309197,329.442570826056,21963400.0
2021-11-22,326.7408142089844,336.2018344650954,326.47160009386823,331.3463268296399,31031100.0
2021-11-23,324.6735534667969,326.37539705653046,320.7122484325142,324.06781451737515,30427600.0
2021-11-24,324.89471435546875,325.1350850982955,321.04878247024,323.32749241749696,21661300.0
2021-11-26,316.9817199707031,324.91395501030433,315.4818087833129,321.4718586551738,24217200.0
2021-11-29,323.66412353515625,325.97167755508315,321.8469060388488,322.0392144330682,28563500.0
2021-11-30,317.856689453125,324.7697551795586,316.31831064916247,322.4045150069706,42885600.0
2021-12-01,317.36639404296875,326.21205212002263,316.70299756222425,322.22190230238374,33337600.0
2021-12-02,316.7990417480469,320.6449739601022,315.1741330410827,317.57784067361735,30766000.0
2021-12-03,310.56866455078125,319.8854381080619,305.7804681645628,319.20276398285586,41779300.0
2021-12-06,313.6261901855469,314.8376683407075,306.93427569570224,311.4724773249387,30032600.0
2021-12-07,322.0199279785156,322.8660084465521,317.38557246325246,318.86626463105284,31021900.0
2021-12-08,322.0680236816406,322.5776085960502,318.05862588929494,322.394924443513,24761000.0
2021-12-09,320.27008056640625,323.52949356795324,319.3278164061056,321.52962129274965,22214200.0
2021-12-10,329.3464660644531,329.78874012403924,321.89497120742305,322.0776553641923,38095700.0
2021-12-13,326.3274230957031,330.5483488274046,326.01974140047037,327.5581205344927,28899400.0
2021-12-14,315.693359375,321.75072054562577,311.6262752750999,320.3854016251195,44438700.0
2021-12-15,321.76031494140625,322.279524033455,312.0012673025278,315.95294877643335,35381100.0
2021-12-16,312.3858337402344,323.7890378493558,310.57824093079836,322.77946305235776,35034800.0
2021-12-17,311.3282775878906,312.4051635201681,305.03057377478706,308.5207628124847,47750300.0
2021-12-20,307.58807373046875,310.36674473714834,305.3382067120296,307.72266611167277,28326500.0
2021-12-21,314.68377685546875,315.1068317195721,307.4822492884366,310.8378448851712,24740600.0
2021-12-22,320.36614990234375,320.7603321144237,313.203089758129,315.65485969090975,24831500.0
2021-12-23,321.79876708984375,323.4333000256045,319.91426851160736,319.9334876096026,19617800.0
2021-12-27,329.2598571777344,329.2887004933562,322.5102279009017,322.53907121652355,19947000.0
2021-12-28,328.1060485839844,330.5674425278227,327.21187650467994,329.9328602754398,15661500.0
2021-12-29,328.7792053222656,331.0386674602681,326.596619590704,328.15421774318594,15042000.0
2021-12-30,326.2503662109375,329.9136135053014,325.7696247881377,328.7406032599849,15994500.0
2021-12-31,323.3659973144531,326.288884758608,322.9140990920403,325.47164761227714,18000800.0
2022-01-03,321.85650634765625,324.9813267976335,317.07793359354395,322.43340214531065,28865100.0
2022-01-04,316.3376159667969,322.28919967860554,313.5589152681552,321.93342622590194,32674300.0
2022-01-05,304.1940612792969,313.5108358888348,303.80947386548866,313.30890328932094,40054300.0
2022-01-06,301.790283203125,306.42463822029214,299.4923247910214,301.0883900628225,39646100.0
2022-01-07,301.9441223144531,304.30936222208857,298.1462528184306,302.0498713577004,32720000.0
2022-01-10,302.1653137207031,302.5979928961551,292.9543176051216,297.56942521329626,44289500.0
2022-01-11,302.84796142578125,304.4151542522141,297.95401590280085,301.30958257691026,29386800.0
2022-01-12,306.0112609863281,310.9532989363436,304.86709358053514,307.35736099935986,34372200.0
2022-01-13,293.06005859375,308.52072440499325,292.2908837943043,308.1265127840826,45366000.0
2022-01-14,298.2520446777344,298.84815945566663,292.0504674590349,292.53120896925554,39846400.0
2022-01-18,290.9928283691406,297.8674260520063,290.1178753051929,292.3581471597959,42333200.0
2022-01-19,291.64666748046875,301.8191755170397,291.04095775062984,294.4926786966677,45933900.0
2022-01-20,289.9833068847656,299.6462002381442,289.541032877528,297.16558676731063,35380700.0
2022-01-21,284.6278381347656,292.39660859622313,284.22400232617673,291.03131903917586,57984400.0
2022-01-24,284.9546813964844,285.66616935055157,265.4173418936867,280.94531414889065,85731500.0
2022-01-25,277.3782043457031,283.6278434641429,274.18610328061175,280.29149648415216,72848600.0
2022-01-26,285.2816467285156,296.61754086589866,281.74339590875957,296.1271750879496,90428900.0
2022-01-27,288.2911682128906,295.46382588935046,286.45473146740756,291.00255834028303,53481300.0
2022-01-28,296.3867492675781,296.5982766943393,283.1086718195925,288.66604220399256,49743700.0
2022-01-31,299.00201416015625,300.34808458292423,294.56956197195456,297.05020471160907,46444500.0
2022-02-01,296.8675537109375,298.6655225486515,293.37736510025144,298.45399507702996,40950400.0
2022-02-02,301.386474609375,302.9825400250582,296.98289506365415,297.7040073654435,36636000.0
2022-02-03,289.64678955078125,299.24240163998115,288.4064681116785,297.5694010605456,43730000.0
2022-02-04,294.15618896484375,296.906016986016,288.4161327669498,288.64687935833757,35096500.0
2022-02-07,289.35833740234375,295.9829403994106,288.3487625883948,294.37728012769503,28533300.0
2022-02-08,292.82928466796875,293.7907677485287,288.3968617508122,289.6467780186861,32421200.0
2022-02-09,299.22308349609375,299.91535235408395,295.55024113771606,297.9346999380261,31284700.0
2022-02-10,290.7331848144531,297.21356974340233,289.1179006911391,292.3292498442019,45386200.0
2022-02-11,283.67596435546875,292.5696824760353,282.8875412205064,291.51204526354115,39175600.0
2022-02-14,283.6374816894531,285.3297011391844,280.1280746488406,282.45484705008886,36359500.0
2022-02-15,288.8967590332031,289.2140354696684,285.579631395878,288.45448512893597,27058300.0
2022-02-16,288.55963134765625,289.8795822189875,282.9522217719727,287.4709041609937,29982100.0
2022-02-17,280.1099548339844,285.9582018841707,279.4066103677046,285.5342722610437,32461600.0
2022-02-18,277.41229248046875,283.1256704001954,275.8514736331867,282.34526097655436,34264000.0
2022-02-22,277.2099914550781,280.8904592474188,274.1076123813628,274.58934807974833,41736100.0
2022-02-23,270.0320739746094,281.04457259903455,269.86830032930663,279.58007749575995,37811200.0
2022-02-24,283.8289489746094,284.37813456051526,261.60166355056816,262.5555199373533,56989700.0
2022-02-25,286.4496154785156,286.7579333141939,280.99636504653614,284.35889947396316,32546700.0
2022-02-28,287.87548828125,288.2127089883334,282.29698334683417,283.5591279167411,34627500.0
2022-03-01,284.17584228515625,289.01245712557574,281.47810528267394,285.5728578838848,31217800.0
2022-03-02,289.22442626953125,290.4576682481348,282.9715074955346,284.57084383733564,31873000.0
2022-03-03,285.11041259765625,292.05703176941057,283.30869674167064,291.82580808856017,27314500.0
2022-03-04,279.2717590332031,284.85990985728677,276.6800484526404,283.53995896520416,32356500.0
2022-03-07,268.72174072265625,279.10795849514665,268.3556169829133,277.99032843801785,43157200.0
2022-03-08,265.7735595703125,273.5872975701551,260.13724667838545,267.6523109324147,48159500.0
2022-03-09,277.9613952636719,279.02121928908525,270.5233976527745,273.0862341495731,35204500.0
2022-03-10,275.15771484375,276.13083008813146,270.33071510240313,272.68158699777644,30628000.0
2022-03-11,269.8393859863281,278.93455646472097,269.2227503051047,277.44115846333716,27209300.0
2022-03-14,266.34197998046875,274.9746736705197,265.74463254293596,270.0995117672135,30660700.0
2022-03-15,276.6607666015625,277.3063052834026,268.54835505285934,270.1091737905865,34245100.0
2022-03-16,283.63629150390625,283.80970925762125,272.8550467725236,278.54913550581284,37826300.0
2022-03-17,284.4359436035156,284.81168204871824,278.7996317030362,282.576451409173,30816600.0
2022-03-18,289.4556579589844,290.0048436231841,282.0369470428673,284.5804958303675,43390600.0
2022-03-21,288.2320556640625,289.17626805109586,284.1276588300462,287.9719290179041,28351200.0
2022-03-22,292.9530334472656,293.8586986740922,287.85626286698505,288.84863696836237,27599700.0
2022-03-23,288.5499267578125,292.1533283713497,286.84459363513463,289.5326860173236,25715400.0
2022-03-24,292.99163818359375,293.0879911974356,287.42277505614976,288.21282860571665,24484500.0
2022-03-25,292.5868835449219,294.3404079254056,288.3572608939785,294.08028132501425,22566500.0
2022-03-28,299.3504943847656,299.4468179763362,293.21315853638436,293.21315853638436,29578200.0
2022-03-29,303.888427734375,304.2834544196327,297.7607361570676,302.44322106271255,30393400.0
2022-03-30,302.39501953125,304.40869996608586,300.1983066415058,302.2986959453416,28163600.0
2022-03-31,297.0478515625,303.62837739279735,296.6432100583555,302.43365291685626,33422100.0
2022-04-01,298.1173095703125,298.801365976558,294.3790361342476,298.0691183624966,27110500.0
2022-04-04,303.46453857421875,303.59940925877385,298.3966704273003,298.76279420407815,24289600.0
2022-04-05,299.5239562988281,303.36819729800135,298.550840896908,301.8266373690895,23156700.0
2022-04-06,288.55963134765625,295.7856655216376,285.8715384021488,294.04178495987475,40110400.0
2022-04-07,290.361328125,292.55804141565983,285.52471299808303,285.82338673563873,31411200.0
2022-04-08,286.1221008300781,290.1205012315101,285.45730321650933,289.4653477407742,24361900.0
2022-04-11,274.83978271484375,281.921271966205,274.5892708132743,281.13124798929533,34569300.0
2022-04-12,271.75665283203125,280.11957482236716,270.24399616662504,278.6743681898196,30966700.0
2022-04-13,277.1136169433594,278.03854117973947,271.0244711313333,272.40225746800036,21907200.0
2022-04-14,269.6081237792969,277.7783698621316,269.1167734779353,277.56640502923614,28221600.0
2022-04-18,270.27294921875,272.1420858288505,268.1725889134815,268.72177459231517,20778000.0
2022-04-19,274.8783264160156,275.71657107306396,268.2400250211419,269.17459327763214,22297700.0
2022-04-20,275.8995361328125,279.1175550852986,274.94570927007976,278.82849614918496,22906700.0
2022-04-21,270.5523376464844,282.5860831842899,269.82973426697856,278.0384980731543,29454600.0
2022-04-22,264.0199890136719,272.8550320937384,263.393738668187,271.39053717811265,29405800.0
2022-04-25,270.4656677246094,270.84140624661075,260.8791164146194,263.3070829372568,35678900.0
2022-04-26,260.34918212890625,268.19182220528097,260.13721729425794,267.3632511079873,46518400.0
2022-04-27,272.8743591308594,280.34126215377194,268.962667770436,271.7952759145788,63477700.0
2022-04-28,279.0501403808594,280.3508322510041,271.17856852888485,274.7723263295594,33646600.0
2022-04-29,267.38250732421875,279.2910262219157,266.3997773201998,278.0673990236614,37073900.0
2022-05-02,274.0787048339844,274.5315375590096,266.13006594349525,267.56562889178645,35151100.0
2022-05-03,271.4869689941406,273.7511326570161,269.91650591302243,273.58732958233423,25978600.0
2022-05-04,279.38739013671875,280.25450833918546,266.62139669213593,272.26732383050563,33599300.0
2022-05-05,267.21868896484375,275.8899280048962,264.3186318325519,275.1095188435156,43260400.0
2022-05-06,264.6944580078125,269.04933732325316,261.36082642726797,264.77152276793004,37780300.0
2022-05-09,254.91513061523438,262.41093341840343,253.70117721403625,260.1949619979879,47726000.0
2022-05-10,259.655517578125,263.7502706382624,255.38734673917406,261.765522095456,39336400.0
2022-05-11,251.03244018554688,261.44756278263503,249.82810103784647,255.97505275215912,48975900.0
2022-05-12,246.0223846435547,250.38690814257984,240.88708121967693,248.27690379509,51033800.0
2022-05-13,251.5816650390625,253.43154319500374,246.02244525328854,247.94938818943677,34925100.0
2022-05-16,251.94772338867188,256.10992610515103,246.43666684818785,250.46396948086246,32550900.0
2022-05-17,257.07342529296875,258.52824699584437,252.87267503794862,256.3893394840578,28828800.0
2022-05-18,245.36891174316406,254.56252427185584,244.10382723032592,253.98308927658698,31356000.0
2022-05-19,244.461181640625,248.8358857066328,243.2443856117695,245.19511999738197,32692300.0
2022-05-20,243.90103149414062,249.6760190694131,237.99085911430905,248.42057161150723,39199300.0
2022-05-23,251.71365356445312,252.53451735450935,244.74118884717117,246.73057447845937,33175400.0
2022-05-24,250.7189483642578,252.37031292551026,244.80877669553468,249.04828011075938,29043900.0
2022-05-25,253.51953125,255.50890210664602,248.3143419025738,249.28972363750842,28547900.0
2022-05-26,256.78363037109375,257.9521373499767,252.46688284359203,253.27807996316005,25002100.0
2022-05-27,263.8720397949219,263.96861721941957,258.3867839504424,259.2752549960121,26910800.0
2022-05-31,262.54901123046875,265.3495796777819,259.709805919586,263.1863868585538,37827700.0
2022-06-01,263.0801696777344,268.1694785962378,260.7817625947678,265.76485697863757,25292200.0
2022-06-02,265.1661071777344,265.2337143251771,252.63114082746247,255.38343546239255,44008200.0
2022-06-03,260.762451171875,264.0748772583433,259.20766358686035,261.04251687853196,28059000.0
2022-06-06,259.5359191894531,264.779744827782,258.0583763446399,262.7324336411163,22400300.0
2022-06-07,263.15740966796875,263.76581500022235,256.82231988834405,257.49833236224606,22860700.0
2022-06-08,261.1390075683594,263.64020598603173,260.3664178533954,262.39442533216015,17372300.0
2022-06-09,255.7117462158203,263.3601943996646,255.55722824112877,258.5992253476871,26439700.0
2022-06-10,244.31631469726562,251.6460754214227,243.8720791834992,251.6460754214227,31422800.0
2022-06-13,233.95419311523438,240.48243824868035,233.24922504255844,236.70648773027727,46135800.0
2022-06-14,236.1077117919922,237.3148557778769,233.2298699199791,235.49930650770008,28651500.0
2022-06-15,243.12843322753906,246.5470730031909,237.9715180249655,239.79671901174797,33111700.0
2022-06-16,236.57127380371094,238.93727329741498,234.68813195099327,237.54664093367091,33169200.0
2022-06-17,239.1593475341797,241.9116415660145,235.6634634572943,236.31049083013178,43084800.0
2022-06-21,245.0405731201172,246.0159401392919,240.95558733169304,241.67987371090587,29928300.0
2022-06-22,244.4514923095703,248.35298995386094,241.7861089374633,243.254000161548,25939900.0
2022-06-23,249.98501586914062,250.4775400388381,244.9343443692557,246.80783416507126,25861400.0
2022-06-24,258.52197265625,258.79237173531016,252.74698510975713,252.8338959418169,33923200.0
2022-06-27,255.8083038330078,259.1013666061605,254.2534870945373,259.0144557779908,24615100.0
2022-06-28,247.68663024902344,257.7590321077553,247.53211228973697,254.92949381458487,27295500.0
2022-06-29,251.33702087402344,252.98838543989126,246.99128819672805,248.75854859461052,20069800.0
2022-06-30,248.02464294433594,250.6320859946273,244.2293889586405,248.23710148525814,31730900.0
2022-07-01,250.6803436279297,250.86383187727745,245.88075254538774,247.59973919232516,22837700.0
2022-07-05,253.83822631835938,253.96377399992517,246.00627607080364,247.3775897790424,22941000.0
2022-07-06,257.0829772949219,258.80194878529204,253.40360556850436,254.70732668941758,23824400.0
2022-07-07,259.197998046875,259.8353737242691,255.93387539808108,256.0304528288306,20859900.0
2022-07-08,258.4833068847656,258.9082238859461,254.2631366183598,255.71170926657888,19658800.0
2022-07-11,255.44134521484375,257.3920793720454,253.1912122224075,256.5422452532518,19455200.0
2022-07-12,244.97296142578125,256.8222904951569,243.3988410088484,256.76434994360125,35868500.0
2022-07-13,244.0555419921875,244.8570873615849,239.603594413408,241.61228376039588,29497400.0
2022-07-14,245.36891174316406,246.39256746391416,237.5079908622042,241.97925680708025,25102800.0
2022-07-15,247.91842651367188,251.44328137226535,246.0352846750309,246.952711238918,29774100.0
2022-07-18,245.5330810546875,251.89714046464383,244.6156545937457,250.84451446983314,20975000.0
2022-07-19,250.6320343017578,250.81552252522303,244.9825951721847,248.7488781014716,25012600.0
2022-07-20,253.2781219482422,255.7889874324287,250.03333293209215,250.98938157590604,22788300.0
2022-07-21,255.75999450683594,255.80829794667736,248.21776161035194,250.88314483137592,22404700.0
2022-07-22,251.43360900878906,256.23321499283503,250.18785755232344,256.14630415666,21881300.0
2022-07-25,249.95606994628906,252.53454268022003,248.00533571383517,252.05168504603222,21056000.0
2022-07-26,243.26364135742188,250.9700588947091,241.01353801634696,250.95072573000826,39348000.0
2022-07-27,259.5263366699219,260.79142143505817,249.97542707523482,252.2062272013175,45994000.0
2022-07-28,266.9333801269531,268.3143459872542,258.68616288804407,260.50171243898495,33459300.0
2022-07-29,271.1148376464844,272.33164805798015,267.14576287951564,268.1790850711419,32152800.0
2022-08-01,268.4784851074219,271.63636311853617,266.38287021128184,268.29499686655436,21539600.0
2022-08-02,265.39788818359375,268.3626412541174,263.0415404728972,266.537425174636,22754200.0
2022-08-03,272.78558349609375,273.7802690088794,267.12647689627147,267.2713577584934,23518900.0
2022-08-04,273.9251403808594,274.0699917823572,270.5644699809408,272.1385611722735,18098700.0
2022-08-05,273.2105407714844,273.9251607194615,269.125554118187,269.5794415241089,16774600.0
2022-08-08,270.7092590332031,276.11726939013334,269.74354395058293,274.3113574297538,18739200.0
2022-08-09,272.62139892578125,273.3746556298809,268.09219211802474,270.05262233660574,23405200.0
2022-08-10,279.2462463378906,279.87395540358807,277.1023571419585,278.29019759892526,24687800.0
2022-08-11,277.1795654296875,281.2259144656879,276.687070719345,280.87827114074025,20065900.0
2022-08-12,281.90185546875,281.90185546875,277.1022509734553,278.5894602530445,22619700.0
2022-08-15,283.4084777832031,284.09412741241835,280.1636589641089,281.02315975011504,18085700.0
2022-08-16,282.6744689941406,283.958886627976,280.4630025536895,281.9791529178918,18102900.0
2022-08-17,281.9293212890625,283.8938831580585,280.1389500408416,280.4002359720042,18253400.0
2022-08-18,280.8163757324219,282.50027733774294,279.76148592010856,280.8357203997343,17186200.0
2022-08-19,276.9259338378906,279.9260110820991,276.35495606289055,279.58728744368415,20570000.0
2022-08-22,268.79669189453125,273.35485615007224,268.28377769621216,272.98710077508116,25061100.0
2022-08-23,267.5289611816406,269.87093596211275,266.52247730381634,267.5289611816406,17527400.0
2022-08-24,266.89990234375,268.29348622669727,266.24179973569437,266.53214693938304,18137000.0
2022-08-25,269.8612976074219,270.0258011315452,265.67085828538086,268.39027578883355,16583400.0
2022-08-26,259.4481201171875,271.3032415870308,259.34168014145877,270.0838482135881,27549300.0
2022-08-29,256.68035888671875,258.78039270297364,255.34483826720634,257.28036854850586,20338500.0
2022-08-30,254.4931640625,258.44163228050394,252.25762926790654,258.07390638773194,22767100.0
2022-08-31,253.04148864746094,258.4996673056546,252.905987385719,256.83514003630484,24791800.0
2022-09-01,252.0059814453125,252.48020634323478,247.17684390348873,250.52530228623345,23263400.0
2022-09-02,247.80592346191406,256.20611724920184,246.26718053225406,253.2641326770218,22855400.0
2022-09-06,245.0864715576172,249.5188219970164,243.81870184632467,247.94138995000887,21328200.0
2022-09-07,249.77044677734375,250.4865833733889,245.0574363023817,246.48972426139284,24126700.0
2022-09-08,250.18661499023438,252.0350498159717,246.57685541782593,249.20919235362013,20319900.0
2022-09-09,255.93508911132812,256.68028696247984,251.89952614457653,252.10274849769064,22084700.0
2022-09-12,258.0545654296875,258.828795252262,256.61260484004885,257.21261449388913,18747700.0
2022-09-13,243.86709594726562,252.00598798329736,243.47998110571493,250.49627701855277,33353300.0
2022-09-14,244.0897216796875,246.03492427019088,241.8057953877336,245.3574916342139,23913000.0
2022-09-15,237.47019958496094,243.2961347228246,236.1540384880937,241.71868768706014,31530900.0
2022-09-16,236.850830078125,237.3927761581187,234.2572119949683,236.38629220933913,39791800.0
2022-09-19,236.63790893554688,237.2379185278828,233.08621305250247,234.6539876734692,26826900.0
2022-09-20,234.63462829589844,235.66045686379198,231.91521092748422,234.26688762643548,26660300.0
2022-09-21,231.2474365234375,239.67667590576733,231.19904532157508,236.39595324962926,28625600.0
2022-09-22,233.2120361328125,235.99920442354707,229.91196827312697,230.2022859976419,31061200.0
2022-09-23,230.25067138671875,233.35720386281167,227.61834912688556,231.81844612716222,34176000.0
2022-09-26,229.79579162597656,233.6668515472966,229.26351793341072,229.40869154061323,27694200.0
2022-09-27,228.78933715820312,234.0055901447024,226.94090238363955,232.2442506798707,27018700.0
2022-09-28,233.29913330078125,234.51851197700628,227.16349151340208,229.1764446378298,29029700.0
2022-09-29,229.84420776367188,232.215229269323,226.85381719409244,231.18940064159077,27484200.0
2022-09-30,225.39244079589844,232.7861640901867,225.22792253383935,230.60869305076636,35694800.0
2022-10-03,232.97976684570312,233.82171772604818,227.09575348399042,227.82157728205974,28880400.0
2022-10-04,240.85736083984375,242.2896489224366,237.08306843402076,237.18952317598578,34888400.0
2022-10-05,241.16702270507812,242.50254306214893,236.23143031780648,238.0605054835281,20347100.0
2022-10-06,238.8347625732422,242.27033191992084,238.14765756406132,239.93801428914404,20239900.0
2022-10-07,226.6892852783203,233.54106344265196,225.65376961113512,233.13458913635256,37769600.0
2022-10-10,221.860107421875,226.99893677306147,219.42133569410282,225.53761706316808,29743600.0
2022-10-11,218.1439208984375,221.67625738261597,216.8858233948525,220.28267336430167,30474000.0
2022-10-12,218.47296142578125,220.5149462849339,216.74066847271945,218.13423774935973,21903900.0
2022-10-13,226.6892852783203,228.48932881951694,212.0663551272384,212.76314712814823,42551800.0
2022-10-14,221.19236755371094,229.5925754900993,220.97945807089755,227.9473631652827,30198600.0
2022-10-17,229.87326049804688,231.25717237506072,227.5603023238783,228.21839032071048,28142300.0
2022-10-18,230.81195068359375,236.06690750411659,227.7828415320167,235.39916206358598,26329600.0
2022-10-19,228.8570556640625,231.88616474151667,226.73764801989628,229.39900168382854,19985700.0
2022-10-20,228.53770446777344,233.53137553473397,227.29896641864062,228.16996380022994,21811000.0
2022-10-21,234.3152618408203,235.16689978355862,226.9408971162325,227.17316603704901,26299700.0
2022-10-24,239.27989196777344,239.85086976349376,233.52169327420833,235.90238686212638,24911200.0
2022-10-25,242.5800018310547,242.94774252500142,237.9056946583769,239.28959165367502,34775500.0
2022-10-26,223.86343383789062,230.61843021635175,222.64404034026404,223.71826021026072,82543200.0
2022-10-27,219.44073486328125,226.15702697219044,218.50200154160817,223.59244061528798,40424600.0
2022-10-28,228.26675415039062,228.97323332024203,218.7633083498998,218.94718608542487,40647700.0
2022-10-31,224.64732360839844,227.34738181471067,223.69890315195386,226.22477072356645,28357300.0
2022-11-01,220.81494140625,228.1409296481597,220.0020223387947,227.03767812320683,30592300.0
2022-11-02,213.00509643554688,223.8440621960301,212.94701812750728,222.06337802281334,38407000.0
2022-11-03,207.34368896484375,213.30512599326244,207.0823882325762,212.99543404880836,36633900.0
2022-11-04,214.25350952148438,214.4470595832424,206.55009302136054,210.53729517480699,36789100.0
2022-11-07,220.5245819091797,221.04718322198104,214.14701479487408,214.83413436780316,33498000.0
2022-11-08,221.4923858642578,224.18277156558537,218.56005889650208,221.3278675751174,28192500.0
2022-11-09,217.2729034423828,221.2601050748425,217.0987128396381,220.04071178794467,27852900.0
2022-11-10,235.14752197265625,235.48624560984527,227.42476185380536,227.84089369162848,46268000.0
2022-11-11,239.1444091796875,239.99604710310476,234.1313788126477,235.15722211445575,34620200.0
2022-11-14,233.76364135742188,236.0475673740293,231.49907477577239,234.18946032496393,31123300.0
2022-11-15,234.17013549804688,239.03799304138178,232.2926687365524,237.74119127906528,31390100.0
2022-11-16,234.5970916748047,236.6060177766138,233.32574917375413,235.62581110898188,24093300.0
2022-11-17,234.54856872558594,236.07224872369898,230.61808681154827,230.76365473112853,23123500.0
2022-11-18,234.10215759277344,236.547802374884,231.97677705188883,236.32457848011174,27613500.0
2022-11-21,234.90768432617188,237.45036963154155,234.07306028423957,234.3059689787537,26394700.0
2022-11-22,237.79974365234375,238.07148033059326,233.6072243246812,236.40223227361014,19665700.0
2022-11-23,240.27452087402344,240.9538626225825,237.06219325627018,237.87740335454106,19508500.0
2022-11-25,240.1871795654297,241.36146712631268,239.44959583276983,240.01248322560096,9200800.0
2022-11-28,234.626220703125,239.37192761122702,233.69455635778226,238.81875468278062,24778200.0
2022-11-29,233.2384033203125,235.6258059533278,231.18096449697632,234.27682232337006,17956300.0
2022-11-30,247.6114044189453,247.79580032500542,232.78228328422537,233.47133933183883,47594200.0
2022-12-01,247.17469787597656,248.5624948221186,243.51593758658888,246.37888704446783,26041500.0
2022-12-02,247.4949493408203,248.50425481236772,242.32222362886404,242.44839236600893,21528500.0
2022-12-05,242.81719970703125,246.3303923254423,240.74034652754588,244.57378861196725,23435300.0
2022-12-06,237.8870849609375,244.42820886485632,236.58662873937655,243.41890331596056,22463700.0
2022-12-07,237.1592254638672,238.89641517033584,235.06297311301404,237.60565848816955,20481500.0
2022-12-08,240.0998077392578,241.40027877672188,235.88787438426903,237.61534962771674,22611800.0
2022-12-09,238.17822265625,240.9829448599812,236.95540766792848,237.47946700334126,20609700.0
2022-12-12,245.05902099609375,245.08813458227053,239.87659533709365,240.14833201376896,30665100.0
2022-12-13,249.33889770507812,256.13234388565945,245.6024963823434,253.96813536884156,42196900.0
2022-12-14,249.6300506591797,254.84158999041878,246.8059142850901,249.54270989920707,35410900.0
2022-12-15,241.6623077392578,246.69916567601095,240.04158720461845,246.2333334693487,35560400.0
2022-12-16,237.4697723388672,242.4678019516118,236.3245836806278,241.21587335248572,86102000.0
2022-12-19,233.3548583984375,237.9744109828848,231.66621136200337,237.63473277219197,29696400.0
2022-12-20,234.66505432128906,235.74230142731602,231.38478542376703,232.33586378495446,25150800.0
2022-12-21,237.21742248535156,238.37231067567322,233.02490350803566,234.55828309775762,23690600.0
2022-12-22,231.16160583496094,234.84948021515527,226.9690712195299,234.14101004366566,28651700.0
2022-12-23,231.68563842773438,231.8215067666557,227.0369865095698,229.14295316711923,21207000.0
2022-12-27,229.9678497314453,231.87970583722927,228.87118875185556,231.65649676645367,16688600.0
2022-12-28,227.6095733642578,232.64643111207874,227.26019552023155,229.89993593986588,17457100.0
2022-12-29,233.89834594726562,234.7814975020751,228.69650658121392,228.69650658121392,19770700.0
2022-12-30,232.7434539794922,232.87932229950997,229.67669497504897,231.18096089501935,21938500.0
2023-01-03,232.51052856445312,238.49846380336683,230.39484781786445,235.90725134496904,25740000.0
2023-01-04,222.3397979736328,225.99854338319813,219.2924526600918,225.4259564644858,50623400.0
2023-01-05,215.75015258789062,220.83553784778456,215.21637883212745,220.4958596008794,39585600.0
2023-01-06,218.29281616210938,219.09832651208657,212.87748240196308,216.41977321502756,43613600.0
2023-01-09,220.418212890625,224.41665135349578,219.7291716302323,219.76798480761224,27369800.0
2023-01-10,222.09716796875,224.48457072526574,220.62201553173728,221.0393201111181,27033900.0
2023-01-11,228.81295776367188,228.98763925739453,224.29046040694882,224.46514190067145,28669300.0
2023-01-12,231.4721221923828,232.821105949786,226.6681880812586,228.3180220940589,27269500.0
2023-01-13,232.17088317871094,232.30675151679418,227.98806347571494,230.00668936190732,21333300.0
2023-01-17,233.2578582763672,233.80133166035085,230.0940435204723,230.9480815858975,29831300.0
2023-01-18,228.85179138183594,235.22793302598163,228.57035512507287,234.4418366169308,30028700.0
2023-01-19,225.08628845214844,228.57036731781892,223.8731729886452,226.8817052615486,28623000.0
2023-01-20,233.1316680908203,233.63632824749806,227.59015038517927,227.92982862321074,35389800.0
2023-01-23,235.42202758789062,237.93559913009912,232.57847740404011,233.98570310784828,31934000.0
2023-01-24,234.89796447753906,236.75160844059997,233.3451855854794,235.34439747923588,40234400.0
2023-01-25,233.5101776123047,236.12080454500452,224.0866898660757,227.56105444486033,66526600.0
2023-01-26,240.68206787109375,240.98291808656688,234.85911461614793,236.46042083784369,33454500.0
2023-01-27,240.83741760253906,242.45813826853885,239.54666082597973,241.6429281386719,26498900.0
2023-01-30,235.5482177734375,238.3529402272609,235.0532571701788,237.2950922529375,25867400.0
2023-01-31,240.49771118164062,240.63357952072695,235.78111768401726,236.26636386768823,26541100.0
2023-02-01,245.2919464111328,247.65023576111176,238.2267631452796,240.6821076556318,31259900.0
2023-02-02,256.79229736328125,256.8796381260482,249.65917223320272,251.182852423541,39940400.0
2023-02-03,250.7267608642578,256.40414831043,249.51364515426727,251.8816493895354,29077300.0
2023-02-06,249.1933135986328,250.67816573061054,247.26204327207444,249.84355651391297,22518000.0
2023-02-07,259.6649475097656,260.8392350360664,252.40565360237943,252.84238703481986,50841400.0
2023-02-08,258.8594970703125,268.5935364835142,258.3548219727172,265.13858526081,54686000.0
2023-02-09,255.84120178222656,265.8955184484022,255.0453909060254,265.72080730740066,42375100.0
2023-02-10,255.33656311035156,256.29734113427406,252.96855922241394,253.81288289399168,25818500.0
2023-02-13,263.31402587890625,266.49724001770915,259.26705921966635,259.7426206728503,44630900.0
2023-02-14,264.138916015625,266.856282749665,261.33417890703004,264.62416219078045,37047900.0
2023-02-15,262.0276184082031,263.39944334315715,258.97262606555677,261.0546954493352,28922400.0
2023-02-16,255.05177307128906,259.5174863332623,254.8085423074043,256.8711344345461,29603600.0
2023-02-17,251.07254028320312,253.04757304733442,249.06832101285343,252.36654467181947,30000100.0
2023-02-21,245.82847595214844,248.57212619836037,244.77771723097973,247.58946437392655,28397400.0
2023-02-22,244.69989013671875,247.45326436545926,243.56157186049097,247.21003358389876,22491100.0
2023-02-23,247.87164306640625,249.88558633204974,243.69779430491118,248.64024584758673,29219100.0
2023-02-24,242.47190856933594,244.2037105882477,241.38223939221282,243.19187704458037,24990900.0
2023-02-27,243.38644409179688,245.97442307770388,242.63728915469153,245.62417017099744,21190000.0
2023-02-28,242.66647338867188,244.68043129479227,241.99515408663171,242.32595921726772,22491000.0
2023-03-01,239.60179138183594,244.13560203633548,239.1347775749903,243.97020688018864,27565300.0
2023-03-02,244.31069946289062,244.59284060582576,238.95962286785314,239.87417287939624,24808200.0
2023-03-03,248.37754821777344,248.69861464364337,244.58315381318207,245.3614953141732,30760100.0
2023-03-06,249.91477966308594,253.07678008876618,249.0488786018787,249.48669107630843,24109800.0
2023-03-07,247.26841735839844,250.71257368875254,246.5290010946981,249.36019623261095,21473200.0
2023-03-08,246.83059692382812,247.64784879607657,244.0188496513126,247.16138722750551,17340200.0
2023-03-09,245.4879913330078,252.53194586818475,244.76802281359187,248.8932225660645,26653400.0
2023-03-10,241.85894775390625,245.94522176909533,240.89576339451983,244.28153159617614,28333900.0
2023-03-13,247.04461669921875,250.92658497582,239.07637462103207,240.70115431743469,33339700.0
2023-03-14,253.72865295410156,254.00107026600773,248.93213379575317,249.79803486123274,33620300.0
2023-03-15,258.2527160644531,259.26456442561187,252.19139432118732,252.9405641280701,46028000.0
2023-03-16,268.72137451171875,269.0716125790634,256.15119488258745,258.0289293565625,54768800.0
2023-03-17,271.8638916015625,275.6582857099673,268.83811504692954,270.72558821466924,69527400.0
2023-03-20,264.85888671875,269.96673338942173,262.5433248107774,269.4802718017387,43466600.0
2023-03-21,266.366943359375,267.5539109885018,262.2222805461307,267.43716494158167,34558700.0
2023-03-22,264.9172668457031,273.43034485869043,264.81022985408475,265.9971973475459,34873300.0
2023-03-23,270.1418762207031,273.4498093699548,267.7484933121212,270.4142935461412,36610900.0
2023-03-24,272.9730224609375,273.0313954676099,267.826251303453,269.73317213434575,28172000.0
2023-03-27,268.8965148925781,273.83895161321755,268.05978551317787,272.90495366822654,26840200.0
2023-03-28,267.7776184082031,268.66298193563654,264.68370058234905,268.32245293412296,21878600.0
2023-03-29,272.9147033691406,273.5276497515444,270.87155865821495,271.4066545555062,25087000.0
2023-03-30,276.35882568359375,276.757727762298,273.8584356014265,276.53397442659906,25053400.0
2023-03-31,280.49371337890625,281.43744995850153,275.33723290766795,276.0474774481902,32766000.0
2023-04-03,279.4527282714844,280.46454697415277,276.26154151333856,278.761931454292,24883300.0
2023-04-04,279.4040832519531,282.5855611844231,277.93498937950386,279.4527472277195,25824300.0
2023-04-05,276.6409606933594,279.3748723279069,275.25942646851195,278.11008412867955,22064800.0
2023-04-06,283.70440673828125,284.17139086476425,274.39352473015583,275.5415669627722,29770300.0
2023-04-10,281.55426025390625,281.75856581319096,277.00095709388467,281.3791115118309,23103000.0
2023-04-11,275.171875,278.2366070491665,274.01412362630157,278.0128240085293,27276600.0
2023-04-12,275.8139953613281,279.23870411334195,274.32542401576865,277.0788133677007,27403400.0
2023-04-13,281.9920349121094,282.05040792429327,275.50265429718814,275.91126538247534,24222700.0
2023-04-14,278.39227294921875,280.6689097907965,276.00859911070734,279.2289726922403,20987900.0
2023-04-17,280.9801940917969,283.7043967289592,278.4116924129814,282.07960200286976,23836200.0
2023-04-18,280.56182861328125,283.86005216252715,279.23866745372095,283.6751943988744,20161800.0
2023-04-19,280.63970947265625,281.2234396408052,276.8355761901663,278.2462970182061,17150300.0
2023-04-20,278.363037109375,281.20398586251105,277.3609274204324,277.52633742538336,23244400.0
2023-04-21,278.0224914550781,278.5186620047946,275.3955874268566,277.2927991907115,21676400.0
2023-04-24,274.1405944824219,277.2345132199959,271.173190218911,274.4519370721957,26611000.0
2023-04-25,267.9624938964844,273.9751515427264,267.91382992661585,271.941745821894,45772200.0
2023-04-26,287.3722839355469,291.4585727273819,284.8037824567908,288.6662882525056,64599200.0
2023-04-27,296.5762023925781,296.93620896142227,287.2556100567553,287.95611603438334,46462600.0
2023-04-28,298.94036865234375,300.56513364270495,295.0973104351293,295.7783684985938,36469600.0
2023-05-01,297.2864074707031,300.24410228095644,296.8875053999733,298.6582327311371,21294100.0
2023-05-02,297.14044189453125,300.8083512230657,295.6810572722288,299.42681707438953,26404400.0
2023-05-03,296.15777587890625,300.25377368049993,295.85617210321027,298.31766627691815,22360800.0
2023-05-04,297.14044189453125,299.42681707438953,295.1848569994441,297.9479549880525,22519900.0
2023-05-05,302.2384948730469,303.52276023513224,296.0312419808853,297.44199207137683,28197100.0
2023-05-08,300.292724609375,301.8007733081372,297.8020437181864,301.7326615616671,21318600.0
2023-05-09,298.6873779296875,301.6450723308815,298.0160586463366,299.66030098483304,21340800.0
2023-05-10,303.8536071777344,304.5249264836218,299.33925948976275,300.26351860842567,30078000.0
2023-05-11,301.71319580078125,302.695857722587,297.9674652772338,301.7034867589505,31680200.0
2023-05-12,300.6041259765625,302.23863006419236,298.2983024080732,302.14133179180067,19774700.0
2023-05-15,301.080810546875,301.50889913783726,299.26144888091557,300.7305724404115,16336500.0
2023-05-16,303.299072265625,305.21573217875385,301.4407853698495,301.4407853698495,26730300.0
2023-05-17,306.16571044921875,306.5849748220485,302.98703781876026,304.49838322404014,24315000.0
2023-05-18,310.5729064941406,311.07995152372933,305.8926785291236,306.6824666262682,27276000.0
2023-05-19,310.39739990234375,310.7971739556616,308.47655029580653,308.83731401909836,27546700.0
2023-05-22,313.16656494140625,314.5413890695808,310.0756729757329,310.65094892902596,24115700.0
2023-05-23,307.394287109375,314.66815212283035,307.3845270869392,312.04526511786804,30797200.0
2023-05-24,306.0194396972656,308.6033161721185,304.8103574976606,306.8774884337067,23384900.0
2023-05-25,317.788330078125,318.7438600972789,312.0160206042334,315.175173290878,43301700.0
2023-05-26,324.58447265625,325.08172801991043,315.7992609054812,315.93575245913513,36630600.0
2023-05-30,322.9462890625,327.36326419300417,322.2735022093098,326.86600894737563,29503100.0
2023-05-31,320.1966552734375,327.55827021551164,319.1630749897936,323.99934398362257,45950600.0
2023-06-01,324.2821044921875,325.2084138620462,316.61822604492374,317.7980281716673,26773900.0
2023-06-02,327.0317687988281,329.0793797798021,324.25287030723234,325.9104672337744,25873800.0
2023-06-05,327.5582580566406,330.11288397336966,326.31019540433937,326.8562209549611,21307100.0
2023-06-06,325.3547058105469,327.0025428376745,323.88240041372416,326.96353250247705,20396200.0
2023-06-07,315.3117370605469,326.1445304522962,314.4536881273052,323.37539146712487,40717100.0
2023-06-08,317.144775390625,318.4903491637824,315.28242630303987,315.85770223750364,23277700.0
2023-06-09,318.6365966796875,321.75673881470783,316.3159729270914,316.8814888323344,22529000.0
2023-06-12,323.5703430175781,323.81410551348466,317.0472562466259,320.3819105271756,24260300.0
2023-06-13,325.94952392578125,328.5724112174238,322.1468342809254,326.12502581181246,22951300.0
2023-06-14,328.9233703613281,330.58096729872784,324.50639495848685,325.9982202996805,26003800.0
2023-06-15,339.4149169921875,341.1114945004108,328.78687775426107,329.0598905688736,38899100.0
2023-06-16,333.7888488769531,342.70082003895476,333.41835487715986,342.5545684921727,46552000.0
2023-06-20,329.61566162109375,333.54511218147553,327.48029960440283,330.84423422142726,26375400.0
2023-06-21,325.2376403808594,329.3036115330344,323.78482556024073,327.97752820350655,25117800.0
2023-06-22,331.2342529296875,331.6340270315193,325.0231887076145,325.783726576518,23556800.0
2023-06-23,326.6612854003906,329.5279351767741,325.13047930366815,326.0177487407771,23146900.0
2023-06-26,320.4014892578125,327.72409574191425,320.2942182667598,325.3937413274087,21520600.0
2023-06-27,326.2225036621094,327.7630696544983,321.08397083431,323.5800965917035,24354100.0
2023-06-28,327.4705810546875,329.5474425224492,325.48147052492266,326.31026905867196,20259500.0
2023-06-29,326.69049072265625,327.72404134255896,324.3211263632283,326.35897729326905,16997000.0
2023-06-30,332.04351806640625,334.17887983586667,328.78685480648323,329.32312037613315,26832800.0
2023-07-03,329.55718994140625,332.39458944231734,328.1726353949494,330.72726202126387,12508700.0
2023-07-05,329.7131652832031,333.12584042536054,326.3785108077479,326.7295145394102,18172400.0
2023-07-06,332.75531005859375,334.43239728548525,327.1292821478824,328.88436028376566,28161200.0
2023-07-07,328.8063659667969,333.26235165945616,328.5918537740865,330.8539769415479,21214800.0
2023-07-10,323.5508728027344,326.8660670625544,319.4166697574399,326.25178071727987,32791400.0
2023-07-11,324.1748962402344,324.55515029230673,318.84137119543414,322.80007207810127,26698200.0
2023-07-12,328.786865234375,333.1258197926784,327.29503995487715,328.20182929500714,29995300.0
2023-07-13,334.1106872558594,335.163728322895,330.56149043448164,331.08802584608395,20567200.0
2023-07-14,336.6262512207031,342.66181307865304,335.71946186556954,338.9176246633776,28352700.0
2023-07-17,337.10406494140625,338.33260777182664,333.66213945063294,337.0552945851425,20363900.0
2023-07-18,350.5207824707031,357.62890667109644,333.63293583363816,337.20159333535736,64738600.0
2023-07-19,346.22076416015625,353.4166384044317,343.6466474604791,352.72436118966306,39732900.0
2023-07-20,338.21563720703125,349.03869970926394,336.75306199743676,344.7484850456873,33778400.0
2023-07-21,335.19293212890625,341.56000752112044,331.35123269865875,340.43870595783125,69405400.0
2023-07-24,336.4994812011719,338.2643490243122,333.76935318489967,337.2210384138867,26678100.0
2023-07-25,342.22308349609375,343.11038262849917,336.4605340248674,338.4496147386664,41637700.0
2023-07-26,329.34259033203125,336.0704583718103,324.7988542780453,332.92103651777114,58383700.0
2023-07-27,322.468505859375,332.8137710712754,320.8401594248719,331.98500245672983,39635300.0
2023-07-28,329.92767333984375,331.52676966933615,324.8574310459994,325.3449560601863,28484900.0
2023-07-31,327.5388488769531,329.27443689751834,325.0426931980882,328.5138989953868,25446000.0
2023-08-01,327.9483337402344,330.093455775555,325.374217054016,326.8270321220212,18311900.0
2023-08-02,319.3288269042969,325.30588726504845,318.21725578875714,325.30588726504845,27761300.0
2023-08-03,318.5098876953125,321.6495503895118,317.81761041591994,317.8663510212776,18253700.0
2023-08-04,319.6018981933594,326.7782818997198,319.0753628445266,323.5996092744747,23741500.0
2023-08-07,321.8737487792969,322.8487988022052,319.3483727907042,320.17717126140934,17741500.0
2023-08-08,317.9150695800781,320.5477167225477,314.9411787114309,318.802368731708,22327600.0
2023-08-09,314.1903991699219,318.9486185830014,313.0398174565163,318.324602002666,22373300.0
2023-08-10,314.87286376953125,320.0698965106326,313.1665264082013,317.88576445394,20113700.0
2023-08-11,313.0007629394531,314.3658267828832,311.24565534976296,312.2694755494556,24355500.0
2023-08-14,315.9552307128906,315.97472100192863,312.09401103937836,313.3713539974467,18836100.0
2023-08-15,313.82958984375,316.9790121676308,312.89355014228914,314.9411611661193,16966300.0
2023-08-16,313.06744384765625,316.9954627703804,312.4811692512175,313.4582836388938,20698900.0
2023-08-17,309.6280517578125,314.50384363723833,308.97337191344144,313.2042944549321,21257200.0
2023-08-18,309.23724365234375,311.0937554543813,304.4200459446426,307.2927652942097,24755000.0
2023-08-21,314.51361083984375,315.383227213463,309.7843803763491,310.65399674996837,24040000.0
2023-08-22,315.08026123046875,318.6174101401044,314.1031469540319,318.050696980202,16084600.0
2023-08-23,319.51641845703125,321.66608212966844,316.05742502712076,316.40920172771865,21166400.0
2023-08-24,312.6473083496094,325.35957674760573,312.6375276630827,325.23254709942444,23281400.0
2023-08-25,315.58843994140625,317.9139473148537,311.5040788241883,314.11298756039173,21684100.0
2023-08-28,316.29193115234375,318.68584344960186,314.3572339791844,318.207066953983,14808500.0
2023-08-29,320.8941650390625,321.45112744073015,314.5136087751781,314.5136087751781,19284600.0
2023-08-30,321.2654113769531,322.26205720426236,318.97896754783574,321.14816243481806,15222100.0
2023-08-31,320.2590026855469,323.33690686450706,319.30141990622377,321.6660497077852,26411000.0
2023-09-01,321.13836669921875,324.39214396761776,319.3013871740993,323.727713447218,14942000.0
2023-09-05,325.91644287109375,327.1867092747721,321.13836974277154,321.47058500611996,18553900.0
2023-09-06,325.2618713378906,326.8056990885685,322.6236503266788,325.7504285755841,17535800.0
2023-09-07,322.3598327636719,325.4572688809115,321.4999672739755,323.70825547986243,18381000.0
2023-09-08,326.6200256347656,328.4667861972207,321.92010767166425,322.5356945258159,19530100.0
2023-09-11,330.2060241699219,330.6750497904705,327.75345762157895,329.52203220068384,16583300.0
2023-09-12,324.1772155761719,329.08234867340195,323.89387388585794,328.13454656577954,17565500.0
2023-09-13,328.3691101074219,329.1410389438137,323.59103551016267,323.7278160398698,16544400.0
2023-09-14,330.9486389160156,333.05917964974554,328.86738060055865,331.388322477558,20267000.0
2023-09-15,322.6626892089844,329.6783628105359,322.10572689470496,329.2093670251741,37679800.0
2023-09-18,321.5292663574219,322.8385960925468,318.89104551464607,320.29809265490445,16834200.0
2023-09-19,321.128662109375,321.85174708859677,317.0834237409372,318.7054373268487,16505900.0
2023-09-20,313.42901611328125,322.0471733986375,313.17498661327795,321.9690173569062,21436500.0
2023-09-21,312.2173767089844,317.9041899225686,307.79104947595397,311.95356654433346,35560400.0
2023-09-22,309.7550354003906,314.0934255806642,308.9147015377864,313.96639594173394,21447900.0
2023-09-25,310.27288818359375,310.3999178157117,307.7910094721355,309.34461765593346,17836000.0
2023-09-26,304.9964599609375,308.65085775757245,302.92495267803366,307.9180220612958,26297600.0
2023-09-27,305.63165283203125,307.10707545013054,302.60259191792346,305.15284644995364,19410100.0
2023-09-28,306.4621887207031,308.2600757204857,302.3680768122536,303.8728115871533,19683600.0
2023-09-29,308.5238952636719,312.1587623008752,307.7715278533527,310.4781242122937,24147300.0
2023-10-02,314.43536376953125,314.52333029570326,307.96687199890835,309.0417036720847,20570000.0
2023-10-03,306.2178955078125,314.03481069195016,304.0877634575696,313.48759919542874,21033500.0
2023-10-04,311.66046142578125,312.7157618822206,306.81398140643597,306.8432936513831,20720100.0
2023-10-05,312.0512390136719,312.65707498694155,307.6933171593875,311.78742886180316,16965600.0
2023-10-06,319.7704162597656,321.6562395895237,309.06122270164514,309.305501262054,25673600.0
2023-10-09,322.2718811035156,322.7408769349448,315.78382712320234,317.3179038998877,19891200.0
2023-10-10,320.8746032714844,323.52257487302114,320.1710797301385,323.38576454759857,20557100.0
2023-10-11,324.8123779296875,325.20321772099476,321.60744393030456,323.6300480505899,20063200.0
2023-10-12,323.58123779296875,325.99471177384464,321.1970760539996,323.0047438226922,19313100.0
2023-10-13,320.229736328125,326.19011074612195,318.8910644547027,324.7733126546174,21072400.0
2023-10-16,325.02734375,328.4472441018182,323.03402205271703,323.47370563502346,22158000.0
2023-10-17,324.46063232421875,325.828586634413,319.9170559493173,322.0471583622745,18338500.0
2023-10-18,322.55523681640625,327.909834737972,320.7866620472197,324.8807739787621,23153600.0
2023-10-19,323.7375793457031,329.1703335138683,323.33695882729216,324.5485712503718,25052100.0
2023-10-20,319.1940002441406,324.3238512632102,318.0019193859901,324.12841643957864,25027700.0
2023-10-23,321.7833251953125,325.1152889172781,316.96615830256553,318.0214287466955,24374700.0
2023-10-24,322.9656066894531,324.24562410946174,320.1026687848026,323.7179740081932,31153600.0
2023-10-25,332.8736267089844,338.27706897512115,329.89340944141463,337.12405114410626,55053800.0
2023-10-26,320.3860168457031,333.81155756370936,319.45774634837835,332.7465065726092,37828500.0
2023-10-27,322.2621154785156,329.0139799295623,320.8843805209721,322.8679216685348,29856500.0
2023-10-30,329.5904541015625,331.6814932194884,324.23585648353105,325.77971392594014,22828100.0
2023-10-31,330.3721618652344,331.24180806391223,327.03044704898707,331.09524685603606,20265300.0
2023-11-01,338.1500244140625,339.4691349616439,331.8769361620282,332.01374650613616,28158800.0
2023-11-02,340.3485107421875,340.84681883225545,336.879736569886,339.29321044253436,24348100.0
2023-11-03,344.7259521484375,346.27959030223104,339.38113512943426,341.62851616542054,23637700.0
2023-11-06,348.3705749511719,349.3574699781312,345.26335850207806,345.361075900052,23828300.0
2023-11-07,352.2790832519531,354.16490704694723,349.44545721598166,351.17493911544506,25833900.0
2023-11-08,354.88800048828125,355.54265050853274,352.2986231921823,353.40276735497133,26767800.0
2023-11-09,352.4353942871094,356.44156927918397,352.1129298373234,354.0085341532929,24847300.0
2023-11-10,361.2098388671875,361.62999083919317,352.8066503312719,353.2170216186205,28042100.0
2023-11-13,358.288330078125,360.03737334526807,357.5261819771122,359.7930947254669,19986500.0
2023-11-14,361.796142578125,363.4377174527681,358.9429851939613,362.5192275200011,27683900.0
2023-11-15,361.9430847167969,365.33075462470396,359.436566943663,363.51941777960104,26860100.0
2023-11-16,368.30718994140625,368.48342035388106,362.4423744800686,363.20606948048294,27182300.0
2023-11-17,362.1192626953125,366.54477320500723,359.32882848725313,365.80064944827456,40157000.0
2023-11-20,369.5506286621094,370.95073116555085,363.24523724780994,363.4606399313925,52465100.0
2023-11-21,365.2720031738281,368.35615509696635,363.3627506177611,367.8176632886869,28423100.0
2023-11-22,369.95208740234375,371.8515394102055,367.13228112759265,370.09894608755127,23345300.0
2023-11-24,369.5408020019531,370.0695230751344,367.2986899991627,369.44288626548433,10176600.0
2023-11-27,370.6961364746094,372.683733332582,368.336537498751,368.9044009726802,22179200.0
2023-11-28,374.70068359375,374.994400937648,370.25557188472965,370.44160282909473,20453100.0
2023-11-29,370.93109130859375,376.26715471920994,369.5505602574937,375.73846358620636,28963400.0
2023-11-30,370.9898681640625,372.1451961390215,367.6217700935787,370.5786340328009,30554400.0
2023-12-01,366.6818542480469,370.25555453657734,363.54872995472044,368.8848238631299,33040500.0
2023-12-04,361.42413330078125,361.79616532164505,355.31454343634607,361.3849610271203,32063300.0
2023-12-05,364.7334289550781,365.28172122334854,357.9776614584204,358.7903292029664,23065000.0
2023-12-06,361.0912170410156,366.3587674073999,360.33732257448145,365.7321604216408,21182100.0
2023-12-07,363.1962890625,363.68583789268007,358.66306211428184,360.5331422311326,23118900.0
2023-12-08,366.40771484375,366.6328881744278,360.53312909562084,361.4828549867559,20154400.0
2023-12-11,363.5389404296875,363.83268764840955,358.44765064841334,360.77790780370736,27708800.0
2023-12-12,366.5545654296875,366.59373770012405,362.7164896784692,363.0983520859286,24838300.0
2023-12-13,366.54473876953125,369.74640682649743,363.0199816736299,368.16024372357776,30955500.0
2023-12-14,358.28118896484375,365.9475401487158,356.5188251808004,365.50693426286074,43277500.0
2023-12-15,362.9809265136719,364.6160030546236,358.62392949147795,359.1820223907122,78502300.0
2023-12-18,364.8606872558594,365.20337736605416,360.9736688806633,361.7275930990288,21802900.0
2023-12-19,365.4579162597656,365.4579162597656,362.109389902321,363.72489468578055,20603700.0
2023-12-20,362.87310791015625,368.17002893044344,362.7849927213884,367.1615597082987,26316700.0
2023-12-21,365.732177734375,366.58398798641923,362.3053356484184,364.7726511936181,17708000.0
2023-12-22,366.7503662109375,367.33783074743565,364.9194584779402,365.8691843460341,17107500.0
2023-12-26,366.8287353515625,369.0610768362086,365.69297847275107,367.1616249726416,12673100.0
2023-12-27,366.2510681152344,367.2203652351963,365.01739550459973,365.87900622442777,14905400.0
2023-12-28,367.43572998046875,368.59105792655595,366.3391454974242,367.5238451750327,14327000.0
2023-12-29,368.1799011230469,369.2764857473798,365.6734134446601,368.14072884940924,18730800.0
2024-01-02,363.1178894042969,368.04274869324354,359.1035836301592,366.045381402949,25258600.0
2024-01-03,362.85357666015625,365.45797986261033,360.8072662610182,361.2968150611858,23083500.0
2024-01-04,360.2491760253906,365.30132326469203,359.49528162444665,362.9221232500447,20901500.0
2024-01-05,360.06317138671875,364.28307999206555,358.8392992881915,361.25767175006894,21004600.0
2024-01-08,366.8581237792969,367.3574731734819,361.296855951119,361.58077277397365,23134000.0
2024-01-09,367.93505859375,368.13086016631314,363.43120410921466,364.23407123187167,20830000.0
2024-01-10,374.7691650390625,376.1399255368866,368.4540036584579,368.5029465849431,25514200.0
2024-01-11,376.59033203125,382.5138608324762,372.4291670394017,377.9316910243427,27850800.0
2024-01-12,380.35009765625,380.55569981393256,376.6099371438589,377.4323756542809,21661200.0
2024-01-16,382.1124267578125,385.7938434606626,379.51782397721394,385.43158211314164,27202300.0
2024-01-17,381.3292236328125,381.9558306911046,376.7666242720693,379.8703774636239,22234100.0
2024-01-18,385.63714599609375,385.7546329209657,381.96553019541545,383.5320922463087,23392100.0
2024-01-19,390.33685302734375,390.33685302734375,385.2749052923237,387.48767542805655,29331100.0
2024-01-22,388.22198486328125,392.24606151114637,385.3630068278654,391.6585969965062,27016900.0
2024-01-23,390.5620422363281,391.03201985975426,385.6959257751216,387.47789064929606,20525900.0
2024-01-24,394.14556884765625,397.15140596636934,392.07968703700567,393.14689994749176,24867000.0
2024-01-25,396.4072570800781,398.5025403738,394.1161721859946,395.8687653294727,21021200.0
2024-01-26,395.4869079589844,397.680107020746,394.0182614789132,395.9177133168471,17803300.0
2024-01-29,401.1558532714844,401.4104281984527,395.8785030835569,397.57235261817027,24510200.0
2024-01-30,400.0494689941406,404.41623575131524,397.9542157503529,403.64277019124665,33477600.0
2024-01-31,389.2696228027344,406.6388350866889,388.907361460185,398.45356335794276,47871100.0
2024-02-01,395.3400573730469,399.4718507500115,393.40143322301293,393.4308049580275,30657700.0
2024-02-02,402.6245422363281,404.02464472350925,395.12465055102524,395.36942496681314,28256700.0
2024-02-05,397.1708984375,402.5657352720622,395.5455929874579,401.33206284957225,25352300.0
2024-02-06,397.0143127441406,399.44248577195293,394.48825385108364,397.39617518548,18382600.0
2024-02-07,405.3953552246094,405.64012962816963,398.88436206584436,398.9235343367266,22340500.0
2024-02-08,405.4541015625,406.8738050650789,403.90714046810643,405.3953580956046,21225300.0
2024-02-09,411.7594299316406,412.0238053720999,406.41356610039173,406.57022528148667,22032800.0
2024-02-12,406.580078125,411.94551383927785,406.0807287884979,411.769283442755,21202900.0
2024-02-13,397.8269348144531,401.49855072964925,394.9581860838381,396.4757753769111,27824900.0
2024-02-14,401.67205810546875,402.0153819358465,396.84600689910087,400.2791853329973,20401200.0
2024-02-15,398.7980041503906,401.31894521125486,396.5713534874336,400.3478557485238,21825500.0
2024-02-16,396.34576416015625,400.4950166150196,395.737605866878,400.17130014605374,22296500.0
2024-02-20,395.10003662109375,396.76756266074034,390.4112964520626,395.5414273661721,24307900.0
2024-02-21,394.5016174316406,394.60953289016544,389.6363215762775,392.53001248162076,18518900.0
2024-02-22,403.79083251953125,404.9482969480148,400.76964859968683,402.3587150074255,27009900.0
2024-02-23,402.5058288574219,407.92043082910567,401.1619895410124,407.7340858290021,16295900.0
2024-02-26,399.75927734375,404.29106777083626,399.5826911431966,403.60442015797065,16193500.0
2024-02-27,399.7004699707031,400.52442923735737,396.13976854109416,400.20071277924296,14835800.0
2024-02-28,399.9359436035156,401.48576558617054,397.5817696096978,400.3871530513853,13183100.0
2024-02-29,405.7428894042969,406.29219561123216,398.17027676875426,400.83834831741547,31947300.0
2024-03-01,407.5673522949219,407.93028353505224,403.03556125394095,403.4180998812608,17823400.0
2024-03-04,406.99847412109375,409.3820740419509,404.4481066223211,405.54671909934444,17596000.0
2024-03-05,394.9626770019531,406.3412180011649,392.991071894389,406.0567462440755,26919200.0
2024-03-06,394.4133605957031,397.4247558475786,390.7840183450358,395.27656457076307,22344100.0
2024-03-07,401.3288269042969,401.9565926355365,394.5605358436286,398.3664647487739,18718500.0
2024-03-08,398.4645080566406,402.58433424165736,396.61057729290076,400.1712786506048,18002200.0
2024-03-11,396.7969970703125,397.93485423983793,393.5992565104688,396.0515271512708,16120800.0
2024-03-12,407.3515319824219,407.6360037253644,399.02363143663507,399.83777202306123,22457000.0
2024-03-13,407.1749572753906,410.19614104443707,403.5946487063615,410.11768156800736,17115900.0
2024-03-14,417.1017761230469,419.6521433696343,410.009799228429,412.21684262615895,34157300.0
2024-03-15,408.4698181152344,414.53182378938754,404.9091164524236,411.28501994441507,45079900.0
2024-03-18,409.3526306152344,412.69753127897746,405.8802070917239,406.34123515822085,20106000.0
2024-03-19,413.36456298828125,413.6196087209555,407.6164248857175,409.8528945727863,19837900.0
2024-03-20,417.11163330078125,417.82767717758037,412.6288753346162,413.94328882066856,17860100.0
2024-03-21,421.17254638671875,422.5948752417206,419.004747660182,421.6237557740876,21296200.0
2024-03-22,420.5545654296875,421.6531778067011,417.9355573407252,421.49625883993525,17648500.0
2024-03-25,414.7868347167969,419.2499850699005,413.5606994442316,417.12140106535213,18060500.0
2024-03-26,413.59991455078125,417.85705232022457,413.3056540804049,417.48430243445387,16725600.0
2024-03-27,413.3841247558594,416.34648660093063,411.0103437373624,416.33666794000516,16705000.0
2024-03-28,412.6876525878906,413.81569090376234,411.1181936577938,412.9230609501764,21871200.0
2024-04-01,416.4642333984375,419.7208560550212,414.15909296576694,415.85607505767865,16316000.0
2024-04-02,413.39404296875,414.31609926953377,409.8627667035089,412.0894180190468,17912000.0
2024-04-03,412.4228820800781,415.17923184367993,411.0888313055727,411.7166269488562,16502300.0
2024-04-04,409.9019470214844,420.4859554910503,409.59786785676073,416.8761903565226,19370900.0
2024-04-05,417.3960266113281,418.36714603884514,410.33350586860576,411.99124304246095,16554800.0
2024-04-08,416.48382568359375,419.12247124179834,415.21844567326013,417.0527692258899,14272400.0
2024-04-09,418.14154052734375,419.5736580977935,413.57050478624086,418.29848942937065,12496900.0
2024-04-10,415.17919921875,415.9344877287147,411.68716854848634,414.12962029851764,16216600.0
2024-04-11,419.760009765625,421.17251987057847,414.29634428569665,417.6903079757618,17966400.0
2024-04-12,413.8451843261719,417.06256218596104,411.75584496590756,415.9541310748391,19253800.0
2024-04-15,405.7428894042969,418.6712525249299,405.5368771254888,418.4554515197094,20273500.0
2024-04-16,406.6649169921875,410.4119935798852,405.8311689524943,406.65512826574127,16765600.0
2024-04-17,403.9772644042969,410.88286711080787,402.49608331512337,409.28398181705415,15855500.0
2024-04-18,396.5517578125,404.02630364117994,396.23788993068626,402.7903496970384,21029900.0
2024-04-19,391.5000915527344,397.738683518828,390.1758594431205,396.31635459832717,30565800.0
2024-04-22,393.3049011230469,395.15883179011223,388.1943783333411,392.4416972104412,20286900.0
2024-04-23,399.7887878417969,400.40676483693346,395.3648819975192,396.52234656320184,15734500.0
2024-04-24,401.2502746582031,404.59517495198185,399.01380533371923,401.7407287200192,15065300.0
2024-04-25,391.421630859375,392.25540884693,380.6218216022703,386.507271018032,40586500.0
2024-04-26,398.56256103515625,405.1150195421552,398.0132549288772,404.300879042293,29694700.0
2024-04-29,394.5703125,398.562615947593,391.56873588609426,397.5130370183344,19582100.0
2024-04-30,381.8970031738281,394.4820730278576,381.74008419354954,393.8248513162942,28781400.0
2024-05-01,387.39990234375,394.05045900742965,382.85829240714,385.11436938308555,23562500.0
2024-05-02,390.24456787109375,392.29466269624953,387.11546789192266,390.0680115554222,17709400.0
2024-05-03,398.8960876464844,399.3767230316146,394.1877108514565,394.5997054208104,17446700.0
2024-05-06,405.6448669433594,406.0274056520785,398.6117405643443,400.9561260023322,16996600.0
2024-05-07,401.52496337890625,406.75322090554647,401.27973632622934,406.74340224425765,20018200.0
2024-05-08,402.7021179199219,404.3598554078132,398.9452222175611,400.37736994582315,11792300.0
2024-05-09,404.4480895996094,404.84044690561177,401.28956389363333,402.73150019277335,14689700.0
2024-05-10,406.8218688964844,407.44966453116945,403.93799631140473,405.0562460600837,13402300.0
2024-05-13,405.8213195800781,410.36292908810583,402.9766919421273,410.0294239104783,15440200.0
2024-05-14,408.6070861816406,409.51932355356394,403.6927268958918,404.1537549120692,15109300.0
2024-05-15,415.7511901855469,416.46855556809163,410.0418362179186,410.66092785109674,22239500.0
2024-05-16,413.6973876953125,418.05067177577746,413.0684896947791,414.49335406459187,17530100.0
2024-05-17,412.9308776855469,415.5939551336606,410.7886480687753,415.2205329091171,15352200.0
2024-05-20,417.9720764160156,419.3772981518083,412.71474538865465,412.9309356548489,16272100.0
2024-05-21,421.60797119140625,425.46988664412265,417.49054998726376,419.43623228216074,21453300.0
2024-05-22,423.06231689453125,424.91959180983645,419.7310556819618,422.63977275649836,18073700.0
2024-05-23,419.6033020019531,426.0889796466093,418.0506847119264,425.4698880093599,17211700.0
2024-05-24,422.7085266113281,423.5929302999633,417.0581313925194,419.78997344657733,11855300.0
2024-05-28,422.86578369140625,423.35712243524114,419.2102222377172,422.1877338257991,15718000.0
2024-05-29,421.73577880859375,423.475107447148,418.31604980222716,418.31604980222716,15517100.0
2024-05-30,407.48687744140625,416.95003623481153,407.0643033400361,416.95003623481153,28394500.0
2024-05-31,407.9389343261719,409.5308671519035,397.50290358954135,409.5308671519035,47995300.0
2024-06-03,406.3567810058594,409.21637607324783,401.83648858598,408.3319723384426,17484700.0
2024-06-04,408.8626403808594,409.22622626275023,402.58331667273,405.2856798357907,14348900.0
2024-06-05,416.66510009765625,416.7338647316788,409.0886349128657,410.57248754759564,16988000.0
2024-06-06,417.1662292480469,417.9425528471417,413.29447761268017,416.66508413024746,14861300.0
2024-06-07,416.50787353515625,418.89577271534046,415.67259164399417,418.8171717087438,13621700.0
2024-06-10,420.4582214355469,420.66457531575907,416.5471841383872,417.34315052242914,13982900.0
2024-06-11,425.1848449707031,425.3224341996882,417.8835591764401,418.10958577165815,14551100.0
2024-06-12,433.41973876953125,435.71920053687387,425.7450298401941,427.7791794767063,22366200.0
2024-06-13,433.9306640625,435.70933770928787,431.75895545061627,433.21332876835277,15960600.0
2024-06-14,434.903564453125,435.4636977946633,429.15489539650804,430.68786981308114,13582000.0
2024-06-17,440.6031188964844,443.1286073434569,433.0856417971322,434.92324397820295,20790000.0
2024-06-18,438.6082763671875,442.34246889984814,437.18341197055486,441.9198947788086,17112500.0
2024-06-20,437.9793701171875,438.79497924029823,433.6260860366594,438.5689526211533,19877400.0
2024-06-21,441.98870849609375,442.77483854275334,438.7753636944757,439.63028836717615,34187100.0
2024-06-24,439.9152526855469,444.9072412251996,438.677069430459,442.00833058442447,15913700.0
2024-06-25,443.1383972167969,443.6002568065394,439.01114003233465,440.48515617122325,16413400.0
2024-06-26,444.3274841308594,445.7425422004591,440.4262530619795,441.222219477512,16507000.0
2024-06-27,445.0055236816406,448.2680202655606,443.94421515967235,444.3471165440364,14806300.0
2024-06-28,439.2077331542969,447.4916975183524,438.6770788922511,445.22171482768863,28362300.0
2024-07-01,448.8182678222656,449.44716577540373,437.9400216100097,440.8880538633733,17662800.0
2024-07-02,451.3241271972656,451.6287548273333,445.26099374388446,445.349461110364,13979800.0
2024-07-03,452.7882995605469,453.03396893483153,449.94837718806366,450.25300481306164,9932800.0
2024-07-05,459.4607238769531,460.2370475569388,451.01952711906966,451.6484251718753,16000300.0
2024-07-08,458.16357421875,459.59830504287737,456.41440936822374,458.4682018620652,12962300.0
2024-07-09,451.57965087890625,459.23468742094946,450.0663190511327,458.9104170237532,17207200.0
2024-07-10,458.1733703613281,458.37972423311413,450.91136946375343,453.2305038870679,18196100.0
2024-07-11,446.8234558105469,456.72883147324404,443.7279978013262,454.96002402992053,23111200.0
2024-07-12,445.6933288574219,448.4546499899947,442.84357035631416,446.45981604032585,16324300.0
2024-07-15,446.0963134765625,449.3391675395858,443.61014035604813,445.44774266395785,14429400.0
2024-07-16,441.7331848144531,446.43038212668165,438.92274152217504,446.3517811207802,17175700.0
2024-07-17,435.83709716796875,437.1440749862863,431.5722805813875,434.92321432561624,21778000.0
2024-07-18,432.74169921875,436.9475578488645,426.8751131633182,436.6429302135875,20794800.0
2024-07-19,429.5381774902344,433.49839687991425,424.5167095108502,425.59766083378145,20940400.0
2024-07-22,435.26715087890625,436.89839903999433,431.3069619660928,434.1370778123692,15808800.0
2024-07-23,437.1441345214844,440.6228216077749,435.4244487287082,436.21057880982977,13107100.0
2024-07-24,421.4703674316406,433.8324669900576,420.18306232506063,432.82031037979385,26805800.0
2024-07-25,411.1522216796875,422.35473813773996,410.2776543804513,421.37206072933304,29943800.0
2024-07-26,417.9032287597656,421.49002544679837,410.04180915234855,410.95572197330205,23583800.0
2024-07-29,419.33795166015625,424.66404655168895,417.3431176712943,424.1039132176947,15125800.0
2024-07-30,415.5939636230469,421.6177512482942,410.13024936818454,420.3108034246303,32687600.0
2024-07-31,411.1031188964844,414.47369536650564,405.0694649339739,413.21586942488864,42891400.0
2024-08-01,409.8846130371094,420.05533154219523,405.9342601346404,413.50088916463085,30296400.0
2024-08-02,401.4139099121094,407.81114983489476,397.3358044115477,405.3446197900361,29437900.0
2024-08-05,388.3050231933594,394.09300828762184,378.90079195613237,382.4286307082766,40709200.0
2024-08-06,392.687744140625,398.6427974223072,391.59698650264767,393.07100276300895,24946500.0
2024-08-07,391.5281982421875,402.97638538590667,390.58483621712907,401.5613573427881,20650900.0
2024-08-08,395.7143859863281,398.8294567188382,393.0120229903142,395.46871662305415,20203000.0
2024-08-09,398.9866943359375,400.9815283942931,395.2918474526737,397.03117577316215,19276700.0
2024-08-12,399.76300048828125,401.67923346079886,397.2375123110676,400.0086698442997,16762900.0
2024-08-13,406.83831787109375,407.7620371122612,402.475227409518,402.49487016333154,19414300.0
2024-08-14,409.638916015625,410.484034234621,405.30533476037385,407.61460282522484,18267000.0
2024-08-15,414.482421875,414.56116454959863,411.16483466760724,413.27153919674845,20752100.0
2024-08-16,411.9622802734375,414.787643452163,410.81046198721873,414.0591609720714,22775600.0
2024-08-19,414.9746398925781,415.19121979816396,409.98347800679744,412.44459964164133,15234000.0
2024-08-20,418.19378662109375,419.23729981689326,415.082955234779,415.14201975205145,16387600.0
2024-08-21,417.5440673828125,419.7689009161739,415.1616884163413,417.48497282390196,16067300.0
2024-08-22,409.087646484375,420.1528703345148,408.16226230018384,417.7606371537281,19361900.0
2024-08-23,410.308349609375,412.73993890763575,405.68142906839694,410.4953972510095,18493800.0
2024-08-26,407.05963134765625,410.7906998560521,404.94307292164314,409.8948480483377,13152800.0
2024-08-27,407.40423583984375,407.91613833509496,403.8700687036349,406.43946532338146,13492900.0
2024-08-28,404.2146301269531,408.5461982686738,400.97578558888256,408.4280692350888,14882700.0
2024-08-29,406.6954650878906,415.4865852646763,404.2146650393698,408.48716903331825,17045200.0
2024-08-30,410.6529235839844,410.99745657650817,405.7208262421071,409.1368642535232,24308300.0
2024-09-03,403.0726623535156,413.3503087826454,400.7001374742272,411.41094371784055,20313600.0
2024-09-04,402.54107666015625,404.8446830658677,398.0815251485243,399.59758459335677,15135800.0
2024-09-05,402.03900146484375,406.67574622741506,399.8141378862011,401.28095677141835,14195500.0
2024-09-06,395.45306396484375,404.2638620080845,394.56703607993364,402.6985921439958,19609500.0
2024-09-09,399.4105224609375,402.2949499033103,395.89603343829765,400.9068736495872,15295100.0
2024-09-10,407.7586669921875,409.85551750473985,401.3597503882825,401.8519747424291,19594300.0
2024-09-11,416.461181640625,417.39638986900843,403.21048066101315,409.03843011648604,19266900.0
2024-09-12,420.3595886230469,420.7238298297295,413.2223356546228,416.72697057085117,17395700.0
2024-09-13,423.8937683105469,425.11447510259467,418.84354159900835,419.20778281644255,15874600.0
2024-09-16,424.6321105957031,426.7880557127787,421.5606353721957,423.90362815097126,13834700.0
2024-09-17,428.3828430175781,434.9786612819886,425.54762597309116,433.3838592052121,18874200.0
2024-09-18,424.1103210449219,429.249144206207,423.7165475930165,428.235163297131,18898000.0
2024-09-19,431.8678283691406,434.6341269777226,430.1056566789826,434.3683366283435,21706600.0
2024-09-20,428.5009765625,432.4092391189892,427.4673174405253,430.42066355244185,55167100.0
2024-09-23,426.76837158203125,429.67247726227924,423.6968964015023,427.52638627626743,15128900.0
2024-09-24,422.495849609375,426.61083784634445,419.4735849772464,426.2662748026867,17015800.0
2024-09-25,425.3901062011719,426.384408985251,421.9051794925785,423.14556440453987,13396400.0
2024-09-26,424.6025695800781,428.5305103087993,422.45647860828996,428.32378449228514,14492000.0
2024-09-27,421.3637390136719,425.1341945131492,420.82230422369577,424.8093096047705,14896100.0
2024-09-30,423.6083068847656,423.7264659769529,418.7549815080826,421.5508124966524,16807300.0
2024-10-01,414.147705078125,421.81656847562806,412.2969368087723,421.78703621784,19092900.0
2024-10-02,410.64306640625,416.2445815766932,410.22958475813624,416.0082934736332,16582300.0
2024-10-03,410.0622863769531,413.0254566537122,407.84727671300476,411.1353318978847,13686400.0
2024-10-04,409.5897521972656,413.22237055628017,408.51670664481577,411.73584330216534,19169700.0
2024-10-07,403.171142578125,410.6233966552464,402.6395318501973,409.5306729821077,20919800.0
2024-10-08,408.2607116699219,409.19594995144206,401.82243880752753,404.5099645290717,19229300.0
2024-10-09,410.9679260253906,413.84252930935924,407.8570646785986,409.3928021729279,14974300.0
2024-10-10,409.3730773925781,410.85960430218415,406.72490841573625,408.77257820362894,13848400.0
2024-10-11,409.845703125,410.64310419410805,406.82343830885475,409.66850956364067,14144900.0
2024-10-14,412.621826171875,417.4456186019399,411.02699410502277,411.27310627026066,16653100.0
2024-10-15,412.2280578613281,415.9099165968068,408.8021954562943,415.6145639475164,18900200.0
2024-10-16,409.6487731933594,409.8850312589263,404.09649835161355,408.71356498849764,15508900.0
2024-10-17,410.23944091796875,415.9295528895068,409.12700914123224,415.79171565844746,14820000.0
2024-10-18,411.6570739746094,413.12389293089865,409.78662744422246,410.6529471112624,17145300.0
2024-10-21,412.2674560546875,412.4446496235521,407.3156799270225,409.6488187127166,14206100.0
2024-10-22,420.8616638183594,423.8838984262341,411.53893363879695,411.9819175179694,25482200.0
2024-10-23,417.9969177246094,424.37612597688815,415.95910173602493,424.1595460644349,19654400.0
2024-10-24,418.1249084472656,419.35546932603506,415.83112614516494,418.7155536346828,13581600.0
2024-10-25,421.4917297363281,425.7937660019832,419.9363139175779,420.12336158504047,16899100.0
2024-10-28,419.9559631347656,425.2227696357769,419.670464602579,424.9471252042487,14882400.0
2024-10-29,425.2326354980469,426.4336641349943,419.1782518516455,421.34405104712135,17644100.0
2024-10-30,425.8036193847656,431.68077966192817,425.3803136298507,430.6372663836306,29749100.0
2024-10-31,400.0307312011719,409.6881704469,399.9814907408766,408.9005934690843,53971000.0
2024-11-01,403.9881896972656,409.0384161036912,401.162826864631,402.64935394725995,24230400.0
2024-11-04,402.1078796386719,404.0374205874987,399.26283871579096,403.42703719981586,19672300.0
2024-11-05,405.061279296875,408.44778544240023,401.7338376736444,402.0193362267301,17626000.0
2024-11-06,413.6456298828125,413.91145024796907,404.1358522419557,406.00632872643234,26681800.0
2024-11-07,418.8139953613281,420.2119257079772,413.35031719618456,414.7285393416903,19901800.0
2024-11-08,415.9689636230469,419.8673720771894,415.2207729945687,418.7057298172818,16891400.0
2024-11-11,411.50946044921875,418.203700401307,409.5307087092454,415.94930419372986,24503300.0
2024-11-12,416.45135498046875,417.8394313280264,410.7120319666306,411.7456911405818,19401200.0
2024-11-13,418.5875549316406,422.65330239599416,411.7062388180916,415.0829203341967,21502200.0
2024-11-14,420.2513122558594,421.51140536702854,413.4684464166278,418.39068982634956,30246900.0
2024-11-15,408.5461730957031,416.22486023548765,407.207337406915,413.29122260558944,28247600.0
2024-11-18,409.29437255859375,411.89330132284374,405.69128696291637,408.41819885611204,24727000.0
2024-11-19,411.2928466796875,411.4405079817959,405.1498661250552,406.68560375296545,18133500.0
2024-11-20,409.0285949707031,410.8006207181085,404.19494808048387,410.38713903081657,19191700.0
2024-11-21,407.26287841796875,414.0790385036892,404.71793020151534,413.80284233986384,20780200.0
2024-11-22,411.3367919921875,411.73135363774225,405.4774597411712,405.7832472742104,24814600.0
2024-11-25,413.1025085449219,415.36138685697927,409.21601445717323,412.698073057269,27691100.0
2024-11-26,422.1775817871094,423.2133401022422,413.1617251409629,413.89166578168545,23458900.0
2024-11-27,417.2454833984375,421.4279216336492,416.28865548862075,419.33668746447955,18332400.0
2024-11-29,417.7091064453125,419.10983509030467,412.12596962038367,414.384878235964,16271900.0
2024-12-02,425.126953125,427.1195090506518,415.58826631722377,415.84474493949193,20207200.0
2024-12-03,425.3439636230469,426.5967051479557,421.93093157664276,424.00241788094525,18302000.0
2024-12-04,431.4795227050781,433.69896602336337,426.7545660563865,427.1491277367897,26009400.0
2024-12-05,436.6089172363281,438.62122109014604,430.2465306458157,431.9727644662315,21697800.0
2024-12-06,437.54595947265625,440.04159877439776,435.7703869006791,436.2931878578621,18821000.0
2024-12-09,439.96270751953125,442.2413336019405,434.51768404131514,436.5891705079944,19144400.0
2024-12-10,437.3092346191406,443.5138201555157,435.60274857576576,438.3548667232301,18469500.0
2024-12-11,442.892333984375,444.2338797106506,438.019420871054,438.019420871054,19200200.0
2024-12-12,443.45458984375,449.96496224230685,443.0106891858234,443.0106891858234,20834800.0
2024-12-13,441.1956787109375,445.2991859531554,439.5286279530639,442.34980235220513,20177800.0
2024-12-16,445.4570617675781,446.03904550783295,439.2327587604127,441.1957234184863,23598800.0
2024-12-17,448.28802490234375,449.1067696297947,443.46445105856475,444.88489699979203,22733500.0
2024-12-18,431.44989013671875,446.50262602359174,431.08488976149135,445.19070178831043,24444500.0
2024-12-19,431.09478759765625,437.1612597390131,430.39443838506674,435.6224481744677,22963700.0
2024-12-20,430.6706237792969,437.7136411325363,422.80886164173944,427.22800034083093,64263700.0
2024-12-23,429.3389587402344,431.70635881030796,426.9518110200716,430.80871372187636,19152500.0
2024-12-24,433.363525390625,433.6298778354008,428.2933464556966,428.74709084992185,7164500.0
2024-12-26,432.1601257324219,434.9517090842379,430.70024449975995,433.1169536147247,8194200.0
2024-12-27,424.6830749511719,429.3093836032803,420.5598497453618,428.6978084898888,18117700.0
2024-12-30,419.06048583984375,421.7435474622816,416.17028459927946,420.2737923808389,13158700.0
2024-12-31,415.77569580078125,420.9346790911402,414.94710727917607,420.313230174155,13246500.0
2025-01-02,412.89532470703125,420.2836247921959,409.21600045312425,419.7509500092328,16896500.0
2025-01-03,417.6005859375,418.27134378737713,413.8423310893823,415.3613950253171,16662900.0
2025-01-06,422.0394287109375,428.42156165470556,419.70162020085996,422.1873855590837,20573600.0
2025-01-07,416.6339111328125,424.8014616583564,415.085225621156,423.1738758487943,18139100.0
2025-01-08,418.794189453125,421.1714636571387,415.81521390570896,417.7091221666062,15054600.0
2025-01-10,413.26031494140625,418.94206877538755,409.3836648034606,418.86316848876044,20201100.0
2025-01-13,411.5242004394531,412.816407095229,406.690752709142,409.6006710891581,17604800.0
2025-01-14,410.0248718261719,414.03957499111027,405.14208486737954,412.1357932076061,16935900.0
2025-01-15,420.5203857421875,422.3353935398116,412.5895665870108,413.43790279096226,19637800.0
2025-01-16,418.8138122558594,423.6571336957602,418.6264203199314,422.87788427352234,15300000.0
2025-01-17,423.20343017578125,428.57942688248704,422.3551241092644,428.1947089431654,26197500.0
2025-01-21,422.68060302734375,425.0480029513297,419.819993531564,424.35752761269225,26085700.0
2025-01-22,440.1402587890625,441.1957044539868,430.0787709144918,431.6175824572203,27803800.0
2025-01-23,440.643310546875,440.68277574358376,435.50407496539947,435.9972845633218,18389300.0
2025-01-24,438.029296875,440.5841189283991,435.40541825453283,439.1143639891968,15549500.0
2025-01-27,428.6582946777344,429.2896173703644,417.7485015093757,418.2515848986201,35647800.0
2025-01-28,441.126708984375,442.29067649663904,425.5215489294809,428.6978201786795,23491700.0
2025-01-29,436.32275390625,440.8109789415141,434.41897223898974,440.62355690140845,23581400.0
2025-01-30,409.3540954589844,417.1172097708342,407.54896156269734,413.0827588425547,54586300.0
2025-01-31,409.4231262207031,414.97667080056476,409.2751693701902,413.2899024984714,34161900.0
2025-02-03,405.33941650390625,409.7684293585694,403.11009933813943,406.0101743775102,25679100.0
2025-02-04,406.7696838378906,408.29865167160733,404.1753965052981,407.0853452090854,20532100.0
2025-02-05,407.67718505859375,408.20982973334895,404.82641922275565,406.74994863541014,16316700.0
2025-02-06,410.1728820800781,412.52056483933194,408.37759172263367,408.37759172263367,16309800.0
2025-02-07,404.18524169921875,412.96436600470287,402.5576561425311,410.8238533335017,22886800.0
2025-02-10,406.6217346191406,409.81772327895646,405.3394016663598,408.0914896331453,20817900.0
2025-02-11,405.85235595703125,406.8880841725034,403.74140422239867,404.0768132724711,18140600.0
2025-02-12,403.48492431640625,405.17169274595005,398.8783333348811,401.67976029438313,19121700.0
2025-02-13,404.9645690917969,405.4183135199023,400.84131373042015,401.472636502677,23891700.0
2025-02-14,402.8832092285156,403.35670130819824,400.3678521686821,402.25191655873215,22758500.0
2025-02-18,404.0767517089844,405.0237056562673,400.9793811541372,402.4590098668831,21423100.0
2025-02-19,409.1370544433594,409.84727742582396,402.11375500738893,402.3406422459273,24114200.0
2025-02-20,411.30169677734375,414.4447923675228,407.75335474991726,410.47144681938056,23508700.0
2025-02-21,403.4735412597656,413.19936436928833,403.15727713591093,412.49761092708707,27524800.0
2025-02-24,399.3124084472656,404.62009578289485,394.6867174896375,403.7700887978409,26443700.0
2025-02-25,393.283203125,397.25657880262406,392.09714469383994,396.44608593506547,29387400.0
2025-02-26,395.09197998046875,398.9170718958632,389.6755530638089,393.3919357776839,19619000.0
2025-02-27,387.97552490234375,401.03224256641477,387.6197164134029,396.61410618114576,21127400.0
2025-02-28,392.38372802734375,393.01631660620876,382.0846478468725,388.10398215130573,32845700.0
2025-03-03,383.9823913574219,394.1925506012372,381.6794393165997,394.1925506012372,23007700.0
2025-03-04,384.1009521484375,388.02488953137174,376.5792652913011,378.9514121108331,29342900.0
2025-03-05,396.36700439453125,397.00948665687173,384.29868393839774,384.82253320835395,23433100.0
2025-03-06,392.284912109375,397.4838599812305,388.12373889118527,389.7051801734712,23304600.0
2025-03-07,388.7464904785156,390.21919261692045,381.06665528777256,387.76798692760104,22034100.0
2025-03-10,375.7490234375,381.9166113327009,372.8431337183802,381.3631114017718,32840100.0
2025-03-11,376.03570556640625,381.5212976511773,372.53677123025375,374.6025176419591,30380200.0
2025-03-12,378.82293701171875,380.7503233781215,374.55308456142495,378.5066728711865,24253600.0
2025-03-13,374.37518310546875,380.8492026304598,373.0705217726956,378.7142611357114,20473000.0
2025-03-14,384.05157470703125,385.7022111357248,375.10659301872727,375.3734493768336,19952800.0
2025-03-17,384.1899719238281,388.15342385678485,381.0962841175908,382.2131776873556,22474300.0
2025-03-18,379.0700378417969,382.87537263830677,376.67813379609476,382.57886557924786,19486900.0
2025-03-19,383.3201904296875,385.1585946525035,379.5445060727477,381.0567525075918,19185500.0
2025-03-20,382.3515625,387.244140619299,378.8328709429988,381.26431956643484,18470500.0
2025-03-21,386.7202453613281,387.194656647968,378.3583844724842,378.77352451177876,39675900.0
2025-03-24,388.5191345214844,390.81222312553433,385.28708673252123,390.81222312553433,21004500.0
2025-03-25,390.5749816894531,391.7610400507305,388.08423198363494,389.3493790004213,15775000.0
2025-03-26,385.4452209472656,390.72325787798576,384.0614710304359,390.4168571879551,16108400.0
2025-03-27,386.048095703125,387.6888383797828,382.9050004114053,385.6033351411741,13766800.0
2025-03-28,374.4048156738281,384.6149747790714,372.5565178920864,383.5771397086297,21632000.0
2025-03-31,371.034423828125,372.694923815259,362.9789628551185,368.2174858935481,35184700.0
2025-04-01,377.7554626464844,378.4078083047587,368.8994337189865,370.302940607575,19689500.0
2025-04-02,377.7060241699219,380.6118834465064,372.2500537125834,373.5843956250186,16092600.0
2025-04-03,368.7807922363281,373.10011248760316,365.06444000689004,370.4413221297822,30198000.0
2025-04-04,355.664794921875,370.2436515761853,355.30898645827625,359.90502676066706,49209900.0
2025-04-07,353.70782470703125,366.6953790248224,340.7894955993312,346.8088312203085,50425000.0
2025-04-08,350.4460754394531,369.3145725706382,346.18608632628985,363.98712785508354,35868900.0
2025-04-09,385.95916748046875,388.66739600040677,349.00301621371585,349.43791334353114,50199700.0
2025-04-10,376.9252624511719,379.4456631401157,363.5324628545339,377.627015987976,38024400.0
2025-04-11,383.94287109375,385.52428234575257,374.4937970946495,376.2234920445777,23839200.0
2025-04-14,383.3102722167969,390.0709046779098,379.75203666792555,388.6575040815548,19251200.0
2025-04-15,381.2544250488281,387.3429548173336,379.702634359307,384.0021677861047,17199900.0
2025-04-16,367.2982482910156,377.18221973337427,363.730149078798,376.25315416820064,21967800.0
2025-04-17,363.5126647949219,369.9767899290697,362.6330071079686,369.41339637295704,21120200.0
2025-04-21,354.9531555175781,360.25097956592975,351.54320368031085,358.6102367890087,20807300.0
2025-04-22,362.5638427734375,363.5028019496421,355.68457702509073,359.1637542302739,19485000.0
2025-04-23,370.0460205078125,375.9764033603888,368.69189108581185,371.6966268435602,20545500.0
2025-04-24,382.80615234375,383.9428330432701,370.8366789549492,371.34077108557176,22232300.0
2025-04-25,387.3034362792969,387.6098369882708,380.13755681192964,382.5097039822226,18973200.0
2025-04-28,386.6213684082031,388.1830223731202,382.15382489328533,387.41207393108834,16579400.0
2025-04-29,389.468017578125,390.5157161336794,385.8504804253008,386.75978890275064,14974000.0
2025-04-30,390.673828125,392.05757796403765,379.979364791359,385.77135703314644,36461100.0
2025-05-01,420.464111328125,431.91962985286955,419.9699127886788,426.1078502028247,58938100.0
2025-05-02,430.2294921875,434.3412277785372,425.0008630376841,426.7305579775838,30757400.0
2025-05-05,431.10919189453125,434.40054108405303,427.09627177369964,427.8474632490504,20136100.0
2025-05-06,428.2823791503906,432.65110795280134,426.1672248726853,427.1852727603517,15104200.0
2025-05-07,428.3218994140625,433.0365428333408,426.1078693467033,428.80620435216304,23295300.0
2025-05-08,433.0859680175781,438.5221520354275,430.60508165893515,432.8487322038109,23491300.0
2025-05-09,433.6394958496094,435.626153625383,430.82255791751214,434.89474938101273,15324200.0
2025-05-12,444.0472717285156,444.15598092637396,434.6772567640601,440.7657862582039,22821900.0
2025-05-13,443.9287109375,445.4409573721911,440.19254074927665,442.5844751269483,23618800.0
2025-05-14,447.6845703125,448.6334230518337,442.940276452347,442.940276452347,19902800.0
2025-05-15,448.6946105957031,451.7246558325709,446.0210270484144,446.3576953837484,21992300.0
2025-05-16,449.8234558105469,449.9125712368337,444.33770477780746,447.6251846388841,23849800.0
2025-05-19,454.37841796875,455.0913715701619,446.3874026485213,446.46663650360125,21336500.0
2025-05-20,453.6852722167969,453.8535912700005,449.87295142774695,451.13050930908776,15441800.0
2025-05-21,448.1401062011719,453.2991005803846,447.38753565613104,450.12052955644793,19216900.0
2025-05-22,450.40765380859375,455.74490907390424,449.4570590917957,450.4967994491365,18025600.0
2025-05-23,445.7734375,449.24908978205974,444.5158796844098,445.57541331723985,16883500.0
2025-05-27,456.1806335449219,456.43809825868186,451.6553587930952,452.0118507212909,20974300.0
2025-05-28,452.8832092285156,457.9927052337918,452.45742544945836,456.70544210957024,17086300.0
2025-05-29,454.1903076171875,457.2005597280811,450.85329893273473,457.03221043821725,13974800.0
2025-05-30,455.8537902832031,457.16087682654637,451.08099341488645,455.2200705832806,34770500.0
2025-06-02,457.4480895996094,457.5867035205711,452.41782757710985,452.6653804963421,16626500.0
2025-06-03,458.4382629394531,459.59682380087423,456.3489007620485,456.95294554827,15743800.0
2025-06-04,459.3294677734375,461.1316602074749,458.48778183720145,459.4582001214203,14162700.0
2025-06-05,463.1022033691406,465.0529216385449,459.4879366863286,460.4088263203011,20131700.0
2025-06-06,465.7757873535156,468.7068055435685,464.1914425792919,465.4886174973397,15285600.0
2025-06-09,468.12255859375,468.7958952647425,464.0329796350046,465.10242514198006,16469900.0
2025-06-10,466.31048583984375,468.172058367284,462.38922592870773,466.57783210788693,15375900.0
2025-06-11,467.99383544921875,470.81594475736864,465.0628173622344,465.4192790589967,16399200.0
2025-06-12,474.1826477050781,475.7174938929388,468.88500933710617,470.37032681118086,18950600.0
2025-06-13,470.3108825683594,474.48957663576516,468.13243522834,471.7467014438283,16814500.0
2025-06-16,474.45001220703125,475.98482813726486,470.3505215770748,470.5584575569121,15626100.0
2025-06-17,473.36077880859375,474.0539088222925,469.4395189734987,470.7466055851971,15414100.0
2025-06-18,475.53924560546875,476.291816149254,469.8158233270243,473.3211811212961,17526500.0
2025-06-20,472.7270202636719,478.7277002496467,472.2022093150259,477.5097592999014,37576200.0
2025-06-23,481.2428894042969,482.975759890835,467.88494315239075,473.52913174865415,24864000.0
2025-06-24,485.3125915527344,487.0355802812341,482.03499358247046,484.16397269221426,22305600.0
2025-06-25,487.45147705078125,489.71907018583636,484.59969288856837,487.2237477118272,17495100.0
2025-06-26,492.580810546875,493.1650318097281,487.98621386300664,488.15456314430565,21578900.0
2025-06-27,491.0855712890625,494.4126679494895,488.2040517426954,492.6797975508017,34539200.0
2025-06-30,492.54119873046875,495.85841392483957,490.4815414994746,492.17482524139086,28369000.0
2025-07-01,487.2336120605469,493.1748817381986,486.1741086010328,491.61036068604886,19945400.0
2025-07-02,486.28302001953125,488.66943364597034,483.9164299655294,485.1937811955959,16319600.0
2025-07-03,493.95721435546875,495.2345959448005,488.61007707252077,488.9764505765557,13984800.0
2025-07-07,492.8481140136719,493.8680307430937,490.3824968234557,492.51144569917784,13981600.0
2025-07-08,491.7588806152344,493.3234318678901,489.2734398258723,492.37280697303856,11846600.0
2025-07-09,498.5815124511719,501.81949389446856,494.8483949293652,495.40291107466015,18659500.0
2025-07-10,496.57135009765625,499.502368126141,492.8778497571002,498.12595942487985,16492100.0
2025-07-11,498.393310546875,500.0865639242522,492.9273231662245,493.5907782355643,16459500.0
2025-07-14,498.09625244140625,499.0369655948213,496.1257409313552,496.6109349689791,12058800.0
2025-07-15,500.8688659667969,503.3245715280963,497.8685258646023,498.0962552049,14927200.0
2025-07-16,500.67083740234375,501.760076321519,496.97736708309617,500.23514183467364,15154400.0
2025-07-17,506.6913146972656,508.34495123446135,500.67081092720053,500.7302212088446,17503100.0
2025-07-18,505.05743408203125,509.6025320949179,502.4630844244223,509.4440643876484,21209700.0
2025-07-21,505.0673522949219,507.0775109565722,500.6014880788464,501.75013722027745,14066800.0
2025-07-22,500.3242492675781,506.1962275502158,500.3242492675781,505.9684679829346,13868600.0
2025-07-23,500.9183654785156,501.82937349813983,495.7989881406536,501.78975657062705,16396600.0
2025-07-24,505.87933349609375,508.6420022469781,502.334358860161,503.7899711970312,16107000.0
2025-07-25,508.681640625,513.2167663968169,505.3643953860848,507.4537274302719,19125700.0
2025-07-28,507.4834289550781,509.9589578768102,505.1267205865717,509.04798015617376,14308000.0
2025-07-29,507.55279541015625,512.5533521818816,506.5526719682665,510.4838436674275,16469200.0
2025-07-30,508.2162170410156,510.89971236727115,504.4534248625209,510.12731827097724,26380400.0
2025-07-31,528.2778930664062,550.0130499577134,526.6935786680993,549.795171976257,51617300.0
2025-08-01,518.979736328125,530.5553112156109,515.7615489434008,529.7631541007601,28977600.0
2025-08-04,530.3969116210938,532.9813491761439,522.9604134562841,523.0990575737549,25349000.0
2025-08-05,522.5841674804688,532.0406760929504,522.0791498987046,531.9218555369729,19171600.0
2025-08-06,519.8017578125,526.495598904166,518.9006917137275,525.7034415927023,21355700.0
2025-08-07,515.7418823242188,522.9209170643583,512.4840471895837,521.6435053063135,16079100.0
2025-08-08,516.9300537109375,519.524403327164,514.3257923084495,517.4845698020915,15531000.0
2025-08-11,516.6627197265625,522.4257584225397,514.6327376205326,517.1875004407061,20194400.0
2025-08-12,524.0595703125,525.7825288027884,517.5836082950698,518.6233183732385,18667000.0
2025-08-13,515.484375,527.4857348349631,514.2861971986356,526.9014833945702,19619200.0
2025-08-14,517.36572265625,520.8017882377586,515.0486614235291,517.4449565045493,20269100.0
2025-08-15,515.078369140625,520.9503168823401,513.9990723038397,517.6529556536844,25213300.0
2025-08-18,512.0383911132812,517.7024328589179,508.9885829187347,516.4844919382945,23760600.0
2025-08-19,504.78021240234375,510.1174378041072,503.57215290768977,509.9590305231463,21481000.0
2025-08-20,500.76983642578125,505.9981527246316,499.5023667236012,504.87920872605446,27723000.0
2025-08-21,500.1251220703125,503.48747238505433,498.6175369804135,499.57962247206007,18443300.0
2025-08-22,503.0907287597656,506.56216679087737,498.310055406757,500.1350363394598,24324200.0
2025-08-25,500.1449890136719,504.04291093011733,500.00611695670057,502.4956437530773,21638600.0
2025-08-26,497.9430847167969,500.8590951140394,494.44189267773186,500.24412923099453,30835700.0
2025-08-27,502.6047058105469,503.1502356611414,495.82052770460996,497.90339657266526,17277900.0
2025-08-28,505.4810485839844,506.919197559233,501.3748189208979,502.9518399416591,18015600.0
2025-08-29,502.55511474609375,505.44137107101903,500.3730559294206,504.5090396010348,20961600.0
2025-09-02,500.9979553222656,501.87077891116434,492.75577163159113,496.3859077753076,18128000.0
2025-09-03,501.2261047363281,503.6461955733364,498.2208322179546,499.67883751509856,16345100.0
2025-09-04,503.82470703125,504.00323087503085,499.0440334241921,500.1846427841772,15509500.0
2025-09-05,490.9605407714844,507.79205789513924,488.35199810583333,504.9157294675595,31994800.0
2025-09-08,494.1344299316406,497.1099483047291,490.990285532587,494.0451377441344,16771000.0
2025-09-09,494.34271240234375,498.15137232357364,493.63851485593227,497.33805669614713,14410500.0
2025-09-10,496.2867126464844,499.1233892811019,492.66650462093776,498.8754294126598,21611800.0
2025-09-11,496.9215087890625,499.0638857033828,493.8170463660224,498.15138006137016,18881600.0
2025-09-12,505.73895263671875,508.367321245748,499.73833579713096,502.5154742767582,23624900.0
2025-09-15,511.15435791015625,511.26344571936806,502.8625947427051,504.6379958107742,17143800.0
2025-09-16,504.885986328125,513.0091239663263,504.4495745277025,512.6620043570016,19711900.0
2025-09-17,505.8579406738281,507.1175961354426,501.80132099339164,506.4530503919847,15816600.0
2025-09-18,504.30078125,508.883074673213,503.5172196080818,507.31595138937655,18913700.0
2025-09-19,513.703369140625,515.0621842649809,506.1455578149837,506.39351766303514,52474100.0
2025-09-22,510.2518310546875,513.5149611406991,508.35738375283694,511.3825425873763,20009300.0
2025-09-23,505.0744323730469,510.3907077578639,503.17008724169204,509.60711582016205,19799600.0
2025-09-24,505.9869079589844,508.29788064425674,502.7832857896144,506.215041937542,13533700.0
2025-09-25,502.892333984375,505.8480263178102,500.91858324777104,504.1519591362548,15786500.0
2025-09-26,507.28619384765625,509.74596656687834,502.4856945681329,505.8976246789574,16213100.0
2025-09-29,510.4005432128906,512.6321819161793,504.7272507672145,507.3258652143003,17617800.0
2025-09-30,513.7232666015625,513.9315141469417,505.5009089039439,509.05168089535164,19728200.0
2025-10-01,515.4689331054688,516.262392605391,507.5143608700387,510.5989672146665,22632300.0
2025-10-02,511.53131103515625,517.343476169315,506.5126054199375,513.4158303625842,21222900.0
2025-10-03,513.1281127929688,516.2425031799986,510.7973143114264,512.8801529316524,15112300.0
2025-10-06,524.256591796875,526.6965386672223,513.9712214168786,514.377848960065,21388600.0
2025-10-07,519.7039794921875,525.4764919541412,517.1847292577561,523.9788048028778,14615200.0
2025-10-08,520.5669555664062,522.6498549115006,518.8213688365025,519.0098207695767,13363400.0
2025-10-09,518.136962890625,520.0512058016051,513.1777655449532,518.07745494396,18343600.0
2025-10-10,506.790283203125,519.3073226434543,505.47115003636685,515.3994727403434,24133800.0
2025-10-13,509.8550109863281,512.1957373474249,507.50435654569844,512.1957373474249,14284200.0
2025-10-14,509.3789978027344,511.07506506957225,501.87076583985106,506.0662576446326,14684300.0
2025-10-15,509.2401123046875,512.9694382549203,505.838110317394,510.75765569343554,14694700.0
2025-10-16,507.4349670410156,512.6321960787722,503.9833851231019,508.3970827878481,15559600.0
2025-10-17,509.3889465332031,511.2734052578957,503.1700935064365,504.8859867353243,19867800.0
2025-10-20,512.5726318359375,514.4670788802013,509.2400661752128,510.4104293345006,14665600.0
2025-10-21,513.4356689453125,514.4572928075203,508.85337476268893,513.2770012430817,15586200.0
2025-10-22,516.2921142578125,520.943843958813,513.4852520447155,516.8971823641815,18962700.0
2025-10-23,516.3118896484375,519.6742395740552,514.3777908083965,518.1964086283891,14023500.0
2025-10-24,519.3370971679688,521.0628883153897,516.4607987679614,518.5237814648117,15532400.0
2025-10-27,527.1826171875,530.2176440204488,524.6930900412312,527.440505176098,18734700.0
2025-10-28,537.6464233398438,549.2013167264516,536.3570441492753,545.511702993095,29986700.0
2025-10-29,537.1306762695312,541.8121902511471,532.3500025514267,540.4930267482002,36023000.0
2025-10-30,521.4695434570312,530.6043464776645,517.8592331602406,526.1509968235328,41023100.0
2025-10-31,513.5843505859375,525.0004316167937,510.896444053691,524.5640198650095,34006400.0
2025-11-03,512.810791015625,520.6760707602963,510.3907002836433,515.5680732671589,22374700.0
2025-11-04,510.1328125,511.3428275978434,503.6957537451755,507.5837777929312,20958700.0
2025-11-05,503.0212707519531,510.6286922229766,502.4459869529857,509.1111488921848,23024300.0
2025-11-06,493.0434265136719,501.5732523540539,491.7639450704796,501.5335702984596,27406500.0
2025-11-07,492.76568603515625,495.30479262227396,489.2248119110569,492.89463000746537,24019800.0
2025-11-10,501.8707580566406,502.7138276367279,494.72950196106785,495.95940345274505,26101500.0
2025-11-11,504.5289001464844,505.4414057875519,498.2505695472254,500.68055811559174,17980000.0
2025-11-12,506.9688415527344,507.494515261433,495.0469117437556,505.203338237195,26574900.0
2025-11-13,499.182861328125,509.309533151825,497.1991825232493,506.1455630365654,25273100.0
2025-11-14,506.0166320800781,507.42505738590404,493.38060745410195,494.16416907736203,28505700.0
2025-11-17,503.3486022949219,507.94082387806293,500.7896697837805,504.300789978241,19092800.0
2025-11-18,489.76043701171875,498.87544447228873,482.8076324047851,491.3275301094218,33815100.0
2025-11-19,483.14483642578125,491.14898819063853,478.88983663624714,486.1005289347495,23245300.0
2025-11-20,475.41387939453125,490.45844852333465,472.50235794747454,489.60385435710714,26802500.0
2025-11-21,469.1436462402344,475.9007957312625,465.3179114267742,475.4834301610789,31769200.0
2025-11-24,471.0118103027344,473.89352206444323,465.0694984877541,472.0055061050608,34421000.0
2025-11-25,473.98297119140625,476.12935785467323,461.95927573241335,471.08139630740516,28019800.0
2025-11-26,482.4393310546875,485.23161394332453,478.1664510662567,483.244222260298,25709100.0
2025-11-28,488.9082946777344,489.5243812398697,483.5820692635899,484.5260924315005,14386700.0
2025-12-01,483.6715087890625,486.77183499200703,481.59468809959253,485.3608038657598,23964000.0
2025-12-02,486.91094970703125,490.38888506208144,483.2541563831954,483.6516286444489,19562700.0
2025-12-03,474.71832275390625,481.18726202656165,472.20427350128017,473.31720798581483,34615100.0
2025-12-04,477.8087158203125,478.28570075231454,473.48613274494215,476.7355376297969,22318200.0
2025-12-05,480.1141052246094,480.35258253184975,475.86108806940297,479.4781253050461,22608700.0
2025-12-08,487.92449951171875,489.19642891935564,481.3263751862239,481.8331697469475,21965900.0
2025-12-09,488.9181823730469,489.01755801519323,485.42038417588924,486.016607703579,14696100.0
2025-12-10,475.5430603027344,481.19719183884354,472.084987996716,480.97857754952304,35756200.0
2025-12-11,480.4221496582031,482.96600869209163,472.86010822118624,473.6252734590456,24669200.0
2025-12-12,475.5132751464844,479.4085762318817,473.3370788032073,476.79515128743174,21248100.0
2025-12-15,471.8266296386719,477.6894285774835,469.5411111878212,477.0733420562278,23727700.0
2025-12-16,473.38677978515625,474.87732355778707,467.911505956298,468.9350114671635,20705600.0
2025-12-17,473.1184387207031,476.9739832708393,472.0055042784347,473.903466892556,24527200.0
2025-12-18,480.9289245605469,486.51349034093164,474.87732052138307,475.1754171439269,28573500.0
2025-12-19,482.856689453125,484.7745151206103,479.44828972039977,484.2875835443981,70836100.0
2025-12-22,481.86297607421875,485.6489546100234,479.6470235443271,483.05539282771,16963000.0
2025-12-23,483.7807922363281,484.75459468390824,481.6840783901604,481.922585996358,14683600.0
2025-12-24,484.9433898925781,486.0762176057581,481.77349801821515,482.6181454723109,5855900.0
2025-12-26,484.6353759765625,485.0427948985028,482.8964083055729,483.64168016456847,8842200.0
2025-12-29,484.02923583984375,485.27135560420123,481.1276307272214,481.80333660098637,10893400.0
2025-12-30,484.4068603515625,486.5929730105466,482.43933166580535,482.8666136001516,13944500.0
2025-12-31,480.5711364746094,485.0626606980731,480.25314655477007,484.76453377627826,15601600.0
2026-01-02,469.95849609375,481.6046121327098,467.1960229709088,481.3363251826272,25571600.0
2026-01-05,469.8690490722656,473.0687506521617,466.54016219074447,471.0714124582114,25250300.0
2026-01-06,475.4933776855469,475.7219083069673,466.78859294331005,470.81304872472026,23037700.0
2026-01-07,480.4221496582031,486.61288592496,474.9369593023546,476.73554642416184,25564200.0
2026-01-08,475.0959167480469,479.6172511411785,472.86010104573086,478.20618966596595,18162600.0
2026-01-09,476.258544921875,476.7951491709672,469.2231916595613,471.07145138115897,18491000.0
2026-01-12,474.1717529296875,477.95773148860775,472.68120923483104,473.6649886945649,23519900.0
2026-01-13,467.7028503417969,472.78062170166186,463.01260460367837,471.68755017526297,28545800.0
2026-01-14,456.4840087890625,465.24841354789686,454.2879494306214,463.51936213123724,28184300.0
2026-01-15,453.7811279296875,461.32327541703046,453.02590941718984,461.1940901109254,23225800.0
2026-01-16,456.9609375,460.26996150673693,453.60227115836847,454.9437362325269,34246700.0
2026-01-20,451.65460205078125,453.92022725149957,446.44764578645413,448.37541805572727,26130000.0
2026-01-21,441.31024169921875,449.836168925793,435.9144806057656,449.74673993987386,37980500.0
2026-01-22,448.2959289550781,449.9851935867555,441.89652570286836,444.79810039972057,25349400.0
2026-01-23,463.0125732421875,468.1301005814363,447.6897705604439,449.02131930234236,38000200.0
2026-01-26,467.3152770996094,471.2602507862521,459.0874767807031,462.3766075757791,29291200.0
2026-01-27,477.5503234863281,479.82589540353166,470.17711748937944,470.7137217228436,29213900.0
2026-01-28,478.5937194824219,480.69040309270366,474.9865988275796,480.16374552458444,36875400.0
2026-01-29,430.7671203613281,439.71038237575016,418.365786117595,437.21619626544543,128855300.0
2026-01-30,427.577392578125,436.8286984461687,423.7616041817895,436.4014165119217,58566800.0
2026-02-02,420.70098876953125,428.02452201181774,419.58805431821895,427.5276741085398,42219900.0
2026-02-03,408.61767578125,419.3893355198486,405.98438775489564,419.3496095186449,61424100.0
2026-02-04,411.578857421875,417.15347618992746,406.66005118226167,408.40896545860215,45012400.0
2026-02-05,391.188232421875,405.72597626088844,389.84673704915224,404.87141244319446,66289200.0
2026-02-06,398.61114501953125,399.25704122003975,390.4429643868461,396.6535630940219,53515300.0
2026-02-09,410.99261474609375,412.2744908996196,398.3428555009064,402.2977759502542,45480500.0
2026-02-10,410.6646728515625,421.0090502850332,410.0982892644293,416.97464756162884,44857900.0
2026-02-11,401.8207702636719,413.8345489802859,398.4819668946231,413.5563153661985,42491000.0
2026-02-12,399.3067321777344,403.6392618034954,395.50089045865866,402.44681466699853,40802400.0
2026-02-13,398.7900390625,402.98343690196634,395.54063411681335,401.900312028468,34091600.0
2026-02-17,394.35809326171875,397.99502346077054,392.0427954340728,396.70323107498865,32078800.0
2026-02-18,397.08087158203125,400.02220283554806,393.82155037537984,395.62013745533494,23223400.0
2026-02-19,396.8517761230469,402.7976819572589,395.0690225854118,399.07278661262325,28234000.0
2026-02-20,395.6267395019531,398.5050592846536,393.56508699389525,394.51123443489973,34015200.0
2026-02-23,382.9182434082031,393.7642745182822,381.55377772275136,393.405742102137,43238300.0
2026-02-24,387.429931640625,387.78846403174964,380.1693467763097,382.5895619940176,33884700.0
2026-02-25,398.9831237792969,399.84960746436826,388.5852587696308,388.95376053046306,43625500.0
2026-02-26,400.0986022949219,405.8453028142193,397.1306190557743,403.0765245044552,34405900.0
2026-02-27,391.15484619140625,395.2183958601928,388.30640407164015,389.30236795593413,51367200.0
2026-03-02,396.9413757324219,399.57073485574693,389.0533591512552,391.2743390590049,35474900.0
2026-03-03,402.2996826171875,405.05852201627056,391.0851500003899,391.5532542396072,38199200.0
2026-03-04,403.5645751953125,409.3710312257941,398.69429724653685,399.6504140582061,35808000.0
2026-03-05,409.0224304199219,409.9486695143622,402.7677785996419,402.78771732924594,39001300.0
2026-03-06,407.30938720703125,411.38287590243635,406.8612216895844,407.54843921074234,31123900.0
2026-03-09,407.757568359375,408.55432729115563,401.8714182880504,403.2857003455267,30131900.0
2026-03-10,404.122314453125,408.5443965203919,401.30371964643086,408.37506928692744,31706400.0
2026-03-11,403.245849609375,407.35918518479474,399.96912002302975,403.9330670994013,25512100.0
2026-03-12,400.2380065917969,404.4808221962511,400.0886180975,402.9968458288957,27263900.0
2026-03-13,393.9534912109375,403.16615688192843,392.65875035547907,399.3815063856616,26848000.0
2026-03-16,398.33575439453125,399.01300251860397,393.1965772756644,396.4633374914087,27733700.0
2026-03-17,397.7979431152344,402.7677932271478,396.1446394015159,398.6544574759768,26228300.0
2026-03-18,390.20867919921875,396.3936061005556,389.42185925959103,395.5271224277118,25908500.0
2026-03-19,387.4498596191406,390.90585551603124,385.4977789148814,388.52551763585893,25138800.0
2026-03-20,380.3287048339844,385.43800417098345,378.58576812261686,385.2288602760525,50853200.0
2026-03-23,381.4541931152344,385.64719283721575,380.1395134056624,382.3505545919761,29680100.0
2026-03-24,371.2355651855469,380.9263046350485,370.34917314154325,380.8167328036651,42733600.0
2026-03-25,369.5424499511719,375.5381416220395,368.13813722010167,375.39872248264555,31181200.0
2026-03-26,364.4928894042969,373.2075730440749,363.7160388213271,369.32332012922615,36836600.0
2026-03-27,355.3300476074219,360.9871459448897,355.07111764854045,360.43934753557875,37883400.0
2026-03-30,357.5111999511719,363.88536295562653,354.84202394218255,360.43933630538186,44797000.0
2026-03-31,368.67596435546875,371.3949263066763,361.6046146993887,363.07862179545566,45244400.0
2026-04-01,367.8791809082031,372.48052926345224,366.7139201659809,371.98254731341393,29417200.0
2026-04-02,371.9526672363281,372.1319638369453,362.680245817395,365.7278929006101,24099100.0
2026-04-06,371.3750305175781,372.22160592655575,368.0086676124431,371.9825539180967,16146600.0
2026-04-07,370.78741455078125,370.9467724245638,365.080530373921,368.8452727581139,21443300.0
2026-04-08,372.8191223144531,383.44606961738685,369.91092498913014,383.4261612830284,33064800.0
2026-04-09,371.5642395019531,371.9924966612836,365.5685176937085,370.9965328148009,30435300.0
2026-04-10,369.37310791015625,374.1238749235223,368.5365019241105,371.47460743717505,28111100.0
2026-04-13,382.8186340332031,382.98796126737693,369.5225100750242,372.10205289266787,35745800.0
2026-04-14,391.5233459472656,393.09698589720546,384.95994763093,386.3543213772784,37504500.0
2026-04-15,409.5602722167969,412.69755239260473,395.1287651714373,396.3936283702306,45063400.0
2026-04-16,418.56378173828125,419.12151906860663,410.4765600541581,418.16537187855886,41642400.0
2026-04-17,421.0835876464844,429.83808848207923,418.99205736838906,423.10539315661504,48568200.0
2026-04-20,416.38262939453125,421.6213787702164,414.6197538627068,419.4501847919345,27582200.0
2026-04-21,422.4480285644531,425.45582843737157,415.516128706763,418.5438369146158,32048500.0
2026-04-22,431.1726989746094,431.9495495900464,421.9600330275293,424.4698510786937,29378200.0
2026-04-23,414.0719909667969,421.9500690544079,409.7495112929088,418.19529609754903,38308000.0
2026-04-24,422.90618896484375,423.23487407473965,414.12178001797366,415.28707116170386,27457400.0
2026-04-27,423.1053771972656,425.38611256831246,415.3866572294081,420.6752229306716,30867300.0
2026-04-28,427.5174865722656,428.1847957314844,420.197146128082,422.8563830057505,30438100.0
2026-04-29,422.746826171875,425.0973167681131,418.59367375245296,422.8663369761165,38288300.0
2026-04-30,406.1341552734375,412.74737011555624,396.4035989759817,409.15192465494977,70909400.0
2026-05-01,412.76727294921875,415.4264794885345,408.7834174283456,411.1338775963461,31372400.0
2026-05-04,411.9505615234375,419.0816663151199,409.14193618030583,409.87897009526375,28066500.0
2026-05-05,409.7196044921875,415.09780308537887,407.1500007946646,413.6437044066962,25700900.0
2026-05-06,412.2891845703125,416.73120520087787,403.4748984673602,406.3532485673598,30285900.0
2026-05-07,419.07171630859375,426.25263786097554,417.06984955189336,418.41437649189606,34942400.0
2026-05-08,413.44451904296875,416.9403619714099,412.32904436576047,415.70537649227293,33383800.0
2026-05-11,410.99444580078125,411.02432350049145,403.86334099070683,406.22377045102496,35657900.0
2026-05-12,406.1241760253906,413.8229876767416,404.9987623844293,412.8071154720842,38594200.0
2026-05-13,403.57452392578125,404.6700902960666,399.41140211310335,401.57265715241186,29667100.0
2026-05-14,407.7774658203125,410.17774231087935,399.2619871856725,402.8474630718804,27077500.0
2026-05-15,420.2170715332031,426.4418454559798,411.2434277199191,412.5979239362014,50771200.0
2026-05-18,421.83056640625,423.40417602339767,413.9325494355234,414.93848271907115,32564100.0
2026-05-19,415.7352600097656,430.9535870211983,414.808990493047,428.16486989475214,33018700.0
2026-05-20,419.36053466796875,420.3963455784958,409.63991780241736,412.49835957243755,27864000.0
2026-05-21,418.3025207519531,425.5388979071037,414.92886694253497,423.9518891931334,31393500.0
2026-05-22,417.7835388183594,423.60257118762803,415.54772693408205,418.7517174636334,22390300.0
2026-05-26,415.248291015625,418.9812539216563,412.24393696715845,415.6475333356961,30398000.0
2026-05-27,411.8946228027344,415.15846763645,408.8104019854481,410.23773822181624,28901500.0
2026-05-28,426.18768310546875,428.68298564682067,411.89461329838434,412.2040283766931,47250500.0
2026-05-29,449.3940124511719,449.48383969057267,431.54760317786213,431.7372486144539,79654400.0
2026-06-01,459.6546936035156,465.4438139523178,457.40892124774234,463.96658383705716,53628900.0
2026-06-02,440.48077392578125,452.64787129328397,439.6024225764256,446.0403151791343,37036800.0
2026-06-03,426.53704833984375,439.56254639446627,423.45285793258154,437.62618910935214,39037000.0
2026-06-04,427.2456970214844,435.33048350032107,425.60879436274143,434.9911260035114,26899500.0
2026-06-05,415.8870849609375,428.66302140752947,413.6213308264138,427.5351398188391,34782200.0
2026-06-08,410.9663391113281,416.37616844333525,407.79232157753756,413.3618539280056,32086700.0
2026-06-09,402.6520080566406,411.20591258759293,397.7312786929967,408.26144336727174,35317300.0
2026-06-10,396.61334228515625,404.2789346443135,396.41373636313654,397.80110870103243,32576000.0
2026-06-11,389.6065673828125,396.1043451719433,383.278483574852,394.46741202742857,47224100.0
2026-06-12,390.00579833984375,391.003919361718,381.55171206615995,390.6945042817559,34865800.0
2026-06-15,399.0088806152344,400.99513175706005,392.11186050588947,396.05442037645633,32266400.0
2026-06-16,393.0899963378906,396.094350419825,389.9559121071713,395.0463355104342,31506800.0
2026-06-17,378.1980285644531,389.6364865987809,376.6110198431126,389.51671695343225,41987800.0
2026-06-18,378.6871032714844,380.6534028700893,372.5786075934489,377.11008548581106,59714200.0
2026-06-22,366.6497802734375,380.9129385065033,366.3802985575179,375.0339909424311,45171100.0
2026-06-23,373.23736572265625,376.51120135394876,369.9735210485466,371.6802994138851,40647600.0
2026-06-24,364.7733154296875,378.16811350773463,364.09460041679364,370.87185096853153,44509900.0
2026-06-25,352.1670227050781,363.5456265920902,348.54386902384044,362.0883479855026,66179000.0
2026-06-26,372.2691955566406,375.90234020580533,354.762144454129,356.4789138154501,186201600.0
2026-06-29,367.8774719238281,379.7850483907747,359.2237492715265,376.790685328561,51229900.0
2026-06-30,372.319091796875,373.44697342275583,366.7595808670141,370.3328407149792,44945700.0
2026-07-01,383.5579528808594,388.09939143880604,374.18561213385976,380.1144231011508,48065800.0
2026-07-02,389.7562561035156,391.4630649298244,382.97903650468743,383.7575696594082,42128900.0
2026-07-06,386.0133056640625,388.418780928489,380.5036887115837,386.31276024010407,34224500.0
2026-07-07,388.109375,394.8267404517197,387.4905448392632,391.75251064257776,29297500.0
2026-07-08,382.6197204589844,384.58602015004215,380.6134873969759,383.3084264217563,25908300.0
2026-07-09,383.6377868652344,383.92725049460796,372.64849496928053,373.74643420118315,31083200.0
2026-07-10,384.37640380859375,391.1736053926777,380.783162110783,387.07131223677504,24644600.0
2026-07-13,390.2553405761719,392.91034623109437,383.4281962321871,387.02143811329415,28914900.0
2026-07-14,384.20672607421875,387.46061042423804,377.93852713765,382.1007052927433,27863900.0
2026-07-15,394.8866271972656,398.2103568181361,385.6739591427675,387.07132248997675,36253700.0
2026-07-16,400.3463439941406,405.2271399033625,391.31333055964967,397.56157784187184,37047400.0
2026-07-17,393.08001708984375,397.64143734197864,388.6583483977542,394.1180409920291,33049800.0
2026-07-20,401.53411865234375,402.4224305318551,388.91785418191677,390.67455694621333,27915800.0
2026-07-21,397.00262451171875,400.7156358198418,395.57531880381754,398.0606303262699,24126600.0
2026-07-22,389.6065673828125,400.246541441447,386.2329133568751,398.8291961465565,28142500.0
2026-07-23,380.8630065917969,391.04385321150613,376.68090752842744,389.23725659651495,30351800.0
2026-07-24,380.9828186035156,388.29903252889795,379.9347732203772,386.32274187573427,27659400.0
2026-07-27,388.368896484375,393.45931979821836,387.2609663085435,389.3470355932277,27856200.0
2026-07-28,392.61090087890625,399.56780545733704,390.5647345556998,392.4212554523594,32367500.0
2026-07-29,389.8061828613281,400.4960502148319,388.00954678983055,392.6607942930367,47209000.0
2026-07-30,450.2524108886719,457.8281459885008,431.6274684759506,437.07720086969465,110160700.0
2026-07-31,463.8468017578125,465.962813447145,448.4857046349594,449.1544591210436,60846000.0
2026-08-03,486.73370361328125,490.7261876465455,474.10747895013026,475.2353605631651,66762100.0
2026-08-04,491.884033203125,498.50158065157444,478.2696778930625,479.99640781848416,50455500.0
2026-08-05,486.5440673828125,497.3038108374591,484.7674131728324,495.42733843271316,33388900.0
2026-08-06,498.9207458496094,500.61756372489685,487.60205742358346,487.6319998350186,36441500.0
2026-08-07,499.0505065917969,504.23075699317457,497.79289485093346,498.2719734340298,28846200.0
2026-08-10,505.109130859375,512.7647021753171,501.32624359045303,502.4940586092805,31206100.0
2026-08-11,502.86334228515625,504.38047525067043,498.61133704649393,503.3823542433026,23049800.0
2026-08-12,491.5047302246094,500.557695253814,490.59643643442394,499.0505227551261,29001500.0
2026-08-13,495.9463806152344,500.3979918654044,492.0836571155829,492.34314786956145,23039000.0
2026-08-14,494.4691467285156,499.07050046550256,492.991947114923,495.42733437790497,16217600.0
2026-08-17,479.44744873046875,491.73431632358415,477.51109147171053,489.21906226283284,29635800.0
2026-08-18,480.72503662109375,483.36006030134655,476.2534434403709,480.6352093836093,24087600.0
2026-08-19,483.3999938964844,488.3806080919379,478.4592826108848,479.16797047398614,19961900.0
2026-08-20,481.1499938964844,484.1600036621094,479.5,483.29998779296875,20020800.0
2026-08-21,483.239990234375,486.3599853515625,478.5299987792969,479.8800048828125,22510800.0
2026-08-24,487.30999755859375,490.6099853515625,481.8599853515625,483.2099914550781,17230800.0
2026-08-25,491.7099914550781,492.44000244140625,484.29998779296875,485.44000244140625,19519000.0
2026-08-26,496.3699951171875,497.3999938964844,487.30999755859375,487.8500061035156,20758900.0
2026-08-27,505.05999755859375,506.4800109863281,490.0799865722656,494.8800048828125,28688800.0
2026-08-28,513.530029296875,517.780029296875,504.8699951171875,505.3299865722656,29207300.0
2026-08-31,507.2900085449219,512.1900024414062,506.3900146484375,510.3800048828125,27208900.0
2026-09-01,501.0199890136719,505.9700012207031,496.7799987792969,498.010009765625,19129792.0
