Date,Close,High,Low,Open,Volume
2021-08-20,292.6524658203125,294.0755466635113,286.5948135303095,288.190963446094,40817600
2021-08-23,292.9313049316406,293.6524553767425,290.23902167406834,291.5851633028545,22830200
2021-08-24,290.97943115234375,293.89287816648005,290.3832847329818,293.287107016583,18175800
2021-08-25,290.3929138183594,292.87365880728834,288.86407816857775,292.5948057108051,20006100
2021-08-26,287.5851745605469,290.79669430920046,287.4505750714238,289.4120831267804,17666100
2021-08-27,288.19091796875,289.29667599402853,285.41207114143054,287.48898771577944,22605700
2021-08-30,291.9120788574219,292.51784992119383,289.4793992168539,289.5370889044811,16348100
2021-08-31,290.2678527832031,292.78706685723137,289.9024652133177,292.71015705794855,26285300
2021-09-01,290.2197570800781,293.450526164361,289.89283908325706,291.21976052803296,18983800
2021-09-02,289.56591796875,291.69089959705036,288.6332289446876,290.57554613458024,16285600
2021-09-03,289.5564270019531,290.96025873676706,288.71027219948047,289.4121733950397,14747900
2021-09-07,288.63323974609375,289.5082391184174,286.7294213995241,289.4313293174563,17180400
2021-09-08,288.66204833984375,289.0466559837232,286.0274551684029,288.24859585626535,15046800
2021-09-09,285.8159484863281,290.51786328819594,285.5755650140941,289.2486315123154,19927000
2021-09-10,284.3352966308594,288.38337711852694,284.01800322644084,286.9410756837745,19633400
2021-09-13,285.5659484863281,287.0563436631931,282.76788126792405,286.1044051321014,23652900
2021-09-14,288.2583312988281,289.796791808923,286.6333362364003,288.0371678804035,21853400
2021-09-15,293.09478759765625,293.57555457579934,290.2101857287975,291.5947969733447,28356300
2021-09-16,293.4793701171875,293.565904644582,289.19093725653136,292.07553887775646,19550800
2021-09-17,288.33514404296875,292.7870503575158,288.00822606299056,292.46975710578755,41372500
2021-09-20,282.9794006347656,287.2293931677513,278.3832700003604,284.9313131787065,38278700
2021-09-21,283.460205078125,286.09482813249366,282.7583040538949,284.3159844038209,22364100
2021-09-22,287.0948181152344,288.6717480113228,283.18139690958066,285.3160036325235,26626300
2021-09-23,288.037109375,289.32556135418525,286.085196618995,287.35442848279695,18604600
2021-09-24,287.8352355957031,288.26790832981595,285.5083101876047,286.7583221103223,14999000
2021-09-27,282.8544616699219,285.0659780697312,281.67176431973326,284.7486847699523,23571700
2021-09-28,272.6141662597656,279.59491395300205,271.8737954883022,278.65259987175267,43186200
2021-09-29,273.0756530761719,275.73909166392633,272.1237438163445,274.1333463335849,26353700
2021-09-30,271.07562255859375,276.7582615099041,270.7871448115844,274.71981454324316,32343600
2021-10-01,277.9794921875,278.8256468235506,270.4699138080857,271.26797413672585,30086300
2021-10-04,272.2198791503906,276.6814110362589,269.4699059701531,276.3448682644361,31350700
2021-10-05,277.65252685546875,279.2294271274474,273.1236812465694,273.1236812465694,24993000
2021-10-06,281.8352355957031,282.33525208926756,274.5276001795463,274.78720381326485,28002600
2021-10-07,283.5082702636719,285.2294241243567,282.61405079814455,283.82556353271264,20430500
2021-10-08,283.5082702636719,285.2294241243567,282.4602018561691,284.8255669837104,17685700
2021-10-11,282.91217041015625,286.50829832033395,281.489089470964,281.6525631685585,19298600
2021-10-12,281.61407470703125,284.0755993304145,281.10446287508915,283.9794400643769,17974100
2021-10-13,284.91217041015625,285.8448596726452,282.2006371715357,283.56602852194857,23416300
2021-10-14,291.1043701171875,291.6043571503594,286.3736107122371,287.70053210668726,27262900
2021-10-15,292.5082702636719,292.73905839342854,288.9602072094581,290.7102062536316,25384800
2021-10-18,295.46978759765625,296.3543824347761,291.04672538099135,291.89287998601975,22729300
2021-10-19,296.3736877441406,297.40250700469875,295.4025288425853,296.4890671495345,17682100
2021-10-20,295.5851745605469,297.787095667317,294.3351627369978,297.3159240470741,16537100
2021-10-21,298.806396484375,299.0563754386433,294.5756222589498,295.3544920069416,16918100
2021-10-22,297.2677917480469,299.1235449309406,295.9600905274078,298.46008426452863,17449300
2021-10-25,296.2774963378906,297.49863403751334,294.6717215370627,297.4601644586546,17554500
2021-10-26,298.1813049316406,300.3832260837612,296.7294084953105,299.03708430610516,28107300
2021-10-27,310.7389221191406,313.5562093922769,303.8447111727647,303.8447111727647,52588700
2021-10-28,311.87353515625,312.37352223466706,308.9985287602132,311.8542856977465,26297900
2021-10-29,318.8639221191406,319.2293097590361,311.4408779594298,311.6620413582326,34766000
2021-11-01,316.7004699707031,318.7389174914313,313.81586777864834,318.6139133681184,27073200
2021-11-02,320.3157958984375,320.6234937918966,317.3061900673543,317.60426323174084,26487100
2021-11-03,321.1523132324219,322.0176878484429,317.9311688926411,321.05615397648955,21500100
2021-11-04,323.49853515625,323.59469443504923,316.8351108815185,320.0851008365663,23992200
2021-11-05,323.133056640625,325.7580545608874,321.55615641775836,325.4888262621695,22570100
2021-11-08,324.02734375,324.661959731768,321.5754437081741,324.3254169521455,20897000
2021-11-09,323.02740478515625,325.6908437786289,321.6620134005641,324.14275856066826,21307400
2021-11-10,318.07537841796875,321.7580694099701,317.229253298414,321.7003797278115,25500900
2021-11-11,319.6427307128906,320.9311827118845,317.7966019223306,318.50812767039145,16849800
2021-11-12,323.7677001953125,324.258091880674,320.9504128741325,321.07541697774906,23831000
2021-11-15,323.14276123046875,324.8831355458123,321.18122351578705,324.5562174839805,16723000
2021-11-16,326.4504089355469,327.5657918667416,322.60427303916015,322.7677173822912,20886800
2021-11-17,326.6719665527344,329.62928356256526,325.59308293416547,326.4985808420445,19053400
2021-11-18,328.7430114746094,329.87971962558396,324.7453511615108,325.7664394516795,22463500
2021-11-19,330.5154724121094,332.4324456190178,329.63890158471446,330.06275288893943,21963400
2021-11-22,327.3559265136719,336.83475779834544,327.08620558426253,331.9701093321085,31031100
2021-11-23,325.2848815917969,326.9899295843519,321.3161178127125,324.678002095964,30427600
2021-11-24,325.50640869140625,325.74723199137054,321.6532358919778,323.93623607205905,21661300
2021-11-26,317.5785217285156,325.5256912943584,316.07578656240105,322.0771142842693,24217200
2021-11-29,324.2733154296875,326.58521266563037,322.4526776155602,322.6453479674589,28563500
2021-11-30,318.4550476074219,325.38112702645924,316.9137728395476,323.01143434180807,42885600
2021-12-01,317.9637451171875,326.8260526046821,317.2990999831267,322.82839247617034,33337600
2021-12-02,317.39544677734375,321.24861933110265,315.7674790215907,318.17571186769004,30766000
2021-12-03,311.1533203125,320.48763300351385,306.3561099885442,319.8036737217345,41779300
2021-12-06,314.2165222167969,315.4302807120009,307.51201167599294,312.05875546742715,30032600
2021-12-07,322.6260986328125,323.4737717636202,317.9830194018074,319.4664988261164,31021900
2021-12-08,322.6742248535156,323.1847689161472,318.65728051366597,323.00174091281076,24761000
2021-12-09,320.87286376953125,324.1384113416441,319.92882616536804,322.1347750888197,22214200
2021-12-10,329.9664001464844,330.40950670555475,322.50087922237924,322.68390724843727,38095700
2021-12-13,326.94171142578125,331.17058275210826,326.6334505414845,328.17472556559255,28899400
2021-12-14,316.2876892089844,322.35645407358095,312.2129483454999,320.9885647798209,44438700
2021-12-15,322.365966796875,322.88615320009416,312.58854962938904,316.54766938298826,35381100
2021-12-16,312.9739074707031,324.39857838163,311.1629118249928,323.3871030361662,35034800
2021-12-17,311.91424560546875,312.9931584037919,305.6046885387923,309.10144665260225,47750300
2021-12-20,308.1670837402344,310.95098537340476,305.9129815266249,308.30192948085835,28326500
2021-12-21,315.2762145996094,315.7000659257097,308.06112911488344,311.42304210587787,24740600
2021-12-22,320.96917724609375,321.3641014299843,313.792634025926,316.24901894162707,24831500
2021-12-23,322.4045715332031,324.04218156998655,320.5165252794348,320.5357805584728,19617800
2021-12-27,329.87969970703125,329.90859732114507,323.1173640307042,323.146261644818,19947000
2021-12-28,328.7237548828125,331.18978275080303,327.827899397402,330.5540058070814,15661500
2021-12-29,329.3981018066406,331.6618171734092,327.2114075590468,328.771937746174,15042000
2021-12-30,326.8646240234375,330.5347684082041,326.38297747008363,329.3595496421258,15994500
2021-12-31,323.9747619628906,326.9031519971822,323.52201300272316,326.0843763307589,18000800
2022-01-03,322.46234130859375,325.5930436513956,317.6747737807834,323.04032300520043,28865100
2022-01-04,316.9329833984375,322.8957683677946,314.14905300906435,322.5393253269165,32674300
2022-01-05,304.7665710449219,314.100880330928,304.38125981668674,313.89856768328065,40054300
2022-01-06,302.3584289550781,307.0015085378214,300.05614444176234,301.6552144415301,39646100
2022-01-07,302.5125732421875,304.88226603603744,298.7075537396608,302.61852137240913,32720000
2022-01-10,302.7341003417969,303.16759397911807,293.50576573261736,298.1295606763108,44289500
2022-01-11,303.4179992675781,304.9881419544368,298.51484207901257,301.87672479360623,29386800
2022-01-12,306.5873107910156,311.5386518627093,305.4409895513784,307.9359447652065,34372200
2022-01-13,293.6116943359375,309.10146222236773,292.8410716956861,308.7065085650938,45366000
2022-01-14,298.8134765625,299.4107134713591,292.60022544835357,293.08187190999695,39846400
2022-01-18,291.5406494140625,298.42818916600646,290.66404916965183,292.90853854423693,42333200
2022-01-19,292.19561767578125,302.3872728547548,291.58876785242654,295.0469857795678,45933900
2022-01-20,290.5291748046875,300.2102576999121,290.08606825576,297.7249746936836,35380700
2022-01-21,285.1636047363281,292.9469986716374,284.7590087711074,291.5791391743098,57984400
2022-01-24,285.4911804199219,286.20400792942536,265.9170569502406,281.4742645277423,85731500
2022-01-25,277.9004821777344,284.16188879599434,274.7023706778007,280.81925977927426,72848600
2022-01-26,285.8186340332031,297.17586579012413,282.2737231433276,296.6845769938161,90428900
2022-01-27,288.8338317871094,296.0199908832467,286.9939382332395,291.55032568742257,53481300
2022-01-28,296.9447021484375,297.1566277790234,283.6416285034805,289.20946072810676,49743700
2022-01-31,299.56494140625,300.91354605848886,295.1241442973268,297.60945731115953,46444500
2022-02-01,297.4263916015625,299.2277450230752,293.9296328904505,299.01581936187534,40950400
2022-02-02,301.9538269042969,303.55289687211734,297.5419577332225,298.26442751039235,36636000
2022-02-03,290.1920166015625,299.80569133626227,288.9493603987936,298.12954152402045,43730000
2022-02-04,294.7098693847656,297.4648733158477,288.95900886982764,289.1901897878569,35096500
2022-02-07,289.903076171875,296.5401504808717,288.89160075762936,294.931467433284,28533300
2022-02-08,293.38055419921875,294.34384733210226,288.9397869673649,290.1920562811641,32421200
2022-02-09,299.7864685058594,300.4800407856737,296.1067108242928,298.4956591456946,31284700
2022-02-10,291.2804870605469,297.77307124782783,289.6621621813957,292.8795566663857,45386200
2022-02-11,284.2100524902344,293.1205151712114,283.420144959361,292.06088670264677,39175600
2022-02-14,284.1714782714844,285.8668836168061,280.65546416556623,282.9866171180097,36359500
2022-02-15,289.440673828125,289.7585476106749,286.11730093278925,288.9975672412042,27058300
2022-02-16,289.10284423828125,290.42527991431285,283.48487872602993,288.0120675250117,29982100
2022-02-17,280.6372985839844,286.49655572673316,279.93262997944396,286.0718280004565,32461600
2022-02-18,277.9345703125,283.6587046792709,276.37081294696964,282.8768259965057,34264000
2022-02-22,277.7318115234375,281.41920742809083,274.6235925315727,275.10623504920284,41736100
2022-02-23,270.5403747558594,281.5736029979626,270.37629282765295,280.10635117029534,37811200
2022-02-24,284.36328125,284.9135007247491,262.094151059809,263.0498031628359,56989700
2022-02-25,286.9888916015625,287.29778988293907,281.5253747646306,284.8942395707059,32546700
2022-02-28,288.41754150390625,288.7553971784616,282.82853256098537,284.0930536775572,34627500
2022-03-01,284.7108154296875,289.55653540384833,282.0079998222269,286.1104609698699,31217800
2022-03-02,289.76885986328125,291.00442328606925,283.504170648304,285.10651756719705,31873000
2022-03-03,285.6470947265625,292.6067899776218,283.8419873820218,292.37513104919077,27314500
2022-03-04,279.7974853515625,285.3961558141852,277.20089590151974,284.07372012763096,32356500
2022-03-07,269.2275695800781,279.63333786848386,268.8607566666478,278.5136040383842,43157200
2022-03-08,266.27386474609375,274.10231170934804,260.6269417825075,268.1561527618495,48159500
2022-03-09,278.4846496582031,279.54646877210064,271.0326502290579,273.6003111924272,35204500
2022-03-10,275.6757507324219,276.6506980483507,270.83966326078166,273.1949611124185,30628000
2022-03-11,270.3473205566406,279.4596114101484,269.7295241457534,277.9634022977425,27209300
2022-03-14,266.8433532714844,275.4922975054639,266.2448813621328,270.6079583933382,30660700
2022-03-15,277.1816711425781,277.82842526249755,269.05398532110326,270.6177428115064,34245100
2022-03-16,284.1702575683594,284.34400179367987,273.3687163552092,279.0735246270153,37826300
2022-03-17,284.97149658203125,285.34794249001413,279.3245722969569,283.10850322475335,30816600
2022-03-18,290.00054931640625,290.55076880569743,282.56787290557435,285.11620984529543,43390600
2022-03-21,288.774658203125,289.72064808863075,284.66253476098274,288.5140418634162,28351200
2022-03-22,293.5045471191406,294.4119173522232,288.39818135350095,289.39242369934766,27599700
2022-03-23,289.0931701660156,292.7033557846491,287.3846264690427,290.0777796338965,25715400
2022-03-24,293.54315185546875,293.6396862396896,287.96380616213776,288.7553468713274,24484500
2022-03-25,293.1376953125,294.89452080427003,288.90011015175327,294.63390450047564,22566500
2022-03-28,299.9140319824219,300.0105369064653,293.7651423882981,293.7651423882981,29578200
2022-03-29,304.4604797363281,304.8562500359702,298.32125314184253,303.01255254853436,30393400
2022-03-30,302.9643249511719,304.9817964510435,300.76347640947125,302.86782002120697,28163600
2022-03-31,297.60693359375,304.1998448149147,297.2015305025654,303.00287171477623,33422100
2022-04-01,298.6784362792969,299.3637802401649,294.933126535701,298.6301543643232,27110500
2022-04-04,304.0357971191406,304.1709216917822,298.9583889350334,299.32520192359516,24289600
2022-04-05,300.0877685546875,303.93924580373067,299.11282139815006,302.3947841023135,23156700
2022-04-06,289.10284423828125,296.3424814061848,286.4096909635366,294.59531799298344,40110400
2022-04-07,290.907958984375,293.1088077819277,286.0622385020708,286.3614745193312,31411200
2022-04-08,286.66064453125,290.6665707873598,285.9945956247322,290.0101841560006,24361900
2022-04-11,275.357177734375,282.4519981244576,275.1061942358303,281.66048690117145,34569300
2022-04-12,272.2682800292969,280.64694661427023,270.7527755355778,279.1990191393396,30966700
2022-04-13,277.63519287109375,278.56185797543264,271.53458622971164,272.91496579941685,21907200
2022-04-14,270.1156921386719,278.30131965119733,269.62341681375074,278.08895577007974,28221600
2022-04-18,270.7817077636719,272.65436281401867,268.67739376545774,269.2276132247998,20778000
2022-04-19,275.39581298828125,276.2356357266572,268.74501431186735,269.6813419887161,22297700
2022-04-20,276.4189453125,279.64302251578187,275.46332277285063,279.35341939656814,22906700
2022-04-21,271.0616760253906,283.11807613900845,270.33771228198214,278.56192980216474,29454600
2022-04-22,264.5169982910156,273.3686730601937,263.8895690490661,271.901421279217,29405800
2022-04-25,270.9747314453125,271.35117717297004,261.37013656802014,263.80267294857015,35678900
2022-04-26,260.8392333984375,268.6966355558546,260.62686958563427,267.8665048519019,46518400
2022-04-27,273.3880310058594,280.8689900877158,269.4689760886624,272.30691647120665,63477700
2022-04-28,279.57550048828125,280.8786411356231,271.689109042136,275.28963271284965,33646600
2022-04-29,267.8858947753906,279.81683323611406,266.9013146355611,278.59090237715037,37073900
2022-05-02,274.59454345703125,275.04822845042037,266.63094457560504,268.0692093712177,35151100
2022-05-03,271.9980163574219,274.26644208441866,270.4245970349058,274.10233066665234,25978600
2022-05-04,279.9133605957031,280.78211122173315,267.1233340856761,272.77989016075946,33599300
2022-05-05,267.7218322753906,276.40939830190524,264.8163146554661,275.627519716172,43260400
2022-05-06,265.19268798828125,269.555764420702,261.8527815684002,265.2698978061163,37780300
2022-05-09,255.3950958251953,262.9050120493982,254.17885674013965,260.6848683023518,47726000
2022-05-10,260.14422607421875,264.24668604013874,255.86802193263964,262.25820191919195,39336400
2022-05-11,251.50498962402344,261.939717895706,250.29838339965534,256.45690628213566,48975900
2022-05-12,246.48553466796875,250.85827461107095,241.3405637664361,248.74429806988636,51033800
2022-05-13,252.05520629882812,253.90856640021337,246.48552263469378,248.41609257198036,34925100
2022-05-16,252.42201232910156,256.59205034843524,246.9005812826205,250.9354652701601,32550900
2022-05-17,257.557373046875,259.01493349139474,253.348714764612,256.87199942771946,28828800
2022-05-18,245.83082580566406,255.0417455754485,244.56335973469547,254.46121977706724,31356000
2022-05-19,244.92135620117188,249.30429522500646,243.70226967132928,245.65667612599017,32692300
2022-05-20,244.3601837158203,250.14604290717048,238.43888522978867,248.88823202551862,39199300
2022-05-23,252.1875457763672,253.00995497705824,245.20195425137902,247.19508522720383,33175400
2022-05-24,251.19094848632812,252.8454218843062,245.26965040786493,249.51713505523247,29043900
2022-05-25,253.99676513671875,255.98988085349984,248.78177736180598,249.75899518887167,28547900
2022-05-26,257.26702880859375,258.43773551666885,252.94215494918038,253.75487915760345,25002100
2022-05-27,264.36871337890625,264.4654725864212,258.8731329025277,259.7632762741946,26910800
2022-05-31,263.04327392578125,265.84911459447005,260.1987236575402,263.68184944791426,37827700
2022-06-01,263.5754089355469,268.6742983008573,261.27267518128724,266.2651500668014,25292200
2022-06-02,265.66522216796875,265.7329565705162,253.10666158963318,255.86413679429918,44008200
2022-06-03,261.2532653808594,264.571926206195,259.6955513321792,261.53385823484007,28059000
2022-06-06,260.0245056152344,265.27820295854366,258.5441812387559,263.2270376292287,22400300
2022-06-07,263.6527404785156,264.2622909881243,257.3057264093207,257.9830113148334,22860700
2022-06-08,261.63067626953125,264.1365839069745,260.8566319339603,262.88845771552224,17372300
2022-06-09,256.19305419921875,263.8558985116178,256.03824538636314,259.0859682271301,26439700
2022-06-10,244.7762451171875,252.11980426463842,244.33117332105226,252.11980426463842,31422800
2022-06-13,234.39462280273438,240.93515766232613,233.68832759475978,237.15209874084343,46135800
2022-06-14,236.5522003173828,237.76161683238632,233.66894071597716,235.9426496695378,28651500
2022-06-15,243.5861053466797,247.01118047047214,238.4194826151361,240.2481194139805,33111700
2022-06-16,237.01658630371094,239.3870394621926,235.1298996985269,237.99378942655406,33169200
2022-06-17,239.6095733642578,242.3670486857971,236.10710816342058,236.75535358790026,43084800
2022-06-21,245.5018768310547,246.47908003768092,241.4092008096241,242.1348507017861,29928300
2022-06-22,244.91168212890625,248.82052450027996,242.24128106481916,243.7119356534914,25939900
2022-06-23,250.45558166503906,250.9490329504163,245.3954029023052,247.27241931036113,25861400
2022-06-24,259.0086364746094,259.2795445759663,253.22277759883846,253.30985203926372,33923200
2022-06-27,256.28985595703125,259.58911783064,254.73211231864522,259.50204339521724,24615100
2022-06-28,248.1529083251953,258.2442718055391,247.99809948086303,255.40940681520112,27295500
2022-06-29,251.8101806640625,253.46465404099425,247.45626683639776,249.22685422747804,20069800
2022-06-30,248.4915313720703,251.10388274506582,244.68913309560924,248.70438985080898,31730900
2022-07-01,251.1522674560547,251.33610113526663,246.34364079711162,248.06586356040017,22837700
2022-07-05,254.3161163330078,254.44190037764724,246.46942121872016,247.84331663869565,22941000
2022-07-06,257.5669860839844,259.2891938730712,253.88068722348527,255.18686285339652,23824400
2022-07-07,259.6859436035156,260.3245191537176,256.41567617677276,256.51243541651996,20859900
2022-07-08,258.96990966796875,259.395626588486,254.74179480110894,256.1930944319359,19658800
2022-07-11,255.92218017578125,257.87658633518555,253.66781160194918,257.0251525146876,19455200
2022-07-12,245.43414306640625,257.3057794671245,243.8570592390129,257.2477298377406,35868500
2022-07-13,244.5149688720703,245.31802312540924,240.05464064203076,242.06711128352157,29497400
2022-07-14,245.83082580566406,246.85640858787121,237.95510651412596,242.43478974627138,25102800
2022-07-15,248.3851318359375,251.91662221794022,246.49844499125953,247.41759860652465,29774100
2022-07-18,245.99530029296875,252.37134012804827,245.07614676470823,251.3167325510271,20975000
2022-07-19,251.1038360595703,251.28766969006466,245.44376215491982,249.2171349157656,25012600
2022-07-20,253.7548828125,256.2704746520032,250.5039859319842,251.46183420449947,22788300
2022-07-21,256.241455078125,256.2898494477531,248.68502415287526,251.35542487841855,22404700
2022-07-22,251.90689086914062,256.7155313114598,250.65879449319834,256.6284568801219,21881300
2022-07-25,250.4265899658203,253.00991644481692,248.47218365007052,252.52614987417672,21056000
2022-07-26,243.7216339111328,251.44256032376273,241.46729429960848,251.42319076050507,39348000
2022-07-27,260.01483154296875,261.2822975208546,250.44594469622396,252.68094375810006,45994000
2022-07-28,267.43585205078125,268.81941742326114,259.17311035737987,260.99207747518795,33459300
2022-07-29,271.625244140625,272.8443453449876,267.64869711004144,268.6839646557535,32152800
2022-08-01,268.9838562011719,272.1476784512212,266.88429661951363,268.80002257079224,21539600
2022-08-02,265.8974914550781,268.8678255810628,263.53670799309106,267.0391735890701,22754200
2022-08-03,273.299072265625,274.29563016416313,267.6293130218933,267.77446660635644,23518900
2022-08-04,274.4407958984375,274.58591997817257,271.07379914150016,272.65085351031576,18098700
2022-08-05,273.7247619628906,274.44072692749853,269.6320867822846,270.0868284690186,16774600
2022-08-08,271.2188720703125,276.6370630638141,270.25133901885744,274.82775145511005,18739200
2022-08-09,273.1345520019531,273.8892265551152,268.59681990449013,270.56094022517334,23405200
2022-08-10,279.7718811035156,280.40077172746834,277.62395639158353,278.81403276129174,24687800
2022-08-11,277.70135498046875,281.7553212542064,277.20793315057733,281.40702349193015,20065900
2022-08-12,282.43255615234375,282.43255615234375,277.6239160535678,279.1139251124632,22619700
2022-08-15,283.9420166015625,284.62895702029766,280.69108915504796,281.55220801909235,18085700
2022-08-16,283.2066650390625,284.49350086788803,280.9910350330185,282.5100398793754,18102900
2022-08-17,282.4600524902344,284.42831264174936,280.6663108728771,280.9280886741136,18253400
2022-08-18,281.3450012207031,283.0320727028022,280.2881256209133,281.36438230357066,17186200
2022-08-19,277.4472961425781,280.45302156557796,276.87524340040335,280.1136602196925,20570000
2022-08-22,269.3027648925781,273.869510964488,268.7888850126345,273.50106320350113,25061100
2022-08-23,268.0326232910156,270.37900717902073,267.02424456116967,268.0326232910156,17527400
2022-08-24,267.4023742675781,268.79858174374715,266.74303270034477,267.0339265183886,18137000
2022-08-25,270.3692932128906,270.5341064037505,266.170965672793,268.89550229541334,16583400
2022-08-26,259.9365539550781,271.813993730699,259.82991359676106,270.59230474229855,27549300
2022-08-29,257.16351318359375,259.2674999332414,255.82547868834627,257.76465225492166,20338500
2022-08-30,254.9722442626953,258.928145422764,252.7325011017951,258.5597272905954,22767100
2022-08-31,253.51788330078125,258.9863379304906,253.3821269343252,257.31867689878567,24791800
2022-09-01,252.48043823242188,252.95555596320528,247.64220877512267,250.9969713685728,23263400
2022-09-02,248.27239990234375,256.68840643713196,246.7307604021961,253.7408837951921,22855400
2022-09-06,245.54788208007812,249.98857705648493,244.27772561001785,248.40817526683784,21328200
2022-09-07,250.24066162109375,250.9581464072949,245.5187784892074,246.95376285633063,24126700
2022-09-08,250.65760803222656,252.5095226601968,247.04105284590432,249.67834533210234,20319900
2022-09-09,256.4168701171875,257.1634707543798,252.37371046804242,252.57731537389688,22084700
2022-09-12,258.5403137207031,259.31600091262334,257.09563886057305,257.69677794091064,18747700
2022-09-13,244.32620239257812,252.48041678186516,243.9383587650543,250.96786362132625,33353300
2022-09-14,244.54920959472656,246.49807394155667,242.26098391432333,245.8193660691324,23913000
2022-09-15,237.91722106933594,243.75412313348235,236.5985823888046,242.1737066610615,31530900
2022-09-16,237.29672241210938,237.83968875284026,234.6982216168246,236.83131001029162,39791800
2022-09-19,237.08340454101562,237.6845437141437,233.5250222191205,235.09574833973136,26826900
2022-09-20,235.07632446289062,236.10408413767027,232.35178783208616,234.70789152713547,26660300
2022-09-21,231.68276977539062,240.12787756364517,231.634287475008,236.84097880590735,28625600
2022-09-22,233.6510467529297,236.44346175605514,230.3447666716902,230.6356309055808,31061200
2022-09-23,230.6841278076172,233.79650845970187,228.04685009215586,232.2548539489129,34176000
2022-09-26,230.22840881347656,234.10675645335732,229.69513305404854,229.84057996737735,27694200
2022-09-27,229.2200469970703,234.44611989699393,227.3681324316485,232.68146460352042,27018700
2022-09-28,233.73829650878906,234.95997054824008,227.59110496512747,229.60784728045007,29029700
2022-09-29,230.27688598632812,232.6523709038743,227.28086605201818,231.6246111693645,27484200
2022-09-30,225.8167724609375,233.224415436406,225.65194447106404,231.0428450141116,35694800
2022-10-03,233.41835021972656,234.26188606885609,227.52326022905194,228.25045038719026,28880400
2022-10-04,241.310791015625,242.74577547683293,237.52939325058418,237.6360484007584,34888400
2022-10-05,241.6210479736328,242.95908260476142,236.67616375353109,238.50868236825332,20347100
2022-10-06,239.28433227539062,242.72636855289312,238.59593389672287,240.38966069294162,20239900
2022-10-07,227.11602783203125,233.98070446797666,226.07856280672056,233.57346497384196,37769600
2022-10-10,222.2777862548828,227.4262900818972,219.83442324055144,225.962219258619,29743600
2022-10-11,218.55458068847656,222.0935668585732,217.29411479408543,220.69735939369207,30474000
2022-10-12,218.88424682617188,220.93007581576018,217.1486927519345,218.54488548684702,21903900
2022-10-13,227.11602783203125,228.91945995498912,212.46557001660585,213.163673728378,42551800
2022-10-14,221.60879516601562,230.02481774633813,221.39548484935546,228.37650806401442,30198600
2022-10-17,230.3059539794922,231.69247081215326,227.98864209353195,228.64796881811276,28142300
2022-10-18,231.24647521972656,236.51132497546385,228.2116634940623,235.84232244327512,26329600
2022-10-19,229.28790283203125,232.32271452181564,227.16450518293112,229.83086912144609,19985700
2022-10-20,228.9679412841797,233.97101325567382,227.72687123159972,228.59950832135635,21811000
2022-10-21,234.75636291503906,235.60960407563198,227.3681158672251,227.60082203685621,26299700
2022-10-24,239.7303466796875,240.30239936572295,233.96130792884753,236.34648327507583,24911200
2022-10-25,243.03663635253906,243.40506928448784,238.35353022692632,239.74003228091627,34775500
2022-10-26,224.2848358154297,231.05254784281726,223.06314692358666,224.139388912023,82543200
2022-10-27,219.85382080078125,226.58275598538947,218.91332036173824,224.01334192609988,40424600
2022-10-28,228.69642639160156,229.40423538492817,219.17509201652825,219.35931586973052,40647700
2022-10-31,225.0701904296875,227.77533111378162,224.11998470584146,226.65060686599685,28357300
2022-11-01,221.2306365966797,228.57041637850017,220.41618716835114,227.46508792727667,30592300
2022-11-02,213.4060516357422,224.2654203807508,213.34786400262064,222.48138429440567,38407000
2022-11-03,207.73397827148438,213.70663669340686,207.4721856849331,213.3963618064245,36633900
2022-11-04,214.65682983398438,214.85074424296624,206.93891208084915,210.9336199205367,36789100
2022-11-07,220.9397430419922,221.46332820770985,214.5501694748692,215.23858262395112,33498000
2022-11-08,221.90933227539062,224.6047824698309,218.97148537429405,221.74450429023085,28192500
2022-11-09,217.68199157714844,221.67670043601748,217.50747300295566,220.45501123776864,27852900
2022-11-10,235.59022521972656,235.92958655895382,227.8529257557349,228.2698410290553,46268000
2022-11-11,239.59461975097656,240.4478609583566,234.5721519094285,235.59992645228266,34620200
2022-11-14,234.2036895751953,236.49191496687794,231.93486006162664,234.63031012538158,31123300
2022-11-15,234.61093139648438,239.4879520708681,232.72993053937964,238.18870924194545,31390100
2022-11-16,235.03875732421875,237.05146554303985,233.7650213224332,236.06941348333024,24093300
2022-11-17,234.99014282226562,236.51669138454196,231.05226116577742,231.1981031395672,23123500
2022-11-18,234.5428466796875,236.9930953021771,232.41346518460608,236.7694511962655,27613500
2022-11-21,235.34986877441406,237.8973403680741,234.5136736567099,234.74702077282302,26394700
2022-11-22,238.24737548828125,238.51962368090963,234.04696420457608,236.8472334482416,19665700
2022-11-23,240.72679138183594,241.40741186039304,237.50841717604806,238.32516175031657,19508500
2022-11-25,240.63931274414062,241.81581080755163,239.9003405690243,240.46428755240743,9200800
2022-11-28,235.06788635253906,239.8225266855465,234.1344682213795,239.2683124519981,24778200
2022-11-29,233.67752075195312,236.06941814268234,231.6162083930456,234.71789478419583,17956300
2022-11-30,248.07754516601562,248.2622882065125,233.22050747543122,233.9108607052224,47594200
2022-12-01,247.63999938964844,249.03040883628205,243.97435155588244,246.84269045988094,26041500
2022-12-02,247.9608612060547,248.9720667058495,242.778397783122,242.90480403425175,21528500
2022-12-05,243.27427673339844,246.79408255563942,241.19351410319612,245.03417222631165,23435300
2022-12-06,238.3349151611328,244.88835294425144,237.03201078829815,243.8771473447241,22463700
2022-12-07,237.60562133789062,239.34608089108715,235.50542329022343,238.05289466625322,20481500
2022-12-08,240.55181884765625,241.85473814761843,236.33195612078578,238.0626835034454,22611800
2022-12-09,238.62661743164062,241.4366198107319,237.40150036949424,237.9265463000095,20609700
2022-12-12,245.5203399658203,245.5495083577721,240.32815848858516,240.6004067044122,30665100
2022-12-13,249.8082733154297,256.61450802590645,246.06483829010176,254.44622542877917,42196900
2022-12-14,250.09999084472656,255.32134114124744,247.27053790250687,250.01248566170938,35410900
2022-12-15,242.11720275878906,247.16354186623428,240.49343144760888,246.69683279651164,35560400
2022-12-16,237.9168243408203,242.9242630632895,236.76947979184487,241.66997762867638,86102000
2022-12-19,233.794189453125,238.42243914772908,232.1023632453267,238.08212143380248,29696400
2022-12-20,235.10682678222656,236.18610187706696,231.8203825618914,232.7732513908985,25150800
2022-12-21,237.6640167236328,238.82107914890844,233.463604755998,234.99987114249353,23690600
2022-12-22,231.59677124023438,235.2915881026954,227.3963441116048,234.5817842248224,28651700
2022-12-23,232.1217803955078,232.25790450291396,227.46437751544144,229.57430859844388,21207000
2022-12-27,230.4008026123047,232.31625810648032,229.30207698528272,232.09262880735398,16688600
2022-12-28,228.0380096435547,233.0843484187372,227.6879741552064,230.3326834368573,17457100
2022-12-29,234.33871459960938,235.22352889495014,229.12708154740713,229.12708154740713,19770700
2022-12-30,233.181640625,233.31776474462188,230.10910782620186,231.61620583114026,21938500
2023-01-03,232.94825744628906,238.9474656895386,230.82859367762717,236.35137496373926,25740000
2023-01-04,222.7583465576172,226.42397945527185,219.70526469993285,225.85031465735742,50623400
2023-01-05,216.15631103515625,221.2512697398711,215.62153242856337,220.910952034835,39585600
2023-01-06,218.7037811279297,219.51080795719037,213.2782522890228,216.82721193090404,43613600
2023-01-09,220.8331298828125,224.8390950379593,220.1427915656861,220.181677805299,27369800
2023-01-10,222.5153045654297,224.90720202339816,221.03737489705813,221.45546512498274,27033900
2023-01-11,229.2437286376953,229.41873899259986,224.71271707723938,224.88772743214392,28669300
2023-01-12,231.9079132080078,233.25943668810473,227.09493476227667,228.74787490653353,27269500
2023-01-13,232.60792541503906,232.7440495138857,228.41723190438844,230.4396576846913,21333300
2023-01-17,233.6969451904297,234.24144161412062,230.52717483814848,231.38282055332843,29831300
2023-01-18,229.28262329101562,235.67076853478866,229.0006572078567,234.88319223600368,30028700
2023-01-19,225.50999450683594,229.00063185867876,224.2945954552454,227.3087910377556,28623000
2023-01-20,233.57054138183594,234.07615156759218,228.0185916995672,228.35890938614477,35389800
2023-01-23,235.86521911621094,238.38352255893335,233.0163158336519,234.4261906970003,31934000
2023-01-24,235.3401641845703,237.19729766623655,233.7844621578948,235.78743760454404,40234400
2023-01-25,233.9497528076172,236.5652941592754,224.50852565701223,227.98943061234027,66526600
2023-01-26,241.1352081298828,241.43662476621853,235.30129180415983,236.90561285916706,33454500
2023-01-27,241.290771484375,242.91454300523202,239.9975849790759,242.0977983186481,26498900
2023-01-30,235.9916229248047,238.80162509755758,235.4957305884033,237.74178578895192,25867400
2023-01-31,240.95042419433594,241.0865482920522,236.22495217873632,236.71111179006792,26541100
2023-02-01,245.75367736816406,248.1164058985338,238.6751947915154,241.13516117627967,31259900
2023-02-02,257.2757263183594,257.36323150604915,250.12917259535388,251.65572121722164,39940400
2023-02-03,251.19869995117188,256.8867738555353,249.9833008123263,252.3557623051793,29077300
2023-02-06,249.6624298095703,251.15007723406973,247.72752379068612,250.31389683270552,22518000
2023-02-07,260.15374755859375,261.33024559426707,252.88078856760495,253.31834411841427,50841400
2023-02-08,259.3467102050781,269.09907056810056,258.8410852318201,265.63761659917793,54686000
2023-02-09,256.32281494140625,266.3960585481187,255.525505975814,266.2210185187912,42375100
2023-02-10,255.81723022460938,256.7798168982394,253.4447686061317,254.29068170390744,25818500
2023-02-13,263.8096923828125,266.9988986544617,259.7551076492649,260.23156430688056,44630900
2023-02-14,264.63616943359375,267.3586517330217,261.8261522809417,265.12232910655104,37047900
2023-02-15,262.52099609375,263.89540406867326,259.4602514374333,261.54624119639954,28922400
2023-02-16,255.5319366455078,260.00605711365523,255.2882479724247,257.354723160625,29603600
2023-02-17,251.54518127441406,253.52393201360653,249.53718908576167,252.84162161049076,30000100
2023-02-21,246.29127502441406,249.04009049318063,245.2385381346892,248.05557870006874,28397400
2023-02-22,245.16055297851562,247.91911060638247,244.0200917469653,247.6754219276689,22491100
2023-02-23,248.33824157714844,250.3559759296498,244.15653587973247,249.10829119149065,29219100
2023-02-24,242.92837524414062,244.66343747539474,241.83665470499022,243.64969909955178,24990900
2023-02-27,243.84461975097656,246.43747061453573,243.09405452761465,246.08655835575647,21190000
2023-02-28,243.12330627441406,245.14105556625483,242.4507231771338,242.7821510664902,22491000
2023-03-01,240.0528106689453,244.59515563379992,239.58491776919715,244.42944914272945,27565300
2023-03-02,244.77066040039062,245.0533327272031,239.4095093951341,240.32578121944115,24808200
2023-03-03,248.8450927734375,249.1667635730139,245.04355582130654,245.8233624681365,30760100
2023-03-06,250.38522338867188,253.55317601638902,249.51769234094775,249.9563289608396,24109800
2023-03-07,247.73390197753906,251.18454195758378,246.99309375726955,249.82961864090797,21473200
2023-03-08,247.29525756835938,248.11404792403098,244.47821715829852,247.62667058752513,17340200
2023-03-09,245.95008850097656,253.00730230567757,245.22876474046697,249.36172961054302,26653400
2023-03-10,242.3142547607422,246.40822131411622,241.34925717678098,244.74139919259653,28333900
2023-03-13,247.50970458984375,251.3989810865607,239.5264614444424,241.15429996225072,33339700
2023-03-14,254.20631408691406,254.4792442426015,249.40076516094558,250.26829634300452,33620300
2023-03-15,258.7388610839844,259.75261418809725,252.6661292714571,253.41670934490338,46028000
2023-03-16,269.227294921875,269.57819238070647,256.63344947737914,258.5147191528132,54768800
2023-03-17,272.37567138671875,276.1772083863334,269.3441988521381,271.23522516040924,69527400
2023-03-20,265.3575134277344,270.47497619551706,263.03759221346127,269.98759878906156,43466600
2023-03-21,266.8683776855469,268.0575797747977,262.7159125670362,267.94061395407743,34558700
2023-03-22,265.4159240722656,273.94502636302843,265.3086856035219,266.49788734137707,34873300
2023-03-23,270.650390625,273.9645506194871,268.25250241830935,270.92332074814243,36610900
2023-03-24,273.4869384765625,273.54542137989336,268.3304776871036,270.24098860593506,28172000
2023-03-27,269.4026794433594,274.3544196920251,268.56437502402,273.41866361100745,26840200
2023-03-28,268.28179931640625,269.16882983673474,265.18205615567683,268.8276596755071,21878600
2023-03-29,273.4284362792969,274.0425364680911,271.3814455656998,271.9175487241211,25087000
2023-03-30,276.8790283203125,277.2786812703255,274.3739316415299,277.0545067536676,25053400
2023-03-31,281.021728515625,281.9672416312898,275.85554123239365,276.5671227721079,32766000
2023-04-03,279.9787902832031,280.99251370652144,276.781596204477,279.2866930601582,24883300
2023-04-04,279.9300537109375,283.1175206876223,278.4581943099055,279.9788092952923,25824300
2023-04-05,277.1617126464844,279.90077062602654,275.7775778065867,278.63360157573726,22064800
2023-04-06,284.23846435546875,284.7063275533511,274.91005513471964,276.0602584923825,29770300
2023-04-10,282.08428955078125,282.2889797177499,277.5224147425445,281.90881108908263,23103000
2023-04-11,275.6899108886719,278.7604125725099,274.5299799435266,278.53620824010255,27276600
2023-04-12,276.3332824707031,279.76443907213064,274.8419085265659,277.60048180542543,27403400
2023-04-13,282.5229187011719,282.5814016075444,276.02132104979927,276.43070139440715,24222700
2023-04-14,278.9162902832031,281.19721243469814,276.52812965920475,279.7545649448243,20987900
2023-04-17,281.5091552734375,284.23848637686285,278.93581824426053,282.6106328823751,23836200
2023-04-18,281.0900573730469,284.39449066416483,279.76440502720607,284.20928485891386,20161800
2023-04-19,281.16802978515625,281.75285885875036,277.3567350040731,278.7701115947992,17150300
2023-04-20,278.8870544433594,281.7333512714664,277.88305828682746,278.048779675469,23244400
2023-04-21,278.5458679199219,279.042972509136,275.91401875313767,277.81480201216493,21676400
2023-04-24,274.6565856933594,277.75632784748706,271.6835961405842,274.9685142964532,26611000
2023-04-25,268.4669189453125,274.4908950976734,268.41816336812605,272.45366159943416,45772200
2023-04-26,287.9132995605469,292.0072813214267,285.3399625443694,289.20974000859206,64599200
2023-04-27,297.13446044921875,297.4951446738083,287.79632356423065,288.4981481341887,46462600
2023-04-28,299.503173828125,301.1309977099639,295.65288041191343,296.335220680939,36469600
2023-05-01,297.8460693359375,300.8093322076719,297.4464163049507,299.2204771506516,21294100
2023-05-02,297.6998596191406,301.3746744145902,296.2377274555762,299.9905392914893,26404400
2023-05-03,296.7153015136719,300.8190101503688,296.41312996008793,298.87925796823623,22360800
2023-05-04,297.6998596191406,299.9905392914893,295.74059300087464,298.5088929942314,22519900
2023-05-05,302.80755615234375,304.09423955747224,296.58861610804354,298.00202238980415,28197100
2023-05-08,300.8580017089844,302.36888918912433,298.36263230970064,302.3006492277248,21318600
2023-05-09,299.24969482421875,302.2129574604757,298.5771116971217,300.22444953048654,21340800
2023-05-10,304.4256591796875,305.0982423493034,299.90281252520236,300.82881170640417,30078000
2023-05-11,302.2811279296875,303.26563957263573,298.52834660179957,302.27140061196803,31680200
2023-05-12,301.169921875,302.8075024197668,298.85975829449876,302.7100210129512,19774700
2023-05-15,301.6475524902344,302.07644689728147,299.82476613385916,301.2966551101867,16336500
2023-05-16,303.8699645996094,305.79023219423584,302.0081798964215,302.0081798964215,26730300
2023-05-17,306.74200439453125,307.1620579462641,303.55734856697217,305.07153876896376,24315000
2023-05-18,311.1575622558594,311.6655618014146,306.4685237275618,307.25979860655974,27276000
2023-05-19,310.98175048828125,311.38227715164794,309.05728471229986,309.4187276052405,27546700
2023-05-22,313.756103515625,315.1335157612651,310.65939292099665,311.2357518358931,24115700
2023-05-23,307.972900390625,315.2604571188561,307.96312199673974,312.6326330108963,30797200
2023-05-24,306.59552001953125,309.18426063109985,305.384161727715,307.4551840291494,23384900
2023-05-25,318.386474609375,319.3438031371628,312.6033004339897,315.7683993109882,43301700
2023-05-26,325.1954345703125,325.69362591247574,316.3936865085404,316.53043497879963,36630600
2023-05-30,323.55426025390625,327.9795506793169,322.88020682779495,327.4813593124993,29503100
2023-05-31,320.7995300292969,328.1750056152529,319.7640036932789,324.6093785426529,45950600
2023-06-01,324.8926086425781,325.82066191290807,317.2143019258067,318.3963251868189,26773900
2023-06-02,327.64739990234375,329.6988654721622,324.8632701870316,326.5239875083562,25873800
2023-06-05,328.1748962402344,330.7343313163918,326.9244840727919,327.4715375327869,21307100
2023-06-06,325.96710205078125,327.6180407057075,324.4920254191388,327.5789569436249,20396200
2023-06-07,315.9052429199219,326.7584266923508,315.04557889593144,323.9840754044963,40717100
2023-06-08,317.7418212890625,319.0899281933469,315.8759662068324,316.45232513607897,23277700
2023-06-09,319.2364807128906,322.36249701135495,316.9114880172706,317.4780685960809,22529000
2023-06-12,324.179443359375,324.4236647224886,317.6440772974819,320.98500885005564,24260300
2023-06-13,326.5630798339844,329.1909043563213,322.75323214002157,326.738912078587,22951300
2023-06-14,329.5426025390625,331.2033200737011,325.1173117243528,326.61194558065387,26003800
2023-06-15,340.0539245605469,341.7536961707786,329.40587619170174,329.67940300038487,38899100
2023-06-16,334.4171447753906,343.3458910781644,334.04595338902726,343.1993642398401,46552000
2023-06-20,330.2361755371094,334.1730234363889,328.0967936208768,331.4670609717045,26375400
2023-06-21,325.8499450683594,329.923570971666,324.3943951235906,328.59499110748806,25117800
2023-06-22,331.8577880859375,332.2583147464339,325.6350317853251,326.3970013361719,23556800
2023-06-23,327.27618408203125,330.1482299651682,325.74249643584824,326.6314360457984,23146900
2023-06-26,321.00457763671875,328.3409673865728,320.89710473059927,326.00622657027685,21520600
2023-06-27,326.8365783691406,328.38004429209786,321.68837287006505,324.18919728458985,24354100
2023-06-28,328.0870361328125,330.1678072397065,326.0941811528345,326.92453987884056,20259500
2023-06-29,327.3055114746094,328.3410078355039,324.93168659890875,326.97337394490575,16997000
2023-06-30,332.6686706542969,334.8080527610433,329.4058759346282,329.94315115449086,26832800
2023-07-03,330.17755126953125,333.02029191600536,328.7903904255227,331.3498259032752,12508700
2023-07-05,330.3338928222656,333.75299276532775,326.99296042986884,327.34462497130613,18172400
2023-07-06,333.3817138671875,335.0619581701481,327.7450950952517,329.5034771232006,28161200
2023-07-07,329.4253845214844,333.8897591570252,329.210468483103,331.47685037654594,21214800
2023-07-10,324.1599426269531,327.48137758941004,320.0179571321777,326.8659348779879,32791400
2023-07-11,324.7851257324219,325.1660955778508,319.44156081618985,323.40771358997307,26698200
2023-07-12,329.40582275390625,333.75294560855826,327.91118903960694,328.8196854554752,29995300
2023-07-13,334.7396545410156,335.7946779702035,331.18377631501846,331.71130293570513,20567200
2023-07-14,337.260009765625,343.30693463785855,336.3515132189097,339.55569712467894,28352700
2023-07-17,337.7386169433594,338.9694723365567,334.2902125016096,337.68975478361295,20363900
2023-07-18,351.1805419921875,358.3020452926389,334.2609086018875,337.83628312548785,64738600
2023-07-19,346.8724670410156,354.08188631915596,344.29350499570205,353.3883060079185,39732900
2023-07-20,338.8522644042969,349.6956992819866,337.3869361725058,345.3974090978353,33778400
2023-07-21,335.823974609375,342.20303681474576,331.9750427010371,341.07962426148026,69405400
2023-07-24,337.1329650878906,338.901155398555,334.397697414045,337.8558806826926,26678100
2023-07-25,342.86724853515625,343.7562178269047,337.09385224182984,339.0866769937066,41637700
2023-07-26,329.962646484375,336.70318113968654,325.4103558990967,333.547829841797,58383700
2023-07-27,323.0755615234375,333.44030197626535,321.44414968283064,332.6099731824386,39635300
2023-07-28,330.5487365722656,332.1508430764587,325.4689499409115,325.9573926830905,28484900
2023-07-31,328.1553955078125,329.89425053304086,325.6545411607463,329.13228102338303,25446000
2023-08-01,328.5656433105469,330.7148031903255,325.9866812669901,327.44223102382614,18311900
2023-08-02,319.92999267578125,325.9183054002414,318.81632892578153,325.9183054002414,27761300
2023-08-03,319.1094665527344,322.25503950417715,318.4158860961526,318.4647184532504,18253700
2023-08-04,320.20355224609375,327.393445572908,319.67602568873457,324.20878906184083,23741500
2023-08-07,322.4796447753906,323.45653023504116,319.94951501235715,320.7798736154958,17741500
2023-08-08,318.51348876953125,321.15109140709956,315.53400007450387,319.40245810571645,22327600
2023-08-09,314.7818603515625,319.5490370786911,313.629112676302,318.92384579160165,22373300
2023-08-10,315.46563720703125,320.6724537793776,313.75608752866935,318.4842099187915,20113700
2023-08-11,313.5900573730469,314.9576912566164,311.8316453980151,312.8573931698293,24355500
2023-08-14,316.5500183105469,316.56954529016974,312.6815298680751,313.9612774318456,18836100
2023-08-15,314.42041015625,317.57576163003193,313.4826082523493,315.53407413953244,16966300
2023-08-16,313.6568298339844,317.5922437105838,313.0694515072215,314.0484054267254,20698900
2023-08-17,310.2109375,315.09590822983125,309.5550251977014,313.79391260029473,21257200
2023-08-18,309.8193359375,311.679342341884,304.99307058455463,307.8711973932979,24755000
2023-08-21,315.1056823730469,315.9769357985516,310.3675491383052,311.23880256380994,24040000
2023-08-22,315.6734313964844,319.21723934340076,314.6944776045053,318.6494592891844,16084600
2023-08-23,320.1178894042969,322.2715996929162,316.6523846218089,317.00482352144604,21166400
2023-08-24,313.23583984375,325.97203798658785,313.2260407459276,325.84476921608996,23281400
2023-08-25,316.1825256347656,318.5124107055097,312.0904758312742,314.70429575926823,21684100
2023-08-28,316.8873596191406,319.285778523708,314.94902032407407,318.8061007178544,14808500
2023-08-29,321.4981689453125,322.05617969096045,315.1056028622188,315.1056028622188,19284600
2023-08-30,321.87030029296875,322.8688226373034,319.57955147339686,321.75283059073,15222100
2023-08-31,320.8619384765625,323.94563727355137,319.9025529034829,322.2716344766663,26411000
2023-09-01,321.74298095703125,325.00288418337306,319.9025429102048,324.33720272503615,14942000
2023-09-05,326.530029296875,327.8026871669536,321.74296073160247,322.07580143984785,18553900
2023-09-06,325.8741149902344,327.42084870322736,323.2309280293988,326.36359184407087,17535800
2023-09-07,322.9666748046875,326.0699418421109,322.1051906191248,324.3176359252016,18381000
2023-09-08,327.23492431640625,329.0851616119029,322.5261582327596,323.14290399792515,19530100
2023-09-11,330.8277282714844,331.2976369623912,328.3705440887834,330.1424484983252,16583300
2023-09-12,324.78753662109375,329.7019045004539,324.5036614898463,328.75231798743556,17565500
2023-09-13,328.98724365234375,329.76062559468676,324.2001746396606,324.33721264984047,16544400
2023-09-14,331.5716247558594,333.6861384232621,329.48644862867235,332.0121359885285,20267000
2023-09-15,323.2701416015625,330.29902307578516,322.71213073688756,329.829144347891,37679800
2023-09-18,322.13458251953125,323.44637721984947,319.49139491981464,320.901090989623,16834200
2023-09-19,321.733154296875,322.45760041034737,317.6803011768475,319.30536803908217,16505900
2023-09-20,314.0190124511719,322.65339248865484,313.76450476801705,322.5750893265996,21436500
2023-09-21,312.8050842285156,318.5026021085826,308.3704250255411,312.5407774764578,35560400
2023-09-22,310.338134765625,314.6846917624831,309.4962190138313,314.5574229961994,21447900
2023-09-25,310.8570556640625,310.98432446171176,308.3705041858595,309.92703743147536,17836000
2023-09-26,305.5707092285156,309.23198754848005,303.4953016985724,308.4977720645104,26297600
2023-09-27,306.2070007324219,307.6852008158054,303.1722376476752,305.7272930031046,19410100
2023-09-28,307.0390930175781,308.84036447643473,302.9372740873856,304.4448414726015,19683600
2023-09-29,309.10467529296875,312.746384776468,308.35089159051364,311.06258297495117,24147300
2023-10-02,315.0273132324219,315.1154453625428,308.5466440139972,309.6234991428816,20570000
2023-10-03,306.7943420410156,314.6259723470464,304.66020007739525,314.0777307403494,21033500
2023-10-04,312.2471008300781,313.3043876816742,307.3914982671209,307.420865686593,20720100
2023-10-05,312.63861083984375,313.2455871738539,308.27248610027056,312.37430412000384,16965600
2023-10-06,320.3724365234375,322.2618102249638,309.6430811517103,309.8878196065806,25673600
2023-10-09,322.8785400390625,323.34841872912307,316.37827265710837,317.9152372482106,19891200
2023-10-10,321.4787292480469,324.1316863124822,320.7738811492504,323.9946184077105,20557100
2023-10-11,325.4238586425781,325.8154342155564,322.21289114367397,324.2393029495446,20063200
2023-10-12,324.19036865234375,326.6083859172805,321.8017188086289,323.6127894514465,19313100
2023-10-13,320.83258056640625,326.80417560812504,319.49138859402285,325.38471034218486,21072400
2023-10-16,325.6391906738281,329.06552880865223,323.6421166530187,324.08262791660326,22158000
2023-10-17,325.0714111328125,326.4419405397074,320.51928173209353,322.65339394249423,18338500
2023-10-18,323.1623840332031,328.5270609392468,321.3904802675339,325.49229856493486,23153600
2023-10-19,324.3470153808594,329.7899967094516,323.9456406942705,325.15953397789394,25052100
2023-10-20,319.7948913574219,324.93439945615916,318.60056637565555,324.7385967213242,25027700
2023-10-23,322.3890686035156,325.7273046053134,317.5628335992071,318.620090545015,24374700
2023-10-24,323.5735778808594,324.8560048878325,320.7052505981055,324.3273615041399,31153600
2023-10-25,333.5002136230469,338.9138270951405,330.51438652342347,337.7586388732426,55053800
2023-10-26,320.9891662597656,334.4399815109655,320.05914822735156,333.3729254857893,37828500
2023-10-27,322.8687438964844,329.63331810351394,321.4884154812009,323.47569046023347,29856500
2023-10-30,330.2109069824219,332.3058824741977,324.84622935304117,326.39299310170355,22828100
2023-10-31,330.99407958984375,331.865362876774,327.64607407506094,331.71852577091533,20265300
2023-11-01,338.7865905761719,340.1081843444484,332.5016932588563,332.6387611479277,28158800
2023-11-02,340.98919677734375,341.4884429030558,337.51389284186956,339.93190993700205,24348100
2023-11-03,345.37493896484375,346.9315020236901,340.02005970434163,342.27167169728,23637700
2023-11-06,349.02642822265625,350.0151812088652,345.91336203130555,346.0112633950899,23828300
2023-11-07,352.9422302246094,354.83160398439014,350.1032700356418,351.83600759444016,25833900
2023-11-08,355.5560302734375,356.211912585882,352.9617788165993,354.06800138493276,26767800
2023-11-09,353.098876953125,357.1125938314782,352.77580544293505,354.67497835793193,24847300
2023-11-10,361.8899230957031,362.3108661279153,353.4709130749397,353.8820570074666,28042100
2023-11-13,358.96282958984375,360.7151655370174,358.1992466988061,360.4704270478989,19986500
2023-11-14,362.47723388671875,364.1218990717547,359.61870535436486,363.20168005612413,27683900
2023-11-15,362.6243896484375,366.0184363495822,360.1131537221127,364.20368992773217,26860100
2023-11-16,369.0005187988281,369.17708096054344,363.1246629725075,363.88979560921166,27182300
2023-11-17,362.80096435546875,367.23480603716206,360.0052770614011,366.4892814424939,40157000
2023-11-20,370.2463073730469,371.64904556813445,363.9290460653395,364.1448542442713,52465100
2023-11-21,365.9595947265625,369.0495522871196,364.0467481750121,368.5100468166504,28423100
2023-11-22,370.64849853515625,372.5515261398846,367.82338415552084,370.79563367244174,23345300
2023-11-24,370.2364807128906,370.766197129462,367.99014782412655,370.1383806452385,10176600
2023-11-27,371.3940124511719,373.38535117738047,369.0299712724483,369.5989038114079,22179200
2023-11-28,375.4060363769531,375.70030662709087,370.9525569972749,371.1389381343408,20453100
2023-11-29,371.62939453125,376.9755034472532,370.24626453575155,376.4458170169272,28963400
2023-11-30,371.68829345703125,372.8457964517108,368.3138546072338,371.27628513665223,30554400
2023-12-01,367.37213134765625,370.95255911244834,364.23310896058763,369.57924804408185,33040500
2023-12-04,362.1045227050781,362.47725508494324,355.98343139448775,362.06527668869364,32063300
2023-12-05,365.4200439453125,365.9693683802573,358.65155863650625,359.46575623768496,23065000
2023-12-06,361.77099609375,367.0484629860128,361.01568236902807,366.4206763695036,21182100
2023-12-07,363.8800354003906,364.3705058457687,359.33827428643895,361.2118749800961,23118900
2023-12-08,367.0974426269531,367.3230398250767,361.2117985281366,362.16331218821597,20154400
2023-12-11,364.2232666015625,364.51756677042914,359.1223929698161,361.45703660419446,27708800
2023-12-12,367.24462890625,367.28387492110465,363.3993277208236,363.78190900979564,24838300
2023-12-13,367.2347717285156,370.44246703468053,363.7033791572921,368.8533179256787,30955500
2023-12-14,358.95562744140625,366.63640997800485,357.1899461347514,366.19497468337374,43277500
2023-12-15,363.6642150878906,365.30236955673547,359.2990162951195,359.8581597688427,78502300
2023-12-18,365.54754638671875,365.89088161939304,361.65321060475327,362.4085541038235,21802900
2023-12-19,366.14593505859375,366.14593505859375,362.7911046946417,364.4096508615579,20603700
2023-12-20,363.5562438964844,368.8631367699809,363.46796282422974,367.8527690284867,26316700
2023-12-21,366.4206237792969,367.2740374598463,362.98733108269056,365.45929104730993,17708000
2023-12-22,367.44085693359375,368.02942750528564,365.60650210164266,366.5580160440274,17107500
2023-12-26,367.5192565917969,369.7558002532684,366.38136175547834,367.8527728468658,12673100
2023-12-27,366.9405212402344,367.9116430236214,365.70452628978785,366.5677589576593,14905400
2023-12-28,368.12744140625,369.2849443001597,367.0287925621367,368.2157224809446,14327000
2023-12-29,368.8729553222656,369.9716041347207,366.3617494835299,368.83370931155366,18730800
2024-01-02,363.801513671875,368.7356447522221,359.7796503608471,366.73451711634624,25258600
2024-01-03,363.5366516113281,366.1459576250118,361.48648901542015,361.97695939537715,23083500
2024-01-04,360.9273681640625,365.98902639400353,360.17205450864094,363.6053473830013,20901500
2024-01-05,360.740966796875,364.96881910463645,359.5147908390338,361.93771572916546,21004600
2024-01-08,367.5486755371094,368.04896487668356,361.9769395114855,362.26139076236115,23134000
2024-01-09,368.6277770996094,368.82394731160934,364.11544312045595,364.91982181669266,20830000
2024-01-10,375.47467041015625,376.8480113734613,369.14762069750896,369.1966557593691,25514200
2024-01-11,377.29925537109375,383.2339350900792,373.1302570741052,378.64313944413783,27850800
2024-01-12,381.06610107421875,381.272090274914,377.31889976513236,378.1428865038529,21661200
2024-01-16,382.8317565917969,386.52010359232963,380.2322694497991,386.15716028479716,27202300
2024-01-17,382.0469665527344,382.6747530191384,377.475779406989,380.58537452394654,22234100
2024-01-18,386.3630676269531,386.4807757086846,382.6845403931891,384.254051333448,23392100
2024-01-19,391.0716552734375,391.0716552734375,386.0001785110236,388.21711414753673,29331100
2024-01-22,388.9528503417969,392.9845027036078,386.0884900033909,392.39593223013395,27016900
2024-01-23,391.2972412109375,391.7681035262422,386.42196470997874,388.2072839775827,20525900
2024-01-24,394.8875732421875,397.8990690426862,392.8178022760999,393.8870242835594,24867000
2024-01-25,397.1534729003906,399.25270045475327,394.858075159448,396.6139674673759,21021200
2024-01-26,396.23138427734375,398.4287118822507,394.75997317345707,396.66300059602537,17803300
2024-01-29,401.9110412597656,402.16609543170915,396.62375630100183,398.3207945584323,24510200
2024-01-30,400.8025817871094,405.1775691973873,398.7033841260815,404.40264755037606,33477600
2024-01-31,390.0024108886719,407.4043201802484,389.639467600293,399.20363992935813,47871100
2024-02-01,396.08428955078125,400.2238610760148,394.1420159186215,394.1714429462631,30657700
2024-02-02,403.3824768066406,404.7852149654356,395.86846668943514,396.11370188933375,28256700
2024-02-05,397.9185791015625,403.32357180404665,396.2902139876251,402.0875769731937,25352300
2024-02-06,397.76165771484375,400.1944015675409,395.23084373526007,398.14423897907153,18382600
2024-02-07,406.1585388183594,406.4037740259386,399.6352882839393,399.67453429921477,22340500
2024-02-08,406.21728515625,407.6396609574121,404.66741222714353,406.1584311169124,21225300
2024-02-09,412.5346374511719,412.79951062359436,407.17870911735395,407.3356632361391,22032800
2024-02-12,407.345458984375,412.72099505038886,406.84516963028506,412.54443290280494,21202900
2024-02-13,398.5758361816406,402.25436384146246,395.7016870880575,397.22213321307663,27824900
2024-02-14,402.42828369140625,402.7722538955099,397.5931465072421,401.03278856568113,20401200
2024-02-15,399.5487976074219,402.07448469518283,397.3179549607251,401.1015670196542,21825500
2024-02-16,397.0919189453125,401.2489827226472,396.48261574205486,400.92465682975353,22296500
2024-02-20,395.8437805175781,397.5144455402651,391.1462141740097,396.28600214507156,24307900
2024-02-21,395.2442932128906,395.3524118295115,390.3698381114288,393.2689765841808,18518900
2024-02-22,404.55096435546875,405.7106076981084,401.52409308986324,403.1161508977741,27009900
2024-02-23,403.26361083984375,408.6884066709004,401.9172415297094,408.5017108463529,16295900
2024-02-26,400.5119323730469,405.05225512208284,400.3350137011801,404.3643147092536,16193500
2024-02-27,400.4529113769531,401.2784217577938,396.8855068799419,400.9540958991776,14835800
2024-02-28,400.6887512207031,402.2414904650158,398.33014591696406,401.14080998935714,13183100
2024-02-29,406.5066833496094,407.05702360240457,398.91981558888216,401.5929096701564,31947300
2024-03-01,408.3345947265625,408.6982091819838,403.79427262351686,404.17753137688453,17823400
2024-03-04,407.7646179199219,410.1527047870807,405.2094495475142,406.3101300793095,17596000
2024-03-05,395.7062072753906,407.1061687535314,393.7308905561475,406.8211614689715,26919200
2024-03-06,395.1558532714844,398.1729175476419,391.51967869638725,396.0206822488724,22344100
2024-03-07,402.0843200683594,402.71326755552275,395.30328784063323,399.1163813277323,18718500
2024-03-08,399.21466064453125,403.3422428484954,397.35723965535834,400.92464441897226,18002200
2024-03-11,397.5439453125,398.68394443475927,394.34018518419236,396.7970720878644,16120800
2024-03-12,408.1183776855469,408.4033849510457,399.77479973523793,400.5904729541975,22457000
2024-03-13,407.9415283203125,410.96839994406946,404.3544792559954,410.88979275530687,17115900
2024-03-14,417.88702392578125,420.44219256711494,410.7816954714427,412.9928939125644,34157300
2024-03-15,409.23876953125,415.31218703472393,405.67136478668334,412.05927102600424,45079900
2024-03-18,410.12322998046875,413.4744273628243,406.6442696787311,407.10616562272253,20106000
2024-03-19,414.1426696777344,414.3981955018545,408.3837114296865,410.62439098905713,19837900
2024-03-20,417.8968200683594,418.61421185332546,413.4056235884817,414.7225113763612,17860100
2024-03-21,421.9654235839844,423.3904300401875,419.7935438740281,422.41748239432127,21296200
2024-03-22,421.3462829589844,422.446963535343,418.7223444405752,422.2897491598315,17648500
2024-03-25,415.5676574707031,420.03920955948905,414.33921403828305,417.9066185646381,18060500
2024-03-26,414.3785095214844,418.6436612820826,414.0836951106592,418.270209700842,16725600
2024-03-27,414.1623229980469,417.13026150811925,411.78407332169564,417.1204243635022,16705000
2024-03-28,413.464599609375,414.59476162825587,411.89218593509474,413.70045116356334,21871200
2024-04-01,417.2481994628906,420.5109524938084,414.9387197575333,416.6388963047316,16316000
2024-04-02,414.17218017578125,415.0959720756304,410.6342569413904,412.8650995128624,17912000
2024-04-03,413.19927978515625,415.960818454912,411.86271762245,412.49169510873463,16502300
2024-04-04,410.6735534667969,421.27748545517426,410.36890189824567,417.66092523693425,19370900
2024-04-05,418.1818542480469,419.1548019931233,411.1060369628787,412.7668951431704,16554800
2024-04-08,417.2678527832031,419.91146556821536,416.00009070624833,417.8378673566601,14272400
2024-04-09,418.9286804199219,420.3634939121141,414.3490398303801,419.08592477391875,12496900
2024-04-10,415.9607849121094,416.7174952724338,412.4621804028437,414.90923013212864,16216600
2024-04-11,420.5502624511719,421.96543178968227,415.076310912024,418.4766641791292,17966400
2024-04-12,414.6242370605469,417.84767154999884,412.5309645735886,416.7371538463039,19253800
2024-04-15,406.5066833496094,419.45938357073686,406.3002832613404,419.24317632918917,20273500
2024-04-16,407.4304504394531,411.18458077665684,406.59513289625886,407.4206432860486,16765600
2024-04-17,404.73773193359375,411.65633410094387,403.25376259314334,410.0544389834795,15855500
2024-04-18,397.2982482910156,404.786864609064,396.983789567324,403.5485840383649,21029900
2024-04-19,392.237060546875,398.4873961854359,390.9103356715456,397.0623898394721,30565800
2024-04-22,394.0453186035156,395.9027393940693,388.9251749817352,393.1804896634458,20286900
2024-04-23,400.5413818359375,401.16052215978465,396.10914808184776,397.26879155025864,15734500
2024-04-24,402.0056457519531,405.3568429660157,399.76496617669443,402.4970231148721,15065300
2024-04-25,392.158447265625,392.9937947660836,381.338308328151,387.23483657897395,40586500
2024-04-26,399.3128967285156,405.8776909237546,398.7625564960581,405.06201771927783,29694700
2024-04-29,395.3131103515625,399.31292950505053,392.30588312333157,398.2613746922827,19582100
2024-04-30,382.6159362792969,395.2246979226767,382.45872189410846,394.5662389705951,28781400
2024-05-01,388.129150390625,394.79222617325195,383.5789912516123,385.83931510454033,23562500
2024-05-02,390.9791564941406,393.0331103770738,387.84416635932274,390.80226783236736,17709400
2024-05-03,399.64703369140625,400.1285739017596,394.9297930918896,395.3425632659736,17446700
2024-05-06,406.40838623046875,406.79164496723695,399.3620218492585,401.71081997342634,16996600
2024-05-07,402.2808532714844,407.5189532422579,402.03516456718575,407.50911609687097,20018200
2024-05-08,403.4601745605469,405.1210326153664,399.6962067828019,401.13105042212936,11792300
2024-05-09,405.20947265625,405.60256858412407,402.04500095122404,403.48965172941627,14689700
2024-05-10,407.58770751953125,408.2166849740278,404.698406069441,405.8187609135271,13402300
2024-05-13,406.5853271484375,411.13548678399485,403.7353441559508,410.80135374265615,15440200
2024-05-14,409.3763122558594,410.29026696650755,404.4527014093116,404.9145973369448,15109300
2024-05-15,416.5338134765625,417.25252925056685,410.81371203905996,411.43396907005973,22239500
2024-05-16,414.4761657714844,418.8376448328751,413.8460838814957,415.2736305334928,17530100
2024-05-17,413.708251953125,416.37634285020215,411.56198942365705,416.00221762948183,15352200
2024-05-20,418.7588806152344,420.1667475860199,413.49165301735496,413.7082502471213,16272100
2024-05-21,422.4016418457031,426.27082729608003,418.2764696581723,420.22581467067795,21453300
2024-05-22,423.8587341308594,425.71950537683756,420.5212017999642,423.43539455106486,18073700
2024-05-23,420.3931579589844,426.8910441613392,418.83761804177703,426.27078715380964,17211700
2024-05-24,423.50433349609375,424.3904021961967,417.8433006318776,420.58028575397856,11855300
2024-05-28,423.66180419921875,424.15406785996925,419.9993613614193,422.98247794375186,15718000
2024-05-29,422.5296325683594,424.27223522977,419.1034664398289,419.1034664398289,15517100
2024-05-30,408.25396728515625,417.7349403773821,407.8305976923989,417.7349403773821,28394500
2024-05-31,408.70684814453125,410.3017776619535,398.2511723788605,410.3017776619535,47995300
2024-06-03,407.1217346191406,409.98671278257075,402.59293289369214,409.10064418608687,17484700
2024-06-04,409.6322937011719,409.9965640062738,403.34114963612075,406.04859979558495,14348900
2024-06-05,417.449462890625,417.5183569725432,409.8587351784671,411.3453811328119,16988000
2024-06-06,417.9515075683594,418.72929252757683,414.072467704925,417.44941908945174,14861300
2024-06-07,417.2919006347656,419.6842947543912,416.45504642365455,419.60554579064143,13621700
2024-06-10,421.249755859375,421.45649821147657,417.3313558315188,418.1288206635897,13982900
2024-06-11,425.9853210449219,426.1231693068597,418.670289453605,418.89674157876317,14551100
2024-06-12,434.2356262207031,436.5394165910894,426.54647009815636,428.58444890305617,22366200
2024-06-13,434.7476501464844,436.52967260389505,432.5718527345657,434.02896428414414,15960600
2024-06-14,435.7222900390625,436.2834778568933,429.96279885352675,431.49865916361745,13582000
2024-06-17,441.43255615234375,443.96279884211964,433.90092737019853,435.7419888452348,20790000
2024-06-18,439.4339599609375,443.1751821409538,438.00641324566425,442.75181252074634,17112500
2024-06-20,438.8038330078125,439.6209774531351,434.442354200725,439.39452535605096,19877400
2024-06-21,442.82073974609375,443.6083496603445,439.60134591371855,440.45787995794916,34187100
2024-06-24,440.743408203125,445.74479433203504,439.5028940256874,442.8404263927747,15913700
2024-06-25,443.97265625,444.4353853435752,439.83762902888526,441.3144201727987,16413400
2024-06-26,445.1639099121094,446.5816317625772,441.25533495755695,442.05279974277113,16507000
2024-06-27,445.8432312011719,449.1118693221635,444.7799248025884,445.18358463488477,14806300
2024-06-28,440.0345458984375,448.3341049043701,439.50289267468526,446.059848949654,28362300
2024-07-01,449.6632080078125,450.2932899171113,438.7644825324962,441.71806471797646,17662800
2024-07-02,452.1737365722656,452.4789376582484,446.09918938158694,446.18782328625804,13979800
2024-07-03,453.6407165527344,453.8868484229565,450.79544775657115,451.1006488720151,9932800
2024-07-05,460.32562255859375,461.10340760685847,451.8685359116121,452.4986178155469,16000300
2024-07-08,459.0260314941406,460.46346308739743,457.2735739768986,459.33123257528905,12962300
2024-07-09,452.4297180175781,460.09916463101644,450.91353744838284,459.77428381745585,17207200
2024-07-10,459.035888671875,459.24263100795065,451.76021694759896,454.0837171765978,18196100
2024-07-11,447.66461181640625,457.5886345893225,444.5633265323156,455.81649732303464,23111200
2024-07-12,446.5323791503906,449.29889867197954,443.67725577045155,447.3003093014831,16324300
2024-07-15,446.93603515625,450.1849934949163,444.44518211930125,446.28624348851673,14429400
2024-07-16,442.56475830078125,447.27079820143007,439.7490242805094,447.19204922721934,17175700
2024-07-17,436.6575622558594,437.9670004651751,432.38471713490526,435.74195902538145,21778000
2024-07-18,433.55633544921875,437.7701116080265,427.6787055457858,437.46491051123894,20794800
2024-07-19,430.3467712402344,434.3144456334854,425.31585048613374,426.39883667006126,20940400
2024-07-22,436.0865478515625,437.72086686190295,432.1189038234256,434.95434740544323,15808800
2024-07-23,437.967041015625,441.4522765923751,436.24411798255437,437.0317279223722,13107100
2024-07-24,422.2637939453125,434.64916540683873,420.9740654607642,433.6351033912307,26805800
2024-07-25,411.9262390136719,423.1498448431678,411.0500252919827,422.1653174889069,29943800
2024-07-26,418.68994140625,422.28349032231534,410.8137224917234,411.7293557750341,23583800
2024-07-29,420.1274108886719,425.46353285919287,418.12882136064246,424.9023450000168,15125800
2024-07-30,416.3763732910156,422.4115014796213,410.90237288373,421.10209315676275,32687600
2024-07-31,411.8770751953125,415.25399722383173,405.83206207673004,413.99380325758636,42891400
2024-08-01,410.6562194824219,420.8460843318748,406.69843005351635,414.27930323794226,30296400
2024-08-02,402.1695556640625,408.57883813707474,398.08377329176966,406.10766494731143,29437900
2024-08-05,389.03594970703125,394.8348298232827,379.6140164017355,383.1484957861814,40709200
2024-08-06,393.4269714355469,399.39323499306323,392.3341604668248,393.81095153508136,24946500
2024-08-07,392.2652893066406,403.73502880977026,391.32015130804484,402.3173368345742,20650900
2024-08-08,396.4593505859375,399.58028569311574,393.7519001712231,396.2132187300544,20203000
2024-08-09,399.73779296875,401.73638233312255,396.03599047899144,397.77859311198716,19276700
2024-08-12,400.515625,402.4354656198074,397.9853821448799,400.76175687200634,16762900
2024-08-13,407.6042175292969,408.52967573215994,403.23291326546496,403.2525929980432,19414300
2024-08-14,410.41009521484375,411.2568044389076,406.0683556338293,408.38197108714223,18267000
2024-08-15,415.2626953125,415.34158622213624,411.9388626649199,414.0495331175792,20752100
2024-08-16,412.7377624511719,415.5684441235936,411.5837759699612,414.83859034033384,22775600
2024-08-19,415.7558898925781,415.9728775412764,410.75533141999813,413.2210864735919,15234000
2024-08-20,418.98101806640625,420.0264956299884,415.864330676567,415.9235063802004,16387600
2024-08-21,418.3301086425781,420.55913050260955,415.943244764668,418.27090283610073,16067300
2024-08-22,409.85772705078125,420.94378045645306,408.9306008917766,418.5470440541718,19361900
2024-08-23,411.080810546875,413.51697764071497,406.4451792024677,411.26821033098173,18493800
2024-08-26,407.8259582519531,411.5640508373135,405.7054152115458,410.6665125068156,13152800
2024-08-27,408.171142578125,408.68400868994763,404.63032264758425,407.2045559563185,13492900
2024-08-28,404.9755554199219,409.315277644923,401.73061382710534,409.19692623598894,14882700
2024-08-29,407.4610595703125,416.26872882049446,404.975589475056,409.2561363555491,17045200
2024-08-30,411.4259948730469,411.7711764633265,406.4846126518204,409.90708149754283,24308300
2024-09-03,403.83148193359375,414.1284769320411,401.4544905684809,412.1854608426902,20313600
2024-09-04,403.2988586425781,405.6068015782242,398.830912042889,400.3498254636215,15135800
2024-09-05,402.7958068847656,407.4412799387572,400.5667551830583,402.036335234427,14195500
2024-09-06,396.1974792480469,405.02486305915306,395.3097834719027,403.4566466739337,19609500
2024-09-09,400.16241455078125,403.0522719406784,396.6413094868822,401.6615826272171,15295100
2024-09-10,408.5262756347656,410.627073483588,402.11531302402886,402.6084639940855,19594300
2024-09-11,417.2451477050781,418.1821164133012,403.9695029843538,409.80842324527,19266900
2024-09-12,421.15093994140625,421.51586685329676,414.00025068010603,417.51148327493246,17395700
2024-09-13,424.6917419433594,425.914746697553,419.6320082561189,419.9969351521576,15874600
2024-09-16,425.43145751953125,427.5914610863902,422.3542004104568,424.70160374609685,13834700
2024-09-17,429.18927001953125,435.79750485485505,426.3487157034463,434.1997005769437,18874200
2024-09-18,424.90875244140625,430.05724996700025,424.5142376703877,429.04136013434226,18898000
2024-09-19,432.6807861328125,435.452292084435,430.91529729082623,435.1860014052933,21706600
2024-09-20,429.3076171875,433.22323693457605,428.27201223229315,431.23091793236443,55167100
2024-09-23,427.5717468261719,430.48131937501944,424.4944897103184,428.3311884542686,15128900
2024-09-24,423.2912292480469,427.4139642542688,420.2632749795507,427.06875254523504,17015800
2024-09-25,426.1909484863281,427.1871231515397,422.69946103119116,423.94218110016,13396400
2024-09-26,425.4018859863281,429.3372210826113,423.251754987828,429.1301061037402,14492000
2024-09-27,422.1569519042969,425.9345052473445,421.61449786891575,425.60900874647825,14896100
2024-09-30,424.40570068359375,424.52408219664926,419.54323948144145,422.3443332995087,16807300
2024-10-01,414.9273681640625,422.61066875300435,413.07311568923785,422.58108089859957,19092900
2024-10-02,411.4161376953125,417.0281982052677,411.00187763203274,416.7914652693021,16582300
2024-10-03,410.8341979980469,413.8029462214933,408.61501874387466,411.90926344701154,13686400
2024-10-04,410.36077880859375,414.00023534021534,409.28571331626097,412.5109097932594,19169700
2024-10-07,403.93011474609375,411.39639773757887,403.3975032576847,410.3016170053712,20919800
2024-10-08,409.0292663574219,409.966265233936,402.57887338489604,405.27145839926953,19229300
2024-10-09,411.7415466308594,414.6215611700433,408.62482928829195,410.16345770936994,14974300
2024-10-10,410.1438293457031,411.63315503124784,407.49067449772366,409.5421995598772,13848400
2024-10-11,410.6172180175781,411.41612015597997,407.589263932771,410.4396908978323,14144900
2024-10-14,413.39862060546875,418.2314942204609,411.8007861364326,412.0473616280092,16653100
2024-10-15,413.0040588378906,416.69284850861214,409.57174739931537,416.3969398711013,18900200
2024-10-16,410.4199523925781,410.65665522282575,404.85722518493617,409.4829836231505,15508900
2024-10-17,411.0117492675781,416.7125733271007,409.89722324961605,416.57447660649984,14820000
2024-10-18,412.4320373535156,413.90161766396704,410.5580696214905,411.4260201751563,17145300
2024-10-21,413.04351806640625,413.22104518863654,408.08242059822123,410.4199513395574,14206100
2024-10-22,421.6539611816406,424.68188532771023,412.3136804024992,412.75749822543423,25482200
2024-10-23,418.7838134765625,425.17503084101816,416.74216121867397,424.9580432083023,19654400
2024-10-24,418.9120178222656,420.144895200207,416.6139175340375,419.5037748840412,13581600
2024-10-25,422.2851867675781,426.5953216047658,420.72684288279277,420.914242666979,16899100
2024-10-28,420.7465515136719,426.02327304477956,420.46051551603273,425.74710969864265,14882400
2024-10-29,426.0331115722656,427.23640107681365,419.96733089551304,422.1372070838931,17644100
2024-10-30,426.6051940917969,432.4934181148105,426.1810914644013,431.44794042425275,29749100
2024-10-31,400.7837829589844,410.4594021869807,400.7344498042727,409.6703426075015,53971000
2024-11-01,404.7486877441406,409.8084210802644,401.91800623395363,403.40733166804887,24230400
2024-11-04,402.8648681640625,404.7980415718176,400.01447130701087,404.18650910637746,19672300
2024-11-05,405.8237609863281,409.2166418436789,402.4900558335031,402.7760918050739,17626000
2024-11-06,414.4243469238281,414.69066771455005,404.8966664565658,406.77066424480597,26681800
2024-11-07,419.6023864746094,421.0029483375747,414.12842327754487,415.5092398399127,19901800
2024-11-08,416.7520446777344,420.65779206836214,416.00244554535874,419.4939629624982,16891400
2024-11-11,412.2840576171875,418.9908983471605,410.3015812107333,416.7322586188732,24503300
2024-11-12,417.2353210449219,418.626010434167,411.48519380527927,412.52079883366196,19401200
2024-11-13,419.37554931640625,423.4489505825368,412.4812790708163,415.86431721659767,21502200
2024-11-14,421.0424499511719,422.30491523139983,414.24681513135374,419.17832483529844,30246900
2024-11-15,409.3153076171875,417.0084507566798,407.9739514183208,414.06929022111444,28247600
2024-11-18,410.06494140625,412.66876311229754,406.45507236642675,409.1871181522339,24727000
2024-11-19,412.06707763671875,412.2150169012381,405.912533336808,407.4511618868994,18133500
2024-11-20,409.7985534667969,411.57391488876465,404.9558076834049,411.1596548604422,19191700
2024-11-21,408.0295715332031,414.85856338751086,405.47983232208855,414.5818472703372,20780200
2024-11-22,412.1111755371094,412.50647998528166,406.2408124943726,406.54717570369087,24814600
2024-11-25,413.88018798828125,416.1433187151558,409.9863774439722,413.474991137145,27691100
2024-11-26,422.9722900390625,424.0099980685231,413.93946191933657,414.6707766023476,23458900
2024-11-27,418.03094482421875,422.22125646736464,417.07231569319254,420.12608556589345,18332400
2024-11-29,418.49542236328125,419.8987878079345,412.90177557031507,415.16493646523105,16271900
2024-12-02,425.9272766113281,427.92358362660957,416.37063273208213,416.62759418862754,20207200
2024-12-03,426.1446838378906,427.3997836787713,422.72522667678595,424.80061260374794,18302000
2024-12-04,432.2917785644531,434.5153999624501,427.55792723241916,427.95323167121506,26009400
2024-12-05,437.4307556152344,439.4468472719849,431.05639296725934,432.78587611481566,21697800
2024-12-06,438.36968994140625,440.87002757046025,436.5907746503493,437.1145598403157,18821000
2024-12-09,440.79095458984375,443.0738702753144,435.3356806411524,437.411066762434,19144400
2024-12-10,438.1324462890625,444.34871163189086,436.42274787532307,439.1800467406791,18469500
2024-12-11,443.72607421875,445.0701453909691,438.84398789693245,438.84398789693245,19200200
2024-12-12,444.2894592285156,450.8120883738138,443.84472286141465,443.84472286141465,20834800
2024-12-13,442.0262756347656,446.13750815775296,440.3560864798084,443.1825720342727,20177800
2024-12-16,446.29559326171875,446.87867253224385,440.0595735829624,442.0262333394617,23598800
2024-12-17,449.1319885253906,449.9522746519603,444.2993336430134,445.7224537683285,22733500
2024-12-18,432.26214599609375,447.3432204529913,431.89645846414146,446.02882636391814,24444500
2024-12-19,431.9062805175781,437.9841721873849,431.2046129674818,436.44246396362297,22963700
2024-12-20,431.4813537597656,438.53762947103075,423.6047919913248,428.03224964237955,64263700
2024-12-23,430.147216796875,432.5190736490341,427.755575118412,431.619738686297,19152500
2024-12-24,434.1793212890625,434.4461751355928,429.09959787026054,429.5541964268554,7164500
2024-12-26,432.9736633300781,435.7705018127553,431.5110338839644,433.9322924323696,8194200
2024-12-27,425.4825744628906,430.11759250731205,421.35158695918557,429.5048660553498,18117700
2024-12-30,419.8493347167969,422.53744699473475,416.95369289645987,421.0649252132939,13158700
2024-12-31,416.55841064453125,421.72710593306806,415.72826227096317,421.1044871129431,13246500
2025-01-02,413.6726379394531,421.0748471756245,409.98638702094667,420.54116958363784,16896500
2025-01-03,418.38671875,419.0587393010629,414.62138898974536,416.1433125624827,16662900
2025-01-06,422.8339538574219,429.2281017096726,420.4917442238413,422.98218924692804,20573600
2025-01-07,417.418212890625,425.6011386030249,415.8666120215368,423.9704889084133,18139100
2025-01-08,419.5825500488281,421.96429936103294,416.5979667184096,418.49544017357744,15054600
2025-01-10,414.0382995605469,419.73074959963856,410.15435142162687,419.651700779007,20201100
2025-01-13,412.2989196777344,413.5935589908242,407.456372689251,410.3717691669062,17604800
2025-01-14,410.7967529296875,414.8190138642203,405.90477401390683,412.9116481684101,16935900
2025-01-15,421.3119812011719,423.1304056035061,413.3662329233126,414.2161660512409,19637800
2025-01-16,419.60223388671875,424.45467293276505,419.4144891834001,423.6739565648765,15300000
2025-01-17,424.0001220703125,429.386239236107,423.1502190446997,429.0007970548674,26197500
2025-01-21,423.476318359375,425.8481750206776,420.61032363697626,425.1563998310193,26085700
2025-01-22,440.96881103515625,442.0262435482701,430.88838267920255,432.4300909934364,27803800
2025-01-23,441.47283935546875,441.5123788470024,436.3239289556834,436.81806704057095,18389300
2025-01-24,438.8538818359375,441.41351331157875,436.22506379505893,439.9409915761193,15549500
2025-01-27,429.46527099609375,430.0977821935737,418.53493945291683,419.0389699284215,35647800
2025-01-28,441.95709228515625,443.1232508667098,426.32255685114393,429.5048071593075,23491700
2025-01-29,437.1441650390625,441.6408395030523,435.23679935643304,441.45306462654537,23581400
2025-01-30,410.1247253417969,417.90245411076046,408.3161931892364,413.86040812362955,54586300
2025-01-31,410.19390869140625,415.7579084081136,410.0456732964256,414.06796458574274,34161900
2025-02-03,406.1024475097656,410.53979775772405,403.8689337668832,406.774468051233,25679100
2025-02-04,407.53546142578125,409.067307667959,404.9362901326214,407.85171705562664,20532100
2025-02-05,408.4446716308594,408.97831905399164,405.5885389886856,407.515689607161,16316700
2025-02-06,410.9449768066406,413.29707875974475,409.1463070589971,409.1463070589971,16309800
2025-02-07,404.9461669921875,413.7418190108213,403.31551731813784,411.59727657785896,22886800
2025-02-10,407.38720703125,410.5892121947109,406.10246006462063,408.85972888435845,20817900
2025-02-11,406.6163635253906,407.65404147500567,404.50143797348676,404.83747842325164,18140600
2025-02-12,404.2444763183594,405.93442005448907,399.6292135248499,402.435914112503,19121700
2025-02-13,405.7268981933594,406.1814967766394,401.5958809737979,402.2283921851393,23891700
2025-02-14,403.6416015625,404.1159849495273,401.1215095634391,403.00912053959007,22758500
2025-02-18,404.8374938964844,405.7862306432336,401.7342920226082,403.2167063843153,21423100
2025-02-19,409.9072570800781,410.6188170610077,402.8707362463259,403.098050601273,24114200
2025-02-20,412.0759582519531,415.2249706128277,408.520936591177,411.24414537664296,23508700
2025-02-21,404.23309326171875,413.9772255480723,403.9162337604133,413.27415103230015,27524800
2025-02-24,400.0641174316406,405.38179653354615,395.4297185716828,404.5301894031576,26443700
2025-02-25,394.0235595703125,398.00441513588805,392.8352683816966,397.1923965138258,29387400
2025-02-26,395.83575439453125,399.66804717869115,390.40913086553707,394.13250979931917,19619000
2025-02-27,388.70587158203125,401.78716793671936,388.3493932994261,397.3607146060961,21127400
2025-02-28,393.1224365234375,393.7562160246685,382.8039671137811,388.83463352266693,32845700
2025-03-03,384.7052307128906,394.93461038215554,382.39794340981075,394.93461038215554,23007700
2025-03-04,384.82403564453125,388.75535997703025,377.2881889484286,379.6648014174362,29342900
2025-03-05,397.1131286621094,397.7568203379533,385.02209070764377,385.5469260754551,23433100
2025-03-06,393.0234375,398.23217304119834,388.8544303529959,390.438848896208,23304600
2025-03-07,389.4782409667969,390.9537152215687,381.7839497660617,388.49789554600386,22034100
2025-03-10,376.4563903808594,382.6355890788174,373.5450301742595,382.08104715568106,32840100
2025-03-11,376.74359130859375,382.23950999896846,373.2380702422645,375.30770541349494,30380200
2025-03-12,379.53607177734375,381.4670864515663,375.2581813231993,379.21921226907705,24253600
2025-03-13,375.07989501953125,381.5661010325616,373.7727778338423,379.42714079198,20473000
2025-03-14,384.7745666503906,386.42831046600287,375.8127456880931,376.0801044136148,19952800
2025-03-17,384.9132080078125,388.88412112316473,381.813696346666,382.9326924641042,22474300
2025-03-18,379.7836608886719,383.59615946585757,377.38725393405446,383.29909421372145,19486900
2025-03-19,384.0417785644531,385.8836435250732,380.2589866011294,381.7740797920575,19185500
2025-03-20,383.07135009765625,387.97313863322194,379.5460345045817,381.98206039861145,18470500
2025-03-21,387.4482727050781,387.92357710345186,379.07067004050685,379.4865916093534,39675900
2025-03-24,389.2505187988281,391.54792412450786,386.012386704804,391.54792412450786,21004500
2025-03-25,391.3102111816406,392.49850221302626,388.81477281749244,390.08230138312933,15775000
2025-03-26,386.1708068847656,391.4587795188397,384.784452111458,391.1518020411883,16108400
2025-03-27,386.77490234375,388.41873402068063,383.6258895962636,386.3293044381274,13766800
2025-03-28,375.109619140625,385.3389984995421,373.2578420054409,384.2992097422753,21632000
2025-03-31,371.7328796386719,373.3965054432232,363.6622546184452,368.91063894364476,35184700
2025-04-01,378.46661376953125,379.120187514209,369.59391274714585,371.00006183577835,19689500
2025-04-02,378.4171142578125,381.32844426453147,372.95087209109226,374.2877261088344,16092600
2025-04-03,369.47503662109375,373.80248816308017,365.75168821202425,371.1386925275575,30198000
2025-04-04,356.3343200683594,370.94062085342546,355.97784180916346,360.5825339787073,49209900
2025-04-07,354.3736267089844,367.3856281525139,341.43098078163547,347.4616469003483,50425000
2025-04-08,351.1058044433594,370.00982228854286,346.8377957272636,364.6723484414274,35868900
2025-04-09,386.6857604980469,389.3990874327872,349.6600368937789,350.09575274548115,50199700
2025-04-10,377.6347961425781,380.1599412978202,364.21678559967916,378.33787067807094,38024400
2025-04-11,384.6656494140625,386.25003769690613,375.1987873888056,376.93173851590154,23839200
2025-04-14,384.0318908691406,390.80525087459347,380.46695659777833,389.38918941494444,19251200
2025-04-15,381.97210693359375,388.0720978871573,380.4173951184577,384.72502208345617,17199900
2025-04-16,367.98968505859375,377.892263018399,364.4148689208335,376.9614484928254,21967800
2025-04-17,364.1969909667969,370.6732850580017,363.31567729138493,370.10883089247193,21120200
2025-04-21,355.62139892578125,360.92919678600947,352.2050274305898,359.28536510699473,20807300
2025-04-22,363.2463073730469,364.18703397976344,356.3540925801715,359.8398187430779,19485000
2025-04-23,370.7426452636719,376.6841922722663,369.38596664501534,372.396358924379,20545500
2025-04-24,383.52679443359375,384.6656149627633,371.53478821384334,372.0398293104223,22232300
2025-04-25,388.0325012207031,388.33947870228997,380.8531326101871,383.2297451406492,18973200
2025-04-28,387.3492736816406,388.9138678258888,382.87331896974945,388.1414678928573,16579400
2025-04-29,390.201171875,391.2508426713115,386.5768248872523,387.48784509297593,14974000
2025-04-30,391.4092712402344,392.79562598704683,380.69467558939255,386.49757125114587,36461100
2025-05-01,421.25567626953125,432.7327609318022,420.7605473528486,426.91004003637113,58938100
2025-05-02,431.03936767578125,435.15884330772667,425.8008960147878,427.5338469786456,30757400
2025-05-05,431.9207458496094,435.2182909345157,427.9002714913439,428.652877068793,20136100
2025-05-06,429.0885925292969,433.46554517602334,426.9694566129341,427.9894209087166,15104200
2025-05-07,429.12823486328125,433.8517538131467,426.9100367836598,429.6134515274466,23295300
2025-05-08,433.9012756347656,439.34769356127396,431.4157188741818,433.66359321182534,23491300
2025-05-09,434.455810546875,436.4462081525218,431.63356980482325,435.7134270593174,15324200
2025-05-12,444.88323974609375,444.99215360101994,435.495584693897,441.59557651706575,22821900
2025-05-13,444.764404296875,446.2794975271711,441.021200788799,443.41763796979524,23618800
2025-05-14,448.52734375,449.4779827199474,443.7741186799948,443.7741186799948,19902800
2025-05-15,449.5392761230469,452.57502540604634,446.860659567107,447.1979616790238,21992300
2025-05-16,450.67022705078125,450.7595102326154,445.17414935289,448.4678177382938,23849800
2025-05-19,455.2337951660156,455.948090917999,447.22773658664954,447.30711960117503,21336500
2025-05-20,454.5393371582031,454.70797307292094,450.71983965496236,451.9797648957129,15441800
2025-05-21,448.9837341308594,454.1524403651085,448.22974686474834,450.967885651573,19216900
2025-05-22,451.2555847167969,456.6028878213618,450.3032004241896,451.34489818162797,18025600
2025-05-23,446.6126403808594,450.0948358464348,445.3527151156796,446.4142434023006,16883500
2025-05-27,457.03936767578125,457.29731705224054,452.5055743512772,452.86273735527834,20974300
2025-05-28,453.7357482910156,458.8548627693229,453.3091629867606,457.56517641086623,17086300
2025-05-29,455.0453186035156,458.0612374989779,451.702028016876,457.89257129241645,13974800
2025-05-30,456.71197509765625,458.0215223462663,451.9301930198663,456.07706236471586,34770500
2025-06-02,458.3092041015625,458.44807895367734,453.2694729574846,453.5174918780263,16626500
2025-06-03,459.3013000488281,460.4620419695056,457.20800452370844,457.8131864599202,15743800
2025-06-04,460.1941223144531,461.9997072455568,459.35085196524574,460.32309699178137,14162700
2025-06-05,463.9739990234375,465.9283895442318,460.35292843866904,461.2755516588244,20131700
2025-06-06,466.6525573730469,469.5890928719542,465.06523024972654,466.3648469522318,15285600
2025-06-09,469.00384521484375,469.6784495081475,464.90656722268056,465.9780260656937,16469900
2025-06-10,467.18829345703125,469.0533703074369,463.2596519580402,467.45614299188406,15375900
2025-06-11,468.8748474121094,471.7022694228479,465.9383115986028,466.29544434484353,16399200
2025-06-12,475.07525634765625,476.61299175337194,469.76764562448443,471.25575908280854,18950600
2025-06-13,471.1962890625,475.3828499324856,469.0137405811006,472.6348110082228,16814500
2025-06-16,475.3431701660156,476.8808754060361,471.23596219473825,471.44428961660435,15626100
2025-06-17,474.25189208984375,474.9463269378011,470.3232503868908,471.63279762120845,15414100
2025-06-18,476.4344482421875,477.1884355000323,470.70025162122124,474.21220825159133,17526500
2025-06-20,473.616943359375,479.62891980922967,473.09114443804276,478.4086860483398,37576200
2025-06-23,482.1488037109375,483.884936234588,468.76571183115124,474.42052531416374,24864000
2025-06-24,486.2261962890625,487.9524285572733,482.9424282150726,485.07541514458467,22305600
2025-06-25,488.36907958984375,490.64094135329833,485.5119270894243,488.1409215620263,17495100
2025-06-26,493.508056640625,494.09337765578726,488.9048109762518,489.07347716233096,21578900
2025-06-27,492.010009765625,495.34336948151105,489.12306593539506,493.60723706055035,34539200
2025-06-30,493.4683837890625,496.79184348109624,491.404849352638,493.1013206195562,28369000
2025-07-01,488.15087890625,494.1033336285329,487.0893808236798,492.53586720632853,19945400
2025-07-02,487.198486328125,489.5893925672679,484.82744098086494,486.107196925814,16319600
2025-07-03,494.8870849609375,496.16687121115365,489.52988173373706,489.89694493303733,13984800
2025-07-07,493.77593994140625,494.7977767455099,491.3056810299541,493.4386378219278,13981600
2025-07-08,492.68463134765625,494.25212791462184,490.1945116420166,493.2997134401056,11846600
2025-07-09,499.5200500488281,502.76412671878114,495.77990524850594,496.3354652236218,18659500
2025-07-10,497.50616455078125,500.4427003321828,493.80571105535574,499.0637004891913,16492100
2025-07-11,499.33154296875,501.0279839194423,493.85526578992295,494.51996982276876,16459500
2025-07-14,499.033935546875,499.9764196247383,497.0597144820079,497.5458219138798,12058800
2025-07-15,501.811767578125,504.2720960834484,498.80577924001653,499.03393728805895,14927200
2025-07-16,501.61334228515625,502.70463167926073,497.9129190668174,501.1768265275145,15154400
2025-07-17,507.6451721191406,509.3019216630888,501.61333461976557,501.67285674255714,17503100
2025-07-18,506.0082092285156,510.5618634291492,503.40897568442307,510.4030974050004,21209700
2025-07-21,506.01812744140625,508.0320701704435,501.54385636100875,502.69466780228106,14066800
2025-07-22,501.26611328125,507.1491456054249,501.26611328125,506.92095727911294,13868600
2025-07-23,501.861328125,502.77405108780124,496.7323137246232,502.7343595827018,16396600
2025-07-24,506.8316345214844,509.5995039044367,503.27998658866585,504.73833906736274,16107000
2025-07-25,509.6392517089844,514.1829150146133,506.3157616392057,508.409026924469,19125700
2025-07-28,508.4388427734375,510.91903225038106,506.0776975472671,510.0063394772861,14308000
2025-07-29,508.5082702636719,513.5182406496896,507.50626407616875,511.4448362580723,16469200
2025-07-30,509.1729431152344,511.86149016920456,505.4030674134904,511.08764202727673,26380400
2025-07-31,529.2723388671875,551.0484106553389,527.6850421089878,550.8301225339796,51617300
2025-08-01,519.956787109375,531.5541546097426,516.7325410439772,530.7605061500977,28977600
2025-08-04,531.3954467773438,533.9847498429226,523.9449485218581,524.0838536533402,25349000
2025-08-05,523.5679931640625,533.0423047576313,523.0620248277625,532.9232605080902,19171600
2025-08-06,520.7802124023438,527.4866537198485,519.8774501718309,526.6930052823053,21355700
2025-08-07,516.7127075195312,523.9052559727172,513.4487398823029,522.6254396329194,16079100
2025-08-08,517.9031982421875,520.502431840537,515.2940341981842,518.4587582353118,15531000
2025-08-11,517.6354370117188,523.4093257403006,515.6016330725902,518.1612057268388,20194400
2025-08-12,525.0462036132812,526.7724058726347,518.5580494708657,519.5997169841131,18667000
2025-08-13,516.454833984375,528.4787877679453,515.2544004746543,527.8934364066101,19619200
2025-08-14,518.3396606445312,521.7821945996749,516.0182375574066,518.4190436500928,20269100
2025-08-15,516.0479736328125,521.9309749680182,514.9666450837208,518.627406652342,25213300
2025-08-18,513.0023193359375,518.6770238166106,509.9467697824549,517.4567900842618,23760600
2025-08-19,505.7304382324219,511.0777107186651,504.5201046206217,510.91900524319027,21481000
2025-08-20,501.7125549316406,506.9507137373093,500.4426991689255,505.829663283555,27723000
2025-08-21,501.066650390625,504.4353306174317,499.5562271428435,500.5201238427197,18443300
2025-08-22,504.0378112792969,507.51578439064156,499.248138173549,501.07655468445085,24324200
2025-08-25,501.0865173339844,504.9917771303553,500.9473838488724,503.44159720621536,21638600
2025-08-26,498.8804626464844,501.8019624337255,495.37267961289456,501.18583887731603,30835700
2025-08-27,503.5509033203125,504.09746017877256,496.75395340313815,498.8407434548062,17277900
2025-08-28,506.4326477050781,507.87350408410515,502.3186878124423,503.89867767213724,18015600
2025-08-29,503.5011901855469,506.39287997665497,501.3150235761296,505.458793364042,20961600
2025-09-02,501.9410705566406,502.81553721257154,493.68337117589067,497.32034095368414,18128000
2025-09-03,502.1696472167969,504.5942937991858,499.1587173668126,500.6194673133705,16345100
2025-09-04,504.77313232421875,504.95199223037696,499.983459333639,501.1262158347851,15509500
2025-09-05,491.884765625,508.74796779288187,489.27131242222254,505.86622472604114,31994800
2025-09-08,495.06463623046875,498.04575600626316,491.91457299081776,494.97517595073856,16771000
2025-09-09,495.2733154296875,499.0891451753406,494.5677922273047,498.27429847652155,14410500
2025-09-10,497.2209777832031,500.06299449245154,493.5939546766565,499.81456783685906,21611800
2025-09-11,497.8569641113281,500.00337405269875,494.7466575341409,499.08915061774627,18881600
2025-09-12,506.6910095214844,509.32432605160386,500.67909648146514,503.4614629424367,23624900
2025-09-15,512.1166381835938,512.2259313574772,503.80926524972944,505.58800862213144,17143800
2025-09-16,505.8364562988281,513.9748860992247,505.39922293408733,513.6271130220401,19711900
2025-09-17,506.81024169921875,508.07226852063866,502.74598524416496,507.4064717390096,15816600
2025-09-18,505.2501525878906,509.84107240669834,504.4651158521554,508.270998935228,18913700
2025-09-19,514.6705322265625,516.0319056285313,507.09849160720086,507.34691829589656,52474100
2025-09-22,511.21240234375,514.48167541423,509.3143886623668,512.3452424901319,20009300
2025-09-23,506.0252380371094,511.35152134239047,504.1173079645634,510.56645428814153,19799600
2025-09-24,506.9394226074219,509.2547456727144,503.72976965544393,507.16798604562155,13533700
2025-09-25,503.83905029296875,506.8003068435259,501.8615838862597,505.1010467430239,15786500
2025-09-26,508.2411804199219,510.70558375978015,503.4316440082871,506.849997214163,16213100
2025-09-29,511.3613586425781,513.5971983462931,505.6773863749633,508.28089264453985,17617800
2025-09-30,514.6903686523438,514.8990082310244,506.45253207823936,510.0099885223437,19728200
2025-10-01,516.439208984375,517.2341620265153,508.4696637232757,511.5600762745242,22632300
2025-10-02,512.4942626953125,518.3173691617891,507.4661094259624,514.3823296081488,21222900
2025-10-03,514.0940551757812,517.2143082734997,511.75886906280147,513.8456285403139,15112300
2025-10-06,525.2435302734375,527.6880704621805,514.9387971845453,515.3461902238155,21388600
2025-10-07,520.682373046875,526.4657528279373,518.1583800775612,524.9652461341774,14615200
2025-10-08,521.5468139648438,523.6336339322414,519.7979415330736,519.9867481874902,13363400
2025-10-09,519.1123046875,521.0301509722098,514.143772141299,519.0526847229869,18343600
2025-10-10,507.74432373046875,520.2849266906686,506.42270727517143,516.3697201998212,24133800
2025-10-13,510.81488037109375,513.1600134586593,508.45980051307464,513.1600134586593,14284200
2025-10-14,510.3379211425781,512.0371813139038,502.8155546768959,507.01894463812107,14684300
2025-10-15,510.19879150390625,513.93513816427,506.7903850161382,511.71919177145384,14694700
2025-10-16,508.3902587890625,513.5972720757079,504.93217895922305,509.35418580491137,15559600
2025-10-17,510.3478698730469,512.235876086287,504.1173098719632,505.8364332653001,19867800
2025-10-20,513.5376586914062,515.4356724346321,510.1988187679518,511.3713853844849,14665600
2025-10-21,514.4021606445312,515.4257076122852,509.81124074780416,514.2431942660954,15586200
2025-10-22,517.2640380859375,521.9245247034462,514.4518919333965,517.8702452376143,18962700
2025-10-23,517.2838745117188,520.6525542416625,515.3461346267313,519.1719411998674,14023500
2025-10-24,520.3146362304688,522.0436758041421,517.4329238246899,519.4997896375017,15532400
2025-10-27,528.1749877929688,531.2157277722118,525.6807743511338,528.4333612309177,18734700
2025-10-28,538.6585083007812,550.2351530342114,537.3667019364588,546.5385938392855,29986700
2025-10-29,538.1417846679688,542.8321112501552,533.3521116884923,541.5104645203966,36023000
2025-10-30,522.4512329101562,531.6032326010347,518.834126044735,527.1414993194383,41023100
2025-10-31,514.5512084960938,525.9887810857076,511.85824179468614,525.5515477587454,34006400
2025-11-03,513.776123046875,521.6562086548496,511.3514766558802,516.5385956979154,22374700
2025-11-04,511.0931701660156,512.3054631947169,504.64399323613884,508.53933673798264,20958700
2025-11-05,503.96826171875,511.5900049686576,503.39189488693165,510.06960470137113,23024300
2025-11-06,493.9715576171875,502.51744045426454,492.6896676102462,502.47768369906356,27406500
2025-11-07,493.6933288574219,496.2372153715257,490.1457889557352,493.8225155697467,24019800
2025-11-10,502.8155517578125,503.66020845333964,495.66085193460816,496.8930687697553,26101500
2025-11-11,505.47869873046875,506.39292220487647,499.1885488885237,501.62311202080633,17980000
2025-11-12,507.9232177734375,508.4498810705414,495.9788447581273,506.1543908722183,26574900
2025-11-13,500.12261962890625,510.2683558569415,498.13520636364063,507.09842927280135,25273100
2025-11-14,506.96923828125,508.38031503091224,494.30942559248354,495.0944623167857,28505700
2025-11-17,504.296142578125,508.8970088955905,501.7323929449627,505.2501227292945,19092800
2025-11-18,490.6824035644531,499.8145698875434,483.71651040889276,492.2524466910109,33815100
2025-11-19,484.0543518066406,492.0735713081103,479.79134202204426,487.0156083775533,23245300
2025-11-20,476.308837890625,491.38172816347884,473.39183555424523,490.525525238351,26802500
2025-11-21,470.0268249511719,476.796695003642,466.19388806310616,476.3785437287191,31769200
2025-11-24,471.89849853515625,474.7856351712577,465.94500021095376,472.8940649877621,34421000
2025-11-25,474.8752136230469,477.0256407210385,462.82888433135173,471.9681767111092,28019800
2025-11-26,483.3475341796875,486.14507360501653,479.06661039650686,484.1539406114854,25709100
2025-11-28,489.82867431640625,490.44592067381114,484.49242217644115,485.4382224868377,14386700
2025-12-01,484.5820007324219,487.68816317334665,482.5012705124726,486.27447583839387,23964000
2025-12-02,487.82757568359375,491.312058367048,484.16389832530854,484.56211884124775,19562700
2025-12-03,475.6119689941406,482.09308589504883,473.0931871020635,474.2082166599713,34615100
2025-12-04,478.70819091796875,479.1860737742951,474.377470578239,477.6329924690825,22318200
2025-12-05,481.01788330078125,481.2568095233099,476.7568601661199,480.3807061976695,22608700
2025-12-08,488.8430480957031,490.11737199051475,482.2325023858298,482.74025101921535,21965900
2025-12-09,489.8385925292969,489.93815525049575,486.33420957194573,486.93155551686203,14696100
2025-12-10,476.43829345703125,482.10306917330496,472.9737111601482,481.88404333185355,35756200
2025-12-11,481.3265075683594,483.8751552220924,473.750231167373,474.51683677020293,24669200
2025-12-12,476.4084167480469,480.31105063829824,474.22812377070755,477.69270598810584,21248100
2025-12-15,472.7148742675781,478.588710310573,470.42505317808707,477.97146396596463,23727700
2025-12-16,474.2779235839844,475.7712732838117,468.79234263095657,469.8177748762136,20705600
2025-12-17,474.00909423828125,477.8718969329872,472.8940646732686,474.79560024235434,24527200
2025-12-18,481.8342590332031,487.4293375934554,475.7712630284666,476.06992080908344,28573500
2025-12-19,483.7656555175781,485.68709144559693,480.35083955461556,485.1992432324443,70836100
2025-12-22,482.7701110839844,486.5632169440421,480.5499868948874,483.9647726311972,16963000
2025-12-23,484.6915283203125,485.66716398872717,482.59086732909867,482.8298239351052,14683600
2025-12-24,485.8563232421875,486.99128356758627,482.680463867149,483.5267014178325,5855900
2025-12-26,485.5476989746094,485.9558848600665,483.8054577080926,484.5521325365998,8842200
2025-12-29,484.9404296875,486.1848877649252,482.0333622504328,482.71034015280554,10893400
2025-12-30,485.3187255859375,487.5089534635432,483.3474931520442,483.77557941756965,13944500
2025-12-31,481.4758605957031,485.97584057107747,481.15727202744546,485.6771523949816,15601600
2026-01-02,470.84320068359375,482.5112407273309,468.07552715971417,482.24244872265706,25571600
2026-01-05,470.7536315917969,473.9593569778809,467.4184776979013,471.95825856508776,25250300
2026-01-06,476.3885192871094,476.617480129593,467.6673473241013,471.69937935780575,23037700
2026-01-07,481.3265075683594,487.5288974221053,475.83099176167434,477.63296458601815,25564200
2026-01-08,475.9902648925781,480.5201105081445,473.7502403609407,479.10639276886474,18162600
2026-01-09,477.15509033203125,477.6927047258898,470.106493184136,471.9582322108041,18491000
2026-01-12,475.06439208984375,478.85749783991434,473.57104241242143,474.5566738594685,23519900
2026-01-13,468.5832824707031,473.6706125344443,463.88420753037366,472.57548334410274,28545800
2026-01-14,457.34332275390625,466.1242261748137,455.1431293963808,464.3919198839424,28184300
2026-01-15,454.6353759765625,462.19172164087615,453.8787357567712,462.062293141988,23225800
2026-01-16,457.8211669921875,461.1364202404358,454.45617795729186,455.8001683410004,34246700
2026-01-20,452.5048828125,454.77477325819245,447.2881239806389,449.2195254560932,26130000
2026-01-21,442.1410217285156,450.6829992738946,436.7351029497524,450.5934019351739,37980500
2026-01-22,449.1398620605469,450.8323067932568,442.7284117030413,445.6354487179439,25349400
2026-01-23,463.8841857910156,469.01134678020316,448.5325382185013,449.8665935761158,38000200
2026-01-26,468.19500732421875,472.1474075016215,459.9517180089597,463.2470406576191,29291200
2026-01-27,478.4493103027344,480.72916597612596,471.0622242712429,471.5998386603028,29213900
2026-01-28,479.49468994140625,481.59532063648624,475.8807787479093,481.06767161592717,36875400
2026-01-29,431.57806396484375,440.5381621786467,419.1533835040837,438.0392806211351,128855300
2026-01-30,428.38232421875,437.65104604221966,424.5593524472701,437.2229597325442,58566800
2026-02-02,421.49298095703125,428.8303011436502,420.37795134689077,428.33251789753194,42219900
2026-02-03,409.3868713378906,420.178808008447,406.7486263222299,420.1390072256922,61424100
2026-02-04,412.3536682128906,417.9387813848693,407.4256021580933,409.1778088233149,45012400
2026-02-05,391.9246520996094,406.4897635323938,390.5806313349955,405.6335909812077,66289200
2026-02-06,399.3615417480469,400.0086538663787,391.17798428483076,397.4002746193236,53515300
2026-02-09,411.76629638671875,413.05058563481117,399.0927243377603,403.0550898097971,45480500
2026-02-10,411.437744140625,421.80159473973595,410.8702943432265,417.75959730190846,44857900
2026-02-11,402.57720947265625,414.61360447479314,399.23212070980424,414.3348470778888,42491000
2026-02-12,400.05841064453125,404.3990960787573,396.24540458526855,403.20440420967,40802400
2026-02-13,399.5407409667969,403.7420326637702,396.2852191820681,402.65686886295305,34091600
2026-02-17,395.1004943847656,398.7442713079252,392.78083787972264,397.45004705087115,32078800
2026-02-18,397.828369140625,400.77523739702553,394.5629123207548,396.3648852083561,23223400
2026-02-19,397.5988464355469,403.55594539020564,395.8127368785549,399.82403795970674,28234000
2026-02-20,396.37152099609375,399.2552593187824,394.3059873534157,395.2539159508346,34015200
2026-02-23,383.6390686035156,394.50551684604494,382.27203437696886,394.14630950985264,43238300
2026-02-24,388.1593017578125,388.5185091169527,380.88504821898124,383.30981969967445,33884700
2026-02-25,399.7342224121094,400.60233728073825,389.31678308531696,389.68597856263057,43625500
2026-02-26,400.851806640625,406.6093255926281,397.8782360341113,403.8353349281015,34405900
2026-02-27,391.8912048339844,395.9624042352165,389.0374004516944,390.03523926255787,51367200
2026-03-02,397.6886291503906,400.32293811697235,389.78576315389057,392.01092411942045,35474900
2026-03-03,403.0570068359375,405.82103971635513,391.82136299902305,392.2903484387299,38199200
2026-03-04,404.32427978515625,410.14166638677375,399.44483360720756,400.4027502952161,35808000
2026-03-05,409.79241943359375,410.72040218284053,403.525993165685,403.54596943015656,39001300
2026-03-06,408.0761413574219,412.1572983375802,407.6271321747383,408.31564337314285,31123900
2026-03-09,408.5251770019531,409.3234358422322,402.62794618065146,404.044890641513,30131900
2026-03-10,404.8830871582031,409.31349393117443,402.05918625996463,409.1438479339772,31706400
2026-03-11,404.0049743652344,408.1260534422115,400.7220762180728,404.6934855668013,25512100
2026-03-12,400.9914855957031,405.2422886286942,400.84181586601125,403.7555185610488,27263900
2026-03-13,394.69512939453125,403.9251383935716,393.3979511212616,400.13336309353434,26848000
2026-03-16,399.08563232421875,399.7641553863696,393.9367805641587,397.209690545171,27733700
2026-03-17,398.5467834472656,403.5259891234105,396.8903674487218,399.4049101655112,26228300
2026-03-18,390.9432678222656,397.13983817793417,390.1549666521916,396.271723303423,25908500
2026-03-19,388.1792297363281,391.6417315076428,386.2234742615233,389.2569126674818,25138800
2026-03-20,381.0447082519531,386.16362631018524,379.29849030352204,385.95408868282834,50853200
2026-03-23,382.1722717285156,386.3731646745857,380.85511716508233,383.07032058481127,29680100
2026-03-24,371.9344177246094,381.6434000325674,371.04635704379217,381.53362193174286,42733600
2026-03-25,370.2381286621094,376.2451074667104,368.831172255135,376.10542586510894,31181200
2026-03-26,365.1790771484375,373.9101668945663,364.4007640805619,370.01860155518807,36836600
2026-03-27,355.9989318847656,361.6666793192034,355.73951450811694,361.11784971721505,37883400
2026-03-30,358.1842041015625,364.5703662773937,355.51000344849933,361.1178525849577,44797000
2026-03-31,369.3699951171875,372.09407550142714,362.28533367877645,363.7621155862403,45244400
2026-04-01,368.57171630859375,373.1817267376728,367.4042619540212,372.682807332766,29417200
2026-04-02,372.6528625488281,372.83249667260446,363.3629859357669,366.41637016886637,24099100
2026-04-06,372.0741271972656,372.92229624611906,368.70142726638517,372.682794233078,16146600
2026-04-07,371.48541259765625,371.64507045865594,365.7677853538718,369.5396147715723,21443300
2026-04-08,373.52099609375,384.167949815935,370.6073237610428,384.148004001906,33064800
2026-04-09,372.26373291015625,372.6927962909368,366.2567237727329,371.6949574789129,30435300
2026-04-10,370.0684814453125,374.8281921461914,369.23030048358606,372.17393720824543,28111100
2026-04-13,383.539306640625,383.70895264062807,370.2181521550117,372.8025510733858,35745800
2026-04-14,392.2604064941406,393.83700889302276,385.684652281273,387.0816509997633,37504500
2026-04-15,410.3312683105469,413.47445440771634,395.8725939925935,397.1398382929036,45063400
2026-04-16,419.35174560546875,419.9105328997013,411.2492993874727,418.95258572248235,41642400
2026-04-17,421.87628173828125,430.64726300981,419.78081413338697,423.9018933176335,48568200
2026-04-20,417.1664733886719,422.4150847565369,415.40027922801784,420.2398034863272,27582200
2026-04-21,423.2433166503906,426.25677891783357,416.2983670043314,419.33177508554746,32048500
2026-04-22,431.984375,432.7626880248645,422.7543663498755,425.2689090952171,29378200
2026-04-23,414.8514709472656,422.7443793162959,410.5208543154444,418.9825380949446,38308000
2026-04-24,423.7023010253906,424.0316048781353,414.9013556123021,416.0688403922519,27457400
2026-04-27,423.9018859863281,426.1869149113369,416.1686352924954,421.46715688013995,30867300
2026-04-28,428.3222961425781,428.99086152362304,420.9881750222059,423.6524179624475,30438100
2026-04-29,423.5426330566406,425.8975483734993,419.38166246548025,423.6623688360089,38288300
2026-04-30,406.8987121582031,413.5243765293071,397.1498378648014,409.92216255995794,70909400
2026-05-01,413.5443115234375,416.2085240460113,409.5529563541748,411.9078412872606,31372400
2026-05-04,412.72607421875,419.87060358807366,409.91216153093814,410.6505829404435,28066500
2026-05-05,410.4909362792969,415.8792597859335,407.916495085617,414.42242364358015,25700900
2026-05-06,413.0653381347656,417.51572107575487,404.23445872829495,407.11822745622237,30285900
2026-05-07,419.8606262207031,427.05506598481406,417.8549909144547,419.2020489501835,34942400
2026-05-08,414.22283935546875,417.7252633012779,413.105264767488,416.48795292910256,33383800
2026-05-11,411.7681579589844,411.79809190456297,404.6236285818644,406.9885016374445,35657900
2026-05-12,406.8887023925781,414.6020070114768,405.76117016707224,413.58422243338293,38594200
2026-05-13,404.3342590332031,405.4318878236479,400.1633000811369,402.3286237155428,29667100
2026-05-14,408.5451354980469,410.94993067744383,400.013625877668,403.6058516736889,27077500
2026-05-15,421.0081481933594,427.24464052002446,412.01761111071977,413.3746572242232,50771200
2026-05-18,422.6246643066406,424.2012362508279,414.7117792841577,415.71960624154525,32564100
2026-05-19,416.51788330078125,431.7648588737268,415.58987007798993,428.9708919761278,33018700
2026-05-20,420.1499938964844,421.18775475321456,410.4110776678385,413.2749005432513,27864000
2026-05-21,419.0899963378906,426.3399963378906,415.7099914550781,424.75,31393500
2026-05-22,418.57000732421875,424.3999938964844,416.3299865722656,419.5400085449219,22390300
2026-05-26,416.0299987792969,419.7699890136719,413.0199890136719,416.42999267578125,30398000
2026-05-27,412.6700134277344,415.94000244140625,409.5799865722656,411.010009765625,28901500
2026-05-28,426.989990234375,429.489990234375,412.6700134277344,412.9800109863281,47250500
2026-05-29,450.239990234375,450.3299865722656,432.3599853515625,432.54998779296875,79654400
2026-06-01,460.5199890136719,466.32000732421875,458.2699890136719,464.8399963378906,53628900
2026-06-02,441.30999755859375,453.5,440.42999267578125,446.8800048828125,37036800
2026-06-03,427.3399963378906,440.3900146484375,424.25,438.45001220703125,39037000
2026-06-04,428.04998779296875,436.1499938964844,426.4100036621094,435.80999755859375,26899500
2026-06-05,416.6700134277344,429.4700012207031,414.3999938964844,428.3399963378906,34782200
2026-06-08,411.739990234375,417.1600036621094,408.55999755859375,414.1400146484375,32086700
2026-06-09,403.4100036621094,411.9800109863281,398.4800109863281,409.0299987792969,35317300
2026-06-10,397.3599853515625,405.0400085449219,397.1600036621094,398.54998779296875,32576000
2026-06-11,390.3399963378906,396.8500061035156,384.0,395.2099914550781,47224100
2026-06-12,390.739990234375,391.739990234375,382.2699890136719,391.42999267578125,34865800
2026-06-15,399.760009765625,401.75,392.8500061035156,396.79998779296875,32266400
2026-06-16,393.8299865722656,396.8399963378906,390.69000244140625,395.7900085449219,31506800
2026-06-17,378.9100036621094,390.3699951171875,377.32000732421875,390.25,41987800
2026-06-18,379.3999938964844,381.3699951171875,373.2799987792969,377.82000732421875,59714200
2026-06-22,367.3399963378906,381.6300048828125,367.07000732421875,375.739990234375,45171100
2026-06-23,373.94000244140625,377.2200012207031,370.6700134277344,372.3800048828125,40647600
2026-06-24,365.4599914550781,378.8800048828125,364.7799987792969,371.57000732421875,44509900
2026-06-25,352.8299865722656,364.2300109863281,349.20001220703125,362.7699890136719,66179000
2026-06-26,372.9700012207031,376.6099853515625,355.42999267578125,357.1499938964844,186201600
2026-06-29,368.57000732421875,380.5,359.8999938964844,377.5,51229900
2026-06-30,373.0199890136719,374.1499938964844,367.45001220703125,371.0299987792969,44945700
2026-07-01,384.2799987792969,388.8299865722656,374.8900146484375,380.8299865722656,48065800
2026-07-02,390.489990234375,392.20001220703125,383.70001220703125,384.4800109863281,42128900
2026-07-06,386.739990234375,389.1499938964844,381.2200012207031,387.0400085449219,34224500
2026-07-07,388.8399963378906,395.57000732421875,388.2200012207031,392.489990234375,29297500
2026-07-08,383.3399963378906,385.30999755859375,381.3299865722656,384.0299987792969,25908300
2026-07-09,384.3599853515625,384.6499938964844,373.3500061035156,374.45001220703125,31083200
2026-07-10,385.1000061035156,391.9100036621094,381.5,387.79998779296875,24644600
2026-07-13,390.989990234375,393.6499938964844,384.1499938964844,387.75,28914900
2026-07-14,384.92999267578125,388.19000244140625,378.6499938964844,382.82000732421875,27863900
2026-07-15,395.6300048828125,398.9599914550781,386.3999938964844,387.79998779296875,36253700
2026-07-16,401.1000061035156,405.989990234375,392.04998779296875,398.30999755859375,37047400
2026-07-17,393.82000732421875,398.3900146484375,389.3900146484375,394.8599853515625,33049800
2026-07-20,402.2900085449219,403.17999267578125,389.6499938964844,391.4100036621094,27915800
2026-07-21,397.75,401.4700012207031,396.32000732421875,398.80999755859375,24126600
2026-07-22,390.3399963378906,401.0,386.9599914550781,399.5799865722656,28142500
2026-07-23,381.5799865722656,391.7799987792969,377.3900146484375,389.9700012207031,30351800
2026-07-24,381.70001220703125,389.0299987792969,380.6499938964844,387.04998779296875,27659400
2026-07-27,389.1000061035156,394.20001220703125,387.989990234375,390.0799865722656,27856200
2026-07-28,393.3500061035156,400.32000732421875,391.29998779296875,393.1600036621094,32367500
2026-07-29,390.5400085449219,401.25,388.739990234375,393.3999938964844,47209000
2026-07-30,451.1000061035156,458.69000244140625,432.44000244140625,437.8999938964844,110160700
2026-07-31,464.7200012207031,466.8399963378906,449.3299865722656,450.0,60846000
2026-08-03,487.6499938964844,491.6499938964844,475.0,476.1300048828125,66762100
2026-08-04,492.80999755859375,499.44000244140625,479.1700134277344,480.8999938964844,50455500
2026-08-05,487.4599914550781,498.239990234375,485.67999267578125,496.3599853515625,33388900
2026-08-06,499.8599853515625,501.55999755859375,488.5199890136719,488.54998779296875,36441500
2026-08-07,499.989990234375,505.17999267578125,498.7300109863281,499.2099914550781,28846200
2026-08-10,506.05999755859375,513.72998046875,502.2699890136719,503.44000244140625,31206100
2026-08-11,503.80999755859375,505.3299865722656,499.54998779296875,504.3299865722656,23049800
2026-08-12,492.42999267578125,501.5,491.5199890136719,499.989990234375,29001500
2026-08-13,496.8800048828125,501.3399963378906,493.010009765625,493.2699890136719,23039000
2026-08-14,495.3999938964844,500.010009765625,493.9200134277344,496.3599853515625,16217600
2026-08-17,480.3500061035156,492.6600036621094,478.4100036621094,490.1400146484375,29635800
2026-08-18,481.6300048828125,484.2699890136719,477.1499938964844,481.5400085449219,24087600
2026-08-19,484.30999755859375,489.2900085449219,479.54998779296875,479.80999755859375,19853191
