Date,Close,High,Low,Open,Volume
2021-08-30,291.3636169433594,291.9682498481404,288.9355079671407,288.9930892639242,16348100.0
2021-08-31,289.7225036621094,292.23698468985657,289.3578025746856,292.1602193870829,26285300.0
2021-09-01,289.67449951171875,292.89919870843596,289.3481957201944,290.67262417838776,18983800.0
2021-09-02,289.0218811035156,291.14287031326114,288.0909444169398,290.02961237848854,16285600.0
2021-09-03,289.0123291015625,290.4135229329207,288.16776428642396,288.8683465578248,14747900.0
2021-09-07,288.0909423828125,288.96429776620096,286.1907010174333,288.8875324668998,17180400.0
2021-09-08,288.1196594238281,288.5035443993684,285.4900165884035,287.706983807336,15046800.0
2021-09-09,285.2789001464844,289.9719800475994,285.0389683549398,288.7051331589924,19927000.0
2021-09-10,283.8009338378906,287.84140660459923,283.48423673576656,286.4018157451152,19633400.0
2021-09-13,285.0294494628906,286.51704460158174,282.2366390348642,285.5668944983296,23652900.0
2021-09-14,287.716552734375,289.25212172378815,286.0946118334286,287.4958049903172,21853400.0
2021-09-15,292.5440979003906,293.02396157546303,289.66491584995623,291.0469255772491,28356300.0
2021-09-16,292.92791748046875,293.01428940804146,288.6475426567624,291.5267240633766,19550800.0
2021-09-17,287.7934875488281,292.23703066514423,287.46718370573393,291.9203334696162,41372500.0
2021-09-20,282.4476623535156,286.68966885034547,277.8601681732073,284.39590711591853,38278700.0
2021-09-21,282.92767333984375,285.55734677387863,282.2270909648132,283.7818449278617,22364100.0
2021-09-22,286.5553894042969,288.12935637243464,282.64932121103874,284.7799171748866,26626300.0
2021-09-23,287.4959411621094,288.78197237941265,285.5476956875188,286.8145429004646,18604600.0
2021-09-24,287.2944030761719,287.7262628330811,284.9718498809772,286.2195130742343,14999000.0
2021-09-27,282.3229675292969,284.5303284068583,281.14249251178086,284.21363131308823,23571700.0
2021-09-28,272.10186767578125,279.0694970956445,271.3628882146194,278.12895381807755,43186200.0
2021-09-29,272.5625305175781,275.22096437346653,271.6124099419833,273.61823631743374,26353700.0
2021-09-30,270.5662841796875,276.2382457189751,270.27834846883263,274.20362889854306,32343600.0
2021-10-01,277.45721435546875,278.301779205865,269.9617452410387,270.7583061453329,30086300.0
2021-10-04,271.7083740234375,276.16152262576014,268.96356808295144,275.82561222271863,31350700.0
2021-10-05,277.1308288574219,278.70476619683035,272.6104927683687,272.6104927683687,24993000.0
2021-10-06,281.3056335449219,281.80471044780717,274.0117300480355,274.270845855537,28002600.0
2021-10-07,282.9755554199219,284.69347521548,282.08301620161416,283.29225249177205,20430500.0
2021-10-08,282.9755554199219,284.69347521548,281.9294563433223,284.29037692639525,17685700.0
2021-10-11,282.3805236816406,285.9698937714107,280.96011698698385,281.1232834858587,19298600.0
2021-10-12,281.0848693847656,283.54176834470167,280.57621520841667,283.44578977984327,17974100.0
2021-10-13,284.3768310546875,285.3077678287941,281.6703926860201,283.03321851694517,23416300.0
2021-10-14,290.5574645996094,291.0565122938527,285.8355929980948,287.16002147005213,27262900.0
2021-10-15,291.95867919921875,292.18903370330804,288.41728256762934,290.16399355489904,25384800.0
2021-10-18,294.9145812988281,295.79751392665924,290.4998302940227,291.34439492137415,22729300.0
2021-10-19,295.81671142578125,296.8435972219743,294.8473776272357,295.9318739981731,17682100.0
2021-10-20,295.02972412109375,297.22750747620495,293.7820612638545,296.7572212605968,16537100.0
2021-10-21,298.24481201171875,298.49432114907256,294.02198921283684,294.79939513287235,16918100.0
2021-10-22,296.7093505859375,298.56161758905387,295.4041059859267,297.89940328620986,17449300.0
2021-10-25,295.72076416015625,296.9396072317386,294.1180067552253,296.90120994069343,17554500.0
2021-10-26,297.62103271484375,299.8188165343258,296.1718643410095,298.47520410987,28107300.0
2021-10-27,310.15509033203125,312.9670843453073,303.27383257307736,303.27383257307736,52588700.0
2021-10-28,311.28753662109375,311.7865842427679,308.417932252952,311.2683233315921,26297900.0
2021-10-29,318.2647399902344,318.6294410245631,310.85564458763923,311.0763923948779,34766000.0
2021-11-01,316.1053466796875,318.1399636800593,313.2261650477916,318.0151944565091,27073200.0
2021-11-02,319.7139587402344,320.02107850414706,316.71000761817237,317.00752073679007,26487100.0
2021-11-03,320.5489501953125,321.41269899381626,317.3338575616903,320.4529715980219,21500100.0
2021-11-04,322.890625,322.98660357874707,316.23972246138726,319.4836051186062,23992200.0
2021-11-05,322.52593994140625,325.1460058993081,320.95200246852335,324.8772834386426,22570100.0
2021-11-08,323.41845703125,324.05188049254014,320.9711644072854,323.7159701176598,20897000.0
2021-11-09,322.4204406738281,325.07887510156485,321.0576148411244,323.53369871472705,21307400.0
2021-11-10,317.4777526855469,321.15352434002415,316.6332173342628,321.09594304990367,25500900.0
2021-11-11,319.0420837402344,320.32811458361215,317.1994240467713,317.90961275273645,16849800.0
2021-11-12,323.15936279296875,323.64883306583664,320.34736896230555,320.47213819174647,23831000.0
2021-11-15,322.5355529785156,324.27265700662844,320.57770113283607,323.9463532471072,16723000.0
2021-11-16,325.8370056152344,326.95029273164477,321.9980966435647,322.161233873272,20886800.0
2021-11-17,326.0581359863281,329.0098960712893,324.9812796361216,325.8850760747881,19053400.0
2021-11-18,328.1253356933594,329.25990808153233,324.1351865907532,325.15435635646554,22463500.0
2021-11-19,329.89447021484375,331.8078416400719,329.01954636756113,329.44260130183307,21963400.0
2021-11-22,326.7408752441406,336.2018972675694,326.4716610787353,331.3463887251055,31031100.0
2021-11-23,324.673583984375,326.3754277340728,320.7122785777508,324.06784497801704,30427600.0
2021-11-24,324.8946838378906,325.13505455813925,321.0487523139128,323.3274620471291,21661300.0
2021-11-26,316.9817199707031,324.91395501030433,315.4818087833129,321.4718586551738,24217200.0
2021-11-29,323.6640625,325.9716160847785,321.84684534637535,322.03915370433015,28563500.0
2021-11-30,317.8566589355469,324.7697239982536,316.31828027928486,322.40448405275345,42885600.0
2021-12-01,317.3663330078125,326.2119893836903,316.7029366546509,322.2218403334276,33337600.0
2021-12-02,316.79901123046875,320.6449430720415,315.17410268003374,317.5778100810167,30766000.0
2021-12-03,310.568603515625,319.88537524190724,305.78040807041685,319.2027012508651,41779300.0
2021-12-06,313.626220703125,314.8376989761692,306.93430556211973,311.4725076329486,30032600.0
2021-12-07,322.01995849609375,322.8660390443126,317.38560254163633,318.8662948497607,31021900.0
2021-12-08,322.0680236816406,322.5776085960502,318.05862588929494,322.394924443513,24761000.0
2021-12-09,320.2701110839844,323.52952439611107,319.3278468338982,321.52965193034566,22214200.0
2021-12-10,329.3464050292969,329.7886790069199,321.894911553193,322.0775956761069,38095700.0
2021-12-13,326.32733154296875,330.5482560904691,326.01964993405755,327.5580286364802,28899400.0
2021-12-14,315.6933288574219,321.75068944249216,311.6262451506804,320.3853706539691,44438700.0
2021-12-15,321.76031494140625,322.279524033455,312.0012673025278,315.95294877643335,35381100.0
2021-12-16,312.3858642578125,323.78906948093504,310.5782712717892,322.7794945853097,35034800.0
2021-12-17,311.3282470703125,312.40513289702955,305.03054387453375,308.52073257010983,47750300.0
2021-12-20,307.5880126953125,310.36668315061627,305.3381461233178,307.72260504980915,28326500.0
2021-12-21,314.6838073730469,315.10686227817746,307.48227910762097,310.8378750297764,24740600.0
2021-12-22,320.3662414550781,320.76042377980565,313.2031792638376,315.6549498972737,24831500.0
2021-12-23,321.79876708984375,323.4333000256045,319.91426851160736,319.9334876096026,19617800.0
2021-12-27,329.2599182128906,329.2887615338592,322.5102876848739,322.5391310058425,19947000.0
2021-12-28,328.1060485839844,330.5674425278227,327.21187650467994,329.9328602754398,15661500.0
2021-12-29,328.7791748046875,331.0386367329647,326.5965892757154,328.1541872836197,15042000.0
2021-12-30,326.2503967285156,329.913644365541,325.76965526074713,328.7406340105007,15994500.0
2021-12-31,323.36602783203125,326.28891555203285,322.91412956697064,325.4716783285754,18000800.0
2022-01-03,321.8565368652344,324.98135761149877,317.0779636580305,322.4334327175885,28865100.0
2022-01-04,316.3375244140625,322.28910640339575,313.5588245196175,321.9333330536582,32674300.0
2022-01-05,304.1940002441406,313.51077298431005,303.80941290749814,313.30884042531306,40054300.0
2022-01-06,301.7903137207031,306.42466920650463,299.49235507622586,301.08842050942394,39646100.0
2022-01-07,301.9441833496094,304.3094237353557,298.14631308588326,302.0499324142328,32720000.0
2022-01-10,302.1652526855469,302.59793177360086,292.9542584305184,297.56936510647546,44289500.0
2022-01-11,302.84796142578125,304.4151542522141,297.95401590280085,301.30958257691026,29386800.0
2022-01-12,306.0111999511719,310.95323691547827,304.8670327735876,307.3572996957186,34372200.0
2022-01-13,293.0599670410156,308.52062802230614,292.2907924818622,308.1264165245482,45366000.0
2022-01-14,298.2521057128906,298.8482206128136,292.0505272250826,292.53126883368355,39846400.0
2022-01-18,290.992919921875,297.8675197676401,290.11796658264785,292.3582391420896,42333200.0
2022-01-19,291.6466369628906,301.8191439350218,291.04092729643247,294.49264788128625,45933900.0
2022-01-20,289.9833068847656,299.6462002381442,289.541032877528,297.16558676731063,35380700.0
2022-01-21,284.62786865234375,292.39663994676283,284.22403280045586,291.0313502433303,57984400.0
2022-01-24,284.9547424316406,285.6662305381032,265.4173987440913,280.9453743252705,85731500.0
2022-01-25,277.3782043457031,283.6278434641429,274.18610328061175,280.29149648415216,72848600.0
2022-01-26,285.2816467285156,296.61754086589866,281.74339590875957,296.1271750879496,90428900.0
2022-01-27,288.2911071777344,295.4637633356451,286.45467082104994,291.0024967310887,53481300.0
2022-01-28,296.3868103027344,296.59833777305556,283.10873012038377,288.6661016492175,49743700.0
2022-01-31,299.00201416015625,300.34808458292423,294.56956197195456,297.05020471160907,46444500.0
2022-02-01,296.8675842285156,298.6655532510583,293.37739525904294,298.4540257576921,40950400.0
2022-02-02,301.38653564453125,302.98260138344097,296.98295520702135,297.7040676548464,36636000.0
2022-02-03,289.6468200683594,299.2424331685659,288.4064984985747,297.5694324128608,43730000.0
2022-02-04,294.1560974121094,296.9059245774293,288.4160430007419,288.6467895203125,35096500.0
2022-02-07,289.35833740234375,295.9829403994106,288.3487625883948,294.37728012769503,28533300.0
2022-02-08,292.8293151855469,293.79079836630905,288.3968918064597,289.64680820459523,32421200.0
2022-02-09,299.2231750488281,299.91544411863055,295.55033156667764,297.9347910965561,31284700.0
2022-02-10,290.7333068847656,297.2136945346378,289.11802208324127,292.3293725846551,45386200.0
2022-02-11,283.67596435546875,292.5696824760353,282.8875412205064,291.51204526354115,39175600.0
2022-02-14,283.6374816894531,285.3297011391844,280.1280746488406,282.45484705008886,36359500.0
2022-02-15,288.8968505859375,289.21412712294915,285.57972189739905,288.45457654151164,27058300.0
2022-02-16,288.5596008300781,289.8795515618136,282.95219184742473,287.47087375855756,29982100.0
2022-02-17,280.1099548339844,285.9582018841707,279.4066103677046,285.5342722610437,32461600.0
2022-02-18,277.4122314453125,283.1256081080043,275.8514129414356,282.34519885606585,34264000.0
2022-02-22,277.20989990234375,280.89036647915503,274.10752185323537,274.5892573925205,41736100.0
2022-02-23,270.0320739746094,281.04457259903455,269.86830032930663,279.58007749575995,37811200.0
2022-02-24,283.8289794921875,284.3781651371424,261.6016916782459,262.55554816759064,56989700.0
2022-02-25,286.4495849609375,286.75790276376836,280.9963351099328,284.3588691791243,32546700.0
2022-02-28,287.8755798339844,288.2128006483137,282.2970731254426,283.559218096748,34627500.0
2022-03-01,284.17578125,289.01239505161357,281.4780448269364,285.5727965486782,31217800.0
2022-03-02,289.22442626953125,290.4576682481348,282.9715074955346,284.57084383733564,31873000.0
2022-03-03,285.1103515625,292.0569692471533,283.3086360922176,291.82574561580225,27314500.0
2022-03-04,279.271728515625,284.8598787290603,276.68001821827283,283.53992798121607,32356500.0
2022-03-07,268.7217712402344,279.1079901922431,268.35564745891236,277.9903600081898,43157200.0
2022-03-08,265.7734680175781,273.58720332577195,260.1371570672282,267.65221873249476,48159500.0
2022-03-09,277.9613952636719,279.02121928908525,270.5233976527745,273.0862341495731,35204500.0
2022-03-10,275.15777587890625,276.130891339143,270.3307750668401,272.681647483681,30628000.0
2022-03-11,269.83935546875,278.9345249185214,269.22271985726513,277.441127086034,27209300.0
2022-03-14,266.34197998046875,274.9746736705197,265.74463254293596,270.0995117672135,30660700.0
2022-03-15,276.6607360839844,277.3062746946172,268.5483254301358,270.10914399569396,34245100.0
2022-03-16,283.63629150390625,283.80970925762125,272.8550467725236,278.54913550581284,37826300.0
2022-03-17,284.43597412109375,284.81171260660994,278.7996616158856,282.5764817272433,30816600.0
2022-03-18,289.4556579589844,290.0048436231841,282.0369470428673,284.5804958303675,43390600.0
2022-03-21,288.23199462890625,289.17620681599607,284.12759866402473,287.9718680378315,28351200.0
2022-03-22,292.9530944824219,293.85875989793885,287.8563228402571,288.84869714839016,27599700.0
2022-03-23,288.5499572753906,292.15335927003025,286.84462397235353,289.5327166388402,25715400.0
2022-03-24,292.99163818359375,293.0879911974356,287.42277505614976,288.21282860571665,24484500.0
2022-03-25,292.5868835449219,294.3404079254056,288.3572608939785,294.08028132501425,22566500.0
2022-03-28,299.3504638671875,299.44678744893827,293.2131286444829,293.2131286444829,29578200.0
2022-03-29,303.888427734375,304.2834544196327,297.7607361570676,302.44322106271255,30393400.0
2022-03-30,302.39501953125,304.40869996608586,300.1983066415058,302.2986959453416,28163600.0
2022-03-31,297.0477600097656,303.6282838118876,296.6431186303352,302.43355970417105,33422100.0
2022-04-01,298.11724853515625,298.8013048013512,294.37897586444814,298.0690573372068,27110500.0
2022-04-04,303.4644775390625,303.59934819649135,298.39661041143324,298.7627341145734,24289600.0
2022-04-05,299.52392578125,303.3681663887453,298.5508104784777,301.82660661689823,23156700.0
2022-04-06,288.5596008300781,295.7856342398464,285.8715081688589,294.04175386251336,40110400.0
2022-04-07,290.3612976074219,292.5580106672026,285.5246829888432,285.8233566950077,31411200.0
2022-04-08,286.1220703125,290.1204702874654,285.4572727698381,289.46531686660774,24361900.0
2022-04-11,274.8397521972656,281.9212406623146,274.58924032351246,281.1312167731274,34569300.0
2022-04-12,271.7567138671875,280.119637735793,270.24405686204636,278.6744307786593,30966700.0
2022-04-13,277.11358642578125,278.0385105603026,271.02444128433206,272.4022274692682,21907200.0
2022-04-14,269.60809326171875,277.7783384197441,269.11674301597424,277.5663736108414,28221600.0
2022-04-18,270.27294921875,272.1420858288505,268.1725889134815,268.72177459231517,20778000.0
2022-04-19,274.8783264160156,275.71657107306396,268.2400250211419,269.17459327763214,22297700.0
2022-04-20,275.89959716796875,279.1176168323527,274.9457700942281,278.8285578322928,22906700.0
2022-04-21,270.5523376464844,282.5860831842899,269.82973426697856,278.0384980731543,29454600.0
2022-04-22,264.02008056640625,272.8551267101512,263.39383000376006,271.3906312866908,29405800.0
2022-04-25,270.46563720703125,270.8413756866367,260.87908697872507,263.3070532274066,35678900.0
2022-04-26,260.3492431640625,268.19188507903243,260.137278279722,267.3633137874921,46518400.0
2022-04-27,272.874267578125,280.3411680957989,268.96257753012264,271.7951847238902,63477700.0
2022-04-28,279.05010986328125,280.3508015911793,271.1785388721603,274.7722962798131,33646600.0
2022-04-29,267.3824768066406,279.2909943451643,266.3997469147851,278.0673672865681,37073900.0
2022-05-02,274.0786437988281,274.5314764230111,266.1300066784379,267.56556930704056,35151100.0
2022-05-03,271.48687744140625,273.7510403407447,269.91641488989063,273.5872373213016,25978600.0
2022-05-04,279.3874206542969,280.2545389514792,266.6214258152803,272.2673535703565,33599300.0
2022-05-05,267.21875,275.88999102064156,264.318692205309,275.10958168100854,43260400.0
2022-05-06,264.6944580078125,269.04933732325316,261.36082642726797,264.77152276793004,37780300.0
2022-05-09,254.91514587402344,262.4109491258786,253.7011924001601,260.19497757281874,47726000.0
2022-05-10,259.655517578125,263.7502706382624,255.38734673917406,261.765522095456,39336400.0
2022-05-11,251.0324249267578,261.4475468907718,249.82808585226212,255.97503719293763,48975900.0
2022-05-12,246.0223846435547,250.38690814257984,240.88708121967693,248.27690379509,51033800.0
2022-05-13,251.58157348632812,253.4314509690828,246.02235572360212,247.94929795851922,34925100.0
2022-05-16,251.94772338867188,256.10992610515103,246.43666684818785,250.46396948086246,32550900.0
2022-05-17,257.0733947753906,258.5282163055622,252.87264501904795,256.3893090476885,28828800.0
2022-05-18,245.36891174316406,254.56252427185584,244.10382723032592,253.98308927658698,31356000.0
2022-05-19,244.4611358642578,248.8358391110842,243.2443400632524,245.19507408358177,32692300.0
2022-05-20,243.90101623535156,249.67600344933274,237.9908442252686,248.4205560699694,39199300.0
2022-05-23,251.71368408203125,252.5345479716084,244.7412185194128,246.73060439189265,33175400.0
2022-05-24,250.7189483642578,252.37031292551026,244.80877669553468,249.04828011075938,29043900.0
2022-05-25,253.51951599121094,255.50888672812104,248.31432695707377,249.28970863330227,28547900.0
2022-05-26,256.7836608886719,257.9521680064266,252.46691284814418,253.2781100641193,25002100.0
2022-05-27,263.87200927734375,263.96858669067194,258.38675406725025,259.27522501006564,26910800.0
2022-05-31,262.5489807128906,265.3495488346776,259.70977573202504,263.1863562668899,37827700.0
2022-06-01,263.0801696777344,268.1694785962378,260.7817625947678,265.76485697863757,25292200.0
2022-06-02,265.1660461425781,265.23365327445924,252.63108267756797,255.38337667898296,44008200.0
2022-06-03,260.7624206542969,264.074846353105,259.20763325124227,261.0424863281772,28059000.0
2022-06-06,259.5359802246094,264.77980709613064,258.0584370323219,262.732495427998,22400300.0
2022-06-07,263.15740966796875,263.76581500022235,256.82231988834405,257.49833236224606,22860700.0
2022-06-08,261.1390075683594,263.64020598603173,260.3664178533954,262.39442533216015,17372300.0
2022-06-09,255.71173095703125,263.36017868447857,255.5572129915601,258.5992099165968,26439700.0
2022-06-10,244.31626892089844,251.64602827171365,243.87203349036625,251.64602827171365,31422800.0
2022-06-13,233.95413208007812,240.48237551040242,233.24916419131782,236.70642597708846,46135800.0
2022-06-14,236.1077117919922,237.3148557778769,233.2298699199791,235.49930650770008,28651500.0
2022-06-15,243.1284637451172,246.54710394987805,237.97154789524555,239.79674911112798,33111700.0
2022-06-16,236.57125854492188,238.9372578860195,234.6881168136664,237.5466256119709,33169200.0
2022-06-17,239.15936279296875,241.91165700040483,235.6634784930398,236.31050590715876,43084800.0
2022-06-21,245.04058837890625,246.01595545881753,240.95560233610817,241.67988876042264,29928300.0
2022-06-22,244.45143127441406,248.35292794457067,241.7860485678055,243.2539394253841,25939900.0
2022-06-23,249.98500061035156,250.47752474998597,244.93432941875366,246.8078191002136,25861400.0
2022-06-24,258.52197265625,258.79237173531016,252.74698510975713,252.8338959418169,33923200.0
2022-06-27,255.80831909179688,259.1013820613785,254.25350226058262,259.01447122802466,24615100.0
2022-06-28,247.6866455078125,257.7590479870569,247.53212753900692,254.92950951957212,27295500.0
2022-06-29,251.3370361328125,252.9884007989355,246.99130319168566,248.75856369685934,20069800.0
2022-06-30,248.02464294433594,250.6320859946273,244.2293889586405,248.23710148525814,31730900.0
2022-07-01,250.68035888671875,250.86384714723536,245.88076751202806,247.59975426359935,22837700.0
2022-07-05,253.8382568359375,253.9638045325972,246.00630564678934,247.37761951989364,22941000.0
2022-07-06,257.0830383300781,258.8020102285566,253.4036657301254,254.70738716056056,23824400.0
2022-07-07,259.19793701171875,259.8353125390256,255.93381513155052,256.0303925395583,20859900.0
2022-07-08,258.4833679199219,258.90828502143717,254.26319665701553,255.7117696472832,19658800.0
2022-07-11,255.4413299560547,257.39206399672923,253.19119709803016,256.5422299287005,19455200.0
2022-07-12,244.9729766845703,256.82230649201273,243.39885616958918,256.76436593684815,35868500.0
2022-07-13,244.0555419921875,244.8570873615849,239.603594413408,241.61228376039588,29497400.0
2022-07-14,245.36891174316406,246.39256746391416,237.5079908622042,241.97925680708025,25102800.0
2022-07-15,247.9184112548828,251.44326589652985,246.03526953214475,246.9526960395664,29774100.0
2022-07-18,245.5330810546875,251.89714046464383,244.6156545937457,250.84451446983314,20975000.0
2022-07-19,250.63204956054688,250.8155377951831,244.9826100870289,248.74889324561178,25012600.0
2022-07-20,253.27818298339844,255.78904907265525,250.03339318531667,250.98944205951986,22788300.0
2022-07-21,255.76004028320312,255.80834373168997,248.2178060367972,250.88318973487608,22404700.0
2022-07-22,251.43357849121094,256.23318389270804,250.18782718594753,256.14627306708184,21881300.0
2022-07-25,249.9560546875,252.53452726402583,248.0053205741304,252.05166965931448,21056000.0
2022-07-26,243.2636260986328,250.97004315253255,241.01352289869635,250.95070998904438,39348000.0
2022-07-27,259.5262756347656,260.79136010238045,249.97536828625238,252.2061678876976,45994000.0
2022-07-28,266.933349609375,268.31431531179504,258.68613331334205,260.5016826567174,33459300.0
2022-07-29,271.1148986816406,272.33170936707273,267.1458230211277,268.17914544538223,32152800.0
2022-08-01,268.478515625,271.63639399506593,266.38290049065427,268.2950273632756,21539600.0
2022-08-02,265.39794921875,268.36270297109587,263.04160096614993,266.5374864718585,22754200.0
2022-08-03,272.78558349609375,273.7802690088794,267.12647689627147,267.2713577584934,23518900.0
2022-08-04,273.92510986328125,274.0699612486414,270.56443983776984,272.13853085373546,18098700.0
2022-08-05,273.21051025390625,273.9251301220604,269.1255240569013,269.5794114121241,16774600.0
2022-08-08,270.7093200683594,276.11733164460054,269.74360476800535,274.31141927705306,18739200.0
2022-08-09,272.6213684082031,273.37462502798235,268.0921621074516,270.05259210657965,23405200.0
2022-08-10,279.2461242675781,279.87383305887744,277.1022360088304,278.29007594654195,24687800.0
2022-08-11,277.17962646484375,281.22597639185335,276.68713164605356,280.8783329903544,20065900.0
2022-08-12,281.9019470214844,281.9019470214844,277.10234096743113,278.58955073001846,22619700.0
2022-08-15,283.408447265625,284.09409682100915,280.1636287959346,281.02312948938925,18085700.0
2022-08-16,282.6745300292969,283.95894794046416,280.46306311134526,281.9792138029151,18102900.0
2022-08-17,281.9292907714844,283.8938524278254,280.1389197170631,280.4002056199427,18253400.0
2022-08-18,280.8163757324219,282.50027733774294,279.76148592010856,280.8357203997343,17186200.0
2022-08-19,276.9259338378906,279.9260110820991,276.35495606289055,279.58728744368415,20570000.0
2022-08-22,268.7967529296875,273.3549182202422,268.28383861490187,272.98716276174565,25061100.0
2022-08-23,267.5290222167969,269.87099753157673,266.5225381093492,267.5290222167969,17527400.0
2022-08-24,266.89996337890625,268.2935475805408,266.2418606203545,266.5322078904403,18137000.0
2022-08-25,269.8612976074219,270.0258011315452,265.67085828538086,268.39027578883355,16583400.0
2022-08-26,259.4481506347656,271.3032734990673,259.3417106465169,270.0838799821935,27549300.0
2022-08-29,256.6803283691406,258.7803619357156,255.34480790841272,257.2803379595906,20338500.0
2022-08-30,254.4931640625,258.44163228050394,252.25762926790654,258.07390638773194,22767100.0
2022-08-31,253.04148864746094,258.4996673056546,252.905987385719,256.83514003630484,24791800.0
2022-09-01,252.00604248046875,252.48026749324697,247.17690376904113,250.52536296277327,23263400.0
2022-09-02,247.805908203125,256.20610147316614,246.26716536821394,253.26411708214042,22855400.0
2022-09-06,245.08648681640625,249.51883753175827,243.8187170261839,247.9414053865417,21328200.0
2022-09-07,249.7705078125,250.48664458354384,245.0574961858431,246.4897844948553,24126700.0
2022-09-08,250.18663024902344,252.03506518749612,246.57687045645707,249.20920755279656,20319900.0
2022-09-09,255.9351043701172,256.68030226569743,251.8995411627663,252.10276352799647,22084700.0
2022-09-12,258.0545654296875,258.828795252262,256.61260484004885,257.21261449388913,18747700.0
2022-09-13,243.8671112060547,252.00600375133774,243.47999634028216,250.49629269213037,33353300.0
2022-09-14,244.08966064453125,246.0348627486326,241.80573492367802,245.35743028204908,23913000.0
2022-09-15,237.47018432617188,243.29611908968658,236.15402331387534,241.71867215528192,31530900.0
2022-09-16,236.85079956054688,237.3927455707123,234.25718181157072,236.38626175161542,39791800.0
2022-09-19,236.63792419433594,237.23793382536144,233.0862280822725,234.65400280433187,26826900.0
2022-09-20,234.63461303710938,235.66044153829108,231.91519584554464,234.26687239156138,26660300.0
2022-09-21,231.24745178222656,239.6766917207571,231.19906057717108,236.3959688481416,28625600.0
2022-09-22,233.21200561523438,235.99917354124665,229.91193818738796,230.20225587391255,31061200.0
2022-09-23,230.25062561035156,233.35715746883162,227.618303873853,231.81840003910415,34176000.0
2022-09-26,229.79579162597656,233.6668515472966,229.26351793341072,229.40869154061323,27694200.0
2022-09-27,228.7893524169922,234.00560575138226,226.94091751914982,232.24426616908045,27018700.0
2022-09-28,233.29913330078125,234.51851197700628,227.16349151340208,229.1764446378298,29029700.0
2022-09-29,229.84423828125,232.21526010171365,226.85384731462128,231.18943133777694,27484200.0
2022-09-30,225.39247131347656,232.78619560885667,225.22795302914213,230.60872427461211,35694800.0
2022-10-03,232.97975158691406,233.82170241211634,227.0957386105692,227.8215623611014,28880400.0
2022-10-04,240.8573760986328,242.28966427196394,237.08308345370094,237.18953820241006,34888400.0
2022-10-05,241.16708374023438,242.50260443530203,236.2314901038506,238.06056573247915,20347100.0
2022-10-06,238.83470153808594,242.2702700067914,238.14759670449743,239.93795297204747,20239900.0
2022-10-07,226.6892852783203,233.54106344265196,225.65376961113512,233.13458913635256,37769600.0
2022-10-10,221.8601531982422,226.99898360972267,219.4213809672786,225.53766359831536,29743600.0
2022-10-11,218.14390563964844,221.67624187674608,216.8858082240652,220.28265795591057,30474000.0
2022-10-12,218.47293090820312,220.51491548211942,216.7406381971181,218.1342072790965,21903900.0
2022-10-13,226.6892852783203,228.48932881951694,212.0663551272384,212.76314712814823,42551800.0
2022-10-14,221.19236755371094,229.5925754900993,220.97945807089755,227.9473631652827,30198600.0
2022-10-17,229.87322998046875,231.25714167375685,227.5602721133645,228.21836002283007,28142300.0
2022-10-18,230.8119659423828,236.06692311030656,227.78285659055385,235.39917762563184,26329600.0
2022-10-19,228.85708618164062,231.88619566301972,226.73767825485612,229.39903227367395,19985700.0
2022-10-20,228.53773498535156,233.5314067191375,227.29899677080496,228.16999426870214,21811000.0
2022-10-21,234.3152618408203,235.16689978355862,226.9408971162325,227.17316603704901,26299700.0
2022-10-24,239.27987670898438,239.85085446829365,233.52167838261744,235.90237181871956,24911200.0
2022-10-25,242.57998657226562,242.9477272430807,237.90567969361152,239.28957660185964,34775500.0
2022-10-26,223.86343383789062,230.61843021635175,222.64404034026404,223.71826021026072,82543200.0
2022-10-27,219.44073486328125,226.15702697219044,218.50200154160817,223.59244061528798,40424600.0
2022-10-28,228.2667236328125,228.97320270821285,218.76327910286216,218.94715681380413,40647700.0
2022-10-31,224.64732360839844,227.34738181471067,223.69890315195386,226.22477072356645,28357300.0
2022-11-01,220.81497192382812,228.140961178221,220.00205274402387,227.03770950079402,30592300.0
2022-11-02,213.00511169433594,223.84407823127708,212.94703338213586,222.0633939304996,38407000.0
2022-11-03,207.3436279296875,213.3050632032554,207.0823272743383,212.99537134996444,36633900.0
2022-11-04,214.25352478027344,214.4470748558158,206.55010773152472,210.53731016893326,36789100.0
2022-11-07,220.52462768554688,221.04722910682952,214.1470592473895,214.8341789629505,33498000.0
2022-11-08,221.49234008789062,224.18272523318964,218.56001372616598,221.3278218327516,28192500.0
2022-11-09,217.27293395996094,221.26013615245242,217.09874333274988,220.04074269428185,27852900.0
2022-11-10,235.14755249023438,235.48627617138314,227.42479136911933,227.84092326094827,46268000.0
2022-11-11,239.1444091796875,239.99604710310476,234.1313788126477,235.15722211445575,34620200.0
2022-11-14,233.763671875,236.0475981897714,231.4991049977139,234.18949089813225,31123300.0
2022-11-15,234.1701202392578,239.03797746539766,232.2926536001012,237.74117578758222,31390100.0
2022-11-16,234.5971221923828,236.60604855552322,233.3257795259496,235.62584176038104,24093300.0
2022-11-17,234.54859924316406,236.0722794395261,230.6181168177236,230.76368475624398,23123500.0
2022-11-18,234.1021728515625,236.5478177930803,231.9767921721455,236.3245938837583,27613500.0
2022-11-21,234.9076690673828,237.45035420758848,234.0730450796648,234.30595375905,26394700.0
2022-11-22,237.79971313476562,238.0714497781423,233.60719434514203,236.40220193537894,19665700.0
2022-11-23,240.27450561523438,240.95384732065142,237.06217820148206,237.8773882479825,19508500.0
2022-11-25,240.18714904785156,241.36143645953254,239.44956540890726,240.01245273021934,9200800.0
2022-11-28,234.62623596191406,239.37194317865058,233.69457155598104,238.81877021422886,24778200.0
2022-11-29,233.23843383789062,235.6258367832805,231.18099474535325,234.27685297681788,17956300.0
2022-11-30,247.61141967773438,247.7958155951577,232.78229762918565,233.47135371926146,47594200.0
2022-12-01,247.1746826171875,248.56247947765692,243.51592255366535,246.3788718348064,26041500.0
2022-12-02,247.4949951171875,248.5043007754148,242.32226844849012,242.448437208971,21528500.0
2022-12-05,242.81719970703125,246.3303923254423,240.74034652754588,244.57378861196725,23435300.0
2022-12-06,237.88705444335938,244.4281775081437,236.58659838862874,243.41887208872768,22463700.0
2022-12-07,237.15919494628906,238.89638442921668,235.06294286518101,237.60562791314456,20481500.0
2022-12-08,240.09979248046875,241.4002634352855,235.88785939315616,237.61533452681962,22611800.0
2022-12-09,238.17823791503906,240.98296029845363,236.95542284837845,237.47948221736485,20609700.0
2022-12-12,245.05899047851562,245.08810406106682,239.87656546489097,240.14830210772652,30665100.0
2022-12-13,249.33888244628906,256.13232821113195,245.60248135221084,253.96811982675712,42196900.0
2022-12-14,249.63002014160156,254.84155883572362,246.80588411276605,249.54267939230644,35410900.0
2022-12-15,241.66232299804688,246.69918125283206,240.0416023610737,246.23334901675673,35560400.0
2022-12-16,237.46978759765625,242.4678175315528,236.32459886583192,241.21588885198315,86102000.0
2022-12-19,233.3548583984375,237.9744109828848,231.66621136200337,237.63473277219197,29696400.0
2022-12-20,234.66506958007812,235.74231675615167,231.38480046926088,232.33587889229094,25150800.0
2022-12-21,237.21743774414062,238.37232600874938,233.02491849714485,234.55829818550004,23690600.0
2022-12-22,231.1615753173828,234.84944921071,226.96904125544336,234.14097913275145,28651700.0
2022-12-23,231.6856231689453,231.82149149891836,227.03697155694044,229.1429380757911,21207000.0
2022-12-27,229.9678497314453,231.87970583722927,228.87118875185556,231.65649676645367,16688600.0
2022-12-28,227.6095733642578,232.64643111207874,227.26019552023155,229.89993593986588,17457100.0
2022-12-29,233.89834594726562,234.7814975020751,228.69650658121392,228.69650658121392,19770700.0
2022-12-30,232.7434539794922,232.87932229950997,229.67669497504897,231.18096089501935,21938500.0
2023-01-03,232.5105438232422,238.4984794551215,230.39486293780934,235.90726682667218,25740000.0
2023-01-04,222.33978271484375,225.9985278733158,219.2924376104367,225.4259409938991,50623400.0
2023-01-05,215.75015258789062,220.83553784778456,215.21637883212745,220.4958596008794,39585600.0
2023-01-06,218.29281616210938,219.09832651208657,212.87748240196308,216.41977321502756,43613600.0
2023-01-09,220.41822814941406,224.41666688908288,219.7291868413214,219.76800002138827,27369800.0
2023-01-10,222.09718322753906,224.48458614807703,220.62203068917864,221.0393352972296,27033900.0
2023-01-11,228.81298828125,228.98766979827053,224.2904903213458,224.4651718383663,28669300.0
2023-01-12,231.47213745117188,232.8211212975009,226.66820302336927,228.3180371449277,27269500.0
2023-01-13,232.17088317871094,232.30675151679418,227.98806347571494,230.00668936190732,21333300.0
2023-01-17,233.2578125,233.80128577732816,230.09399836499716,230.94803626281922,29831300.0
2023-01-18,228.85182189941406,235.22796439382358,228.57038560512123,234.44186787994613,30028700.0
2023-01-19,225.0863037109375,228.57038281279662,223.87318816519613,226.88172064205048,28623000.0
2023-01-20,233.1316375732422,233.63629766385853,227.59012059300107,227.92979878656774,35389800.0
2023-01-23,235.4219970703125,237.9355682866886,232.57844725506925,233.9856727764598,31934000.0
2023-01-24,234.89797973632812,236.75162381980027,233.34520074340116,235.34441276702486,40234400.0
2023-01-25,233.5101776123047,236.12080454500452,224.0866898660757,227.56105444486033,66526600.0
2023-01-26,240.68209838867188,240.9829486422917,234.85914439539755,236.46045082013288,33454500.0
2023-01-27,240.8373565673828,242.45807682264515,239.5466001179385,241.642866899376,26498900.0
2023-01-30,235.54823303222656,238.3529556677396,235.05327239690436,237.2951076248889,25867400.0
2023-01-31,240.49771118164062,240.63357952072695,235.78111768401726,236.26636386768823,26541100.0
2023-02-01,245.2919464111328,247.65023576111176,238.2267631452796,240.6821076556318,31259900.0
2023-02-02,256.7922668457031,256.8796075980904,249.65914256333582,251.18282257259764,39940400.0
2023-02-03,250.72669982910156,256.40408589321055,249.51358441442338,251.88158807324123,29077300.0
2023-02-06,249.1932830810547,250.6781350311893,247.26201299101024,249.84352591670253,22518000.0
2023-02-07,259.6649475097656,260.8392350360664,252.40565360237943,252.84238703481986,50841400.0
2023-02-08,258.8594970703125,268.5935364835142,258.3548219727172,265.13858526081,54686000.0
2023-02-09,255.84121704101562,265.8955343068472,255.045406117351,265.72082315542565,42375100.0
2023-02-10,255.3365936279297,256.2973717666834,252.96858945697053,253.812913229461,25818500.0
2023-02-13,263.31396484375,266.4971782446964,259.26699912258107,259.74256046553177,44630900.0
2023-02-14,264.1388854980469,266.85625191813295,261.33414871350027,264.62413161713886,37047900.0
2023-02-15,262.0276794433594,263.39950469785816,258.9726863891012,261.0547562578646,28922400.0
2023-02-16,255.0518035888672,259.5175173851741,254.8085727958793,256.8711651698153,29603600.0
2023-02-17,251.0725555419922,253.047588426155,249.06833614983722,252.36656000925092,30000100.0
2023-02-21,245.82850646972656,248.57215705654002,244.7777476181148,247.58949511011687,28397400.0
2023-02-22,244.6999053955078,247.45327979594094,243.56158704829775,247.21004899921323,22491100.0
2023-02-23,247.87164306640625,249.88558633204974,243.69779430491118,248.64024584758673,29219100.0
2023-02-24,242.47190856933594,244.2037105882477,241.38223939221282,243.19187704458037,24990900.0
2023-02-27,243.3864288330078,245.97440765666494,242.63727394286974,245.62415477191715,21190000.0
2023-02-28,242.66648864746094,244.68044668021838,241.99516930320846,242.3259744546454,22491000.0
2023-03-01,239.60177612304688,244.13558648881542,239.1347623459425,243.9701913432016,27565300.0
2023-03-02,244.3107452392578,244.5928864350576,238.95966764159195,239.8742178244938,24808200.0
2023-03-03,248.37757873535156,248.6986452006702,244.58318386455167,245.36152546117583,30760100.0
2023-03-06,249.9147491455078,253.07674918507004,249.04884819003743,249.48666061100502,24109800.0
2023-03-07,247.2684326171875,250.7125891600785,246.52901630785823,249.3602116204825,21473200.0
2023-03-08,246.83058166503906,247.6478334867659,244.01883456634258,247.16137194826737,17340200.0
2023-03-09,245.4879913330078,252.53194586818475,244.76802281359187,248.8932225660645,26653400.0
2023-03-10,241.8589630126953,245.9452372856859,240.89577859254197,244.2815470078051,28333900.0
2023-03-13,247.04464721679688,250.92661597294014,239.0764041542882,240.7011840514009,33339700.0
2023-03-14,253.72862243652344,254.0010397156642,248.93210385508328,249.79800481641536,33620300.0
2023-03-15,258.25274658203125,259.26459506275955,252.19142412250247,252.9405940179142,46028000.0
2023-03-16,268.72137451171875,269.0716125790634,256.15119488258745,258.0289293565625,54768800.0
2023-03-17,271.86395263671875,275.65834759698896,268.8381754027799,270.7256489942692,69527400.0
2023-03-20,264.8588562011719,269.96670228330714,262.543294560003,269.4802407516752,43466600.0
2023-03-21,266.366943359375,267.5539109885018,262.2222805461307,267.43716494158167,34558700.0
2023-03-22,264.917236328125,273.43031336043435,264.81019934883693,265.9971667055635,34873300.0
2023-03-23,270.1418762207031,273.4498093699548,267.7484933121212,270.4142935461412,36610900.0
2023-03-24,272.97308349609375,273.03145651581804,267.8263111878216,269.7332324450906,28172000.0
2023-03-27,268.89654541015625,273.83898269172226,268.059815935794,272.90498464073,26840200.0
2023-03-28,267.77764892578125,268.6630125541161,264.68373074732534,268.32248351379377,21878600.0
2023-03-29,272.9146728515625,273.527619165426,270.8715283691032,271.4066242065595,25087000.0
2023-03-30,276.3587646484375,276.7576666390423,273.85837511849326,276.53391335276035,25053400.0
2023-03-31,280.4936828613281,281.4374193382453,275.3372029511124,276.0474474143603,32766000.0
2023-04-03,279.4527282714844,280.46454697415277,276.26154151333856,278.761931454292,24883300.0
2023-04-04,279.404052734375,282.58553031935185,277.9349590223858,279.4527167048261,25824300.0
2023-04-05,276.6410217285156,279.3749339662447,275.259487198861,278.11014548796777,22064800.0
2023-04-06,283.704345703125,284.1713297291427,274.3934656981096,275.5415076837403,29770300.0
2023-04-10,281.55426025390625,281.75856581319096,277.00095709388467,281.3791115118309,23103000.0
2023-04-11,275.1718444824219,278.2365761916983,274.0140932371224,278.0127931758795,27276600.0
2023-04-12,275.8139343261719,279.23864232032844,274.32536331001984,277.07875205265157,27403400.0
2023-04-13,281.9920349121094,282.05040792429327,275.50265429718814,275.91126538247534,24222700.0
2023-04-14,278.39227294921875,280.6689097907965,276.00859911070734,279.2289726922403,20987900.0
2023-04-17,280.9801940917969,283.7043967289592,278.4116924129814,282.07960200286976,23836200.0
2023-04-18,280.5618591308594,283.86008303886325,279.2386978273748,283.67522525510293,20161800.0
2023-04-19,280.63970947265625,281.2234396408052,276.8355761901663,278.2462970182061,17150300.0
2023-04-20,278.3630676269531,281.2040166915489,277.3609578281469,277.5263678512321,23244400.0
2023-04-21,278.0224609375,278.51863143275347,275.3955571976247,277.2927687532292,21676400.0
2023-04-24,274.1405334472656,277.234451496004,271.173129844423,274.45187596772155,26611000.0
2023-04-25,267.96246337890625,273.97512034038175,267.91379941457996,271.94171485112884,45772200.0
2023-04-26,287.3722839355469,291.4585727273819,284.8037824567908,288.6662882525056,64599200.0
2023-04-27,296.576171875,296.9361784067996,287.2555804982626,287.95608640380885,46462600.0
2023-04-28,298.94036865234375,300.56513364270495,295.0973104351293,295.7783684985938,36469600.0
2023-05-01,297.2864074707031,300.24410228095644,296.8875053999733,298.6582327311371,21294100.0
2023-05-02,297.1405029296875,300.8084130116415,295.6811180076152,299.42687857918656,26404400.0
2023-05-03,296.1578369140625,300.2538355598004,295.856233076209,298.31772775720617,22360800.0
2023-05-04,297.1405029296875,299.42687857918656,295.1849176329067,297.9480161890788,22519900.0
2023-05-05,302.2386169433594,303.52288282414327,296.03136154416666,297.44211220444237,28197100.0
2023-05-08,300.2926940917969,301.80074263730194,297.80201345372643,301.73263089775384,21318600.0
2023-05-09,298.6873779296875,301.6450723308815,298.0160586463366,299.66030098483304,21340800.0
2023-05-10,303.8536071777344,304.5249264836218,299.33925948976275,300.26351860842567,30078000.0
2023-05-11,301.7131652832031,302.6958271056149,297.9674351385275,301.7034562423544,31680200.0
2023-05-12,300.60400390625,302.23850733013506,298.2981812741171,302.1412090972546,19774700.0
2023-05-15,301.0808410644531,301.50892969880647,299.261479214083,300.7306029224894,16336500.0
2023-05-16,303.2991027832031,305.21576288918396,301.4408157004491,301.4408157004491,26730300.0
2023-05-17,306.16571044921875,306.5849748220485,302.98703781876026,304.49838322404014,24315000.0
2023-05-18,310.5729675292969,311.0800126585323,305.8927386445008,306.68252689685806,27276000.0
2023-05-19,310.39739990234375,310.7971739556616,308.47655029580653,308.83731401909836,27546700.0
2023-05-22,313.16656494140625,314.5413890695808,310.0756729757329,310.65094892902596,24115700.0
2023-05-23,307.394287109375,314.66815212283035,307.3845270869392,312.04526511786804,30797200.0
2023-05-24,306.0194091796875,308.60328539686515,304.8103271006574,306.8774578305602,23384900.0
2023-05-25,317.7882995605469,318.7438294879401,312.0159906409768,315.1751430242443,43301700.0
2023-05-26,324.58441162109375,325.0816668912498,315.7992015223041,315.935693050292,36630600.0
2023-05-30,322.9464111328125,327.36338793288695,322.27362402531594,326.86613249930116,29503100.0
2023-05-31,320.1966857910156,327.5583014347169,319.16310540886235,323.9993748636306,45950600.0
2023-06-01,324.2820739746094,325.2083832572948,316.6181962485788,317.79799826429337,26773900.0
2023-06-02,327.03179931640625,329.07941048845686,324.2529005654924,325.9104976467162,25873800.0
2023-06-05,327.5583190917969,330.11294548453895,326.31025620693947,326.8562818593042,21307100.0
2023-06-06,325.3547058105469,327.0025428376745,323.88240041372416,326.96353250247705,20396200.0
2023-06-07,315.3116455078125,326.14443575419256,314.4535968237107,323.37529757305805,40717100.0
2023-06-08,317.144775390625,318.4903491637824,315.28242630303987,315.85770223750364,23277700.0
2023-06-09,318.6365661621094,321.7567079982965,316.3159426317722,316.8814584828526,22529000.0
2023-06-12,323.5703430175781,323.81410551348466,317.0472562466259,320.3819105271756,24260300.0
2023-06-13,325.949462890625,328.572349691123,322.14677395783576,326.1249647437929,22951300.0
2023-06-14,328.9233703613281,330.58096729872784,324.50639495848685,325.9982202996805,26003800.0
2023-06-15,339.4148864746094,341.11146383028944,328.7868481922745,329.0598609823398,38899100.0
2023-06-16,333.788818359375,342.70078870657477,333.4183243934552,342.55453717316414,46552000.0
2023-06-20,329.6156311035156,333.54508130008793,327.48026928452794,330.84420359010136,26375400.0
2023-06-21,325.2377014160156,329.3036733312241,323.784886322757,327.9775897528391,25117800.0
2023-06-22,331.2342224121094,331.63399647710884,325.0231587622799,325.7836965611128,23556800.0
2023-06-23,326.6612854003906,329.5279351767741,325.13047930366815,326.0177487407771,23146900.0
2023-06-26,320.4014587402344,327.72406452687306,320.29418775939905,325.39371033432894,21520600.0
2023-06-27,326.2225341796875,327.76310031619386,321.0840008711868,323.58012686208883,24354100.0
2023-06-28,327.4704895019531,329.54735038907535,325.4813795282947,326.31017783033235,20259500.0
2023-06-29,326.6905822753906,327.7241331849387,324.3212172519648,326.3590687530991,16997000.0
2023-06-30,332.0435791015625,334.17894126353815,328.7869152430103,329.3231809112348,26832800.0
2023-07-03,329.5571594238281,332.394558661991,328.1726050055835,330.727231395335,12508700.0
2023-07-05,329.7132263183594,333.12590209225726,326.3785712256065,326.72957502224517,18172400.0
2023-07-06,332.75531005859375,334.43239728548525,327.1292821478824,328.88436028376566,28161200.0
2023-07-07,328.80633544921875,333.2623207283037,328.5918232764179,330.8539462339244,21214800.0
2023-07-10,323.55078125,326.8659745717447,319.41657937452953,326.2516884002901,32791400.0
2023-07-11,324.1748352050781,324.5550891855568,318.8413111644658,322.80001130179477,26698200.0
2023-07-12,328.78692626953125,333.12588163330713,327.2951007130947,328.2018902215588,29995300.0
2023-07-13,334.110595703125,335.1636364816071,330.5613998542952,331.08793512161674,20567200.0
2023-07-14,336.62628173828125,342.661844143398,335.7194923009407,338.91765538868515,28352700.0
2023-07-17,337.10406494140625,338.33260777182664,333.66213945063294,337.0552945851425,20363900.0
2023-07-18,350.52069091796875,357.62881326178683,333.63284869185065,337.20150526147,64738600.0
2023-07-19,346.2207946777344,353.4166695562891,343.6466777511621,352.7243922804998,39732900.0
2023-07-20,338.21563720703125,349.03869970926394,336.75306199743676,344.7484850456873,33778400.0
2023-07-21,335.19293212890625,341.56000752112044,331.35123269865875,340.43870595783125,69405400.0
2023-07-24,336.49951171875,338.2643797019485,333.7693834548789,337.2210689969038,26678100.0
2023-07-25,342.2230529785156,343.11035203179654,336.46050402116185,338.4495845575855,41637700.0
2023-07-26,329.3426513671875,336.0705206538034,324.79891447113727,332.92109821610006,58383700.0
2023-07-27,322.468505859375,332.8137710712754,320.8401594248719,331.98500245672983,39635300.0
2023-07-28,329.9276428222656,331.52673900384514,324.85740099740747,325.3449259664994,28484900.0
2023-07-31,327.5387878417969,329.2743755389443,325.04263262807757,328.51383777853505,25446000.0
2023-08-01,327.9483337402344,330.093455775555,325.374217054016,326.8270321220212,18311900.0
2023-08-02,319.3288879394531,325.3059494426346,318.2173166114524,325.3059494426346,27761300.0
2023-08-03,318.5098571777344,321.6495195711113,317.81757996467144,317.86632056535905,18253700.0
2023-08-04,319.6019287109375,326.7783131025437,319.07539331182784,323.5996401737791,23741500.0
2023-08-07,321.8737487792969,322.8487988022052,319.3483727907042,320.17717126140934,17741500.0
2023-08-08,317.91510009765625,320.54774749284115,314.9412089435367,318.8023993344605,22327600.0
2023-08-09,314.1903991699219,318.9486185830014,313.0398174565163,318.324602002666,22373300.0
2023-08-10,314.8729248046875,320.06995855318496,313.16658711260004,317.88582607311884,20113700.0
2023-08-11,313.00079345703125,314.36585743355505,311.2456856962181,312.2695059957332,24355500.0
2023-08-14,315.9552001953125,315.974690482468,312.09398089474894,313.37132372944086,18836100.0
2023-08-15,313.82958984375,316.9790121676308,312.89355014228914,314.9411611661193,16966300.0
2023-08-16,313.0673828125,316.99540096942354,312.4811083303605,313.45822252754004,20698900.0
2023-08-17,309.6280212402344,314.50381263909213,308.9733414603899,313.20426358487214,21257200.0
2023-08-18,309.2372131347656,311.0937247535903,304.4200159024574,307.29273496852556,24755000.0
2023-08-21,314.5135803222656,315.3831966115051,309.78435031765304,310.65396660689254,24040000.0
2023-08-22,315.080322265625,318.61747186045255,314.1032077999083,318.0507585907704,16084600.0
2023-08-23,319.5164489746094,321.66611285256477,316.0574552143243,316.409231948521,21166400.0
2023-08-24,312.64727783203125,325.35954498918005,312.63749714645934,325.2325153533981,23281400.0
2023-08-25,315.58843994140625,317.9139473148537,311.5040788241883,314.11298756039173,21684100.0
2023-08-28,316.2919006347656,318.68581270104596,314.3572036482765,318.2070362516221,14808500.0
2023-08-29,320.8941345214844,321.45109687018396,314.51357886440167,314.51357886440167,19284600.0
2023-08-30,321.26544189453125,322.26208781651366,318.97899784822044,321.1481929412585,15222100.0
2023-08-31,320.2590637207031,323.33696848625215,319.3014807588833,321.6661110110973,26411000.0
2023-09-01,321.1383972167969,324.3921747944003,319.30141751711045,323.7277442108601,14942000.0
2023-09-05,325.9164733886719,327.1867399112931,321.13839981294905,321.47061510740485,18553900.0
2023-09-06,325.2618408203125,326.80566842614127,322.62362005663084,325.7503980121673,17535800.0
2023-09-07,322.3598327636719,325.4572688809115,321.4999672739755,323.70825547986243,18381000.0
2023-09-08,326.6200256347656,328.4667861972207,321.92010767166425,322.5356945258159,19530100.0
2023-09-11,330.2060241699219,330.6750497904705,327.75345762157895,329.52203220068384,16583300.0
2023-09-12,324.1772766113281,329.0824106320826,323.89393486766744,328.13460834601074,17565500.0
2023-09-13,328.3690490722656,329.1409777651763,323.59097536312447,323.7277558674077,16544400.0
2023-09-14,330.94866943359375,333.0592103619418,328.8674109262189,331.38835303568044,20267000.0
2023-09-15,322.6627197265625,329.6783939916595,322.1057573596053,329.20939816193993,37679800.0
2023-09-18,321.5292663574219,322.8385960925468,318.89104551464607,320.29809265490445,16834200.0
2023-09-19,321.1286315917969,321.8517165023023,317.0833936077872,318.7054070395551,16505900.0
2023-09-20,313.42901611328125,322.0471733986375,313.17498661327795,321.9690173569062,21436500.0
2023-09-21,312.21734619140625,317.9041588491349,307.79101939102566,311.9535360525413,35560400.0
2023-09-22,309.7550354003906,314.0934255806642,308.9147015377864,313.96639594173394,21447900.0
2023-09-25,310.2729187011719,310.39994834578414,307.7910397456029,309.34464808220946,17836000.0
2023-09-26,304.9964599609375,308.65085775757245,302.92495267803366,307.9180220612958,26297600.0
2023-09-27,305.6316223144531,307.1070447852302,302.6025617027996,305.1528159801847,19410100.0
2023-09-28,306.4621887207031,308.2600757204857,302.3680768122536,303.8728115871533,19683600.0
2023-09-29,308.52386474609375,312.1587314237549,307.77149741019485,310.4780935014134,24147300.0
2023-10-02,314.4354248046875,314.5233913479347,307.96693177846345,309.0417636602757,20570000.0
2023-10-03,306.2178955078125,314.03481069195016,304.0877634575696,313.48759919542874,21033500.0
2023-10-04,311.660400390625,312.71570064039577,306.8139213204077,306.84323355961436,20720100.0
2023-10-05,312.0512390136719,312.65707498694155,307.6933171593875,311.78742886180316,16965600.0
2023-10-06,319.7705078125,321.6563316821838,309.06131118825493,309.30558981860264,25673600.0
2023-10-09,322.27191162109375,322.7409074969346,315.7838570263933,317.3179339483483,19891200.0
2023-10-10,320.8746032714844,323.52257487302114,320.1710797301385,323.38576454759857,20557100.0
2023-10-11,324.8124084472656,325.203248275294,321.60747414676473,323.6300784570828,20063200.0
2023-10-12,323.5812072753906,325.99468102864705,321.1970457612764,323.00471335948436,19313100.0
2023-10-13,320.229736328125,326.19011074612195,318.8910644547027,324.7733126546174,21072400.0
2023-10-16,325.02734375,328.4472441018182,323.03402205271703,323.47370563502346,22158000.0
2023-10-17,324.4606018066406,325.8285559881701,319.91702585909127,322.0471280716989,18338500.0
2023-10-18,322.55523681640625,327.909834737972,320.7866620472197,324.8807739787621,23153600.0
2023-10-19,323.7375793457031,329.1703335138683,323.33695882729216,324.5485712503718,25052100.0
2023-10-20,319.1939697265625,324.32382025517603,318.0018889823848,324.1283854502297,25027700.0
2023-10-23,321.7833251953125,325.1152889172781,316.96615830256553,318.0214287466955,24374700.0
2023-10-24,322.965576171875,324.2455934709326,320.1026385377484,323.7179434195226,31153600.0
2023-10-25,332.8736267089844,338.27706897512115,329.89340944141463,337.12405114410626,55053800.0
2023-10-26,320.3860778808594,333.81162115649903,319.4578072066944,332.7465699625012,37828500.0
2023-10-27,322.2621154785156,329.0139799295623,320.8843805209721,322.8679216685348,29856500.0
2023-10-30,329.5904541015625,331.6814932194884,324.23585648353105,325.77971392594014,22828100.0
2023-10-31,330.3721618652344,331.24180806391223,327.03044704898707,331.09524685603606,20265300.0
2023-11-01,338.14996337890625,339.46907368839175,331.8768762591472,332.0136865785613,28158800.0
2023-11-02,340.3484802246094,340.8467882699962,336.87970636333785,339.29318001958046,24348100.0
2023-11-03,344.7259216308594,346.2795596471139,339.3811050850171,341.6284859220493,23637700.0
2023-11-06,348.37060546875,349.3575005821622,345.2633887474612,345.36110615399525,23828300.0
2023-11-07,352.2790832519531,354.16490704694723,349.44545721598166,351.17493911544506,25833900.0
2023-11-08,354.887939453125,355.54258936078696,352.2985626023582,353.40270657525184,26767800.0
2023-11-09,352.4353942871094,356.44156927918397,352.1129298373234,354.0085341532929,24847300.0
2023-11-10,361.2098693847656,361.6300213922687,352.80668013888885,353.2170514609085,28042100.0
2023-11-13,358.2882995605469,360.03734267871334,357.52615152445077,359.79306407971893,19986500.0
2023-11-14,361.796142578125,363.4377174527681,358.9429851939613,362.5192275200011,27683900.0
2023-11-15,361.9430236816406,365.3306930182784,359.4365063311856,363.5193564786247,26860100.0
2023-11-16,368.3071594238281,368.48338982170065,362.4423444484434,363.2060393855787,27182300.0
2023-11-17,362.1192321777344,366.5447423144695,359.3287982048387,365.8006186204478,40157000.0
2023-11-20,369.5506286621094,370.95073116555085,363.24523724780994,363.4606399313925,52465100.0
2023-11-21,365.2719421386719,368.35609354646346,363.36268990163154,367.81760182816333,28423100.0
2023-11-22,369.9519958496094,371.8514473874102,367.13219027268104,370.0988544984735,23345300.0
2023-11-24,369.540771484375,370.06949251389324,367.2986596667437,369.44285575599235,10176600.0
2023-11-27,370.6961669921875,372.68376401378913,368.33656782207504,368.90443134275364,22179200.0
2023-11-28,374.70074462890625,374.994462020648,370.25563219581977,370.4416631704875,20453100.0
2023-11-29,370.93115234375,376.26721663239306,369.55062106548934,375.7385254123956,28963400.0
2023-11-30,370.98992919921875,372.145257364252,367.62183057461635,370.578695000301,30554400.0
2023-12-01,366.6819152832031,370.25561616658536,363.5487904683599,368.88488526497616,33040500.0
2023-12-04,361.4241027832031,361.79613477265366,355.3145134346435,361.3849305128498,32063300.0
2023-12-05,364.73345947265625,365.2817517868028,357.9776914107373,358.7903592232799,23065000.0
2023-12-06,361.0911865234375,366.35873644463544,360.3372921206186,365.73212951183393,21182100.0
2023-12-07,363.1963195800781,363.6858684513926,358.66309225095546,360.53317252493974,23118900.0
2023-12-08,366.40771484375,366.6328881744278,360.53312909562084,361.4828549867559,20154400.0
2023-12-11,363.5389404296875,363.83268764840955,358.44765064841334,360.77790780370736,27708800.0
2023-12-12,366.5545654296875,366.59373770012405,362.7164896784692,363.0983520859286,24838300.0
2023-12-13,366.54473876953125,369.74640682649743,363.0199816736299,368.16024372357776,30955500.0
2023-12-14,358.2811584472656,365.94750897813526,356.5187948133364,365.50690312981,43277500.0
2023-12-15,362.98089599609375,364.61597239957655,358.6238993402138,359.1819921925265,78502300.0
2023-12-18,364.8606872558594,365.20337736605416,360.9736688806633,361.7275930990288,21802900.0
2023-12-19,365.45794677734375,365.45794677734375,362.1094201402803,363.7249250586426,20603700.0
2023-12-20,362.87310791015625,368.17002893044344,362.7849927213884,367.1615597082987,26316700.0
2023-12-21,365.7320556640625,366.5838656317983,362.30521472188195,364.7725294435665,17708000.0
2023-12-22,366.7503967285156,367.3378613138971,364.91948884316713,365.86921479028837,17107500.0
2023-12-26,366.8287353515625,369.0610768362086,365.69297847275107,367.1616249726416,12673100.0
2023-12-27,366.25103759765625,367.2203346368523,365.0173650898164,365.8789757378514,14905400.0
2023-12-28,367.43572998046875,368.59105792655595,366.3391454974242,367.5238451750327,14327000.0
2023-12-29,368.1799011230469,369.2764857473798,365.6734134446601,368.14072884940924,18730800.0
2024-01-02,363.117919921875,368.0427796247224,359.1036138103624,366.0454121665628,25258600.0
2024-01-03,362.8535461425781,365.45794912599047,360.8072359155438,361.2967846745382,23083500.0
2024-01-04,360.2491760253906,365.30132326469203,359.49528162444665,362.9221232500447,20901500.0
2024-01-05,360.0631408691406,364.2830491168241,358.8392688743441,361.25764113124956,21004600.0
2024-01-08,366.8580627441406,367.35741205524755,361.2967958412056,361.58071261682426,23134000.0
2024-01-09,367.93505859375,368.13086016631314,363.43120410921466,364.23407123187167,20830000.0
2024-01-10,374.7691650390625,376.1399255368866,368.4540036584579,368.5029465849431,25514200.0
2024-01-11,376.59033203125,382.5138608324762,372.4291670394017,377.9316910243427,27850800.0
2024-01-12,380.35009765625,380.55569981393256,376.6099371438589,377.4323756542809,21661200.0
2024-01-16,382.1124267578125,385.7938434606626,379.51782397721394,385.43158211314164,27202300.0
2024-01-17,381.3291015625,381.95570842020396,376.76650366232656,379.8702558603142,22234100.0
2024-01-18,385.6371765136719,385.75466344784127,381.96556042243856,383.5321225973024,23392100.0
2024-01-19,390.3368835449219,390.3368835449219,385.27493541414515,387.4877057228784,29331100.0
2024-01-22,388.2219543457031,392.24603067724127,385.36297653502737,391.6585662087808,27016900.0
2024-01-23,390.56207275390625,391.03205041405533,385.6959559124731,387.47792092588605,20525900.0
2024-01-24,394.1455078125,397.1513444657461,392.07962632176026,393.1468390669837,24867000.0
2024-01-25,396.4072570800781,398.5025403738,394.1161721859946,395.8687653294727,21021200.0
2024-01-26,395.48687744140625,397.68007633393063,394.01823107466254,395.917682766026,17803300.0
2024-01-29,401.1558532714844,401.4104281984527,395.8785030835569,397.57235261817027,24510200.0
2024-01-30,400.04949951171875,404.41626660201007,397.9542461080957,403.64280098293807,33477600.0
2024-01-31,389.2696228027344,406.6388350866889,388.907361460185,398.45356335794276,47871100.0
2024-02-01,395.3400573730469,399.4718507500115,393.40143322301293,393.4308049580275,30657700.0
2024-02-02,402.6245422363281,404.02464472350925,395.12465055102524,395.36942496681314,28256700.0
2024-02-05,397.1709899902344,402.56582806837224,395.5456841655395,401.3321553615057,25352300.0
2024-02-06,397.0142822265625,399.4424550677267,394.4882235276778,397.39614463854895,18382600.0
2024-02-07,405.3952941894531,405.6400685561608,398.88430201096446,398.92347427594905,22340500.0
2024-02-08,405.4541320800781,406.87383568951475,403.9071708692484,405.39538860876115,21225300.0
2024-02-09,411.75946044921875,412.02383590927224,406.4135962217608,406.57025541446654,22032800.0
2024-02-12,406.5801086425781,411.9455447595813,406.0807592685953,411.7693143498308,21202900.0
2024-02-13,397.82696533203125,401.4985815288795,394.9582163813525,396.4758057908408,27824900.0
2024-02-14,401.6720886230469,402.01541247950905,396.8460370500132,400.27921574475005,20401200.0
2024-02-15,398.7980041503906,401.31894521125486,396.5713534874336,400.3478557485238,21825500.0
2024-02-16,396.34576416015625,400.4950166150196,395.737605866878,400.17130014605374,22296500.0
2024-02-20,395.10003662109375,396.76756266074034,390.4112964520626,395.5414273661721,24307900.0
2024-02-21,394.5016784667969,394.60959394201785,389.63638185870155,392.53007321174096,18518900.0
2024-02-22,403.7908630371094,404.9483275530714,400.76967888893086,402.3587454167674,27009900.0
2024-02-23,402.5058898925781,407.92049268532105,401.1620503723916,407.7341476569605,16295900.0
2024-02-26,399.7593688964844,404.2911603614398,399.58278265548927,403.6045125913183,16193500.0
2024-02-27,399.70050048828125,400.5244598178457,396.13979878680874,400.2007433350152,14835800.0
2024-02-28,399.9359130859375,401.48573495033145,397.58173927175767,400.38712249937714,13183100.0
2024-02-29,405.7428894042969,406.29219561123216,398.17027676875426,400.83834831741547,31947300.0
2024-03-01,407.5673828125,407.93031407980567,403.0355914321904,403.41813008815376,17823400.0
2024-03-04,406.9984436035156,409.38204334564557,404.4480762959748,405.54668869062186,17596000.0
2024-03-05,394.962646484375,406.3411866044012,392.9910415291509,406.056714869292,26919200.0
2024-03-06,394.41339111328125,397.4247865981622,390.784048581795,395.27659515513125,22344100.0
2024-03-07,401.32879638671875,401.9565620702222,394.56050584072034,398.3664344564578,18718500.0
2024-03-08,398.4645080566406,402.58433424165736,396.61057729290076,400.1712786506048,18002200.0
2024-03-11,396.7969665527344,397.9348236347475,393.5992262388283,396.05149669102667,16120800.0
2024-03-12,407.3515625,407.63603426425436,399.02366133031137,399.8378019777306,22457000.0
2024-03-13,407.17498779296875,410.1961717884516,403.5946789555971,410.11771230614136,17115900.0
2024-03-14,417.1017761230469,419.6521433696343,410.009799228429,412.21684262615895,34157300.0
2024-03-15,408.46978759765625,414.5317928189051,404.9090862008724,411.28498921650765,45079900.0
2024-03-18,409.3526306152344,412.69753127897746,405.8802070917239,406.34123515822085,20106000.0
2024-03-19,413.3645324707031,413.61957818454806,407.61639479250874,409.8528643144651,19837900.0
2024-03-20,417.11163330078125,417.82767717758037,412.6288753346162,413.94328882066856,17860100.0
2024-03-21,421.1725158691406,422.59484462108253,419.00471729967956,421.6237252238155,21296200.0
2024-03-22,420.5545959472656,421.65320840400005,417.93558766825475,421.4962894258474,17648500.0
2024-03-25,414.78680419921875,419.24995422394994,413.5606690168653,417.1213703760103,18060500.0
2024-03-26,413.59991455078125,417.85705232022457,413.3056540804049,417.48430243445387,16725600.0
2024-03-27,413.3841247558594,416.34648660093063,411.0103437373624,416.33666794000516,16705000.0
2024-03-28,412.687744140625,413.81578270674646,411.1182848623514,412.92315255513495,21871200.0
2024-04-01,416.4642333984375,419.7208560550212,414.15909296576694,415.85607505767865,16316000.0
2024-04-02,413.3939514160156,414.31600751259526,409.8626759328322,412.08932675524255,17912000.0
2024-04-03,412.4228210449219,415.17917040060684,411.0887704678448,411.7165660182198,16502300.0
2024-04-04,409.9019470214844,420.4859554910503,409.59786785676073,416.8761903565226,19370900.0
2024-04-05,417.3960876464844,418.3672072160066,410.3335658710208,411.9913032872843,16554800.0
2024-04-08,416.48382568359375,419.12247124179834,415.21844567326013,417.0527692258899,14272400.0
2024-04-09,418.14154052734375,419.5736580977935,413.57050478624086,418.29848942937065,12496900.0
2024-04-10,415.1792297363281,415.93451830181,411.68719880938414,414.1296507389469,16216600.0
2024-04-11,419.7600402832031,421.1725504908495,414.2963744060529,417.69033834286756,17966400.0
2024-04-12,413.84515380859375,417.06253143112855,411.75581460240056,415.95410040174403,19253800.0
2024-04-15,405.7428894042969,418.6712525249299,405.5368771254888,418.4554515197094,20273500.0
2024-04-16,406.6648864746094,410.4119627811132,405.8311384974836,406.6550977488978,16765600.0
2024-04-17,403.97723388671875,410.8828360715611,402.4960529094379,409.2839508985917,15855500.0
2024-04-18,396.5517272949219,404.02627254838046,396.2378594372626,402.79031869935466,21029900.0
2024-04-19,391.50006103515625,397.73865251494925,390.17582902876677,396.3163237053195,30565800.0
2024-04-22,393.304931640625,395.1588624515417,388.1944084543801,392.441727661041,20286900.0
2024-04-23,399.7887878417969,400.40676483693346,395.3648819975192,396.52234656320184,15734500.0
2024-04-24,401.2502746582031,404.59517495198185,399.01380533371923,401.7407287200192,15065300.0
2024-04-25,391.421630859375,392.25540884693,380.6218216022703,386.507271018032,40586500.0
2024-04-26,398.5626220703125,405.1150815807432,398.01331587991365,404.30094095620495,29694700.0
2024-04-29,394.5703430175781,398.56264677395114,391.56876617151903,397.5130677635141,19582100.0
2024-04-30,381.89697265625,394.4820415046003,381.74005368851095,393.82481984555585,28781400.0
2024-05-01,387.39990234375,394.05045900742965,382.85829240714,385.11436938308555,23562500.0
2024-05-02,390.2445373535156,392.2946320183516,387.1154376190438,390.067981051651,17709400.0
2024-05-03,398.8961181640625,399.37675358596374,394.18774100881984,394.5997356096934,17446700.0
2024-05-06,405.644775390625,406.0273140130064,398.6116505989638,400.95603550783153,16996600.0
2024-05-07,401.52496337890625,406.75322090554647,401.27973632622934,406.74340224425765,20018200.0
2024-05-08,402.7020263671875,404.3597634781988,398.9451315189421,400.37727892161104,11792300.0
2024-05-09,404.44805908203125,404.84041635842834,401.2895336143813,402.73146980472023,14689700.0
2024-05-10,406.8219299316406,407.44972566051337,403.93805691389593,405.056306830345,13402300.0
2024-05-13,405.8213195800781,410.36292908810583,402.9766919421273,410.0294239104783,15440200.0
2024-05-14,408.6071472167969,409.5193847249845,403.69278719697195,404.1538152820149,15109300.0
2024-05-15,415.7511901855469,416.46855556809163,410.0418362179186,410.66092785109674,22239500.0
2024-05-16,413.6973876953125,418.05067177577746,413.0684896947791,414.49335406459187,17530100.0
2024-05-17,412.930908203125,415.5939858480529,410.7886784280323,415.2205635959117,15352200.0
2024-05-20,417.9720153808594,419.3772369114519,412.71468512121004,412.9308753558347,16272100.0
2024-05-21,421.60797119140625,425.46988664412265,417.49054998726376,419.43623228216074,21453300.0
2024-05-22,423.06231689453125,424.91959180983645,419.7310556819618,422.63977275649836,18073700.0
2024-05-23,419.6033020019531,426.0889796466093,418.0506847119264,425.4698880093599,17211700.0
2024-05-24,422.70855712890625,423.59296088139126,417.05816150216543,419.7900037534496,11855300.0
2024-05-28,422.8658142089844,423.3571529882785,419.210252491479,422.18776429444347,15718000.0
2024-05-29,421.7357177734375,423.4750461602697,418.3159892619867,418.3159892619867,15517100.0
2024-05-30,407.48687744140625,416.95003623481153,407.0643033400361,416.95003623481153,28394500.0
2024-05-31,407.93890380859375,409.53083651523417,397.5028738526741,409.53083651523417,47995300.0
2024-06-03,406.3568115234375,409.21640680558284,401.8365187640821,408.33200300435846,17484700.0
2024-06-04,408.8626403808594,409.22622626275023,402.58331667273,405.2856798357907,14348900.0
2024-06-05,416.66510009765625,416.7338647316788,409.0886349128657,410.57248754759564,16988000.0
2024-06-06,417.166259765625,417.9425834215114,413.2945078470223,416.6651146111646,14861300.0
2024-06-07,416.5079040527344,418.89580340788024,415.67262210037114,418.8172023955245,13621700.0
2024-06-10,420.4582214355469,420.66457531575907,416.5471841383872,417.34315052242914,13982900.0
2024-06-11,425.1848449707031,425.3224341996882,417.8835591764401,418.10958577165815,14551100.0
2024-06-12,433.41973876953125,435.71920053687387,425.7450298401941,427.7791794767063,22366200.0
2024-06-13,433.9306945800781,435.709368351957,431.7589858154619,433.21335923548196,15960600.0
2024-06-14,434.903564453125,435.4636977946633,429.15489539650804,430.68786981308114,13582000.0
2024-06-17,440.6031188964844,443.1286073434569,433.0856417971322,434.92324397820295,20790000.0
2024-06-18,438.6082763671875,442.34246889984814,437.18341197055486,441.9198947788086,17112500.0
2024-06-20,437.9793701171875,438.79497924029823,433.6260860366594,438.5689526211533,19877400.0
2024-06-21,441.9886474609375,442.77477739903867,438.77530310305696,439.6302276576991,34187100.0
2024-06-24,439.91522216796875,444.90721036131976,438.6770389987755,442.0082999216464,15913700.0
2024-06-25,443.1383972167969,443.6002568065394,439.01114003233465,440.48515617122325,16413400.0
2024-06-26,444.3274230957031,445.7424809709231,440.42619256271684,441.22215886891127,16507000.0
2024-06-27,445.0055236816406,448.2680202655606,443.94421515967235,444.3471165440364,14806300.0
2024-06-28,439.2076721191406,447.49163533200266,438.67701793083796,445.2216529567904,28362300.0
2024-07-01,448.81829833984375,449.447196335744,437.94005138791704,440.88808384173325,17662800.0
2024-07-02,451.3241271972656,451.6287548273333,445.26099374388446,445.349461110364,13979800.0
2024-07-03,452.7882995605469,453.03396893483153,449.94837718806366,450.25300481306164,9932800.0
2024-07-05,459.460693359375,460.2370169877969,451.01949716215944,451.6483951731934,16000300.0
2024-07-08,458.16357421875,459.59830504287737,456.41440936822374,458.4682018620652,12962300.0
2024-07-09,451.5796203613281,459.23465638604694,450.06628863582495,458.91038601076474,17207200.0
2024-07-10,458.17340087890625,458.3797547644369,450.9113994976311,453.2305340754163,18196100.0
2024-07-11,446.82342529296875,456.728800279139,443.72796749516465,454.95999295662324,23111200.0
2024-07-12,445.6933898925781,448.4547114032981,442.8436310012122,446.45987718044813,16324300.0
2024-07-15,446.09625244140625,449.33910606074033,443.61007966105154,445.4476817175394,14429400.0
2024-07-16,441.7331848144531,446.43038212668165,438.92274152217504,446.3517811207802,17175700.0
2024-07-17,435.8371276855469,437.14410559537976,431.5723108003405,434.92324477920374,21778000.0
2024-07-18,432.74169921875,436.9475578488645,426.8751131633182,436.6429302135875,20794800.0
2024-07-19,429.5382080078125,433.4984276788557,424.51673967166596,425.59769107139607,20940400.0
2024-07-22,435.2671813964844,436.898429671943,431.306992206013,434.1371082507153,15808800.0
2024-07-23,437.14410400390625,440.62279084734524,435.4244183311835,436.21054835742433,13107100.0
2024-07-24,421.47039794921875,433.83249840274334,420.18309274942834,432.82034171919196,26805800.0
2024-07-25,411.1523132324219,422.35483218497876,410.27774573844266,421.3721545577555,29943800.0
2024-07-26,417.9032287597656,421.49002544679837,410.04180915234855,410.95572197330205,23583800.0
2024-07-29,419.3380126953125,424.6641083620649,417.3431784161,424.10397494654256,15125800.0
2024-07-30,415.593994140625,421.6177822082065,410.13027948455533,420.31083428857175,32687600.0
2024-07-31,411.1031494140625,414.4737261342931,405.06949500365346,413.2159000993034,42891400.0
2024-08-01,409.88458251953125,420.05530026736574,405.9342299111822,413.5008583778063,30296400.0
2024-08-02,401.4139099121094,407.81114983489476,397.3358044115477,405.3446197900361,29437900.0
2024-08-05,388.30499267578125,394.09297731515574,378.9007621776494,382.42860065253456,40709200.0
2024-08-06,392.687744140625,398.6427974223072,391.59698650264767,393.07100276300895,24946500.0
2024-08-07,391.5281677246094,402.9763539760022,390.58480577308114,401.56132604317764,20650900.0
2024-08-08,395.7143859863281,398.8294567188382,393.0120229903142,395.46871662305415,20203000.0
2024-08-09,398.9866943359375,400.9815283942931,395.2918474526737,397.03117577316215,19276700.0
2024-08-12,399.7630615234375,401.6792947885224,397.23757296063644,400.0087309169643,16762900.0
2024-08-13,406.8383483886719,407.762067699129,402.4752575998139,402.49490035510087,19414300.0
2024-08-14,409.6388854980469,410.4840036540826,405.305304565642,407.6145724584555,18267000.0
2024-08-15,414.4824523925781,414.5611950729744,411.1648649409175,413.2715696251715,20752100.0
2024-08-16,411.9622497558594,414.787612725286,410.8104315549657,414.05913029915934,22775600.0
2024-08-19,414.974609375,415.19118926465836,409.9834478562735,412.44456931012445,15234000.0
2024-08-20,418.19378662109375,419.23729981689326,415.082955234779,415.14201975205145,16387600.0
2024-08-21,417.5440368652344,419.7688702359865,415.1616580728871,417.48494231064296,16067300.0
2024-08-22,409.0876159667969,420.1528389914807,408.1622318516386,417.7606059891525,19361900.0
2024-08-23,410.30841064453125,412.74000030450156,405.68148941527863,410.4954583139899,18493800.0
2024-08-26,407.0597229003906,410.79079224794975,404.9431639983374,409.89494023874727,13152800.0
2024-08-27,407.40423583984375,407.91613833509496,403.8700687036349,406.43946532338146,13492900.0
2024-08-28,404.2146301269531,408.5461982686738,400.97578558888256,408.4280692350888,14882700.0
2024-08-29,406.6954040527344,415.4865229101855,404.21460437652166,408.4871077292706,17045200.0
2024-08-30,410.6529235839844,410.99745657650817,405.7208262421071,409.1368642535232,24308300.0
2024-09-03,403.0726623535156,413.3503087826454,400.7001374742272,411.41094371784055,20313600.0
2024-09-04,402.5410461425781,404.8446523736478,398.0814949690352,399.59755429893164,15135800.0
2024-09-05,402.0390319824219,406.67577709695456,399.8141682348964,401.2809872314555,14195500.0
2024-09-06,395.4530334472656,404.26383081056673,394.5670056307313,402.6985610672717,19609500.0
2024-09-09,399.4105224609375,402.2949499033103,395.89603343829765,400.9068736495872,15295100.0
2024-09-10,407.7586669921875,409.85551750473985,401.3597503882825,401.8519747424291,19594300.0
2024-09-11,416.4611511230469,417.3963592828998,403.21045111442425,409.03840014283475,19266900.0
2024-09-12,420.3595886230469,420.7238298297295,413.2223356546228,416.72697057085117,17395700.0
2024-09-13,423.89373779296875,425.1144444971336,418.84351144501346,419.2077526362247,15874600.0
2024-09-16,424.632080078125,426.7880250402565,421.5606050753592,423.9035976857479,13834700.0
2024-09-17,428.3828430175781,434.9786612819886,425.54762597309116,433.3838592052121,18874200.0
2024-09-18,424.11029052734375,429.2491133188561,423.71651710377296,428.23513248274287,18898000.0
2024-09-19,431.8678283691406,434.6341269777226,430.1056566789826,434.3683366283435,21706600.0
2024-09-20,428.5009460449219,432.409208323067,427.4672869965637,430.4206328981448,55167100.0
2024-09-23,426.7683410644531,429.6724465370328,423.6968661035608,427.52635570448473,15128900.0
2024-09-24,422.495849609375,426.61083784634445,419.4735849772464,426.2662748026867,17015800.0
2024-09-25,425.39007568359375,426.38437839634133,421.9051492250097,423.1455340479856,13396400.0
2024-09-26,424.6025390625,428.53047950890726,422.45644824495844,428.3237537072511,14492000.0
2024-09-27,421.36370849609375,425.1341637224931,420.8222737453315,424.80927883764434,14896100.0
2024-09-30,423.6082458496094,423.7264049247719,418.7549211722127,421.5507517579481,16807300.0
2024-10-01,414.147705078125,421.81656847562806,412.2969368087723,421.78703621784,19092900.0
2024-10-02,410.6430969238281,416.24461251055664,410.22961524498584,416.00832438993655,16582300.0
2024-10-03,410.062255859375,413.02542591560956,407.84724636027164,411.1353013004486,13686400.0
2024-10-04,409.5897216796875,413.2223397680441,408.51667620718774,411.73581262468696,19169700.0
2024-10-07,403.1711120605469,410.6233655735784,402.6395013728588,409.5306419831522,20919800.0
2024-10-08,408.2607421875,409.19598053892946,401.82246884384335,404.5099947662806,19229300.0
2024-10-09,410.9679260253906,413.84252930935924,407.8570646785986,409.3928021729279,14974300.0
2024-10-10,409.37310791015625,410.8596349305785,406.72493873590105,408.77260867644156,13848400.0
2024-10-11,409.845703125,410.64310419410805,406.82343830885475,409.66850956364067,14144900.0
2024-10-14,412.6217956542969,417.4455877275933,411.0269637053987,411.2730758524341,16653100.0
2024-10-15,412.2279968261719,415.90985501650863,408.80213492837686,415.61450241094855,18900200.0
2024-10-16,409.6488037109375,409.88506179410496,404.0965284555642,408.7135954364056,15508900.0
2024-10-17,410.239501953125,415.92961477123424,409.12707001088165,415.79177751966756,14820000.0
2024-10-18,411.65704345703125,413.1238623045801,409.7865970653071,410.6529166681237,17145300.0
2024-10-21,412.2674560546875,412.4446496235521,407.3156799270225,409.6488187127166,14206100.0
2024-10-22,420.8616943359375,423.88392916296095,411.53896348036403,411.9819473916582,25482200.0
2024-10-23,417.9969177246094,424.37612597688815,415.95910173602493,424.1595460644349,19654400.0
2024-10-24,418.1248779296875,419.3554387186423,415.8310957950025,418.71552307399537,13581600.0
2024-10-25,421.49169921875,425.7937351729216,419.9362835126177,420.1233311665373,16899100.0
2024-10-28,419.95599365234375,425.222800536086,419.67049509941035,424.9471560845272,14882400.0
2024-10-29,425.232666015625,426.43369473876635,419.17828193472,421.3440812856283,17644100.0
2024-10-30,425.8036193847656,431.68077966192817,425.3803136298507,430.6372663836306,29749100.0
2024-10-31,400.03076171875,409.6882017012257,399.9815212546983,408.9006246633273,53971000.0
2024-11-01,403.9881896972656,409.0384161036912,401.162826864631,402.64935394725995,24230400.0
2024-11-04,402.10784912109375,404.0373899234799,399.2628084141344,403.4270065821216,19672300.0
2024-11-05,405.06121826171875,408.4477238969609,401.7337771398714,402.0192756499378,17626000.0
2024-11-06,413.6456298828125,413.91145024796907,404.1358522419557,406.00632872643234,26681800.0
2024-11-07,418.81402587890625,420.21195632741785,413.3503473156427,414.7285695615749,19901800.0
2024-11-08,415.96893310546875,419.8673412736044,415.22074253188157,418.70569909892066,16891400.0
2024-11-11,411.5093994140625,418.2036383732599,409.530647967578,415.9492425000552,24503300.0
2024-11-12,416.4513244628906,417.8394007087299,410.71200186963034,411.7456609678349,19401200.0
2024-11-13,418.5876159667969,422.6533640239858,411.7062988498683,415.0829808583345,21502200.0
2024-11-14,420.25128173828125,421.5113747579457,413.4684163916041,418.3906594438851,30246900.0
2024-11-15,408.54620361328125,416.2248913266483,407.2073678244848,413.2912534776132,28247600.0
2024-11-18,409.2944030761719,411.8933320342017,405.6913172118432,408.4182293083614,24727000.0
2024-11-19,411.2928466796875,411.4405079817959,405.1498661250552,406.68560375296545,18133500.0
2024-11-20,409.0285949707031,410.8006207181085,404.19494808048387,410.38713903081657,19191700.0
2024-11-21,407.26287841796875,414.0790385036892,404.71793020151534,413.80284233986384,20780200.0
2024-11-22,411.3367919921875,411.73135363774225,405.4774597411712,405.7832472742104,24814600.0
2024-11-25,413.10247802734375,415.36135617252853,409.2159842267064,412.69804256956826,27691100.0
2024-11-26,422.17755126953125,423.21330950979313,413.161695275106,413.891635863064,23458900.0
2024-11-27,417.2454833984375,421.4279216336492,416.28865548862075,419.33668746447955,18332400.0
2024-11-29,417.7090759277344,419.10980447039015,412.1259395107062,414.384847961252,16271900.0
2024-12-02,425.12701416015625,427.11957037187784,415.5883259829179,415.84480464200857,20207200.0
2024-12-03,425.3439636230469,426.5967051479557,421.93093157664276,424.00241788094525,18302000.0
2024-12-04,431.4794921875,433.698935348809,426.754535872994,427.1490975254907,26009400.0
2024-12-05,436.6088562011719,438.6211597736825,430.2464705000807,431.97270407918,21697800.0
2024-12-06,437.54595947265625,440.04159877439776,435.7703869006791,436.2931878578621,18821000.0
2024-12-09,439.962646484375,442.2412722506749,434.5176237615362,436.5891099408423,19144400.0
2024-12-10,437.3092041015625,443.51378920495125,435.6027181772746,438.3548361326827,18469500.0
2024-12-11,442.8923645019531,444.23391032066826,438.0194510528632,438.0194510528632,19200200.0
2024-12-12,443.45458984375,449.96496224230685,443.0106891858234,443.0106891858234,20834800.0
2024-12-13,441.1956787109375,445.2991859531554,439.5286279530639,442.34980235220513,20177800.0
2024-12-16,445.45703125,446.039014950384,439.23272866925197,441.19569319284585,23598800.0
2024-12-17,448.2880554199219,449.1068002031095,443.4644812477741,444.8849272856994,22733500.0
2024-12-18,431.4499206542969,446.50265760588917,431.08492025325205,445.1907332778121,24444500.0
2024-12-19,431.09478759765625,437.1612597390131,430.39443838506674,435.6224481744677,22963700.0
2024-12-20,430.670654296875,437.71367214918683,422.80889160222836,427.2280306144627,64263700.0
2024-12-23,429.3389892578125,431.70638949616176,426.9518413679703,430.80874434392524,19152500.0
2024-12-24,433.3634948730469,433.629847299066,428.29331629516184,428.7470606574343,7164500.0
2024-12-26,432.1601257324219,434.9517090842379,430.70024449975995,433.1169536147247,8194200.0
2024-12-27,424.6830749511719,429.3093836032803,420.5598497453618,428.6978084898888,18117700.0
2024-12-30,419.06048583984375,421.7435474622816,416.17028459927946,420.2737923808389,13158700.0
2024-12-31,415.7756652832031,420.93464819489714,414.9470768224156,420.3131993235258,13246500.0
2025-01-02,412.8953552246094,420.2836558558519,409.21603069875914,419.7509810335182,16896500.0
2025-01-03,417.6005859375,418.27134378737713,413.8423310893823,415.3613950253171,16662900.0
2025-01-06,422.03948974609375,428.42162361284306,419.7016808979234,422.1874466156374,20573600.0
2025-01-07,416.6338806152344,424.801430542522,415.0851952170159,423.1738448521772,18139100.0
2025-01-08,418.7940979003906,421.17137158470763,415.8151230042094,417.70903085107875,15054600.0
2025-01-10,413.26031494140625,418.94206877538755,409.3836648034606,418.86316848876044,20201100.0
2025-01-13,411.5242614746094,412.81646832203865,406.69081302742603,409.6007318390263,17604800.0
2025-01-14,410.0248718261719,414.03957499111027,405.14208486737954,412.1357932076061,16935900.0
2025-01-15,420.5203552246094,422.3353628905166,412.58953664498,413.43787278736687,19637800.0
2025-01-16,418.8138427734375,423.6571645662551,418.6264508238549,422.8779150872359,15300000.0
2025-01-17,423.20343017578125,428.57942688248704,422.3551241092644,428.1947089431654,26197500.0
2025-01-21,422.6806335449219,425.0480336398343,419.82002384260585,424.3575582513444,26085700.0
2025-01-22,440.1402587890625,441.1957044539868,430.0787709144918,431.6175824572203,27803800.0
2025-01-23,440.6432800292969,440.6827452232724,435.50404480374874,435.9972543675129,18389300.0
2025-01-24,438.02935791015625,440.58418031954517,435.40547892407693,439.1144251755467,15549500.0
2025-01-27,428.6583251953125,429.28964793288844,417.74853125025015,418.2516146753107,35647800.0
2025-01-28,441.126708984375,442.29067649663904,425.5215489294809,428.6978201786795,23491700.0
2025-01-29,436.32275390625,440.8109789415141,434.41897223898974,440.62355690140845,23581400.0
2025-01-30,409.3540954589844,417.1172097708342,407.54896156269734,413.0827588425547,54586300.0
2025-01-31,409.42315673828125,414.976701732093,409.27519987674,413.2899333042713,34161900.0
2025-02-03,405.33935546875,409.76836765650177,403.1100386386691,406.01011324135266,25679100.0
2025-02-04,406.7696838378906,408.29865167160733,404.1753965052981,407.0853452090854,20532100.0
2025-02-05,407.6772155761719,408.2098602907994,404.8264495269334,406.74997908357795,16316700.0
2025-02-06,410.1728515625,412.5205341470821,408.3775613386283,408.3775613386283,16309800.0
2025-02-07,404.18524169921875,412.96436600470287,402.5576561425311,410.8238533335017,22886800.0
2025-02-10,406.6217346191406,409.81772327895646,405.3394016663598,408.0914896331453,20817900.0
2025-02-11,405.8523254394531,406.88805357704496,403.741373863551,404.07678288840276,18140600.0
2025-02-12,403.48492431640625,405.17169274595005,398.8783333348811,401.67976029438313,19121700.0
2025-02-13,404.9645690917969,405.4183135199023,400.84131373042015,401.472636502677,23891700.0
2025-02-14,402.8831787109375,403.3566707547541,400.3678218416371,402.25188608897315,22758500.0
2025-02-18,404.0767517089844,405.0237056562673,400.9793811541372,402.4590098668831,21423100.0
2025-02-19,409.1371154785156,409.84733856693146,402.1138149948078,402.34070226719325,24114200.0
2025-02-20,411.3016662597656,414.4447616167347,407.75332449561745,410.47141636340496,23508700.0
2025-02-21,403.4736022949219,413.1994268757111,403.1573381232245,412.49767332735263,27524800.0
2025-02-24,399.31243896484375,404.62012670611466,394.6867476536957,403.77011965609864,26443700.0
2025-02-25,393.2831726074219,397.2565479767241,392.0971142682963,396.4460551720573,29387400.0
2025-02-26,395.09197998046875,398.9170718958632,389.6755530638089,393.3919357776839,19619000.0
2025-02-27,387.97552490234375,401.03224256641477,387.6197164134029,396.61410618114576,21127400.0
2025-02-28,392.38372802734375,393.01631660620876,382.0846478468725,388.10398215130573,32845700.0
2025-03-03,383.9823913574219,394.1925506012372,381.6794393165997,394.1925506012372,23007700.0
2025-03-04,384.1009521484375,388.02488953137174,376.5792652913011,378.9514121108331,29342900.0
2025-03-05,396.3669738769531,397.0094560898268,384.2986543499986,384.822503579622,23433100.0
2025-03-06,392.284912109375,397.4838599812305,388.12373889118527,389.7051801734712,23304600.0
2025-03-07,388.7464599609375,390.2191619837315,381.0666253730808,387.76795648683793,22034100.0
2025-03-10,375.7490234375,381.9166113327009,372.8431337183802,381.3631114017718,32840100.0
2025-03-11,376.03570556640625,381.5212976511773,372.53677123025375,374.6025176419591,30380200.0
2025-03-12,378.8229675292969,380.75035405096787,374.55311473502826,378.5067033632867,24253600.0
2025-03-13,374.3751525878906,380.8491715851453,373.07049136146827,378.71423026442886,20473000.0
2025-03-14,384.05157470703125,385.7022111357248,375.10659301872727,375.3734493768336,19952800.0
2025-03-17,384.1899719238281,388.15342385678485,381.0962841175908,382.2131776873556,22474300.0
2025-03-18,379.070068359375,382.8754034622388,376.6781641211092,382.57889637930924,19486900.0
2025-03-19,383.3201599121094,385.158563988563,379.54447585576617,381.0567221702146,19185500.0
2025-03-20,382.3515625,387.244140619299,378.8328709429988,381.26431956643484,18470500.0
2025-03-21,386.7202453613281,387.194656647968,378.3583844724842,378.77352451177876,39675900.0
2025-03-24,388.51910400390625,390.81219242783766,385.2870564688155,390.81219242783766,21004500.0
2025-03-25,390.57501220703125,391.7610706609813,388.0842623065983,389.34940942223693,15775000.0
2025-03-26,385.4452209472656,390.72325787798576,384.0614710304359,390.4168571879551,16108400.0
2025-03-27,386.0481262207031,387.6888690270636,382.9050306805178,385.60336562359333,13766800.0
2025-03-28,374.4048156738281,384.6149747790714,372.5565178920864,383.5771397086297,21632000.0
2025-03-31,371.03436279296875,372.6948625069506,362.97890314508544,368.21742532177814,35184700.0
2025-04-01,377.7555236816406,378.4078694453165,368.89949332324585,370.3030004386035,19689500.0
2025-04-02,377.7060852050781,380.61194495123306,372.2501138660857,373.584455994143,16092600.0
2025-04-03,368.78082275390625,373.10014336261634,365.0644702169303,370.4413527847735,30198000.0
2025-04-04,355.664794921875,370.2436515761853,355.30898645827625,359.90502676066706,49209900.0
2025-04-07,353.7077941894531,366.6953473866903,340.78946619633433,346.808801297969,50425000.0
2025-04-08,350.446044921875,369.3145404099518,346.1860561796805,363.98709615832223,35868900.0
2025-04-09,385.95916748046875,388.66739600040677,349.00301621371585,349.43791334353114,50199700.0
2025-04-10,376.92523193359375,379.44563241847453,363.5324334212975,377.6269854135807,38024400.0
2025-04-11,383.94287109375,385.52428234575257,374.4937970946495,376.2234920445777,23839200.0
2025-04-14,383.310302734375,390.07093573374146,379.75206690221165,388.6575350248574,19251200.0
2025-04-15,381.2544250488281,387.3429548173336,379.702634359307,384.0021677861047,17199900.0
2025-04-16,367.2982177734375,377.1821883945702,363.7301188576812,376.25312290658945,21967800.0
2025-04-17,363.5126647949219,369.9767899290697,362.6330071079686,369.41339637295704,21120200.0
2025-04-21,354.95318603515625,360.2510105389955,351.5432339047138,358.6102676210093,20807300.0
2025-04-22,362.5638427734375,363.5028019496421,355.68457702509073,359.1637542302739,19485000.0
2025-04-23,370.0460205078125,375.9764033603888,368.69189108581185,371.6966268435602,20545500.0
2025-04-24,382.80615234375,383.9428330432701,370.8366789549492,371.34077108557176,22232300.0
2025-04-25,387.3034362792969,387.6098369882708,380.13755681192964,382.5097039822226,18973200.0
2025-04-28,386.6214294433594,388.1830836548117,382.15388522315925,387.4121350910717,16579400.0
2025-04-29,389.4679870605469,390.51568553400665,385.85045019118235,386.75975859738145,14974000.0
2025-04-30,390.6738586425781,392.0576085897077,379.97939447353656,385.7713871677669,36461100.0
2025-05-01,420.464111328125,431.91962985286955,419.9699127886788,426.1078502028247,58938100.0
2025-05-02,430.2294921875,434.3412277785372,425.0008630376841,426.7305579775838,30757400.0
2025-05-05,431.1092224121094,434.40057183462085,427.0963020072091,427.84749353573557,20136100.0
2025-05-06,428.2823486328125,432.65107712392626,426.1671945058241,427.18524232094876,15104200.0
2025-05-07,428.3218688964844,433.0365119798482,426.10783898687293,428.8061738000786,23295300.0
2025-05-08,433.08599853515625,438.52218293606853,430.6051120016966,432.84876270467214,23491300.0
2025-05-09,433.6394348144531,435.6260923106028,430.82249727884243,434.8946881691784,15324200.0
2025-05-12,444.0472717285156,444.15598092637396,434.6772567640601,440.7657862582039,22821900.0
2025-05-13,443.9286804199219,445.4409267506546,440.192510488539,442.5844447017788,23618800.0
2025-05-14,447.6845703125,448.6334230518337,442.940276452347,442.940276452347,19902800.0
2025-05-15,448.6946105957031,451.7246558325709,446.0210270484144,446.3576953837484,21992300.0
2025-05-16,449.8234558105469,449.9125712368337,444.33770477780746,447.6251846388841,23849800.0
2025-05-19,454.3783874511719,455.0913410046994,446.3873726676465,446.46660651740484,21336500.0
2025-05-20,453.685302734375,453.85362179890075,449.87298168888566,451.1305396548173,15441800.0
2025-05-21,448.14007568359375,453.29906971148773,447.3875051898017,450.12049890400635,19216900.0
2025-05-22,450.4076843261719,455.7449399531106,449.45708954496587,450.49682997275477,18025600.0
2025-05-23,445.77349853515625,449.2491512931012,444.51594054738166,445.5754743252827,16883500.0
2025-05-27,456.1805725097656,456.4380371890779,451.6552983634028,452.0117902439012,20974300.0
2025-05-28,452.8832092285156,457.9927052337918,452.45742544945836,456.70544210957024,17086300.0
2025-05-29,454.1903076171875,457.2005597280811,450.85329893273473,457.03221043821725,13974800.0
2025-05-30,455.8537902832031,457.16087682654637,451.08099341488645,455.2200705832806,34770500.0
2025-06-02,457.4480895996094,457.5867035205711,452.41782757710985,452.6653804963421,16626500.0
2025-06-03,458.4383239746094,459.59688499027794,456.3489615190331,456.9530063856754,15743800.0
2025-06-04,459.3294677734375,461.1316602074749,458.48778183720145,459.4582001214203,14162700.0
2025-06-05,463.1021728515625,465.05289099241804,459.487906406924,460.40879598021155,20131700.0
2025-06-06,465.7757568359375,468.7067748339504,464.19141216551986,465.4885869985769,15285600.0
2025-06-09,468.12255859375,468.7958952647425,464.0329796350046,465.10242514198006,16469900.0
2025-06-10,466.31048583984375,468.172058367284,462.38922592870773,466.57783210788693,15375900.0
2025-06-11,467.9938049316406,470.81591405576256,465.0627870357861,465.41924870930376,16399200.0
2025-06-12,474.1826171875,475.7174632765806,468.88497916047487,470.3702965389571,18950600.0
2025-06-13,470.3108825683594,474.48957663576516,468.13243522834,471.7467014438283,16814500.0
2025-06-16,474.45001220703125,475.98482813726486,470.3505215770748,470.5584575569121,15626100.0
2025-06-17,473.36077880859375,474.0539088222925,469.4395189734987,470.7466055851971,15414100.0
2025-06-18,475.53924560546875,476.291816149254,469.8158233270243,473.3211811212961,17526500.0
2025-06-20,472.72705078125,478.72773115460745,472.2022397987241,477.50979012623617,37576200.0
2025-06-23,481.2428283691406,482.97569863590195,467.8848838113984,473.5290716918197,24864000.0
2025-06-24,485.3126220703125,487.0356109071577,482.0350238939456,484.1640031375646,22305600.0
2025-06-25,487.45147705078125,489.71907018583636,484.59969288856837,487.2237477118272,17495100.0
2025-06-26,492.580810546875,493.1650318097281,487.98621386300664,488.15456314430565,21578900.0
2025-06-27,491.0855712890625,494.4126679494895,488.2040517426954,492.6797975508017,34539200.0
2025-06-30,492.54119873046875,495.85841392483957,490.4815414994746,492.17482524139086,28369000.0
2025-07-01,487.2336120605469,493.1748817381986,486.1741086010328,491.61036068604886,19945400.0
2025-07-02,486.2830505371094,488.66946431331223,483.9164603345879,485.1938116448169,16319600.0
2025-07-03,493.95721435546875,495.2345959448005,488.61007707252077,488.9764505765557,13984800.0
2025-07-07,492.84814453125,493.86806132382594,490.38252718836065,492.51147619590915,13981600.0
2025-07-08,491.7588806152344,493.3234318678901,489.2734398258723,492.37280697303856,11846600.0
2025-07-09,498.5814514160156,501.8194324629264,494.84833435120834,495.4028504286207,18659500.0
2025-07-10,496.5713195800781,499.50233742843255,492.877819466512,498.12592881176073,16492100.0
2025-07-11,498.3933410644531,500.08659454551145,492.9273533491097,493.59080845907414,16459500.0
2025-07-14,498.09625244140625,499.0369655948213,496.1257409313552,496.6109349689791,12058800.0
2025-07-15,500.8688659667969,503.3245715280963,497.8685258646023,498.0962552049,14927200.0
2025-07-16,500.6708068847656,501.7600457375481,496.9773367906475,500.2351113436526,15154400.0
2025-07-17,506.6913146972656,508.34495123446135,500.67081092720053,500.7302212088446,17503100.0
2025-07-18,505.0574645996094,509.6025628871289,502.46311478523944,509.44409517028413,21209700.0
2025-07-21,505.06732177734375,507.0774803175347,500.60145783110823,501.7501069031347,14066800.0
2025-07-22,500.32421875,506.19619667447284,500.32421875,505.968437121084,13868600.0
2025-07-23,500.9183654785156,501.82937349813983,495.7989881406536,501.78975657062705,16396600.0
2025-07-24,505.8793029785156,508.6419715627398,502.33432855643633,503.7899408054956,16107000.0
2025-07-25,508.6816711425781,513.216797186473,505.3644257046499,507.4537578741833,19125700.0
2025-07-28,507.48345947265625,509.9589885432546,505.12675096242896,509.0480107678364,14308000.0
2025-07-29,507.55279541015625,512.5533521818816,506.5526719682665,510.4838436674275,16469200.0
2025-07-30,508.2162170410156,510.89971236727115,504.4534248625209,510.12731827097724,26380400.0
2025-07-31,528.2778930664062,550.0130499577134,526.6935786680993,549.795171976257,51617300.0
2025-08-01,518.9798583984375,530.5554360086387,515.7616702567567,529.7632787074629,28977600.0
2025-08-04,530.39697265625,532.981410508703,522.960473635689,523.0991177691142,25349000.0
2025-08-05,522.5841674804688,532.0406760929504,522.0791498987046,531.9218555369729,19171600.0
2025-08-06,519.8017578125,526.495598904166,518.9006917137275,525.7034415927023,21355700.0
2025-08-07,515.7418823242188,522.9209170643583,512.4840471895837,521.6435053063135,16079100.0
2025-08-08,516.9301147460938,519.5244646686413,514.3258530361145,517.4846309027208,15531000.0
2025-08-11,516.6627807617188,522.4258201385037,514.6327984158801,517.1875615378566,20194400.0
2025-08-12,524.0595703125,525.7825288027884,517.5836082950698,518.6233183732385,18667000.0
2025-08-13,515.4844360351562,527.4857972911225,514.2862580919234,526.901545781552,19619200.0
2025-08-14,517.36572265625,520.8017882377586,515.0486614235291,517.4449565045493,20269100.0
2025-08-15,515.078369140625,520.9503168823401,513.9990723038397,517.6529556536844,25213300.0
2025-08-18,512.0383911132812,517.7024328589179,508.9885829187347,516.4844919382945,23760600.0
2025-08-19,504.7801818847656,510.11740696385556,503.5721224631474,509.9589996924715,21481000.0
2025-08-20,500.76983642578125,505.9981527246316,499.5023667236012,504.87920872605446,27723000.0
2025-08-21,500.1250915527344,503.48744166230597,498.617506554828,499.57959198776825,18443300.0
2025-08-22,503.09075927734375,506.5621975190336,498.3100856343386,500.13506667774504,24324200.0
2025-08-25,500.1449890136719,504.04291093011733,500.00611695670057,502.4956437530773,21638600.0
2025-08-26,497.943115234375,500.85912581033193,494.4419229807315,500.2441598895975,30835700.0
2025-08-27,502.6047058105469,503.1502356611414,495.82052770460996,497.90339657266526,17277900.0
2025-08-28,505.4810791015625,506.91922816363694,501.3748491905692,502.95187030654046,18015600.0
2025-08-29,502.5551452636719,505.44140176386463,500.3730863144936,504.5090702372647,20961600.0
2025-09-02,500.9979248046875,501.87074834041937,492.75574161607386,496.38587753866574,18128000.0
2025-09-03,501.22607421875,503.64616490840893,498.220801883355,499.6788070917271,16345100.0
2025-09-04,503.82470703125,504.00323087503085,499.0440334241921,500.1846427841772,15509500.0
2025-09-05,490.9605407714844,507.79205789513924,488.35199810583333,504.9157294675595,31994800.0
2025-09-08,494.1344299316406,497.1099483047291,490.990285532587,494.0451377441344,16771000.0
2025-09-09,494.3427429199219,498.1514030762742,493.6385453300377,497.3380873986388,14410500.0
2025-09-10,496.2867126464844,499.1233892811019,492.66650462093776,498.8754294126598,21611800.0
2025-09-11,496.9215087890625,499.0638857033828,493.8170463660224,498.15138006137016,18881600.0
2025-09-12,505.73895263671875,508.367321245748,499.73833579713096,502.5154742767582,23624900.0
2025-09-15,511.1543884277344,511.2634762434591,502.86262476523797,504.63802593930427,17143800.0
2025-09-16,504.8859558105469,513.0090929577493,504.449544036503,512.6619733694059,19711900.0
2025-09-17,505.85797119140625,507.11762672901375,501.8013512662406,506.4530809454648,15816600.0
2025-09-18,504.3008117675781,508.88310546808697,503.51725007824297,507.31598208941665,18913700.0
2025-09-19,513.703369140625,515.0621842649809,506.1455578149837,506.39351766303514,52474100.0
2025-09-22,510.25177001953125,513.5148997152148,508.35732294429016,511.382481416967,20009300.0
2025-09-23,505.074462890625,510.3907385966617,503.17011764420596,509.6071466116137,19799600.0
2025-09-24,505.9869079589844,508.29788064425674,502.7832857896144,506.215041937542,13533700.0
2025-09-25,502.8923645019531,505.84805701475193,500.9186136455738,504.15198973027213,15786500.0
2025-09-26,507.28619384765625,509.74596656687834,502.4856945681329,505.8976246789574,16213100.0
2025-09-29,510.4005432128906,512.6321819161793,504.7272507672145,507.3258652143003,17617800.0
2025-09-30,513.7232666015625,513.9315141469417,505.5009089039439,509.05168089535164,19728200.0
2025-10-01,515.4689331054688,516.262392605391,507.5143608700387,510.5989672146665,22632300.0
2025-10-02,511.53131103515625,517.343476169315,506.5126054199375,513.4158303625842,21222900.0
2025-10-03,513.1281127929688,516.2425031799986,510.7973143114264,512.8801529316524,15112300.0
2025-10-06,524.256591796875,526.6965386672223,513.9712214168786,514.377848960065,21388600.0
2025-10-07,519.7040405273438,525.4765536672338,517.1847899970462,523.9788663400786,14615200.0
2025-10-08,520.56689453125,522.6497936321297,518.8213080060119,519.0097599169904,13363400.0
2025-10-09,518.136962890625,520.0512058016051,513.1777655449532,518.07745494396,18343600.0
2025-10-10,506.790283203125,519.3073226434543,505.47115003636685,515.3994727403434,24133800.0
2025-10-13,509.8550720214844,512.1957986627914,507.50441729945595,512.1957986627914,14284200.0
2025-10-14,509.37896728515625,511.07503445038043,501.87073577210117,506.06622732552523,14684300.0
2025-10-15,509.2401123046875,512.9694382549203,505.838110317394,510.75765569343554,14694700.0
2025-10-16,507.4349670410156,512.6321960787722,503.9833851231019,508.3970827878481,15559600.0
2025-10-17,509.38897705078125,511.2734358883721,503.17012365144205,504.88601698312937,19867800.0
2025-10-20,512.5726928710938,514.4671401409408,509.2401268135401,510.41049011219013,14665600.0
2025-10-21,513.4356079101562,514.4572316509175,508.8533142722573,513.2769402267872,15586200.0
2025-10-22,516.2921142578125,520.943843958813,513.4852520447155,516.8971823641815,18962700.0
2025-10-23,516.3119506835938,519.6743010066873,514.3778516149157,518.1964698863214,14023500.0
2025-10-24,519.3370361328125,521.0628270774097,516.4607380708425,518.5237205252405,15532400.0
2025-10-27,527.1825561523438,530.2175826339089,524.6930292943027,527.4404441110845,18734700.0
2025-10-28,537.6464233398438,549.2013167264516,536.3570441492753,545.511702993095,29986700.0
2025-10-29,537.1306762695312,541.8121902511471,532.3500025514267,540.4930267482002,36023000.0
2025-10-30,521.469482421875,530.6042843733296,517.8591725476514,526.150935240438,41023100.0
2025-10-31,513.5843505859375,525.0004316167937,510.896444053691,524.5640198650095,34006400.0
2025-11-03,512.8107299804688,520.676008789008,510.3906395365282,515.5680119038287,22374700.0
2025-11-04,510.1328430175781,511.342858187808,503.6957838776707,507.5838081580189,20958700.0
2025-11-05,503.02130126953125,510.6287232020861,502.4460174356622,509.11117977922714,23024300.0
2025-11-06,493.04339599609375,501.5732213085109,491.7639146320967,501.53353925537283,27406500.0
2025-11-07,492.76568603515625,495.30479262227396,489.2248119110569,492.89463000746537,24019800.0
2025-11-10,501.8707275390625,502.71379706788474,494.7294718777327,495.9593732946225,26101500.0
2025-11-11,504.5289001464844,505.4414057875519,498.2505695472254,500.68055811559174,17980000.0
2025-11-12,506.9688415527344,507.494515261433,495.0469117437556,505.203338237195,26574900.0
2025-11-13,499.182861328125,509.309533151825,497.1991825232493,506.1455630365654,25273100.0
2025-11-14,506.01666259765625,507.4250879884235,493.38063720960855,494.1641988801248,28505700.0
2025-11-17,503.34857177734375,507.9407930820625,500.78963942134817,504.3007594029326,19092800.0
2025-11-18,489.76043701171875,498.87544447228873,482.8076324047851,491.3275301094218,33815100.0
2025-11-19,483.14483642578125,491.14898819063853,478.88983663624714,486.1005289347495,23245300.0
2025-11-20,475.4139099121094,490.4584800066478,472.50238827815747,489.6038857855625,26802500.0
2025-11-21,469.1436462402344,475.9007957312625,465.3179114267742,475.4834301610789,31769200.0
2025-11-24,471.0118408203125,473.89355276873187,465.06952862032074,472.005536687022,34421000.0
2025-11-25,473.9829406738281,476.12932719889915,461.9592459889855,471.08136597664605,28019800.0
2025-11-26,482.4393005371094,485.2315832491155,478.16642081896737,483.24419169180504,25709100.0
2025-11-28,488.9082946777344,489.5243812398697,483.5820692635899,484.5260924315005,14386700.0
2025-12-01,483.6714782714844,486.7718042788117,481.59465771305275,485.3607732415945,23964000.0
2025-12-02,486.91094970703125,490.38888506208144,483.2541563831954,483.6516286444489,19562700.0
2025-12-03,474.7182922363281,481.18723109312356,472.2042431453193,473.3171775583083,34615100.0
2025-12-04,477.8086853027344,478.2856702042714,473.4861025034468,476.7355071807625,22318200.0
2025-12-05,480.11407470703125,480.35255199911325,475.86105782216015,479.4780948278929,22608700.0
2025-12-08,487.9245300292969,489.1964595164875,481.32640529111774,481.8331998835391,21965900.0
2025-12-09,488.9181823730469,489.01755801519323,485.42038417588924,486.016607703579,14696100.0
2025-12-10,475.5430603027344,481.19719183884354,472.084987996716,480.97857754952304,35756200.0
2025-12-11,480.422119140625,482.96597801292137,472.86007818396723,473.6252433732215,24669200.0
2025-12-12,475.51324462890625,479.40854546431024,473.3370484252935,476.79512068758515,21248100.0
2025-12-15,471.82666015625,477.6894594742654,469.5411415575728,477.0733729131614,23727700.0
2025-12-16,473.38677978515625,474.87732355778707,467.911505956298,468.9350114671635,20705600.0
2025-12-17,473.1184387207031,476.9739832708393,472.0055042784347,473.903466892556,24527200.0
2025-12-18,480.92889404296875,486.5134594689822,474.8772903878124,475.17538699144035,28573500.0
2025-12-19,482.8566589355469,484.77448448182145,479.4482594182398,484.2875529363844,70836100.0
2025-12-22,481.8630065917969,485.64898536737695,479.6470539215635,483.0554234208069,16963000.0
2025-12-23,483.78082275390625,484.7546252629152,481.6841087754749,481.9226163967179,14683600.0
2025-12-24,484.94342041015625,486.0762481946253,481.77352833631136,482.61817584356095,5855900.0
2025-12-26,484.6354064941406,485.04282544173617,482.8964387136479,483.64171061957336,8842200.0
2025-12-29,484.02923583984375,485.27135560420123,481.1276307272214,481.80333660098637,10893400.0
2025-12-30,484.4068603515625,486.5929730105466,482.43933166580535,482.8666136001516,13944500.0
2025-12-31,480.5711669921875,485.06269150087525,480.25317705215497,484.7645645601486,15601600.0
2026-01-02,469.95849609375,481.6046121327098,467.1960229709088,481.3363251826272,25571600.0
2026-01-05,469.86907958984375,473.0687813775576,466.5401924921144,471.071443053882,25250300.0
2026-01-06,475.493408203125,475.7219388392127,466.7886229022075,470.8130789419108,23037700.0
2026-01-07,480.422119140625,486.6128550141313,474.936929133209,476.73551614076564,25564200.0
2026-01-08,475.09588623046875,479.61722033317443,472.8600706717694,478.20615894860083,18162600.0
2026-01-09,476.2585144042969,476.7951186190047,469.2231615927928,471.0714211959582,18491000.0
2026-01-12,474.1717529296875,477.95773148860775,472.68120923483104,473.6649886945649,23519900.0
2026-01-13,467.70281982421875,472.7805908527595,463.01257439213845,471.68751939768345,28545800.0
2026-01-14,456.4840087890625,465.24841354789686,454.2879494306214,463.51936213123724,28184300.0
2026-01-15,453.7811584472656,461.3233064418312,453.02593988397814,461.1941211270383,23225800.0
2026-01-16,456.9609680175781,460.2699922453042,453.6023014516422,454.94376661538865,34246700.0
2026-01-20,451.65460205078125,453.92022725149957,446.44764578645413,448.37541805572727,26130000.0
2026-01-21,441.3102111816406,449.8361378186282,435.9144504613163,449.74670883889326,37980500.0
2026-01-22,448.2959289550781,449.9851935867555,441.89652570286836,444.79810039972057,25349400.0
2026-01-23,463.0125732421875,468.1301005814363,447.6897705604439,449.02131930234236,38000200.0
2026-01-26,467.31524658203125,471.26022001105116,459.0874468004336,462.376577380716,29291200.0
2026-01-27,477.55035400390625,479.8259260665289,470.17714753577707,470.7137518035326,29213900.0
2026-01-28,478.59368896484375,480.69037244143027,474.9865685400099,480.1637149068934,36875400.0
2026-01-29,430.76715087890625,439.7104135269112,418.36581575660404,437.2162272399066,128855300.0
2026-01-30,427.5773620605469,436.8286672682951,423.7615739365565,436.4013853645445,58566800.0
2026-02-02,420.7010192871094,428.0245530606437,419.58808475506504,427.5277051213245,42219900.0
2026-02-03,408.6176452636719,419.3893041977899,405.9843574339844,419.34957819955315,61424100.0
2026-02-04,411.5788879394531,417.15350712085007,406.6600813351222,408.4089957411405,45012400.0
2026-02-05,391.188232421875,405.72597626088844,389.84673704915224,404.87141244319446,66289200.0
2026-02-06,398.61114501953125,399.25704122003975,390.4429643868461,396.6535630940219,53515300.0
2026-02-09,410.9925842285156,412.2744602868579,398.34282592261525,402.297746078297,45480500.0
2026-02-10,410.6646728515625,421.0090502850332,410.0982892644293,416.97464756162884,44857900.0
2026-02-11,401.82073974609375,413.83451755028244,398.4819366306212,413.5562839573264,42491000.0
2026-02-12,399.30670166015625,403.6392309547976,395.5008602319473,402.4467839094351,40802400.0
2026-02-13,398.7900085449219,402.98340606348665,395.54060384789733,401.90028127287496,34091600.0
2026-02-17,394.3581237792969,397.9950542597942,392.04282577248057,396.7032617740463,32078800.0
2026-02-18,397.0808410644531,400.02217209191446,393.8215201082963,395.6201070500213,23223400.0
2026-02-19,396.8517761230469,402.7976819572589,395.0690225854118,399.07278661262325,28234000.0
2026-02-20,395.6267395019531,398.5050592846536,393.56508699389525,394.51123443489973,34015200.0
2026-02-23,382.918212890625,393.7642431363039,381.55374731391754,393.4057107487328,43238300.0
2026-02-24,387.4299621582031,387.7884945775691,380.16937672197673,382.58959213032324,33884700.0
2026-02-25,398.9831237792969,399.84960746436826,388.5852587696308,388.95376053046306,43625500.0
2026-02-26,400.0986022949219,405.8453028142193,397.1306190557743,403.0765245044552,34405900.0
2026-02-27,391.15484619140625,395.2183958601928,388.30640407164015,389.30236795593413,51367200.0
2026-03-02,396.9413757324219,399.57073485574693,389.0533591512552,391.2743390590049,35474900.0
2026-03-03,402.2996826171875,405.05852201627056,391.0851500003899,391.5532542396072,38199200.0
2026-03-04,403.5645751953125,409.3710312257941,398.69429724653685,399.6504140582061,35808000.0
2026-03-05,409.0224304199219,409.9486695143622,402.7677785996419,402.78771732924594,39001300.0
2026-03-06,407.30938720703125,411.38287590243635,406.8612216895844,407.54843921074234,31123900.0
2026-03-09,407.757568359375,408.55432729115563,401.8714182880504,403.2857003455267,30131900.0
2026-03-10,404.122314453125,408.5443965203919,401.30371964643086,408.37506928692744,31706400.0
2026-03-11,403.245849609375,407.35918518479474,399.96912002302975,403.9330670994013,25512100.0
2026-03-12,400.238037109375,404.4808530373378,400.08864860368743,402.99687655683135,27263900.0
2026-03-13,393.9534912109375,403.16615688192843,392.65875035547907,399.3815063856616,26848000.0
2026-03-16,398.33575439453125,399.01300251860397,393.1965772756644,396.4633374914087,27733700.0
2026-03-17,397.79791259765625,402.7677623283013,396.1446090107731,398.6544268926901,26228300.0
2026-03-18,390.2087097167969,396.39363710184665,389.42188971563326,395.5271533612366,25908500.0
2026-03-19,387.4498596191406,390.90585551603124,385.4977789148814,388.52551763585893,25138800.0
2026-03-20,380.3287353515625,385.43803509853177,378.58579850034175,385.22889118681917,50853200.0
2026-03-23,381.4541931152344,385.64719283721575,380.1395134056624,382.3505545919761,29680100.0
2026-03-24,371.2355651855469,380.9263046350485,370.34917314154325,380.8167328036651,42733600.0
2026-03-25,369.5424499511719,375.5381416220395,368.13813722010167,375.39872248264555,31181200.0
2026-03-26,364.492919921875,373.2076042912997,363.71606927386256,369.3233510512375,36836600.0
2026-03-27,355.33001708984375,360.9871149414508,355.07108715320055,360.43931657918756,37883400.0
2026-03-30,357.51116943359375,363.8853318939423,354.8419936524484,360.4393055378546,44797000.0
2026-03-31,368.67596435546875,371.3949263066763,361.6046146993887,363.07862179545566,45244400.0
2026-04-01,367.8791809082031,372.48052926345224,366.7139201659809,371.98254731341393,29417200.0
2026-04-02,371.9526672363281,372.1319638369453,362.680245817395,365.7278929006101,24099100.0
2026-04-06,371.375,372.22157533941066,368.0086373714944,371.98252335059567,16146600.0
2026-04-07,370.78741455078125,370.9467724245638,365.080530373921,368.8452727581139,21443300.0
2026-04-08,372.81915283203125,383.4461010048471,369.9109552686541,383.426192668859,33064800.0
2026-04-09,371.56427001953125,371.99252721403565,365.5685477188417,370.9965632857518,30435300.0
2026-04-10,369.3731384277344,374.12390583360843,368.5365323725683,371.47463812837884,28111100.0
2026-04-13,382.8186340332031,382.98796126737693,369.5225100750242,372.10205289266787,35745800.0
2026-04-14,391.5233459472656,393.09698589720546,384.95994763093,386.3543213772784,37504500.0
2026-04-15,409.5602722167969,412.69755239260473,395.1287651714373,396.3936283702306,45063400.0
2026-04-16,418.56378173828125,419.12151906860663,410.4765600541581,418.16537187855886,41642400.0
2026-04-17,421.0835876464844,429.83808848207923,418.99205736838906,423.10539315661504,48568200.0
2026-04-20,416.38262939453125,421.6213787702164,414.6197538627068,419.4501847919345,27582200.0
2026-04-21,422.44805908203125,425.4558591722327,415.51615872358184,418.54386715015573,32048500.0
2026-04-22,431.1726989746094,431.9495495900464,421.9600330275293,424.4698510786937,29378200.0
2026-04-23,414.07196044921875,421.9500379562064,409.7494810939023,418.19526527607866,38308000.0
2026-04-24,422.90618896484375,423.23487407473965,414.12178001797366,415.28707116170386,27457400.0
2026-04-27,423.1053771972656,425.38611256831246,415.3866572294081,420.6752229306716,30867300.0
2026-04-28,427.5174865722656,428.1847957314844,420.197146128082,422.8563830057505,30438100.0
2026-04-29,422.7467956542969,425.0972860808559,418.59364353468584,422.866306449911,38288300.0
2026-04-30,406.1341552734375,412.74737011555624,396.4035989759817,409.15192465494977,70909400.0
2026-05-01,412.76727294921875,415.4264794885345,408.7834174283456,411.1338775963461,31372400.0
2026-05-04,411.9505615234375,419.0816663151199,409.14193618030583,409.87897009526375,28066500.0
2026-05-05,409.7196350097656,415.09783400354706,407.1500311208482,413.6437352165572,25700900.0
2026-05-06,412.2891845703125,416.73120520087787,403.4748984673602,406.3532485673598,30285900.0
2026-05-07,419.07171630859375,426.25263786097554,417.06984955189336,418.41437649189606,34942400.0
2026-05-08,413.44451904296875,416.9403619714099,412.32904436576047,415.70537649227293,33383800.0
2026-05-11,410.99444580078125,411.02432350049145,403.86334099070683,406.22377045102496,35657900.0
2026-05-12,406.1241760253906,413.8229876767416,404.9987623844293,412.8071154720842,38594200.0
2026-05-13,403.57452392578125,404.6700902960666,399.41140211310335,401.57265715241186,29667100.0
2026-05-14,407.7774963378906,410.1777730080913,399.2620170659624,402.847493220503,27077500.0
2026-05-15,420.2170715332031,426.4418454559798,411.2434277199191,412.5979239362014,50771200.0
2026-05-18,421.83056640625,423.40417602339767,413.9325494355234,414.93848271907115,32564100.0
2026-05-19,415.7352600097656,430.9535870211983,414.808990493047,428.16486989475214,33018700.0
2026-05-20,419.36053466796875,420.3963455784958,409.63991780241736,412.49835957243755,27864000.0
2026-05-21,418.3025207519531,425.5388979071037,414.92886694253497,423.9518891931334,31393500.0
2026-05-22,417.7835388183594,423.60257118762803,415.54772693408205,418.7517174636334,22390300.0
2026-05-26,415.248291015625,418.9812539216563,412.24393696715845,415.6475333356961,30398000.0
2026-05-27,411.8946228027344,415.15846763645,408.8104019854481,410.23773822181624,28901500.0
2026-05-28,426.18768310546875,428.68298564682067,411.89461329838434,412.2040283766931,47250500.0
2026-05-29,449.3940124511719,449.48383969057267,431.54760317786213,431.7372486144539,79654400.0
2026-06-01,459.6546936035156,465.4438139523178,457.40892124774234,463.96658383705716,53628900.0
2026-06-02,440.48077392578125,452.64787129328397,439.6024225764256,446.0403151791343,37036800.0
2026-06-03,426.53704833984375,439.56254639446627,423.45285793258154,437.62618910935214,39037000.0
2026-06-04,427.2456970214844,435.33048350032107,425.60879436274143,434.9911260035114,26899500.0
2026-06-05,415.8870849609375,428.66302140752947,413.6213308264138,427.5351398188391,34782200.0
2026-06-08,410.9663391113281,416.37616844333525,407.79232157753756,413.3618539280056,32086700.0
2026-06-09,402.6520080566406,411.20591258759293,397.7312786929967,408.26144336727174,35317300.0
2026-06-10,396.61334228515625,404.2789346443135,396.41373636313654,397.80110870103243,32576000.0
2026-06-11,389.6065673828125,396.1043451719433,383.278483574852,394.46741202742857,47224100.0
2026-06-12,390.00579833984375,391.003919361718,381.55171206615995,390.6945042817559,34865800.0
2026-06-15,399.0088806152344,400.99513175706005,392.11186050588947,396.05442037645633,32266400.0
2026-06-16,393.0899963378906,396.094350419825,389.9559121071713,395.0463355104342,31506800.0
2026-06-17,378.1980285644531,389.6364865987809,376.6110198431126,389.51671695343225,41987800.0
2026-06-18,378.6871032714844,380.6534028700893,372.5786075934489,377.11008548581106,59714200.0
2026-06-22,366.6497802734375,380.9129385065033,366.3802985575179,375.0339909424311,45171100.0
2026-06-23,373.23736572265625,376.51120135394876,369.9735210485466,371.6802994138851,40647600.0
2026-06-24,364.7733154296875,378.16811350773463,364.09460041679364,370.87185096853153,44509900.0
2026-06-25,352.1670227050781,363.5456265920902,348.54386902384044,362.0883479855026,66179000.0
2026-06-26,372.2691955566406,375.90234020580533,354.762144454129,356.4789138154501,186201600.0
2026-06-29,367.8774719238281,379.7850483907747,359.2237492715265,376.790685328561,51229900.0
2026-06-30,372.319091796875,373.44697342275583,366.7595808670141,370.3328407149792,44945700.0
2026-07-01,383.5579528808594,388.09939143880604,374.18561213385976,380.1144231011508,48065800.0
2026-07-02,389.7562561035156,391.4630649298244,382.97903650468743,383.7575696594082,42128900.0
2026-07-06,386.0133056640625,388.418780928489,380.5036887115837,386.31276024010407,34224500.0
2026-07-07,388.109375,394.8267404517197,387.4905448392632,391.75251064257776,29297500.0
2026-07-08,382.6197204589844,384.58602015004215,380.6134873969759,383.3084264217563,25908300.0
2026-07-09,383.6377868652344,383.92725049460796,372.64849496928053,373.74643420118315,31083200.0
2026-07-10,384.37640380859375,391.1736053926777,380.783162110783,387.07131223677504,24644600.0
2026-07-13,390.2553405761719,392.91034623109437,383.4281962321871,387.02143811329415,28914900.0
2026-07-14,384.20672607421875,387.46061042423804,377.93852713765,382.1007052927433,27863900.0
2026-07-15,394.8866271972656,398.2103568181361,385.6739591427675,387.07132248997675,36253700.0
2026-07-16,400.3463439941406,405.2271399033625,391.31333055964967,397.56157784187184,37047400.0
2026-07-17,393.08001708984375,397.64143734197864,388.6583483977542,394.1180409920291,33049800.0
2026-07-20,401.53411865234375,402.4224305318551,388.91785418191677,390.67455694621333,27915800.0
2026-07-21,397.00262451171875,400.7156358198418,395.57531880381754,398.0606303262699,24126600.0
2026-07-22,389.6065673828125,400.246541441447,386.2329133568751,398.8291961465565,28142500.0
2026-07-23,380.8630065917969,391.04385321150613,376.68090752842744,389.23725659651495,30351800.0
2026-07-24,380.9828186035156,388.29903252889795,379.9347732203772,386.32274187573427,27659400.0
2026-07-27,388.368896484375,393.45931979821836,387.2609663085435,389.3470355932277,27856200.0
2026-07-28,392.61090087890625,399.56780545733704,390.5647345556998,392.4212554523594,32367500.0
2026-07-29,389.8061828613281,400.4960502148319,388.00954678983055,392.6607942930367,47209000.0
2026-07-30,450.2524108886719,457.8281459885008,431.6274684759506,437.07720086969465,110160700.0
2026-07-31,463.8468017578125,465.962813447145,448.4857046349594,449.1544591210436,60846000.0
2026-08-03,486.73370361328125,490.7261876465455,474.10747895013026,475.2353605631651,66762100.0
2026-08-04,491.884033203125,498.50158065157444,478.2696778930625,479.99640781848416,50455500.0
2026-08-05,486.5440673828125,497.3038108374591,484.7674131728324,495.42733843271316,33388900.0
2026-08-06,498.9207458496094,500.61756372489685,487.60205742358346,487.6319998350186,36441500.0
2026-08-07,499.0505065917969,504.23075699317457,497.79289485093346,498.2719734340298,28846200.0
2026-08-10,505.109130859375,512.7647021753171,501.32624359045303,502.4940586092805,31206100.0
2026-08-11,502.86334228515625,504.38047525067043,498.61133704649393,503.3823542433026,23049800.0
2026-08-12,491.5047302246094,500.557695253814,490.59643643442394,499.0505227551261,29001500.0
2026-08-13,495.9463806152344,500.3979918654044,492.0836571155829,492.34314786956145,23039000.0
2026-08-14,494.4691467285156,499.07050046550256,492.991947114923,495.42733437790497,16217600.0
2026-08-17,479.44744873046875,491.73431632358415,477.51109147171053,489.21906226283284,29635800.0
2026-08-18,480.72503662109375,483.36006030134655,476.2534434403709,480.6352093836093,24087600.0
2026-08-19,483.3999938964844,488.3806080919379,478.4592826108848,479.16797047398614,19961900.0
2026-08-20,481.1499938964844,484.1600036621094,479.5,483.29998779296875,20020800.0
2026-08-21,483.239990234375,486.3599853515625,478.5299987792969,479.8800048828125,22510800.0
2026-08-24,487.30999755859375,490.6099853515625,481.8599853515625,483.2099914550781,17230800.0
2026-08-25,491.7099914550781,492.44000244140625,484.29998779296875,485.44000244140625,19519000.0
2026-08-26,496.3699951171875,497.3999938964844,487.30999755859375,487.8500061035156,20758900.0
2026-08-27,505.05999755859375,506.4700012207031,490.0799865722656,494.6549987792969,28615865.0
