Date,Close,High,Low,Open,Volume
2021-08-31,289.72247314453125,292.2369539074186,289.3577720955228,292.16018861273085,26285300.0
2021-09-01,289.67449951171875,292.89919870843596,289.3481957201944,290.67262417838776,18983800.0
2021-09-02,289.0218200683594,291.14280883019796,288.0908835783772,290.0295511305213,16285600.0
2021-09-03,289.01226806640625,290.41346160185293,288.16770342962735,288.8682855530755,14747900.0
2021-09-07,288.0909118652344,288.96426715610795,286.1906707011484,288.8875018649386,17180400.0
2021-09-08,288.1197204589844,288.50360551584674,285.49007706649724,287.70704475507114,15046800.0
2021-09-09,285.2789611816406,289.97204208683576,285.0390293387629,288.705194927188,19927000.0
2021-09-10,283.8009948730469,287.84146850871275,283.4842977028129,286.4018773396256,19633400.0
2021-09-13,285.0294189453125,286.51701392472955,282.2366088163071,285.56686392320825,23652900.0
2021-09-14,287.7166442871094,289.25221376514764,286.0947028700539,287.4958964728086,21853400.0
2021-09-15,292.54412841796875,293.0239921430995,289.6649460671842,291.0469559386454,28356300.0
2021-09-16,292.92791748046875,293.01428940804146,288.6475426567624,291.5267240633766,19550800.0
2021-09-17,287.79345703125,292.23699967637344,287.467153222757,291.92030251442793,41372500.0
2021-09-20,282.44775390625,286.6897617780861,277.86025823894886,284.395999300158,38278700.0
2021-09-21,282.9276428222656,285.5573159726547,282.2270605228024,283.78181431814966,22364100.0
2021-09-22,286.5553894042969,288.12935637243464,282.64932121103874,284.7799171748866,26626300.0
2021-09-23,287.49591064453125,288.78194172532284,285.5476653767462,286.81451245521663,18604600.0
2021-09-24,287.29437255859375,287.72623226962907,284.9718196101101,286.2194826708354,14999000.0
2021-09-27,282.322998046875,284.53035916304015,281.142522901756,284.21366203503686,23571700.0
2021-09-28,272.10186767578125,279.0694970956445,271.3628882146194,278.12895381807755,43186200.0
2021-09-29,272.5625305175781,275.22096437346653,271.6124099419833,273.61823631743374,26353700.0
2021-09-30,270.56634521484375,276.23830803362955,270.27840943903544,274.20369075422246,32343600.0
2021-10-01,277.4571533203125,278.301717984921,269.96168585473896,270.7582465838053,30086300.0
2021-10-04,271.7083740234375,276.16152262576014,268.96356808295144,275.82561222271863,31350700.0
2021-10-05,277.130859375,278.7047968877301,272.61052278816857,272.61052278816857,24993000.0
2021-10-06,281.3056335449219,281.80471044780717,274.0117300480355,274.270845855537,28002600.0
2021-10-07,282.9755859375,284.6935059183277,282.08304662293614,283.2922830435044,20430500.0
2021-10-08,282.9755859375,284.6935059183277,281.92948674808355,284.2904075857707,17685700.0
2021-10-11,282.3805236816406,285.9698937714107,280.96011698698385,281.1232834858587,19298600.0
2021-10-12,281.08489990234375,283.541799129027,280.5762456707699,283.44582055374815,17974100.0
2021-10-13,284.3768310546875,285.3077678287941,281.6703926860201,283.03321851694517,23416300.0
2021-10-14,290.5574035644531,291.05645115386534,285.83553295482557,287.15996114857046,27262900.0
2021-10-15,291.9586181640625,292.18897261999524,288.41722227281656,290.1639328949292,25384800.0
2021-10-18,294.9146728515625,295.79760575348956,290.49992047624994,291.3444853657865,22729300.0
2021-10-19,295.8167724609375,296.84365846900545,294.8474384623916,295.9319350570906,17682100.0
2021-10-20,295.0297546386719,297.2275382211196,293.7820916523756,296.75725195686545,16537100.0
2021-10-21,298.244873046875,298.49438223529035,294.0220493838015,294.7994554629315,16918100.0
2021-10-22,296.70928955078125,298.56155617287357,295.40404521926826,297.8993420062516,17449300.0
2021-10-25,295.72076416015625,296.9396072317386,294.1180067552253,296.90120994069343,17554500.0
2021-10-26,297.62103271484375,299.8188165343258,296.1718643410095,298.47520410987,28107300.0
2021-10-27,310.1551208496094,312.96711513957035,303.27386241357704,303.27386241357704,52588700.0
2021-10-28,311.2875671386719,311.78661480927093,308.41796248920383,311.2683538472866,26297900.0
2021-10-29,318.2647705078125,318.62947157711153,310.8556743947785,311.0764222231841,34766000.0
2021-11-01,316.1053161621094,318.1399329660543,313.2261348081766,318.01516375454963,27073200.0
2021-11-02,319.71392822265625,320.02104795725353,316.7099773873297,317.0074904775489,26487100.0
2021-11-03,320.54888916015625,321.4126377941951,317.3337971387141,320.45291058114077,21500100.0
2021-11-04,322.890625,322.98660357874707,316.23972246138726,319.4836051186062,23992200.0
2021-11-05,322.5260009765625,325.14606743028844,320.952063205826,324.87734491876967,22570100.0
2021-11-08,323.4184875488281,324.0519110698877,320.97119469393846,323.7160006633111,20897000.0
2021-11-09,322.42034912109375,325.07878279395607,321.0575236753706,323.53360684587807,21307400.0
2021-11-10,317.477783203125,321.1535552109362,316.63324777065986,321.0959739152807,25500900.0
2021-11-11,319.04205322265625,320.3280839430203,317.1993937054505,317.90958234348346,16849800.0
2021-11-12,323.1593933105469,323.6488636296379,320.34739921433277,320.47216845555636,23831000.0
2021-11-15,322.5355224609375,324.2726263246895,320.5776708005054,323.94632259604236,16723000.0
2021-11-16,325.8370361328125,326.95032335349225,321.99812680159425,322.16126404658087,20886800.0
2021-11-17,326.0581970214844,329.0099576589885,324.9813404697,325.8851370775491,19053400.0
2021-11-18,328.1253356933594,329.25990808153233,324.1351865907532,325.15435635646554,22463500.0
2021-11-19,329.8944396972656,331.8078109454933,329.0195159309197,329.442570826056,21963400.0
2021-11-22,326.7407531738281,336.20177166262135,326.4715391090011,331.34626493417426,31031100.0
2021-11-23,324.6736145019531,326.3754584116151,320.7123087229874,324.067875438659,30427600.0
2021-11-24,324.8947448730469,325.13511563845185,321.04881262656716,323.3275227878649,21661300.0
2021-11-26,316.98175048828125,324.9139862915625,315.4818391564863,321.4718896050423,24217200.0
2021-11-29,323.6640625,325.9716160847785,321.84684534637535,322.03915370433015,28563500.0
2021-11-30,317.856689453125,324.7697551795586,316.31831064916247,322.4045150069706,42885600.0
2021-12-01,317.3663635253906,326.21202075185647,316.7029671084376,322.22187131790565,33337600.0
2021-12-02,316.7990417480469,320.6449739601022,315.1741330410827,317.57784067361735,30766000.0
2021-12-03,310.568603515625,319.88537524190724,305.78040807041685,319.2027012508651,41779300.0
2021-12-06,313.626220703125,314.8376989761692,306.93430556211973,311.4725076329486,30032600.0
2021-12-07,322.0199279785156,322.8660084465521,317.38557246325246,318.86626463105284,31021900.0
2021-12-08,322.0679626464844,322.57754746432244,318.05856561396024,322.3948633464057,24761000.0
2021-12-09,320.27001953125,323.5294319116375,319.3277555505204,321.5295600175577,22214200.0
2021-12-10,329.3464050292969,329.7886790069199,321.894911553193,322.0775956761069,38095700.0
2021-12-13,326.3273620605469,330.54828700278097,326.0196804228618,327.55805926915104,28899400.0
2021-12-14,315.6933288574219,321.75068944249216,311.6262451506804,320.3853706539691,44438700.0
2021-12-15,321.7602844238281,322.2794934666321,312.00123771055326,315.9529188096588,35381100.0
2021-12-16,312.3858642578125,323.78906948093504,310.5782712717892,322.7794945853097,35034800.0
2021-12-17,311.3281555175781,312.40504102761383,305.03045417377376,308.5206418429851,47750300.0
2021-12-20,307.58807373046875,310.36674473714834,305.3382067120296,307.72266611167277,28326500.0
2021-12-21,314.68389892578125,315.1069539539936,307.4823685651741,310.83796546359196,24740600.0
2021-12-22,320.3662109375,320.7603932246783,313.2031494286014,315.6549198284857,24831500.0
2021-12-23,321.7987976074219,323.43333069819255,319.91429885047023,319.93351795028815,19617800.0
2021-12-27,329.25994873046875,329.2887920541107,322.51031757686,322.53916090050194,19947000.0
2021-12-28,328.1060485839844,330.5674425278227,327.21187650467994,329.9328602754398,15661500.0
2021-12-29,328.7791442871094,331.0386060056612,326.59655896072684,328.15415682405353,15042000.0
2021-12-30,326.2504577636719,329.9137060860202,325.76971620596595,328.7406955115323,15994500.0
2021-12-31,323.3659973144531,326.288884758608,322.9140990920403,325.47164761227714,18000800.0
2022-01-03,321.8564758300781,324.9812959837682,317.0779035290574,322.4333715730328,28865100.0
2022-01-04,316.3374938964844,322.2890753116592,313.5587942701049,321.93330199624364,32674300.0
2022-01-05,304.1940612792969,313.5108358888348,303.80947386548866,313.30890328932094,40054300.0
2022-01-06,301.790283203125,306.42463822029214,299.4923247910214,301.0883900628225,39646100.0
2022-01-07,301.94415283203125,304.30939297872214,298.1462829521569,302.0499018859666,32720000.0
2022-01-10,302.1651916503906,302.59787065104666,292.9541992559152,297.56930499965466,44289500.0
2022-01-11,302.8480529785156,304.41524627872013,297.95410597606644,301.3096736645836,29386800.0
2022-01-12,306.01123046875,310.9532679259109,304.86706317706137,307.35733034753923,34372200.0
2022-01-13,293.05999755859375,308.52066014986855,292.2908229193429,308.1264486110597,45366000.0
2022-01-14,298.2520751953125,298.8481900342401,292.05049734205875,292.5312389014695,39846400.0
2022-01-18,290.992919921875,297.8675197676401,290.11796658264785,292.3582391420896,42333200.0
2022-01-19,291.6466369628906,301.8191439350218,291.04092729643247,294.49264788128625,45933900.0
2022-01-20,289.9832458496094,299.64613716915983,289.5409719354608,297.1655242204412,35380700.0
2022-01-21,284.62786865234375,292.39663994676283,284.22403280045586,291.0313502433303,57984400.0
2022-01-24,284.95477294921875,285.666261131879,265.4174271692936,280.94540441346044,85731500.0
2022-01-25,277.3782653808594,283.6279058744891,274.1861636133682,280.2915581603582,72848600.0
2022-01-26,285.2816162109375,296.61750913568017,281.7433657696805,296.1271434101873,90428900.0
2022-01-27,288.2911071777344,295.4637633356451,286.45467082104994,291.0024967310887,53481300.0
2022-01-28,296.38677978515625,296.5983072336974,283.1087009699881,288.666071926605,49743700.0
2022-01-31,299.0019836425781,300.3480539279597,294.56953190677376,297.05017439324195,46444500.0
2022-02-01,296.8675231933594,298.6654918462446,293.37733494145994,298.45396439636784,40950400.0
2022-02-02,301.386474609375,302.9825400250582,296.98289506365415,297.7040073654435,36636000.0
2022-02-03,289.6467590332031,299.2423701113963,288.40643772478234,297.5693697082304,43730000.0
2022-02-04,294.1561279296875,296.9059553802916,288.4160729228112,288.64681946632084,35096500.0
2022-02-07,289.3583679199219,295.98297161566165,288.3487929994967,294.37731117460294,28533300.0
2022-02-08,292.82928466796875,293.7907677485287,288.3968617508122,289.6467780186861,32421200.0
2022-02-09,299.2231750488281,299.91544411863055,295.55033156667764,297.9347910965561,31284700.0
2022-02-10,290.7332458496094,297.21363213902004,289.1179613871902,292.3293112144285,45386200.0
2022-02-11,283.67596435546875,292.5696824760353,282.8875412205064,291.51204526354115,39175600.0
2022-02-14,283.6376037597656,285.3298239377848,280.1281952087941,282.45496861142567,36359500.0
2022-02-15,288.89678955078125,289.21406602076195,285.5796615630517,288.45451559979455,27058300.0
2022-02-16,288.55963134765625,289.8795822189875,282.9522217719727,287.4709041609937,29982100.0
2022-02-17,280.11004638671875,285.9582953483795,279.40670169055386,285.5343655866929,32461600.0
2022-02-18,277.41217041015625,283.1255458158132,275.85135224968457,282.3451367355774,34264000.0
2022-02-22,277.20989990234375,280.89036647915503,274.10752185323537,274.5892573925205,41736100.0
2022-02-23,270.03204345703125,281.04454083688285,269.8682698302373,279.58004589911764,37811200.0
2022-02-24,283.8290100097656,284.3781957137695,261.6017198059236,262.55557639782796,56989700.0
2022-02-25,286.4495849609375,286.75790276376836,280.9963351099328,284.3588691791243,32546700.0
2022-02-28,287.87554931640625,288.212770094987,282.29704319923974,283.5591880367457,34627500.0
2022-03-01,284.1758728027344,289.0124881625568,281.4781355105427,285.57288855148806,31217800.0
2022-03-02,289.2243957519531,290.45763760043087,282.97147763773455,284.57081381078126,31873000.0
2022-03-03,285.1103820800781,292.05700050828193,283.3086664169441,291.8257768521812,27314500.0
2022-03-04,279.271728515625,284.8598787290603,276.68001821827283,283.53992798121607,32356500.0
2022-03-07,268.7216796875,279.1078951009538,268.3555560309153,277.9902652976739,43157200.0
2022-03-08,265.7735290527344,273.58726615536074,260.1372168079997,267.6522801991081,48159500.0
2022-03-09,277.9613952636719,279.02121928908525,270.5233976527745,273.0862341495731,35204500.0
2022-03-10,275.15771484375,276.13083008813146,270.33071510240313,272.68158699777644,30628000.0
2022-03-11,269.8393859863281,278.93455646472097,269.2227503051047,277.44115846333716,27209300.0
2022-03-14,266.34197998046875,274.9746736705197,265.74463254293596,270.0995117672135,30660700.0
2022-03-15,276.6606750488281,277.3062135170462,268.54826618468866,270.1090844059089,34245100.0
2022-03-16,283.6363525390625,283.809770330095,272.8551054876842,278.54919544627364,37826300.0
2022-03-17,284.4359436035156,284.81168204871824,278.7996317030362,282.576451409173,30816600.0
2022-03-18,289.4556579589844,290.0048436231841,282.0369470428673,284.5804958303675,43390600.0
2022-03-21,288.2320251464844,289.17623743354596,284.12762874703543,287.9718985278678,28351200.0
2022-03-22,292.9530029296875,293.85866806216893,287.856232880349,288.8486068783485,27599700.0
2022-03-23,288.54998779296875,292.1533901687108,286.84465430957243,289.53274726035676,25715400.0
2022-03-24,292.9915771484375,293.08793014220737,287.42271518108265,288.21276856606795,24484500.0
2022-03-25,292.5869445800781,294.3404693263562,288.3573210468133,294.0803426717011,22566500.0
2022-03-28,299.3505554199219,299.446879031132,293.2132183201872,293.2132183201872,29578200.0
2022-03-29,303.88848876953125,304.2835155341289,297.7607959614938,302.443281807603,30393400.0
2022-03-30,302.3951110839844,304.4087921284796,300.19839752916613,302.2987874689132,28163600.0
2022-03-31,297.0477294921875,303.62825261825105,296.64308815432844,302.43352863327596,33422100.0
2022-04-01,298.11724853515625,298.8013048013512,294.37897586444814,298.0690573372068,27110500.0
2022-04-04,303.4645080566406,303.5993787276326,298.39664041936675,298.76276415932574,24289600.0
2022-04-05,299.5238952636719,303.36813547948924,298.5507800600473,301.826575864707,23156700.0
2022-04-06,288.55963134765625,295.7856655216376,285.8715384021488,294.04178495987475,40110400.0
2022-04-07,290.361328125,292.55804141565983,285.52471299808303,285.82338673563873,31411200.0
2022-04-08,286.1220397949219,290.1204393434208,285.4572423231668,289.4652859924413,24361900.0
2022-04-11,274.8398132324219,281.9213032700954,274.58930130303617,281.13127920546333,34569300.0
2022-04-12,271.75677490234375,280.1197006492188,270.24411755746763,278.6744933674991,30966700.0
2022-04-13,277.11358642578125,278.0385105603026,271.02444128433206,272.4022274692682,21907200.0
2022-04-14,269.608154296875,277.7784013045191,269.1168039398963,277.56643644763085,28221600.0
2022-04-18,270.2729187011719,272.14205510022083,268.17255863306326,268.7217442498862,20778000.0
2022-04-19,274.8783264160156,275.71657107306396,268.2400250211419,269.17459327763214,22297700.0
2022-04-20,275.8995361328125,279.1175550852986,274.94570927007976,278.82849614918496,22906700.0
2022-04-21,270.55230712890625,282.5860513093376,269.82970383090816,278.03846671115735,29454600.0
2022-04-22,264.02001953125,272.8550636325426,263.393769113378,271.39056854763874,29405800.0
2022-04-25,270.4656677246094,270.84140624661075,260.8791164146194,263.3070829372568,35678900.0
2022-04-26,260.34918212890625,268.19182220528097,260.13721729425794,267.3632511079873,46518400.0
2022-04-27,272.8743591308594,280.34126215377194,268.962667770436,271.7952759145788,63477700.0
2022-04-28,279.05010986328125,280.3508015911793,271.1785388721603,274.7722962798131,33646600.0
2022-04-29,267.382568359375,279.29108997541846,266.3998381310292,278.06746249784794,37073900.0
2022-05-02,274.07861328125,274.53144585501184,266.12997704590924,267.56553951466765,35151100.0
2022-05-03,271.4869079589844,273.7510711128351,269.9164452309345,273.58726807497914,25978600.0
2022-05-04,279.38739013671875,280.25450833918546,266.62139669213593,272.26732383050563,33599300.0
2022-05-05,267.2187805175781,275.8900225285143,264.3187223916875,275.109613099755,43260400.0
2022-05-06,264.6944274902344,269.0493063035853,261.3607962940362,264.77149224146683,37780300.0
2022-05-09,254.91517639160156,262.4109805408289,253.70122277240785,260.19500872248045,47726000.0
2022-05-10,259.65545654296875,263.75020864058513,255.38728670730274,261.7654605643178,39336400.0
2022-05-11,251.03240966796875,261.4475309989085,249.82807066667775,255.97502163371615,48975900.0
2022-05-12,246.02236938476562,250.3868926130945,240.88706627938942,248.27688839647124,51033800.0
2022-05-13,251.58155822753906,253.43143559809596,246.02234080198772,247.94928292003297,34925100.0
2022-05-16,251.9476776123047,256.1098795725535,246.4366220731242,250.46392397407843,32550900.0
2022-05-17,257.0733947753906,258.5282163055622,252.87264501904795,256.3893090476885,28828800.0
2022-05-18,245.368896484375,254.56250844134237,244.10381205020883,253.98307348210693,31356000.0
2022-05-19,244.4611358642578,248.8358391110842,243.2443400632524,245.19507408358177,32692300.0
2022-05-20,243.90101623535156,249.67600344933274,237.9908442252686,248.4205560699694,39199300.0
2022-05-23,251.7136993408203,252.53456328015793,244.7412333555336,246.7306193486093,33175400.0
2022-05-24,250.7190399169922,252.37040508125824,244.80886609010597,249.04837105343117,29043900.0
2022-05-25,253.51951599121094,255.50888672812104,248.31432695707377,249.28970863330227,28547900.0
2022-05-26,256.7836608886719,257.9521680064266,252.46691284814418,253.2781100641193,25002100.0
2022-05-27,263.87200927734375,263.96858669067194,258.38675406725025,259.27522501006564,26910800.0
2022-05-31,262.5489501953125,265.34951799157335,259.70974554446406,263.18632567522593,37827700.0
2022-06-01,263.0802001953125,268.16950970418117,260.78179284572826,265.76488780764225,25292200.0
2022-06-02,265.1661071777344,265.2337143251771,252.63114082746247,255.38343546239255,44008200.0
2022-06-03,260.7624206542969,264.074846353105,259.20763325124227,261.0424863281772,28059000.0
2022-06-06,259.5359802246094,264.77980709613064,258.0584370323219,262.732495427998,22400300.0
2022-06-07,263.15740966796875,263.76581500022235,256.82231988834405,257.49833236224606,22860700.0
2022-06-08,261.13897705078125,263.6401751761552,260.36638742610467,262.3943946678697,17372300.0
2022-06-09,255.7117462158203,263.3601943996646,255.55722824112877,258.5992253476871,26439700.0
2022-06-10,244.3162841796875,251.6460439882833,243.87204872141055,251.6460439882833,31422800.0
2022-06-13,233.95413208007812,240.48237551040242,233.24916419131782,236.70642597708846,46135800.0
2022-06-14,236.1077117919922,237.3148557778769,233.2298699199791,235.49930650770008,28651500.0
2022-06-15,243.1284637451172,246.54710394987805,237.97154789524555,239.79674911112798,33111700.0
2022-06-16,236.57125854492188,238.9372578860195,234.6881168136664,237.5466256119709,33169200.0
2022-06-17,239.1593475341797,241.9116415660145,235.6634634572943,236.31049083013178,43084800.0
2022-06-21,245.0405731201172,246.0159401392919,240.95558733169304,241.67987371090587,29928300.0
2022-06-22,244.45152282714844,248.35302095850608,241.78613912229218,243.25403052962997,25939900.0
2022-06-23,249.98497009277344,250.47749417228164,244.9342995177495,246.80778897049828,25861400.0
2022-06-24,258.5220031738281,258.7924022848079,252.747014945619,252.83392578793828,33923200.0
2022-06-27,255.80833435058594,259.1013975165965,254.25351742662792,259.01448667805846,24615100.0
2022-06-28,247.6866455078125,257.7590479870569,247.53212753900692,254.92950951957212,27295500.0
2022-06-29,251.33709716796875,252.9884622351122,246.99136317151596,248.7586241058545,20069800.0
2022-06-30,248.02462768554688,250.63207057542505,244.22937393334024,248.23708621339836,31730900.0
2022-07-01,250.68032836914062,250.86381660731956,245.88073757874744,247.599724121051,22837700.0
2022-07-05,253.83827209472656,253.96381979893323,246.0063204347822,247.37763439031926,22941000.0
2022-07-06,257.08306884765625,258.8020409501888,253.40369581093594,254.70741739613206,23824400.0
2022-07-07,259.1979675292969,259.8353431316474,255.9338452648158,256.0304226841945,20859900.0
2022-07-08,258.48333740234375,258.9082544536916,254.26316663768768,255.71173945693104,19658800.0
2022-07-11,255.44134521484375,257.3920793720454,253.1912122224075,256.5422452532518,19455200.0
2022-07-12,244.9729766845703,256.82230649201273,243.39885616958918,256.76436593684815,35868500.0
2022-07-13,244.0555419921875,244.8570873615849,239.603594413408,241.61228376039588,29497400.0
2022-07-14,245.368896484375,246.3925521414669,237.50797609226328,241.97924175908412,25102800.0
2022-07-15,247.91836547851562,251.44321946932337,246.03522410348623,246.95265044151162,29774100.0
2022-07-18,245.53306579589844,251.89712481035676,244.6156393919706,250.8444988809621,20975000.0
2022-07-19,250.6320343017578,250.81552252522303,244.9825951721847,248.7488781014716,25012600.0
2022-07-20,253.27806091308594,255.78892579220218,250.03327267886766,250.9893210922922,22788300.0
2022-07-21,255.76002502441406,255.80832847001912,248.21779122798213,250.8831747670427,22404700.0
2022-07-22,251.4335479736328,256.2331527925811,250.1877968195716,256.1462419775036,21881300.0
2022-07-25,249.95606994628906,252.53454268022003,248.00533571383517,252.05168504603222,21056000.0
2022-07-26,243.26365661621094,250.97007463688564,241.01355313399756,250.9507414709721,39348000.0
2022-07-27,259.5263366699219,260.79142143505817,249.97542707523482,252.2062272013175,45994000.0
2022-07-28,266.933349609375,268.31431531179504,258.68613331334205,260.5016826567174,33459300.0
2022-07-29,271.1148376464844,272.33164805798015,267.14576287951564,268.1790850711419,32152800.0
2022-08-01,268.478515625,271.63639399506593,266.38290049065427,268.2950273632756,21539600.0
2022-08-02,265.39788818359375,268.3626412541174,263.0415404728972,266.537425174636,22754200.0
2022-08-03,272.7854919433594,273.780177122307,267.1263872428555,267.2712680564523,23518900.0
2022-08-04,273.9250793457031,274.0699307149256,270.5644096945988,272.13850053519735,18098700.0
2022-08-05,273.21044921875,273.9250689272582,269.1254639343299,269.57935118815436,16774600.0
2022-08-08,270.70928955078125,276.11730051736697,269.74357435929414,274.3113883534034,18739200.0
2022-08-09,272.6214294433594,273.37468623177955,268.0922221285978,270.0526525666318,23405200.0
2022-08-10,279.2462158203125,279.8739248174104,277.1023268586765,278.29016718582943,24687800.0
2022-08-11,277.1795959472656,281.2259454287706,276.6871011826993,280.8783020655473,20065900.0
2022-08-12,281.90185546875,281.90185546875,277.1022509734553,278.5894602530445,22619700.0
2022-08-15,283.4084167480469,284.0940662295999,280.16359862776034,281.02309922866345,18085700.0
2022-08-16,282.67449951171875,283.9589172842201,280.46303283251734,281.97918336040345,18102900.0
2022-08-17,281.9292907714844,283.8938524278254,280.1389197170631,280.4002056199427,18253400.0
2022-08-18,280.8164367675781,282.5003387388935,279.76154672598557,280.8357814390951,17186200.0
2022-08-19,276.92596435546875,279.9260419302894,276.35498651754625,279.5873182545467,20570000.0
2022-08-22,268.7967529296875,273.3549182202422,268.28383861490187,272.98716276174565,25061100.0
2022-08-23,267.5289611816406,269.87093596211275,266.52247730381634,267.5289611816406,17527400.0
2022-08-24,266.89990234375,268.29348622669727,266.24179973569437,266.53214693938304,18137000.0
2022-08-25,269.86126708984375,270.02577059536407,265.67082824168347,268.3902454376077,16583400.0
2022-08-26,259.4481201171875,271.3032415870308,259.34168014145877,270.0838482135881,27549300.0
2022-08-29,256.6803283691406,258.7803619357156,255.34480790841272,257.2803379595906,20338500.0
2022-08-30,254.49314880371094,258.4416167849743,252.25761414315465,258.0738909142503,22767100.0
2022-08-31,253.04151916503906,258.4996984815058,252.90601788695525,256.835171011409,24791800.0
2022-09-01,252.0060272216797,252.4802522057439,247.17688880265302,250.5253477936383,23263400.0
2022-09-02,247.80589294433594,256.2060856971304,246.26715020417384,253.26410148725907,22855400.0
2022-09-06,245.0865020751953,249.51885306650013,243.81873220604314,247.94142082307454,21328200.0
2022-09-07,249.77049255371094,250.4866292810051,245.05748121497774,246.48976943648967,24126700.0
2022-09-08,250.18658447265625,252.03501907292284,246.57682534056357,249.2091619552673,20319900.0
2022-09-09,255.93516540527344,256.68036347856776,251.89960123552532,252.10282364921977,22084700.0
2022-09-12,258.0545654296875,258.828795252262,256.61260484004885,257.21261449388913,18747700.0
2022-09-13,243.86712646484375,252.0060195193781,243.4800115748494,250.49630836570796,33353300.0
2022-09-14,244.0896759033203,246.03487812902216,241.8057500396919,245.35744562009026,23913000.0
2022-09-15,237.4701690673828,243.29610345654862,236.15400813965698,241.71865662350373,31530900.0
2022-09-16,236.85081481933594,237.3927608644155,234.25719690326952,236.38627698047728,39791800.0
2022-09-19,236.63790893554688,237.2379185278828,233.08621305250247,234.6539876734692,26826900.0
2022-09-20,234.6346435546875,235.66047218929285,231.91522600942378,234.2669028613096,26660300.0
2022-09-21,231.24745178222656,239.6766917207571,231.19906057717108,236.3959688481416,28625600.0
2022-09-22,233.21200561523438,235.99917354124665,229.91193818738796,230.20225587391255,31061200.0
2022-09-23,230.25064086914062,233.35717293349165,227.6183189581972,231.8184154017902,34176000.0
2022-09-26,229.79583740234375,233.66689809479655,229.26356360374658,229.40873723986832,27694200.0
2022-09-27,228.78936767578125,234.00562135806214,226.9409326546601,232.24428165829022,27018700.0
2022-09-28,233.2991485595703,234.51852731554808,227.16350637089323,229.1764596269769,29029700.0
2022-09-29,229.84420776367188,232.215229269323,226.85381719409244,231.18940064159077,27484200.0
2022-09-30,225.3924560546875,232.7861798495217,225.22793778149074,230.60870866268925,35694800.0
2022-10-03,232.979736328125,233.8216870981845,227.09572373714803,227.82154744014306,28880400.0
2022-10-04,240.8573455810547,242.28963357290925,237.08305341434055,237.18950814956145,34888400.0
2022-10-05,241.1670684814453,242.50258909201375,236.23147515733956,238.06055067024138,20347100.0
2022-10-06,238.83474731445312,242.27031644163847,238.14764234917035,239.93799895986987,20239900.0
2022-10-07,226.68931579589844,233.5410948826366,225.65379998930908,233.13462052161643,37769600.0
2022-10-10,221.8601531982422,226.99898360972267,219.4213809672786,225.53766359831536,29743600.0
2022-10-11,218.14393615722656,221.67627288848584,216.88583856563983,220.28268877269275,30474000.0
2022-10-12,218.47291564941406,220.51490008071218,216.74062305931744,218.1341920439649,21903900.0
2022-10-13,226.68931579589844,228.48935957942223,212.0663836762347,212.7631757709487,42551800.0
2022-10-14,221.1923828125,229.5925913283704,220.9794733149992,227.94737889006004,30198600.0
2022-10-17,229.8732147216797,231.2571263231049,227.5602570081076,228.21834487388986,28142300.0
2022-10-18,230.81195068359375,236.06690750411659,227.7828415320167,235.39916206358598,26329600.0
2022-10-19,228.85707092285156,231.88618020226818,226.7376631373762,229.39901697875123,19985700.0
2022-10-20,228.53770446777344,233.53137553473397,227.29896641864062,228.16996380022994,21811000.0
2022-10-21,234.3152618408203,235.16689978355862,226.9408971162325,227.17316603704901,26299700.0
2022-10-24,239.27992248535156,239.850900353894,233.52172305739012,235.90241694894004,24911200.0
2022-10-25,242.57997131347656,242.94771196115997,237.90566472884615,239.28956155004425,34775500.0
2022-10-26,223.86341857910156,230.61841449713438,222.64402516459023,223.71824496136685,82543200.0
2022-10-27,219.44076538085938,226.1570584238019,218.50203192863682,223.59247171024296,40424600.0
2022-10-28,228.26670837402344,228.97318740219828,218.76326447934332,218.94714217799373,40647700.0
2022-10-31,224.64730834960938,227.3473663725247,223.69888795758465,226.22475535763192,28357300.0
2022-11-01,220.81494140625,228.1409296481597,220.0020223387947,227.03767812320683,30592300.0
2022-11-02,213.00509643554688,223.8440621960301,212.94701812750728,222.06337802281334,38407000.0
2022-11-03,207.34365844726562,213.3050945982589,207.08235775345725,212.9954026993864,36633900.0
2022-11-04,214.25350952148438,214.4470595832424,206.55009302136054,210.53729517480699,36789100.0
2022-11-07,220.5246124267578,221.04721381188003,214.14704442988435,214.83416409790135,33498000.0
2022-11-08,221.4923858642578,224.18277156558537,218.56005889650208,221.3278675751174,28192500.0
2022-11-09,217.27294921875,221.2601516912574,217.09875857930578,220.04075814745045,27852900.0
2022-11-10,235.14755249023438,235.48627617138314,227.42479136911933,227.84092326094827,46268000.0
2022-11-11,239.1444091796875,239.99604710310476,234.1313788126477,235.15722211445575,34620200.0
2022-11-14,233.76364135742188,236.0475673740293,231.49907477577239,234.18946032496393,31123300.0
2022-11-15,234.1701202392578,239.03797746539766,232.2926536001012,237.74117578758222,31390100.0
2022-11-16,234.59710693359375,236.60603316606853,233.32576434985185,235.62582643468144,24093300.0
2022-11-17,234.548583984375,236.07226408161256,230.61810181463593,230.76366974368625,23123500.0
2022-11-18,234.10215759277344,236.547802374884,231.97677705188883,236.32457848011174,27613500.0
2022-11-21,234.90768432617188,237.45036963154155,234.07306028423957,234.3059689787537,26394700.0
2022-11-22,237.7997283935547,238.0714650543678,233.6072093349116,236.40221710449453,19665700.0
2022-11-23,240.2744903564453,240.9538320187203,237.06216314669393,237.87737314142396,19508500.0
2022-11-25,240.18714904785156,241.36143645953254,239.44956540890726,240.01245273021934,9200800.0
2022-11-28,234.626220703125,239.37192761122702,233.69455635778226,238.81875468278062,24778200.0
2022-11-29,233.23841857910156,235.62582136830417,231.1809796211648,234.27683765009397,17956300.0
2022-11-30,247.61141967773438,247.7958155951577,232.78229762918565,233.47135371926146,47594200.0
2022-12-01,247.17466735839844,248.56246413319528,243.51590752074188,246.378856625145,26041500.0
2022-12-02,247.49496459960938,248.50427013338341,242.3222385687394,242.44840731366295,21528500.0
2022-12-05,242.81716918945312,246.3303613663216,240.74031627098933,244.57375787361877,23435300.0
2022-12-06,237.88706970214844,244.42819318650004,236.58661356400265,243.41888770234414,22463700.0
2022-12-07,237.15921020507812,238.89639979977625,235.0629579890975,237.60564320065706,20481500.0
2022-12-08,240.0998077392578,241.40027877672188,235.88787438426903,237.61534962771674,22611800.0
2022-12-09,238.17822265625,240.9829448599812,236.95540766792848,237.47946700334126,20609700.0
2022-12-12,245.05899047851562,245.08810406106682,239.87656546489097,240.14830210772652,30665100.0
2022-12-13,249.33889770507812,256.13234388565945,245.6024963823434,253.96813536884156,42196900.0
2022-12-14,249.6300506591797,254.84158999041878,246.8059142850901,249.54270989920707,35410900.0
2022-12-15,241.66229248046875,246.6991500991899,240.04157204816326,246.2333179219407,35560400.0
2022-12-16,237.4697723388672,242.4678019516118,236.3245836806278,241.21587335248572,86102000.0
2022-12-19,233.35487365722656,237.9744265437408,231.6662265103739,237.6347483108368,29696400.0
2022-12-20,234.66505432128906,235.74230142731602,231.38478542376703,232.33586378495446,25150800.0
2022-12-21,237.2174072265625,238.37229534259706,233.02488851892647,234.5582680100152,23690600.0
2022-12-22,231.1615753173828,234.84944921071,226.96904125544336,234.14097913275145,28651700.0
2022-12-23,231.68565368652344,231.821522034393,227.03700146219919,229.14296825844733,21207000.0
2022-12-27,229.96786499023438,231.87972122287346,228.87120393787913,231.65651213728756,16688600.0
2022-12-28,227.6095733642578,232.64643111207874,227.26019552023155,229.89993593986588,17457100.0
2022-12-29,233.89833068847656,234.78148218567202,228.6964916617764,228.6964916617764,19770700.0
2022-12-30,232.7434539794922,232.87932229950997,229.67669497504897,231.18096089501935,21938500.0
2023-01-03,232.51055908203125,238.49849510687616,230.39487805775428,235.90728230837536,25740000.0
2023-01-04,222.33982849121094,225.99857440296276,219.29248275940205,225.42598740565919,50623400.0
2023-01-05,215.75015258789062,220.83553784778456,215.21637883212745,220.4958596008794,39585600.0
2023-01-06,218.29283142089844,219.09834182718123,212.8774972822173,216.4197883428899,43613600.0
2023-01-09,220.418212890625,224.41665135349578,219.7291716302323,219.76798480761224,27369800.0
2023-01-10,222.09719848632812,224.48460157088834,220.62204584662,221.03935048334114,27033900.0
2023-01-11,228.81300354003906,228.98768506870852,224.29050527854426,224.4651868072137,28669300.0
2023-01-12,231.4721221923828,232.821105949786,226.6681880812586,228.3180220940589,27269500.0
2023-01-13,232.17086791992188,232.30673624907553,227.98804849183014,230.0066742453539,21333300.0
2023-01-17,233.25784301757812,233.80131636600996,230.09402846864725,230.94806647820474,29831300.0
2023-01-18,228.85179138183594,235.22793302598163,228.57035512507287,234.4418366169308,30028700.0
2023-01-19,225.0862579345703,228.57033632786354,223.8731426355433,226.88167450054485,28623000.0
2023-01-20,233.1316680908203,233.63632824749806,227.59015038517927,227.92982862321074,35389800.0
2023-01-23,235.42202758789062,237.93559913009912,232.57847740404011,233.98570310784828,31934000.0
2023-01-24,234.89797973632812,236.75162381980027,233.34520074340116,235.34441276702486,40234400.0
2023-01-25,233.51016235351562,236.1207891156233,224.08667522306712,227.5610395748184,66526600.0
2023-01-26,240.68209838867188,240.9829486422917,234.85914439539755,236.46045082013288,33454500.0
2023-01-27,240.83738708496094,242.458107545592,239.5466304719591,241.64289751902396,26498900.0
2023-01-30,235.54820251464844,238.35292478678218,235.05324194345323,237.2950768809861,25867400.0
2023-01-31,240.49771118164062,240.63357952072695,235.78111768401726,236.26636386768823,26541100.0
2023-02-01,245.2919464111328,247.65023576111176,238.2267631452796,240.6821076556318,31259900.0
2023-02-02,256.7922668457031,256.8796075980904,249.65914256333582,251.18282257259764,39940400.0
2023-02-03,250.72671508789062,256.4041014975154,249.51359959938435,251.88160340231477,29077300.0
2023-02-06,249.1933135986328,250.67816573061054,247.26204327207444,249.84355651391297,22518000.0
2023-02-07,259.6649475097656,260.8392350360664,252.40565360237943,252.84238703481986,50841400.0
2023-02-08,258.8594665527344,268.5935048183664,258.3547915146365,265.13855400297484,54686000.0
2023-02-09,255.8411407470703,265.89545501462214,255.04533006072302,265.7207439153009,42375100.0
2023-02-10,255.3365478515625,256.29732581806934,252.96854410513563,253.812867726257,25818500.0
2023-02-13,263.3139953613281,266.49720913120274,259.26702917112374,259.742590569191,44630900.0
2023-02-14,264.138916015625,266.856282749665,261.33417890703004,264.62416219078045,37047900.0
2023-02-15,262.02764892578125,263.3994740205076,258.972656227329,261.0547258535999,28922400.0
2023-02-16,255.05181884765625,259.51753291113,254.80858804011677,256.87118053744996,29603600.0
2023-02-17,251.07252502441406,253.0475576685139,249.06830587586964,252.36652933438805,30000100.0
2023-02-21,245.8284912109375,248.5721416274502,244.77773242454728,247.58947974202172,28397400.0
2023-02-22,244.69989013671875,247.45326436545926,243.56157186049097,247.21003358389876,22491100.0
2023-02-23,247.87164306640625,249.88558633204974,243.69779430491118,248.64024584758673,29219100.0
2023-02-24,242.47190856933594,244.2037105882477,241.38223939221282,243.19187704458037,24990900.0
2023-02-27,243.38644409179688,245.97442307770388,242.63728915469153,245.62417017099744,21190000.0
2023-02-28,242.66648864746094,244.68044668021838,241.99516930320846,242.3259744546454,22491000.0
2023-03-01,239.60179138183594,244.13560203633548,239.1347775749903,243.97020688018864,27565300.0
2023-03-02,244.31072998046875,244.592871158647,238.95965271701235,239.8742028427946,24808200.0
2023-03-03,248.37753295898438,248.69859936512998,244.58313878749726,245.36148024067188,30760100.0
2023-03-06,249.91477966308594,253.07678008876618,249.0488786018787,249.48669107630843,24109800.0
2023-03-07,247.26841735839844,250.71257368875254,246.5290010946981,249.36019623261095,21473200.0
2023-03-08,246.83059692382812,247.64784879607657,244.0188496513126,247.16138722750551,17340200.0
2023-03-09,245.48797607421875,252.53193017156482,244.76800759955387,248.8932070956166,26653400.0
2023-03-10,241.85899353027344,245.94526831886697,240.89580898858623,244.28157783106303,28333900.0
2023-03-13,247.04466247558594,250.9266314715002,239.07641892091627,240.701198918384,33339700.0
2023-03-14,253.7286376953125,254.00105499083594,248.93211882541823,249.79801983882402,33620300.0
2023-03-15,258.2527160644531,259.26456442561187,252.19139432118732,252.9405641280701,46028000.0
2023-03-16,268.7214050292969,269.07164313641664,256.1512239726221,258.0289586598438,54768800.0
2023-03-17,271.8639221191406,275.65831665347815,268.8381452248547,270.7256186044692,69527400.0
2023-03-20,264.8588562011719,269.96670228330714,262.543294560003,269.4802407516752,43466600.0
2023-03-21,266.36688232421875,267.5538496813645,262.2222204606799,267.43710366119547,34558700.0
2023-03-22,264.9172668457031,273.43034485869043,264.81022985408475,265.9971973475459,34873300.0
2023-03-23,270.141845703125,273.44977847868375,267.7484630649204,270.41426299778846,36610900.0
2023-03-24,272.97308349609375,273.03145651581804,267.8263111878216,269.7332324450906,28172000.0
2023-03-27,268.8965148925781,273.83895161321755,268.05978551317787,272.90495366822654,26840200.0
2023-03-28,267.7776184082031,268.66298193563654,264.68370058234905,268.32245293412296,21878600.0
2023-03-29,272.9146423339844,273.52758857930763,270.8714980799914,271.4065938576128,25087000.0
2023-03-30,276.35882568359375,276.757727762298,273.8584356014265,276.53397442659906,25053400.0
2023-03-31,280.49371337890625,281.43744995850153,275.33723290766795,276.0474774481902,32766000.0
2023-04-03,279.4527282714844,280.46454697415277,276.26154151333856,278.761931454292,24883300.0
2023-04-04,279.4040832519531,282.5855611844231,277.93498937950386,279.4527472277195,25824300.0
2023-04-05,276.64093017578125,279.37484150873803,275.25939610333745,278.1100534490355,22064800.0
2023-04-06,283.7043762207031,284.1713602969535,274.3934952141327,275.54153732325625,29770300.0
2023-04-10,281.55426025390625,281.75856581319096,277.00095709388467,281.3791115118309,23103000.0
2023-04-11,275.1717834472656,278.2365144767618,274.01403245876395,278.0127315105797,27276600.0
2023-04-12,275.81396484375,279.2386732168352,274.32539366289427,277.07878271017614,27403400.0
2023-04-13,281.99200439453125,282.0503774003979,275.50262448189994,275.9112355229667,24222700.0
2023-04-14,278.3923034667969,280.6689405579413,276.00862936698525,279.22900330153806,20987900.0
2023-04-17,280.98016357421875,283.7043659155023,278.41166217437114,282.0795713658837,23836200.0
2023-04-18,280.56182861328125,283.86005216252715,279.23866745372095,283.6751943988744,20161800.0
2023-04-19,280.6396789550781,281.22340905975057,276.8355460862607,278.2462667608946,17150300.0
2023-04-20,278.36309814453125,281.20404752058676,277.3609882358615,277.526398277081,23244400.0
2023-04-21,278.0224914550781,278.5186620047946,275.3955874268566,277.2927991907115,21676400.0
2023-04-24,274.14056396484375,277.234482358,271.173160031667,274.45190651995864,26611000.0
2023-04-25,267.9625244140625,273.9751827450711,267.9138604386518,271.9417767926592,45772200.0
2023-04-26,287.372314453125,291.45860367890464,284.80381270160626,288.66631890750085,64599200.0
2023-04-27,296.576171875,296.9361784067996,287.2555804982626,287.95608640380885,46462600.0
2023-04-28,298.9403381347656,300.5651029592613,295.097280309873,295.7783383038111,36469600.0
2023-05-01,297.2864074707031,300.24410228095644,296.8875053999733,298.6582327311371,21294100.0
2023-05-02,297.14044189453125,300.8083512230657,295.6810572722288,299.42681707438953,26404400.0
2023-05-03,296.1578063964844,300.25380462015016,295.8562025897096,298.3176970170622,22360800.0
2023-05-04,297.14044189453125,299.42681707438953,295.1848569994441,297.9479549880525,22519900.0
2023-05-05,302.23858642578125,303.5228521768905,296.03133165334634,297.442082171176,28197100.0
2023-05-08,300.2926940917969,301.80074263730194,297.80201345372643,301.73263089775384,21318600.0
2023-05-09,298.68743896484375,301.6451339704267,298.0161195443124,299.6603622188009,21340800.0
2023-05-10,303.8536376953125,304.52495706862396,299.33928955394174,300.2635487654328,30078000.0
2023-05-11,301.71319580078125,302.695857722587,297.9674652772338,301.7034867589505,31680200.0
2023-05-12,300.60406494140625,302.2385686971637,298.29824184109515,302.14127044452766,19774700.0
2023-05-15,301.080810546875,301.50889913783726,299.26144888091557,300.7305724404115,16336500.0
2023-05-16,303.299072265625,305.21573217875385,301.4407853698495,301.4407853698495,26730300.0
2023-05-17,306.16571044921875,306.5849748220485,302.98703781876026,304.49838322404014,24315000.0
2023-05-18,310.5729064941406,311.07995152372933,305.8926785291236,306.6824666262682,27276000.0
2023-05-19,310.3974304199219,310.7972045125446,308.47658062453104,308.83734438329236,27546700.0
2023-05-22,313.1665954589844,314.54141972113337,310.0757031921086,310.6509792014614,24115700.0
2023-05-23,307.3942565917969,314.66812088311536,307.38449657033,312.0452341385488,30797200.0
2023-05-24,306.0194396972656,308.6033161721185,304.8103574976606,306.8774884337067,23384900.0
2023-05-25,317.78826904296875,318.74379887860135,312.01596067772016,315.17511275761063,43301700.0
2023-05-26,324.5843505859375,325.0816057625892,315.79914213912696,315.9356336414489,36630600.0
2023-05-30,322.9462585449219,327.36323325803346,322.27347175530826,326.86597805939425,29503100.0
2023-05-31,320.1966857910156,327.5583014347169,319.16310540886235,323.9993748636306,45950600.0
2023-06-01,324.2821350097656,325.2084444667975,316.6182558412687,317.7980580790412,26773900.0
2023-06-02,327.0318298339844,329.07944119711163,324.2529308237524,325.91052805965796,25873800.0
2023-06-05,327.558349609375,330.1129762401236,326.3102866082395,326.8563123114757,21307100.0
2023-06-06,325.3547058105469,327.0025428376745,323.88240041372416,326.96353250247705,20396200.0
2023-06-07,315.3117370605469,326.1445304522962,314.4536881273052,323.37539146712487,40717100.0
2023-06-08,317.1448059082031,318.4903798108397,315.28245664141156,315.85773263123184,23277700.0
2023-06-09,318.6366271972656,321.7567696311191,316.3160032224107,316.8815191818162,22529000.0
2023-06-12,323.5702819824219,323.81404443234743,317.0471964419212,320.38185009345415,24260300.0
2023-06-13,325.9494934082031,328.5723804542734,322.1468041193806,326.12499527780267,22951300.0
2023-06-14,328.9233703613281,330.58096729872784,324.50639495848685,325.9982202996805,26003800.0
2023-06-15,339.4149475097656,341.11152517053205,328.78690731624766,329.0599201554074,38899100.0
2023-06-16,333.7889099121094,342.70088270371474,333.4184158445692,342.55463113018976,46552000.0
2023-06-20,329.61566162109375,333.54511218147553,327.48029960440283,330.84423422142726,26375400.0
2023-06-21,325.2376708984375,329.30364243212927,323.78485594149885,327.9775589781728,25117800.0
2023-06-22,331.2342834472656,331.6340575859297,325.02321865294914,325.78375659192324,23556800.0
2023-06-23,326.6612854003906,329.5279351767741,325.13047930366815,326.0177487407771,23146900.0
2023-06-26,320.40142822265625,327.7240333118318,320.29415725203825,325.39367934124914,21520600.0
2023-06-27,326.222412109375,327.7629776694117,321.08388072367944,323.58000578054765,24354100.0
2023-06-28,327.4705505371094,329.5474118113246,325.48144019271336,326.3102386492254,20259500.0
2023-06-29,326.69049072265625,327.72404134255896,324.3211263632283,326.35897729326905,16997000.0
2023-06-30,332.0435485839844,334.17891054970244,328.78688502474677,329.32315064368396,26832800.0
2023-07-03,329.5571594238281,332.394558661991,328.1726050055835,330.727231395335,12508700.0
2023-07-05,329.71319580078125,333.1258712588089,326.37854101667716,326.7295447808277,18172400.0
2023-07-06,332.75531005859375,334.43239728548525,327.1292821478824,328.88436028376566,28161200.0
2023-07-07,328.8063659667969,333.26235165945616,328.5918537740865,330.8539769415479,21214800.0
2023-07-10,323.5508117675781,326.86600540201454,319.4166095021663,326.25171917261997,32791400.0
2023-07-11,324.17486572265625,324.55511973893175,318.84134117994995,322.800041689948,26698200.0
2023-07-12,328.7868347167969,333.12578887236407,327.29500957576835,328.2017988317313,29995300.0
2023-07-13,334.110595703125,335.1636364816071,330.5613998542952,331.08793512161674,20567200.0
2023-07-14,336.6262512207031,342.66181307865304,335.71946186556954,338.9176246633776,28352700.0
2023-07-17,337.1040954589844,338.33263840062307,333.6621696566182,337.05532509830556,20363900.0
2023-07-18,350.5207214355469,357.62884439822335,333.63287773911316,337.20153461943244,64738600.0
2023-07-19,346.22076416015625,353.4166384044317,343.6466474604791,352.72436118966306,39732900.0
2023-07-20,338.2155456542969,349.03860522679815,336.75297084061185,344.74839172455427,33778400.0
2023-07-21,335.1929626464844,341.56003861838775,331.35126286647005,340.4387369530099,69405400.0
2023-07-24,336.49951171875,338.2643797019485,333.7693834548789,337.2210689969038,26678100.0
2023-07-25,342.2230529785156,343.11035203179654,336.46050402116185,338.4495845575855,41637700.0
2023-07-26,329.3426208496094,336.07048951280683,324.7988843745913,332.92106736693563,58383700.0
2023-07-27,322.4685363769531,332.8138025679025,320.8401897883476,331.9850338749244,39635300.0
2023-07-28,329.9277038574219,331.5268003348271,324.8574610945914,325.34498615387326,28484900.0
2023-07-31,327.5387878417969,329.2743755389443,325.04263262807757,328.51383777853505,25446000.0
2023-08-01,327.9483337402344,330.093455775555,325.374217054016,326.8270321220212,18311900.0
2023-08-02,319.32891845703125,325.3059805314277,318.2173470228,325.3059805314277,27761300.0
2023-08-03,318.5097961425781,321.64945793431025,317.8175190621743,317.86625965352187,18253700.0
2023-08-04,319.6018981933594,326.7782818997198,319.0753628445266,323.5996092744747,23741500.0
2023-08-07,321.8737487792969,322.8487988022052,319.3483727907042,320.17717126140934,17741500.0
2023-08-08,317.9150085449219,320.54765518196075,314.94111824721926,318.802307526203,22327600.0
2023-08-09,314.1903381347656,318.94855662350545,313.039756644874,318.32454016439254,22373300.0
2023-08-10,314.87286376953125,320.0698965106326,313.1665264082013,317.88576445394,20113700.0
2023-08-11,313.0008239746094,314.3658880842269,311.2457160426732,312.26953644201075,24355500.0
2023-08-14,315.9552001953125,315.974690482468,312.09398089474894,313.37132372944086,18836100.0
2023-08-15,313.8295593261719,316.97898134379494,312.8935197157339,314.9411305404492,16966300.0
2023-08-16,313.0674743652344,316.9954936708588,312.48119971164607,313.45831419457073,20698900.0
2023-08-17,309.6280212402344,314.50381263909213,308.9733414603899,313.20426358487214,21257200.0
2023-08-18,309.2371826171875,311.0936940527994,304.4199858602723,307.29270464284144,24755000.0
2023-08-21,314.51361083984375,315.383227213463,309.7843803763491,310.65399674996837,24040000.0
2023-08-22,315.0802917480469,318.61744100027846,314.1031773769701,318.0507277854862,16084600.0
2023-08-23,319.5163879394531,321.66605140677217,316.0573948399172,316.40917150691627,21166400.0
2023-08-24,312.64727783203125,325.35954498918005,312.63749714645934,325.2325153533981,23281400.0
2023-08-25,315.58843994140625,317.9139473148537,311.5040788241883,314.11298756039173,21684100.0
2023-08-28,316.29193115234375,318.68584344960186,314.3572339791844,318.207066953983,14808500.0
2023-08-29,320.8941650390625,321.45112744073015,314.5136087751781,314.5136087751781,19284600.0
2023-08-30,321.26544189453125,322.26208781651366,318.97899784822044,321.1481929412585,15222100.0
2023-08-31,320.259033203125,323.3369376753796,319.30145033255354,321.66608035944125,26411000.0
2023-09-01,321.13836669921875,324.39214396761776,319.3013871740993,323.727713447218,14942000.0
2023-09-05,325.9165344238281,327.18680118433525,321.13845995330405,321.47067530997464,18553900.0
2023-09-06,325.2618408203125,326.80566842614127,322.62362005663084,325.7503980121673,17535800.0
2023-09-07,322.35980224609375,325.45723807010125,321.49993683780025,323.7082248346301,18381000.0
2023-09-08,326.6200256347656,328.4667861972207,321.92010767166425,322.5356945258159,19530100.0
2023-09-11,330.2060241699219,330.6750497904705,327.75345762157895,329.52203220068384,16583300.0
2023-09-12,324.17718505859375,329.08231769406166,323.8938433949532,328.134515675664,17565500.0
2023-09-13,328.36907958984375,329.141008354495,323.59100543664357,323.7277859536388,16544400.0
2023-09-14,330.9486389160156,333.05917964974554,328.86738060055865,331.388322477558,20267000.0
2023-09-15,322.6626892089844,329.6783628105359,322.10572689470496,329.2093670251741,37679800.0
2023-09-18,321.52923583984375,322.83856545069517,318.8910152474716,320.29806225418173,16834200.0
2023-09-19,321.1286315917969,321.8517165023023,317.0833936077872,318.7054070395551,16505900.0
2023-09-20,313.42901611328125,322.0471733986375,313.17498661327795,321.9690173569062,21436500.0
2023-09-21,312.21734619140625,317.9041588491349,307.79101939102566,311.9535360525413,35560400.0
2023-09-22,309.7550354003906,314.0934255806642,308.9147015377864,313.96639594173394,21447900.0
2023-09-25,310.2729187011719,310.39994834578414,307.7910397456029,309.34464808220946,17836000.0
2023-09-26,304.9965515136719,308.6509504072707,302.92504360895043,307.9181144910141,26297600.0
2023-09-27,305.6316223144531,307.1070447852302,302.6025617027996,305.1528159801847,19410100.0
2023-09-28,306.4621887207031,308.2600757204857,302.3680768122536,303.8728115871533,19683600.0
2023-09-29,308.52386474609375,312.1587314237549,307.77149741019485,310.4780935014134,24147300.0
2023-10-02,314.4354248046875,314.5233913479347,307.96693177846345,309.0417636602757,20570000.0
2023-10-03,306.21795654296875,314.034873285169,304.0878240681493,313.48766167957774,21033500.0
2023-10-04,311.6604309082031,312.7157312613082,306.81395136342184,306.84326360549875,20720100.0
2023-10-05,312.05120849609375,312.6570444101147,307.6932870679997,311.7873983700248,16965600.0
2023-10-06,319.7705078125,321.6563316821838,309.06131118825493,309.30558981860264,25673600.0
2023-10-09,322.2718505859375,322.7408463729551,315.78379722001137,317.31787385142707,19891200.0
2023-10-10,320.8746337890625,323.5226056424412,320.17111018080624,323.38579530400693,20557100.0
2023-10-11,324.8123474121094,325.2031871666955,321.6074137138443,323.63001764409694,20063200.0
2023-10-12,323.58123779296875,325.99471177384464,321.1970760539996,323.0047438226922,19313100.0
2023-10-13,320.2297058105469,326.190079660526,318.8910340646987,324.7732817040409,21072400.0
2023-10-16,325.0273742675781,328.44727494049874,323.03405238313746,323.4737360067268,22158000.0
2023-10-17,324.46063232421875,325.828586634413,319.9170559493173,322.0471583622745,18338500.0
2023-10-18,322.55523681640625,327.909834737972,320.7866620472197,324.8807739787621,23153600.0
2023-10-19,323.7375183105469,329.1702714544596,323.336897867666,324.54851006231695,25052100.0
2023-10-20,319.1940002441406,324.3238512632102,318.0019193859901,324.12841643957864,25027700.0
2023-10-23,321.7833251953125,325.1152889172781,316.96615830256553,318.0214287466955,24374700.0
2023-10-24,322.9656066894531,324.24562410946174,320.1026687848026,323.7179740081932,31153600.0
2023-10-25,332.8735656738281,338.2770069491987,329.8933489527061,337.1239893295993,55053800.0
2023-10-26,320.38604736328125,333.8115893601042,319.45777677753637,332.7465382675552,37828500.0
2023-10-27,322.26214599609375,329.0140110865285,320.88441090808146,322.8679522434815,29856500.0
2023-10-30,329.5904846191406,331.6815239306809,324.235886505314,325.77974409067264,22828100.0
2023-10-31,330.37213134765625,331.241777466002,327.0304168400943,331.0952162716641,20265300.0
2023-11-01,338.14996337890625,339.46907368839175,331.8768762591472,332.0136865785613,28158800.0
2023-11-02,340.3485107421875,340.84681883225545,336.879736569886,339.29321044253436,24348100.0
2023-11-03,344.7259216308594,346.2795596471139,339.3811050850171,341.6284859220493,23637700.0
2023-11-06,348.3706359863281,349.35753118619317,345.2634189928444,345.36113640793855,23828300.0
2023-11-07,352.2790222167969,354.164845685057,349.44539667177366,351.17487827159056,25833900.0
2023-11-08,354.88800048828125,355.54265050853274,352.2986231921823,353.40276735497133,26767800.0
2023-11-09,352.4353942871094,356.44156927918397,352.1129298373234,354.0085341532929,24847300.0
2023-11-10,361.2099304199219,361.63008249841977,352.8067397541227,353.2171111454846,28042100.0
2023-11-13,358.28826904296875,360.0373120121586,357.52612107178936,359.7930334339709,19986500.0
2023-11-14,361.7961120605469,363.43768679672274,358.94295491704753,362.51919694143055,27683900.0
2023-11-15,361.94305419921875,365.3307238214912,359.4365366374243,363.51938712911283,26860100.0
2023-11-16,368.30712890625,368.48335928952025,362.44231441681825,363.2060092906745,27182300.0
2023-11-17,362.1192321777344,366.5447423144695,359.3287982048387,365.8006186204478,40157000.0
2023-11-20,369.5506286621094,370.95073116555085,363.24523724780994,363.4606399313925,52465100.0
2023-11-21,365.2719421386719,368.35609354646346,363.36268990163154,367.81760182816333,28423100.0
2023-11-22,369.9520263671875,371.85147806167527,367.1322205576516,370.0988850281661,23345300.0
2023-11-24,369.540771484375,370.06949251389324,367.2986596667437,369.44285575599235,10176600.0
2023-11-27,370.6961364746094,372.683733332582,368.336537498751,368.9044009726802,22179200.0
2023-11-28,374.7006530761719,374.994370396148,370.25554172918464,370.4415726583984,20453100.0
2023-11-29,370.9311218261719,376.2671856758015,369.5505906614915,375.738494499301,28963400.0
2023-11-30,370.9898376464844,372.14516552640623,367.6217398530599,370.57860354905085,30554400.0
2023-12-01,366.681884765625,370.2555853515813,363.5487602115402,368.884854564053,33040500.0
2023-12-04,361.424072265625,361.7961042236622,355.31448343294096,361.3848999985792,32063300.0
2023-12-05,364.7333984375,365.2816906598943,357.9776315061035,358.7902991826528,23065000.0
2023-12-06,361.0911865234375,366.35873644463544,360.3372921206186,365.73212951183393,21182100.0
2023-12-07,363.19622802734375,363.68577677525514,358.66300184093467,360.53308164351836,23118900.0
2023-12-08,366.40771484375,366.6328881744278,360.53312909562084,361.4828549867559,20154400.0
2023-12-11,363.5389404296875,363.83268764840955,358.44765064841334,360.77790780370736,27708800.0
2023-12-12,366.5545349121094,366.59370717928465,362.7164594804309,363.09832185609827,24838300.0
2023-12-13,366.54473876953125,369.74640682649743,363.0199816736299,368.16024372357776,30955500.0
2023-12-14,358.2812194824219,365.9475713192963,356.51885554826436,365.50696539591144,43277500.0
2023-12-15,362.9808654785156,364.6159417445296,358.6238691889497,359.1819619943408,78502300.0
2023-12-18,364.8607482910156,365.20343845853677,360.9737292655857,361.7276536100702,21802900.0
2023-12-19,365.45794677734375,365.45794677734375,362.1094201402803,363.7249250586426,20603700.0
2023-12-20,362.8731384277344,368.1700598934919,362.785023231556,367.161590586535,26316700.0
2023-12-21,365.73211669921875,366.5839268091088,362.3052751851502,364.77259031859234,17708000.0
2023-12-22,366.7503662109375,367.33783074743565,364.9194584779402,365.8691843460341,17107500.0
2023-12-26,366.8287658691406,369.06110753950185,365.6930088958422,367.1616555179138,12673100.0
2023-12-27,366.2510681152344,367.2203652351963,365.01739550459973,365.87900622442777,14905400.0
2023-12-28,367.4357604980469,368.5910885400905,366.33917592392487,367.5238756999293,14327000.0
2023-12-29,368.179931640625,369.2765163558513,365.67344375448135,368.14075936374053,18730800.0
2024-01-02,363.1178894042969,368.04274869324354,359.1035836301592,366.045381402949,25258600.0
2024-01-03,362.8536071777344,365.4580105992302,360.8072966064926,361.29684544783345,23083500.0
2024-01-04,360.2491760253906,365.30132326469203,359.49528162444665,362.9221232500447,20901500.0
2024-01-05,360.06317138671875,364.28307999206555,358.8392992881915,361.25767175006894,21004600.0
2024-01-08,366.8580627441406,367.35741205524755,361.2967958412056,361.58071261682426,23134000.0
2024-01-09,367.9350891113281,368.1308907001316,363.4312342532303,364.2341014424794,20830000.0
2024-01-10,374.7691650390625,376.1399255368866,368.4540036584579,368.5029465849431,25514200.0
2024-01-11,376.5903015136719,382.5138298348758,372.42913685903,377.93166039806545,27850800.0
2024-01-12,380.35003662109375,380.55563874578314,376.6098767088899,377.4323150873344,21661200.0
2024-01-16,382.1123962402344,385.79381264906647,379.5177936668549,385.43155133047776,27202300.0
2024-01-17,381.3291320800781,381.9557389879291,376.7665338147622,379.87028626114164,22234100.0
2024-01-18,385.6371765136719,385.75466344784127,381.96556042243856,383.5321225973024,23392100.0
2024-01-19,390.33685302734375,390.33685302734375,385.2749052923237,387.48767542805655,29331100.0
2024-01-22,388.22198486328125,392.24606151114637,385.3630068278654,391.6585969965062,27016900.0
2024-01-23,390.5620422363281,391.03201985975426,385.6959257751216,387.47789064929606,20525900.0
2024-01-24,394.1455383300781,397.1513752160577,392.079656679383,393.14686950723774,24867000.0
2024-01-25,396.4072265625,398.5025096949156,394.11614184479663,395.8687348533506,21021200.0
2024-01-26,395.48687744140625,397.68007633393063,394.01823107466254,395.917682766026,17803300.0
2024-01-29,401.1558532714844,401.4104281984527,395.8785030835569,397.57235261817027,24510200.0
2024-01-30,400.0494689941406,404.41623575131524,397.9542157503529,403.64277019124665,33477600.0
2024-01-31,389.2696228027344,406.6388350866889,388.907361460185,398.45356335794276,47871100.0
2024-02-01,395.34002685546875,399.4718199134869,393.40140285508346,393.4307745878308,30657700.0
2024-02-02,402.6244812011719,404.02458347610695,395.1245906528018,395.3693650314836,28256700.0
2024-02-05,397.17095947265625,402.5657971362689,395.5456537728456,401.33212452419457,25352300.0
2024-02-06,397.0142822265625,399.4424550677267,394.4882235276778,397.39614463854895,18382600.0
2024-02-07,405.3954162597656,405.6401907001784,398.8844221207242,398.92359439750413,22340500.0
2024-02-08,405.4541015625,406.8738050650789,403.90714046810643,405.3953580956046,21225300.0
2024-02-09,411.75946044921875,412.02383590927224,406.4135962217608,406.57025541446654,22032800.0
2024-02-12,406.5801086425781,411.9455447595813,406.0807592685953,411.7693143498308,21202900.0
2024-02-13,397.82696533203125,401.4985815288795,394.9582163813525,396.4758057908408,27824900.0
2024-02-14,401.67205810546875,402.0153819358465,396.84600689910087,400.2791853329973,20401200.0
2024-02-15,398.79803466796875,401.3189759217452,396.5713838346197,400.34788638470263,21825500.0
2024-02-16,396.3457336425781,400.49498577796,395.73757539612643,400.1712693339194,22296500.0
2024-02-20,395.10003662109375,396.76756266074034,390.4112964520626,395.5414273661721,24307900.0
2024-02-21,394.501708984375,394.609624467944,389.63641199991355,392.5301035768011,18518900.0
2024-02-22,403.7908935546875,404.9483581581281,400.7697091781749,402.3587758261095,27009900.0
2024-02-23,402.505859375,407.92046175721333,401.162019956702,407.73411674298126,16295900.0
2024-02-26,399.75933837890625,404.2911294979053,399.5827521513917,403.60448178020243,16193500.0
2024-02-27,399.70050048828125,400.5244598178457,396.13979878680874,400.2007433350152,14835800.0
2024-02-28,399.9358825683594,401.48570431449235,397.5817089338175,400.38709194736896,13183100.0
2024-02-29,405.742919921875,406.29222617012584,398.1703067167653,400.83837846610305,31947300.0
2024-03-01,407.5673522949219,407.93028353505224,403.03556125394095,403.4180998812608,17823400.0
2024-03-04,406.9984436035156,409.38204334564557,404.4480762959748,405.54668869062186,17596000.0
2024-03-05,394.96270751953125,406.3412493979287,392.99110225962716,406.056777618859,26919200.0
2024-03-06,394.4134216308594,397.4248173487459,390.78407881855424,395.2766257394995,22344100.0
2024-03-07,401.3288269042969,401.9565926355365,394.5605358436286,398.3664647487739,18718500.0
2024-03-08,398.4645080566406,402.58433424165736,396.61057729290076,400.1712786506048,18002200.0
2024-03-11,396.7969970703125,397.93485423983793,393.5992565104688,396.0515271512708,16120800.0
2024-03-12,407.3515319824219,407.6360037253644,399.02363143663507,399.83777202306123,22457000.0
2024-03-13,407.17498779296875,410.1961717884516,403.5946789555971,410.11771230614136,17115900.0
2024-03-14,417.1017761230469,419.6521433696343,410.009799228429,412.21684262615895,34157300.0
2024-03-15,408.46978759765625,414.5317928189051,404.9090862008724,411.28498921650765,45079900.0
2024-03-18,409.3526306152344,412.69753127897746,405.8802070917239,406.34123515822085,20106000.0
2024-03-19,413.36456298828125,413.6196087209555,407.6164248857175,409.8528945727863,19837900.0
2024-03-20,417.11163330078125,417.82767717758037,412.6288753346162,413.94328882066856,17860100.0
2024-03-21,421.17254638671875,422.5948752417206,419.004747660182,421.6237557740876,21296200.0
2024-03-22,420.55462646484375,421.6532390012991,417.9356179957843,421.4963200117596,17648500.0
2024-03-25,414.7867736816406,419.2499233779995,413.560638589499,417.12133968666853,18060500.0
2024-03-26,413.5999450683594,417.8570831519167,413.30568457627095,417.48433323864253,16725600.0
2024-03-27,413.3841247558594,416.34648660093063,411.0103437373624,416.33666794000516,16705000.0
2024-03-28,412.68768310546875,413.815721504757,411.11822405931304,412.92309148516256,21871200.0
2024-04-01,416.46417236328125,419.72079454258875,414.15903226844193,415.8560141116514,16316000.0
2024-04-02,413.3939514160156,414.31600751259526,409.8626759328322,412.08932675524255,17912000.0
2024-04-03,412.4228820800781,415.17923184367993,411.0888313055727,411.7166269488562,16502300.0
2024-04-04,409.9019470214844,420.4859554910503,409.59786785676073,416.8761903565226,19370900.0
2024-04-05,417.3960266113281,418.36714603884514,410.33350586860576,411.99124304246095,16554800.0
2024-04-08,416.4837951660156,419.12244053087517,415.21841524840187,417.0527386666228,14272400.0
2024-04-09,418.14154052734375,419.5736580977935,413.57050478624086,418.29848942937065,12496900.0
2024-04-10,415.17919921875,415.9344877287147,411.68716854848634,414.12962029851764,16216600.0
2024-04-11,419.760009765625,421.17251987057847,414.29634428569665,417.6903079757618,17966400.0
2024-04-12,413.84515380859375,417.06253143112855,411.75581460240056,415.95410040174403,19253800.0
2024-04-15,405.742919921875,418.67128401490294,405.5369076275719,418.45548299345114,20273500.0
2024-04-16,406.66485595703125,410.4119319823411,405.83110804247286,406.6550672320542,16765600.0
2024-04-17,403.97723388671875,410.8828360715611,402.4960529094379,409.2839508985917,15855500.0
2024-04-18,396.5517578125,404.02630364117994,396.23788993068626,402.7903496970384,21029900.0
2024-04-19,391.50006103515625,397.73865251494925,390.17582902876677,396.3163237053195,30565800.0
2024-04-22,393.3049621582031,395.1588931129713,388.1944385754191,392.44175811164087,20286900.0
2024-04-23,399.7887268066406,400.4067037074316,395.36482163775406,396.5222860267283,15734500.0
2024-04-24,401.2502746582031,404.59517495198185,399.01380533371923,401.7407287200192,15065300.0
2024-04-25,391.421630859375,392.25540884693,380.6218216022703,386.507271018032,40586500.0
2024-04-26,398.5626220703125,405.1150815807432,398.01331587991365,404.30094095620495,29694700.0
2024-04-29,394.5703125,398.562615947593,391.56873588609426,397.5130370183344,19582100.0
2024-04-30,381.8970031738281,394.4820730278576,381.74008419354954,393.8248513162942,28781400.0
2024-05-01,387.3998718261719,394.05042796595137,382.85826224732904,385.11433904555116,23562500.0
2024-05-02,390.2445373535156,392.2946320183516,387.1154376190438,390.067981051651,17709400.0
2024-05-03,398.8961486816406,399.37678414031285,394.1877711661832,394.59976579857647,17446700.0
2024-05-06,405.644775390625,406.0273140130064,398.6116505989638,400.95603550783153,16996600.0
2024-05-07,401.5249328613281,406.7531899905989,401.2797058272895,406.74337133005633,20018200.0
2024-05-08,402.7020568847656,404.3597941214035,398.9451617518151,400.3773092630151,11792300.0
2024-05-09,404.4481201171875,404.84047745279514,401.28959417288524,402.7315305808264,14689700.0
2024-05-10,406.8218994140625,407.4496950958414,403.9380266126503,405.05627644521434,13402300.0
2024-05-13,405.82135009765625,410.3629599472109,402.9767222457907,410.029454744504,15440200.0
2024-05-14,408.60711669921875,409.51935413927424,403.69275704643184,404.15378509704203,15109300.0
2024-05-15,415.751220703125,416.4685861383269,410.0418663164104,410.660957995032,22239500.0
2024-05-16,413.6974182128906,418.05070261448816,413.06852016596474,414.49338464088675,17530100.0
2024-05-17,412.9308776855469,415.5939551336606,410.7886480687753,415.2205329091171,15352200.0
2024-05-20,417.97210693359375,419.37732877198647,412.714775522377,412.930965804356,16272100.0
2024-05-21,421.60797119140625,425.46988664412265,417.49054998726376,419.43623228216074,21453300.0
2024-05-22,423.0623474121094,424.919622461389,419.7310859592396,422.6398032435963,18073700.0
2024-05-23,419.6033020019531,426.0889796466093,418.0506847119264,425.4698880093599,17211700.0
2024-05-24,422.7085876464844,423.59299146281916,417.0581916118114,419.7900340603218,11855300.0
2024-05-28,422.86578369140625,423.35712243524114,419.2102222377172,422.1877338257991,15718000.0
2024-05-29,421.7357482910156,423.4750768037088,418.3160195321069,418.3160195321069,15517100.0
2024-05-30,407.48687744140625,416.95003623481153,407.0643033400361,416.95003623481153,28394500.0
2024-05-31,407.9388732910156,409.5308058785648,397.5028441158069,409.5308058785648,47995300.0
2024-06-03,406.3567810058594,409.21637607324783,401.83648858598,408.3319723384426,17484700.0
2024-06-04,408.8626708984375,409.2262568074665,402.58334672161834,405.28571008638386,14348900.0
2024-06-05,416.66510009765625,416.7338647316788,409.0886349128657,410.57248754759564,16988000.0
2024-06-06,417.16619873046875,417.942522272772,413.294447378338,416.66505364933033,14861300.0
2024-06-07,416.50787353515625,418.89577271534046,415.67259164399417,418.8171717087438,13621700.0
2024-06-10,420.4582214355469,420.66457531575907,416.5471841383872,417.34315052242914,13982900.0
2024-06-11,425.18487548828125,425.3224647271418,417.8835891699695,418.10961578141064,14551100.0
2024-06-12,433.4197692871094,435.7192312163597,425.74505981738713,427.7792095971262,22366200.0
2024-06-13,433.93072509765625,435.7093989946261,431.75901618030764,433.21338970261115,15960600.0
2024-06-14,434.903564453125,435.4636977946633,429.15489539650804,430.68786981308114,13582000.0
2024-06-17,440.6031188964844,443.1286073434569,433.0856417971322,434.92324397820295,20790000.0
2024-06-18,438.6082763671875,442.34246889984814,437.18341197055486,441.9198947788086,17112500.0
2024-06-20,437.9794006347656,438.7950098147065,433.62611625090886,438.5689831798124,19877400.0
2024-06-21,441.9886779785156,442.774807970896,438.77533339876635,439.63025801243765,34187100.0
2024-06-24,439.915283203125,444.9072720890794,438.67709986214254,442.0083612472025,15913700.0
2024-06-25,443.1383972167969,443.6002568065394,439.01114003233465,440.48515617122325,16413400.0
2024-06-26,444.3274841308594,445.7425422004591,440.4262530619795,441.222219477512,16507000.0
2024-06-27,445.0054931640625,448.267989524247,443.9441847148766,444.3470860716105,14806300.0
2024-06-28,439.2076721191406,447.49163533200266,438.67701793083796,445.2216529567904,28362300.0
2024-07-01,448.81829833984375,449.447196335744,437.94005138791704,440.88808384173325,17662800.0
2024-07-02,451.32415771484375,451.62878536550966,445.26102385148636,445.3494912239479,13979800.0
2024-07-03,452.7882995605469,453.03396893483153,449.94837718806366,450.25300481306164,9932800.0
2024-07-05,459.460693359375,460.2370169877969,451.01949716215944,451.6483951731934,16000300.0
2024-07-08,458.16357421875,459.59830504287737,456.41440936822374,458.4682018620652,12962300.0
2024-07-09,451.57958984375,459.2346253511444,450.0662582205172,458.91035499777627,17207200.0
2024-07-10,458.1733703613281,458.37972423311413,450.91136946375343,453.2305038870679,18196100.0
2024-07-11,446.8235168457031,456.7288938614541,443.7280584136493,454.9600861765151,23111200.0
2024-07-12,445.6933898925781,448.4547114032981,442.8436310012122,446.45987718044813,16324300.0
2024-07-15,446.09625244140625,449.33910606074033,443.61007966105154,445.4476817175394,14429400.0
2024-07-16,441.733154296875,446.430351284593,438.92271119875926,446.35175028412175,17175700.0
2024-07-17,435.83709716796875,437.1440749862863,431.5722805813875,434.92321432561624,21778000.0
2024-07-18,432.74169921875,436.9475578488645,426.8751131633182,436.6429302135875,20794800.0
2024-07-19,429.5381164550781,433.4983352820313,424.51664918921864,425.5976003585523,20940400.0
2024-07-22,435.26715087890625,436.89839903999433,431.3069619660928,434.1370778123692,15808800.0
2024-07-23,437.1440734863281,440.6227600869156,435.4243879336588,436.21051790501895,13107100.0
2024-07-24,421.4703674316406,433.8324669900576,420.18306232506063,432.82031037979385,26805800.0
2024-07-25,411.1522216796875,422.35473813773996,410.2776543804513,421.37206072933304,29943800.0
2024-07-26,417.9032287597656,421.49002544679837,410.04180915234855,410.95572197330205,23583800.0
2024-07-29,419.3380126953125,424.6641083620649,417.3431784161,424.10397494654256,15125800.0
2024-07-30,415.5939636230469,421.6177512482942,410.13024936818454,420.3108034246303,32687600.0
2024-07-31,411.1031188964844,414.47369536650564,405.0694649339739,413.21586942488864,42891400.0
2024-08-01,409.88458251953125,420.05530026736574,405.9342299111822,413.5008583778063,30296400.0
2024-08-02,401.4139099121094,407.81114983489476,397.3358044115477,405.3446197900361,29437900.0
2024-08-05,388.30499267578125,394.09297731515574,378.9007621776494,382.42860065253456,40709200.0
2024-08-06,392.687744140625,398.6427974223072,391.59698650264767,393.07100276300895,24946500.0
2024-08-07,391.5282287597656,402.9764167958112,390.58486666117705,401.5613886423986,20650900.0
2024-08-08,395.71441650390625,398.82948747665125,393.01205329948556,395.4687471216862,20203000.0
2024-08-09,398.9866943359375,400.9815283942931,395.2918474526737,397.03117577316215,19276700.0
2024-08-12,399.7630615234375,401.6792947885224,397.23757296063644,400.0087309169643,16762900.0
2024-08-13,406.83831787109375,407.7620371122612,402.475227409518,402.49487016333154,19414300.0
2024-08-14,409.6389465332031,410.48406481515934,405.3053649551057,407.61463319199424,18267000.0
2024-08-15,414.4824523925781,414.5611950729744,411.1648649409175,413.2715696251715,20752100.0
2024-08-16,411.9621887207031,414.787551271532,410.81037069045954,414.0590689533352,22775600.0
2024-08-19,414.97467041015625,415.19125033166955,409.9835081573214,412.4446299731582,15234000.0
2024-08-20,418.19378662109375,419.23729981689326,415.082955234779,415.14201975205145,16387600.0
2024-08-21,417.5440673828125,419.7689009161739,415.1616884163413,417.48497282390196,16067300.0
2024-08-22,409.087646484375,420.1528703345148,408.16226230018384,417.7606371537281,19361900.0
2024-08-23,410.3083801269531,412.73996960606866,405.6814592418378,410.4954277824997,18493800.0
2024-08-26,407.0596618652344,410.7907306533513,404.94310328054127,409.89487877847426,13152800.0
2024-08-27,407.4042663574219,407.9161688910183,403.8700989564779,406.43949576869113,13492900.0
2024-08-28,404.21466064453125,408.54622911327857,400.975815861933,408.42810007077503,14882700.0
2024-08-29,406.6954650878906,415.4865852646763,404.2146650393698,408.48716903331825,17045200.0
2024-08-30,410.6529235839844,410.99745657650817,405.7208262421071,409.1368642535232,24308300.0
2024-09-03,403.0726623535156,413.3503087826454,400.7001374742272,411.41094371784055,20313600.0
2024-09-04,402.54107666015625,404.8446830658677,398.0815251485243,399.59758459335677,15135800.0
2024-09-05,402.03900146484375,406.67574622741506,399.8141378862011,401.28095677141835,14195500.0
2024-09-06,395.4530334472656,404.26383081056673,394.5670056307313,402.6985610672717,19609500.0
2024-09-09,399.4105529785156,402.2949806412775,395.8960636873458,400.9069042814964,15295100.0
2024-09-10,407.7586669921875,409.85551750473985,401.3597503882825,401.8519747424291,19594300.0
2024-09-11,416.461181640625,417.39638986900843,403.21048066101315,409.03843011648604,19266900.0
2024-09-12,420.359619140625,420.7238603737511,413.22236565404535,416.7270008247058,17395700.0
2024-09-13,423.89373779296875,425.1144444971336,418.84351144501346,419.2077526362247,15874600.0
2024-09-16,424.63214111328125,426.78808638530086,421.5606656690322,423.9036586161946,13834700.0
2024-09-17,428.3828430175781,434.9786612819886,425.54762597309116,433.3838592052121,18874200.0
2024-09-18,424.1103515625,429.2491750935579,423.71657808226,428.2351941115192,18898000.0
2024-09-19,431.8678283691406,434.6341269777226,430.1056566789826,434.3683366283435,21706600.0
2024-09-20,428.5009460449219,432.409208323067,427.4672869965637,430.4206328981448,55167100.0
2024-09-23,426.76837158203125,429.67247726227924,423.6968964015023,427.52638627626743,15128900.0
2024-09-24,422.49591064453125,426.61089947596565,419.47364557579624,426.26633638253116,17015800.0
2024-09-25,425.3901062011719,426.384408985251,421.9051794925785,423.14556440453987,13396400.0
2024-09-26,424.6025390625,428.53047950890726,422.45644824495844,428.3237537072511,14492000.0
2024-09-27,421.36370849609375,425.1341637224931,420.8222737453315,424.80927883764434,14896100.0
2024-09-30,423.6082458496094,423.7264049247719,418.7549211722127,421.5507517579481,16807300.0
2024-10-01,414.1477355957031,421.81659955830685,412.2969671899716,421.78706729834266,19092900.0
2024-10-02,410.6430969238281,416.24461251055664,410.22961524498584,416.00832438993655,16582300.0
2024-10-03,410.06231689453125,413.0254873918148,407.8473070657378,411.1353624953208,13686400.0
2024-10-04,409.58966064453125,413.222278191572,408.51661533193175,411.7357512697302,19169700.0
2024-10-07,403.171142578125,410.6233966552464,402.6395318501973,409.5306729821077,20919800.0
2024-10-08,408.2607116699219,409.19594995144206,401.82243880752753,404.5099645290717,19229300.0
2024-10-09,410.9679260253906,413.84252930935924,407.8570646785986,409.3928021729279,14974300.0
2024-10-10,409.3731384277344,410.859665558973,406.7249690560659,408.77263914925425,13848400.0
2024-10-11,409.8456726074219,410.6430736171545,406.8234080163179,409.6684790592566,14144900.0
2024-10-14,412.6218566894531,417.4456494762865,411.0270245046469,411.2731366880873,16653100.0
2024-10-15,412.22802734375,415.9098858066577,408.80216519233556,415.61453317923247,18900200.0
2024-10-16,409.6487731933594,409.8850312589263,404.09649835161355,408.71356498849764,15508900.0
2024-10-17,410.23944091796875,415.9295528895068,409.12700914123224,415.79171565844746,14820000.0
2024-10-18,411.6570739746094,413.12389293089865,409.78662744422246,410.6529471112624,17145300.0
2024-10-21,412.2674255371094,412.44461909285747,407.31564977599334,409.6487883889798,14206100.0
2024-10-22,420.8617248535156,423.88395989968774,411.53899332193106,411.9819772653469,25482200.0
2024-10-23,417.99688720703125,424.3760949935698,415.95907136722593,424.1595150969288,19654400.0
2024-10-24,418.1249084472656,419.35546932603506,415.83112614516494,418.7155536346828,13581600.0
2024-10-25,421.49169921875,425.7937351729216,419.9362835126177,420.1233311665373,16899100.0
2024-10-28,419.9559326171875,425.2227387354677,419.6704341057476,424.9470943239702,14882400.0
2024-10-29,425.2326354980469,426.4336641349943,419.1782518516455,421.34405104712135,17644100.0
2024-10-30,425.8036193847656,431.68077966192817,425.3803136298507,430.6372663836306,29749100.0
2024-10-31,400.03070068359375,409.6881391925744,399.981460227055,408.90056227484143,53971000.0
2024-11-01,403.98822021484375,409.0384470027673,401.162857168779,402.6493843637014,24230400.0
2024-11-04,402.10791015625,404.0374512515174,399.26286901744754,403.42706781751014,19672300.0
2024-11-05,405.06121826171875,408.4477238969609,401.7337771398714,402.0192756499378,17626000.0
2024-11-06,413.6456298828125,413.91145024796907,404.1358522419557,406.00632872643234,26681800.0
2024-11-07,418.81396484375,420.21189508853655,413.3502870767265,414.72850912180576,19901800.0
2024-11-08,415.968994140625,419.8674028807744,415.2208034572557,418.70576053564287,16891400.0
2024-11-11,411.5093688964844,418.20360735923634,409.53061759674426,415.9492116532179,24503300.0
2024-11-12,416.4513244628906,417.8394007087299,410.71200186963034,411.7456609678349,19401200.0
2024-11-13,418.5876159667969,422.6533640239858,411.7062988498683,415.0829808583345,21502200.0
2024-11-14,420.2513122558594,421.51140536702854,413.4684464166278,418.39068982634956,30246900.0
2024-11-15,408.54620361328125,416.2248913266483,407.2073678244848,413.2912534776132,28247600.0
2024-11-18,409.2944030761719,411.8933320342017,405.6913172118432,408.4182293083614,24727000.0
2024-11-19,411.2928466796875,411.4405079817959,405.1498661250552,406.68560375296545,18133500.0
2024-11-20,409.0285949707031,410.8006207181085,404.19494808048387,410.38713903081657,19191700.0
2024-11-21,407.26287841796875,414.0790385036892,404.71793020151534,413.80284233986384,20780200.0
2024-11-22,411.3368225097656,411.73138418459337,405.4774898240383,405.7832773797643,24814600.0
2024-11-25,413.1025390625,415.36141754143,409.2160446876401,412.69810354496985,27691100.0
2024-11-26,422.17755126953125,423.21330950979313,413.161695275106,413.891635863064,23458900.0
2024-11-27,417.2454528808594,421.42789081016514,416.28862504102557,419.33665679394954,18332400.0
2024-11-29,417.70904541015625,419.1097738504757,412.1259094010287,414.38481768654003,16271900.0
2024-12-02,425.126953125,427.1195090506518,415.58826631722377,415.84474493949193,20207200.0
2024-12-03,425.343994140625,426.59673575541547,421.9309618493427,424.0024483022702,18302000.0
2024-12-04,431.4795227050781,433.69896602336337,426.7545660563865,427.1491277367897,26009400.0
2024-12-05,436.60888671875,438.62119043191433,430.2465005729482,431.9727342727058,21697800.0
2024-12-06,437.54595947265625,440.04159877439776,435.7703869006791,436.2931878578621,18821000.0
2024-12-09,439.9626770019531,442.2413029263077,434.51765390142566,436.5891402244184,19144400.0
2024-12-10,437.3092346191406,443.5138201555157,435.60274857576576,438.3548667232301,18469500.0
2024-12-11,442.8923645019531,444.23391032066826,438.0194510528632,438.0194510528632,19200200.0
2024-12-12,443.45458984375,449.96496224230685,443.0106891858234,443.0106891858234,20834800.0
2024-12-13,441.1957092285156,445.2992167545738,439.5286583553318,442.34983294961415,20177800.0
2024-12-16,445.4570007324219,446.0389843929351,439.2326985780913,441.1956629672055,23598800.0
2024-12-17,448.2880859375,449.1068307764244,443.4645114369834,444.8849575716068,22733500.0
2024-12-18,431.4499206542969,446.50265760588917,431.08492025325205,445.1907332778121,24444500.0
2024-12-19,431.09478759765625,437.1612597390131,430.39443838506674,435.6224481744677,22963700.0
2024-12-20,430.670654296875,437.71367214918683,422.80889160222836,427.2280306144627,64263700.0
2024-12-23,429.3389892578125,431.70638949616176,426.9518413679703,430.80874434392524,19152500.0
2024-12-24,433.363525390625,433.6298778354008,428.2933464556966,428.74709084992185,7164500.0
2024-12-26,432.16009521484375,434.9516783695283,430.7002140852734,433.1169230295789,8194200.0
2024-12-27,424.6830139160156,429.3093219032342,420.55978930279264,428.69774687773787,18117700.0
2024-12-30,419.0604553222656,421.7435167493127,416.17025429217676,420.27376177490316,13158700.0
2024-12-31,415.77569580078125,420.9346790911402,414.94710727917607,420.313230174155,13246500.0
2025-01-02,412.8953552246094,420.2836558558519,409.21603069875914,419.7509810335182,16896500.0
2025-01-03,417.6005554199219,418.2713132207811,413.8423008464514,415.36136467137544,16662900.0
2025-01-06,422.0394592285156,428.4215926337743,419.7016505493917,422.1874160873605,20573600.0
2025-01-07,416.6339111328125,424.8014616583564,415.085225621156,423.1738758487943,18139100.0
2025-01-08,418.7941589355469,421.1714329663283,415.81518360520914,417.7090917280971,15054600.0
2025-01-10,413.2603454589844,418.9420997125399,409.383695034764,418.8631994200863,20201100.0
2025-01-13,411.5242004394531,412.816407095229,406.690752709142,409.6006710891581,17604800.0
2025-01-14,410.02484130859375,414.0395441747234,405.14205471322043,412.13576253291507,16935900.0
2025-01-15,420.5203552246094,422.3353628905166,412.58953664498,413.43787278736687,19637800.0
2025-01-16,418.8138122558594,423.6571336957602,418.6264203199314,422.87788427352234,15300000.0
2025-01-17,423.20343017578125,428.57942688248704,422.3551241092644,428.1947089431654,26197500.0
2025-01-21,422.68060302734375,425.0480029513297,419.819993531564,424.35752761269225,26085700.0
2025-01-22,440.1402282714844,441.1956738632283,430.07874109453735,431.6175525305707,27803800.0
2025-01-23,440.6433410644531,440.6828062638951,435.50410512705025,435.9973147591307,18389300.0
2025-01-24,438.0293273925781,440.5841496239721,435.40544858930485,439.11439458237174,15549500.0
2025-01-27,428.6583557128906,429.2896784954125,417.74856099112463,418.2516444520013,35647800.0
2025-01-28,441.1266784667969,442.29064589853647,425.52151949148305,428.69779052094407,23491700.0
2025-01-29,436.32281494140625,440.81104060450724,434.41903300783486,440.62361853818396,23581400.0
2025-01-30,409.3540954589844,417.1172097708342,407.54896156269734,413.0827588425547,54586300.0
2025-01-31,409.4231262207031,414.97667080056476,409.2751693701902,413.2899024984714,34161900.0
2025-02-03,405.3393859863281,409.7683985075356,403.1100689884043,406.01014380943144,25679100.0
2025-02-04,406.7696838378906,408.29865167160733,404.1753965052981,407.0853452090854,20532100.0
2025-02-05,407.6771545410156,408.2097991758985,404.8263889185779,406.7499181872424,16316700.0
2025-02-06,410.1728515625,412.5205341470821,408.3775613386283,408.3775613386283,16309800.0
2025-02-07,404.185302734375,412.96442836557605,402.5577169319091,410.82391537114063,22886800.0
2025-02-10,406.6217041015625,409.8176925215145,405.33937124502273,408.0914590052598,20817900.0
2025-02-11,405.8523254394531,406.88805357704496,403.741373863551,404.07678288840276,18140600.0
2025-02-12,403.48492431640625,405.17169274595005,398.8783333348811,401.67976029438313,19121700.0
2025-02-13,404.964599609375,405.418344071674,400.8413439372754,401.47266675710785,23891700.0
2025-02-14,402.8831787109375,403.3566707547541,400.3678218416371,402.25188608897315,22758500.0
2025-02-18,404.0767517089844,405.0237056562673,400.9793811541372,402.4590098668831,21423100.0
2025-02-19,409.1370544433594,409.84727742582396,402.11375500738893,402.3406422459273,24114200.0
2025-02-20,411.30169677734375,414.4447923675228,407.75335474991726,410.47144681938056,23508700.0
2025-02-21,403.47357177734375,413.1993956224997,403.15730762956775,412.4976421272199,27524800.0
2025-02-24,399.31243896484375,404.62012670611466,394.6867476536957,403.77011965609864,26443700.0
2025-02-25,393.2831726074219,397.2565479767241,392.0971142682963,396.4460551720573,29387400.0
2025-02-26,395.0919494628906,398.9170410828285,389.6755229646048,393.3919053914201,19619000.0
2025-02-27,387.97552490234375,401.03224256641477,387.6197164134029,396.61410618114576,21127400.0
2025-02-28,392.3837585449219,393.0163471729864,382.0846775634414,388.1040123360274,32845700.0
2025-03-03,383.98236083984375,394.1925192721913,381.67940898205217,394.1925192721913,23007700.0
2025-03-04,384.1009826660156,388.0249203607145,376.5792952112664,378.9514422192701,29342900.0
2025-03-05,396.3669738769531,397.0094560898268,384.2986543499986,384.822503579622,23433100.0
2025-03-06,392.284912109375,397.4838599812305,388.12373889118527,389.7051801734712,23304600.0
2025-03-07,388.7464294433594,390.21913135054257,381.0665954583891,387.76792604607476,22034100.0
2025-03-10,375.7490539550781,381.91664235119805,372.8431639999478,381.3631423753148,32840100.0
2025-03-11,376.03570556640625,381.5212976511773,372.53677123025375,374.6025176419591,30380200.0
2025-03-12,378.8229064941406,380.75029270527517,374.55305438782165,378.5066423790862,24253600.0
2025-03-13,374.37518310546875,380.8492026304598,373.0705217726956,378.7142611357114,20473000.0
2025-03-14,384.0515441894531,385.7021804869834,375.10656321193693,375.3734195488383,19952800.0
2025-03-17,384.19000244140625,388.15345468919406,381.0963143894263,382.2132080479099,22474300.0
2025-03-18,379.0700988769531,382.8754342861709,376.67819444612365,382.57892717937057,19486900.0
2025-03-19,383.3201599121094,385.158563988563,379.54447585576617,381.0567221702146,19185500.0
2025-03-20,382.3515319824219,387.24410971121733,378.8328407062668,381.2642891356356,18470500.0
2025-03-21,386.72027587890625,387.19468720298374,378.35841433019584,378.7735544022507,39675900.0
2025-03-24,388.51910400390625,390.81219242783766,385.2870564688155,390.81219242783766,21004500.0
2025-03-25,390.57501220703125,391.7610706609813,388.0842623065983,389.34940942223693,15775000.0
2025-03-26,385.4451904296875,390.7232269425197,384.061440622416,390.4168262767483,16108400.0
2025-03-27,386.0481262207031,387.6888690270636,382.9050306805178,385.60336562359333,13766800.0
2025-03-28,374.4048156738281,384.6149747790714,372.5565178920864,383.5771397086297,21632000.0
2025-03-31,371.0343933105469,372.6948931611048,362.97893300010196,368.2174556076631,35184700.0
2025-04-01,377.7554931640625,378.4078388750376,368.89946352111616,370.30297052308924,19689500.0
2025-04-02,377.7060852050781,380.61194495123306,372.2501138660857,373.584455994143,16092600.0
2025-04-03,368.7808532714844,373.1001742376296,365.06450042697054,370.4413834397649,30198000.0
2025-04-04,355.6648254394531,370.24368334469244,355.3090169453245,359.9050576420754,49209900.0
2025-04-07,353.707763671875,366.6953157485582,340.7894367933375,346.8087713756296,50425000.0
2025-04-08,350.4460754394531,369.3145725706382,346.18608632628985,363.98712785508354,35868900.0
2025-04-09,385.9591369628906,388.6673652686905,349.0029886182402,349.43788571366844,50199700.0
2025-04-10,376.92523193359375,379.44563241847453,363.5324334212975,377.6269854135807,38024400.0
2025-04-11,383.9428405761719,385.52425170247653,374.49376732812806,376.22346214057205,23839200.0
2025-04-14,383.3102722167969,390.0709046779098,379.75203666792555,388.6575040815548,19251200.0
2025-04-15,381.2544250488281,387.3429548173336,379.702634359307,384.0021677861047,17199900.0
2025-04-16,367.2982482910156,377.18221973337427,363.730149078798,376.25315416820064,21967800.0
2025-04-17,363.5126953125,369.97682098932336,362.6330375516977,369.41342738591277,21120200.0
2025-04-21,354.9531555175781,360.25097956592975,351.54320368031085,358.6102367890087,20807300.0
2025-04-22,362.5638122558594,363.5027713530303,355.6845470865514,359.1637239988867,19485000.0
2025-04-23,370.04595947265625,375.9763413470789,368.6918302740048,371.69656553615397,20545500.0
2025-04-24,382.80621337890625,383.94289425966036,370.8367380816756,371.34083029267134,22232300.0
2025-04-25,387.30340576171875,387.60980644654984,380.1375268589871,382.5096738423667,18973200.0
2025-04-28,386.62139892578125,388.18305301396595,382.1538550582223,387.41210451108003,16579400.0
2025-04-29,389.4679870605469,390.51568553400665,385.85045019118235,386.75975859738145,14974000.0
2025-04-30,390.673828125,392.05757796403765,379.979364791359,385.77135703314644,36461100.0
2025-05-01,420.464111328125,431.91962985286955,419.9699127886788,426.1078502028247,58938100.0
2025-05-02,430.2294921875,434.3412277785372,425.0008630376841,426.7305579775838,30757400.0
2025-05-05,431.1091613769531,434.40051033348516,427.0962415401901,427.84743296236513,20136100.0
2025-05-06,428.2823486328125,432.65107712392626,426.1671945058241,427.18524232094876,15104200.0
2025-05-07,428.3218994140625,433.0365428333408,426.1078693467033,428.80620435216304,23295300.0
2025-05-08,433.0859680175781,438.5221520354275,430.60508165893515,432.8487322038109,23491300.0
2025-05-09,433.63946533203125,435.6261229679929,430.8225275981773,434.89471877509555,15324200.0
2025-05-12,444.0472717285156,444.15598092637396,434.6772567640601,440.7657862582039,22821900.0
2025-05-13,443.9286804199219,445.4409267506546,440.192510488539,442.5844447017788,23618800.0
2025-05-14,447.6846008300781,448.6334536340928,442.940306646518,442.940306646518,19902800.0
2025-05-15,448.6946105957031,451.7246558325709,446.0210270484144,446.3576953837484,21992300.0
2025-05-16,449.8234558105469,449.9125712368337,444.33770477780746,447.6251846388841,23849800.0
2025-05-19,454.37841796875,455.0913715701619,446.3874026485213,446.46663650360125,21336500.0
2025-05-20,453.6852722167969,453.8535912700005,449.87295142774695,451.13050930908776,15441800.0
2025-05-21,448.1401062011719,453.2991005803846,447.38753565613104,450.12052955644793,19216900.0
2025-05-22,450.40765380859375,455.74490907390424,449.4570590917957,450.4967994491365,18025600.0
2025-05-23,445.7734680175781,449.2491205375805,444.51591011589574,445.5754438212613,16883500.0
2025-05-27,456.1806335449219,456.43809825868186,451.6553587930952,452.0118507212909,20974300.0
2025-05-28,452.8831787109375,457.9926743719098,452.45739496057166,456.7054113344306,17086300.0
2025-05-29,454.1902770996094,457.2005290082406,450.8532686393741,457.0321797296883,13974800.0
2025-05-30,455.8537902832031,457.16087682654637,451.08099341488645,455.2200705832806,34770500.0
2025-06-02,457.44805908203125,457.58667299374565,452.41779739511384,452.66535029783114,16626500.0
2025-06-03,458.43829345703125,459.5968543955761,456.3489311405408,456.9529759669727,15743800.0
2025-06-04,459.3294677734375,461.1316602074749,458.48778183720145,459.4582001214203,14162700.0
2025-06-05,463.1021728515625,465.05289099241804,459.487906406924,460.40879598021155,20131700.0
2025-06-06,465.7757568359375,468.7067748339504,464.19141216551986,465.4885869985769,15285600.0
2025-06-09,468.12255859375,468.7958952647425,464.0329796350046,465.10242514198006,16469900.0
2025-06-10,466.3104553222656,468.1720277278758,462.38919566775553,466.5778015728124,15375900.0
2025-06-11,467.99383544921875,470.81594475736864,465.0628173622344,465.4192790589967,16399200.0
2025-06-12,474.1826477050781,475.7174938929388,468.88500933710617,470.37032681118086,18950600.0
2025-06-13,470.3109130859375,474.48960742449077,468.13246560456287,471.74673205457395,16814500.0
2025-06-16,474.45001220703125,475.98482813726486,470.3505215770748,470.5584575569121,15626100.0
2025-06-17,473.36077880859375,474.0539088222925,469.4395189734987,470.7466055851971,15414100.0
2025-06-18,475.5392150878906,476.29178558337986,469.81579317674493,473.3211507460615,17526500.0
2025-06-20,472.72705078125,478.72773115460745,472.2022397987241,477.50979012623617,37576200.0
2025-06-23,481.2428894042969,482.975759890835,467.88494315239075,473.52913174865415,24864000.0
2025-06-24,485.3125915527344,487.0355802812341,482.03499358247046,484.16397269221426,22305600.0
2025-06-25,487.4515075683594,489.71910084538035,484.5997232276066,487.223778215148,17495100.0
2025-06-26,492.580810546875,493.1650318097281,487.98621386300664,488.15456314430565,21578900.0
2025-06-27,491.0855712890625,494.4126679494895,488.2040517426954,492.6797975508017,34539200.0
2025-06-30,492.5411682128906,495.8583832017286,490.4815111095117,492.17479474651304,28369000.0
2025-07-01,487.2336120605469,493.1748817381986,486.1741086010328,491.61036068604886,19945400.0
2025-07-02,486.28302001953125,488.66943364597034,483.9164299655294,485.1937811955959,16319600.0
2025-07-03,493.9571533203125,495.2345347518064,488.6100166980764,488.9763901568408,13984800.0
2025-07-07,492.84814453125,493.86806132382594,490.38252718836065,492.51147619590915,13981600.0
2025-07-08,491.7588806152344,493.3234318678901,489.2734398258723,492.37280697303856,11846600.0
2025-07-09,498.5814514160156,501.8194324629264,494.84833435120834,495.4028504286207,18659500.0
2025-07-10,496.5713806152344,499.50239882384955,492.87788004768845,498.125990037999,16492100.0
2025-07-11,498.393310546875,500.0865639242522,492.9273231662245,493.5907782355643,16459500.0
2025-07-14,498.09625244140625,499.0369655948213,496.1257409313552,496.6109349689791,12058800.0
2025-07-15,500.8688659667969,503.3245715280963,497.8685258646023,498.0962552049,14927200.0
2025-07-16,500.6708068847656,501.7600457375481,496.9773367906475,500.2351113436526,15154400.0
2025-07-17,506.6913146972656,508.34495123446135,500.67081092720053,500.7302212088446,17503100.0
2025-07-18,505.05743408203125,509.6025320949179,502.4630844244223,509.4440643876484,21209700.0
2025-07-21,505.06732177734375,507.0774803175347,500.60145783110823,501.7501069031347,14066800.0
2025-07-22,500.3241882324219,506.19616579872985,500.3241882324219,505.96840625923335,13868600.0
2025-07-23,500.9183349609375,501.8293429250601,495.79895793496456,501.78972599996087,16396600.0
2025-07-24,505.8793029785156,508.6419715627398,502.33432855643633,503.7899408054956,16107000.0
2025-07-25,508.6816101074219,513.2167356071609,505.36436506751977,507.4536969863606,19125700.0
2025-07-28,507.48345947265625,509.9589885432546,505.12675096242896,509.0480107678364,14308000.0
2025-07-29,507.55279541015625,512.5533521818816,506.5526719682665,510.4838436674275,16469200.0
2025-07-30,508.2161865234375,510.8996816885534,504.4533945708925,510.12728763864055,26380400.0
2025-07-31,528.2779541015625,550.0131135040644,526.6936395202101,549.7952354974353,51617300.0
2025-08-01,518.9798583984375,530.5554360086387,515.7616702567567,529.7632787074629,28977600.0
2025-08-04,530.3970336914062,532.9814718412621,522.960533815094,523.0991779644736,25349000.0
2025-08-05,522.5841674804688,532.0406760929504,522.0791498987046,531.9218555369729,19171600.0
2025-08-06,519.8016967773438,526.4955370830186,518.9006307843745,525.70337986457,21355700.0
2025-08-07,515.7418823242188,522.9209170643583,512.4840471895837,521.6435053063135,16079100.0
2025-08-08,516.9300537109375,519.524403327164,514.3257923084495,517.4845698020915,15531000.0
2025-08-11,516.6627197265625,522.4257584225397,514.6327376205326,517.1875004407061,20194400.0
2025-08-12,524.0595703125,525.7825288027884,517.5836082950698,518.6233183732385,18667000.0
2025-08-13,515.484375,527.4857348349631,514.2861971986356,526.9014833945702,19619200.0
2025-08-14,517.36572265625,520.8017882377586,515.0486614235291,517.4449565045493,20269100.0
2025-08-15,515.078369140625,520.9503168823401,513.9990723038397,517.6529556536844,25213300.0
2025-08-18,512.0383911132812,517.7024328589179,508.9885829187347,516.4844919382945,23760600.0
2025-08-19,504.7801818847656,510.11740696385556,503.5721224631474,509.9589996924715,21481000.0
2025-08-20,500.76983642578125,505.9981527246316,499.5023667236012,504.87920872605446,27723000.0
2025-08-21,500.1251525878906,503.4875031078027,498.61756740599895,499.5796529563519,18443300.0
2025-08-22,503.09075927734375,506.5621975190336,498.3100856343386,500.13506667774504,24324200.0
2025-08-25,500.14495849609375,504.0428801746979,500.0060864475961,502.4956130920682,21638600.0
2025-08-26,497.94305419921875,500.85906441774694,494.44186237473224,500.2440985723917,30835700.0
2025-08-27,502.604736328125,503.1502662118434,495.8205578102606,497.9034268047853,17277900.0
2025-08-28,505.4810791015625,506.91922816363694,501.3748491905692,502.95187030654046,18015600.0
2025-08-29,502.5551452636719,505.44140176386463,500.3730863144936,504.5090702372647,20961600.0
2025-09-02,500.9979553222656,501.87077891116434,492.75577163159113,496.3859077753076,18128000.0
2025-09-03,501.2260437011719,503.6461342434815,498.22077154875547,499.6787766683557,16345100.0
2025-09-04,503.82470703125,504.00323087503085,499.0440334241921,500.1846427841772,15509500.0
2025-09-05,490.9605712890625,507.7920894589463,488.3520284612672,504.9157608525771,31994800.0
2025-09-08,494.13446044921875,497.10997900607424,490.99031585598385,494.0451682561979,16771000.0
2025-09-09,494.34271240234375,498.15137232357364,493.63851485593227,497.33805669614713,14410500.0
2025-09-10,496.2867126464844,499.1233892811019,492.66650462093776,498.8754294126598,21611800.0
2025-09-11,496.9215087890625,499.0638857033828,493.8170463660224,498.15138006137016,18881600.0
2025-09-12,505.7389221191406,508.3672905695674,499.73830564164535,502.51544395369297,23624900.0
2025-09-15,511.1543884277344,511.2634762434591,502.86262476523797,504.63802593930427,17143800.0
2025-09-16,504.8859558105469,513.0090929577493,504.449544036503,512.6619733694059,19711900.0
2025-09-17,505.8579406738281,507.1175961354426,501.80132099339164,506.4530503919847,15816600.0
2025-09-18,504.3008117675781,508.88310546808697,503.51725007824297,507.31598208941665,18913700.0
2025-09-19,513.703369140625,515.0621842649809,506.1455578149837,506.39351766303514,52474100.0
2025-09-22,510.2518615722656,513.5149918534414,508.3574141571104,511.38257317258103,20009300.0
2025-09-23,505.0744323730469,510.3907077578639,503.17008724169204,509.60711582016205,19799600.0
2025-09-24,505.9869079589844,508.29788064425674,502.7832857896144,506.215041937542,13533700.0
2025-09-25,502.8923645019531,505.84805701475193,500.9186136455738,504.15198973027213,15786500.0
2025-09-26,507.2861633300781,509.745935901324,502.4856643393456,505.8975942449135,16213100.0
2025-09-29,510.40057373046875,512.6322125671903,504.72728094557834,507.325895548039,17617800.0
2025-09-30,513.7232666015625,513.9315141469417,505.5009089039439,509.05168089535164,19728200.0
2025-10-01,515.4689331054688,516.262392605391,507.5143608700387,510.5989672146665,22632300.0
2025-10-02,511.53125,517.3434144406598,506.51254498360566,513.4157691025699,21222900.0
2025-10-03,513.1280517578125,516.2424417743944,510.7972535535121,512.8800919259904,15112300.0
2025-10-06,524.256591796875,526.6965386672223,513.9712214168786,514.377848960065,21388600.0
2025-10-07,519.7039794921875,525.4764919541412,517.1847292577561,523.9788048028778,14615200.0
2025-10-08,520.56689453125,522.6497936321297,518.8213080060119,519.0097599169904,13363400.0
2025-10-09,518.136962890625,520.0512058016051,513.1777655449532,518.07745494396,18343600.0
2025-10-10,506.790283203125,519.3073226434543,505.47115003636685,515.3994727403434,24133800.0
2025-10-13,509.8550720214844,512.1957986627914,507.50441729945595,512.1957986627914,14284200.0
2025-10-14,509.3790283203125,511.07509568876407,501.87079590760095,506.0662879637401,14684300.0
2025-10-15,509.2401428222656,512.9694689959882,505.83814063109804,510.75768630195654,14694700.0
2025-10-16,507.4349670410156,512.6321960787722,503.9833851231019,508.3970827878481,15559600.0
2025-10-17,509.3888854980469,511.27334399694297,503.17003321642534,504.88592623971425,19867800.0
2025-10-20,512.5726928710938,514.4671401409408,509.2401268135401,510.41049011219013,14665600.0
2025-10-21,513.4356689453125,514.4572928075203,508.85337476268893,513.2770012430817,15586200.0
2025-10-22,516.2921142578125,520.943843958813,513.4852520447155,516.8971823641815,18962700.0
2025-10-23,516.3118896484375,519.6742395740552,514.3777908083965,518.1964086283891,14023500.0
2025-10-24,519.3370971679688,521.0628883153897,516.4607987679614,518.5237814648117,15532400.0
2025-10-27,527.1825561523438,530.2175826339089,524.6930292943027,527.4404441110845,18734700.0
2025-10-28,537.6464233398438,549.2013167264516,536.3570441492753,545.511702993095,29986700.0
2025-10-29,537.130615234375,541.8121286840217,532.3499420595073,540.4929653309738,36023000.0
2025-10-30,521.469482421875,530.6042843733296,517.8591725476514,526.150935240438,41023100.0
2025-10-31,513.5843505859375,525.0004316167937,510.896444053691,524.5640198650095,34006400.0
2025-11-03,512.810791015625,520.6760707602963,510.3907002836433,515.5680732671589,22374700.0
2025-11-04,510.1327819824219,511.34279700787874,503.6957236126803,507.5837474278435,20958700.0
2025-11-05,503.02130126953125,510.6287232020861,502.4460174356622,509.11117977922714,23024300.0
2025-11-06,493.04339599609375,501.5732213085109,491.7639146320967,501.53353925537283,27406500.0
2025-11-07,492.76568603515625,495.30479262227396,489.2248119110569,492.89463000746537,24019800.0
2025-11-10,501.8707580566406,502.7138276367279,494.72950196106785,495.95940345274505,26101500.0
2025-11-11,504.5289001464844,505.4414057875519,498.2505695472254,500.68055811559174,17980000.0
2025-11-12,506.9688415527344,507.494515261433,495.0469117437556,505.203338237195,26574900.0
2025-11-13,499.1828918457031,509.3095642884979,497.1992129195551,506.1455939798088,25273100.0
2025-11-14,506.0166320800781,507.42505738590404,493.38060745410195,494.16416907736203,28505700.0
2025-11-17,503.3486022949219,507.94082387806293,500.7896697837805,504.300789978241,19092800.0
2025-11-18,489.7604064941406,498.8754133867433,482.8076023204449,491.32749949419616,33815100.0
2025-11-19,483.14483642578125,491.14898819063853,478.88983663624714,486.1005289347495,23245300.0
2025-11-20,475.41387939453125,490.45844852333465,472.50235794747454,489.60385435710714,26802500.0
2025-11-21,469.1436462402344,475.9007957312625,465.3179114267742,475.4834301610789,31769200.0
2025-11-24,471.0118103027344,473.89352206444323,465.0694984877541,472.0055061050608,34421000.0
2025-11-25,473.98297119140625,476.12935785467323,461.95927573241335,471.08139630740516,28019800.0
2025-11-26,482.4393310546875,485.23161394332453,478.1664510662567,483.244222260298,25709100.0
2025-11-28,488.9082946777344,489.5243812398697,483.5820692635899,484.5260924315005,14386700.0
2025-12-01,483.6715087890625,486.77183499200703,481.59468809959253,485.3608038657598,23964000.0
2025-12-02,486.91094970703125,490.38888506208144,483.2541563831954,483.6516286444489,19562700.0
2025-12-03,474.71832275390625,481.18726202656165,472.20427350128017,473.31720798581483,34615100.0
2025-12-04,477.8087158203125,478.28570075231454,473.48613274494215,476.7355376297969,22318200.0
2025-12-05,480.1141052246094,480.35258253184975,475.86108806940297,479.4781253050461,22608700.0
2025-12-08,487.92449951171875,489.19642891935564,481.3263751862239,481.8331697469475,21965900.0
2025-12-09,488.9181823730469,489.01755801519323,485.42038417588924,486.016607703579,14696100.0
2025-12-10,475.5430603027344,481.19719183884354,472.084987996716,480.97857754952304,35756200.0
2025-12-11,480.4221496582031,482.96600869209163,472.86010822118624,473.6252734590456,24669200.0
2025-12-12,475.5132751464844,479.4085762318817,473.3370788032073,476.79515128743174,21248100.0
2025-12-15,471.8266296386719,477.6894285774835,469.5411111878212,477.0733420562278,23727700.0
2025-12-16,473.38677978515625,474.87732355778707,467.911505956298,468.9350114671635,20705600.0
2025-12-17,473.1184387207031,476.9739832708393,472.0055042784347,473.903466892556,24527200.0
2025-12-18,480.9289245605469,486.51349034093164,474.87732052138307,475.1754171439269,28573500.0
2025-12-19,482.856689453125,484.7745151206103,479.44828972039977,484.2875835443981,70836100.0
2025-12-22,481.86297607421875,485.6489546100234,479.6470235443271,483.05539282771,16963000.0
2025-12-23,483.7807922363281,484.75459468390824,481.6840783901604,481.922585996358,14683600.0
2025-12-24,484.9433898925781,486.0762176057581,481.77349801821515,482.6181454723109,5855900.0
2025-12-26,484.6353759765625,485.0427948985028,482.8964083055729,483.64168016456847,8842200.0
2025-12-29,484.02923583984375,485.27135560420123,481.1276307272214,481.80333660098637,10893400.0
2025-12-30,484.4068603515625,486.5929730105466,482.43933166580535,482.8666136001516,13944500.0
2025-12-31,480.5711364746094,485.0626606980731,480.25314655477007,484.76453377627826,15601600.0
2026-01-02,469.95849609375,481.6046121327098,467.1960229709088,481.3363251826272,25571600.0
2026-01-05,469.8690490722656,473.0687506521617,466.54016219074447,471.0714124582114,25250300.0
2026-01-06,475.4933776855469,475.7219083069673,466.78859294331005,470.81304872472026,23037700.0
2026-01-07,480.4221496582031,486.61288592496,474.9369593023546,476.73554642416184,25564200.0
2026-01-08,475.0959167480469,479.6172511411785,472.86010104573086,478.20618966596595,18162600.0
2026-01-09,476.258544921875,476.7951491709672,469.2231916595613,471.07145138115897,18491000.0
2026-01-12,474.1717529296875,477.95773148860775,472.68120923483104,473.6649886945649,23519900.0
2026-01-13,467.7028503417969,472.78062170166186,463.01260460367837,471.68755017526297,28545800.0
2026-01-14,456.4840087890625,465.24841354789686,454.2879494306214,463.51936213123724,28184300.0
2026-01-15,453.7811279296875,461.32327541703046,453.02590941718984,461.1940901109254,23225800.0
2026-01-16,456.9609375,460.26996150673693,453.60227115836847,454.9437362325269,34246700.0
2026-01-20,451.65460205078125,453.92022725149957,446.44764578645413,448.37541805572727,26130000.0
2026-01-21,441.31024169921875,449.836168925793,435.9144806057656,449.74673993987386,37980500.0
2026-01-22,448.2959289550781,449.9851935867555,441.89652570286836,444.79810039972057,25349400.0
2026-01-23,463.0125732421875,468.1301005814363,447.6897705604439,449.02131930234236,38000200.0
2026-01-26,467.3152770996094,471.2602507862521,459.0874767807031,462.3766075757791,29291200.0
2026-01-27,477.5503234863281,479.82589540353166,470.17711748937944,470.7137217228436,29213900.0
2026-01-28,478.5937194824219,480.69040309270366,474.9865988275796,480.16374552458444,36875400.0
2026-01-29,430.7671203613281,439.71038237575016,418.365786117595,437.21619626544543,128855300.0
2026-01-30,427.577392578125,436.8286984461687,423.7616041817895,436.4014165119217,58566800.0
2026-02-02,420.70098876953125,428.02452201181774,419.58805431821895,427.5276741085398,42219900.0
2026-02-03,408.61767578125,419.3893355198486,405.98438775489564,419.3496095186449,61424100.0
2026-02-04,411.578857421875,417.15347618992746,406.66005118226167,408.40896545860215,45012400.0
2026-02-05,391.188232421875,405.72597626088844,389.84673704915224,404.87141244319446,66289200.0
2026-02-06,398.61114501953125,399.25704122003975,390.4429643868461,396.6535630940219,53515300.0
2026-02-09,410.99261474609375,412.2744908996196,398.3428555009064,402.2977759502542,45480500.0
2026-02-10,410.6646728515625,421.0090502850332,410.0982892644293,416.97464756162884,44857900.0
2026-02-11,401.8207702636719,413.8345489802859,398.4819668946231,413.5563153661985,42491000.0
2026-02-12,399.3067321777344,403.6392618034954,395.50089045865866,402.44681466699853,40802400.0
2026-02-13,398.7900390625,402.98343690196634,395.54063411681335,401.900312028468,34091600.0
2026-02-17,394.35809326171875,397.99502346077054,392.0427954340728,396.70323107498865,32078800.0
2026-02-18,397.08087158203125,400.02220283554806,393.82155037537984,395.62013745533494,23223400.0
2026-02-19,396.8517761230469,402.7976819572589,395.0690225854118,399.07278661262325,28234000.0
2026-02-20,395.6267395019531,398.5050592846536,393.56508699389525,394.51123443489973,34015200.0
2026-02-23,382.9182434082031,393.7642745182822,381.55377772275136,393.405742102137,43238300.0
2026-02-24,387.429931640625,387.78846403174964,380.1693467763097,382.5895619940176,33884700.0
2026-02-25,398.9831237792969,399.84960746436826,388.5852587696308,388.95376053046306,43625500.0
2026-02-26,400.0986022949219,405.8453028142193,397.1306190557743,403.0765245044552,34405900.0
2026-02-27,391.15484619140625,395.2183958601928,388.30640407164015,389.30236795593413,51367200.0
2026-03-02,396.9413757324219,399.57073485574693,389.0533591512552,391.2743390590049,35474900.0
2026-03-03,402.2996826171875,405.05852201627056,391.0851500003899,391.5532542396072,38199200.0
2026-03-04,403.5645751953125,409.3710312257941,398.69429724653685,399.6504140582061,35808000.0
2026-03-05,409.0224304199219,409.9486695143622,402.7677785996419,402.78771732924594,39001300.0
2026-03-06,407.30938720703125,411.38287590243635,406.8612216895844,407.54843921074234,31123900.0
2026-03-09,407.757568359375,408.55432729115563,401.8714182880504,403.2857003455267,30131900.0
2026-03-10,404.122314453125,408.5443965203919,401.30371964643086,408.37506928692744,31706400.0
2026-03-11,403.245849609375,407.35918518479474,399.96912002302975,403.9330670994013,25512100.0
2026-03-12,400.2380065917969,404.4808221962511,400.0886180975,402.9968458288957,27263900.0
2026-03-13,393.9534912109375,403.16615688192843,392.65875035547907,399.3815063856616,26848000.0
2026-03-16,398.33575439453125,399.01300251860397,393.1965772756644,396.4633374914087,27733700.0
2026-03-17,397.7979431152344,402.7677932271478,396.1446394015159,398.6544574759768,26228300.0
2026-03-18,390.20867919921875,396.3936061005556,389.42185925959103,395.5271224277118,25908500.0
2026-03-19,387.4498596191406,390.90585551603124,385.4977789148814,388.52551763585893,25138800.0
2026-03-20,380.3287048339844,385.43800417098345,378.58576812261686,385.2288602760525,50853200.0
2026-03-23,381.4541931152344,385.64719283721575,380.1395134056624,382.3505545919761,29680100.0
2026-03-24,371.2355651855469,380.9263046350485,370.34917314154325,380.8167328036651,42733600.0
2026-03-25,369.5424499511719,375.5381416220395,368.13813722010167,375.39872248264555,31181200.0
2026-03-26,364.4928894042969,373.2075730440749,363.7160388213271,369.32332012922615,36836600.0
2026-03-27,355.3300476074219,360.9871459448897,355.07111764854045,360.43934753557875,37883400.0
2026-03-30,357.5111999511719,363.88536295562653,354.84202394218255,360.43933630538186,44797000.0
2026-03-31,368.67596435546875,371.3949263066763,361.6046146993887,363.07862179545566,45244400.0
2026-04-01,367.8791809082031,372.48052926345224,366.7139201659809,371.98254731341393,29417200.0
2026-04-02,371.9526672363281,372.1319638369453,362.680245817395,365.7278929006101,24099100.0
2026-04-06,371.3750305175781,372.22160592655575,368.0086676124431,371.9825539180967,16146600.0
2026-04-07,370.78741455078125,370.9467724245638,365.080530373921,368.8452727581139,21443300.0
2026-04-08,372.8191223144531,383.44606961738685,369.91092498913014,383.4261612830284,33064800.0
2026-04-09,371.5642395019531,371.9924966612836,365.5685176937085,370.9965328148009,30435300.0
2026-04-10,369.37310791015625,374.1238749235223,368.5365019241105,371.47460743717505,28111100.0
2026-04-13,382.8186340332031,382.98796126737693,369.5225100750242,372.10205289266787,35745800.0
2026-04-14,391.5233459472656,393.09698589720546,384.95994763093,386.3543213772784,37504500.0
2026-04-15,409.5602722167969,412.69755239260473,395.1287651714373,396.3936283702306,45063400.0
2026-04-16,418.56378173828125,419.12151906860663,410.4765600541581,418.16537187855886,41642400.0
2026-04-17,421.0835876464844,429.83808848207923,418.99205736838906,423.10539315661504,48568200.0
2026-04-20,416.38262939453125,421.6213787702164,414.6197538627068,419.4501847919345,27582200.0
2026-04-21,422.4480285644531,425.45582843737157,415.516128706763,418.5438369146158,32048500.0
2026-04-22,431.1726989746094,431.9495495900464,421.9600330275293,424.4698510786937,29378200.0
2026-04-23,414.0719909667969,421.9500690544079,409.7495112929088,418.19529609754903,38308000.0
2026-04-24,422.90618896484375,423.23487407473965,414.12178001797366,415.28707116170386,27457400.0
2026-04-27,423.1053771972656,425.38611256831246,415.3866572294081,420.6752229306716,30867300.0
2026-04-28,427.5174865722656,428.1847957314844,420.197146128082,422.8563830057505,30438100.0
2026-04-29,422.746826171875,425.0973167681131,418.59367375245296,422.8663369761165,38288300.0
2026-04-30,406.1341552734375,412.74737011555624,396.4035989759817,409.15192465494977,70909400.0
2026-05-01,412.76727294921875,415.4264794885345,408.7834174283456,411.1338775963461,31372400.0
2026-05-04,411.9505615234375,419.0816663151199,409.14193618030583,409.87897009526375,28066500.0
2026-05-05,409.7196044921875,415.09780308537887,407.1500007946646,413.6437044066962,25700900.0
2026-05-06,412.2891845703125,416.73120520087787,403.4748984673602,406.3532485673598,30285900.0
2026-05-07,419.07171630859375,426.25263786097554,417.06984955189336,418.41437649189606,34942400.0
2026-05-08,413.44451904296875,416.9403619714099,412.32904436576047,415.70537649227293,33383800.0
2026-05-11,410.99444580078125,411.02432350049145,403.86334099070683,406.22377045102496,35657900.0
2026-05-12,406.1241760253906,413.8229876767416,404.9987623844293,412.8071154720842,38594200.0
2026-05-13,403.57452392578125,404.6700902960666,399.41140211310335,401.57265715241186,29667100.0
2026-05-14,407.7774658203125,410.17774231087935,399.2619871856725,402.8474630718804,27077500.0
2026-05-15,420.2170715332031,426.4418454559798,411.2434277199191,412.5979239362014,50771200.0
2026-05-18,421.83056640625,423.40417602339767,413.9325494355234,414.93848271907115,32564100.0
2026-05-19,415.7352600097656,430.9535870211983,414.808990493047,428.16486989475214,33018700.0
2026-05-20,419.36053466796875,420.3963455784958,409.63991780241736,412.49835957243755,27864000.0
2026-05-21,418.3025207519531,425.5388979071037,414.92886694253497,423.9518891931334,31393500.0
2026-05-22,417.7835388183594,423.60257118762803,415.54772693408205,418.7517174636334,22390300.0
2026-05-26,415.248291015625,418.9812539216563,412.24393696715845,415.6475333356961,30398000.0
2026-05-27,411.8946228027344,415.15846763645,408.8104019854481,410.23773822181624,28901500.0
2026-05-28,426.18768310546875,428.68298564682067,411.89461329838434,412.2040283766931,47250500.0
2026-05-29,449.3940124511719,449.48383969057267,431.54760317786213,431.7372486144539,79654400.0
2026-06-01,459.6546936035156,465.4438139523178,457.40892124774234,463.96658383705716,53628900.0
2026-06-02,440.48077392578125,452.64787129328397,439.6024225764256,446.0403151791343,37036800.0
2026-06-03,426.53704833984375,439.56254639446627,423.45285793258154,437.62618910935214,39037000.0
2026-06-04,427.2456970214844,435.33048350032107,425.60879436274143,434.9911260035114,26899500.0
2026-06-05,415.8870849609375,428.66302140752947,413.6213308264138,427.5351398188391,34782200.0
2026-06-08,410.9663391113281,416.37616844333525,407.79232157753756,413.3618539280056,32086700.0
2026-06-09,402.6520080566406,411.20591258759293,397.7312786929967,408.26144336727174,35317300.0
2026-06-10,396.61334228515625,404.2789346443135,396.41373636313654,397.80110870103243,32576000.0
2026-06-11,389.6065673828125,396.1043451719433,383.278483574852,394.46741202742857,47224100.0
2026-06-12,390.00579833984375,391.003919361718,381.55171206615995,390.6945042817559,34865800.0
2026-06-15,399.0088806152344,400.99513175706005,392.11186050588947,396.05442037645633,32266400.0
2026-06-16,393.0899963378906,396.094350419825,389.9559121071713,395.0463355104342,31506800.0
2026-06-17,378.1980285644531,389.6364865987809,376.6110198431126,389.51671695343225,41987800.0
2026-06-18,378.6871032714844,380.6534028700893,372.5786075934489,377.11008548581106,59714200.0
2026-06-22,366.6497802734375,380.9129385065033,366.3802985575179,375.0339909424311,45171100.0
2026-06-23,373.23736572265625,376.51120135394876,369.9735210485466,371.6802994138851,40647600.0
2026-06-24,364.7733154296875,378.16811350773463,364.09460041679364,370.87185096853153,44509900.0
2026-06-25,352.1670227050781,363.5456265920902,348.54386902384044,362.0883479855026,66179000.0
2026-06-26,372.2691955566406,375.90234020580533,354.762144454129,356.4789138154501,186201600.0
2026-06-29,367.8774719238281,379.7850483907747,359.2237492715265,376.790685328561,51229900.0
2026-06-30,372.319091796875,373.44697342275583,366.7595808670141,370.3328407149792,44945700.0
2026-07-01,383.5579528808594,388.09939143880604,374.18561213385976,380.1144231011508,48065800.0
2026-07-02,389.7562561035156,391.4630649298244,382.97903650468743,383.7575696594082,42128900.0
2026-07-06,386.0133056640625,388.418780928489,380.5036887115837,386.31276024010407,34224500.0
2026-07-07,388.109375,394.8267404517197,387.4905448392632,391.75251064257776,29297500.0
2026-07-08,382.6197204589844,384.58602015004215,380.6134873969759,383.3084264217563,25908300.0
2026-07-09,383.6377868652344,383.92725049460796,372.64849496928053,373.74643420118315,31083200.0
2026-07-10,384.37640380859375,391.1736053926777,380.783162110783,387.07131223677504,24644600.0
2026-07-13,390.2553405761719,392.91034623109437,383.4281962321871,387.02143811329415,28914900.0
2026-07-14,384.20672607421875,387.46061042423804,377.93852713765,382.1007052927433,27863900.0
2026-07-15,394.8866271972656,398.2103568181361,385.6739591427675,387.07132248997675,36253700.0
2026-07-16,400.3463439941406,405.2271399033625,391.31333055964967,397.56157784187184,37047400.0
2026-07-17,393.08001708984375,397.64143734197864,388.6583483977542,394.1180409920291,33049800.0
2026-07-20,401.53411865234375,402.4224305318551,388.91785418191677,390.67455694621333,27915800.0
2026-07-21,397.00262451171875,400.7156358198418,395.57531880381754,398.0606303262699,24126600.0
2026-07-22,389.6065673828125,400.246541441447,386.2329133568751,398.8291961465565,28142500.0
2026-07-23,380.8630065917969,391.04385321150613,376.68090752842744,389.23725659651495,30351800.0
2026-07-24,380.9828186035156,388.29903252889795,379.9347732203772,386.32274187573427,27659400.0
2026-07-27,388.368896484375,393.45931979821836,387.2609663085435,389.3470355932277,27856200.0
2026-07-28,392.61090087890625,399.56780545733704,390.5647345556998,392.4212554523594,32367500.0
2026-07-29,389.8061828613281,400.4960502148319,388.00954678983055,392.6607942930367,47209000.0
2026-07-30,450.2524108886719,457.8281459885008,431.6274684759506,437.07720086969465,110160700.0
2026-07-31,463.8468017578125,465.962813447145,448.4857046349594,449.1544591210436,60846000.0
2026-08-03,486.73370361328125,490.7261876465455,474.10747895013026,475.2353605631651,66762100.0
2026-08-04,491.884033203125,498.50158065157444,478.2696778930625,479.99640781848416,50455500.0
2026-08-05,486.5440673828125,497.3038108374591,484.7674131728324,495.42733843271316,33388900.0
2026-08-06,498.9207458496094,500.61756372489685,487.60205742358346,487.6319998350186,36441500.0
2026-08-07,499.0505065917969,504.23075699317457,497.79289485093346,498.2719734340298,28846200.0
2026-08-10,505.109130859375,512.7647021753171,501.32624359045303,502.4940586092805,31206100.0
2026-08-11,502.86334228515625,504.38047525067043,498.61133704649393,503.3823542433026,23049800.0
2026-08-12,491.5047302246094,500.557695253814,490.59643643442394,499.0505227551261,29001500.0
2026-08-13,495.9463806152344,500.3979918654044,492.0836571155829,492.34314786956145,23039000.0
2026-08-14,494.4691467285156,499.07050046550256,492.991947114923,495.42733437790497,16217600.0
2026-08-17,479.44744873046875,491.73431632358415,477.51109147171053,489.21906226283284,29635800.0
2026-08-18,480.72503662109375,483.36006030134655,476.2534434403709,480.6352093836093,24087600.0
2026-08-19,483.3999938964844,488.3806080919379,478.4592826108848,479.16797047398614,19961900.0
2026-08-20,481.1499938964844,484.1600036621094,479.5,483.29998779296875,20020800.0
2026-08-21,483.239990234375,486.3599853515625,478.5299987792969,479.8800048828125,22510800.0
2026-08-24,487.30999755859375,490.6099853515625,481.8599853515625,483.2099914550781,17230800.0
2026-08-25,491.7099914550781,492.44000244140625,484.29998779296875,485.44000244140625,19519000.0
2026-08-26,496.3699951171875,497.3999938964844,487.30999755859375,487.8500061035156,20758900.0
2026-08-27,505.05999755859375,506.4800109863281,490.0799865722656,494.8800048828125,28688800.0
2026-08-28,,,,,29189683.0
