Date,Close,High,Low,Open,Volume
2021-08-23,292.38092041015625,293.1007158957985,289.6936956458467,291.03730802800146,22830200
2021-08-24,290.4326477050781,293.3406200208981,289.8376215126441,292.73598718389235,18175800
2021-08-25,289.84722900390625,292.32331236094075,288.3212662286274,292.0449832645035,20006100
2021-08-26,287.0447082519531,290.2501925079003,286.91036171915556,288.86818346133697,17666100
2021-08-27,287.64947509765625,288.7531556639914,284.8758490691569,286.9488636063391,22605700
2021-08-30,291.3635559082031,291.968188686325,288.9354474406273,288.99302872534867,16348100
2021-08-31,289.72247314453125,292.2369539074186,289.3577720955228,292.16018861273085,26285300
2021-09-01,289.67449951171875,292.89919870843596,289.3481957201944,290.67262417838776,18983800
2021-09-02,289.0218505859375,291.14283957172955,288.0909139976585,290.02958175450493,16285600
2021-09-03,289.01220703125,290.4134002707851,288.16764257283074,288.8682245483262,14747900
2021-09-07,288.0909729003906,288.9643283762939,286.19073133371813,288.887563068861,17180400
2021-09-08,288.1197509765625,288.5036360740859,285.4901073055441,287.7070752289388,15046800
2021-09-09,285.2790222167969,289.9721041260721,285.03909032258593,288.7052566953837,19927000
2021-09-10,283.80096435546875,287.84143755665605,283.48426721928973,286.40184654237044,19633400
2021-09-13,285.0293884277344,286.51698324787736,282.2365785977501,285.56683334808685,23652900
2021-09-14,287.7165832519531,289.25215240424126,286.09464217897033,287.495835484481,21853400
2021-09-15,292.5440979003906,293.02396157546303,289.66491584995623,291.0469255772491,28356300
2021-09-16,292.92791748046875,293.01428940804146,288.6475426567624,291.5267240633766,19550800
2021-09-17,287.79339599609375,292.2369376988319,287.4670922568032,291.92024060405146,41372500
2021-09-20,282.44775390625,286.6897617780861,277.86025823894886,284.395999300158,38278700
2021-09-21,282.92755126953125,285.5572235689827,282.22696919676986,283.78172248901336,22364100
2021-09-22,286.555419921875,288.12938705763713,282.6493513126284,284.7799475033804,26626300
2021-09-23,287.495849609375,288.7818804171432,285.54760475520084,286.8144515647207,18604600
2021-09-24,287.2944030761719,287.7262628330811,284.9718498809772,286.2195130742343,14999000
2021-09-27,282.3229064941406,284.5302668944946,281.14243173183047,284.213569869191,23571700
2021-09-28,272.1018371582031,279.0694657966121,271.36285777992146,278.12892262453175,43186200
2021-09-29,272.5626525878906,275.2210876343897,271.6125315867732,273.61835886055644,26353700
2021-09-30,270.5663146972656,276.23827687630234,270.278378953934,274.20365982638276,32343600
2021-10-01,277.4571838378906,278.301748595393,269.96171554788884,270.7582763645691,30086300
2021-10-04,271.7083740234375,276.16152262576014,268.96356808295144,275.82561222271863,31350700
2021-10-05,277.1309509277344,278.70488896042923,272.61061284756806,272.61061284756806,24993000
2021-10-06,281.3056335449219,281.80471044780717,274.0117300480355,274.270845855537,28002600
2021-10-07,282.9755859375,284.6935059183277,282.08304662293614,283.2922830435044,20430500
2021-10-08,282.9755859375,284.6935059183277,281.92948674808355,284.2904075857707,17685700
2021-10-11,282.3806457519531,285.9700173933724,280.96023844326857,281.12340501267863,19298600
2021-10-12,281.0849609375,283.5418606976777,280.57630659547624,283.4458821015579,17974100
2021-10-13,284.3768310546875,285.3077678287941,281.6703926860201,283.03321851694517,23416300
2021-10-14,290.557373046875,291.05642058387167,285.8355029331909,287.1599309878296,27262900
2021-10-15,291.9586181640625,292.18897261999524,288.41722227281656,290.1639328949292,25384800
2021-10-18,294.9145812988281,295.79751392665924,290.4998302940227,291.34439492137415,22729300
2021-10-19,295.8167724609375,296.84365846900545,294.8474384623916,295.9319350570906,17682100
2021-10-20,295.0297546386719,297.2275382211196,293.7820916523756,296.75725195686545,16537100
2021-10-21,298.2448425292969,298.49435169218145,294.0220192983192,294.79942529790196,16918100
2021-10-22,296.7092590332031,298.5615254647834,295.40401483593905,297.89931136627246,17449300
2021-10-25,295.7207946777344,296.939637875098,294.11803710740327,296.90124058009036,17554500
2021-10-26,297.62103271484375,299.8188165343258,296.1718643410095,298.47520410987,28107300
2021-10-27,310.15509033203125,312.9670843453073,303.27383257307736,303.27383257307736,52588700
2021-10-28,311.28753662109375,311.7865842427679,308.417932252952,311.2683233315921,26297900
2021-10-29,318.2647705078125,318.62947157711153,310.8556743947785,311.0764222231841,34766000
2021-11-01,316.10540771484375,318.14002510806927,313.2262255270214,318.01525586042806,27073200
2021-11-02,319.7139892578125,320.02110905104064,316.71003784901507,317.0075509960312,26487100
2021-11-03,320.5489501953125,321.41269899381626,317.3338575616903,320.4529715980219,21500100
2021-11-04,322.8906555175781,322.98663410539643,316.2397523503642,319.48363531417436,23992200
2021-11-05,322.5259704589844,325.14603666479826,320.9520328371746,324.8773141787061,22570100
2021-11-08,323.41851806640625,324.0519416472353,320.97122498059144,323.71603120896236,20897000
2021-11-09,322.4203796386719,325.078813563159,321.0575540639552,323.5336374688277,21307400
2021-11-10,317.47772216796875,321.15349346911216,316.63318689786576,321.0959121845267,25500900
2021-11-11,319.0421447753906,320.3281758647958,317.19948472941286,317.9096735712425,16849800
2021-11-12,323.15936279296875,323.64883306583664,320.34736896230555,320.47213819174647,23831000
2021-11-15,322.53558349609375,324.2726876885674,320.57773146516666,323.94638389817203,16723000
2021-11-16,325.8370666503906,326.95035397533974,321.9981569596239,322.1612942198898,20886800
2021-11-17,326.0581359863281,329.0098960712893,324.9812796361216,325.8850760747881,19053400
2021-11-18,328.1252746582031,329.2598468353323,324.1351262978114,325.15429587394624,22463500
2021-11-19,329.8944396972656,331.8078109454933,329.0195159309197,329.442570826056,21963400
2021-11-22,326.74078369140625,336.2018030638584,326.4715696014347,331.3462958819071,31031100
2021-11-23,324.67364501953125,326.3754890891575,320.7123388682241,324.06790589930085,30427600
2021-11-24,324.894775390625,325.1351461786082,321.0488427828943,323.32755315823283,21661300
2021-11-26,316.9817199707031,324.91395501030433,315.4818087833129,321.4718586551738,24217200
2021-11-29,323.6640930175781,325.9716468199308,321.84687569261206,322.03918406869917,28563500
2021-11-30,317.856689453125,324.7697551795586,316.31831064916247,322.4045150069706,42885600
2021-12-01,317.3663330078125,326.2119893836903,316.7029366546509,322.2218403334276,33337600
2021-12-02,316.79913330078125,320.6450666242844,315.17422412422974,317.5779324514192,30766000
2021-12-03,310.5686340332031,319.8854066749846,305.78043811748984,319.2027326168605,41779300
2021-12-06,313.6261291503906,314.8376070697841,306.9342159628672,311.472416708919,30032600
2021-12-07,322.0198669433594,322.86594725103106,317.38551230648477,318.86620419363703,31021900
2021-12-08,322.0679931640625,322.5775780301863,318.0585957516276,322.39489389495935,24761000
2021-12-09,320.2699890136719,323.5294010834797,319.3277251227278,321.5295293799617,22214200
2021-12-10,329.3464050292969,329.7886790069199,321.894911553193,322.0775956761069,38095700
2021-12-13,326.327392578125,330.5483179150928,326.0197109116661,327.55808990182186,28899400
2021-12-14,315.6933898925781,321.75075164875943,311.6263053995195,320.38543259627,44438700
2021-12-15,321.76025390625,322.2794628998093,312.00120811857875,315.9528888428843,35381100
2021-12-16,312.3858642578125,323.78906948093504,310.5782712717892,322.7794945853097,35034800
2021-12-17,311.32818603515625,312.4050716507524,305.0304840740271,308.52067208536005,47750300
2021-12-20,307.5879821777344,310.36665235735023,305.33811582896186,307.7225745188773,28326500
2021-12-21,314.68377685546875,315.1068317195721,307.4822492884366,310.8378448851712,24740600
2021-12-22,320.3661193847656,320.7603015592964,313.20305992289275,315.6548296221217,24831500
2021-12-23,321.798828125,323.4333613707806,319.9143291893332,319.9335482909737,19617800
2021-12-27,329.25994873046875,329.2887920541107,322.51031757686,322.53916090050194,19947000
2021-12-28,328.1061096191406,330.567504020854,327.21193737349995,329.9329216504245,15661500
2021-12-29,328.77923583984375,331.03869818757147,326.5966499056925,328.15424820275217,15042000
2021-12-30,326.25042724609375,329.91367522578065,325.76968573335654,328.7406647610165,15994500
2021-12-31,323.3660888671875,326.2889771388825,322.9141905168314,325.47173976117205,18000800
2022-01-03,321.8564758300781,324.9812959837682,317.0779035290574,322.4333715730328,28865100
2022-01-04,316.3375244140625,322.28910640339575,313.5588245196175,321.9333330536582,32674300
2022-01-05,304.19403076171875,313.5108044365724,303.8094433864934,313.308871857317,40054300
2022-01-06,301.7903137207031,306.42466920650463,299.49235507622586,301.08842050942394,39646100
2022-01-07,301.9441223144531,304.30936222208857,298.1462528184306,302.0498713577004,32720000
2022-01-10,302.165283203125,302.597962334878,292.95428801782003,297.56939515988586,44289500
2022-01-11,302.8479919433594,304.4151849277161,297.9540459272227,301.309612939468,29386800
2022-01-12,306.01123046875,310.9532679259109,304.86706317706137,307.35733034753923,34372200
2022-01-13,293.05999755859375,308.52066014986855,292.2908229193429,308.1264486110597,45366000
2022-01-14,298.2521057128906,298.8482206128136,292.0505272250826,292.53126883368355,39846400
2022-01-18,290.9928283691406,297.8674260520063,290.1178753051929,292.3581471597959,42333200
2022-01-19,291.6466979980469,301.8192070990576,291.0409882048272,294.49270951204926,45933900
2022-01-20,289.9832763671875,299.64616870365205,289.5410024064944,297.1655554938759,35380700
2022-01-21,284.62786865234375,292.39663994676283,284.22403280045586,291.0313502433303,57984400
2022-01-24,284.95477294921875,285.666261131879,265.4174271692936,280.94540441346044,85731500
2022-01-25,277.3782653808594,283.6279058744891,274.1861636133682,280.2915581603582,72848600
2022-01-26,285.28167724609375,296.6175725961171,281.74342604783857,296.1272067657119,90428900
2022-01-27,288.2911071777344,295.4637633356451,286.45467082104994,291.0024967310887,53481300
2022-01-28,296.3868408203125,296.5983683124137,283.10875927077944,288.66613137183003,49743700
2022-01-31,299.0020446777344,300.34811523788875,294.5695920371354,297.05023502997614,46444500
2022-02-01,296.8675842285156,298.6655532510583,293.37739525904294,298.4540257576921,40950400
2022-02-02,301.38641357421875,302.98247866667543,296.98283492028696,297.70394707604055,36636000
2022-02-03,289.6468811035156,299.2424962257356,288.4065592723671,297.5694951174912,43730000
2022-02-04,294.1561279296875,296.9059553802916,288.4160729228112,288.64681946632084,35096500
2022-02-07,289.35833740234375,295.9829403994106,288.3487625883948,294.37728012769503,28533300
2022-02-08,292.8293151855469,293.79079836630905,288.3968918064597,289.64680820459523,32421200
2022-02-09,299.22314453125,299.9154135304483,295.5503014236904,297.9347607103794,31284700
2022-02-10,290.73321533203125,297.2136009412112,289.1179310391646,292.3292805293152,45386200
2022-02-11,283.676025390625,292.56974542474626,282.88760208602713,291.51210798469305,39175600
2022-02-14,283.63751220703125,285.3297318388345,280.128104788829,282.45487744042305,36359500
2022-02-15,288.8968505859375,289.21412712294915,285.57972189739905,288.45457654151164,27058300
2022-02-16,288.5596008300781,289.8795515618136,282.95219184742473,287.47087375855756,29982100
2022-02-17,280.1099548339844,285.9582018841707,279.4066103677046,285.5342722610437,32461600
2022-02-18,277.412353515625,283.12573269238646,275.8515343249377,282.3453230970428,34264000
2022-02-22,277.2099609375,280.8904283246642,274.10758220532034,274.5893178506724,41736100
2022-02-23,270.0320129394531,281.04450907473114,269.868239331168,279.5800143024753,37811200
2022-02-24,283.8289794921875,284.3781651371424,261.6016916782459,262.55554816759064,56989700
2022-02-25,286.44964599609375,286.75796386461934,280.9963949831395,284.35892976880194,32546700
2022-02-28,287.8755187988281,288.2127395416602,282.29701327303695,283.5591579767434,34627500
2022-03-01,284.17578125,289.01239505161357,281.4780448269364,285.5727965486782,31217800
2022-03-02,289.22442626953125,290.4576682481348,282.9715074955346,284.57084383733564,31873000
2022-03-03,285.1103820800781,292.05700050828193,283.3086664169441,291.8257768521812,27314500
2022-03-04,279.271728515625,284.8598787290603,276.68001821827283,283.53992798121607,32356500
2022-03-07,268.7217712402344,279.1079901922431,268.35564745891236,277.9903600081898,43157200
2022-03-08,265.7735595703125,273.5872975701551,260.13724667838545,267.6523109324147,48159500
2022-03-09,277.9614562988281,279.0212805569592,270.52345705468474,273.0862941142346,35204500
2022-03-10,275.15771484375,276.13083008813146,270.33071510240313,272.68158699777644,30628000
2022-03-11,269.8393249511719,278.93449337232187,269.22268940942564,277.44109570873076,27209300
2022-03-14,266.3419494628906,274.97464216380376,265.7446020938021,270.0994808190958,30660700
2022-03-15,276.6607666015625,277.3063052834026,268.54835505285934,270.1091737905865,34245100
2022-03-16,283.63629150390625,283.80970925762125,272.8550467725236,278.54913550581284,37826300
2022-03-17,284.43597412109375,284.81171260660994,278.7996616158856,282.5764817272433,30816600
2022-03-18,289.4555969238281,290.0047824722256,282.0368875720342,284.580435823197,43390600
2022-03-21,288.2320251464844,289.17623743354596,284.12762874703543,287.9718985278678,28351200
2022-03-22,292.9530334472656,293.8586986740922,287.85626286698505,288.84863696836237,27599700
2022-03-23,288.54998779296875,292.1533901687108,286.84465430957243,289.53274726035676,25715400
2022-03-24,292.9916076660156,293.0879606698215,287.4227451186162,288.2127985858923,24484500
2022-03-25,292.5869140625,294.3404386258809,288.35729097039587,294.0803119983577,22566500
2022-03-28,299.3504943847656,299.4468179763362,293.21315853638436,293.21315853638436,29578200
2022-03-29,303.8884582519531,304.2834849768808,297.7607660592807,302.4432514351578,30393400
2022-03-30,302.39508056640625,304.40876140768165,300.1983672332794,302.298756961056,28163600
2022-03-31,297.0477600097656,303.6282838118876,296.6431186303352,302.43355970417105,33422100
2022-04-01,298.11724853515625,298.8013048013512,294.37897586444814,298.0690573372068,27110500
2022-04-04,303.46453857421875,303.59940925877385,298.3966704273003,298.76279420407815,24289600
2022-04-05,299.5239562988281,303.36819729800135,298.550840896908,301.8266373690895,23156700
2022-04-06,288.5596008300781,295.7856342398464,285.8715081688589,294.04175386251336,40110400
2022-04-07,290.36126708984375,292.5579799187454,285.5246529796034,285.8233266543766,31411200
2022-04-08,286.1219787597656,290.12037745533155,285.45718142982423,289.4652242441084,24361900
2022-04-11,274.83978271484375,281.921271966205,274.5892708132743,281.13124798929533,34569300
2022-04-12,271.7567443847656,280.1196691925059,270.24408720975697,278.6744620730792,30966700
2022-04-13,277.1136474609375,278.0385717991764,271.0245009783346,272.40228746673256,21907200
2022-04-14,269.6080627441406,277.7783069773566,269.1167125540132,277.5663421924467,28221600
2022-04-18,270.27288818359375,272.14202437159116,268.1725283526451,268.72171390745734,20778000
2022-04-19,274.87835693359375,275.7166016837058,268.2400548017216,269.17462316196963,22297700
2022-04-20,275.8995361328125,279.1175550852986,274.94570927007976,278.82849614918496,22906700
2022-04-21,270.5523986816406,282.58614693419463,269.82979513911937,278.0385607971482,29454600
2022-04-22,264.02001953125,272.8550636325426,263.393769113378,271.39056854763874,29405800
2022-04-25,270.4656677246094,270.84140624661075,260.8791164146194,263.3070829372568,35678900
2022-04-26,260.3492126464844,268.19185364215673,260.13724778699,267.36328244773966,46518400
2022-04-27,272.87432861328125,280.34123080111425,268.9626376903315,271.7952455176826,63477700
2022-04-28,279.0502014160156,280.3508935706538,271.178627842334,274.7723864290521,33646600
2022-04-29,267.3824768066406,279.2909943451643,266.3997469147851,278.0673672865681,37073900
2022-05-02,274.0786437988281,274.5314764230111,266.1300066784379,267.56556930704056,35151100
2022-05-03,271.4870300292969,273.7511942011971,269.91656659511034,273.58739108968933,25978600
2022-05-04,279.38739013671875,280.25450833918546,266.62139669213593,272.26732383050563,33599300
2022-05-05,267.2187805175781,275.8900225285143,264.3187223916875,275.109613099755,43260400
2022-05-06,264.6944580078125,269.04933732325316,261.36082642726797,264.77152276793004,37780300
2022-05-09,254.9151611328125,262.4109648333538,253.701207586284,260.1949931476496,47726000
2022-05-10,259.6554870605469,263.7502396394238,255.3873167232384,261.76549132988686,39336400
2022-05-11,251.0324249267578,261.4475468907718,249.82808585226212,255.97503719293763,48975900
2022-05-12,246.02235412597656,250.38687708360916,240.88705133910193,248.27687299785254,51033800
2022-05-13,251.58152770996094,253.4314048561223,246.0223109587589,247.94925284306044,34925100
2022-05-16,251.94773864746094,256.1099416160169,246.43668177320907,250.46398464979046,32550900
2022-05-17,257.0733642578125,258.52818561527994,252.87261500014733,256.3892786113193,28828800
2022-05-18,245.3689422607422,254.56255593288276,244.10385759056012,253.98312086554714,31356000
2022-05-19,244.4611358642578,248.8358391110842,243.2443400632524,245.19507408358177,32692300
2022-05-20,243.90106201171875,249.67605030957378,237.99088889238988,248.42060269458278,39199300
2022-05-23,251.71365356445312,252.53451735450935,244.74118884717117,246.73057447845937,33175400
2022-05-24,250.71896362304688,252.3703282848016,244.8087915946299,249.04829526787134,29043900
2022-05-25,253.5195770263672,255.50894824222092,248.31438673907394,249.28976865012686,28547900
2022-05-26,256.78369140625,257.95219866287647,252.4669428526963,253.27814016507855,25002100
2022-05-27,263.8719787597656,263.96855616192437,258.38672418405815,259.2751950241192,26910800
2022-05-31,262.54901123046875,265.3495796777819,259.709805919586,263.1863868585538,37827700
2022-06-01,263.08013916015625,268.16944748829445,260.78173234380733,265.7648261496329,25292200
2022-06-02,265.1661071777344,265.2337143251771,252.63114082746247,255.38343546239255,44008200
2022-06-03,260.76239013671875,264.0748154478667,259.2076029156242,261.04245577782234,28059000
2022-06-06,259.5359802246094,264.77980709613064,258.0584370323219,262.732495427998,22400300
2022-06-07,263.1573791503906,263.76578441208926,256.8222901054273,257.49830250093424,22860700
2022-06-08,261.1390075683594,263.64020598603173,260.3664178533954,262.39442533216015,17372300
2022-06-09,255.71173095703125,263.36017868447857,255.5572129915601,258.5992099165968,26439700
2022-06-10,244.3162841796875,251.6460439882833,243.87204872141055,251.6460439882833,31422800
2022-06-13,233.9541778564453,240.48242256411086,233.24920982974828,236.70647229198008,46135800
2022-06-14,236.10772705078125,237.31487111467933,233.22988499278367,235.49932172717016,28651500
2022-06-15,243.12844848632812,246.54708847653447,237.97153296010552,239.79673406143797,33111700
2022-06-16,236.57125854492188,238.9372578860195,234.6881168136664,237.5466256119709,33169200
2022-06-17,239.15936279296875,241.91165700040483,235.6634784930398,236.31050590715876,43084800
2022-06-21,245.0406036376953,246.01597077834313,240.9556173405233,241.67990380993942,29928300
2022-06-22,244.4514923095703,248.35298995386094,241.7861089374633,243.254000161548,25939900
2022-06-23,249.9850311279297,250.47755532769025,244.93435931975776,246.8078492299289,25861400
2022-06-24,258.52197265625,258.79237173531016,252.74698510975713,252.8338959418169,33923200
2022-06-27,255.8083038330078,259.1013666061605,254.2534870945373,259.0144557779908,24615100
2022-06-28,247.68663024902344,257.7590321077553,247.53211228973697,254.92949381458487,27295500
2022-06-29,251.33706665039062,252.98843151702386,246.99133318160082,248.75859390135693,20069800
2022-06-30,248.02462768554688,250.63207057542505,244.22937393334024,248.23708621339836,31730900
2022-07-01,250.68032836914062,250.86381660731956,245.88073757874744,247.599724121051,22837700
2022-07-05,253.83828735351562,253.96383506526925,246.00633522277502,247.37764926074487,22941000
2022-07-06,257.08306884765625,258.8020409501888,253.40369581093594,254.70741739613206,23824400
2022-07-07,259.19793701171875,259.8353125390256,255.93381513155052,256.0303925395583,20859900
2022-07-08,258.4833068847656,258.9082238859461,254.2631366183598,255.71170926657888,19658800
2022-07-11,255.44131469726562,257.3920486214131,253.1911819736528,256.54221460414914,19455200
2022-07-12,244.9729766845703,256.82230649201273,243.39885616958918,256.76436593684815,35868500
2022-07-13,244.05555725097656,244.85710267048802,239.60360939385333,241.61229886642806,29497400
2022-07-14,245.3689422607422,246.39259810880876,237.5080204020861,241.97928690307253,25102800
2022-07-15,247.91839599609375,251.44325042079436,246.03525438925857,246.9526808402148,29774100
2022-07-18,245.53309631347656,251.89715611893087,244.6156697955208,250.84453005870418,20975000
2022-07-19,250.632080078125,250.81556833510322,244.98263991671732,248.74892353389214,25012600
2022-07-20,253.27809143066406,255.78895661231545,250.0333028054799,250.98935133409913,22788300
2022-07-21,255.75997924804688,255.8082826850065,248.21774680153686,250.88312986354254,22404700
2022-07-22,251.43359375,256.23319944277154,250.1878423691355,256.1462886118709,21881300
2022-07-25,249.95606994628906,252.53454268022003,248.00533571383517,252.05168504603222,21056000
2022-07-26,243.26365661621094,250.97007463688564,241.01355313399756,250.9507414709721,39348000
2022-07-27,259.52630615234375,260.7913907687193,249.97539768074358,252.20619754450755,45994000
2022-07-28,266.9333190917969,268.3142846363358,258.68610373864,260.5016528744498,33459300
2022-07-29,271.1148681640625,272.33167871252647,267.1457929503217,268.1791152582621,32152800
2022-08-01,268.4784851074219,271.63636311853617,266.38287021128184,268.29499686655436,21539600
2022-08-02,265.3978576660156,268.3626103956282,263.0415102262708,266.5373945260248,22754200
2022-08-03,272.78558349609375,273.7802690088794,267.12647689627147,267.2713577584934,23518900
2022-08-04,273.92510986328125,274.0699612486414,270.56443983776984,272.13853085373546,18098700
2022-08-05,273.2105407714844,273.9251607194615,269.125554118187,269.5794415241089,16774600
2022-08-08,270.70928955078125,276.11730051736697,269.74357435929414,274.3113883534034,18739200
2022-08-09,272.6214294433594,273.37468623177955,268.0922221285978,270.0526525666318,23405200
2022-08-10,279.2461853027344,279.8738942312327,277.10229657539446,278.2901367727336,24687800
2022-08-11,277.1795349121094,281.22588350260514,276.6870402559907,280.8782402159332,20065900
2022-08-12,281.90191650390625,281.90191650390625,277.10231096943915,278.58952057102715,22619700
2022-08-15,283.408447265625,284.09409682100915,280.1636287959346,281.02312948938925,18085700
2022-08-16,282.6744384765625,283.95885597173196,280.4629722748616,281.97912247538005,18102900
2022-08-17,281.9293212890625,283.8938831580585,280.1389500408416,280.4002359720042,18253400
2022-08-18,280.81640625,282.5003080383182,279.76151632304703,280.8357509194147,17186200
2022-08-19,276.92596435546875,279.9260419302894,276.35498651754625,279.5873182545467,20570000
2022-08-22,268.7967834472656,273.3549492553272,268.2838690742468,272.98719375507784,25061100
2022-08-23,267.5289001464844,269.8708743926488,266.52241649828346,267.5289001464844,17527400
2022-08-24,266.89990234375,268.29348622669727,266.24179973569437,266.53214693938304,18137000
2022-08-25,269.86126708984375,270.02577059536407,265.67082824168347,268.3902454376077,16583400
2022-08-26,259.4481506347656,271.3032734990673,259.3417106465169,270.0838799821935,27549300
2022-08-29,256.6803894042969,258.78042347023177,255.34486862600002,257.2803991374211,20338500
2022-08-30,254.4932098388672,258.44167876709264,252.25767464216207,258.0739528081768,22767100
2022-08-31,253.04151916503906,258.4996984815058,252.90601788695525,256.835171011409,24791800
2022-09-01,252.00601196289062,252.48023691824085,247.17687383626492,250.52533262450333,23263400
2022-09-02,247.80592346191406,256.20611724920184,246.26718053225406,253.2641326770218,22855400
2022-09-06,245.0865020751953,249.51885306650013,243.81873220604314,247.94142082307454,21328200
2022-09-07,249.7704315185547,250.48656807085013,245.0574213315163,246.4897092030272,24126700
2022-09-08,250.18661499023438,252.0350498159717,246.57685541782593,249.20919235362013,20319900
2022-09-09,255.9351348876953,256.6803328721326,251.8995711991458,252.10279358860814,22084700
2022-09-12,258.0545654296875,258.828795252262,256.61260484004885,257.21261449388913,18747700
2022-09-13,243.86709594726562,252.00598798329736,243.47998110571493,250.49627701855277,33353300
2022-09-14,244.08970642089844,246.03490888980133,241.80578027171973,245.3574762961727,23913000
2022-09-15,237.47019958496094,243.2961347228246,236.1540384880937,241.71868768706014,31530900
2022-09-16,236.85084533691406,237.39279145182186,234.2572270866671,236.386307438201,39791800
2022-09-19,236.63790893554688,237.2379185278828,233.08621305250247,234.6539876734692,26826900
2022-09-20,234.6346435546875,235.66047218929285,231.91522600942378,234.2669028613096,26660300
2022-09-21,231.24745178222656,239.6766917207571,231.19906057717108,236.3959688481416,28625600
2022-09-22,233.21200561523438,235.99917354124665,229.91193818738796,230.20225587391255,31061200
2022-09-23,230.25067138671875,233.35720386281167,227.61834912688556,231.81844612716222,34176000
2022-09-26,229.79579162597656,233.6668515472966,229.26351793341072,229.40869154061323,27694200
2022-09-27,228.78932189941406,234.00557453802256,226.9408872481293,232.24423519066093,27018700
2022-09-28,233.29910278320312,234.5184812999227,227.16346179841986,229.1764146595356,29029700
2022-09-29,229.84417724609375,232.21519843693235,226.85378707356358,231.18936994540456,27484200
2022-09-30,225.3924560546875,232.7861798495217,225.22793778149074,230.60870866268925,35694800
2022-10-03,232.97976684570312,233.82171772604818,227.09575348399042,227.82157728205974,28880400
2022-10-04,240.85739135742188,242.2896796214913,237.08309847338114,237.1895532288344,34888400
2022-10-05,241.1670684814453,242.50258909201375,236.23147515733956,238.06055067024138,20347100
2022-10-06,238.834716796875,242.27028548507374,238.1476119193884,239.9379683013216,20239900
2022-10-07,226.68930053710938,233.5410791626443,225.65378480022213,233.1346048289845,37769600
2022-10-10,221.86013793945312,226.99896799750226,219.42136587622,225.5376480865996,29743600
2022-10-11,218.14393615722656,221.67627288848584,216.88583856563983,220.28268877269275,30474000
2022-10-12,218.47293090820312,220.51491548211942,216.7406381971181,218.1342072790965,21903900
2022-10-13,226.68930053710938,228.4893441994696,212.06636940173655,212.76316144954848,42551800
2022-10-14,221.19236755371094,229.5925754900993,220.97945807089755,227.9473631652827,30198600
2022-10-17,229.87322998046875,231.25714167375685,227.5602721133645,228.21836002283007,28142300
2022-10-18,230.8119659423828,236.06692311030656,227.78285659055385,235.39917762563184,26329600
2022-10-19,228.8570556640625,231.88616474151667,226.73764801989628,229.39900168382854,19985700
2022-10-20,228.53773498535156,233.5314067191375,227.29899677080496,228.16999426870214,21811000
2022-10-21,234.31529235839844,235.16693041205536,226.94092667336207,227.17319562442967,26299700
2022-10-24,239.27987670898438,239.85085446829365,233.52167838261744,235.90237181871956,24911200
2022-10-25,242.57998657226562,242.9477272430807,237.90567969361152,239.28957660185964,34775500
2022-10-26,223.8634033203125,230.61839877791698,222.64400998891642,223.718229712473,82543200
2022-10-27,219.4407196044922,226.15701124638468,218.50198634809382,223.5924250678105,40424600
2022-10-28,228.2667236328125,228.97320270821285,218.76327910286216,218.94715681380413,40647700
2022-10-31,224.64727783203125,227.34733548815285,223.69885756884622,226.22472462576297,28357300
2022-11-01,220.81497192382812,228.140961178221,220.00205274402387,227.03770950079402,30592300
2022-11-02,213.00506591796875,223.84403012553616,212.94698761825015,222.06334620744084,38407000
2022-11-03,207.34365844726562,213.3050945982589,207.08235775345725,212.9954026993864,36633900
2022-11-04,214.25350952148438,214.4470595832424,206.55009302136054,210.53729517480699,36789100
2022-11-07,220.5246124267578,221.04721381188003,214.14704442988435,214.83416409790135,33498000
2022-11-08,221.4923553466797,224.18274067732156,218.56002878294467,221.32783708020688,28192500
2022-11-09,217.27293395996094,221.26013615245242,217.09874333274988,220.04074269428185,27852900
2022-11-10,235.14752197265625,235.48624560984527,227.42476185380536,227.84089369162848,46268000
2022-11-11,239.14442443847656,239.99606241623323,234.1313937515766,235.15723711883936,34620200
2022-11-14,233.76364135742188,236.0475673740293,231.49907477577239,234.18946032496393,31123300
2022-11-15,234.17010498046875,239.03796188941354,232.29263846364998,237.74116029609917,31390100
2022-11-16,234.59715270996094,236.60607933443262,233.32580987814504,235.6258724117802,24093300
2022-11-17,234.54856872558594,236.07224872369898,230.61808681154827,230.76365473112853,23123500
2022-11-18,234.10214233398438,236.5477869566877,231.97676193163215,236.32456307646515,27613500
2022-11-21,234.90768432617188,237.45036963154155,234.07306028423957,234.3059689787537,26394700
2022-11-22,237.79969787597656,238.07143450191685,233.6071793553725,236.40218676626338,19665700
2022-11-23,240.27450561523438,240.95384732065142,237.06217820148206,237.8773882479825,19508500
2022-11-25,240.18716430664062,241.3614517929226,239.44958062083853,240.01246797791015,9200800
2022-11-28,234.62623596191406,239.37194317865058,233.69457155598104,238.81877021422886,24778200
2022-11-29,233.23841857910156,235.62582136830417,231.1809796211648,234.27683765009397,17956300
2022-11-30,247.6114044189453,247.79580032500542,232.78228328422537,233.47133933183883,47594200
2022-12-01,247.17471313476562,248.56251016658027,243.51595261951238,246.37890225412923,26041500
2022-12-02,247.4949493408203,248.50425481236772,242.32222362886404,242.44839236600893,21528500
2022-12-05,242.8171844482422,246.33037684588194,240.7403313992676,244.57377324279298,23435300
2022-12-06,237.8870849609375,244.42820886485632,236.58662873937655,243.41890331596056,22463700
2022-12-07,237.15919494628906,238.89638442921668,235.06294286518101,237.60562791314456,20481500
2022-12-08,240.09979248046875,241.4002634352855,235.88785939315616,237.61533452681962,22611800
2022-12-09,238.17822265625,240.9829448599812,236.95540766792848,237.47946700334126,20609700
2022-12-12,245.0590057373047,245.08811932166867,239.8765804009923,240.14831706074776,30665100
2022-12-13,249.3389129638672,256.13235956018696,245.60251141247596,253.96815091092603,42196900
2022-12-14,249.63006591796875,254.84160556776638,246.8059293712521,249.54272515265737,35410900
2022-12-15,241.6623077392578,246.69916567601095,240.04158720461845,246.2333334693487,35560400
2022-12-16,237.4697723388672,242.4678019516118,236.3245836806278,241.21587335248572,86102000
2022-12-19,233.3549041748047,237.97445766545272,231.66625680711488,237.63477938812645,29696400
2022-12-20,234.66506958007812,235.74231675615167,231.38480046926088,232.33587889229094,25150800
2022-12-21,237.2174530029297,238.37234134182555,233.02493348625407,234.55831327324242,23690600
2022-12-22,231.16159057617188,234.84946471293264,226.96905623748663,234.14099458820857,28651700
2022-12-23,231.6856231689453,231.82149149891836,227.03697155694044,229.1429380757911,21207000
2022-12-27,229.96786499023438,231.87972122287346,228.87120393787913,231.65651213728756,16688600
2022-12-28,227.6095428466797,232.64639991916565,227.26016504949752,229.8999051151991,17457100
2022-12-29,233.89840698242188,234.78155876768741,228.6965662589639,228.6965662589639,19770700
2022-12-30,232.74351501464844,232.87938337029664,229.6767552059716,231.18102152042397,21938500
2023-01-03,232.51052856445312,238.49846380336683,230.39484781786445,235.90725134496904,25740000
2023-01-04,222.33978271484375,225.9985278733158,219.2924376104367,225.4259409938991,50623400
2023-01-05,215.75015258789062,220.83553784778456,215.21637883212745,220.4958596008794,39585600
2023-01-06,218.2928466796875,219.09835714227594,212.87751216247153,216.4198034707522,43613600
2023-01-09,220.41819763183594,224.41663581790868,219.72915641914315,219.76796959383623,27369800
2023-01-10,222.0972137451172,224.48461699369963,220.62206100406132,221.03936566945262,27033900
2023-01-11,228.81298828125,228.98766979827053,224.2904903213458,224.4651718383663,28669300
2023-01-12,231.47213745117188,232.8211212975009,226.66820302336927,228.3180371449277,27269500
2023-01-13,232.17088317871094,232.30675151679418,227.98806347571494,230.00668936190732,21333300
2023-01-17,233.2578887939453,233.80136224903268,230.09407362412242,230.9481118012831,29831300
2023-01-18,228.85179138183594,235.22793302598163,228.57035512507287,234.4418366169308,30028700
2023-01-19,225.08627319335938,228.57035182284125,223.87315781209423,226.88168988104673,28623000
2023-01-20,233.13168334960938,233.63634353931783,227.59016528126836,227.92984354153225,35389800
2023-01-23,235.4220428466797,237.93561455180438,232.57849247852556,233.98571827354252,31934000
2023-01-24,234.89793395996094,236.7515776821993,233.3451552696359,235.34436690365789,40234400
2023-01-25,233.51016235351562,236.1207891156233,224.08667522306712,227.5610395748184,66526600
2023-01-26,240.68209838867188,240.9829486422917,234.85914439539755,236.46045082013288,33454500
2023-01-27,240.83737182617188,242.45809218411858,239.54661529494882,241.6428822092,26498900
2023-01-30,235.54820251464844,238.35292478678218,235.05324194345323,237.2950768809861,25867400
2023-01-31,240.49769592285156,240.6335642533175,235.78110272448055,236.26634887736424,26541100
2023-02-01,245.29196166992188,247.6502511666021,238.2267779645673,240.68212262765826,31259900
2023-02-02,256.79229736328125,256.8796381260482,249.65917223320272,251.182852423541,39940400
2023-02-03,250.72669982910156,256.40408589321055,249.51358441442338,251.88158807324123,29077300
2023-02-06,249.19329833984375,250.67815038089995,247.26202813154237,249.84354121530777,22518000
2023-02-07,259.6648864746094,260.83917372488975,252.40559427354566,252.8423276033304,50841400
2023-02-08,258.8594055175781,268.5934414880708,258.354730598475,265.1384914873045,54686000
2023-02-09,255.84117126464844,265.89548673151216,255.04536048337422,265.7207756113508,42375100
2023-02-10,255.33651733398438,256.29729518565995,252.96851387057905,253.81283739078765,25818500
2023-02-13,263.31402587890625,266.49724001770915,259.26705921966635,259.7426206728503,44630900
2023-02-14,264.138916015625,266.856282749665,261.33417890703004,264.62416219078045,37047900
2023-02-15,262.0276794433594,263.39950469785816,258.9726863891012,261.0547562578646,28922400
2023-02-16,255.0518035888672,259.5175173851741,254.8085727958793,256.8711651698153,29603600
2023-02-17,251.07254028320312,253.04757304733442,249.06832101285343,252.36654467181947,30000100
2023-02-21,245.8284912109375,248.5721416274502,244.77773242454728,247.58947974202172,28397400
2023-02-22,244.6999053955078,247.45327979594094,243.56158704829775,247.21004899921323,22491100
2023-02-23,247.87164306640625,249.88558633204974,243.69779430491118,248.64024584758673,29219100
2023-02-24,242.471923828125,244.20372595601927,241.38225458242883,243.19189234867713,24990900
2023-02-27,243.38644409179688,245.97442307770388,242.63728915469153,245.62417017099744,21190000
2023-02-28,242.66648864746094,244.68044668021838,241.99516930320846,242.3259744546454,22491000
2023-03-01,239.6017608642578,244.13557094129538,239.13474711689472,243.97017580621457,27565300
2023-03-02,244.3107452392578,244.5928864350576,238.95966764159195,239.8742178244938,24808200
2023-03-03,248.3775634765625,248.69862992215678,244.58316883886687,245.3615103876745,30760100
2023-03-06,249.9147491455078,253.07674918507004,249.04884819003743,249.48666061100502,24109800
2023-03-07,247.26840209960938,250.71255821742662,246.528985881538,249.36018084473946,21473200
2023-03-08,246.83058166503906,247.6478334867659,244.01883456634258,247.16137194826737,17340200
2023-03-09,245.48797607421875,252.53193017156482,244.76800759955387,248.8932070956166,26653400
2023-03-10,241.8589630126953,245.9452372856859,240.89577859254197,244.2815470078051,28333900
2023-03-13,247.0446319580078,250.92660047438005,239.07638938766013,240.70116918441778,33339700
2023-03-14,253.7286376953125,254.00105499083594,248.93211882541823,249.79801983882402,33620300
2023-03-15,258.25274658203125,259.26459506275955,252.19142412250247,252.9405940179142,46028000
2023-03-16,268.7214050292969,269.07164313641664,256.1512239726221,258.0289586598438,54768800
2023-03-17,271.8638916015625,275.6582857099673,268.83811504692954,270.72558821466924,69527400
2023-03-20,264.8588562011719,269.96670228330714,262.543294560003,269.4802407516752,43466600
2023-03-21,266.3669738769531,267.5539416420704,262.2223105888561,267.43719558177474,34558700
2023-03-22,264.9172058105469,273.4302818621783,264.8101688435891,265.99713606358097,34873300
2023-03-23,270.1418762207031,273.4498093699548,267.7484933121212,270.4142935461412,36610900
2023-03-24,272.9730529785156,273.03142599171395,267.8262812456373,269.7332022897182,28172000
2023-03-27,268.8965148925781,273.83895161321755,268.05978551317787,272.90495366822654,26840200
2023-03-28,267.7776794433594,268.6630431725957,264.6837609123016,268.3225140934646,21878600
2023-03-29,272.9146728515625,273.527619165426,270.8715283691032,271.4066242065595,25087000
2023-03-30,276.35882568359375,276.757727762298,273.8584356014265,276.53397442659906,25053400
2023-03-31,280.49371337890625,281.43744995850153,275.33723290766795,276.0474774481902,32766000
2023-04-03,279.45269775390625,280.46451634607917,276.26151134425334,278.7619010121522,24883300
2023-04-04,279.40399169921875,282.5854685892093,277.93489830814957,279.4526556590393,25824300
2023-04-05,276.6409912109375,279.3749031470758,275.2594568336865,278.11011480832366,22064800
2023-04-06,283.70440673828125,284.17139086476425,274.39352473015583,275.5415669627722,29770300
2023-04-10,281.55426025390625,281.75856581319096,277.00095709388467,281.3791115118309,23103000
2023-04-11,275.1718444824219,278.2365761916983,274.0140932371224,278.0127931758795,27276600
2023-04-12,275.8140563964844,279.2387659063554,274.32548472151746,277.0788746827498,27403400
2023-04-13,281.9920349121094,282.05040792429327,275.50265429718814,275.91126538247534,24222700
2023-04-14,278.3922424316406,280.66887902365164,276.00856885442937,279.22894208294247,20987900
2023-04-17,280.98016357421875,283.7043659155023,278.41166217437114,282.0795713658837,23836200
2023-04-18,280.5618591308594,283.86008303886325,279.2386978273748,283.67522525510293,20161800
2023-04-19,280.6396789550781,281.22340905975057,276.8355460862607,278.2462667608946,17150300
2023-04-20,278.3630065917969,281.2039550334732,277.3608970127179,277.52630699953454,23244400
2023-04-21,278.02252197265625,278.51869257683563,275.3956176560884,277.2928296281938,21676400
2023-04-24,274.1405029296875,277.2344206340081,271.17309965717897,274.4518454154845,26611000
2023-04-25,267.9625244140625,273.9751827450711,267.9138604386518,271.9417767926592,45772200
2023-04-26,287.3722839355469,291.4585727273819,284.8037824567908,288.6662882525056,64599200
2023-04-27,296.57611083984375,296.9361172975543,287.25552138127716,287.9560271426598,46462600
2023-04-28,298.94036865234375,300.56513364270495,295.0973104351293,295.7783684985938,36469600
2023-05-01,297.286376953125,300.2440714597597,296.887474923344,298.65820207273595,21294100
2023-05-02,297.1404724121094,300.8083821173536,295.681087639922,299.42684782678805,26404400
2023-05-03,296.15777587890625,300.25377368049993,295.85617210321027,298.31766627691815,22360800
2023-05-04,297.1404724121094,299.42684782678805,295.1848873161754,297.94798558856564,22519900
2023-05-05,302.2385559082031,303.5228215296377,296.03130176252597,297.4420521379096,28197100
2023-05-08,300.292724609375,301.8007733081372,297.8020437181864,301.7326615616671,21318600
2023-05-09,298.68743896484375,301.6451339704267,298.0161195443124,299.6603622188009,21340800
2023-05-10,303.85357666015625,304.5248958986196,299.3392294255837,300.2634884514186,30078000
2023-05-11,301.71319580078125,302.695857722587,297.9674652772338,301.7034867589505,31680200
2023-05-12,300.6040954589844,302.23859938067807,298.2982721245842,302.14130111816417,19774700
2023-05-15,301.080810546875,301.50889913783726,299.26144888091557,300.7305724404115,16336500
2023-05-16,303.299072265625,305.21573217875385,301.4407853698495,301.4407853698495,26730300
2023-05-17,306.16571044921875,306.5849748220485,302.98703781876026,304.49838322404014,24315000
2023-05-18,310.57293701171875,311.07998209113083,305.89270858681226,306.68249676156313,27276000
2023-05-19,310.39739990234375,310.7971739556616,308.47655029580653,308.83731401909836,27546700
2023-05-22,313.16656494140625,314.5413890695808,310.0756729757329,310.65094892902596,24115700
2023-05-23,307.394287109375,314.66815212283035,307.3845270869392,312.04526511786804,30797200
2023-05-24,306.0194396972656,308.6033161721185,304.8103574976606,306.8774884337067,23384900
2023-05-25,317.7882995605469,318.7438294879401,312.0159906409768,315.1751430242443,43301700
2023-05-26,324.58441162109375,325.0816668912498,315.7992015223041,315.935693050292,36630600
2023-05-30,322.9462585449219,327.36323325803346,322.27347175530826,326.86597805939425,29503100
2023-05-31,320.1966857910156,327.5583014347169,319.16310540886235,323.9993748636306,45950600
2023-06-01,324.2820739746094,325.2083832572948,316.6181962485788,317.79799826429337,26773900
2023-06-02,327.0317687988281,329.0793797798021,324.25287030723234,325.9104672337744,25873800
2023-06-05,327.5583190917969,330.11294548453895,326.31025620693947,326.8562818593042,21307100
2023-06-06,325.3547058105469,327.0025428376745,323.88240041372416,326.96353250247705,20396200
2023-06-07,315.3117370605469,326.1445304522962,314.4536881273052,323.37539146712487,40717100
2023-06-08,317.144775390625,318.4903491637824,315.28242630303987,315.85770223750364,23277700
2023-06-09,318.63665771484375,321.7568004475304,316.3160335177299,316.881549531298,22529000
2023-06-12,323.5703125,323.81407497291605,317.04722634427355,320.38188031031484,24260300
2023-06-13,325.94952392578125,328.5724112174238,322.1468342809254,326.12502581181246,22951300
2023-06-14,328.92340087890625,330.58099797009817,324.50642506625707,325.9982505458626,26003800
2023-06-15,339.4148864746094,341.11146383028944,328.7868481922745,329.0598609823398,38899100
2023-06-16,333.78887939453125,342.70085137133475,333.41838536086453,342.5545998111812,46552000
2023-06-20,329.6156311035156,333.54508130008793,327.48026928452794,330.84420359010136,26375400
2023-06-21,325.2376708984375,329.30364243212927,323.78485594149885,327.9775589781728,25117800
2023-06-22,331.2342834472656,331.6340575859297,325.02321865294914,325.78375659192324,23556800
2023-06-23,326.6612243652344,329.52787360599757,325.13041855453594,326.0176878258627,23146900
2023-06-26,320.4014587402344,327.72406452687306,320.29418775939905,325.39371033432894,21520600
2023-06-27,326.2225341796875,327.76310031619386,321.0840008711868,323.58012686208883,24354100
2023-06-28,327.47052001953125,329.54738110019997,325.481409860504,326.31020823977883,20259500
2023-06-29,326.6905517578125,327.7241025708121,324.32118695571927,326.35903826648905,16997000
2023-06-30,332.0434875488281,334.17884912203095,328.7868245882197,329.32309010858233,26832800
2023-07-03,329.5570983886719,332.3944971013384,328.17254422685164,330.72717014347734,12508700
2023-07-05,329.7131652832031,333.12584042536054,326.3785108077479,326.7295145394102,18172400
2023-07-06,332.75531005859375,334.43239728548525,327.1292821478824,328.88436028376566,28161200
2023-07-07,328.806396484375,333.2623825906087,328.591884271755,330.85400764917136,21214800
2023-07-10,323.5508117675781,326.86600540201454,319.4166095021663,326.25171917261997,32791400
2023-07-11,324.1748962402344,324.55515029230673,318.84137119543414,322.80007207810127,26698200
2023-07-12,328.786865234375,333.1258197926784,327.29503995487715,328.20182929500714,29995300
2023-07-13,334.1106262207031,335.16366709536976,330.5614300476907,331.0879653631058,20567200
2023-07-14,336.6263122558594,342.661875208143,335.71952273631194,338.91768611399266,28352700
2023-07-17,337.1040344238281,338.33257714303016,333.6621092446477,337.05526407197954,20363900
2023-07-18,350.52069091796875,357.62881326178683,333.63284869185065,337.20150526147,64738600
2023-07-19,346.220703125,353.41657610071684,343.6465868791131,352.7242990079896,39732900
2023-07-20,338.2156066894531,349.0386682151087,336.7530316118285,344.74845393864297,33778400
2023-07-21,335.19293212890625,341.56000752112044,331.35123269865875,340.43870595783125,69405400
2023-07-24,336.4994812011719,338.2643490243122,333.76935318489967,337.2210384138867,26678100
2023-07-25,342.2230529785156,343.11035203179654,336.46050402116185,338.4495845575855,41637700
2023-07-26,329.3426208496094,336.07048951280683,324.7988843745913,332.92106736693563,58383700
2023-07-27,322.468505859375,332.8137710712754,320.8401594248719,331.98500245672983,39635300
2023-07-28,329.9277038574219,331.5268003348271,324.8574610945914,325.34498615387326,28484900
2023-07-31,327.5388488769531,329.27443689751834,325.0426931980882,328.5138989953868,25446000
2023-08-01,327.94830322265625,330.0934250583603,325.37418677597503,326.827001708787,18311900
2023-08-02,319.328857421875,325.3059183538415,318.2172862001048,325.3059183538415,27761300
2023-08-03,318.50982666015625,321.64948875271074,317.8175495134228,317.86629010944046,18253700
2023-08-04,319.6019287109375,326.7783131025437,319.07539331182784,323.5996401737791,23741500
2023-08-07,321.8737487792969,322.8487988022052,319.3483727907042,320.17717126140934,17741500
2023-08-08,317.9150390625,320.54768595225426,314.9411484793251,318.80233812895545,22327600
2023-08-09,314.1904296875,318.9486495627494,313.03984786233747,318.32463292180273,22373300
2023-08-10,314.87286376953125,320.0698965106326,313.1665264082013,317.88576445394,20113700
2023-08-11,313.0008239746094,314.3658880842269,311.2457160426732,312.26953644201075,24355500
2023-08-14,315.9552001953125,315.974690482468,312.09398089474894,313.37132372944086,18836100
2023-08-15,313.82958984375,316.9790121676308,312.89355014228914,314.9411611661193,16966300
2023-08-16,313.06744384765625,316.9954627703804,312.4811692512175,313.4582836388938,20698900
2023-08-17,309.6280212402344,314.50381263909213,308.9733414603899,313.20426358487214,21257200
2023-08-18,309.2371520996094,311.0936633520083,304.4199558180871,307.29267431715726,24755000
2023-08-21,314.5135803222656,315.3831966115051,309.78435031765304,310.65396660689254,24040000
2023-08-22,315.0802917480469,318.61744100027846,314.1031773769701,318.0507277854862,16084600
2023-08-23,319.51641845703125,321.66608212966844,316.05742502712076,316.40920172771865,21166400
2023-08-24,312.64727783203125,325.35954498918005,312.63749714645934,325.2325153533981,23281400
2023-08-25,315.58843994140625,317.9139473148537,311.5040788241883,314.11298756039173,21684100
2023-08-28,316.29193115234375,318.68584344960186,314.3572339791844,318.207066953983,14808500
2023-08-29,320.8941345214844,321.45109687018396,314.51357886440167,314.51357886440167,19284600
2023-08-30,321.2655029296875,322.26214904101624,318.97905844898986,321.14825395413936,15222100
2023-08-31,320.2590026855469,323.33690686450706,319.30141990622377,321.6660497077852,26411000
2023-09-01,321.13836669921875,324.39214396761776,319.3013871740993,323.727713447218,14942000
2023-09-05,325.91650390625,327.18677054781415,321.13842988312655,321.47064520868975,18553900
2023-09-06,325.2618713378906,326.8056990885685,322.6236503266788,325.7504285755841,17535800
2023-09-07,322.3598327636719,325.4572688809115,321.4999672739755,323.70825547986243,18381000
2023-09-08,326.6200256347656,328.4667861972207,321.92010767166425,322.5356945258159,19530100
2023-09-11,330.20599365234375,330.67501922954517,327.7534273306666,329.52200174632014,16583300
2023-09-12,324.1772155761719,329.08234867340195,323.89387388585794,328.13454656577954,17565500
2023-09-13,328.3690185546875,329.14094717585755,323.5909452896053,323.7277257811767,16544400
2023-09-14,330.94866943359375,333.0592103619418,328.8674109262189,331.38835303568044,20267000
2023-09-15,322.6627502441406,329.6784251727831,322.10578782450574,329.2094292987057,37679800
2023-09-18,321.5293273925781,322.83865737625007,318.8911060489949,320.29815345634984,16834200
2023-09-19,321.128662109375,321.85174708859677,317.0834237409372,318.7054373268487,16505900
2023-09-20,313.42901611328125,322.0471733986375,313.17498661327795,321.9690173569062,21436500
2023-09-21,312.2173156738281,317.9041277757012,307.79098930609734,311.95350556074925,35560400
2023-09-22,309.75506591796875,314.09345652566765,308.9147319725734,313.96642687422224,21447900
2023-09-25,310.2729187011719,310.39994834578414,307.7910397456029,309.34464808220946,17836000
2023-09-26,304.99652099609375,308.650919524038,302.92501329864484,307.918083681108,26297600
2023-09-27,305.6316223144531,307.1070447852302,302.6025617027996,305.1528159801847,19410100
2023-09-28,306.4621887207031,308.2600757204857,302.3680768122536,303.8728115871533,19683600
2023-09-29,308.5238952636719,312.1587623008752,307.7715278533527,310.4781242122937,24147300
2023-10-02,314.43536376953125,314.52333029570326,307.96687199890835,309.0417036720847,20570000
2023-10-03,306.2178955078125,314.03481069195016,304.0877634575696,313.48759919542874,21033500
2023-10-04,311.6603698730469,312.7156700194833,306.81389127739357,306.84320351373003,20720100
2023-10-05,312.05120849609375,312.6570444101147,307.6932870679997,311.7873983700248,16965600
2023-10-06,319.7705078125,321.6563316821838,309.06131118825493,309.30558981860264,25673600
2023-10-09,322.2718505859375,322.7408463729551,315.78379722001137,317.31787385142707,19891200
2023-10-10,320.8746337890625,323.5226056424412,320.17111018080624,323.38579530400693,20557100
2023-10-11,324.8124084472656,325.203248275294,321.60747414676473,323.6300784570828,20063200
2023-10-12,323.5811462402344,325.9946195382519,321.19698517583004,323.00465243306866,19313100
2023-10-13,320.229736328125,326.19011074612195,318.8910644547027,324.7733126546174,21072400
2023-10-16,325.0273132324219,328.4472132631376,323.03399172229655,323.47367526332005,22158000
2023-10-17,324.4605712890625,325.82852534192716,319.91699576886526,322.0470977811233,18338500
2023-10-18,322.55523681640625,327.909834737972,320.7866620472197,324.8807739787621,23153600
2023-10-19,323.7375793457031,329.1703335138683,323.33695882729216,324.5485712503718,25052100
2023-10-20,319.1939697265625,324.32382025517603,318.0018889823848,324.1283854502297,25027700
2023-10-23,321.7833251953125,325.1152889172781,316.96615830256553,318.0214287466955,24374700
2023-10-24,322.9656066894531,324.24562410946174,320.1026687848026,323.7179740081932,31153600
2023-10-25,332.87359619140625,338.2770379621599,329.89337919706037,337.1240202368528,55053800
2023-10-26,320.38604736328125,333.8115893601042,319.45777677753637,332.7465382675552,37828500
2023-10-27,322.2620849609375,329.0139487725961,320.8843501338627,322.867891093588,29856500
2023-10-30,329.5904541015625,331.6814932194884,324.23585648353105,325.77971392594014,22828100
2023-10-31,330.3721008300781,331.24174686809175,327.0303866312015,331.09518568729226,20265300
2023-11-01,338.14996337890625,339.46907368839175,331.8768762591472,332.0136865785613,28158800
2023-11-02,340.3485107421875,340.84681883225545,336.879736569886,339.29321044253436,24348100
2023-11-03,344.7259521484375,346.27959030223104,339.38113512943426,341.62851616542054,23637700
2023-11-06,348.37060546875,349.3575005821622,345.2633887474612,345.36110615399525,23828300
2023-11-07,352.2790222167969,354.164845685057,349.44539667177366,351.17487827159056,25833900
2023-11-08,354.8879699707031,355.54261993465985,352.2985928972702,353.4027369651116,26767800
2023-11-09,352.4353942871094,356.44156927918397,352.1129298373234,354.0085341532929,24847300
2023-11-10,361.2099304199219,361.63008249841977,352.8067397541227,353.2171111454846,28042100
2023-11-13,358.288330078125,360.03737334526807,357.5261819771122,359.7930947254669,19986500
2023-11-14,361.7961120605469,363.43768679672274,358.94295491704753,362.51919694143055,27683900
2023-11-15,361.94305419921875,365.3307238214912,359.4365366374243,363.51938712911283,26860100
2023-11-16,368.3071594238281,368.48338982170065,362.4423444484434,363.2060393855787,27182300
2023-11-17,362.11932373046875,366.5448349860827,359.32888905208205,365.80071110392805,40157000
2023-11-20,369.55059814453125,370.95070053235196,363.24520725093254,363.46060991672704,52465100
2023-11-21,365.2719421386719,368.35609354646346,363.36268990163154,367.81760182816333,28423100
2023-11-22,369.95208740234375,371.8515394102055,367.13228112759265,370.09894608755127,23345300
2023-11-24,369.540771484375,370.06949251389324,367.2986596667437,369.44285575599235,10176600
2023-11-27,370.69610595703125,372.68370265137486,368.33650717542696,368.9043706026068,22179200
2023-11-28,374.70068359375,374.994400937648,370.25557188472965,370.44160282909473,20453100
2023-11-29,370.9311828613281,376.2672475889846,369.55065146948715,375.7385563254902,28963400
2023-11-30,370.9898681640625,372.1451961390215,367.6217700935787,370.5786340328009,30554400
2023-12-01,366.6817932128906,370.25549290656926,363.5486694410809,368.8847624612835,33040500
2023-12-04,361.4241027832031,361.79613477265366,355.3145134346435,361.3849305128498,32063300
2023-12-05,364.7334289550781,365.28172122334854,357.9776614584204,358.7903292029664,23065000
2023-12-06,361.0911865234375,366.35873644463544,360.3372921206186,365.73212951183393,21182100
2023-12-07,363.1962585449219,363.68580733396766,358.6630319776083,360.5331119373255,23118900
2023-12-08,366.4076843261719,366.6328576380953,360.53309906732864,361.48282487936234,20154400
2023-12-11,363.5389709472656,363.8327181906465,358.44768073859893,360.77793808950827,27708800
2023-12-12,366.5545654296875,366.59373770012405,362.7164896784692,363.0983520859286,24838300
2023-12-13,366.54473876953125,369.74640682649743,363.0199816736299,368.16024372357776,30955500
2023-12-14,358.28118896484375,365.9475401487158,356.5188251808004,365.50693426286074,43277500
2023-12-15,362.9808349609375,364.6159110894826,358.6238390376856,359.1819317961551,78502300
2023-12-18,364.86065673828125,365.2033468198128,360.9736386882021,361.72756284350805,21802900
2023-12-19,365.4579162597656,365.4579162597656,362.109389902321,363.72489468578055,20603700
2023-12-20,362.8731689453125,368.1700908565403,362.78505374172363,367.1616214647713,26316700
2023-12-21,365.7321472167969,366.58395739776404,362.30530541678434,364.77262075610525,17708000
2023-12-22,366.7503967285156,367.3378613138971,364.91948884316713,365.86921479028837,17107500
2023-12-26,366.8287048339844,369.0610461329153,365.69294804965995,367.1615944273694,12673100
2023-12-27,366.2510681152344,367.2203652351963,365.01739550459973,365.87900622442777,14905400
2023-12-28,367.43572998046875,368.59105792655595,366.3391454974242,367.5238451750327,14327000
2023-12-29,368.17987060546875,369.2764551389083,365.67338313483896,368.140698335078,18730800
2024-01-02,363.117919921875,368.0427796247224,359.1036138103624,366.0454121665628,25258600
2024-01-03,362.85357666015625,365.45797986261033,360.8072662610182,361.2968150611858,23083500
2024-01-04,360.24920654296875,365.30135421024977,359.49531207816057,362.92215399405467,20901500
2024-01-05,360.0631408691406,364.2830491168241,358.8392688743441,361.25764113124956,21004600
2024-01-08,366.8581237792969,367.3574731734819,361.296855951119,361.58077277397365,23134000
2024-01-09,367.9351501464844,368.1309517677685,363.4312945412616,364.23416186369485,20830000
2024-01-10,374.7691955566406,376.1399561660862,368.45403366179033,368.50297659226095,25514200
2024-01-11,376.59033203125,382.5138608324762,372.4291670394017,377.9316910243427,27850800
2024-01-12,380.35009765625,380.55569981393256,376.6099371438589,377.4323756542809,21661200
2024-01-16,382.1123962402344,385.79381264906647,379.5177936668549,385.43155133047776,27202300
2024-01-17,381.3291015625,381.95570842020396,376.76650366232656,379.8702558603142,22234100
2024-01-18,385.6371765136719,385.75466344784127,381.96556042243856,383.5321225973024,23392100
2024-01-19,390.3368225097656,390.3368225097656,385.2748751705021,387.48764513323476,29331100
2024-01-22,388.2220153808594,392.2460923450514,385.36303712070327,391.6586277842315,27016900
2024-01-23,390.5620422363281,391.03201985975426,385.6959257751216,387.47789064929606,20525900
2024-01-24,394.1455383300781,397.1513752160577,392.079656679383,393.14686950723774,24867000
2024-01-25,396.4072265625,398.5025096949156,394.11614184479663,395.8687348533506,21021200
2024-01-26,395.4869079589844,397.680107020746,394.0182614789132,395.9177133168471,17803300
2024-01-29,401.15582275390625,401.410397661508,395.8784729674485,397.5723223732038,24510200
2024-01-30,400.04949951171875,404.41626660201007,397.9542461080957,403.64280098293807,33477600
2024-01-31,389.2696838378906,406.6388988452341,388.90742243854083,398.45362583308616,47871100
2024-02-01,395.34002685546875,399.4718199134869,393.40140285508346,393.4307745878308,30657700
2024-02-02,402.62451171875,404.0246140998081,395.12462060191353,395.36939499914837,28256700
2024-02-05,397.1708984375,402.5657352720622,395.5455929874579,401.33206284957225,25352300
2024-02-06,397.0142822265625,399.4424550677267,394.4882235276778,397.39614463854895,18382600
2024-02-07,405.3953552246094,405.64012962816963,398.88436206584436,398.9235343367266,22340500
2024-02-08,405.4541320800781,406.87383568951475,403.9071708692484,405.39538860876115,21225300
2024-02-09,411.75946044921875,412.02383590927224,406.4135962217608,406.57025541446654,22032800
2024-02-12,406.5800476074219,411.94548291897434,406.0806983084005,411.76925253567924,21202900
2024-02-13,397.8269958496094,401.49861232810986,394.95824667886694,396.4758362047706,27824900
2024-02-14,401.672119140625,402.01544302317166,396.8460672009255,400.2792461565028,20401200
2024-02-15,398.79803466796875,401.3189759217452,396.5713838346197,400.34788638470263,21825500
2024-02-16,396.34576416015625,400.4950166150196,395.737605866878,400.17130014605374,22296500
2024-02-20,395.1000061035156,396.7675320143623,390.41126629664336,395.5413968145009,24307900
2024-02-21,394.5016174316406,394.60953289016544,389.6363215762775,392.53001248162076,18518900
2024-02-22,403.7908630371094,404.9483275530714,400.76967888893086,402.3587454167674,27009900
2024-02-23,402.505859375,407.92046175721333,401.162019956702,407.73411674298126,16295900
2024-02-26,399.75933837890625,404.2911294979053,399.5827521513917,403.60448178020243,16193500
2024-02-27,399.7004699707031,400.52442923735737,396.13976854109416,400.20071277924296,14835800
2024-02-28,399.9358825683594,401.48570431449235,397.5817089338175,400.38709194736896,13183100
2024-02-29,405.74285888671875,406.2921650523384,398.1702468207432,400.8383181687279,31947300
2024-03-01,407.5673828125,407.93031407980567,403.0355914321904,403.41813008815376,17823400
2024-03-04,406.9984436035156,409.38204334564557,404.4480762959748,405.54668869062186,17596000
2024-03-05,394.9626770019531,406.3412180011649,392.991071894389,406.0567462440755,26919200
2024-03-06,394.41339111328125,397.4247865981622,390.784048581795,395.27659515513125,22344100
2024-03-07,401.32879638671875,401.9565620702222,394.56050584072034,398.3664344564578,18718500
2024-03-08,398.46453857421875,402.58436507476455,396.61060766849016,400.171309298901,18002200
2024-03-11,396.79693603515625,397.93479302965693,393.5991959671877,396.05146623078247,16120800
2024-03-12,407.3515319824219,407.6360037253644,399.02363143663507,399.83777202306123,22457000
2024-03-13,407.17498779296875,410.1961717884516,403.5946789555971,410.11771230614136,17115900
2024-03-14,417.10174560546875,419.6521126654565,410.0097692297409,412.2168124659908,34157300
2024-03-15,408.4698181152344,414.53182378938754,404.9091164524236,411.28501994441507,45079900
2024-03-18,409.3526306152344,412.69753127897746,405.8802070917239,406.34123515822085,20106000
2024-03-19,413.36456298828125,413.6196087209555,407.6164248857175,409.8528945727863,19837900
2024-03-20,417.1116027832031,417.8276466076136,412.62884514501485,413.94325853489937,17860100
2024-03-21,421.1724853515625,422.5948140004444,419.0046869391771,421.6236946735433,21296200
2024-03-22,420.5545959472656,421.65320840400005,417.93558766825475,421.4962894258474,17648500
2024-03-25,414.7868957519531,419.25004676180146,413.56076029896417,417.1214624440357,18060500
2024-03-26,413.59991455078125,417.85705232022457,413.3056540804049,417.48430243445387,16725600
2024-03-27,413.3841552734375,416.3465173372015,411.0103740796991,416.3366986755512,16705000
2024-03-28,412.6877136230469,413.81575210575176,411.11825446083225,412.9231220201488,21871200
2024-04-01,416.4642028808594,419.720825298805,414.15906261710444,415.856044584665,16316000
2024-04-02,413.3939514160156,414.31600751259526,409.8626759328322,412.08932675524255,17912000
2024-04-03,412.4228820800781,415.17923184367993,411.0888313055727,411.7166269488562,16502300
2024-04-04,409.9018859863281,420.48589287991564,409.5978068668824,416.87612828288866,19370900
2024-04-05,417.39605712890625,418.36717662742586,410.33353586981326,411.9912731648726,16554800
2024-04-08,416.4838562011719,419.1225019527215,415.2184760981184,417.052799785157,14272400
2024-04-09,418.14154052734375,419.5736580977935,413.57050478624086,418.29848942937065,12496900
2024-04-10,415.1791687011719,415.9344571556194,411.6871382875885,414.1295898580884,16216600
2024-04-11,419.76007080078125,421.1725811111206,414.2964045264092,417.6903687099733,17966400
2024-04-12,413.8451843261719,417.06256218596104,411.75584496590756,415.9541310748391,19253800
2024-04-15,405.74285888671875,418.6712210349568,405.53684662340567,418.45542004596757,20273500
2024-04-16,406.6649169921875,410.4119935798852,405.8311689524943,406.65512826574127,16765600
2024-04-17,403.9771728515625,410.88277399306753,402.4959920980667,409.2838890616667,15855500
2024-04-18,396.5517578125,404.02630364117994,396.23788993068626,402.7903496970384,21029900
2024-04-19,391.50006103515625,397.73865251494925,390.17582902876677,396.3163237053195,30565800
2024-04-22,393.304931640625,395.1588624515417,388.1944084543801,392.441727661041,20286900
2024-04-23,399.7887878417969,400.40676483693346,395.3648819975192,396.52234656320184,15734500
2024-04-24,401.2503356933594,404.595236495939,399.0138660286807,401.74078982977966,15065300
2024-04-25,391.421630859375,392.25540884693,380.6218216022703,386.507271018032,40586500
2024-04-26,398.56268310546875,405.1151436193312,398.01337683095016,404.3010028701169,29694700
2024-04-29,394.5703430175781,398.56264677395114,391.56876617151903,397.5130677635141,19582100
2024-04-30,381.89697265625,394.4820415046003,381.74005368851095,393.82481984555585,28781400
2024-05-01,387.39990234375,394.05045900742965,382.85829240714,385.11436938308555,23562500
2024-05-02,390.2445068359375,392.29460134045365,387.11540734616494,390.0679505478797,17709400
2024-05-03,398.8961486816406,399.37678414031285,394.1877711661832,394.59976579857647,17446700
2024-05-06,405.6448059082031,406.02734455936377,398.61168058742396,400.9560656726651,16996600
2024-05-07,401.5249938964844,406.7532518204941,401.2797668251692,406.74343315845897,20018200
2024-05-08,402.7020263671875,404.3597634781988,398.9451315189421,400.37727892161104,11792300
2024-05-09,404.4480895996094,404.84044690561177,401.28956389363333,402.73150019277335,14689700
2024-05-10,406.8218688964844,407.44966453116945,403.93799631140473,405.0562460600837,13402300
2024-05-13,405.8213195800781,410.36292908810583,402.9766919421273,410.0294239104783,15440200
2024-05-14,408.60711669921875,409.51935413927424,403.69275704643184,404.15378509704203,15109300
2024-05-15,415.75115966796875,416.46852499785643,410.0418061194269,410.6608977071615,22239500
2024-05-16,413.6973571777344,418.0506409370668,413.06845922359344,414.493323488297,17530100
2024-05-17,412.930908203125,415.5939858480529,410.7886784280323,415.2205635959117,15352200
2024-05-20,417.9720764160156,419.3772981518083,412.71474538865465,412.9309356548489,16272100
2024-05-21,421.6079406738281,425.4698558470045,417.4905197677202,419.4362019217813,21453300
2024-05-22,423.0622863769531,424.91956115828395,419.7310254046841,422.6397422694005,18073700
2024-05-23,419.603271484375,426.0889486573305,418.05065430726955,425.4698570651074,17211700
2024-05-24,422.70855712890625,423.59296088139126,417.05816150216543,419.7900037534496,11855300
2024-05-28,422.8658142089844,423.3571529882785,419.210252491479,422.18776429444347,15718000
2024-05-29,421.7357482910156,423.4750768037088,418.3160195321069,418.3160195321069,15517100
2024-05-30,407.48687744140625,416.95003623481153,407.0643033400361,416.95003623481153,28394500
2024-05-31,407.9389343261719,409.5308671519035,397.50290358954135,409.5308671519035,47995300
2024-06-03,406.3568115234375,409.21640680558284,401.8365187640821,408.33200300435846,17484700
2024-06-04,408.8626708984375,409.2262568074665,402.58334672161834,405.28571008638386,14348900
2024-06-05,416.66510009765625,416.7338647316788,409.0886349128657,410.57248754759564,16988000
2024-06-06,417.16619873046875,417.942522272772,413.294447378338,416.66505364933033,14861300
2024-06-07,416.50787353515625,418.89577271534046,415.67259164399417,418.8171717087438,13621700
2024-06-10,420.4582214355469,420.66457531575907,416.5471841383872,417.34315052242914,13982900
2024-06-11,425.1849060058594,425.3224952545953,417.88361916349896,418.1096457911631,14551100
2024-06-12,433.41973876953125,435.71920053687387,425.7450298401941,427.7791794767063,22366200
2024-06-13,433.9306945800781,435.709368351957,431.7589858154619,433.21335923548196,15960600
2024-06-14,434.9035949707031,435.4637283515464,429.15492551069684,430.68790003484014,13582000
2024-06-17,440.6031494140625,443.12863803595843,433.0856717940259,434.9232741023748,20790000
2024-06-18,438.6082763671875,442.34246889984814,437.18341197055486,441.9198947788086,17112500
2024-06-20,437.9793395996094,438.79494866589,433.62605582240985,438.56892206249415,19877400
2024-06-21,441.9886779785156,442.774807970896,438.77533339876635,439.63025801243765,34187100
2024-06-24,439.915283203125,444.9072720890794,438.67709986214254,442.0083612472025,15913700
2024-06-25,443.138427734375,443.60028735592437,439.01117026568124,440.4851865060809,16413400
2024-06-26,444.32745361328125,445.7425115856911,440.42622281234816,441.2221891732116,16507000
2024-06-27,445.00555419921875,448.2680510068741,443.9442456044681,444.3471470164623,14806300
2024-06-28,439.2077331542969,447.4916975183524,438.6770788922511,445.22171482768863,28362300
2024-07-01,448.81829833984375,449.447196335744,437.94005138791704,440.88808384173325,17662800
2024-07-02,451.3241271972656,451.6287548273333,445.26099374388446,445.349461110364,13979800
2024-07-03,452.7882995605469,453.03396893483153,449.94837718806366,450.25300481306164,9932800
2024-07-05,459.4607238769531,460.2370475569388,451.01952711906966,451.6484251718753,16000300
2024-07-08,458.1636047363281,459.5983356560207,456.4144397692927,458.4682323999341,12962300
2024-07-09,451.5796203613281,459.23465638604694,450.06628863582495,458.91038601076474,17207200
2024-07-10,458.1733703613281,458.37972423311413,450.91136946375343,453.2305038870679,18196100
2024-07-11,446.8234558105469,456.72883147324404,443.7279978013262,454.96002402992053,23111200
2024-07-12,445.693359375,448.45468069664645,442.8436006787632,446.459846610387,16324300
2024-07-15,446.09625244140625,449.33910606074033,443.61007966105154,445.4476817175394,14429400
2024-07-16,441.7331848144531,446.43038212668165,438.92274152217504,446.3517811207802,17175700
2024-07-17,435.83709716796875,437.1440749862863,431.5722805813875,434.92321432561624,21778000
2024-07-18,432.7416687011719,436.94752703468305,426.8750830594602,436.6428994208888,20794800
2024-07-19,429.5381164550781,433.4983352820313,424.51664918921864,425.5976003585523,20940400
2024-07-22,435.2671813964844,436.898429671943,431.306992206013,434.1371082507153,15808800
2024-07-23,437.1440734863281,440.6227600869156,435.4243879336588,436.21051790501895,13107100
2024-07-24,421.47039794921875,433.83249840274334,420.18309274942834,432.82034171919196,26805800
2024-07-25,411.15228271484375,422.35480083589914,410.2777152857788,421.3721232816147,29943800
2024-07-26,417.90325927734375,421.490056226304,410.0418390958428,410.95575198353527,23583800
2024-07-29,419.3379821777344,424.66407745687695,417.34314804369717,424.10394408211863,15125800
2024-07-30,415.5940246582031,421.6178131681188,410.1303096009262,420.31086515251326,32687600
2024-07-31,411.1031188964844,414.47369536650564,405.0694649339739,413.21586942488864,42891400
2024-08-01,409.88458251953125,420.05530026736574,405.9342299111822,413.5008583778063,30296400
2024-08-02,401.4139404296875,407.8111808388244,397.335834619087,405.34465060644726,29437900
2024-08-05,388.30499267578125,394.09297731515574,378.9007621776494,382.42860065253456,40709200
2024-08-06,392.6877746582031,398.64282840268,391.59701693545804,393.07103331037194,24946500
2024-08-07,391.5281982421875,402.97638538590667,390.58483621712907,401.5613573427881,20650900
2024-08-08,395.7143859863281,398.8294567188382,393.0120229903142,395.46871662305415,20203000
2024-08-09,398.9866943359375,400.9815283942931,395.2918474526737,397.03117577316215,19276700
2024-08-12,399.7630310058594,401.6792641246606,397.23754263585204,400.008700380632,16762900
2024-08-13,406.8383483886719,407.762067699129,402.4752575998139,402.49490035510087,19414300
2024-08-14,409.6389465332031,410.48406481515934,405.3053649551057,407.61463319199424,18267000
2024-08-15,414.4824523925781,414.5611950729744,411.1648649409175,413.2715696251715,20752100
2024-08-16,411.9622802734375,414.787643452163,410.81046198721873,414.0591609720714,22775600
2024-08-19,414.9746398925781,415.19121979816396,409.98347800679744,412.44459964164133,15234000
2024-08-20,418.1938171386719,419.2373304106215,415.08298552534507,415.14205004692775,16387600
2024-08-21,417.5440673828125,419.7689009161739,415.1616884163413,417.48497282390196,16067300
2024-08-22,409.087646484375,420.1528703345148,408.16226230018384,417.7606371537281,19361900
2024-08-23,410.3083801269531,412.73996960606866,405.6814592418378,410.4954277824997,18493800
2024-08-26,407.0596618652344,410.7907306533513,404.94310328054127,409.89487877847426,13152800
2024-08-27,407.404296875,407.91619944694173,403.87012920932085,406.43952621400086,13492900
2024-08-28,404.21466064453125,408.54622911327857,400.975815861933,408.42810007077503,14882700
2024-08-29,406.6954650878906,415.4865852646763,404.2146650393698,408.48716903331825,17045200
2024-08-30,410.6529541015625,410.9974871196902,405.72085639315753,409.1368946584357,24308300
2024-09-03,403.0726623535156,413.3503087826454,400.7001374742272,411.41094371784055,20313600
2024-09-04,402.54107666015625,404.8446830658677,398.0815251485243,399.59758459335677,15135800
2024-09-05,402.03900146484375,406.67574622741506,399.8141378862011,401.28095677141835,14195500
2024-09-06,395.45306396484375,404.2638620080845,394.56703607993364,402.6985921439958,19609500
2024-09-09,399.41058349609375,402.2950113792448,395.896093936394,400.9069349134055,15295100
2024-09-10,407.7586669921875,409.85551750473985,401.3597503882825,401.8519747424291,19594300
2024-09-11,416.461181640625,417.39638986900843,403.21048066101315,409.03843011648604,19266900
2024-09-12,420.35955810546875,420.7237992857079,413.2223056552003,416.72694031699655,17395700
2024-09-13,423.89373779296875,425.1144444971336,418.84351144501346,419.2077526362247,15874600
2024-09-16,424.6320495605469,426.7879943677343,421.5605747785227,423.90356722052456,13834700
2024-09-17,428.3828125,434.9786302945307,425.5475956574911,433.38382833136643,18874200
2024-09-18,424.1103515625,429.2491750935579,423.71657808226,428.2351941115192,18898000
2024-09-19,431.8678283691406,434.6341269777226,430.1056566789826,434.3683366283435,21706600
2024-09-20,428.5009460449219,432.409208323067,427.4672869965637,430.4206328981448,55167100
2024-09-23,426.76837158203125,429.67247726227924,423.6968964015023,427.52638627626743,15128900
2024-09-24,422.495849609375,426.61083784634445,419.4735849772464,426.2662748026867,17015800
2024-09-25,425.39007568359375,426.38437839634133,421.9051492250097,423.1455340479856,13396400
2024-09-26,424.6025085449219,428.53044870901516,422.4564178816269,428.3237229222171,14492000
2024-09-27,421.3636779785156,425.134132931837,420.8222432669672,424.80924807051827,14896100
2024-09-30,423.6082763671875,423.7264354508624,418.75495134014767,421.55078212730024,16807300
2024-10-01,414.1477355957031,421.81659955830685,412.2969671899716,421.78706729834266,19092900
2024-10-02,410.6430969238281,416.24461251055664,410.22961524498584,416.00832438993655,16582300
2024-10-03,410.0622863769531,413.0254566537122,407.84727671300476,411.1353318978847,13686400
2024-10-04,409.5897216796875,413.2223397680441,408.51667620718774,411.73581262468696,19169700
2024-10-07,403.1711120605469,410.6233655735784,402.6395013728588,409.5306419831522,20919800
2024-10-08,408.26068115234375,409.19591936395466,401.82240877121177,404.50993429186275,19229300
2024-10-09,410.9679260253906,413.84252930935924,407.8570646785986,409.3928021729279,14974300
2024-10-10,409.37310791015625,410.8596349305785,406.72493873590105,408.77260867644156,13848400
2024-10-11,409.845703125,410.64310419410805,406.82343830885475,409.66850956364067,14144900
2024-10-14,412.621826171875,417.4456186019399,411.02699410502277,411.27310627026066,16653100
2024-10-15,412.2279968261719,415.90985501650863,408.80213492837686,415.61450241094855,18900200
2024-10-16,409.6487731933594,409.8850312589263,404.09649835161355,408.71356498849764,15508900
2024-10-17,410.23944091796875,415.9295528895068,409.12700914123224,415.79171565844746,14820000
2024-10-18,411.6571044921875,413.12392355721715,409.78665782313783,410.65297755440105,17145300
2024-10-21,412.26739501953125,412.4445885621628,407.3156196249642,409.64875806524304,14206100
2024-10-22,420.8616638183594,423.8838984262341,411.53893363879695,411.9819175179694,25482200
2024-10-23,417.9969482421875,424.3761569602065,415.95913210482394,424.15957703194096,19654400
2024-10-24,418.12493896484375,419.35549993342784,415.8311564953273,418.7155841953702,13581600
2024-10-25,421.49169921875,425.7937351729216,419.9362835126177,420.1233311665373,16899100
2024-10-28,419.9559326171875,425.2227387354677,419.6704341057476,424.9470943239702,14882400
2024-10-29,425.23260498046875,426.43363353122214,419.17822176857095,421.3440208086144,17644100
2024-10-30,425.8035888671875,431.68074872313076,425.3802831426112,430.6372355196224,29749100
2024-10-31,400.03070068359375,409.6881391925744,399.981460227055,408.90056227484143,53971000
2024-11-01,403.98822021484375,409.0384470027673,401.162857168779,402.6493843637014,24230400
2024-11-04,402.10791015625,404.0374512515174,399.26286901744754,403.42706781751014,19672300
2024-11-05,405.061279296875,408.44778544240023,401.7338376736444,402.0193362267301,17626000
2024-11-06,413.6456604003906,413.91148078515863,404.13588205792996,406.0063586804049,26681800
2024-11-07,418.8139953613281,420.2119257079772,413.35031719618456,414.7285393416903,19901800
2024-11-08,415.968994140625,419.8674028807744,415.2208034572557,418.70576053564287,16891400
2024-11-11,411.5094299316406,418.20366938728347,409.5306783384117,415.94927334689254,24503300
2024-11-12,416.4513244628906,417.8394007087299,410.71200186963034,411.7456609678349,19401200
2024-11-13,418.58758544921875,422.65333320998997,411.70626883397995,415.0829505962656,21502200
2024-11-14,420.2513122558594,421.51140536702854,413.4684464166278,418.39068982634956,30246900
2024-11-15,408.54620361328125,416.2248913266483,407.2073678244848,413.2912534776132,28247600
2024-11-18,409.2944030761719,411.8933320342017,405.6913172118432,408.4182293083614,24727000
2024-11-19,411.2928466796875,411.4405079817959,405.1498661250552,406.68560375296545,18133500
2024-11-20,409.028564453125,410.8005900683197,404.19491792354364,410.3871084118776,19191700
2024-11-21,407.26287841796875,414.0790385036892,404.71793020151534,413.80284233986384,20780200
2024-11-22,411.3367919921875,411.73135363774225,405.4774597411712,405.7832472742104,24814600
2024-11-25,413.1025390625,415.36141754143,409.2160446876401,412.69810354496985,27691100
2024-11-26,422.1775207519531,423.21327891734404,413.16166540924917,413.8916059444426,23458900
2024-11-27,417.2454833984375,421.4279216336492,416.28865548862075,419.33668746447955,18332400
2024-11-29,417.7090759277344,419.10980447039015,412.1259395107062,414.384847961252,16271900
2024-12-02,425.126953125,427.1195090506518,415.58826631722377,415.84474493949193,20207200
2024-12-03,425.343994140625,426.59673575541547,421.9309618493427,424.0024483022702,18302000
2024-12-04,431.4794616699219,433.69890467425466,426.75450568960144,427.1490673141917,26009400
2024-12-05,436.6088562011719,438.6211597736825,430.2464705000807,431.97270407918,21697800
2024-12-06,437.5459899902344,440.04162946603964,435.7704172944161,436.29321828806303,18821000
2024-12-09,439.9626770019531,442.2413029263077,434.51765390142566,436.5891402244184,19144400
2024-12-10,437.3092346191406,443.5138201555157,435.60274857576576,438.3548667232301,18469500
2024-12-11,442.8923645019531,444.23391032066826,438.0194510528632,438.0194510528632,19200200
2024-12-12,443.4546203613281,449.96499320791463,443.01071967285327,443.01071967285327,20834800
2024-12-13,441.1957092285156,445.2992167545738,439.5286583553318,442.34983294961415,20177800
2024-12-16,445.45709228515625,446.0390760652819,439.2327888515734,441.1957536441267,23598800
2024-12-17,448.2880554199219,449.1068002031095,443.4644812477741,444.8849272856994,22733500
2024-12-18,431.44989013671875,446.50262602359174,431.08488976149135,445.19070178831043,24444500
2024-12-19,431.09478759765625,437.1612597390131,430.39443838506674,435.6224481744677,22963700
2024-12-20,430.6706237792969,437.7136411325363,422.80886164173944,427.22800034083093,64263700
2024-12-23,429.3389587402344,431.70635881030796,426.9518110200716,430.80871372187636,19152500
2024-12-24,433.363525390625,433.6298778354008,428.2933464556966,428.74709084992185,7164500
2024-12-26,432.16009521484375,434.9516783695283,430.7002140852734,433.1169230295789,8194200
2024-12-27,424.6830749511719,429.3093836032803,420.5598497453618,428.6978084898888,18117700
2024-12-30,419.06048583984375,421.7435474622816,416.17028459927946,420.2737923808389,13158700
2024-12-31,415.77569580078125,420.9346790911402,414.94710727917607,420.313230174155,13246500
2025-01-02,412.89532470703125,420.2836247921959,409.21600045312425,419.7509500092328,16896500
2025-01-03,417.6005859375,418.27134378737713,413.8423310893823,415.3613950253171,16662900
2025-01-06,422.03948974609375,428.42162361284306,419.7016808979234,422.1874466156374,20573600
2025-01-07,416.6338806152344,424.801430542522,415.0851952170159,423.1738448521772,18139100
2025-01-08,418.79412841796875,421.171402275518,415.81515330470927,417.70906128958796,15054600
2025-01-10,413.2602844238281,418.94203783823525,409.3836345721572,418.8631375574346,20201100
2025-01-13,411.5242614746094,412.81646832203865,406.69081302742603,409.6007318390263,17604800
2025-01-14,410.0248718261719,414.03957499111027,405.14208486737954,412.1357932076061,16935900
2025-01-15,420.5203857421875,422.3353935398116,412.5895665870108,413.43790279096226,19637800
2025-01-16,418.8138427734375,423.6571645662551,418.6264508238549,422.8779150872359,15300000
2025-01-17,423.20343017578125,428.57942688248704,422.3551241092644,428.1947089431654,26197500
2025-01-21,422.6806335449219,425.0480336398343,419.82002384260585,424.3575582513444,26085700
2025-01-22,440.1402893066406,441.1957350447454,430.0788007344463,431.61761238386987,27803800
2025-01-23,440.643310546875,440.68277574358376,435.50407496539947,435.9972845633218,18389300
2025-01-24,438.029296875,440.5841189283991,435.40541825453283,439.1143639891968,15549500
2025-01-27,428.6583557128906,429.2896784954125,417.74856099112463,418.2516444520013,35647800
2025-01-28,441.1266784667969,442.29064589853647,425.52151949148305,428.69779052094407,23491700
2025-01-29,436.32275390625,440.8109789415141,434.41897223898974,440.62355690140845,23581400
2025-01-30,409.3540954589844,417.1172097708342,407.54896156269734,413.0827588425547,54586300
2025-01-31,409.4231262207031,414.97667080056476,409.2751693701902,413.2899024984714,34161900
2025-02-03,405.33941650390625,409.7684293585694,403.11009933813943,406.0101743775102,25679100
2025-02-04,406.76971435546875,408.2986823038951,404.1754268282418,407.08537575034575,20532100
2025-02-05,407.6772155761719,408.2098602907994,404.8264495269334,406.74997908357795,16316700
2025-02-06,410.1728515625,412.5205341470821,408.3775613386283,408.3775613386283,16309800
2025-02-07,404.18524169921875,412.96436600470287,402.5576561425311,410.8238533335017,22886800
2025-02-10,406.6217041015625,409.8176925215145,405.33937124502273,408.0914590052598,20817900
2025-02-11,405.8523254394531,406.88805357704496,403.741373863551,404.07678288840276,18140600
2025-02-12,403.4849548339844,405.17172339110687,398.8783635040398,401.6797906754277,19121700
2025-02-13,404.96453857421875,405.4182829681306,400.8412835235649,401.4726062482461,23891700
2025-02-14,402.8831787109375,403.3566707547541,400.3678218416371,402.25188608897315,22758500
2025-02-18,404.0767822265625,405.0237362453633,400.9794114377888,402.4590402622825,21423100
2025-02-19,409.1370544433594,409.84727742582396,402.11375500738893,402.3406422459273,24114200
2025-02-20,411.30169677734375,414.4447923675228,407.75335474991726,410.47144681938056,23508700
2025-02-21,403.47357177734375,413.1993956224997,403.15730762956775,412.4976421272199,27524800
2025-02-24,399.3124084472656,404.62009578289485,394.6867174896375,403.7700887978409,26443700
2025-02-25,393.283203125,397.25657880262406,392.09714469383994,396.44608593506547,29387400
2025-02-26,395.0919494628906,398.9170410828285,389.6755229646048,393.3919053914201,19619000
2025-02-27,387.97552490234375,401.03224256641477,387.6197164134029,396.61410618114576,21127400
2025-02-28,392.38372802734375,393.01631660620876,382.0846478468725,388.10398215130573,32845700
2025-03-03,383.9823913574219,394.1925506012372,381.6794393165997,394.1925506012372,23007700
2025-03-04,384.1009826660156,388.0249203607145,376.5792952112664,378.9514422192701,29342900
2025-03-05,396.36700439453125,397.00948665687173,384.29868393839774,384.82253320835395,23433100
2025-03-06,392.2849426269531,397.4838909032578,388.12376908504734,389.70521049036057,23304600
2025-03-07,388.7464599609375,390.2191619837315,381.0666253730808,387.76795648683793,22034100
2025-03-10,375.7490539550781,381.91664235119805,372.8431639999478,381.3631423753148,32840100
2025-03-11,376.03570556640625,381.5212976511773,372.53677123025375,374.6025176419591,30380200
2025-03-12,378.82293701171875,380.7503233781215,374.55308456142495,378.5066728711865,24253600
2025-03-13,374.37518310546875,380.8492026304598,373.0705217726956,378.7142611357114,20473000
2025-03-14,384.0516052246094,385.7022417844661,375.1066228255176,375.37347920482887,19952800
2025-03-17,384.1899719238281,388.15342385678485,381.0962841175908,382.2131776873556,22474300
2025-03-18,379.0700378417969,382.87537263830677,376.67813379609476,382.57886557924786,19486900
2025-03-19,383.3201599121094,385.158563988563,379.54447585576617,381.0567221702146,19185500
2025-03-20,382.3515625,387.244140619299,378.8328709429988,381.26431956643484,18470500
2025-03-21,386.72027587890625,387.19468720298374,378.35841433019584,378.7735544022507,39675900
2025-03-24,388.51910400390625,390.81219242783766,385.2870564688155,390.81219242783766,21004500
2025-03-25,390.57501220703125,391.7610706609813,388.0842623065983,389.34940942223693,15775000
2025-03-26,385.4452209472656,390.72325787798576,384.0614710304359,390.4168571879551,16108400
2025-03-27,386.048095703125,387.6888383797828,382.9050004114053,385.6033351411741,13766800
2025-03-28,374.40478515625,384.6149434292676,372.55648752516225,383.5771084434194,21632000
2025-03-31,371.034423828125,372.694923815259,362.9789628551185,368.2174858935481,35184700
2025-04-01,377.7554626464844,378.4078083047587,368.8994337189865,370.302940607575,19689500
2025-04-02,377.7060852050781,380.61194495123306,372.2501138660857,373.584455994143,16092600
2025-04-03,368.78082275390625,373.10014336261634,365.0644702169303,370.4413527847735,30198000
2025-04-04,355.664794921875,370.2436515761853,355.30898645827625,359.90502676066706,49209900
2025-04-07,353.7077941894531,366.6953473866903,340.78946619633433,346.808801297969,50425000
2025-04-08,350.44610595703125,369.31460473132455,346.1861164728992,363.98715955184485,35868900
2025-04-09,385.959228515625,388.66745746383924,349.0030714046672,349.4379686032566,50199700
2025-04-10,376.9252014160156,379.4456016968333,363.53240398806116,377.62695483918543,38024400
2025-04-11,383.94287109375,385.52428234575257,374.4937970946495,376.2234920445777,23839200
2025-04-14,383.3102722167969,390.0709046779098,379.75203666792555,388.6575040815548,19251200
2025-04-15,381.2544250488281,387.3429548173336,379.702634359307,384.0021677861047,17199900
2025-04-16,367.2982177734375,377.1821883945702,363.7301188576812,376.25312290658945,21967800
2025-04-17,363.5126647949219,369.9767899290697,362.6330071079686,369.41339637295704,21120200
2025-04-21,354.9531555175781,360.25097956592975,351.54320368031085,358.6102367890087,20807300
2025-04-22,362.5638732910156,363.50283254625396,355.68460696363,359.1637844616611,19485000
2025-04-23,370.0460205078125,375.9764033603888,368.69189108581185,371.6966268435602,20545500
2025-04-24,382.80615234375,383.9428330432701,370.8366789549492,371.34077108557176,22232300
2025-04-25,387.30340576171875,387.60980644654984,380.1375268589871,382.5096738423667,18973200
2025-04-28,386.6214294433594,388.1830836548117,382.15388522315925,387.4121350910717,16579400
2025-04-29,389.4680480957031,390.51574673335216,385.8505106594193,386.7598192081199,14974000
2025-04-30,390.6737976074219,392.05754733836756,379.97933510918136,385.771326898526,36461100
2025-05-01,420.4640808105469,431.91959850384194,419.96988230696996,426.1078192756201,58938100
2025-05-02,430.2294921875,434.3412277785372,425.0008630376841,426.7305579775838,30757400
2025-05-05,431.10919189453125,434.40054108405303,427.09627177369964,427.8474632490504,20136100
2025-05-06,428.2823181152344,432.65104629505106,426.16716413896285,427.18521188154574,15104200
2025-05-07,428.3218688964844,433.0365119798482,426.10783898687293,428.8061738000786,23295300
2025-05-08,433.0859680175781,438.5221520354275,430.60508165893515,432.8487322038109,23491300
2025-05-09,433.6394958496094,435.626153625383,430.82255791751214,434.89474938101273,15324200
2025-05-12,444.0472717285156,444.15598092637396,434.6772567640601,440.7657862582039,22821900
2025-05-13,443.9287109375,445.4409573721911,440.19254074927665,442.5844751269483,23618800
2025-05-14,447.6846008300781,448.6334536340928,442.940306646518,442.940306646518,19902800
2025-05-15,448.6946105957031,451.7246558325709,446.0210270484144,446.3576953837484,21992300
2025-05-16,449.8234558105469,449.9125712368337,444.33770477780746,447.6251846388841,23849800
2025-05-19,454.37841796875,455.0913715701619,446.3874026485213,446.46663650360125,21336500
2025-05-20,453.68524169921875,453.8535607411002,449.8729211666083,451.13047896335826,15441800
2025-05-21,448.14007568359375,453.29906971148773,447.3875051898017,450.12049890400635,19216900
2025-05-22,450.40765380859375,455.74490907390424,449.4570590917957,450.4967994491365,18025600
2025-05-23,445.77349853515625,449.2491512931012,444.51594054738166,445.5754743252827,16883500
2025-05-27,456.18060302734375,456.4380677238799,451.65532857824905,452.0118204825961,20974300
2025-05-28,452.8832092285156,457.9927052337918,452.45742544945836,456.70544210957024,17086300
2025-05-29,454.19024658203125,457.2004982884002,450.85323834601354,457.0321490211595,13974800
2025-05-30,455.85382080078125,457.16090743162863,451.081023612945,455.22010105843367,34770500
2025-06-02,457.4480895996094,457.5867035205711,452.41782757710985,452.6653804963421,16626500
2025-06-03,458.43829345703125,459.5968543955761,456.3489311405408,456.9529759669727,15743800
2025-06-04,459.3294372558594,461.13162957016016,458.48775137554446,459.4581695952893,14162700
2025-06-05,463.1021423339844,465.0528603462912,459.48787612751937,460.408765640122,20131700
2025-06-06,465.7757568359375,468.7067748339504,464.19141216551986,465.4885869985769,15285600
2025-06-09,468.12255859375,468.7958952647425,464.0329796350046,465.10242514198006,16469900
2025-06-10,466.3104553222656,468.1720277278758,462.38919566775553,466.5778015728124,15375900
2025-06-11,467.99383544921875,470.81594475736864,465.0628173622344,465.4192790589967,16399200
2025-06-12,474.1826477050781,475.7174938929388,468.88500933710617,470.37032681118086,18950600
2025-06-13,470.3109130859375,474.48960742449077,468.13246560456287,471.74673205457395,16814500
2025-06-16,474.45001220703125,475.98482813726486,470.3505215770748,470.5584575569121,15626100
2025-06-17,473.3608093261719,474.0539393845567,469.4395492382731,470.74663593423935,15414100
2025-06-18,475.53924560546875,476.291816149254,469.8158233270243,473.3211811212961,17526500
2025-06-20,472.72705078125,478.72773115460745,472.2022397987241,477.50979012623617,37576200
2025-06-23,481.24285888671875,482.97572926336846,467.8849134818946,473.52910172023695,24864000
2025-06-24,485.3125915527344,487.0355802812341,482.03499358247046,484.16397269221426,22305600
2025-06-25,487.45147705078125,489.71907018583636,484.59969288856837,487.2237477118272,17495100
2025-06-26,492.58074951171875,493.16497070218156,487.9861533971619,488.1545026576009,21578900
2025-06-27,491.0855712890625,494.4126679494895,488.2040517426954,492.6797975508017,34539200
2025-06-30,492.54119873046875,495.85841392483957,490.4815414994746,492.17482524139086,28369000
2025-07-01,487.2336120605469,493.1748817381986,486.1741086010328,491.61036068604886,19945400
2025-07-02,486.28302001953125,488.66943364597034,483.9164299655294,485.1937811955959,16319600
2025-07-03,493.9571838378906,495.2345653483035,488.6100468852986,488.9764203666982,13984800
2025-07-07,492.84814453125,493.86806132382594,490.38252718836065,492.51147619590915,13981600
2025-07-08,491.7589111328125,493.3234624825612,489.27347018920887,492.37283752871576,11846600
2025-07-09,498.5814514160156,501.8194324629264,494.84833435120834,495.4028504286207,18659500
2025-07-10,496.57135009765625,499.502368126141,492.8778497571002,498.12595942487985,16492100
2025-07-11,498.393310546875,500.0865639242522,492.9273231662245,493.5907782355643,16459500
2025-07-14,498.09625244140625,499.0369655948213,496.1257409313552,496.6109349689791,12058800
2025-07-15,500.86883544921875,503.3245408608939,497.8684955298327,498.09622485625505,14927200
2025-07-16,500.6708068847656,501.7600457375481,496.9773367906475,500.2351113436526,15154400
2025-07-17,506.6913146972656,508.34495123446135,500.67081092720053,500.7302212088446,17503100
2025-07-18,505.0574035644531,509.60250130270686,502.463054063605,509.4440336050126,21209700
2025-07-21,505.0673522949219,507.0775109565722,500.6014880788464,501.75013722027745,14066800
2025-07-22,500.32421875,506.19619667447284,500.32421875,505.968437121084,13868600
2025-07-23,500.91839599609375,501.82940407121947,495.79901834634256,501.7897871412931,16396600
2025-07-24,505.87933349609375,508.6420022469781,502.334358860161,503.7899711970312,16107000
2025-07-25,508.68170166015625,513.216827976129,505.364456023215,507.4537883180946,19125700
2025-07-28,507.48345947265625,509.9589885432546,505.12675096242896,509.0480107678364,14308000
2025-07-29,507.5527648925781,512.5533213636355,506.55264151082275,510.48381297361453,16469200
2025-07-30,508.2162170410156,510.89971236727115,504.4534248625209,510.12731827097724,26380400
2025-07-31,528.2779541015625,550.0131135040644,526.6936395202101,549.7952354974353,51617300
2025-08-01,518.979736328125,530.5553112156109,515.7615489434008,529.7631541007601,28977600
2025-08-04,530.39697265625,532.981410508703,522.960473635689,523.0991177691142,25349000
2025-08-05,522.584228515625,532.0407382325785,522.0792108748774,531.9219176627233,19171600
2025-08-06,519.8017578125,526.495598904166,518.9006917137275,525.7034415927023,21355700
2025-08-07,515.7418823242188,522.9209170643583,512.4840471895837,521.6435053063135,16079100
2025-08-08,516.9300537109375,519.524403327164,514.3257923084495,517.4845698020915,15531000
2025-08-11,516.6627807617188,522.4258201385037,514.6327984158801,517.1875615378566,20194400
2025-08-12,524.0595703125,525.7825288027884,517.5836082950698,518.6233183732385,18667000
2025-08-13,515.4844360351562,527.4857972911225,514.2862580919234,526.901545781552,19619200
2025-08-14,517.3657836914062,520.8018496782777,515.0487221853349,517.445017549053,20269100
2025-08-15,515.0783081054688,520.9502551513766,513.9990113965767,517.6528943134479,25213300
2025-08-18,512.0383911132812,517.7024328589179,508.9885829187347,516.4844919382945,23760600
2025-08-19,504.7801818847656,510.11740696385556,503.5721224631474,509.9589996924715,21481000
2025-08-20,500.7698669433594,505.9981835608303,499.50239716393804,504.87923949406314,27723000
2025-08-21,500.1251525878906,503.4875031078027,498.61756740599895,499.5796529563519,18443300
2025-08-22,503.0907287597656,506.56216679087737,498.310055406757,500.1350363394598,24324200
2025-08-25,500.14495849609375,504.0428801746979,500.0060864475961,502.4956130920682,21638600
2025-08-26,497.9430847167969,500.8590951140394,494.44189267773186,500.24412923099453,30835700
2025-08-27,502.6047058105469,503.1502356611414,495.82052770460996,497.90339657266526,17277900
2025-08-28,505.4810485839844,506.919197559233,501.3748189208979,502.9518399416591,18015600
2025-08-29,502.55511474609375,505.44137107101903,500.3730559294206,504.5090396010348,20961600
2025-09-02,500.9979553222656,501.87077891116434,492.75577163159113,496.3859077753076,18128000
2025-09-03,501.2261047363281,503.6461955733364,498.2208322179546,499.67883751509856,16345100
2025-09-04,503.8246765136719,504.0032003466391,499.04400319618804,500.18461248708434,15509500
2025-09-05,490.9605407714844,507.79205789513924,488.35199810583333,504.9157294675595,31994800
2025-09-08,494.1344299316406,497.1099483047291,490.990285532587,494.0451377441344,16771000
2025-09-09,494.3426818847656,498.15134157087306,493.6384843818268,497.33802599365555,14410500
2025-09-10,496.2867431640625,499.1234199731124,492.6665349159027,498.8754600894228,21611800
2025-09-11,496.9215087890625,499.0638857033828,493.8170463660224,498.15138006137016,18881600
2025-09-12,505.73895263671875,508.367321245748,499.73833579713096,502.5154742767582,23624900
2025-09-15,511.1544189453125,511.26350676755015,502.8626547877709,504.63805606783444,17143800
2025-09-16,504.885986328125,513.0091239663263,504.4495745277025,512.6620043570016,19711900
2025-09-17,505.8579406738281,507.1175961354426,501.80132099339164,506.4530503919847,15816600
2025-09-18,504.30078125,508.883074673213,503.5172196080818,507.31595138937655,18913700
2025-09-19,513.7034301757812,515.0622454615835,506.1456179521661,506.39357782967863,52474100
2025-09-22,510.2518615722656,513.5149918534414,508.3574141571104,511.38257317258103,20009300
2025-09-23,505.07440185546875,510.3906769190661,503.1700568391782,509.6070850287104,19799600
2025-09-24,505.9869079589844,508.29788064425674,502.7832857896144,506.215041937542,13533700
2025-09-25,502.8923645019531,505.84805701475193,500.9186136455738,504.15198973027213,15786500
2025-09-26,507.2861633300781,509.745935901324,502.4856643393456,505.8975942449135,16213100
2025-09-29,510.4005126953125,512.6321512651683,504.7272205888506,507.3258348805616,17617800
2025-09-30,513.7232666015625,513.9315141469417,505.5009089039439,509.05168089535164,19728200
2025-10-01,515.4688720703125,516.2623314762835,507.51430077675985,510.5989067561486,22632300
2025-10-02,511.53125,517.3434144406598,506.51254498360566,513.4157691025699,21222900
2025-10-03,513.1281127929688,516.2425031799986,510.7973143114264,512.8801529316524,15112300
2025-10-06,524.256591796875,526.6965386672223,513.9712214168786,514.377848960065,21388600
2025-10-07,519.7039794921875,525.4764919541412,517.1847292577561,523.9788048028778,14615200
2025-10-08,520.56689453125,522.6497936321297,518.8213080060119,519.0097599169904,13363400
2025-10-09,518.136962890625,520.0512058016051,513.1777655449532,518.07745494396,18343600
2025-10-10,506.790283203125,519.3073226434543,505.47115003636685,515.3994727403434,24133800
2025-10-13,509.8550720214844,512.1957986627914,507.50441729945595,512.1957986627914,14284200
2025-10-14,509.3790283203125,511.07509568876407,501.87079590760095,506.0662879637401,14684300
2025-10-15,509.2401123046875,512.9694382549203,505.838110317394,510.75765569343554,14694700
2025-10-16,507.4349670410156,512.6321960787722,503.9833851231019,508.3970827878481,15559600
2025-10-17,509.3889465332031,511.2734052578957,503.1700935064365,504.8859867353243,19867800
2025-10-20,512.5726928710938,514.4671401409408,509.2401268135401,510.41049011219013,14665600
2025-10-21,513.4356079101562,514.4572316509175,508.8533142722573,513.2769402267872,15586200
2025-10-22,516.2921142578125,520.943843958813,513.4852520447155,516.8971823641815,18962700
2025-10-23,516.3118896484375,519.6742395740552,514.3777908083965,518.1964086283891,14023500
2025-10-24,519.3369750976562,521.0627658394295,516.4606773737235,518.5236595856693,15532400
2025-10-27,527.1824951171875,530.2175212473691,524.6929685473742,527.440383046071,18734700
2025-10-28,537.6464233398438,549.2013167264516,536.3570441492753,545.511702993095,29986700
2025-10-29,537.130615234375,541.8121286840217,532.3499420595073,540.4929653309738,36023000
2025-10-30,521.469482421875,530.6042843733296,517.8591725476514,526.150935240438,41023100
2025-10-31,513.5844116210938,525.0004940086545,510.89650476941233,524.5640822050067,34006400
2025-11-03,512.810791015625,520.6760707602963,510.3907002836433,515.5680732671589,22374700
2025-11-04,510.13275146484375,511.34276641791416,503.6956934801851,507.5837170627558,20958700
2025-11-05,503.02130126953125,510.6287232020861,502.4460174356622,509.11117977922714,23024300
2025-11-06,493.0434265136719,501.5732523540539,491.7639450704796,501.5335702984596,27406500
2025-11-07,492.76568603515625,495.30479262227396,489.2248119110569,492.89463000746537,24019800
2025-11-10,501.8707580566406,502.7138276367279,494.72950196106785,495.95940345274505,26101500
2025-11-11,504.5289001464844,505.4414057875519,498.2505695472254,500.68055811559174,17980000
2025-11-12,506.9688415527344,507.494515261433,495.0469117437556,505.203338237195,26574900
2025-11-13,499.1828918457031,509.3095642884979,497.1992129195551,506.1455939798088,25273100
2025-11-14,506.0166320800781,507.42505738590404,493.38060745410195,494.16416907736203,28505700
2025-11-17,503.34857177734375,507.9407930820625,500.78963942134817,504.3007594029326,19092800
2025-11-18,489.76043701171875,498.87544447228873,482.8076324047851,491.3275301094218,33815100
2025-11-19,483.14483642578125,491.14898819063853,478.88983663624714,486.1005289347495,23245300
2025-11-20,475.41387939453125,490.45844852333465,472.50235794747454,489.60385435710714,26802500
2025-11-21,469.1436462402344,475.9007957312625,465.3179114267742,475.4834301610789,31769200
2025-11-24,471.0118103027344,473.89352206444323,465.0694984877541,472.0055061050608,34421000
2025-11-25,473.9829406738281,476.12932719889915,461.9592459889855,471.08136597664605,28019800
2025-11-26,482.4393310546875,485.23161394332453,478.1664510662567,483.244222260298,25709100
2025-11-28,488.9082946777344,489.5243812398697,483.5820692635899,484.5260924315005,14386700
2025-12-01,483.6715087890625,486.77183499200703,481.59468809959253,485.3608038657598,23964000
2025-12-02,486.91094970703125,490.38888506208144,483.2541563831954,483.6516286444489,19562700
2025-12-03,474.71832275390625,481.18726202656165,472.20427350128017,473.31720798581483,34615100
2025-12-04,477.8087158203125,478.28570075231454,473.48613274494215,476.7355376297969,22318200
2025-12-05,480.11407470703125,480.35255199911325,475.86105782216015,479.4780948278929,22608700
2025-12-08,487.92449951171875,489.19642891935564,481.3263751862239,481.8331697469475,21965900
2025-12-09,488.918212890625,489.0175885389743,485.4204144751398,486.01663804004494,14696100
2025-12-10,475.5430603027344,481.19719183884354,472.084987996716,480.97857754952304,35756200
2025-12-11,480.422119140625,482.96597801292137,472.86007818396723,473.6252433732215,24669200
2025-12-12,475.51324462890625,479.40854546431024,473.3370484252935,476.79512068758515,21248100
2025-12-15,471.8266296386719,477.6894285774835,469.5411111878212,477.0733420562278,23727700
2025-12-16,473.38677978515625,474.87732355778707,467.911505956298,468.9350114671635,20705600
2025-12-17,473.1184387207031,476.9739832708393,472.0055042784347,473.903466892556,24527200
2025-12-18,480.9289245605469,486.51349034093164,474.87732052138307,475.1754171439269,28573500
2025-12-19,482.8566589355469,484.77448448182145,479.4482594182398,484.2875529363844,70836100
2025-12-22,481.8630065917969,485.64898536737695,479.6470539215635,483.0554234208069,16963000
2025-12-23,483.7807922363281,484.75459468390824,481.6840783901604,481.922585996358,14683600
2025-12-24,484.9433898925781,486.0762176057581,481.77349801821515,482.6181454723109,5855900
2025-12-26,484.6353454589844,485.04276435526947,482.8963778974979,483.6416497095635,8842200
2025-12-29,484.02923583984375,485.27135560420123,481.1276307272214,481.80333660098637,10893400
2025-12-30,484.4068603515625,486.5929730105466,482.43933166580535,482.8666136001516,13944500
2025-12-31,480.5711669921875,485.06269150087525,480.25317705215497,484.7645645601486,15601600
2026-01-02,469.95849609375,481.6046121327098,467.1960229709088,481.3363251826272,25571600
2026-01-05,469.86907958984375,473.0687813775576,466.5401924921144,471.071443053882,25250300
2026-01-06,475.493408203125,475.7219388392127,466.7886229022075,470.8130789419108,23037700
2026-01-07,480.422119140625,486.6128550141313,474.936929133209,476.73551614076564,25564200
2026-01-08,475.09588623046875,479.61722033317443,472.8600706717694,478.20615894860083,18162600
2026-01-09,476.2585144042969,476.7951186190047,469.2231615927928,471.0714211959582,18491000
2026-01-12,474.1717529296875,477.95773148860775,472.68120923483104,473.6649886945649,23519900
2026-01-13,467.70281982421875,472.7805908527595,463.01257439213845,471.68751939768345,28545800
2026-01-14,456.4839782714844,465.2483824443871,454.2879190598576,463.51933114332076,28184300
2026-01-15,453.7811279296875,461.32327541703046,453.02590941718984,461.1940901109254,23225800
2026-01-16,456.9609069824219,460.26993076816973,453.60224086509476,454.94370584966504,34246700
2026-01-20,451.6546325683594,453.92025792216236,446.4476759522066,448.3754483517362,26130000
2026-01-21,441.31024169921875,449.836168925793,435.9144806057656,449.74673993987386,37980500
2026-01-22,448.2959289550781,449.9851935867555,441.89652570286836,444.79810039972057,25349400
2026-01-23,463.0125732421875,468.1301005814363,447.6897705604439,449.02131930234236,38000200
2026-01-26,467.3152770996094,471.2602507862521,459.0874767807031,462.3766075757791,29291200
2026-01-27,477.55029296875,479.8258647405344,470.1770874429818,470.7136916421546,29213900
2026-01-28,478.5937194824219,480.69040309270366,474.9865988275796,480.16374552458444,36875400
2026-01-29,430.7671203613281,439.71038237575016,418.365786117595,437.21619626544543,128855300
2026-01-30,427.577392578125,436.8286984461687,423.7616041817895,436.4014165119217,58566800
2026-02-02,420.70098876953125,428.02452201181774,419.58805431821895,427.5276741085398,42219900
2026-02-03,408.6176452636719,419.3893041977899,405.9843574339844,419.34957819955315,61424100
2026-02-04,411.578857421875,417.15347618992746,406.66005118226167,408.40896545860215,45012400
2026-02-05,391.188232421875,405.72597626088844,389.84673704915224,404.87141244319446,66289200
2026-02-06,398.61114501953125,399.25704122003975,390.4429643868461,396.6535630940219,53515300
2026-02-09,410.99261474609375,412.2744908996196,398.3428555009064,402.2977759502542,45480500
2026-02-10,410.6646728515625,421.0090502850332,410.0982892644293,416.97464756162884,44857900
2026-02-11,401.8207702636719,413.8345489802859,398.4819668946231,413.5563153661985,42491000
2026-02-12,399.30670166015625,403.6392309547976,395.5008602319473,402.4467839094351,40802400
2026-02-13,398.7900085449219,402.98340606348665,395.54060384789733,401.90028127287496,34091600
2026-02-17,394.35809326171875,397.99502346077054,392.0427954340728,396.70323107498865,32078800
2026-02-18,397.08087158203125,400.02220283554806,393.82155037537984,395.62013745533494,23223400
2026-02-19,396.8517761230469,402.7976819572589,395.0690225854118,399.07278661262325,28234000
2026-02-20,395.6267395019531,398.5050592846536,393.56508699389525,394.51123443489973,34015200
2026-02-23,382.918212890625,393.7642431363039,381.55374731391754,393.4057107487328,43238300
2026-02-24,387.4299621582031,387.7884945775691,380.16937672197673,382.58959213032324,33884700
2026-02-25,398.9831237792969,399.84960746436826,388.5852587696308,388.95376053046306,43625500
2026-02-26,400.0986022949219,405.8453028142193,397.1306190557743,403.0765245044552,34405900
2026-02-27,391.15484619140625,395.2183958601928,388.30640407164015,389.30236795593413,51367200
2026-03-02,396.9413757324219,399.57073485574693,389.0533591512552,391.2743390590049,35474900
2026-03-03,402.2996826171875,405.05852201627056,391.0851500003899,391.5532542396072,38199200
2026-03-04,403.5645751953125,409.3710312257941,398.69429724653685,399.6504140582061,35808000
2026-03-05,409.0224304199219,409.9486695143622,402.7677785996419,402.78771732924594,39001300
2026-03-06,407.30938720703125,411.38287590243635,406.8612216895844,407.54843921074234,31123900
2026-03-09,407.757568359375,408.55432729115563,401.8714182880504,403.2857003455267,30131900
2026-03-10,404.122314453125,408.5443965203919,401.30371964643086,408.37506928692744,31706400
2026-03-11,403.245849609375,407.35918518479474,399.96912002302975,403.9330670994013,25512100
2026-03-12,400.238037109375,404.4808530373378,400.08864860368743,402.99687655683135,27263900
2026-03-13,393.9534912109375,403.16615688192843,392.65875035547907,399.3815063856616,26848000
2026-03-16,398.33575439453125,399.01300251860397,393.1965772756644,396.4633374914087,27733700
2026-03-17,397.79791259765625,402.7677623283013,396.1446090107731,398.6544268926901,26228300
2026-03-18,390.2087097167969,396.39363710184665,389.42188971563326,395.5271533612366,25908500
2026-03-19,387.4498596191406,390.90585551603124,385.4977789148814,388.52551763585893,25138800
2026-03-20,380.3287353515625,385.43803509853177,378.58579850034175,385.22889118681917,50853200
2026-03-23,381.4541931152344,385.64719283721575,380.1395134056624,382.3505545919761,29680100
2026-03-24,371.2355651855469,380.9263046350485,370.34917314154325,380.8167328036651,42733600
2026-03-25,369.5424499511719,375.5381416220395,368.13813722010167,375.39872248264555,31181200
2026-03-26,364.492919921875,373.2076042912997,363.71606927386256,369.3233510512375,36836600
2026-03-27,355.33001708984375,360.9871149414508,355.07108715320055,360.43931657918756,37883400
2026-03-30,357.51116943359375,363.8853318939423,354.8419936524484,360.4393055378546,44797000
2026-03-31,368.67596435546875,371.3949263066763,361.6046146993887,363.07862179545566,45244400
2026-04-01,367.8791809082031,372.48052926345224,366.7139201659809,371.98254731341393,29417200
2026-04-02,371.9526672363281,372.1319638369453,362.680245817395,365.7278929006101,24099100
2026-04-06,371.375,372.22157533941066,368.0086373714944,371.98252335059567,16146600
2026-04-07,370.78741455078125,370.9467724245638,365.080530373921,368.8452727581139,21443300
2026-04-08,372.81915283203125,383.4461010048471,369.9109552686541,383.426192668859,33064800
2026-04-09,371.56427001953125,371.99252721403565,365.5685477188417,370.9965632857518,30435300
2026-04-10,369.3731384277344,374.12390583360843,368.5365323725683,371.47463812837884,28111100
2026-04-13,382.8186340332031,382.98796126737693,369.5225100750242,372.10205289266787,35745800
2026-04-14,391.5233459472656,393.09698589720546,384.95994763093,386.3543213772784,37504500
2026-04-15,409.5602722167969,412.69755239260473,395.1287651714373,396.3936283702306,45063400
2026-04-16,418.56378173828125,419.12151906860663,410.4765600541581,418.16537187855886,41642400
2026-04-17,421.0835876464844,429.83808848207923,418.99205736838906,423.10539315661504,48568200
2026-04-20,416.38262939453125,421.6213787702164,414.6197538627068,419.4501847919345,27582200
2026-04-21,422.44805908203125,425.4558591722327,415.51615872358184,418.54386715015573,32048500
2026-04-22,431.1726989746094,431.9495495900464,421.9600330275293,424.4698510786937,29378200
2026-04-23,414.07196044921875,421.9500379562064,409.7494810939023,418.19526527607866,38308000
2026-04-24,422.90618896484375,423.23487407473965,414.12178001797366,415.28707116170386,27457400
2026-04-27,423.1053771972656,425.38611256831246,415.3866572294081,420.6752229306716,30867300
2026-04-28,427.5174865722656,428.1847957314844,420.197146128082,422.8563830057505,30438100
2026-04-29,422.7467956542969,425.0972860808559,418.59364353468584,422.866306449911,38288300
2026-04-30,406.1341552734375,412.74737011555624,396.4035989759817,409.15192465494977,70909400
2026-05-01,412.76727294921875,415.4264794885345,408.7834174283456,411.1338775963461,31372400
2026-05-04,411.9505615234375,419.0816663151199,409.14193618030583,409.87897009526375,28066500
2026-05-05,409.7196350097656,415.09783400354706,407.1500311208482,413.6437352165572,25700900
2026-05-06,412.2891845703125,416.73120520087787,403.4748984673602,406.3532485673598,30285900
2026-05-07,419.07171630859375,426.25263786097554,417.06984955189336,418.41437649189606,34942400
2026-05-08,413.44451904296875,416.9403619714099,412.32904436576047,415.70537649227293,33383800
2026-05-11,410.99444580078125,411.02432350049145,403.86334099070683,406.22377045102496,35657900
2026-05-12,406.1241760253906,413.8229876767416,404.9987623844293,412.8071154720842,38594200
2026-05-13,403.57452392578125,404.6700902960666,399.41140211310335,401.57265715241186,29667100
2026-05-14,407.7774963378906,410.1777730080913,399.2620170659624,402.847493220503,27077500
2026-05-15,420.2170715332031,426.4418454559798,411.2434277199191,412.5979239362014,50771200
2026-05-18,421.83056640625,423.40417602339767,413.9325494355234,414.93848271907115,32564100
2026-05-19,415.7352600097656,430.9535870211983,414.808990493047,428.16486989475214,33018700
2026-05-20,419.36053466796875,420.3963455784958,409.63991780241736,412.49835957243755,27864000
2026-05-21,418.3025207519531,425.5388979071037,414.92886694253497,423.9518891931334,31393500
2026-05-22,417.7835388183594,423.60257118762803,415.54772693408205,418.7517174636334,22390300
2026-05-26,415.248291015625,418.9812539216563,412.24393696715845,415.6475333356961,30398000
2026-05-27,411.8946228027344,415.15846763645,408.8104019854481,410.23773822181624,28901500
2026-05-28,426.18768310546875,428.68298564682067,411.89461329838434,412.2040283766931,47250500
2026-05-29,449.3940124511719,449.48383969057267,431.54760317786213,431.7372486144539,79654400
2026-06-01,459.6546936035156,465.4438139523178,457.40892124774234,463.96658383705716,53628900
2026-06-02,440.48077392578125,452.64787129328397,439.6024225764256,446.0403151791343,37036800
2026-06-03,426.53704833984375,439.56254639446627,423.45285793258154,437.62618910935214,39037000
2026-06-04,427.2456970214844,435.33048350032107,425.60879436274143,434.9911260035114,26899500
2026-06-05,415.8870849609375,428.66302140752947,413.6213308264138,427.5351398188391,34782200
2026-06-08,410.9663391113281,416.37616844333525,407.79232157753756,413.3618539280056,32086700
2026-06-09,402.6520080566406,411.20591258759293,397.7312786929967,408.26144336727174,35317300
2026-06-10,396.61334228515625,404.2789346443135,396.41373636313654,397.80110870103243,32576000
2026-06-11,389.6065673828125,396.1043451719433,383.278483574852,394.46741202742857,47224100
2026-06-12,390.00579833984375,391.003919361718,381.55171206615995,390.6945042817559,34865800
2026-06-15,399.0088806152344,400.99513175706005,392.11186050588947,396.05442037645633,32266400
2026-06-16,393.0899963378906,396.094350419825,389.9559121071713,395.0463355104342,31506800
2026-06-17,378.1980285644531,389.6364865987809,376.6110198431126,389.51671695343225,41987800
2026-06-18,378.6871032714844,380.6534028700893,372.5786075934489,377.11008548581106,59714200
2026-06-22,366.6497802734375,380.9129385065033,366.3802985575179,375.0339909424311,45171100
2026-06-23,373.23736572265625,376.51120135394876,369.9735210485466,371.6802994138851,40647600
2026-06-24,364.7733154296875,378.16811350773463,364.09460041679364,370.87185096853153,44509900
2026-06-25,352.1670227050781,363.5456265920902,348.54386902384044,362.0883479855026,66179000
2026-06-26,372.2691955566406,375.90234020580533,354.762144454129,356.4789138154501,186201600
2026-06-29,367.8774719238281,379.7850483907747,359.2237492715265,376.790685328561,51229900
2026-06-30,372.319091796875,373.44697342275583,366.7595808670141,370.3328407149792,44945700
2026-07-01,383.5579528808594,388.09939143880604,374.18561213385976,380.1144231011508,48065800
2026-07-02,389.7562561035156,391.4630649298244,382.97903650468743,383.7575696594082,42128900
2026-07-06,386.0133056640625,388.418780928489,380.5036887115837,386.31276024010407,34224500
2026-07-07,388.109375,394.8267404517197,387.4905448392632,391.75251064257776,29297500
2026-07-08,382.6197204589844,384.58602015004215,380.6134873969759,383.3084264217563,25908300
2026-07-09,383.6377868652344,383.92725049460796,372.64849496928053,373.74643420118315,31083200
2026-07-10,384.37640380859375,391.1736053926777,380.783162110783,387.07131223677504,24644600
2026-07-13,390.2553405761719,392.91034623109437,383.4281962321871,387.02143811329415,28914900
2026-07-14,384.20672607421875,387.46061042423804,377.93852713765,382.1007052927433,27863900
2026-07-15,394.8866271972656,398.2103568181361,385.6739591427675,387.07132248997675,36253700
2026-07-16,400.3463439941406,405.2271399033625,391.31333055964967,397.56157784187184,37047400
2026-07-17,393.08001708984375,397.64143734197864,388.6583483977542,394.1180409920291,33049800
2026-07-20,401.53411865234375,402.4224305318551,388.91785418191677,390.67455694621333,27915800
2026-07-21,397.00262451171875,400.7156358198418,395.57531880381754,398.0606303262699,24126600
2026-07-22,389.6065673828125,400.246541441447,386.2329133568751,398.8291961465565,28142500
2026-07-23,380.8630065917969,391.04385321150613,376.68090752842744,389.23725659651495,30351800
2026-07-24,380.9828186035156,388.29903252889795,379.9347732203772,386.32274187573427,27659400
2026-07-27,388.368896484375,393.45931979821836,387.2609663085435,389.3470355932277,27856200
2026-07-28,392.61090087890625,399.56780545733704,390.5647345556998,392.4212554523594,32367500
2026-07-29,389.8061828613281,400.4960502148319,388.00954678983055,392.6607942930367,47209000
2026-07-30,450.2524108886719,457.8281459885008,431.6274684759506,437.07720086969465,110160700
2026-07-31,463.8468017578125,465.962813447145,448.4857046349594,449.1544591210436,60846000
2026-08-03,486.73370361328125,490.7261876465455,474.10747895013026,475.2353605631651,66762100
2026-08-04,491.884033203125,498.50158065157444,478.2696778930625,479.99640781848416,50455500
2026-08-05,486.5440673828125,497.3038108374591,484.7674131728324,495.42733843271316,33388900
2026-08-06,498.9207458496094,500.61756372489685,487.60205742358346,487.6319998350186,36441500
2026-08-07,499.0505065917969,504.23075699317457,497.79289485093346,498.2719734340298,28846200
2026-08-10,505.109130859375,512.7647021753171,501.32624359045303,502.4940586092805,31206100
2026-08-11,502.86334228515625,504.38047525067043,498.61133704649393,503.3823542433026,23049800
2026-08-12,491.5047302246094,500.557695253814,490.59643643442394,499.0505227551261,29001500
2026-08-13,495.9463806152344,500.3979918654044,492.0836571155829,492.34314786956145,23039000
2026-08-14,494.4691467285156,499.07050046550256,492.991947114923,495.42733437790497,16217600
2026-08-17,479.44744873046875,491.73431632358415,477.51109147171053,489.21906226283284,29635800
2026-08-18,480.72503662109375,483.36006030134655,476.2534434403709,480.6352093836093,24087600
2026-08-19,483.3999938964844,488.3806080919379,478.4592826108848,479.16797047398614,19961900
2026-08-20,481.1499938964844,484.1600036621094,479.5,483.0,20003604
