Date,Close,High,Low,Open,Volume
2021-08-20,20.744245529174805,20.793076409277884,19.864289880276367,19.922088611384755,675741000
2021-08-23,21.88231086730957,21.921175993171637,20.877786025238045,20.89871354691562,575807000
2021-08-24,21.717880249023438,21.8833084230163,21.46077013569365,21.678019114764727,297299000
2021-08-25,22.13643455505371,22.392548685209118,21.647127731975118,21.66207542103675,347701000
2021-08-26,21.991933822631836,22.262995617571487,21.71489219229339,22.12347879676051,237940000
2021-08-27,22.557971954345703,22.643675947875877,22.090588763919488,22.10753036152277,304722000
2021-08-30,22.60979461669922,22.963570482185514,22.473267719877327,22.751305343048546,262580000
2021-08-31,22.311771392822266,22.62075674664323,22.04763890496798,22.62075674664323,259850000
2021-09-01,22.367591857910156,22.622754957763057,22.28386700045794,22.41144855038439,201767000
2021-09-02,22.322738647460938,22.51909472765023,22.22206920355075,22.44433930541851,187834000
2021-09-03,22.768274307250977,22.91080616281464,22.12737809725463,22.2519691858628,280532000
2021-09-07,22.587867736816406,22.82409196545465,22.4483244181334,22.758307882725695,198107000
2021-09-08,22.26592254638672,22.53603592576677,21.905105352001236,22.439353122725205,254434000
2021-09-09,22.104455947875977,22.464275126748724,22.058606891844985,22.239014571951014,196856000
2021-09-10,22.404470443725586,22.55198511877038,22.197150672313043,22.2748946360381,248376000
2021-09-13,22.07953643798828,22.88888048395177,21.786497552074803,22.609795740171823,297500000
2021-09-14,22.16924476623535,22.336694491367744,22.013754920994057,22.202135861768,199755000
2021-09-15,22.26791763305664,22.29383355511717,21.894144334606132,22.236022722228473,166538000
2021-09-16,22.16924476623535,22.204130125637935,21.855274630502613,22.11043774594107,156033000
2021-09-17,21.82836151123047,22.247983887075033,21.758590795663608,22.227052672404977,294503000
2021-09-20,21.04393768310547,21.36289062011508,20.594412745883098,21.07682877794372,349440000
2021-09-21,21.176498413085938,21.354911802354714,20.881467187077302,21.34693855063017,204688000
2021-09-22,21.86922264099121,21.888159587451916,21.126658982440958,21.296102923922355,268726000
2021-09-23,22.40845489501953,22.461281014018834,21.818390548782627,22.067572722802016,248555000
2021-09-24,22.008769989013672,22.076548344372082,21.789490317687935,21.99780629061381,217655000
2021-09-27,21.58914566040039,21.7276909027937,21.255242424863432,21.638981339967028,245215000
2021-09-28,20.63129234313965,21.348938417771734,20.583449018016225,21.14460905510224,343069000
2021-09-29,20.44988250732422,20.94824684688675,20.400044932702517,20.87149907318932,218394000
2021-09-30,20.64823341369629,20.997088873720934,20.620325128983062,20.70006335689361,221009000
2021-10-01,20.67415428161621,20.790770255875614,20.13691587014732,20.68212753598187,240978000
2021-10-04,19.66745376586914,20.474803591708355,19.491032716054217,20.436927789431792,345635000
2021-10-05,20.384098052978516,20.58045410102996,19.789050920867343,19.884737541485297,279282000
2021-10-06,20.632287979125977,20.652221111305703,20.014315254928512,20.054185321506793,297202000
2021-10-07,21.006057739257812,21.25224946522736,20.903394046211478,21.023000423462637,256919000
2021-10-08,20.762859344482422,21.136632686521562,20.707042768746597,21.03197660701689,151258000
2021-10-11,20.627302169799805,20.994098397870303,20.443904055764555,20.507695778664687,163388000
2021-10-12,20.60338020324707,20.988117194123532,20.460848337072985,20.759866211548562,162134000
2021-10-13,20.87050437927246,20.921338143306798,20.64524382851647,20.849573164865863,180652000
2021-10-14,21.674863815307617,21.683833248654274,21.052904524091133,21.218361862587606,243589000
2021-10-15,21.790483474731445,21.85925800191469,21.59113886513245,21.738653534036047,226994000
2021-10-18,22.149309158325195,22.218083693968943,21.573198850194263,21.677856826800955,189494000
2021-10-19,22.217086791992188,22.30579445739423,21.964914136514288,22.20313074793577,161473000
2021-10-20,22.030698776245117,22.359619226163996,21.91009429442329,22.232037672694034,146276000
2021-10-21,22.617769241333008,22.636708092213606,22.010762150737015,22.024716293024067,187590000
2021-10-22,22.651657104492188,23.054334844956028,22.48719785150225,22.748339913629675,249384000
2021-10-25,23.090219497680664,23.27860041757706,22.69551498837549,22.897850050486433,230235000
2021-10-26,24.636144638061523,25.17637336256749,23.84573943509634,23.9105273389636,485898000
2021-10-27,24.371015548706055,25.007925176618038,24.202567761764556,24.393941025402942,245990000
2021-10-28,24.85941505432129,24.868386389920456,24.442783111276334,24.79662140845552,234204000
2021-10-29,25.483362197875977,25.62489787147844,24.91821758575926,24.91921376694326,292503000
2021-11-01,25.74251365661621,25.809293921603484,25.144476013269458,25.565096437115333,265740000
2021-11-02,26.31463623046875,26.590730535065173,25.715602386475727,25.73753168250349,294112000
2021-11-03,26.510988235473633,26.696380585852886,26.14917676933632,26.582753200243893,239910000
2021-11-04,29.70351219177246,31.2623950368217,27.029288562062703,27.139925507145282,1153631000
2021-11-05,29.6546688079834,31.297276282190033,29.313786683628845,30.0882451975885,851260000
2021-11-08,30.703235626220703,30.998266887418577,29.80916860642571,30.050377560399664,503101000
2021-11-09,30.556713104248047,32.204307519629445,29.86598118563401,32.17639923609389,646746000
2021-11-10,29.362634658813477,30.749085226450433,28.683862559196594,29.259972850188642,636206000
2021-11-11,30.29058265686035,30.489929144616983,29.679589036849205,30.36832850950686,332172000
2021-11-12,30.29058265686035,30.579634873996568,29.533068664937748,29.911826611453552,413054000
2021-11-15,29.926782608032227,30.543757233968925,29.151327703396426,30.45205912496515,384909000
2021-11-16,30.10420036315918,30.29058893056083,29.60882638673667,29.66165441463244,264484000
2021-11-17,29.165281295776367,30.409199941675634,28.705788874793846,30.31849611458015,428508000
2021-11-18,31.571380615234375,32.65283033546003,31.218538566380822,32.26111820971524,781711000
2021-11-19,32.87709426879883,32.97975795583658,31.80062743099509,32.1375210519031,533867000
2021-11-22,31.851463317871094,34.533660369454104,31.795646751201797,33.40735581710539,754335000
2021-11-23,31.64215660095215,32.25414847756018,30.778988230293454,31.43184635765733,532163000
2021-11-24,32.567115783691406,32.74752344863697,30.82682705345173,31.358084433513884,435162000
2021-11-26,31.399944305419922,32.60299466798655,31.24744493690994,32.49335390329238,283069000
2021-11-29,33.266815185546875,33.30269671767384,31.93119862998533,32.26012091262168,454964000
2021-11-30,32.56911087036133,33.24389825426,31.75976866465923,33.060498227989086,622066000
2021-12-01,31.33600616455078,33.184169646455935,31.281179063188567,33.114390390664795,484368000
2021-12-02,32.02482986450195,32.375722550194084,30.9272972457991,31.11570313644076,472890000
2021-12-03,30.596343994140625,32.027822639120906,30.035115336865402,31.899227266863253,544325000
2021-12-06,29.94240951538086,30.145765658155717,27.94970412663919,29.785902441906565,658938000
2021-12-07,32.32487869262695,32.346812573827144,30.55447261848209,30.859510618013076,593053000
2021-12-08,31.725772857666016,32.18831231520401,31.32204761084049,31.898228375722542,475551000
2021-12-09,30.393978118896484,32.103579151197884,30.332173100678283,31.63405989309718,488507000
2021-12-10,30.102901458740234,31.206415682530494,29.766962833942674,31.051903118678588,488825000
2021-12-13,28.072317123413086,30.19860138828651,28.02745875745351,30.15374302232693,598344000
2021-12-14,28.247758865356445,28.58768456683166,27.16418223461943,27.61176761656936,667035000
2021-12-15,30.363079071044922,30.403950320139508,27.750332756169268,28.31056319651723,698297000
2021-12-16,28.297603607177734,31.061871670056004,28.004530741243016,31.053897441434426,707366000
2021-12-17,27.713449478149414,28.830919505652275,27.67257823059536,27.896870039197612,713758000
2021-12-20,27.6317081451416,28.05536898927544,27.059516359346297,27.219012340762006,461847000
2021-12-21,28.983436584472656,29.028294944690636,27.314706725168943,28.284643989318436,524385000
2021-12-22,29.307415008544922,29.461927576880676,28.359409624344213,28.80001904458484,395184000
2021-12-23,29.54665184020996,29.96433287464557,29.338310425181003,29.661289433627687,343022000
2021-12-27,30.84754753112793,30.98910054168439,29.546656940110104,29.566594412321887,403686000
2021-12-28,30.226512908935547,31.231338018752773,29.917487766927692,31.213395052745707,420591000
2021-12-29,29.906517028808594,30.451795238929865,29.273516611953507,30.1776616792126,343139000
2021-12-30,29.492828369140625,30.36108570963226,29.44697370362588,29.73306863749012,308864000
2021-12-31,29.318378448486328,29.935430483532848,29.23863045980728,29.58055069803875,266530000
2022-01-03,30.02614974975586,30.61429200145635,29.69120736718123,29.721113582152288,391547000
2022-01-04,29.19776153564453,30.37205130388123,28.259724925855497,30.181652811785955,527154000
2022-01-05,27.51706886291504,29.323362739600288,27.446293309746405,28.857832469761814,498064000
2022-01-06,28.089262008666992,28.348443450993756,26.979768076203065,27.55295615903355,454186000
2022-01-07,27.161190032958984,28.33249071472493,26.971787872683233,28.05237553867087,409939000
2022-01-10,27.313711166381836,27.382494114013422,25.5632406683439,26.497290128969677,594681000
2022-01-11,27.729398727416992,27.97661882621992,26.754479886883722,27.23695493896439,404089000
2022-01-12,27.91082763671875,28.504949514228787,27.52105820708782,27.978612384474925,383413000
2022-01-13,26.491310119628906,28.390309630110426,26.41455104320911,28.289627869102336,540171000
2022-01-14,26.857152938842773,27.11135095047714,26.127457823826212,26.21717454542164,395832000
2022-01-18,25.821426391601562,26.554112344866216,25.688845811972694,26.177302480368454,424270000
2022-01-19,24.988061904907227,26.459413722363188,24.973109749263845,25.99687608868957,488315000
2022-01-20,24.07394790649414,25.498448638286458,24.00217414256686,25.22431503185262,435181000
2022-01-21,23.300392150878906,24.744828429105826,23.18974164646766,23.43297273498428,718958000
2022-01-24,23.29839515686035,23.30636938474509,20.822218672511546,22.259676871868574,913982000
2022-01-25,22.253700256347656,22.870752385278564,21.930721138257574,22.4750012913378,664616000
2022-01-26,22.700284957885742,23.98123803745793,22.229771275614063,23.166811526105583,755959000
2022-01-27,21.874897003173828,23.919438849325257,21.60674309968497,23.493783457519353,573353000
2022-01-28,22.76807403564453,22.786017001467613,21.228935667863265,21.942680495703392,543774000
2022-01-31,24.408889770507812,24.43181805477135,22.97940564831107,23.10899542114048,564680000
2022-02-01,24.560405731201172,25.06580895830629,23.81476038232052,25.024937718379682,518925000
2022-02-02,25.16250991821289,25.735698020360548,24.475678597564364,25.712771637079914,543419000
2022-02-03,23.872583389282227,24.998027675942943,23.70511318165473,24.380977535591192,410178000
2022-02-04,24.242416381835938,24.557421239348365,23.557579565128698,23.896509010672386,354829000
2022-02-07,24.650127410888672,25.10269624776117,24.125782912567686,24.29524762592509,376868000
2022-02-08,25.0289306640625,25.150546207819467,23.90448265925914,24.282288838178633,410359000
2022-02-09,26.62090301513672,26.64084048931407,25.27316132302811,25.541313315747384,524282000
2022-02-10,25.7426700592041,26.840202434804148,25.519376491715878,25.913132946632484,513200000
2022-02-11,23.873579025268555,26.069642339244744,23.698134593993387,25.834385491481136,605472000
2022-02-14,24.190582275390625,24.79666745710509,23.680193553099095,23.858630725496297,440424000
2022-02-15,26.41156578063965,26.46140756576052,24.705953427119574,24.870432839092235,699869000
2022-02-16,26.427509307861328,26.498286759029188,25.471529825588878,26.176304019794223,732676000
2022-02-17,24.42982292175293,25.703798143147747,24.088900885684307,25.549285582156386,810595000
2022-02-18,23.567543029785156,24.907310153114818,23.02725016540724,24.590310858620988,761255000
2022-02-22,23.31633949279785,23.98821671585555,22.927568291074294,22.962457916801178,633422000
2022-02-23,22.316499710083008,24.078933611616357,22.230771994916,23.727044613283795,566511000
2022-02-24,23.6732120513916,23.72504833875335,20.82421265561137,20.94881900592277,735801000
2022-02-25,24.0809268951416,24.14073741705025,23.30737152091748,23.64630098063684,528866000
2022-02-28,24.308208465576172,24.587327391046674,23.632344083996866,23.91644642718018,477319000
2022-03-01,23.403066635131836,24.300233919081215,23.059153777179308,24.214504305072836,412056000
2022-03-02,24.147838592529297,24.336276568768735,23.345238595457605,23.685222229370265,389642000
2022-03-03,23.643346786499023,24.253522895989168,23.39907590712297,24.189712498581102,365095000
2022-03-04,22.867666244506836,23.609449084190494,22.415018401859665,23.314331446054602,431415000
2022-03-07,21.28838348388672,22.964376798114145,21.2664496692882,22.749018838877227,450821000
2022-03-08,21.44990348815918,22.306343532359403,20.588477275477324,21.245514318732305,557467000
2022-03-09,22.945436477661133,23.150822137347905,22.180721331376475,22.320303633914452,492742000
2022-03-10,22.59049415588379,22.720105999777736,21.816805180949956,22.46387173081111,428066000
2022-03-11,22.034154891967773,23.076041459647897,21.980314929450074,22.9534068346535,367209000
2022-03-14,21.266448974609375,22.195671367540292,21.095958926406958,21.80384262804617,385354000
2022-03-15,22.904550552368164,22.96935741459522,21.25847070445962,21.453885862253337,491996000
2022-03-16,24.423019409179688,24.523718332751294,23.10296459283885,23.429986500774472,671422000
2022-03-17,24.692211151123047,24.76798302260017,23.83477288818977,24.048135981074452,471941000
2022-03-18,26.374187469482422,26.489842995481,24.55063805480904,24.72511591515251,730719000
2022-03-21,26.65435028076172,27.071106099040612,25.88963521663449,26.428027300009337,591727000
2022-03-22,26.444974899291992,27.156848316591432,25.994321917033023,26.647369201302396,547007000
2022-03-23,25.55762481689453,26.53270962394399,25.498800590929083,26.048157589776604,502120000
2022-03-24,28.066129684448242,28.235623263570396,25.829812434294954,26.08804154718275,877379000
2022-03-25,27.609493255615234,28.27350932502247,27.18974806430795,27.802915490968033,579016000
2022-03-28,28.134925842285156,28.165833619637276,27.124943427788132,27.67330593129394,425494000
2022-03-29,28.570619583129883,28.85975453924561,27.896633131852415,28.609502941441008,488984000
2022-03-30,27.607500076293945,28.411098411151755,27.421056956130638,28.219671024878537,463487000
2022-03-31,27.204702377319336,28.1638360522598,27.188751204527012,27.69922486553173,523440000
2022-04-01,26.632415771484375,27.414080364707395,26.188741881916698,27.293440575757664,517235000
2022-04-04,27.278484344482422,27.475894378510496,26.533710211634048,26.648367352938315,397120000
2022-04-05,25.853742599487305,27.237607768198263,25.743073244909805,27.17280089255996,436615000
2022-04-06,24.334285736083984,25.22462494159722,23.93149001085727,24.859716112456148,703833000
2022-04-07,24.135875701904297,24.648344247170577,23.40805109513817,24.36818131196346,557992000
2022-04-08,23.05011558532715,23.851720890168128,22.993286209983477,23.845738250132285,524781000
2022-04-11,21.851699829101562,22.253499000395795,21.595465570939584,22.147815823189774,575207000
2022-04-12,21.439931869506836,22.65729475827579,21.218593162457935,22.46985514903304,662258000
2022-04-13,22.136852264404297,22.432968328716512,21.391081501382804,21.663268898797757,516943000
2022-04-14,21.194664001464844,22.70913934444599,21.09994772609378,22.437948470033938,569097000
2022-04-18,21.71810531616211,22.02219506677443,21.016202192088386,21.13684199953331,525701000
2022-04-19,22.131866455078125,22.306344324811956,21.250499340490578,21.655289899939216,512781000
2022-04-20,21.417999267578125,22.602459598625735,21.136839837783892,22.44991555152109,468974000
2022-04-21,20.122865676879883,22.32528363593372,19.940410359200147,21.64431805927398,656209000
2022-04-22,19.45685386657715,20.424961412485715,19.441899168057798,20.24250610355399,624713000
2022-04-25,19.842700958251953,19.88557210636069,19.03910273774108,19.144785898892376,641566000
2022-04-26,18.73202896118164,19.729049871054343,18.61438046339,19.65925871162989,653143000
2022-04-27,18.360137939453125,19.109896444638807,18.235510346277362,18.542591397089467,499460000
2022-04-28,19.723064422607422,19.977305783390694,18.434913772859694,18.910491964188285,570327000
2022-04-29,18.49174690246582,20.068036269432913,18.461835591856172,19.344199287343677,500435000
2022-05-02,19.474803924560547,19.515680231778166,18.33620622488366,18.48575893149055,572049000
2022-05-03,19.543601989746094,19.765939115024143,19.075999347942556,19.34220411270771,475751000
2022-05-04,20.273420333862305,20.339223690643312,18.695136244226077,19.86364548989257,648855000
2022-05-05,18.787857055664062,19.86563575823811,18.444882087815973,19.807809899114023,626331000
2022-05-06,18.619361877441406,19.453868144607874,17.936403191321382,18.680180965141894,633297000
2022-05-09,16.899499893188477,18.200610175903677,16.776865264300895,17.980269856071814,644455000
2022-05-10,17.542573928833008,18.14377789214046,16.97427258321848,17.636293713121535,761474000
2022-05-11,16.58045196533203,17.70010720962238,16.518638315122686,17.295316703632178,670167000
2022-05-12,16.12681007385254,16.73798466846581,15.520622598818264,16.17067961115199,708728000
2022-05-13,17.653242111206055,17.874580755851728,16.54355946989584,16.737978138481267,670437000
2022-05-16,17.21256446838379,17.735003457169242,17.055036163870508,17.456835364759026,521446000
2022-05-17,18.12284278869629,18.31626502100498,17.58146135414091,18.020149031920944,585830000
2022-05-18,16.88753890991211,18.064023819021532,16.813759960216448,17.652254100833233,545161000
2022-05-19,17.072982788085938,17.634305160902688,16.68414342710916,16.886539645818328,621310000
2022-05-20,16.64426612854004,17.35813265366858,15.70806343146981,17.28036591060508,739105000
2022-05-23,16.847652435302734,16.864601980883076,16.130794862027443,16.225511121055842,639889000
2022-05-24,16.105871200561523,16.547552147553244,15.732985873904111,16.460811455935517,588550000
2022-05-25,16.924423217773438,17.06001768509136,15.952327858559343,15.972268724782303,781132000
2022-05-26,17.797815322875977,18.03809652185166,15.974264096032462,15.9882223241749,996575000
2022-05-27,18.754955291748047,18.82474642934616,18.046073205336302,18.1318174179565,738379000
2022-05-31,18.616371154785156,19.142797955948794,18.29532999144944,18.923452187686582,664100000
2022-06-01,18.265417098999023,18.99623300147652,18.06800706571725,18.668214653926945,544514000
2022-06-02,19.53363037109375,19.56055035839236,18.14378428765927,18.23750410498318,648656000
2022-06-03,18.664226531982422,19.274404605825605,18.466816482062402,19.025149434663984,598779000
2022-06-06,18.730031967163086,19.279391018883036,18.508693228823383,19.081980946985432,422406000
2022-06-07,18.869613647460938,18.9433925831492,18.133811531545238,18.416965795176733,388914000
2022-06-08,18.59637451171875,19.12690128125382,18.483686480121612,18.74695554636219,363252000
2022-06-09,17.998035430908203,18.880585584914794,17.99105484045959,18.429837257031576,395574000
2022-06-10,16.92700958251953,17.648007580932866,16.82229882218963,17.55127599699547,465248000
2022-06-13,15.603679656982422,16.266838484183843,15.562792805356883,15.955702020878928,604153000
2022-06-14,15.792156219482422,16.021518975223227,15.369329385877796,15.687446432401757,469680000
2022-06-15,16.481243133544922,16.82129863210318,15.881906301777965,16.05043807467459,563936000
2022-06-16,15.557808876037598,15.897865381945072,15.358362760963734,15.816091666385807,545749000
2022-06-17,15.836034774780273,15.950716157739642,15.285562995334534,15.604676739581116,630334000
2022-06-21,16.5201358795166,16.960911609240924,16.361575686273117,16.429388214877477,483089000
2022-06-22,16.314701080322266,16.61586491218469,16.13519918156002,16.18107133953536,437135000
2022-06-23,16.180076599121094,16.53907853768647,15.809105900398132,16.47326129370827,463680000
2022-06-24,17.078582763671875,17.092543941061024,16.26484203486428,16.454316515193973,472153000
2022-06-27,16.822296142578125,17.282020263994987,16.579968879448046,17.26407044859053,427968000
2022-06-28,15.937752723693848,17.15437435755345,15.900854507260869,16.853210426478878,461149000
2022-06-29,15.498970985412598,15.776201206281394,15.128001145361374,15.770218251263673,482352000
2022-06-30,15.117033004760742,15.523903457243852,14.820855311845145,15.31847343700277,686070000
2022-07-01,14.482791900634766,15.021296837715987,14.352155016267275,14.857751323588166,577610000
2022-07-05,14.92257308959961,14.929553680216015,14.016090140147133,14.135757815443023,651397000
2022-07-06,15.088111877441406,15.27658874989287,14.748055399282007,14.968444218161782,529066000
2022-07-07,15.814095497131348,15.900854523259023,15.346394102933195,15.413208995404638,492903000
2022-07-08,15.794151306152344,15.99260071355022,15.3463940472355,15.387280900081658,467972000
2022-07-11,15.1100492477417,15.484010989302513,14.996364558759826,15.483013354753316,437321000
2022-07-12,15.040244102478027,15.388277846313347,14.835811736826283,15.225729017833062,458483000
2022-07-13,15.122015953063965,15.33243221201758,14.424951823504246,14.549605743927154,521918000
2022-07-14,15.32944107055664,15.430161276206992,14.687223985290593,15.066172037556123,456235000
2022-07-15,15.718361854553223,15.738305988579,15.40223910380052,15.615647329390558,385935000
2022-07-18,16.056425094604492,16.850220940420993,15.957700144549596,16.256868850127862,670517000
2022-07-19,16.944955825805664,17.062629156569145,16.127226415976143,16.440356240924725,702366000
2022-07-20,17.75769805908203,17.883350564875844,16.754484694338107,16.90008038178597,760538000
2022-07-21,18.000028610229492,18.09376823842625,17.49642751736756,17.835486394527994,557049000
2022-07-22,17.271047592163086,17.91725223020256,17.08955040089698,17.843457714010622,536671000
2022-07-25,16.976869583129883,17.0765931156567,16.602907762705456,16.971882360366042,480748000
2022-07-26,16.487228393554688,16.872159411075533,16.43238035984879,16.84224178303558,397865000
2022-07-27,17.74074935913086,17.88634506733334,16.866176524140016,16.984846555686445,569776000
2022-07-28,17.9342098236084,18.089778068252926,17.39171718778261,17.925235866496404,474646000
2022-07-29,18.112716674804688,18.193491806144685,17.643019947154993,17.763685253323978,435460000
2022-08-01,18.38994026184082,18.793819576388735,17.94018878450944,18.1316566089599,476469000
2022-08-02,18.474706649780273,18.885566611126666,18.041908238318054,18.071825862895118,489527000
2022-08-03,18.8406925201416,18.915485636087563,18.08678506318179,18.133655821615758,418146000
2022-08-04,19.161802291870117,19.220638962108396,18.708062062276774,18.796816360490926,409652000
2022-08-05,18.936429977416992,19.17576531807126,18.61432423658541,18.75792468015069,386068000
2022-08-08,17.743736267089844,18.188502488777342,17.19426311465401,17.453543487866224,981859000
2022-08-09,17.038698196411133,17.398698836090517,16.677700873007122,17.20423899397108,668263000
2022-08-10,18.046899795532227,18.067841567146683,17.26905848827763,17.649004232789324,597422000
2022-08-11,17.892324447631836,18.655207729285816,17.826507193274058,18.080802254514673,509327000
2022-08-12,18.657203674316406,18.66617953381499,17.903296146751718,18.109723796605994,478094000
2022-08-15,18.97930908203125,19.110943606719005,18.56147037086015,18.649226086629287,457666000
2022-08-16,18.826730728149414,19.08900306515244,18.449777011947884,18.867617579479603,451240000
2022-08-17,18.28423309326172,18.636256345075683,18.094760535224413,18.47171418656249,446799000
2022-08-18,18.721023559570312,18.812767894027008,18.132656951420675,18.2503302730506,415447000
2022-08-19,17.79958724975586,18.468729162588712,17.72080548388627,18.35504444387847,441588000
2022-08-22,16.986839294433594,17.509388691765842,16.91902677104241,17.44157616837466,409593000
2022-08-23,17.13343048095703,17.416644561805427,16.923014238335547,16.94196263706093,369986000
2022-08-24,17.174318313598633,17.35780889595624,16.848223999149923,16.964898742460186,522661000
2022-08-25,17.863407135009766,17.897313400062618,16.78639724119501,16.797366467637275,770691000
2022-08-26,16.214984893798828,17.874377717185446,16.192047853448514,17.807563767738106,769127000
2022-08-29,15.757254600524902,16.292767620206746,15.723349284871533,15.97564911347893,496132000
2022-08-30,15.425174713134766,15.994592953755117,15.139966300020541,15.915812157547325,530181000
2022-08-31,15.05221176147461,15.49697709866868,14.917585283969304,15.34140885146709,573710000
2022-09-01,13.898414611816406,14.340187972290808,13.233261435486058,14.169660919691056,1178865000
2022-09-02,13.609217643737793,14.131766129658757,13.55337197606146,14.060963550220945,743157000
2022-09-06,13.427721977233887,13.740852790055504,13.314037269416279,13.692985344440922,535751000
2022-09-07,13.680095672607422,13.803789664823167,13.313005420498245,13.529468955559182,512657000
2022-09-08,13.955414772033691,13.973370875053297,13.335950622483423,13.425727332314585,624873000
2022-09-09,14.351431846618652,14.438216654464224,14.091077423081934,14.121999969055892,486612000
2022-09-12,14.469141006469727,14.511036991860852,14.162899808803669,14.33347754387466,484159000
2022-09-13,13.098538398742676,13.887583331601544,13.06661791696599,13.767880097963864,714956000
2022-09-14,13.095544815063477,13.25714401689083,12.881076192438005,13.22123276604588,588507000
2022-09-15,12.897035598754883,13.200283922132007,12.758379308646864,12.982823422794079,523625000
2022-09-16,13.165371894836426,13.179337223190453,12.585807914194328,12.710498889536233,670751000
2022-09-19,13.348917961120605,13.429718046056754,12.977837851259611,12.979832762404735,569685000
2022-09-20,13.143425941467285,13.449667136036723,13.024720650726076,13.182330035591837,524818000
2022-09-21,13.228214263916016,13.996311035255735,13.077587561187178,13.18033355166007,807679000
2022-09-22,12.529945373535156,13.116491960905076,12.397274767166287,13.037686800354493,759162000
2022-09-23,12.485057830810547,12.579823238873681,12.22669830375946,12.389295442898492,663309000
2022-09-26,12.19776725769043,12.62770236378115,12.183801932086613,12.4601175052189,547343000
2022-09-27,12.38231086730957,12.704512253671364,12.22769434741233,12.476078329732838,553854000
2022-09-28,12.704513549804688,12.791298357950701,12.323457977799615,12.379319288548018,542414000
2022-09-29,12.189787864685059,12.469095333793417,11.916465127536608,12.417223851541646,532763000
2022-09-30,12.108990669250488,12.601769867420833,12.045148756633207,12.05711917470624,565638000
2022-10-03,12.481067657470703,12.646657634128852,12.075073310975306,12.316475611950034,547478000
2022-10-04,13.134448051452637,13.187317472632325,12.847159945252836,12.847159945252836,584182000
2022-10-05,13.176342964172363,13.2880665303076,12.58979733374113,12.87908032737509,507131000
2022-10-06,13.097539901733398,13.622239538294219,13.07060622540916,13.187317554392024,644157000
2022-10-07,12.046144485473633,12.638675790831929,11.992278089651654,12.474083761565735,672478000
2022-10-10,11.64115047454834,12.094027654115829,11.379798085400415,12.007242834813725,698699000
2022-10-11,11.557356834411621,11.81671332375179,11.255105480239216,11.532418070127365,667482000
2022-10-12,11.471569061279297,11.705987738753207,11.316952527256786,11.550374224944592,492590000
2022-10-13,11.93043327331543,12.048141591530223,10.786268503018803,10.943877897680135,850103000
2022-10-14,11.19924545288086,12.081059900782172,11.176302548165202,12.027193495602644,713432000
2022-10-17,11.858606338500977,11.918458406488362,11.488524301776492,11.489521281308413,580774000
2022-10-18,11.93741512298584,12.461116834509994,11.589277945577948,12.313482956867912,659362000
2022-10-19,12.02120590209961,12.3194674213086,11.804742384541735,11.849631206949502,523131000
2022-10-20,12.163853645324707,12.73743191217373,12.075072975272215,12.08305357020032,652398000
2022-10-21,12.435182571411133,12.467104004984547,11.857614389075882,12.068092268875745,609494000
2022-10-24,12.567852973937988,12.678578622776968,12.034175742763328,12.477078338119243,517457000
2022-10-25,13.228214263916016,13.267118353397784,12.632690116328606,12.662616631719668,505482000
2022-10-26,12.864115715026855,13.354898916608779,12.676580802002702,12.83718299521157,532953000
2022-10-27,13.143425941467285,13.803789999892798,13.08955953917814,13.596304034739564,583113000
2022-10-28,13.799798965454102,13.815760155792058,13.028710226197942,13.071604141512527,521040000
2022-10-31,13.463631629943848,13.803789144395994,13.264126272475048,13.74393706149706,486341000
2022-11-01,13.509517669677734,13.890573215216364,13.4855768377865,13.77685473939127,432817000
2022-11-02,13.186320304870605,14.174870563722804,13.178340660596593,13.815760885842039,672628000
2022-11-03,13.387819290161133,13.74692988442399,12.92396969143258,13.01075449802835,500065000
2022-11-04,14.121003150939941,14.1938226319805,13.663137321682004,13.951423355113537,612576000
2022-11-07,14.265644073486328,14.376369715229352,13.919502771881342,14.19282459299917,410061000
2022-11-08,14.565899848937988,14.854184915550686,14.180853521426073,14.764407269491864,595292000
2022-11-09,13.741942405700684,14.175867398651944,13.724984235954823,14.12698780032859,454414000
2022-11-10,15.711061477661133,15.734004379130576,14.51103557058689,14.76341034070044,700819000
2022-11-11,16.286630630493164,16.348477607470496,15.443720605223104,15.767916841966692,655487000
2022-11-14,16.25471305847168,16.499108168761815,15.882635102124247,16.177903764636575,527852000
2022-11-15,16.624799728393555,16.955977806854108,16.341501419582265,16.680661045178866,545876000
2022-11-16,15.870667457580566,16.32154969717503,15.833759225066268,16.122045274835585,649547000
2022-11-17,15.638243675231934,16.22578826120925,15.496594526959475,15.67614983892832,710894000
2022-11-18,15.370905876159668,15.962440257527843,15.082619839364542,15.926528055174298,492072000
2022-11-21,15.279133796691895,15.438738093483565,15.042719242364662,15.109553993521583,404739000
2022-11-22,15.99835205078125,16.01830306476984,15.084616158544712,15.290107226570333,472866000
2022-11-23,16.478160858154297,16.486142404800624,16.008326496462395,16.05820212549382,427241000
2022-11-25,16.229774475097656,16.446237020144476,16.132017196689414,16.277656134662113,167934000
2022-11-28,15.787872314453125,16.31656273871607,15.68612519322037,15.98637975502715,303741000
2022-11-29,15.600337982177734,15.892613862875352,15.48163268556751,15.787872943961405,298384000
2022-11-30,16.885480880737305,16.892465330806235,15.56242050073122,15.662198222921692,565298000
2022-12-01,17.09701156616211,17.22672251600334,16.59812007687738,16.961313400800822,470977000
2022-12-02,16.838584899902344,16.895459640770735,16.408540682249722,16.622066938764753,371389000
2022-12-05,16.57317543029785,16.95732209492753,16.435480895818028,16.64202269753776,352255000
2022-12-06,15.951556205749512,16.536256494140442,15.783928452332743,16.493352558842304,352694000
2022-12-07,16.084259033203125,16.150112680566554,15.632262419910722,15.737030105203344,372388000
2022-12-08,17.13093376159668,17.14091181811326,15.923615566766111,16.236920451403726,515456000
2022-12-09,16.96331024169922,17.544020747196672,16.93736880935287,17.12195815331659,465338000
2022-12-12,17.496126174926758,17.49911978299442,16.759763296368646,16.999231007459425,457328000
2022-12-13,18.031932830810547,18.748341354532826,17.67173314781312,18.48991481040543,656589000
2022-12-14,17.634817123413086,18.21153673692968,17.38138052214265,17.947122938893273,496888000
2022-12-15,16.914417266845703,17.281601445328924,16.662977044280925,17.107987414571323,478542000
2022-12-16,16.534257888793945,17.003217021729515,16.37361555870543,16.826609420854215,478232000
2022-12-19,16.21796226501465,16.572174722426883,16.109204679647327,16.535258005172167,354039000
2022-12-20,16.049339294433594,16.27384085919094,15.81685699546008,16.028385941930914,403260000
2022-12-21,16.46441650390625,16.590138515163844,16.066300925017234,16.078275356146534,325025000
2022-12-22,15.30499267578125,16.102222004625823,14.849006080737974,16.05831892986543,565045000
2022-12-23,15.172286987304688,15.304991533429133,14.850003158774006,15.162308930007534,349326000
2022-12-27,14.089693069458008,15.066522651056324,14.024836646016347,15.04058027199165,464902000
2022-12-28,14.0048828125,14.230381609035915,13.853219366158653,13.89612425706417,351066000
2022-12-29,14.570623397827148,14.650445953818707,14.195457574978805,14.370069773045314,354923000
2022-12-30,14.581600189208984,14.59656632429452,14.20144437182903,14.302220281186143,310490000
2023-01-03,14.283263206481934,14.962754136499147,14.064748866809973,14.818075144951218,401277000
2023-01-04,14.716299057006836,14.820068566207876,14.20942594066625,14.534703367464905,431324000
2023-01-05,14.233373641967773,14.531710520758232,14.11663246222546,14.458872413551465,389168000
2023-01-06,14.826055526733398,14.976720759443683,14.002884868402322,14.441908902325604,405044000
2023-01-09,15.593350410461426,16.020400961589182,15.107429705260227,15.250113252108315,504231000
2023-01-10,15.873729705810547,15.926611700930899,15.437698272766157,15.472620524555069,384101000
2023-01-11,15.965523719787598,15.992464284529852,15.528495081310508,15.804881372380587,353285000
2023-01-12,16.474395751953125,16.600115869170452,15.457654762499619,16.06430761543747,551409000
2023-01-13,16.861534118652344,16.884483841910928,16.129162184625386,16.241910621869895,447287000
2023-01-17,17.662752151489258,17.688695480685343,16.861533003782395,16.861533003782395,511102000
2023-01-18,17.338472366333008,17.833371016829354,17.243681783190326,17.627828386104188,439624000
2023-01-19,16.727827072143555,17.158870328406007,16.693903966162893,16.9982261040619,452932000
2023-01-20,17.799449920654297,17.816412427942808,16.787698117134013,16.973284656262667,564967000
2023-01-23,19.15045166015625,19.202336426570977,17.778499909823832,18.023952936401,655163000
2023-01-24,19.222288131713867,19.45177965907979,18.778275018636265,18.785259468912272,496204000
2023-01-25,19.280160903930664,19.327057588077132,18.538808102919397,18.87107002531869,449537000
2023-01-26,19.758100509643555,20.12129386890338,19.235262010529773,19.65732458647775,489535000
2023-01-27,20.31985092163086,20.582268342414245,19.36198013839365,19.418852978689333,542142000
2023-01-30,19.119518280029297,20.095348779096263,19.107543848870183,19.905771381530464,488611000
2023-01-31,19.493688583374023,19.643355663941833,18.907990025151328,19.12750161644277,498017000
2023-02-01,20.89657211303711,21.14501874822768,19.56752430206783,19.647346873400746,660477000
2023-02-02,21.660873413085938,21.900341133803423,20.654111370425873,20.95344554554266,564276000
2023-02-03,21.05322265625,21.696793177822467,20.742911306722025,20.953443971002155,429366000
2023-02-06,21.04224395751953,21.522176520252494,20.73991434273434,20.759870457178742,452197000
2023-02-07,22.123844146728516,22.209653931499272,21.10311135974189,21.33459738007037,664150000
2023-02-08,22.155771255493164,22.827279543884256,21.959207503696422,22.33736696829217,559651000
2023-02-09,22.2874813079834,22.96896773808155,22.07096331622083,22.555885970462455,523876000
2023-02-10,21.217853546142578,22.02905079986804,20.76486152389426,21.641912436236254,550737000
2023-02-13,21.739694595336914,21.999118385629707,20.915525681631326,21.490248862723064,474919000
2023-02-14,22.920072555541992,22.99789874171555,21.318629492503824,21.530159368940577,675474000
2023-02-15,22.713531494140625,22.804329348665444,22.056991258302702,22.499008003095835,420575000
2023-02-16,21.953224182128906,22.50000774301944,21.87838968971364,22.08393238042942,412026000
2023-02-17,21.3405818939209,21.691800771351655,20.92849743532747,21.58304317749563,465888000
2023-02-21,20.609207153320312,21.44634583081081,20.5722885301492,20.953441579866375,410015000
2023-02-22,20.70798683166504,21.05721124102222,20.37572493019937,20.661092053593148,513184000
2023-02-23,23.611534118652344,23.83503841711281,22.97395090605858,23.388031723311734,1117995000
2023-02-24,23.2343692779541,23.421954070982288,22.896122115929508,23.17350560891848,589716000
2023-02-27,23.448896408081055,23.827055854409227,23.40200162980687,23.617522349762986,452994000
2023-02-28,23.164525985717773,23.77217689153847,23.154547928957133,23.32018024556822,455963000
2023-03-01,22.64767837524414,23.204441849787724,22.458099073317108,23.140582657134395,460026000
2023-03-02,23.26230812072754,23.328161772407864,22.382263693443218,22.438141191549914,389415000
2023-03-03,23.837034225463867,23.8470122834048,23.07871895003249,23.268298244670323,412393000
2023-03-06,23.50178337097168,24.194243164611763,23.43493056523591,23.8380361602402,437429000
2023-03-07,23.240312576293945,24.075598519904673,23.19340793639445,23.55167395870932,515154000
2023-03-08,24.131488800048828,24.150450902284962,23.376038799236685,23.438909531706024,513573000
2023-03-09,23.388015747070312,24.403931047691355,23.3351228633312,24.12550106515551,501257000
2023-03-10,22.91797637939453,23.57862150456227,22.679465442665016,23.36106747628327,474866000
2023-03-13,22.918973922729492,23.250294843227117,22.25134506080111,22.705413316762304,421890000
2023-03-14,24.013729095458984,24.169409811888126,23.411963139447696,23.447890629973315,474910000
2023-03-15,24.17839241027832,24.23627231190452,23.312169659954225,23.712347660414334,524486000
2023-03-16,25.488698959350586,25.535601695180254,23.845070328323995,23.977799303290052,583253000
2023-03-17,25.672325134277344,26.3449448193976,25.61544073749828,25.9287988632653,848547000
2023-03-20,25.846967697143555,25.970714347329455,25.07854386503028,25.56255140531931,432747000
2023-03-21,26.145357131958008,26.337962757604163,25.329033093000934,26.12639693275394,547408000
2023-03-22,26.413806915283203,27.532511945846586,26.18327899167826,26.370893785694037,797295000
2023-03-23,27.13532257080078,27.442692460706514,26.635348987272323,27.059477978352234,564889000
2023-03-24,26.72416877746582,27.111374826778054,26.301037139360137,26.975653609349873,454920000
2023-03-27,26.476675033569336,26.944714568093122,26.311014571134052,26.782048221700336,361026000
2023-03-28,26.355924606323242,26.45871435039119,25.7970717555382,26.392849502534016,356104000
2023-03-29,26.928747177124023,27.02255456693602,26.542540461107045,26.770074250919894,393694000
2023-03-30,27.32693099975586,27.44269460926943,27.04650622795167,27.17324699449219,364516000
2023-03-31,27.720125198364258,27.777007695296096,27.049500279209546,27.08442846214019,433933000
2023-04-03,27.907743453979492,27.942671641255586,27.280031583933262,27.452677711579923,398716000
2023-04-04,27.396785736083984,27.94266656976958,27.251084780335454,27.908735793018696,368592000
2023-04-05,26.82596206665039,26.942721186079208,26.340957083573166,26.774068490200907,515015000
2023-04-06,26.981639862060547,27.02455108460632,26.372888285157632,26.529566401792227,397654000
2023-04-10,27.52252769470215,27.56444150970001,26.614391229529172,26.76807521785466,395279000
2023-04-11,27.11336898803711,27.733097708803008,27.07045586293639,27.667232866582555,314378000
2023-04-12,26.440752029418945,27.4117593746922,26.39384737924561,27.313960457156856,446259000
2023-04-13,26.4088134765625,26.83194507729408,26.275088982964736,26.67925848324337,353615000
2023-04-14,26.703210830688477,26.827954885781043,26.166312310977247,26.44973120006375,395660000
2023-04-17,26.94670867919922,26.95070019905627,26.3788735796498,26.510603252147177,321471000
2023-04-18,27.6103515625,28.05244531067526,27.300986821273888,27.476627054688475,604812000
2023-04-19,27.87380599975586,27.942664953460447,27.176237922113327,27.304973482039863,358660000
2023-04-20,27.048500061035156,27.97260451308213,26.94471292728332,27.614338469088974,427713000
2023-04-21,27.063474655151367,27.12734469943511,26.667288132805762,26.896816762220137,345103000
2023-04-24,26.986631393432617,27.309967410410923,26.61639072563291,26.957691440868356,339282000
2023-04-25,26.18726921081543,27.191209883551597,26.17130312906319,27.02255529680181,378527000
2023-04-26,26.900802612304688,27.27403733509567,26.65031712353252,26.946709851264895,406337000
2023-04-27,27.17025375366211,27.438703972842852,26.57048448729234,27.306974277389113,377161000
2023-04-28,27.69217872619629,27.701159169994924,27.015565670619335,27.16925155716985,292216000
2023-05-01,28.85080337524414,28.998501044313812,27.7231180146928,27.782994624988884,570329000
2023-05-02,28.152236938476562,28.776956510510566,28.025498077141993,28.621275795478528,402730000
2023-05-03,27.745073318481445,28.30891697061435,27.415749094927655,27.782995617159955,383387000
2023-05-04,27.505565643310547,27.80195650009337,27.184224452575453,27.594382208198148,321850000
2023-05-05,28.621274948120117,28.696120235561477,27.67421872062941,27.76902351276572,361494000
2023-05-08,29.0913143157959,29.160173286474592,28.291955620185565,28.46360244125181,344979000
2023-05-09,28.51249885559082,28.913676170511692,28.3917482221622,28.839828282414175,314869000
2023-05-10,28.825855255126953,29.053389041510602,28.402723651406696,28.94560847700235,369350000
2023-05-11,28.51948356628418,28.89072351358173,28.18816453314951,28.836833229798795,322149000
2023-05-12,28.281972885131836,28.721072500751447,27.988574237391727,28.470585077894096,274222000
2023-05-15,28.893712997436523,28.909680980904948,28.094354488734744,28.44962451405931,293926000
2023-05-16,29.15318489074707,29.808841156723194,28.77296638486964,28.781946830273363,449405000
2023-05-17,30.1162109375,30.137167849257526,29.369743252376065,29.52342727193127,432535000
2023-05-18,31.613136291503906,31.76282877397273,30.257917101676483,30.347732971846412,748725000
2023-05-19,31.199983596801758,31.51533653819643,30.852696589930833,31.47142600851462,473908000
2023-05-22,31.112163543701172,31.455459020418363,30.61717888104211,30.837725120407754,372000000
2023-05-23,30.625164031982422,31.223935873295638,30.568281535055462,30.936525465603022,356253000
2023-05-24,30.475473403930664,30.54433236973777,29.744971827236576,30.14814396527104,721419000
2023-05-25,37.90224075317383,39.399169710914755,36.55999323619556,38.4441283049537,1543911000
2023-05-26,38.86626052856445,39.089800933075296,37.47311881105836,37.81242284228532,714397000
2023-05-30,40.028873443603516,41.852132355940626,39.867206384616175,40.51188361880298,923401000
2023-05-31,37.75653076171875,40.21249015793831,37.74455429743757,39.40714336242504,1002580000
2023-06-01,39.68857192993164,39.967997415586815,38.26149953067262,38.410192719285774,635873000
2023-06-02,39.24647521972656,40.41707376526735,38.97802500871207,40.01489905431234,482731000
2023-06-05,39.09079360961914,39.48398404045427,38.627743010740026,38.82932905392205,396094000
2023-06-06,38.57484817504883,39.0798125649745,38.069883785123146,38.750490280084,388729000
2023-06-07,37.40214157104492,39.42220868882802,37.283373442319295,38.83934443613163,511998000
2023-06-08,38.435123443603516,38.78843525380602,37.43208020342754,37.650652361661095,417772000
2023-06-09,38.69462203979492,39.633790585447805,38.49201760502022,38.961101220453585,427717000
2023-06-12,39.40523147583008,39.45313848189554,38.542912981212005,39.12378209838564,388701000
2023-06-13,40.942237854003906,41.0210866253636,39.66273283742683,40.107864800357326,613208000
2023-06-14,42.91341018676758,42.91640270965308,40.47316006488062,40.74463443107391,740465000
2023-06-15,42.570068359375,43.20483334915505,42.065051672698964,42.51916882992291,568622000
2023-06-16,42.60899353027344,43.63599213320871,42.5780517641451,43.3655191410193,655709000
2023-06-20,43.72282028198242,43.90446942443079,42.59102630942327,42.91439764756023,451153000
2023-06-21,42.9613037109375,43.530198935249985,41.998183661789234,43.41641836747542,551603000
2023-06-22,42.94134521484375,43.3415626918256,42.15188284213235,42.170843097037455,417737000
2023-06-23,42.12693786621094,42.72576983708017,41.93331479288893,42.38144316710673,358140000
2023-06-26,40.55299758911133,42.680852228000454,40.02203048498169,42.378439961624785,594322000
2023-06-27,41.79458236694336,41.85845711307234,40.36936115095312,40.71967665079335,462175000
2023-06-28,41.03704833984375,41.7636333793526,40.43921407339242,40.5809362479287,582639000
2023-06-29,40.74263381958008,41.51912113593417,40.52106530278883,41.47720297369155,380514000
2023-06-30,42.21976089477539,42.467279866613445,41.420319389366554,41.59897225706065,501148000
2023-07-03,42.330528259277344,42.81458581035407,42.11994000015232,42.434326127886784,198209000
2023-07-05,42.23472213745117,43.09304679541421,42.003170973529485,42.05307299440359,323618000
2023-07-06,42.02113723754883,42.09698967937306,41.2656091487607,41.76264195382368,303582000
2023-07-07,42.42036056518555,43.129980526432945,42.097990517388034,42.239712723775206,355881000
2023-07-10,42.097984313964844,42.72775789742395,41.56801476475212,42.57405800948138,353908000
2023-07-11,42.32254409790039,42.67485834432988,41.985203882736315,42.39839653240351,298244000
2023-07-12,43.81663513183594,43.84957190915323,42.693822639384614,42.94932537767914,481277000
2023-07-13,45.88760757446289,46.06525908080091,44.405494267990946,44.43144469055369,478204000
2023-07-14,45.38059616088867,47.99450350820883,44.972390985691305,46.492428621249765,772075000
2023-07-17,46.370662689208984,46.40559448511717,45.17399644703976,46.19900003919172,510488000
2023-07-18,47.40165710449219,47.8028759240553,45.645080740043866,46.61019966194242,569164000
2023-07-19,46.98546600341797,47.725026374946644,46.65111827083296,47.37171457968649,427502000
2023-07-20,45.43149185180664,46.99544633379389,44.974382199398164,46.416572252146125,537865000
2023-07-21,44.22283935546875,45.77681478765064,44.01424612102242,45.69896353449378,963769000
2023-07-24,44.52526092529297,45.02129625877823,43.95437445925072,44.64402903720118,382516000
2023-07-25,45.59018325805664,46.09320109466631,44.83565269586211,44.85361925028961,348081000
2023-07-26,45.363624572753906,45.96345774796509,44.54322423850326,45.93151847506049,364237000
2023-07-27,45.81075668334961,47.30284884094631,45.66104681024001,46.42855262404122,455976000
2023-07-28,46.65910339355469,46.93556524542494,46.29082136263418,46.57726209617673,331194000
2023-07-31,46.638145446777344,47.038366761861774,46.41557944946755,46.66309836248381,251055000
2023-08-01,46.41657257080078,46.808809981833214,45.9375063312931,46.36966307349115,237858000
2023-08-02,44.182926177978516,45.750870737209425,43.302641133046315,45.74188936339505,530142000
2023-08-03,44.428443908691406,45.030272068122756,43.71483401069051,43.71483401069051,324176000
2023-08-04,44.59313201904297,45.553259657619556,44.306691262413594,44.89753933286693,362666000
2023-08-07,45.32868957519531,45.45145150662656,44.47635002825804,45.02328481487745,322154000
2023-08-08,44.57716369628906,45.15403903929904,43.970344091683025,44.76579541158173,353843000
2023-08-09,42.47126007080078,44.2258412871121,42.05207472701769,44.18791316298273,586449000
2023-08-10,42.30558395385742,43.489278793199354,41.75365777083557,42.07802662294512,492705000
2023-08-11,40.77556228637695,41.93630299373014,40.55998266636193,41.669820039034846,533085000
2023-08-14,43.66792297363281,43.71483246792128,40.23261822669723,40.407277187048145,690286000
2023-08-15,43.85456466674805,45.17998551740348,43.62501232005784,44.473361921944495,676512000
2023-08-16,43.40143966674805,44.58812678282332,43.321593402688904,44.43342940530801,527451000
2023-08-17,43.25973129272461,43.976333846961566,42.917395846957874,43.88451365983629,452395000
2023-08-18,43.214813232421875,43.4932701006516,41.57900001272248,42.55210279035976,583768000
2023-08-21,46.87568283081055,46.97349186656967,44.13602090022551,44.407491420923556,692573000
2023-08-22,45.57920455932617,48.09330773941367,45.24485683130546,48.041406896438666,755293000
2023-08-23,47.02438735961914,47.10822366199411,45.12009638799368,45.77681789721082,779046000
2023-08-24,47.0713005065918,50.16826807045973,47.06731047667301,50.11836604551162,1156044000
2023-08-25,45.92852783203125,47.71205208326433,44.936457196698406,46.92059466008382,925341000
2023-08-28,46.743934631347656,46.88865315492435,44.800721716075714,46.391620353475034,685192000
2023-08-29,48.68914794921875,48.985571364963455,46.30079918990067,46.575266020642104,701397000
2023-08-30,49.168212890625,49.82992198159772,48.330843509784565,48.94863943193041,735206000
2023-08-31,49.25904083251953,49.64728445636799,48.86281334141854,49.28399374905417,528570000
2023-09-01,48.414676666259766,49.7031667765697,48.04838969224288,49.6652424618298,463830000
2023-09-05,48.45361328125,48.7560255895284,47.766951165430406,48.12924438500935,382653000
2023-09-06,46.97336196899414,48.4585899209421,46.49325871140174,48.35079314460042,468670000
2023-09-07,46.15489959716797,46.257708449088824,45.067926633125616,45.44023319735737,433330000
2023-09-08,45.48713684082031,46.51921177692775,45.18669865684588,45.8564505879392,473069000
2023-09-11,45.0938720703125,46.07703462980452,44.229483586598796,46.062063171640766,473966000
2023-09-12,44.78644561767578,45.587951736657104,44.44807617569655,44.6546914479524,349256000
2023-09-13,45.400299072265625,45.8444700948222,44.42012548496772,44.51694497475434,398355000
2023-09-14,45.49612045288086,45.90136263395265,45.0469576802591,45.86443278415264,370097000
2023-09-15,43.81825256347656,45.514086250608685,43.7264210191702,45.256567267439614,506831000
2023-09-18,43.884132385253906,44.15961943213608,41.92179358623107,42.668401863830084,500271000
2023-09-19,43.43896484375,43.88413352477652,42.92192782259573,43.751381753727316,373064000
2023-09-20,42.160343170166016,43.821246018935675,42.14437412203361,43.51880884841662,367108000
2023-09-21,40.94062042236328,42.021603947761406,40.903690569058845,41.505568360727295,450736000
2023-09-22,41.53251647949219,42.03657715904044,41.154220620543846,41.494585230845004,479236000
2023-09-25,42.14337921142578,42.4567936946112,41.1003231092512,41.51355366859355,419091000
2023-09-26,41.83295440673828,42.74026210135053,41.577430601284675,41.92278696484624,402282000
2023-09-27,42.388916015625,42.79216683776979,41.55148148041127,42.25117631483952,444935000
2023-09-28,43.00876235961914,43.36509601724836,42.036577072071424,42.38093203987961,424663000
2023-09-29,43.41800308227539,44.061802514667,43.226359256277895,43.74539144535937,397830000
2023-10-02,44.698604583740234,45.09087045109625,43.779318317844606,43.94800231209444,433298000
2023-10-03,43.43596649169922,45.045965740925496,43.16547120468859,44.7245629218231,470850000
2023-10-04,43.958988189697266,44.06079943552314,43.21138241263282,43.6605451941074,361821000
2023-10-05,44.60478210449219,44.816389117042256,43.80627261934712,43.96796969540584,393483000
2023-10-06,45.676788330078125,45.70373848025028,43.9440208476475,44.11070969679084,434436000
2023-10-09,45.18869400024414,45.52007649973999,44.28538045832398,44.75849682767498,409675000
2023-10-10,45.71272277832031,46.17286291728584,45.00404573819931,45.22563248789511,368582000
2023-10-11,46.718841552734375,46.77174426177856,45.96424879463127,46.109976834306515,378137000
2023-10-12,46.857582092285156,47.52034710135052,46.24372943331202,46.68989566086201,481325000
2023-10-13,45.37635040283203,47.02827139098628,45.19568766753486,46.87255982126832,474115000
2023-10-16,46.0091667175293,46.13892190023753,44.82836714020883,44.97908693457242,375099000
2023-10-17,43.85618209838867,44.670664500769895,42.40089687991119,43.918066921379186,812333000
2023-10-18,42.11742401123047,43.13852165493323,41.74711648202066,42.51168892025405,627294000
2023-10-19,42.02260971069336,43.216381906827145,41.8040157217801,42.731286777485096,501233000
2023-10-20,41.309940338134766,42.39092402452541,41.0015137629479,41.81200213030283,477266000
2023-10-23,42.89497756958008,43.1674718539468,40.86875871685224,41.152230295210934,478530000
2023-10-24,43.581695556640625,43.615632642963874,42.61150915403504,42.99678817947999,401463000
2023-10-25,41.70119857788086,43.56871659941446,41.47761668487891,43.317183162193714,398379000
2023-10-26,40.250911712646484,42.177318286010724,39.80574303401105,41.77506880872993,541001000
2023-10-27,40.42458724975586,41.12927392659706,39.94048973150051,41.0534152286562,416784000
2023-10-30,41.084354400634766,41.68822738791205,40.405620307517786,41.01049469201982,388028000
2023-10-31,40.70405960083008,40.80287807912132,39.15694672159714,40.37467609597359,517969000
2023-11-01,42.246185302734375,42.30208077870125,40.79289531240805,40.80786677095721,437593000
2023-11-02,43.424991607666016,43.802286120371775,42.81413164942189,43.24732164549146,409172000
2023-11-03,44.92119598388672,45.22462694220357,43.64158173973637,43.93802957100558,424610000
2023-11-06,45.665809631347656,45.849468936509936,44.815394894536624,45.200677734191665,400733000
2023-11-07,45.86942672729492,46.131933661639785,45.07390997743288,45.63386613375853,343165000
2023-11-08,46.487274169921875,46.779727832903724,45.8823998221808,46.01415398971753,346719000
2023-11-09,46.862571716308594,48.1401869158154,46.662943389487246,47.378607266813916,540496000
2023-11-10,48.2449951171875,48.38174104695151,47.194955890683396,47.41155087354873,421245000
2023-11-13,48.52946853637695,49.02454717798487,48.00943872930376,48.230027897633555,384136000
2023-11-14,49.56352996826172,49.74119990193618,48.94867974988804,49.58748734734276,416954000
2023-11-15,48.796966552734375,49.86696898933371,48.11024794590893,49.84201782618033,475497000
2023-11-16,49.38785934448242,49.43277752675656,48.24000312516628,48.58835225290183,339756000
2023-11-17,49.20620346069336,49.62442196935827,48.915744960766254,49.43178055903223,325205000
2023-11-20,50.31513595581055,50.453877068941594,49.08942192234672,49.22017851068948,414120000
2023-11-21,49.85099792480469,50.42292897370047,49.130342262240724,50.03265822480747,565747000
2023-11-22,48.62528610229492,50.2412708632355,47.6011956303171,49.7591723537565,899420000
2023-11-24,47.68703079223633,48.82989898903846,47.656086480679264,48.37973864420554,294645000
2023-11-27,48.15217208862305,48.43963402417859,47.56327053938668,47.7109937696309,395662000
2023-11-28,47.73194885253906,48.233016759843025,47.38459731024166,48.14617697047183,401491000
2023-11-29,48.05036163330078,48.67120510025969,47.770884217997974,48.288918833586436,382005000
2023-11-30,46.68291473388672,48.02041980667685,46.33556313621097,47.934577593167546,526247000
2023-12-01,46.67792510986328,47.112116530587656,46.1010022026633,46.43837411108703,369317000
2023-12-04,45.42525863647461,45.99120422189831,44.926189637223715,45.99120422189831,437543000
2023-12-05,46.48337173461914,46.51730799060107,45.19066769826612,45.38532137121095,371718000
2023-12-06,45.422264099121094,47.30292406979546,45.331425953011845,47.13122835946555,380590000
2023-12-07,46.51332473754883,46.54626712955494,45.52308427817849,45.6189146142351,350823000
2023-12-08,47.42171096801758,47.65629461849747,46.467405912391875,46.51232804934258,359224000
2023-12-11,46.54426956176758,47.446664942684954,45.74868658721169,47.40673880790064,509728000
2023-12-12,47.57244873046875,47.581431635575925,45.96430689603469,45.96430689603469,372387000
2023-12-13,48.0026741027832,48.50777677637629,47.52352626972847,47.544488916025955,447792000
2023-12-14,48.26420974731445,48.58364165791398,47.337858729747325,48.30413968812158,391232000
2023-12-15,48.803253173828125,49.31634111544804,48.034618938742405,48.10848894942567,479948000
2023-12-18,49.9881477355957,50.34351507731144,49.062794375670336,49.31235079913167,412587000
2023-12-19,49.51598358154297,49.61181391094036,48.80824198487287,49.33630266590499,464444000
2023-12-20,48.025634765625,49.91028529819524,48.012657344636494,49.5668939044448,397894000
2023-12-21,48.903079986572266,49.00789323083867,48.33309014213933,48.72439672866285,300425000
2023-12-22,48.743350982666016,49.295367254790726,48.38099236893777,49.10770114270076,252507000
2023-12-26,49.191566467285156,49.51199608268566,48.87313220671744,48.881117433977685,244200000
2023-12-27,49.32931900024414,49.59185284551433,48.997907338293054,49.42315398247824,233648000
2023-12-28,49.43412780761719,49.795484989479434,49.324322381717465,49.55491529927827,246587000
2023-12-29,49.43412780761719,49.90828725509975,48.66449595698359,49.72461182444803,389293000
2024-01-02,48.082523345947266,49.207522345486765,47.510542105601374,49.15661415682714,411254000
2024-01-03,47.484596252441406,48.09850289557728,47.23603751691528,47.40074566328975,320896000
2024-01-04,47.912837982177734,48.413946184142475,47.42370571637504,47.68224504410837,306535000
2024-01-05,49.009891510009766,49.459093875047344,48.22029454815895,48.37601981173892,415039000
2024-01-08,52.1602897644043,52.18225389964643,49.39121320158821,49.424155596522276,642510000
2024-01-09,53.04571533203125,54.22861420741035,51.598287244233845,52.30802809263291,773100000
2024-01-10,54.253570556640625,54.503127005949786,53.39409808429299,53.520875471787654,533796000
2024-01-11,54.72472381591797,55.24779611496442,53.46496584925973,54.90141170121365,596759000
2024-01-12,54.6129264831543,54.87246729450568,54.23360346337735,54.523086018906326,352994000
2024-01-16,56.281959533691406,56.73415487746208,54.80259064863885,54.92038130782368,449580000
2024-01-17,55.953548431396484,56.370806056804064,54.64287831771136,56.24702551752996,474394000
2024-01-18,57.005672454833984,57.497797746406825,56.00744677307047,57.15840086229008,491650000
2024-01-19,59.385440826416016,59.39442372974931,57.12345894632279,57.88610325059809,543501000
2024-01-22,59.548152923583984,60.223953645882176,58.96518950299891,59.942452516713104,452955000
2024-01-23,59.76676559448242,59.803698694627826,58.48104894335419,59.464301820428496,294654000
2024-01-24,61.25312423706055,62.73748534909312,59.831651069260054,60.19700279855746,560271000
2024-01-25,61.50767135620117,62.607717226695215,60.742030169454694,62.239368666397,482777000
2024-01-26,60.92270278930664,61.673371126647396,60.46551910494396,60.8518296270528,390309000
2024-01-29,62.35416030883789,62.37811598607431,60.79892621300264,61.12334647652739,348733000
2024-01-30,62.66261672973633,63.38034275629544,62.14952879417416,62.788396424260334,410735000
2024-01-31,61.417823791503906,62.15850772780802,60.59229159742143,61.33097637138223,453795000
2024-02-01,62.9151725769043,63.07888305643791,61.54061686379006,61.98981538927627,369146000
2024-02-02,66.04261779785156,66.48183193924027,63.57699522405565,63.8604917267368,476578000
2024-02-05,69.208984375,69.37369252800232,67.08575942583846,68.10394628020288,680078000
2024-02-06,68.10195922851562,69.63024118166943,66.18237446253364,69.50646063248888,683111000
2024-02-07,69.97462463378906,70.09541214076467,67.48005798042527,68.19778404882926,495575000
2024-02-08,69.5174331665039,70.66838724943909,69.33176617612584,69.94966354395652,414422000
2024-02-09,72.00502014160156,72.05692221360141,70.08742326576261,70.40785287358678,436637000
2024-02-12,72.11980438232422,74.4786104438433,71.12357413495056,72.47117717433613,613710000
2024-02-13,72.00001525878906,73.31966811582932,69.49646981196616,70.27508457037247,602580000
2024-02-14,73.76888275146484,74.10428513350574,71.81036588559786,73.0721231436502,504917000
2024-02-15,72.5290756225586,73.8437401296513,72.27153779440317,73.73793302512789,420122000
2024-02-16,72.48416137695312,74.2699886080868,72.37236058649458,73.9685224984471,495327000
2024-02-20,69.32878875732422,71.82834422035785,67.61383434398117,71.81935750646534,704833000
2024-02-21,67.352294921875,68.7657830962581,66.1304674517911,67.8853441158395,673755000
2024-02-22,78.39866638183594,78.4355956825634,74.0883262285213,74.89189836868567,865100000
2024-02-23,78.67715454101562,82.24780364536768,77.4323654765101,80.64665337566204,829388000
2024-02-26,78.95166778564453,80.5029113343283,78.36570371037314,79.55858308487059,503973000
2024-02-27,78.56135559082031,79.33898034064636,77.0250924240117,79.24014935736925,391705000
2024-02-28,77.52519989013672,78.7929431019633,76.98815248522881,77.48227691873889,393110000
2024-02-29,78.97163391113281,79.84807446200602,78.2109848648127,78.95366810218512,507289000
2024-03-01,82.13301086425781,82.15397732028299,79.29405523547015,79.85805518730493,479135000
2024-03-04,85.08576202392578,87.53940093463996,83.57045769196934,83.98072393894745,615616000
2024-03-05,85.81550598144531,85.94827947163024,83.2729084960246,85.12270452666515,520639000
2024-03-06,88.54678344726562,89.56901674063066,86.87966990374186,87.86996078675678,582520000
2024-03-07,92.5089111328125,92.60674140930558,89.44720809741612,90.00224735235656,608119000
2024-03-08,87.37678527832031,97.23173191783087,86.35654773150235,94.97363874493585,1142269000
2024-03-11,85.62582397460938,88.64359662209651,84.02060015441661,86.27969121669621,678364000
2024-03-12,91.75421905517578,91.80113493638854,86.0011743538899,87.89689583589372,668075000
2024-03-13,90.73098754882812,91.34592070136199,88.28222228746216,90.89769886633881,635713000
2024-03-14,87.79207611083984,90.48941185201531,86.45039611721776,89.42225831640668,602318000
2024-03-15,87.68526458740234,89.39131202190967,86.10799973550625,86.77983369344113,642086000
2024-03-18,88.30218505859375,92.24535790675833,86.93454915835915,90.23184422557269,668976000
2024-03-19,89.24356842041016,90.38758481674583,84.86314816147532,86.55022352343148,672171000
2024-03-20,90.21588134765625,90.25381771221527,88.07059173697641,89.6418701073994,479063000
2024-03-21,91.27703094482422,92.4879403765992,90.24881163098036,92.14054202127372,480372000
2024-03-22,94.1261215209961,94.61427521165601,90.67708804781446,90.9835569272488,586719000
2024-03-25,94.83787536621094,96.59882785449742,93.34845614456138,93.77871131394467,552136000
2024-03-26,92.4011001586914,96.20851455285562,92.34220396856466,95.68541767838448,513648000
2024-03-27,90.09410095214844,93.07893385392306,88.96904884364167,92.95115660792449,586067000
2024-03-28,90.19991302490234,91.1422825108375,89.03892009399118,89.8445252112995,435212000
2024-04-01,90.20690155029297,92.06568455405531,89.0499070749777,90.14301673764523,452441000
2024-04-02,89.29747009277344,89.93835929549583,87.46863424504667,88.295199136712,433064000
2024-04-03,88.81031799316406,90.21788597554938,88.24729689318218,88.33115142365672,370067000
2024-04-04,85.756591796875,90.47742601324012,85.73163346290652,90.24981545155312,434965000
2024-04-05,87.85597229003906,88.32815477151372,85.77756814573236,86.71593914747515,399678000
2024-04-08,86.98247528076172,88.67654220104028,86.58216705957724,88.54676191015398,283220000
2024-04-09,85.20654296875,87.4836082761363,82.87857850073121,87.29094090122678,501700000
2024-04-10,86.88863372802734,87.24901012884979,83.56438477591776,83.78101275251376,431929000
2024-04-11,90.4594497680664,90.58223837088431,86.77582976459976,87.26897200773683,431637000
2024-04-12,88.03364562988281,90.01921543730927,87.37878071175011,89.54403223705786,426805000
2024-04-15,85.85242462158203,90.45645646962656,85.78055040974887,88.94407438415881,443077000
2024-04-16,87.26399230957031,87.965773191981,85.91532822119116,86.28368645109244,370453000
2024-04-17,83.88983154296875,88.62164096734257,83.80497167986917,88.18738725935935,495400000
2024-04-18,84.52471923828125,86.0410998135889,82.25964198597137,84.82320627802973,447260000
2024-04-19,76.06836700439453,84.17833393456459,75.47539894537725,83.00636595540483,875198000
2024-04-22,79.3806381225586,79.93467971860302,76.26802794241385,77.9690792079323,596341000
2024-04-23,82.28060913085938,82.62601207910251,80.12534225900131,80.62946711947102,438559000
2024-04-24,79.53936004638672,83.93674919660243,79.0462101404743,83.80497344877082,512208000
2024-04-25,82.48926544189453,83.17906608261447,78.08787733468318,78.73175981196158,424641000
2024-04-26,87.58344268798828,88.17841379736606,83.24295407183207,83.67320929669376,551011000
2024-04-29,87.60541534423828,87.84000240637579,85.11871327693655,87.44369261843626,388971000
2024-04-30,86.25274658203125,88.66557118869024,86.15092540038592,87.08929643239856,363709000
2024-05-01,82.89753723144531,85.85142484392729,81.11461964994571,84.93002290842145,559863000
2024-05-02,85.66876220703125,86.0880348767794,83.05627839074917,84.30312143328865,377898000
2024-05-03,88.6356201171875,89.12676696706856,86.88964093377092,87.63734759857738,398341000
2024-05-06,91.98082733154297,92.06069095925291,88.90115758999175,89.23557796278553,376203000
2024-05-07,90.39756774902344,91.62244547206083,88.85723403089521,90.94062670307744,437342000
2024-05-08,90.25581359863281,91.03646035901207,89.26552291616532,89.32841761603471,325721000
2024-05-09,88.59368133544922,90.91466159296331,88.07857394048413,90.37260041699219,378013000
2024-05-10,89.72274017333984,91.24311191356409,89.07286375704587,90.14900450939767,335325000
2024-05-13,90.24283599853516,90.84080023922876,88.37606371894472,90.32169428450598,289680000
2024-05-14,91.19817352294922,91.49266204448712,88.78035314892927,89.4442051895543,296507000
2024-05-15,94.4665298461914,94.69813133508781,91.44076747625896,92.31226052004403,417735000
2024-05-16,94.19599151611328,95.65346838301872,93.94042944222824,94.74604213563502,323952000
2024-05-17,92.31924438476562,94.57634022771545,91.64741042469609,94.20598653059943,359691000
2024-05-20,94.61625671386719,95.0355292933575,93.27857535562269,93.58803736197783,318764000
2024-05-21,95.22122192382812,95.23519767784772,93.01903151729087,93.43730641374981,328946000
2024-05-22,94.78596496582031,95.85411617010452,93.0879071432018,95.29408831779949,548648000
2024-05-23,103.61969757080078,106.1363388077003,101.34462744914427,101.85175314144693,835065000
2024-05-24,106.28507232666016,106.29105867121642,102.82206339543845,104.2685576920773,429494000
2024-05-28,113.7042465209961,114.74045547346739,109.69318953443825,110.0535659980523,652728000
2024-05-29,114.62663269042969,115.29248024146612,110.70941556106891,112.8547051589029,557442000
2024-05-30,110.30911254882812,115.61892428256706,109.47356046717066,114.45194499585061,484553000
2024-05-31,109.443603515625,112.52227529514084,106.75525509489461,112.32560941345422,613263000
2024-06-03,114.80133819580078,114.80133819580078,111.80951385006522,113.42472260342709,438392000
2024-06-04,116.23583984375,116.39856025554492,113.84797397023767,115.51609238971567,403324000
2024-06-05,122.2284927368164,122.23747225440593,117.26508152569082,118.16652151115385,528402000
2024-06-06,120.7889633178711,125.37003219208192,118.11558846545381,123.83368952695288,664696000
2024-06-07,120.67916870117188,121.48178065904402,117.81812234412239,119.56309618694148,412386000
2024-06-10,121.5796127319336,122.88734731323206,116.80787124184927,120.16206756268633,313434100
2024-06-11,120.71105194091797,122.66782593913159,118.54461678500223,121.56962984389475,222551200
2024-06-12,124.99398040771484,126.6712162731191,122.36831081363356,122.85750238613136,299595000
2024-06-13,129.39674377441406,129.58643359087407,126.95077798576432,129.177104537848,260704500
2024-06-14,131.66299438476562,132.62140615970972,128.10885485479358,129.7461556011969,309320400
2024-06-17,130.7644805908203,133.5099557271365,129.3667902512595,132.77118307637525,288504400
2024-06-18,135.35691833496094,136.10568428406987,130.474964956118,130.9242214788469,294335100
2024-06-20,130.56480407714844,140.52837801062054,129.30688285479897,139.56996619369176,517768400
2024-06-21,126.36172485351562,130.41504917764772,124.09546355999291,126.91082285827493,649445800
2024-06-24,117.91564178466797,124.2551908621237,117.8457572795687,123.03719724453093,476060900
2024-06-25,125.88251495361328,126.29184395373642,119.1236583558784,121.00056206941291,414192600
2024-06-26,126.19200134277344,127.9091645624237,122.39825146602374,125.92244138152637,362975900
2024-06-27,123.78598022460938,126.20200405764365,122.71774114608809,123.89579983596734,252571700
2024-06-28,123.33672332763672,127.49986001719877,122.54802231076043,124.37501298465715,315516700
2024-07-01,124.09546661376953,124.63457133754859,118.63446631453066,123.26683055595603,284885500
2024-07-02,122.46814727783203,123.20693510758652,120.83084647254137,120.93068040128533,218374000
2024-07-03,128.06893920898438,128.06893920898438,121.16032653936864,121.45983599496338,215749000
2024-07-05,125.62294006347656,128.6379747149119,125.47318537524079,127.17038486367325,214176700
2024-07-08,127.98902893066406,130.55480700867955,126.83094180644568,127.28019823232947,237677300
2024-07-09,131.16383361816406,133.59982130546845,128.4383145629174,130.13552958791902,285366600
2024-07-10,134.68800354003906,134.87769332438475,132.20209545632153,133.8094467425138,248978600
2024-07-11,127.19036865234375,135.92596317348227,126.84094609019272,135.52662745493282,374782700
2024-07-12,129.02732849121094,131.70291097832524,127.01064833229333,128.04893020829968,252680500
2024-07-15,128.22865295410156,131.1737956487568,126.97072416574117,130.3451595951711,208326200
2024-07-16,126.1520767211914,128.82765950066548,124.37500690887067,128.22865593379024,214769500
2024-07-17,117.79583740234375,121.64948612259293,116.52793062400055,121.15030890615485,390086200
2024-07-18,120.89073181152344,122.19858126764932,116.36818755438776,121.64948329559192,320979500
2024-07-19,117.73595428466797,121.3999137142076,117.17687816504188,120.15197050658449,217223800
2024-07-22,123.33672332763672,123.86585002604772,119.66277824004172,120.15196984200875,258068900
2024-07-23,122.38826751708984,124.4848179409612,121.89907597271183,122.57795729865761,173911000
2024-07-24,114.06200408935547,119.75262181556741,113.25333936427286,118.9739065074374,327776900
2024-07-25,112.0952377319336,116.43807811661003,106.12508231687993,112.85398925547956,460067000
2024-07-26,112.87395477294922,116.00878722251285,111.3963944118867,115.99880916186419,293399100
2024-07-29,111.40638732910156,116.08867288971433,111.11687119487814,113.50293810461493,248152100
2024-07-30,103.55931854248047,111.8057214597651,102.37127421675278,111.33649361290321,486833300
2024-07-31,116.82743835449219,118.14526596856572,110.6975424326974,112.71422275560462,473174200
2024-08-01,109.03028106689453,119.9622661121472,106.6342290284255,117.33658921457162,523462300
2024-08-02,107.0934829711914,108.54110155423277,101.20319756374683,103.58926418951675,482027500
2024-08-05,100.28470611572266,103.239842127859,90.5407717150732,91.90851250035082,552842400
2024-08-06,104.07845306396484,107.53275860175525,100.38454458708775,103.66912407688663,409012100
2024-08-07,98.74724578857422,108.62097103799087,98.52760658313275,107.6325946135043,411440400
2024-08-08,104.7972640991211,105.32639072006307,97.35951914167633,101.83215026963444,391910000
2024-08-09,104.57763671875,106.42459107060563,103.2598090475883,105.46617163856445,290844200
2024-08-12,108.84061431884766,110.88724428013212,106.08516112777683,106.14505996593543,325559900
2024-08-13,115.94889831542969,116.03875418683985,111.39640394640423,112.25498947976828,312646700
2024-08-14,117.88571166992188,118.40485270467185,113.88230763624145,118.33496818813165,339246400
2024-08-15,122.65782928466797,123.03720123653866,117.27669936691132,118.56457753138926,318086700
2024-08-16,124.375,124.79430704362497,120.98059332504539,121.73934484458584,302589900
2024-08-19,129.78607177734375,129.78607177734375,123.21689800857207,124.07548340044629,318333600
2024-08-20,127.04060363769531,129.66628071339343,125.68284097768198,128.18870516059542,300087400
2024-08-21,128.28857421875,129.13718177592708,126.45160529458104,127.11051541152283,257883600
2024-08-22,123.536376953125,130.5348437487765,122.89743071735391,129.80604926899383,376189100
2024-08-23,129.15713500976562,129.38676754540884,125.0139693437825,125.6529157045682,323230300
2024-08-26,126.25191497802734,131.04401222890846,124.1653576328901,129.35680584239554,331964700
2024-08-27,128.0889129638672,128.98742611377176,123.67617933536566,124.84426014055718,303134600
2024-08-28,125.40331268310547,128.118838213882,122.43819852070378,127.90917706049713,448101100
2024-08-29,117.39649963378906,124.22524823697073,116.51795043355128,121.16030028839229,453023300
2024-08-30,119.17357635498047,121.54965726206557,117.02711271158417,119.33330911013266,333751600
2024-09-03,107.8222885131836,116.01877823521122,107.1134577156826,115.8191103772934,477155100
2024-09-04,106.03523254394531,113.0836130103624,103.94867525541761,105.23655349888746,372470300
2024-09-05,107.03357696533203,109.46956419915412,104.58761167138691,104.8172289236532,306850700
2024-09-06,102.66079711914062,107.97204286084109,100.78388574677186,107.86222325429438,413638100
2024-09-09,106.2947998046875,106.37466998895037,103.5193756446925,104.7074122640328,273912000
2024-09-10,107.92211151123047,109.21997530676359,104.77729355808466,107.63258781478571,268283700
2024-09-11,116.7176284790039,116.99716652085532,107.24323877137772,109.20999835891277,441422400
2024-09-12,118.95413970947266,120.6015672152285,115.2000032170065,116.65772468720782,366052700
2024-09-13,118.9141845703125,119.77284345041441,117.41652479583126,118.8942191250157,238358300
2024-09-16,116.59780883789062,117.99562620382233,114.1815861384539,116.60779536966285,248772300
2024-09-17,115.40966796875,118.61466685067687,114.65085910577872,117.98564481894722,231925900
2024-09-18,113.19313049316406,117.51636932909096,113.04336298957726,115.70919560695407,310318900
2024-09-19,117.68611145019531,119.47331975028854,117.06707598202318,117.16691844656921,293506400
2024-09-20,115.81903076171875,118.43494609535816,115.2099818009,116.87737463970251,382462400
2024-09-23,116.07862091064453,116.80747774675662,114.68080357526898,116.36816938577523,206228500
2024-09-24,120.68143463134766,121.60998405209612,115.19999404233639,116.33821493002908,354966800
2024-09-25,123.31731414794922,124.74508350925583,121.42027681497308,121.82963321276459,284692900
2024-09-26,123.84648132324219,127.47081527785902,121.6099781665842,126.60217747362803,302582900
2024-09-27,121.21060180664062,123.83649592385486,119.07394109309165,123.77659196922,271009200
2024-09-30,121.25054931640625,121.31045327548797,117.96568098439478,118.1254274144435,226553700
2024-10-01,116.81745910644531,122.24897417258154,115.60934783662292,121.58001370293499,302094500
2024-10-02,118.66458129882812,119.19375323018366,114.96037016184738,116.25834508658102,221845900
2024-10-03,122.65834045410156,124.16598683922703,120.15225416683853,120.73135113827638,277118000
2024-10-04,124.72510528564453,124.84492081095192,121.63992977952229,124.74507834860822,243678100
2024-10-07,127.52073669433594,130.43617917860723,124.75505409102715,124.7949925984476,346250200
2024-10-08,132.68267822265625,133.27175410957346,129.2180905372518,130.0567764001493,285722500
2024-10-09,132.4430694580078,134.31016275245554,131.17506153574655,133.90079866653508,246191600
2024-10-10,134.5996856689453,134.7893916948541,130.79563194093248,131.70421594134592,242311300
2024-10-11,134.58970642089844,135.5681732923908,133.4514855032485,133.80093033986074,170209500
2024-10-14,137.85459899902344,139.3822107684187,136.0873561782587,136.2570891265267,232347700
2024-10-15,131.3946990966797,138.3538265330219,128.5391603262797,137.654906403531,377831000
2024-10-16,135.5082550048828,136.40684475827754,131.37471471629812,133.7709642153392,264879700
2024-10-17,136.7163848876953,140.6702140778628,136.65648092397825,139.12262899690117,306435900
2024-10-18,137.7847137451172,138.6833036103306,137.06583575895257,138.45366668655112,176090200
2024-10-21,143.48580932617188,143.48580932617188,137.78471061125512,137.91451267760561,264554500
2024-10-22,143.36598205566406,144.194689003585,141.55880826832362,142.68705023422552,226311600
2024-10-23,139.34228515625,142.20780310560568,137.2455702792771,141.80843319617813,285930000
2024-10-24,140.1909637451172,141.1294997806309,138.24400879643727,140.6003278006047,172354900
2024-10-25,141.31918334960938,143.90515439009727,140.5803475394567,140.71013437273555,205122100
2024-10-28,140.30076599121094,142.91667341121004,139.83149806296922,142.77689244758375,173586700
2024-10-29,141.02964782714844,142.03806672701694,138.6833077693045,140.0711387385227,157593600
2024-10-30,139.1226043701172,140.1110653014331,136.59655278062618,139.32228929215535,179418100
2024-10-31,132.55287170410156,137.39531116933003,131.90389188236236,137.38533225522045,270039600
2024-11-01,135.18875122070312,137.09577501351765,134.36005954202903,134.48984636430032,207127800
2024-11-04,135.83775329589844,138.74321710094807,135.3585064031532,136.9959472521015,187528200
2024-11-05,139.6917266845703,140.151000495864,137.11574997671616,137.23555788662173,160537400
2024-11-06,145.38282775878906,146.26145970555473,141.73852838547052,142.73696823952852,242043900
2024-11-07,148.64776611328125,148.69767593000637,145.94198675435769,146.1616447939007,207323300
2024-11-08,147.39967346191406,149.53633403774526,146.03180056765603,148.5378942315628,175665800
2024-11-11,145.03338623046875,148.61779734270107,143.3460354590936,148.44804913905642,182325600
2024-11-12,148.05865478515625,149.4165337385062,145.7822128979203,146.55101593198214,198634700
2024-11-13,146.04180908203125,149.09703275189045,145.6723759576151,148.83744386134128,191903300
2024-11-14,146.53102111816406,148.76753177848803,145.32291747893564,147.40965302668107,194463300
2024-11-15,141.7584991455078,145.0134231170618,139.86146934373124,144.64398997756967,250132900
2024-11-18,139.9313507080078,141.3291757571169,136.93603090489682,139.28237084466085,221205300
2024-11-19,146.7806396484375,146.90046279249913,140.77004260660007,141.09952959154865,227834900
2024-11-20,145.6623992919922,147.32979212988033,142.50732548898966,147.18003223590216,309871700
2024-11-21,146.44117736816406,152.65147472524168,140.4804899844899,149.11700420524105,400946600
2024-11-22,141.72854614257812,146.93042492260167,140.8798813363258,145.70233282975542,236406200
2024-11-25,135.80780029296875,141.82839170792872,135.60811535874635,141.76848775116036,344941900
2024-11-26,136.70640563964844,139.08269776121745,135.45835561529256,137.48518763604767,190287700
2024-11-27,135.12887573242188,137.00594794359344,131.59440457977618,134.79938868035538,226370900
2024-11-29,138.03431701660156,139.1326070072914,135.83775227020575,136.56660913585418,141863200
2024-12-02,138.4137420654297,140.2308949431091,137.6050081030844,138.61342701841852,171682800
2024-12-03,140.04116821289062,140.3207301527637,137.7347745914462,138.04428850809262,164414000
2024-12-04,144.91355895996094,145.56253876730494,140.07111960214385,141.77845844597738,231224300
2024-12-05,144.8436737060547,146.32146235801875,143.73532840807314,144.89360218968224,172621200
2024-12-06,142.2275848388672,145.4827177885172,141.09926510716357,144.38436733563313,188505600
2024-12-09,138.6029815673828,139.74128080496888,136.92549436926976,138.76274660606958,189308600
2024-12-10,134.86859130859375,141.60852572754877,133.59048602384692,138.80270319338828,210020900
2024-12-11,139.10223388671875,139.9609519122756,135.00835767243856,137.15514511831444,184905200
2024-12-12,137.1351776123047,138.23354324797214,135.59748095840345,136.8755708420711,159211400
2024-12-13,134.0498046875,139.3918327936691,132.34234795745746,138.73281333743972,231514900
2024-12-16,131.80313110351562,134.19954557462145,130.2254857362255,133.9798724705664,237951100
2024-12-17,130.19554138183594,131.39374870651014,126.67080709010266,128.89747709842524,259410300
2024-12-18,128.71774291992188,136.49611794642954,128.08867764771298,133.66035727519176,277444500
2024-12-19,130.485107421875,133.8301176053825,129.3568029702355,131.56349862817564,209719200
2024-12-20,134.49911499023438,135.07825184796977,128.02878306565836,129.61640819653473,306528600
2024-12-23,139.46170043945312,139.58151660116854,134.91848306333998,136.0767567466981,176053500
2024-12-24,140.01089477539062,141.6883821217358,138.44322876231024,139.79122163679293,105157000
2024-12-26,139.7213134765625,140.63995487774488,137.52459740894255,139.49166074428362,116205600
2024-12-27,136.8056640625,138.81267619141968,134.50910636621433,138.34337590905767,170582600
2024-12-30,137.2849578857422,140.06081067569033,133.82013169900247,134.628921256616,167734700
2024-12-31,134.08973693847656,137.8641141320975,133.63043143330796,137.82416524884428,155659200
2025-01-02,138.10372924804688,138.6728864930968,134.42922472124587,135.79717669922962,198247200
2025-01-03,144.25454711914062,144.6838985290199,139.52161059265686,139.8011917981673,229322500
2025-01-06,149.20718383789062,151.93312421854984,147.59959906842533,148.36843998355118,265377400
2025-01-07,139.93099975585938,152.9016324332477,139.80118875754107,152.80177547515166,351782200
2025-01-08,139.90106201171875,143.73533196712347,137.3548616440079,142.36737985085435,227349900
2025-01-10,135.7073211669922,139.71133557177419,134.0198390250661,137.24501786219508,207602500
2025-01-13,133.0312957763672,133.29091776199226,129.31684258602223,129.79613768131526,204808900
2025-01-14,131.56350708007812,136.1766278538369,129.85606565410438,135.84711813885167,195590500
2025-01-15,136.03683471679688,136.2465130176968,131.09420431967888,133.45068552943664,185217300
2025-01-16,133.37081909179688,138.5430870275282,133.2909365646461,138.43325045720013,209235600
2025-01-17,137.504638671875,138.29345383465838,135.25799411499426,136.4861555399997,201188800
2025-01-21,140.61997985839844,141.6184885428412,136.88555189361048,138.95247218370304,197749000
2025-01-22,146.85067749023438,147.56958971587568,143.45573886876412,144.44426793757484,237651400
2025-01-23,147.00045776367188,147.0104373660888,143.50567717742842,144.83369562852502,155915500
2025-01-24,142.40731811523438,148.74785499769604,141.66843136501245,148.14874363197046,234657600
2025-01-27,118.24339294433594,128.20850504229963,116.52595684106743,124.6138830305536,818830900
2025-01-28,128.7976531982422,128.80763280108368,116.07664583818587,121.62835222502514,579666400
2025-01-29,123.5155258178711,126.70077107762197,119.8709750783515,126.31135328562937,467120600
2025-01-30,124.464111328125,124.81358785050304,117.92387627755191,122.91641979157204,392925500
2025-01-31,119.89093780517578,127.6593341751579,119.01225290264883,123.59540412169352,388161100
2025-02-03,116.48602294921875,118.39317051235568,112.84146484737198,114.57886776806536,371235700
2025-02-04,118.47305297851562,121.01924546805154,116.52595653802958,116.78557092036435,256550000
2025-02-05,124.64384460449219,124.8135892575584,120.57991444298676,121.57842315704723,262230800
2025-02-06,128.4880828857422,128.57796024161053,125.02326434711814,127.22996749994309,251483600
2025-02-07,129.6463623046875,130.17557068191934,124.8135839892709,129.02729180363133,228186300
2025-02-10,133.37081909179688,134.79867927002743,129.76620194780145,129.89599772289156,216989100
2025-02-11,132.60195922851562,134.27944654160947,130.82461495038982,132.38228609427233,178902400
2025-02-12,130.94442749023438,132.04279313100764,128.88750205027108,129.8261026458349,160278600
2025-02-13,135.08824157714844,136.29644386397356,130.9743904181038,131.36380821970238,197430000
2025-02-14,138.6429443359375,139.04234173663804,135.29793396994222,136.2764682668825,195479600
2025-02-18,139.19210815429688,143.226091877041,137.72429913092634,141.05932980350207,219176600
2025-02-19,139.02236938476562,141.14919790373787,137.01537227663152,139.30195061666387,167536000
2025-02-20,139.90106201171875,140.45024487315197,136.5860056380014,139.8211794831435,143903600
2025-02-21,134.22952270507812,141.24905316966826,133.83012530319377,139.83115735009994,228217600
2025-02-24,130.08570861816406,138.383313247837,129.88600993089565,136.35634186179794,251381100
2025-02-25,126.44115447998047,130.00583024952502,124.25442559786755,129.78615711570163,271428700
2025-02-26,131.084228515625,133.53057192522448,128.29839578499454,129.79615892181477,322553800
2025-02-27,119.9708251953125,134.80865788512716,119.83103458283094,134.7986782828192,443175800
2025-02-28,124.73370361328125,124.90344826210318,116.2264129341289,117.84399213493025,389091100
2025-03-03,113.88990020751953,123.51552349340123,112.11255593535711,123.32581202011416,411381400
2025-03-04,115.81703186035156,119.132080722439,109.94580294596078,110.4849986041218,398163300
2025-03-05,117.12507629394531,118.10361057672029,114.3392360416895,117.40465751759531,284337900
2025-03-06,110.40511322021484,115.17798387118098,110.05563667803439,113.36069823382532,321181900
2025-03-07,112.5219497680664,113.31077256873955,107.39959517379882,111.08409477767312,341755500
2025-03-10,106.82044982910156,111.6831816739289,105.30271254146378,109.73609301585863,366487400
2025-03-11,108.5978012084961,112.0726069900584,104.61374627233778,106.83043665954975,354865700
2025-03-12,115.57803344726562,116.59661034457649,112.72203506897391,113.96030532134075,323857500
2025-03-13,115.41825103759766,117.59520049683546,113.63075517539951,116.86621875800482,299033100
2025-03-14,121.49972534179688,121.70943054003341,117.98465480860956,118.44401014075397,277593500
2025-03-17,119.36271667480469,122.71801496792263,117.86481592318836,122.56822336901756,255501500
2025-03-18,115.26846313476562,118.85343549406599,114.37970924440411,117.83486627342975,299686900
2025-03-19,117.35553741455078,120.28143743378797,115.51811599486,117.10588726826337,273426200
2025-03-20,118.3641128540039,120.0317738155389,116.30699831746894,116.38688818380663,248829700
2025-03-21,117.5352783203125,117.82487338576216,115.25847035053427,116.77634740953133,266498500
2025-03-24,121.24009704589844,122.04896105750126,119.17298658297102,119.71223179694545,228452500
2025-03-25,120.5210952758789,121.12025404464302,118.75356814650013,120.38129181712452,167447200
2025-03-26,113.60079956054688,118.6736845133834,112.55226594608844,118.5638454632065,293463300
2025-03-27,111.27406311035156,114.28983351449122,110.50514401476981,111.19417323533278,236902100
2025-03-28,109.51652526855469,112.71205173921601,108.91736643615505,111.33397804410711,229872500
2025-03-31,108.22832489013672,110.80471613819729,103.50494855407659,104.98287310192077,299212700
2025-04-01,109.99585723876953,110.04578269736857,106.32100673854832,108.36813339033893,222614000
2025-04-02,110.26546478271484,111.82328673498283,106.64054773013802,107.1398479774266,220601200
2025-04-03,101.65754699707031,105.48218161280622,101.45782230020173,103.36515315702636,338769400
2025-04-04,94.17802429199219,99.9898797349743,91.9811059228115,98.77159334909085,532273800
2025-04-07,97.50334930419922,101.60759784636036,86.4987754744505,87.33759621246332,611041300
2025-04-08,96.16523742675781,105.70186824827938,94.3278084260022,103.66472218207363,476243400
2025-04-09,114.17000579833984,114.9389248904037,97.39351305704149,98.75161045127601,612918300
2025-04-10,107.4194564819336,110.70485307181585,99.01124202201945,109.21694044618194,437812400
2025-04-11,110.77476501464844,111.39390013023589,107.32959598741144,108.34816524857224,313417300
2025-04-14,110.55506896972656,114.13006086401796,108.91736463288024,113.95031245540225,264705000
2025-04-15,112.04297637939453,113.46099492172469,110.3453585264742,110.81470199440513,228966900
2025-04-16,104.3437728881836,106.64055727885454,100.30942561460589,104.40369410395131,397016900
2025-04-17,101.34796142578125,104.3237942331935,99.90998190333623,104.30381795694564,292517500
2025-04-21,96.77438354492188,99.3008417327631,94.90699776234818,98.63177356997639,288501100
2025-04-22,98.75160217285156,99.67031279819463,97.14385476914264,98.6417555090913,241004800
2025-04-23,102.5662612915039,104.6533403969428,101.87722447592722,104.37372584399631,247526000
2025-04-24,106.28104400634766,106.39089066307956,102.96569088547095,103.33517578708889,220815000
2025-04-25,110.85464477539062,111.76336727797938,105.58203530029881,106.70046299579266,251064700
2025-04-28,108.57784271240234,110.21554702841466,105.8716284785824,109.53649833991803,207708500
2025-04-29,108.867431640625,110.04578062718967,107.2896485179105,107.51932238432487,170444300
2025-04-30,108.76756286621094,108.76756286621094,103.93434018163836,104.32379376082015,235044600
2025-05-01,111.45380401611328,114.7791455573913,111.14424029465428,112.92174799120272,236121500
2025-05-02,114.33976745605469,115.23850951002053,113.21135153306962,114.02021557227994,190194800
2025-05-05,113.66072082519531,114.50952981770942,112.50234808238875,112.75199823422925,133163200
2025-05-06,113.38111114501953,114.57942879752297,110.66491633937942,111.32399638135878,158525600
2025-05-07,116.89617919921875,117.51531428959993,112.12286973799952,112.89179643623137,206758800
2025-05-08,117.20574951171875,118.51391379663416,115.68787240644632,118.08451525459601,198428100
2025-05-09,116.48676300048828,118.06455379711826,115.0487756801452,117.1857803819228,132972200
2025-05-12,122.82787322998047,122.82787322998047,120.11167839159091,121.79931583574867,225023300
2025-05-13,129.7481689453125,131.03637225526788,124.29581818961599,124.8051066300396,330430100
2025-05-14,135.15061950683594,135.25048567508128,131.49573716816334,133.01361454835225,281180800
2025-05-15,134.64129638671875,136.10924022234616,132.47433530494334,134.10204362723803,226632600
2025-05-16,135.21051025390625,136.15919297953724,133.27323795943153,136.02937003025397,226542500
2025-05-19,135.3802947998047,135.6798627990254,132.20473687113784,132.20473687113784,193154600
2025-05-20,134.1919403076172,134.39165736048994,132.4343936724944,134.10205468200522,161514200
2025-05-21,131.61557006835938,137.20772462329396,130.4072565649854,132.87380141479636,270608700
2025-05-22,132.64410400390625,134.0621148614722,131.3658966044825,132.0449376190489,187344000
2025-05-23,131.1062469482422,132.49430097030302,128.97923834191374,129.8180590665907,198821300
2025-05-27,135.31036376953125,135.47014350181522,133.1234263008756,133.96224703921547,192953600
2025-05-28,134.621337890625,137.05792567392893,134.60136161311598,135.83963178227697,304021100
2025-05-29,138.99520874023438,143.28919402135628,137.71700129433316,142.0509238917618,369241900
2025-05-30,134.94090270996094,139.42460961066672,132.73398869983464,138.5258751739265,333170900
2025-06-02,137.187744140625,137.9266987725352,135.21050414256473,135.30038976970178,197663100
2025-06-03,141.02236938476562,141.801276586457,137.75694135463795,138.5857816307834,225578800
2025-06-04,141.7213897705078,142.19073325311263,139.34471555965237,141.99101618842522,167120800
2025-06-05,139.79409790039062,143.79848066110154,138.63571759363617,141.97103980754113,231397900
2025-06-06,141.5216827392578,143.0695167658335,141.3119699021351,142.31057053380505,153986200
2025-06-09,142.43040466308594,144.7970831461155,141.74136782943543,142.98961854621228,185114500
2025-06-10,143.758544921875,144.088069701399,141.33193761060437,142.49031793007975,155881900
2025-06-11,142.64002990722656,144.79716064315863,141.6813000562032,144.4176611881815,167694000
2025-06-12,144.80714416503906,144.80714416503906,141.66133988719625,141.78117540604916,162365000
2025-06-13,141.7811737060547,143.3890329315276,140.6626682408541,142.29048989356696,180820600
2025-06-16,144.49754333496094,145.98555166191812,143.00951976951112,143.159329390418,183133700
2025-06-17,143.9282989501953,145.02684191909495,143.58875484653294,144.29781716982143,139108000
2025-06-18,145.2864990234375,145.45627108510786,142.9296373487004,143.81845298832403,161494100
2025-06-20,143.65866088867188,146.00552584195606,142.46024490398213,145.2565234707711,242956200
2025-06-23,143.97824096679688,144.58743022935184,141.84108794116847,142.31046402404658,154308900
2025-06-24,147.70326232910156,147.76319531946535,145.3064608232896,145.36637857516104,187566100
2025-06-25,154.10475158691406,154.24456476496755,149.06146548674553,149.0714619384952,269146500
2025-06-26,154.81381225585938,156.51154803915952,153.79516469048193,155.77252682686714,198145700
2025-06-27,157.54017639160156,158.4989061985097,155.05348286000648,155.83244416127852,263234500
2025-06-30,157.77984619140625,158.4489531245615,155.7525477292889,158.18928922556665,194580300
2025-07-01,153.09608459472656,156.99089075003695,151.288494680634,156.0820975676339,213143600
2025-07-02,157.0408477783203,157.3903883520798,152.76654166200262,152.77652287552658,171224100
2025-07-03,159.12803649902344,160.76585430203724,157.56013289394807,158.15932560910457,143716100
2025-07-07,158.02951049804688,159.09807923203843,157.13069855849747,157.98955517353815,140139000
2025-07-08,159.7871856689453,160.0068942683196,158.1793265036118,159.11807865757584,138133000
2025-07-09,162.66334533691406,164.2012901564699,160.9456320255445,161.0055497766517,183656400
2025-07-10,163.88172912597656,164.28119097215313,161.3950357038234,164.10143771292147,167704100
2025-07-11,164.7006378173828,167.66668863474402,163.25256951238498,163.50223698698784,193633300
2025-07-14,163.85177612304688,165.2698855378492,161.80449980139463,165.15003478890583,136975800
2025-07-15,170.4729461669922,172.17068192225182,168.97494134085255,170.96229989605533,230627400
2025-07-16,171.14207458496094,171.52157406474134,168.6753584433782,170.83248932029585,158831500
2025-07-17,172.7698974609375,173.92835823409905,170.60278554683865,171.79120519874627,160841100
2025-07-18,172.18067932128906,174.01822826089457,171.03219980516573,173.40903901870553,146456400
2025-07-21,171.1520538330078,173.1493936504508,170.77255439137573,172.52022673163836,123126100
2025-07-22,166.80783081054688,171.1620321483939,164.3610926233022,171.1120956061046,193114300
2025-07-23,170.5528564453125,171.03221376466186,167.7465962646817,169.30451898143798,154082200
2025-07-24,173.5089111328125,173.59878776513457,171.07215417768242,172.21063723590794,128984600
2025-07-25,173.26922607421875,174.4876045602178,172.72995103806022,173.37908037175941,122316800
2025-07-28,176.51490783691406,176.7645753161742,173.73860668662087,173.78854323017163,140023500
2025-07-29,175.2765350341797,179.14139760883538,174.7871965738649,177.72328828972238,154077500
2025-07-30,179.03155517578125,179.65072563032518,175.80584046425426,176.27521653092245,174312200
2025-07-31,177.6334228515625,183.0562087176856,175.69600066981488,182.6567315862202,221685400
2025-08-01,173.4889373779297,176.3051785902702,170.66269971388826,173.85844036702034,204529000
2025-08-04,179.7605743408203,179.96030526461158,174.28786778877773,174.9270158880054,148174600
2025-08-05,178.0228729248047,180.0202125232638,175.66601158908324,179.38106446129657,156407600
2025-08-06,179.1813507080078,179.66070799076476,176.01556896990587,176.09546439011424,137192300
2025-08-07,180.52957153320312,183.6354356942093,178.5621905082108,181.32851054269395,151878400
2025-08-08,182.4569854736328,183.05619350177665,180.16004168373897,181.30852119793246,123396700
2025-08-11,181.81784057617188,183.59547178906817,180.01025048518693,181.80785936297346,138323200
2025-08-12,182.9163818359375,184.234618174838,179.22130626788388,182.7166509044063,145485700
2025-08-13,181.3484649658203,183.72530422356274,179.11145412417423,182.37709375214726,179871700
2025-08-14,181.77789306640625,182.7765629312542,179.22130065055427,179.51090820642335,129554000
2025-08-15,180.20997619628906,181.658044469753,177.8031781362909,181.6380820439347,156602200
2025-08-18,181.7678985595703,182.69666946783065,180.3497891649352,180.359785616326,132008000
2025-08-19,175.40638732910156,182.25726371442747,175.25659293377495,182.1873495042791,185229200
2025-08-20,175.1667022705078,175.76591033294957,168.57548977611862,174.93701244991922,215142700
2025-08-21,174.7472381591797,176.66468235557974,173.57879631630271,174.61742144674352,140040900
2025-08-22,177.7532501220703,178.35244288234992,170.97227338198675,172.38040151215634,172789400
2025-08-25,179.57083129882812,181.6680441727565,176.33515059315872,178.11278178635797,163012800
2025-08-26,181.52822875976562,182.14739921043056,178.57215920342722,179.82049655621498,168688200
2025-08-27,181.35845947265625,182.24727507184866,178.86178472902657,181.7379436715125,235518900
2025-08-28,179.9303436279297,184.22462699678687,176.17535050737845,180.5794881684096,281787800
2025-08-29,173.94830322265625,177.91302365652732,172.91967451951007,177.87308356836775,243257900
2025-09-02,170.5528564453125,172.15073449446965,166.997593786357,169.77389508693435,231164900
2025-09-03,170.39305114746094,172.18067877773825,168.6553752976972,170.83246833565184,164424900
2025-09-04,171.43167114257812,171.6314020660847,169.1846639665207,170.34312465674856,141670100
2025-09-05,166.7978515625,168.80517258283567,163.8517783946414,167.8065026792569,224441400
2025-09-08,168.0861358642578,170.73262035939155,167.12742125141602,167.32715219255022,163769100
2025-09-09,170.53286743164062,170.75257602974241,166.51822538667548,168.86509051949957,157548400
2025-09-10,177.09414672851562,179.05153132643002,175.23661998400823,176.40506201448144,226852000
2025-09-11,176.94430541992188,180.05034427267074,176.2551819566126,179.45110250300584,151159300
2025-09-12,177.593505859375,178.37251110105626,176.22524055900428,177.5435664999128,124911000
2025-09-15,177.52357482910156,178.62217970015598,174.28769658655634,175.44622258887705,147061600
2025-09-16,174.65724182128906,177.27389957504343,174.15787872389456,176.77453647764895,140737800
2025-09-17,170.0730743408203,172.97937117956877,168.1954794867923,172.42008695754546,211843800
2025-09-18,176.01551818847656,176.87442336525442,172.73969733735942,173.7583871307785,191763300
2025-09-19,176.4449462890625,177.8531538116004,174.95683884616588,175.54609885389235,237182100
2025-09-22,183.37612915039062,184.31493427279133,174.48747153493287,175.07671637070237,269637000
2025-09-23,178.2027130126953,182.18763613663097,175.9855548133895,181.73821238324945,192559600
2025-09-24,176.74456787109375,179.5509859124944,175.17656050171237,179.54100413716742,143564100
2025-09-25,177.46365356445312,180.0303718676576,172.90946471941734,174.25773588995062,191586700
2025-09-26,177.96302795410156,179.54101721374016,174.70717071687335,177.94304916264082,148573700
2025-09-29,181.6183624267578,183.76561762390497,180.09031258631592,180.2001578366391,193063500
2025-09-30,186.3423309326172,187.11135435179565,181.2488213615314,181.848063160254,236981000
2025-10-01,187.0015106201172,187.9003581593927,183.665753326035,185.00405809785752,173844900
2025-10-02,188.64939880371094,190.80665113886596,187.82045419605362,189.35850113919957,136805800
2025-10-03,187.38099670410156,190.11751186051177,185.1438598655547,188.94900408551683,137596900
2025-10-06,185.3036651611328,186.99151499327596,183.09648864167906,185.26372281570642,157678100
2025-10-07,184.80429077148438,188.8191743935438,183.76562222076905,185.99277739696944,140088000
2025-10-08,188.86911010742188,189.35849142592937,186.30237648821537,186.33235229407293,130168900
2025-10-09,192.32470703125,195.05122522476873,190.816620752273,191.9851285494953,182997200
2025-10-10,182.92669677734375,195.37081685366852,181.81811007166195,193.26350393527704,268774400
2025-10-13,188.08013916015625,189.86785248459339,185.72314454487463,187.73057886865314,153482800
2025-10-14,179.80067443847656,184.56460262310264,179.47109296765566,184.5346420566055,205641400
2025-10-15,179.60093688964844,184.63451030281777,177.06416377208902,184.56460739230218,214450500
2025-10-16,181.57839965820312,183.04652832403656,179.5410050089342,181.99786281424815,179723300
2025-10-17,182.9866180419922,183.86550198639478,179.52103686227596,179.9504818191574,173135200
2025-10-20,182.4073486328125,184.96408521149223,181.4985041529273,182.89672994644732,128544700
2025-10-21,180.9292449951172,182.55715836486127,179.5709767314294,182.55715836486127,124240200
2025-10-22,180.05035400390625,183.20633238125785,176.53483359319367,180.9092591258601,162249600
2025-10-23,181.92796325683594,182.7968501503985,179.5609718650331,180.19017423035882,111363700
2025-10-24,186.02273559570312,187.23120099697576,183.26625678365264,183.6058200325102,131296700
2025-10-27,191.24609375,191.75543864774096,188.18997864549505,189.74800438556454,153452700
2025-10-28,200.77392578125,202.8912204382634,191.66554775855593,192.8040950113927,297986200
2025-10-29,206.77627563476562,211.9197249544373,204.51915980095313,207.715080745974,308829600
2025-10-30,202.63156127929688,205.89740027142088,201.1534507471854,204.88867704045037,178864400
2025-10-31,202.23207092285156,207.70508615602077,201.81260775338424,206.18701808603035,179802200
2025-11-03,206.61648559570312,211.07079600988305,205.2981596683369,207.8149540137207,180267300
2025-11-04,198.43690490722656,203.71017785907821,197.67786326579136,202.7414122562426,188919300
2025-11-05,194.9613494873047,202.66152000582164,194.40205001057666,198.51681234435117,171350300
2025-11-06,187.84043884277344,197.3682807609907,186.14260723026618,196.16981228388872,223029800
2025-11-07,187.91030883789062,188.08010568481336,178.682089465448,184.66444902638756,264942300
2025-11-10,198.7964630126953,199.68532876518447,193.5431531870904,194.8614791513322,198897100
2025-11-11,192.91395568847656,195.17107140540628,191.05632435423007,194.91140808059743,176483300
2025-11-12,193.55313110351562,195.64046510157328,190.8865341091802,195.47068348463264,154935300
2025-11-13,186.62197875976562,191.1961465947379,183.61581837719615,190.8066439854392,207423100
2025-11-14,189.92774963378906,190.76667594021126,180.34996953708986,182.62706393415107,186591900
2025-11-17,186.36231994628906,188.75925679396335,184.08522536919267,185.73311754704963,173628900
2025-11-18,181.1289825439453,184.5646030780414,179.42115405263684,183.14641371605563,213598900
2025-11-19,186.28240966796875,187.62069907956393,182.5971076589588,184.5546024199349,247246400
2025-11-20,180.40989685058594,195.7503316108911,179.62090987236718,195.70039225393623,343504800
2025-11-21,178.6521453857422,184.32490281868388,172.70971237567008,181.00913979899244,346926200
2025-11-24,182.31747436523438,183.26626122561635,176.25519889972114,179.2613745727385,256618300
2025-11-25,177.593505859375,177.9330691207534,169.3340356551,174.68720886729724,320600300
2025-11-26,180.03036499023438,182.67699835309762,178.01294919921247,181.39863013804072,183852000
2025-11-28,176.7745361328125,179.0616124091028,176.27517303639212,178.7819702942556,121332800
2025-12-01,179.69081115722656,180.07033197943204,173.45875435362808,174.5373804488289,188131000
2025-12-02,181.22886657714844,185.4235136530611,179.7707195907086,181.52847225165078,182632200
2025-12-03,179.3612518310547,182.21760964702736,178.88186747602086,180.84935949817796,165138000
2025-12-04,183.15660095214844,184.29521152983364,179.7407692190929,181.39873533031871,167364900
2025-12-05,182.1877899169922,184.43504894381925,180.6896172324408,183.66598269849337,143971100
2025-12-08,185.323974609375,187.7709870845105,182.17780264974235,182.41751577930148,204378100
2025-12-09,184.7446746826172,185.4937610485011,183.09669077375298,185.33395229946427,144719700
2025-12-10,183.55612182617188,185.2540478736652,181.8182359713298,184.74467463147755,162785400
2025-12-11,180.70957946777344,181.09911899111663,176.40483245042134,180.060377409269,182136600
2025-12-12,174.80679321289062,182.59729422559735,174.40727135263347,180.88937065842447,204274900
2025-12-15,176.07522583007812,178.20263580820242,174.81676632707214,177.72322484137152,164775600
2025-12-16,177.5034942626953,178.27256047932946,174.686922405521,176.04526619844617,148588100
2025-12-17,170.73175048828125,175.91543007880585,170.10251312474713,175.88546784627562,222775500
2025-12-18,173.9278564453125,175.93540231223645,171.6106906687844,174.3173807251694,176096000
2025-12-19,180.76953125,181.22896236326454,176.12518653595592,176.4547863729682,324925900
2025-12-22,183.4662322998047,183.935660967629,182.1278683380167,183.6959478478248,129064400
2025-12-23,188.97952270507812,189.09937165158402,182.67719635774475,182.74711840334103,174873600
2025-12-24,188.38023376464844,188.67987134928,186.36269028434322,187.71105179508496,65528500
2025-12-26,190.2978973388672,192.45526970950266,187.7709805748158,189.68863982420257,139740300
2025-12-29,187.99070739746094,188.53004285167208,185.68352392965699,187.4813341773615,120006100
2025-12-30,187.31153869628906,188.75978454971104,186.70228116711607,188.01069817319677,97687300
2025-12-31,186.27279663085938,190.32784810299728,186.26281429981768,189.33906392286715,120100500
2026-01-02,188.6199493408203,192.69496568024334,188.03065649528438,189.60873357074172,148240500
2026-01-05,187.89083862304688,193.39413642527967,185.9232371396652,191.52640398377517,183529700
2026-01-06,187.0119171142578,191.935904267691,186.5924305704924,190.2879203285983,176862600
2026-01-07,188.87962341308594,191.13686475404677,186.3327268208183,188.34028795646717,153543200
2026-01-08,184.8145751953125,189.31909080925226,183.4862088297309,188.87962438445808,172457000
2026-01-09,184.63479614257812,186.1129888751533,183.44624341374129,184.8545293482555,131327500
2026-01-12,184.71470642089844,186.89204340473577,182.79704721562317,182.99680052530172,137968500
2026-01-13,185.58364868164062,187.88084992986475,183.17658082293008,184.7746378408776,160128900
2026-01-14,182.91690063476562,184.2352999433054,180.57975484984624,184.0954710990846,159586100
2026-01-15,186.82212829589844,189.46889382188115,186.10300422087673,186.2727952885624,206188600
2026-01-16,186.0031280517578,190.20800608356458,185.85331687968656,188.84966224271636,187967200
2026-01-20,177.85308837890625,182.15783564218773,177.39364202987932,181.67840938923754,223345300
2026-01-21,183.09669494628906,185.15418310637224,178.18267486272933,178.8318922054109,200381000
2026-01-22,184.6148223876953,185.94320399708803,183.70592730123704,184.52493568425237,139636600
2026-01-23,187.44137573242188,189.3690325020707,186.59242035942677,187.27158465782284,142748100
2026-01-26,186.2428436279297,188.88960930416175,185.76343263076708,186.93200550896393,124799600
2026-01-27,188.29034423828125,189.76853699604698,185.47377232125424,187.01190478720812,143711600
2026-01-28,191.28668212890625,192.1156727976695,189.60872088942648,191.0369866951896,148552700
2026-01-29,192.27548217773438,193.244301759811,185.83334250366076,191.10690928022157,171764400
2026-01-30,190.8971710205078,194.25307849059112,189.23918956869622,190.97707539362895,179489500
2026-02-02,185.38388061523438,190.06816944570554,184.65477420739685,186.97193993484487,165794100
2026-02-03,180.12030029296875,186.04308409913696,176.01530661894333,186.01312186532803,204019600
2026-02-04,173.97781372070312,179.36124730830178,171.70059231104517,179.241398362594,207014100
2026-02-05,171.67062377929688,176.60460839935587,170.8216531377948,174.7168961324724,206312900
2026-02-06,185.18414306640625,186.77220252110314,174.38731390455436,176.4747642750831,231346200
2026-02-09,189.80848693847656,193.42408742490235,183.7259094221984,184.03552934237337,196387400
2026-02-10,188.31031799316406,192.24552080983682,187.89083145679504,191.1468699498802,136764800
2026-02-11,189.81849670410156,193.02457795983298,188.54005713468442,192.21556708670826,144192700
2026-02-12,186.7122802734375,193.3741533411549,186.28279615580217,192.79485804306626,189932500
2026-02-13,182.58729553222656,187.27158453858374,181.36878053627944,187.25160463564347,161888000
2026-02-17,184.7446746826172,186.92201173748992,178.9617194034806,181.5285959992061,162276900
2026-02-18,187.75099182128906,190.13807962880853,186.53247684939709,188.52005804720127,164749100
2026-02-19,187.6710968017578,188.20044994409497,185.43383529156333,186.8321237354349,126554500
2026-02-20,189.58877563476562,190.09814888521723,185.71349722992974,186.342734664171,178422300
2026-02-23,191.316650390625,193.71372053376285,189.34904909171755,191.1668239815537,171584800
2026-02-24,192.61508178710938,193.53395924081437,187.171708627792,191.2567378902843,175123600
2026-02-25,195.32176208496094,197.38924768090467,193.5539140704845,194.2131137016724,250637100
2026-02-26,184.66476440429688,194.0533071271398,184.09546670933034,194.03334246429932,360807900
2026-02-27,176.97415161132812,182.36756729714082,176.1651407824763,181.0292033274304,311636500
2026-03-02,182.25770568847656,183.2365228635074,174.42725972943845,174.79680413295333,209095300
2026-03-03,179.83065795898438,180.67961330625172,176.70446619030554,178.27256086028186,178099400
2026-03-04,182.8170166015625,184.47499807110998,179.84065106191534,180.22019302825058,177731200
2026-03-05,183.11663818359375,183.83576224630102,177.6632984882966,180.94928366467312,198779700
2026-03-06,177.6033935546875,182.53736302725528,176.6046117177772,179.62092189230134,189021900
2026-03-09,182.427490234375,182.68718325690133,175.34613090826778,176.61458806542097,177213600
2026-03-10,184.54490661621094,186.21287029543888,181.78825925636124,182.17778352587916,179118500
2026-03-11,185.8134307861328,187.40157611978597,184.23526832414757,185.6935753620157,145280400
2026-03-12,182.9268035888672,184.72471123223085,181.53842231669145,183.83574790315467,155762700
2026-03-13,180.0401611328125,185.87335881208497,179.73052445930352,184.70472270189353,160988400
2026-03-16,183.0067138671875,188.66012868968363,181.19882333613754,182.7570048934839,217307400
2026-03-17,181.71820068359375,185.1841623368753,181.4684917186082,184.8445618023411,182497800
2026-03-18,180.1899871826172,183.16652908726184,180.12007659614625,182.26756764801692,156683100
2026-03-19,178.3521270751953,179.77047215436778,175.5853475010711,177.80276430906588,170968500
2026-03-20,172.4989471435547,178.05247199547227,171.52009228430225,177.79278016290237,241323500
2026-03-23,175.43553161621094,178.16234927411983,174.55655117338722,177.0536408486584,182836300
2026-03-24,174.99603271484375,176.01484951930743,173.777451794472,174.6264683383626,147667800
2026-03-25,178.47198486328125,181.00903649280792,176.64412864426953,176.89383761026875,162602100
2026-03-26,171.04066467285156,176.30451888215924,170.9407749866337,175.86504388946904,186152200
2026-03-27,167.32498168945312,170.77096223786808,166.81556566439232,169.80209026823204,196212700
2026-03-30,164.97772216796875,169.25273855906806,164.07877596313077,168.58352034150624,185627000
2026-03-31,174.1969757080078,174.41672082635512,166.7656493784466,166.77563225072552,226181300
2026-04-01,175.54541015625,177.16351944386196,174.54657425208924,175.79511913229018,168132000
2026-04-02,177.18348693847656,177.28337661769746,171.170490985778,171.97954556798163,143143200
2026-04-06,177.43319702148438,177.58301630024127,175.55538077559635,176.953760088437,107564300
2026-04-07,177.89266967773438,178.0225079733855,173.4578360976707,175.52541836668527,132534900
2026-04-08,181.8680419921875,185.0443328296099,180.09011531444295,184.28522303450282,147732700
2026-04-09,183.69590759277344,183.86570786090292,180.40972906189933,181.6283100364998,116428500
2026-04-10,188.41041564941406,189.77881591864653,184.08545448929232,184.09543736125556,160459500
2026-04-13,189.08961486816406,189.43921351677633,185.52377876103736,185.81343445538195,133648200
2026-04-14,196.28123474121094,196.28123474121094,190.54792650193752,190.61783708872017,161307000
2026-04-15,198.63848876953125,200.166706463506,195.5121427945441,196.31119931453722,185338400
2026-04-16,198.1190948486328,199.6173486077875,195.58204328148997,197.20015246424893,134012900
2026-04-17,201.44520568847656,201.46518667284232,199.03802288778024,199.66727910555997,160324400
2026-04-20,201.82476806640625,201.9346406188145,197.6096795882359,199.7471876833392,119381400
2026-04-21,199.64732360839844,202.51397775047528,198.76834314349978,201.89470437258373,107945300
2026-04-22,202.26426696777344,202.26426696777344,198.76834136586132,200.75603026628932,107501000
2026-04-23,199.4075927734375,203.59271751351986,196.99041179336916,202.22431724671497,113561800
2026-04-24,208.0275421142578,210.70441481695215,199.57738430538978,199.72721882416832,214134400
2026-04-27,216.3578338623047,216.5775789683675,207.13858324348888,209.4059296471886,187172400
2026-04-28,212.92184448242188,214.4800260296235,207.95762889823203,209.24613572912838,180275400
2026-04-29,209.00640869140625,212.47237042757808,207.33835459433345,212.4523894424142,123711800
2026-04-30,199.33767700195312,210.05518135667162,198.46867945247158,209.68560172993963,225239200
2026-05-01,198.21897888183594,202.76368521944246,196.89052532216473,201.0456862731779,128647000
2026-05-04,198.24893188476562,201.49514834231712,194.51329562325486,199.26774870200734,125368100
2026-05-05,196.271240234375,200.00689171848026,195.80178617585554,199.06798360144137,113406600
2026-05-06,207.5880584716797,208.0275486883452,198.37879062945476,199.65729931010404,188362800
2026-05-07,211.2537841796875,213.95063795079753,206.25960488465944,208.0974592073836,168307900
2026-05-08,214.94947814941406,217.5464575316693,212.642169707093,212.7820061205359,136421400
2026-05-11,219.18453979492188,222.04121091513153,213.64099781886503,213.79081709888328,160685800
2026-05-12,220.52297973632812,223.48952345691538,214.6698009927987,218.29558003818886,159176600
2026-05-13,225.56710815429688,227.57476278227756,221.3120728008497,224.6681467194947,150405400
2026-05-14,235.465576171875,236.26463268418732,229.03307065698914,229.58243343997336,180782900
2026-05-15,225.05770874023438,231.23050718880455,223.97896415639156,229.49252726355346,180977600
2026-05-18,222.0612030029297,229.7322553439391,218.1157890335498,229.60240180074675,146280900
2026-05-19,220.35317993164062,224.21866983705235,217.6563261548179,219.36432694236115,140948200
2026-05-20,223.20985412597656,225.8667612103758,220.2433103590018,222.9201831873553,184201600
2026-05-21,219.25445556640625,227.13526994336974,217.6762930684293,222.03121805596584,203381800
2026-05-22,215.07933044433594,220.75271088945502,214.54994865072538,220.64283833374193,169275700
2026-05-26,214.60987854003906,217.92600574795006,211.75320730356688,216.28791550863897,187202600
2026-05-27,212.35250854492188,213.90069192498567,208.53694826896,213.87072806866348,167601200
2026-05-28,214.00057983398438,215.2691056248748,210.97410844231206,211.03403615445995,143996000
2026-05-29,210.8942108154297,217.6063892667686,210.88422794322287,214.33020874183248,289410600
2026-06-01,224.09881591796875,224.60821672379726,215.44889364463796,215.47885750139108,212850700
2026-06-02,222.56060791015625,232.00958636747916,221.09231801448135,226.91551751623658,193362900
2026-06-03,214.5,222.56061267075634,214.2602739078757,221.46188713313538,160907000
2026-06-04,218.66000366210938,221.60000610351562,210.97000122070312,213.91000366210938,169022200
2026-06-05,205.10000610351562,214.8699951171875,204.3300018310547,214.52999877929688,219655500
2026-06-08,208.63999938964844,210.47000122070312,206.0,210.17999267578125,138372800
2026-06-09,208.19000244140625,211.39999389648438,199.33999633789062,210.6199951171875,180962500
2026-06-10,200.4199981689453,207.22000122070312,199.9199981689453,204.42999267578125,161746600
2026-06-11,204.8699951171875,205.66000366210938,199.5399932861328,201.49000549316406,158643200
2026-06-12,205.19000244140625,207.07000732421875,203.44000244140625,204.86000061035156,112001800
2026-06-15,212.4499969482422,212.7100067138672,208.33999633789062,208.9199981689453,149936700
2026-06-16,207.41000366210938,211.49000549316406,207.2899932861328,211.17999267578125,125694100
2026-06-17,204.64999389648438,209.2100067138672,203.0800018310547,208.52999877929688,128363500
2026-06-18,210.69000244140625,211.38999938964844,206.5,207.3300018310547,241272000
2026-06-22,208.64999389648438,213.99000549316406,207.72000122070312,211.44000244140625,122041400
2026-06-23,200.0399932861328,203.77000427246094,200.0,202.1699981689453,153496200
2026-06-24,199.0,201.6699981689453,196.5800018310547,200.1199951171875,151810700
2026-06-25,195.74000549316406,200.8000030517578,192.1300048828125,200.0800018310547,149550000
2026-06-26,192.52999877929688,195.5500030517578,191.22000122070312,193.1199951171875,179304100
2026-06-29,194.97000122070312,196.17999267578125,189.8000030517578,193.85000610351562,148835700
2026-06-30,200.08999633789062,200.6300048828125,195.11000061035156,197.24000549316406,166476700
2026-07-01,197.5800018310547,199.85000610351562,193.4499969482422,196.1999969482422,146147600
2026-07-02,194.8300018310547,200.05999755859375,192.35000610351562,197.13999938964844,142068700
2026-07-06,195.5500030517578,197.5500030517578,193.99000549316406,194.4199981689453,108999000
2026-07-07,196.92999267578125,198.41000366210938,191.13999938964844,192.3699951171875,124154600
2026-07-08,204.1199951171875,205.16000366210938,195.05999755859375,195.17999267578125,147419100
2026-07-09,202.77999877929688,204.58999633789062,198.9600067138672,204.4600067138672,132037400
2026-07-10,210.9600067138672,211.0,201.9199981689453,202.0,148421000
2026-07-13,203.52999877929688,210.57000732421875,203.0,208.5399932861328,121411000
2026-07-14,211.8000030517578,212.5500030517578,203.8000030517578,208.1999969482422,124379600
2026-07-15,212.5,213.80999755859375,206.0399932861328,211.9600067138672,124797200
2026-07-16,207.39999389648438,211.0800018310547,205.85000610351562,210.1699981689453,122986100
2026-07-17,202.80999755859375,206.64999389648438,197.97000122070312,202.63999938964844,144281900
2026-07-20,203.27999877929688,207.74000549316406,202.27999877929688,205.8699951171875,88701500
2026-07-21,207.2899932861328,208.64999389648438,204.00999450683594,207.5399932861328,108685600
2026-07-22,212.05999755859375,214.38999938964844,204.9499969482422,205.80999755859375,137645600
2026-07-23,208.75999450683594,210.8699951171875,205.9600067138672,209.4600067138672,110505300
2026-07-24,206.83999633789062,211.91000366210938,204.80999755859375,207.4499969482422,114836800
2026-07-27,196.50999450683594,208.75,195.44000244140625,208.1999969482422,154353700
2026-07-28,197.00999450683594,198.6999969482422,192.74000549316406,195.0,134111500
2026-07-29,190.00999450683594,197.07000732421875,190.00999450683594,195.85000610351562,147680800
2026-07-30,195.0399932861328,197.25,191.52000427246094,193.4499969482422,129010200
2026-07-31,200.75,202.0,194.9499969482422,198.44000244140625,139961200
2026-08-03,206.63999938964844,208.74000549316406,196.85000610351562,197.69000244140625,128406900
2026-08-04,211.94000244140625,213.05999755859375,209.0500030517578,211.3000030517578,134922000
2026-08-05,219.22000122070312,222.22000122070312,216.39999389648438,216.86000061035156,158187400
2026-08-06,218.99000549316406,223.6300048828125,217.0,221.52999877929688,113940600
2026-08-07,223.9600067138672,224.75999450683594,220.66000366210938,221.5399932861328,105669400
2026-08-10,217.5500030517578,224.13999938964844,216.77000427246094,223.39999389648438,115846600
2026-08-11,217.5,222.1999969482422,216.1999969482422,222.1699981689453,101273100
2026-08-12,224.08999633789062,225.10000610351562,220.1999969482422,221.0399932861328,108783600
2026-08-13,225.3000030517578,227.22999572753906,223.7100067138672,225.05999755859375,98867200
2026-08-14,225.16000366210938,227.49000549316406,224.5,226.77000427246094,75680900
2026-08-17,225.00999450683594,227.9199981689453,224.86000061035156,225.97999572753906,93678700
2026-08-18,219.74000549316406,221.63999938964844,218.69000244140625,220.4499969482422,103128200
2026-08-19,217.55999755859375,222.8699951171875,216.75999450683594,221.6699981689453,96854269
