Date,Close,High,Low,Open,Volume
2021-08-24,387.84625244140625,390.1637473913241,386.2981994718328,389.7790124240042,1619300
2021-08-25,384.4845886230469,388.03869858619476,384.2189668449296,386.41737702136373,1939000
2021-08-26,381.8372497558594,385.99592638121266,381.6357272421825,384.5119726236127,1385400
2021-08-27,383.5869140625,385.0433611309856,381.1686433383191,382.89990914598974,1621600
2021-08-30,383.16546630859375,385.24481872935337,382.78992828401203,383.58684938009475,1284200
2021-08-31,381.30596923828125,385.4005189126286,379.4281673237673,381.9746639653645,4249100
2021-09-01,382.2952575683594,384.6035835177118,376.69844420720057,381.55329465769984,2034400
2021-09-02,388.1210632324219,388.7531098836511,383.1105071150851,383.95324530148974,3137400
2021-09-03,387.3424377441406,388.3866984173814,385.28142342470875,386.4905585344731,1604800
2021-09-07,385.85858154296875,386.79292609381554,382.5059942904673,384.99753316889075,1920300
2021-09-08,380.4998779296875,387.35158729897654,379.4098281747016,385.8127033934534,2262500
2021-09-09,379.73040771484375,384.9241758346428,379.16248827071536,380.4540605328272,3508500
2021-09-10,371.2828063964844,382.39619237097577,370.06942713041934,381.9917326156207,4215800
2021-09-13,381.0357666015625,383.14079213607215,373.6176688488056,375.024076918911,3068200
2021-09-14,379.2156982421875,383.8577562422824,378.14019659444193,383.8577562422824,2879800
2021-09-15,383.7934265136719,387.3784135148835,376.42127872398044,379.19731810434365,3180600
2021-09-16,383.1683349609375,389.19842651634735,381.44019383485954,385.76974784298596,2262700
2021-09-17,386.2201843261719,387.0750537557501,381.4494215641237,381.4494215641237,4534200
2021-09-20,379.36279296875,385.42963352544666,375.70428063737086,383.2419095233053,2799800
2021-09-21,379.0318603515625,384.9516501553985,378.91235704597767,381.4861945555346,2382200
2021-09-22,375.6859436035156,378.71936418304216,372.2296608176915,372.2296608176915,3629400
2021-09-23,375.0699768066406,381.33907465868225,374.5919916881908,376.6969888898012,2681600
2021-09-24,374.1967468261719,374.94134219057105,372.49620917067415,374.06807037902956,1950400
2021-09-27,372.53289794921875,378.8571465399834,372.2479415201943,374.88610281288726,2608600
2021-09-28,366.420166015625,371.365583472031,364.9494056191129,370.07867864474093,3115400
2021-09-29,368.06549072265625,369.3891719503742,363.82786494508866,364.9309419856584,2056300
2021-09-30,359.1766662597656,370.8967425490267,358.91928531433354,369.05829920953477,3779900
2021-10-01,360.7301330566406,361.88836127285674,352.17218203162,359.96719145626207,3146600
2021-10-04,355.7479248046875,363.2303732929062,353.67967641158964,359.98552249160923,3074800
2021-10-05,361.6493835449219,364.02099121959725,357.7978424113128,357.88977019099525,3269400
2021-10-06,362.403076171875,362.89026244450537,354.67241999491836,359.1858009236783,2809200
2021-10-07,372.0090026855469,375.1987028449109,364.66440282956677,364.71038074224606,2813700
2021-10-08,375.4652404785156,376.0719300904598,370.1153921775835,373.58084745161693,2012200
2021-10-11,372.275634765625,378.00239678557,371.5586428703164,375.0425014121322,2164200
2021-10-12,370.6668395996094,375.3916512040454,369.8119704042643,372.3857791813501,2415700
2021-10-13,370.951904296875,372.5697434590326,365.95133602513323,370.7588755953421,3021800
2021-10-14,386.4039611816406,398.48254593535984,384.050756234151,391.275852277121,6038800
2021-10-15,393.4912414550781,395.71574226878784,387.45194812888684,387.95750884497903,3312000
2021-10-18,390.3198547363281,393.42682810083807,389.6028630408578,393.42682810083807,2232800
2021-10-19,390.0993347167969,393.26145981311777,389.1984872937725,392.351411195725,1616800
2021-10-20,399.94415283203125,400.3486126108205,392.36057405836107,392.5076528917771,2764000
2021-10-21,406.5533447265625,406.7555746089168,399.9349377153485,400.32102314617686,2465100
2021-10-22,412.8776550292969,412.99715834820404,404.88041438124594,405.2297231434601,2736200
2021-10-25,413.180908203125,416.07647868643147,410.3772935427625,413.6497201961207,3553500
2021-10-26,417.91497802734375,420.7369673999329,411.4344480422678,414.1001854311465,3103900
2021-10-27,416.8486633300781,423.2464384569857,416.8486633300781,417.914963859966,3520400
2021-10-28,418.6502990722656,420.91157641475417,415.96615958459887,416.407396063404,1672600
2021-10-29,423.2740478515625,424.11974421962685,416.4626111969679,417.7035661919611,2497800
2021-11-01,417.4277648925781,428.13672045175,414.7344519656313,424.5149846039592,2203100
2021-11-02,415.52496337890625,419.56953303677625,413.9990520704644,419.40407987201496,2600000
2021-11-03,420.38763427734375,420.5622886389533,410.92886348450105,414.0358372195524,2438200
2021-11-04,419.86370849609375,421.47234645510684,415.6352831076326,420.63585135012966,2517300
2021-11-05,418.9904479980469,424.2391961401292,417.85979518884017,420.8472657649295,2905000
2021-11-08,425.2503662109375,426.6935511070178,417.61163562794826,419.9464667535102,2279900
2021-11-09,426.840576171875,426.950878280812,423.1085385399422,425.25031262825104,2657800
2021-11-10,422.75,428.35725726132904,419.74415552538375,427.79654556140434,2818200
2021-11-11,420.4428405761719,423.623339907493,418.6503469815913,422.84199582645994,2246800
2021-11-12,421.91357421875,423.7612188787052,420.15785734257156,423.457888049905,2609500
2021-11-15,414.3852233886719,421.1966610683114,414.10946803825175,421.0036323230173,2849600
2021-11-16,413.3003845214844,421.32519866834144,413.0705791363759,416.39815662436007,3383800
2021-11-17,412.6846008300781,417.2898825539458,412.482370930358,414.0082823459883,2281500
2021-11-18,413.16253662109375,416.23273342070274,410.99315904236323,412.48232160901534,2073800
2021-11-19,404.45751953125,413.14417520578615,403.99790871360085,411.930795914612,3536100
2021-11-22,402.1962585449219,407.904617277954,402.05838090449487,407.0497478548873,2598700
2021-11-23,411.0116271972656,411.3701090939293,400.78068459076974,400.78988578508114,2857000
2021-11-24,413.7967834472656,414.55055186383873,409.64191206851405,410.5611336343595,2248800
2021-11-26,404.3747253417969,411.97667689585126,402.8120376020928,408.9800339414404,2480600
2021-11-29,415.4882507324219,416.4809979265041,404.96314997409377,407.7300165497731,4079700
2021-11-30,408.33660888671875,414.890663200331,405.6065196887567,410.9471947916267,7435400
2021-12-01,408.4468994140625,419.09150065295665,408.2630719358478,416.30626048364473,4325500
2021-12-02,409.9912109375,411.7101789061267,403.7405152326624,407.35304941455456,4738700
2021-12-03,414.3717956542969,419.09355639467566,410.5445892205541,412.9423381180895,3038300
2021-12-06,424.322509765625,425.8626291100402,416.40064560050314,416.98164853795373,4721500
2021-12-07,428.58319091796875,429.52384492318987,424.43320207813116,426.7571856966315,3105200
2021-12-08,432.3919677734375,433.60010162019705,426.51743207092363,429.8374290246588,3228300
2021-12-09,436.5050354003906,437.5748136302528,431.00858572172876,432.0875951546478,2977400
2021-12-10,441.0332336425781,441.2637886179617,434.37480482774345,435.2877935242087,2572300
2021-12-13,440.9501647949219,442.90526616198815,437.14139272421573,439.9172550339859,2724800
2021-12-14,442.1675109863281,445.46907373215953,440.0648509036088,442.43496261682543,3018000
2021-12-15,455.927001953125,456.86765596104505,442.79460179276793,443.21881499509504,4188600
2021-12-16,454.5252685546875,458.3063756249785,451.98916392928606,455.5858439131706,4080800
2021-12-17,449.23162841796875,454.7741774836668,448.54919488755763,453.1971897729473,5707200
2021-12-20,446.1053161621094,447.28575617442334,438.29411469302784,444.50986605462856,3145600
2021-12-21,449.3146667480469,450.9654479449507,444.6943650388641,449.1394427478436,2536000
2021-12-22,455.6965026855469,456.9138396519763,448.1066231265778,449.2593979484428,1687500
2021-12-23,456.8492736816406,459.4038125336911,454.4791619131941,456.49882563570173,1706500
2021-12-27,460.6487121582031,461.3864766158074,458.0111774855533,459.89248529561723,1349400
2021-12-28,463.8212585449219,466.016146314299,461.4788122207049,462.9543696251861,1495500
2021-12-29,466.2558898925781,467.7683439248835,462.95435528007897,465.51812528515626,1573900
2021-12-30,465.1952819824219,469.62195348078154,464.47595173372633,468.4230509703476,1309800
2021-12-31,463.08343505859375,467.4455164289907,462.99120745555103,464.92787454379516,1695400
2022-01-03,463.2125549316406,463.7843266983355,454.7004561393038,461.1098949364868,3033600
2022-01-04,452.7177429199219,464.568274254248,452.699308653747,464.06106456721994,3908100
2022-01-05,451.60186767578125,458.3432929319796,451.60186767578125,456.28673241135965,3921100
2022-01-06,433.12054443359375,446.48352912112955,427.09844997347295,442.6655254550004,6555200
2022-01-07,422.929931640625,431.57112514617114,420.11714485821255,431.31290477327224,5494200
2022-01-10,428.8321838378906,429.62527931397483,419.09354552740774,420.53220608618955,5831800
2022-01-11,432.5210876464844,433.8583176185224,424.8390090701156,430.86110325849876,3332800
2022-01-12,436.8739318847656,438.3494890824378,430.067945770236,432.49338816462443,3502300
2022-01-13,431.07318115234375,439.48382096763424,429.7359793696615,438.87518068492665,3005300
2022-01-14,432.2352294921875,436.36678460690354,428.9060011546074,433.34190458446113,3665400
2022-01-18,425.134033203125,429.4869111358128,422.6993879289969,428.9889327816863,3938800
2022-01-19,426.5450744628906,438.50626590948355,425.61365164053257,431.59884889371136,4030900
2022-01-20,426.9877014160156,434.9464615631454,426.06548175852964,428.260369046372,3228600
2022-01-21,425.3002014160156,434.17195313844644,425.2079737890459,427.448961590416,4273200
2022-01-24,426.31451416015625,428.03908873540206,413.27434151593695,422.4412080923297,4780700
2022-01-25,421.3068542480469,423.75073088155995,412.4812047575954,418.7523157509653,3428900
2022-01-26,422.7732238769531,427.7993331362679,418.1805872012225,422.7916862853956,4435900
2022-01-27,425.6966247558594,432.22592793453913,421.4636396543739,422.450393356998,3508100
2022-01-28,429.8096923828125,430.01258183371925,419.6837103866849,425.51214539099584,3364400
2022-01-31,435.81341552734375,436.37595609353696,428.2788674145552,428.83220492065504,3500500
2022-02-01,431.9769287109375,438.05435309556236,426.7571618841505,438.05435309556236,3148600
2022-02-02,442.4626159667969,444.49151079100506,432.5764185526744,432.5764185526744,3026800
2022-02-03,450.7532958984375,461.27582566195207,445.9577705228667,459.86483069910594,4370900
2022-02-04,445.5888977050781,451.54642899149144,442.840672911228,444.27933336870353,3066400
2022-02-07,446.0777282714844,449.3608285061601,443.8643782375736,447.19360634857264,2937200
2022-02-08,455.032470703125,457.1166964379761,443.9105022691032,443.9105022691032,3534700
2022-02-09,459.3576354980469,461.96750485038126,457.68842010237375,458.34318820522884,2818100
2022-02-10,448.8628234863281,455.7794720064306,447.34116644068854,453.9534666653142,2626100
2022-02-11,440.9408874511719,452.28417793217716,439.3823339851727,446.9814149243094,2493800
2022-02-14,437.50103759765625,440.5812481419219,432.82537677659514,438.1558057306211,2549500
2022-02-15,441.0332336425781,443.7445624046025,438.23890846668576,438.92134218776744,3001000
2022-02-16,442.7115478515625,444.26089830937235,434.73435321725975,438.51545954877594,2651800
2022-02-17,433.7568359375,442.0107139975214,432.4196341798747,440.97783237554745,2403100
2022-02-18,431.42364501953125,437.9806424723853,430.519859478206,433.6738635967779,2992300
2022-02-22,426.535888671875,430.85187058100985,422.2106755586881,427.7531974184079,3029800
2022-02-23,423.8706359863281,431.34062157238805,423.1513057087913,430.8518462318042,2840300
2022-02-24,420.4307556152344,421.0762925236059,411.07020307668364,414.55619244240813,3933000
2022-02-25,438.7459716796875,438.77363714174066,420.7442553434178,421.1315718121627,3314400
2022-02-28,438.85675048828125,440.184749308579,429.3947659296385,429.61611782896546,3918300
2022-03-01,439.20721435546875,439.8619825847623,431.3499111721952,434.26412934707844,2917600
2022-03-02,447.62713623046875,449.2779178669824,440.71971761973117,440.996372354825,3675900
2022-03-03,448.742919921875,453.1603605537748,444.7128239813713,448.1988136282791,3139400
2022-03-04,459.8648376464844,460.79628852901845,440.35066584706595,443.30178007962456,4170100
2022-03-07,449.0010986328125,461.1098477374231,445.450547176452,461.1098477374231,4123300
2022-03-08,436.6341857910156,446.8062692261397,434.8450770981508,441.55883622653846,3849500
2022-03-09,447.80218505859375,449.7849516013911,436.7539839428241,445.04472927281836,3115500
2022-03-10,453.2157287597656,455.30915770327255,440.66430187159733,442.047631657049,2834800
2022-03-11,446.6300048828125,456.73968809261424,446.29703687703056,451.217742845828,2615000
2022-03-14,451.301025390625,458.3953667925375,448.85914703946656,453.5948803211348,2704100
2022-03-15,460.5412902832031,462.41893533996955,450.7368267214793,453.22494141312734,3043000
2022-03-16,460.864990234375,467.56161039907926,453.23416276495385,462.31713837285594,3497100
2022-03-17,468.9675598144531,469.06006034569157,458.0161687231585,458.7746335612351,2357200
2022-03-18,468.1351013183594,472.3528657609783,463.9173368757404,470.55846275728885,5065600
2022-03-21,469.55950927734375,474.4987324619058,466.5071613134927,467.10840061279475,2617700
2022-03-22,467.39508056640625,473.434994405776,466.95109503174353,471.0486109693559,2752500
2022-03-23,465.4619445800781,469.00448568200534,463.7045194678799,464.57397350427453,2753200
2022-03-24,474.9241943359375,477.0700821600274,466.0446526720078,467.09910777127783,2789200
2022-03-25,474.5264587402344,477.7637791907879,471.0208670358265,475.59937439248694,2551100
2022-03-28,474.68377685546875,478.32807770352093,470.623237720231,475.71971508547756,2643000
2022-03-29,472.39910888671875,480.59416989991666,469.22651306280284,478.29099997548417,3478400
2022-03-30,481.7319030761719,482.0833881819688,474.017804246842,476.4504244217198,3041200
2022-03-31,471.6961975097656,482.72160095441706,471.41872412720585,478.2910595376747,3979700
2022-04-01,474.1195373535156,476.14517751411785,468.5790747638002,472.35285350451795,2344100
2022-04-04,471.7423400878906,474.01770605513246,466.66438060392557,473.76800828756035,2657500
2022-04-05,478.9015808105469,485.348447940051,469.8740699612636,471.7239678744969,3268600
2022-04-06,491.84161376953125,493.4787915084191,479.12356545861246,479.3270271334729,3955600
2022-04-07,496.6512145996094,497.88141217497406,488.733656004218,490.2228098586979,2867000
2022-04-08,504.9850769042969,507.76912542426317,497.7149362908376,498.54741280864,3986700
2022-04-11,497.1044616699219,506.5111747109682,496.36451395601944,502.8021211668017,3574000
2022-04-12,493.654541015625,500.1476444738086,490.9444472755902,495.226909119936,3575700
2022-04-13,496.697509765625,497.8814713376638,488.94643424026793,493.29370492760586,3012000
2022-04-14,494.6811218261719,511.7648989893167,493.98741022920706,498.08492662075207,4211300
2022-04-18,493.9966125488281,500.397241681406,490.5742911022736,497.5299233219184,2087100
2022-04-19,497.34503173828125,501.76625809658964,495.06963713480013,495.6708764978339,2207600
2022-04-20,505.03118896484375,507.2047955709091,498.54729031231096,501.4516424357237,2986300
2022-04-21,497.1044616699219,506.8719182748529,495.8003087639281,504.55954638491284,2539900
2022-04-22,481.8428955078125,493.32148683332264,481.1399252917287,492.1283230430132,3453300
2022-04-25,484.9229736328125,486.7636128950312,473.3241066245076,481.3434259374304,3030400
2022-04-26,475.2202453613281,486.76358889801713,474.9704911074141,484.89517416303994,2895300
2022-04-27,475.2480163574219,481.80592923376315,471.55747909037314,476.2654376176977,3353700
2022-04-28,485.0615539550781,486.7820013449041,474.6558816698374,477.97647215456817,2582700
2022-04-29,470.3826904296875,480.880892947547,468.9120252578405,479.9096515657518,2873200
2022-05-02,463.5381164550781,474.97049906530265,456.3142681024488,472.4731258475121,3184300
2022-05-03,462.1229553222656,467.58014807370296,460.1435793954404,463.5196371650178,2763400
2022-05-04,469.5224914550781,471.5111256708314,456.0829869175948,462.01191193753016,4002600
2022-05-05,457.5906982421875,472.34364375637307,452.5127380657407,469.1433003975147,3359700
2022-05-06,462.1229553222656,463.92661693075746,448.6002072009317,448.60946572244393,3260300
2022-05-09,449.9136047363281,457.50742643042133,448.0729374420241,453.5948828705419,3862700
2022-05-10,451.38427734375,459.09834702407534,445.0113665002481,456.7489691454389,4275500
2022-05-11,449.66387939453125,462.9553899003421,448.03598860718887,448.03598860718887,3936300
2022-05-12,442.865478515625,450.3483392213371,436.0393800151677,449.6176217585172,3997600
2022-05-13,448.9701232910156,450.45004695519884,440.09986805343243,444.8818655714652,2453400
2022-05-16,452.50347900390625,458.367651344794,447.8139815445632,448.97942613207306,2338800
2022-05-17,455.5650329589844,457.59067309638147,451.8004845550366,456.92470882891945,2289000
2022-05-18,436.0024108886719,452.49423712460464,433.209047184407,451.61555261823776,3240500
2022-05-19,442.63427734375,445.4368713344257,428.55655419393463,429.4722727839969,3813800
2022-05-20,449.275390625,450.88479250372086,436.8625653134756,445.2518577010005,3068200
2022-05-23,455.1488342285156,458.53415052980466,449.7934005159779,449.7934005159779,2279800
2022-05-24,460.217529296875,460.6984925180098,451.98549050377454,453.95563599249584,2658100
2022-05-25,460.7077941894531,464.6110796763354,454.3904056227542,461.10551544190406,3161600
2022-05-26,464.53692626953125,469.1894164054456,461.9285645512073,464.083682279843,2705800
2022-05-27,469.05072021484375,469.05072021484375,452.66065640112373,454.1498102543302,3349100
2022-05-31,459.4960632324219,466.2759255090408,458.4601250939063,465.82270963023956,4003100
2022-06-01,455.5834655761719,463.7507783090649,451.1714704904623,460.92043757827855,1765900
2022-06-02,455.3153381347656,458.9133745479295,446.7225552598782,456.9247401300503,2093500
2022-06-03,449.1644287109375,454.76964510045514,448.5077228854201,451.68029088684744,1756900
2022-06-06,453.3913879394531,456.5824725335332,449.793351849638,452.6976763518007,1781500
2022-06-07,459.7920227050781,460.26372736634954,450.5610241500969,452.76240666001473,2341900
2022-06-08,456.4900207519531,460.5320428512479,451.88376515631205,456.92474785572165,3268100
2022-06-09,452.6976623535156,459.2000509716238,451.01424884500614,455.8887468489212,3148800
2022-06-10,448.2579650878906,453.372931092411,444.8356430566222,448.4151905849475,2599900
2022-06-13,434.448486328125,445.2148762687458,432.1916088749504,439.47095181131976,3764600
2022-06-14,427.0950622558594,433.96742432282934,423.09004680453546,432.4135172812437,3814200
2022-06-15,429.4815368652344,433.8195497325627,422.23919895052074,429.36131721165134,2550700
2022-06-16,423.3643493652344,424.96093601163585,418.34252757816836,420.8673616160158,3135600
2022-06-17,419.62347412109375,428.34899311605545,417.43282408028983,418.40747241867365,5277400
2022-06-21,445.8558044433594,450.31138069693776,424.30189836914457,424.9609461009166,5726800
2022-06-22,454.544189453125,460.33647261210876,440.49053825637066,441.5858634123828,5061000
2022-06-23,463.9472961425781,467.4467783816769,456.6605489302,459.43602771224704,4687700
2022-06-24,460.0765075683594,463.90088193018084,451.6480061804731,463.6038359940748,15861100
2022-06-27,469.3775634765625,475.1605547276343,457.2360721436526,457.46813398366237,3907100
2022-06-28,471.9580383300781,481.3982970844646,468.83911281134834,475.33687194804725,4978200
2022-06-29,478.70648193359375,481.48193256501344,469.7024709186846,472.3386901071649,3823400
2022-06-30,476.7757263183594,479.27271414151477,473.1462755109928,476.7014506612415,3568900
2022-07-01,480.2752380371094,480.39591473423457,466.267959533008,475.5597252772863,2426600
2022-07-05,468.98773193359375,474.33444630321975,456.9298066394519,471.2155484728473,3029600
2022-07-06,478.3164978027344,480.28437741043405,468.1150697448544,469.35894596950595,2506700
2022-07-07,477.47186279296875,480.182329113979,475.4761083851615,478.27943343195375,2385400
2022-07-08,481.41693115234375,490.45805134195973,474.3436908265336,475.5504010591356,3092100
2022-07-11,479.85748291015625,484.0531224412088,475.0862778940458,477.9174210039807,1743600
2022-07-12,477.5090026855469,481.8903597923225,473.9816739628704,476.4229691115257,2706500
2022-07-13,465.2746887207031,475.132670962013,465.2282876847393,471.6146339312762,3467700
2022-07-14,466.37921142578125,469.590966979086,456.9575084653181,459.4823418607784,3765500
2022-07-15,491.7391357421875,493.8184011729048,478.46520721280893,488.313900043417,5742500
2022-07-18,482.1037902832031,493.9760527215252,481.5282814960894,492.8993107940693,3212000
2022-07-19,495.173583984375,495.5356140656458,483.2363360870999,483.7004597844035,2953500
2022-07-20,482.1966552734375,495.7305183859408,478.72501902210627,495.1735926017743,4327500
2022-07-21,484.97210693359375,484.9813418158313,474.46434065168404,482.1223809111004,2667600
2022-07-22,483.9974060058594,489.74325913318364,481.2034291876337,488.25808609631923,1850300
2022-07-25,491.47918701171875,494.653834320903,486.6058875337805,488.3417625187199,2337200
2022-07-26,493.44696044921875,499.0628447517416,492.92714427662867,495.4983505284713,2637800
2022-07-27,496.25030517578125,499.26710908145594,490.15171325085373,495.25707370661087,2268100
2022-07-28,502.6366271972656,505.2821660261463,493.5862159180984,498.92363795453036,2344500
2022-07-29,503.4257507324219,504.8273568016089,498.18112993834586,501.26291829411736,2945700
2022-08-01,496.9650573730469,504.6416808803508,492.8993295572358,503.3606950394393,2335000
2022-08-02,497.0392761230469,501.7454963205594,493.5675839342959,498.97928108293735,2114200
2022-08-03,501.8569641113281,504.6138316101972,497.2528367521914,498.7101919242713,1802900
2022-08-04,495.4520568847656,501.6527428073717,494.5331010104482,500.5945271587588,2368000
2022-08-05,496.66802978515625,497.0764608894643,489.70617459062595,491.97110041347537,2373400
2022-08-08,498.0975036621094,502.46027752348976,495.1456838977852,501.1700001139829,1656400
2022-08-09,498.7102355957031,506.58175586623685,497.89337330471625,501.2536245516598,2147200
2022-08-10,499.1371154785156,503.091458077218,495.5076934311852,501.4948999015141,2291400
2022-08-11,494.6258544921875,499.9818596709178,491.664743268248,499.61982961790005,3006200
2022-08-12,504.6881408691406,505.33792540366403,496.1018521102176,497.17859420443824,1981000
2022-08-15,505.5605773925781,507.9461795367281,499.9168184548837,502.803653699689,1447300
2022-08-16,506.93438720703125,508.1596803843448,503.4720430699809,506.08970713209857,1773000
2022-08-17,505.8949279785156,508.48471831467106,502.7110455974492,506.1176983314233,1471700
2022-08-18,506.0990295410156,508.80026125190057,502.94302231640796,505.90413384309534,1486400
2022-08-19,508.97662353515625,513.4414912837041,505.727757620038,506.35895905628826,2258000
2022-08-22,505.4957275390625,510.0905638103718,502.5067412483205,502.54390740649336,1672900
2022-08-23,497.3548583984375,504.30742114067976,494.95072978110716,504.30742114067976,2039600
2022-08-24,497.9674987792969,501.1235051737891,496.63082058406746,498.1716859625973,1761200
2022-08-25,502.7109375,503.12866014974725,493.13141779469436,496.6216369883782,1965800
2022-08-26,491.2748718261719,504.21464114626326,490.31874993519506,503.3513779765066,1906700
2022-08-29,491.757568359375,494.66298681149266,485.3526396122141,488.2580580643318,1594000
2022-08-30,485.3248596191406,492.9829001022667,484.3501545967115,492.3516420599565,2013400
2022-08-31,482.0667419433594,489.27918577288494,481.9088990919807,483.4498215154541,2891300
2022-09-01,486.4015808105469,486.64293417128385,478.1309223707005,482.0666818222678,2085300
2022-09-02,479.3004455566406,491.77609088060603,476.9427179343464,491.61830471148215,1944200
2022-09-06,480.5350646972656,489.60405912232756,479.8295876707971,482.6236211623906,2711900
2022-09-07,484.248046875,485.9374637673953,477.75031574535,479.90385628986314,2504400
2022-09-08,489.65972900390625,490.5693932033978,481.5839663818503,483.570429147332,1557500
2022-09-09,488.2444152832031,491.4941542961589,486.60556473794963,491.4941542961589,2495500
2022-09-12,494.6787109375,498.1892020470114,486.53106158088235,488.8589613970588,2792000
2022-09-13,478.57904052734375,489.1011377425575,476.72601270147544,487.9278669843117,3172500
2022-09-14,474.67742919921875,479.90125164448057,471.2600878677515,478.6162462809376,2648100
2022-09-15,486.912841796875,491.6338297316069,478.74660739118053,480.75788794810717,3058100
2022-09-16,485.15289306640625,486.82896932548874,481.48412121219485,482.82499358615746,3981700
2022-09-19,487.5088195800781,487.9278529579056,477.65713060506783,482.8903022308616,2130800
2022-09-20,486.8103332519531,488.5515975354903,479.37037552529716,488.151205640539,2421700
2022-09-21,476.828369140625,491.6617392673921,476.7725018209446,488.88690100078645,2427700
2022-09-22,481.83807373046875,485.10639758809646,471.2693736376004,475.85069333783576,2285600
2022-09-23,478.2530517578125,479.2307583457248,471.5207834570663,478.2065051266726,2536900
2022-09-26,473.364501953125,477.2847061621954,464.6488576618718,472.4613039988715,2867400
2022-09-27,473.3738098144531,481.21416118655657,468.913545409134,475.2361298347578,2583400
2022-09-28,478.5603332519531,480.72995178660983,466.3248782198092,471.6138881808557,3027300
2022-09-29,473.8021545410156,479.3332759141302,467.87999027801845,479.3332759141302,2392000
2022-09-30,470.2730407714844,480.9906727384857,470.0867974101654,475.91586793513505,3116000
2022-10-03,480.0222473144531,482.16390370959977,470.608205984594,472.1725477906183,2562400
2022-10-04,487.155029296875,488.4773176015929,481.2515058994596,482.6668306502715,3189800
2022-10-05,490.78643798828125,492.90945293192414,484.3241862370588,485.134290774783,2281800
2022-10-06,483.39312744140625,492.19260139234365,481.1676412536068,491.9598113768876,2187300
2022-10-07,470.0961608886719,478.7745510310994,466.5670563127323,478.7745510310994,3273700
2022-10-10,464.5184631347656,471.45561648914133,460.9428121511274,470.7945008470052,2459100
2022-10-11,465.4031066894531,471.9398400718335,461.0918310707703,462.75861553261905,2844500
2022-10-12,465.542724609375,473.26204861729354,463.9131946829997,467.563354221449,2254300
2022-10-13,474.8078308105469,478.1227299424763,454.16399972454485,459.48094414070897,3999700
2022-10-14,477.8061218261719,493.43095663061706,476.6887184910919,484.2031862984741,5628900
2022-10-17,485.9537658691406,488.2164777584292,479.8081328488625,482.09874998361465,3282300
2022-10-18,486.2610778808594,495.3771137049581,482.648172580091,495.3771137049581,2345500
2022-10-19,484.50115966796875,487.7602195445213,479.1748951163003,485.823390904506,2500500
2022-10-20,485.0225524902344,492.97463723567336,483.9982993774884,487.04315347333596,2390800
2022-10-21,496.988037109375,499.5953307256678,482.35022835015656,482.39677498612616,2896000
2022-10-24,504.3162841796875,508.86034998511184,500.777887189169,501.0293186012709,2627100
2022-10-25,503.03118896484375,506.47649206473636,497.14630823404946,500.7684771600892,2411900
2022-10-26,505.7781066894531,509.94042099356227,503.02190976041345,504.1113509294328,2863500
2022-10-27,504.50238037109375,508.89748428589843,502.60283479359754,508.89748428589843,2212100
2022-10-28,513.2926025390625,514.9314531469578,506.26235627238043,507.45421145680865,2761900
2022-10-31,516.9334716796875,519.6803480797605,512.2590305195204,516.7937749530596,2770400
2022-11-01,509.6330871582031,517.4362111242903,506.75577826054183,516.7937085646272,3338900
2022-11-02,506.0202941894531,516.4027513785426,505.68509021477996,506.93281284278527,2696200
2022-11-03,506.1878356933594,510.15458608684185,501.08509746583303,504.4465711716745,2245300
2022-11-04,501.1222839355469,510.05213196391236,490.8516202743002,509.39098800590506,3513100
2022-11-07,507.5008239746094,509.2979558929311,498.60820081291416,501.1223440933543,2540300
2022-11-08,514.9779052734375,516.607434889422,504.6886010649176,509.3909465900621,2797000
2022-11-09,503.44091796875,516.4306107516956,502.30493009987913,515.6577889065431,2672600
2022-11-10,506.709228515625,513.7208893119713,497.19280233802056,511.14155839749003,3426400
2022-11-11,486.1399841308594,508.6740654310219,474.5656447955807,508.6740654310219,7034300
2022-11-14,478.38348388671875,492.5650335045627,478.06686445755247,486.0655544308851,5238400
2022-11-15,468.3827819824219,481.07449682209347,466.2969643423574,477.5081382511833,5103800
2022-11-16,476.3069152832031,478.7372574676165,470.6734090956415,471.0645087680657,3430800
2022-11-17,479.83599853515625,490.70261849035387,476.9028221611428,476.9028221611428,4246300
2022-11-18,493.5148010253906,496.3082810311947,483.70039506505753,486.1772556634655,3566000
2022-11-21,481.5866394042969,495.3305700043615,479.9012420890773,492.5929573496048,3349600
2022-11-22,487.0804138183594,488.5422847179941,484.11927558599916,484.14723766058984,2567400
2022-11-23,493.2447814941406,493.92451010388584,486.99667746658537,488.8589974568974,2238300
2022-11-25,500.6101989746094,503.61782737353565,495.86130604646354,497.23940456152707,1419200
2022-11-28,495.62860107421875,502.43537908326846,495.0885123066952,498.9435287332053,2699900
2022-11-29,491.6524658203125,496.2803036067635,487.60194267053157,495.0698070083745,3751000
2022-11-30,510.0522155761719,510.350193599044,491.1682633153146,493.25405264192284,9688900
2022-12-01,499.948974609375,514.9313605403279,498.91540088919436,514.3354046385455,2997800
2022-12-02,500.789794921875,503.0781811725669,497.31522863784704,497.67951423466627,2346200
2022-12-05,499.7436218261719,504.7313694169969,495.8580803127835,496.42782519423076,2424800
2022-12-06,503.7412414550781,504.927478209984,498.99635144414157,499.1644700615107,3097700
2022-12-07,507.09442138671875,509.89651259780646,504.0308313071159,505.1610286187169,2849100
2022-12-08,511.7738037109375,514.9214808780488,507.90696206628223,508.9156736212297,2272300
2022-12-09,503.6290283203125,512.3061472021863,503.32078243284155,511.7830926400361,2852400
2022-12-12,509.8498229980469,510.0553393315887,503.7039439817334,506.1043519540252,2714100
2022-12-13,502.7138671875,514.6414548878003,499.7996965949104,514.2398286147694,3369700
2022-12-14,502.84466552734375,507.6268973095267,496.5026187129468,506.17916138090294,2654600
2022-12-15,492.86920166015625,498.83767016774885,490.80497375606035,498.7629317661838,2963800
2022-12-16,489.1517333984375,491.1225238664623,481.6981320174162,490.5060888843752,7109100
2022-12-19,489.0583190917969,492.43021233101325,486.5644737615262,489.9923495385029,1808100
2022-12-20,485.8919677734375,492.2246641479436,485.4156031550407,492.2246641479436,2086100
2022-12-21,492.7383728027344,493.05596822005117,483.9211236159983,489.0863390513911,2182000
2022-12-22,492.3181457519531,494.1114682927774,487.2183188601798,491.74834383837145,1851600
2022-12-23,496.2596740722656,496.2596740722656,488.4045037369825,489.5252945750876,1292300
2022-12-27,496.89483642578125,500.490887765448,494.8959976351949,498.70685772972246,1596700
2022-12-28,493.58837890625,502.64848523616274,492.9158473701545,499.77165562643245,1694200
2022-12-29,494.924072265625,498.47337666610275,493.9713429390893,497.40856824335066,1379700
2022-12-30,495.2041931152344,495.5030896616335,490.2165030819594,495.03607449701366,1849600
2023-01-03,484.425537109375,490.9544004404693,478.3729813918053,490.48738524358197,3525600
2023-01-04,471.21832275390625,484.4255258983114,467.5756100033575,484.4255258983114,5070400
2023-01-05,457.6374816894531,468.9672738852717,456.27380542109944,467.9585336946242,5497100
2023-01-06,457.6749572753906,460.35562032159345,455.37725016498104,459.16006238970107,4841300
2023-01-09,457.73095703125,467.0058724976061,456.31124101816766,459.92593427515953,3702800
2023-01-10,453.93878173828125,458.1138988339492,450.8377939191084,456.6007741221836,3164000
2023-01-11,460.8505859375,462.9054641848084,453.0047364098277,453.2756132025059,4274200
2023-01-12,462.97088623046875,465.8290171304365,453.21025661490734,457.67492103091257,3726800
2023-01-13,457.27325439453125,475.8884727996046,453.9387591376012,454.0414887960613,5390100
2023-01-17,453.0794677734375,460.42096176465674,451.86523961796917,458.79575794024754,4495600
2023-01-18,444.8226318359375,457.2078841521337,443.43093565112457,455.85352866046566,4398200
2023-01-19,452.406982421875,454.30309163031967,445.8968174438971,446.3451338243904,4549600
2023-01-20,454.6112976074219,454.8634755650511,447.4005814591794,453.49979910173715,3525900
2023-01-23,453.76129150390625,457.76828977007875,449.6328932333544,454.5738933646357,3418700
2023-01-24,459.1693420410156,467.2580485793273,448.33458389599343,467.2580485793273,3036300
2023-01-25,460.010009765625,462.68132324684694,453.68663370005675,457.00243049053677,3037300
2023-01-26,459.99127197265625,463.69937356156504,458.21659152369085,460.00994231788707,3005000
2023-01-27,453.9854431152344,460.8225521619436,452.5096876947206,460.8225521619436,3177100
2023-01-30,453.74261474609375,462.578533935045,452.81790531044766,455.6293458041639,3606900
2023-01-31,466.25860595703125,472.1523350999893,460.5983843981979,465.14710757625056,5567000
2023-02-01,464.213134765625,471.10628406388656,462.9708868060523,466.9685360014858,3451200
2023-02-02,439.7695007324219,462.34502701780906,433.28735627459326,461.65385367456656,11169900
2023-02-03,440.8810119628906,447.1950664854025,438.7607732510014,443.8792700211671,5440100
2023-02-06,443.8885498046875,447.3724930786115,439.9376198859961,440.86230075984435,4174200
2023-02-07,445.4204406738281,446.5412600989329,438.0882960208364,439.96570632614663,3394600
2023-02-08,451.3421936035156,453.0421358575867,443.7671918583676,444.10345764144677,3466400
2023-02-09,453.6865234375,457.394624668894,450.5761867436423,453.593114711664,3664600
2023-02-10,461.6445007324219,462.9614869471419,456.5073338046964,456.86226989857977,3418100
2023-02-13,462.6719665527344,466.89377371935285,459.3188008212256,461.4110198058371,2589000
2023-02-14,460.3182678222656,465.1005282277114,456.8250026532087,461.6819729614557,2072600
2023-02-15,458.8424377441406,459.384162838649,456.17112446042876,457.3479833910768,2242500
2023-02-16,455.19970703125,461.4110032978521,455.12496863913304,458.74901103949554,2611500
2023-02-17,466.15594482421875,466.51088098666014,455.19978493943836,455.2278047151916,3891500
2023-02-21,458.8984375,468.3228000752527,458.14187521577094,463.93287464266183,2877300
2023-02-22,456.6381530761719,461.30830525144734,456.43266524028587,460.2995364191537,2982800
2023-02-23,459.25335693359375,460.78515179148235,453.8172937886164,454.5551857011224,2511800
2023-02-24,452.3789367675781,460.01932719877004,451.14603828740763,457.28259642912053,2940400
2023-02-27,451.435546875,458.5528534436991,450.1652508013009,456.5259950814749,3006200
2023-02-28,444.5423889160156,451.47287786772534,442.6556579475836,450.82842317652444,3902100
2023-03-01,443.8699645996094,446.84952410279215,440.86238532227924,442.3661607087703,2996900
2023-03-02,446.1863098144531,448.73619442841704,442.0298633531873,443.86055485886425,2188800
2023-03-03,446.9895935058594,447.49397791160936,442.9359049218002,446.4104992087575,2863300
2023-03-06,449.0631408691406,452.397636284944,447.4005678739998,449.614215392347,3812700
2023-03-07,442.61834716796875,451.90261197367374,441.38542015253205,451.1180298286722,2589200
2023-03-08,439.5546569824219,444.0286700202434,435.96798411539265,440.62878610725215,3036600
2023-03-09,434.24005126953125,442.6836935725626,433.15657264842304,442.6836935725626,2780400
2023-03-10,431.4936218261719,439.4892774967021,428.92527228456925,433.7807756536834,3787500
2023-03-13,434.6337585449219,440.90468019716633,429.918853201894,429.918853201894,2971600
2023-03-14,435.4774475097656,440.40795612575505,430.29386271760035,435.54306938702877,3258200
2023-03-15,436.274169921875,439.5080638168294,430.47192636336825,432.11230152048694,3770200
2023-03-16,442.4513244628906,443.73552782452543,434.09011446195007,435.5992457863526,2940500
2023-03-17,440.0891418457031,442.4419172318122,437.08958779652704,441.8607604286779,5290000
2023-03-20,447.0818786621094,449.7627351085337,440.55788060995485,440.55788060995485,3119400
2023-03-21,450.0251770019531,451.29061488565384,445.9195480754829,448.4223042723964,3163300
2023-03-22,445.7320861816406,455.3118779256885,445.0759533040805,451.75931472805195,2632200
2023-03-23,440.47344970703125,450.5594206023309,437.43642205401187,447.5036275007736,3284900
2023-03-24,446.172607421875,447.0068689914124,438.29881331692576,439.6017534475419,2533200
2023-03-27,451.7124328613281,455.82744473569755,448.609782790993,455.13378094971205,2271800
2023-03-28,442.97625732421875,453.4840522352717,441.20466707393587,451.8061748212086,2369500
2023-03-29,437.3614807128906,446.0695368755437,435.8242298214273,445.34775354326354,3733200
2023-03-30,440.6141052246094,440.9421859524413,432.19662761281813,437.34273788352846,3324600
2023-03-31,442.9856262207031,446.1820176368989,440.6516159966073,441.982647172791,3996700
2023-04-03,463.2325134277344,465.0509885133268,453.2027808878532,454.80568214546037,4729100
2023-04-04,462.3514099121094,465.0228834857912,461.0297329102695,462.1451901968038,2624700
2023-04-05,477.3304443359375,479.6831915894303,465.0229390247193,466.2321378909685,4964800
2023-04-06,480.68609619140625,482.0265099902325,475.38065152823435,478.9894821146555,3472600
2023-04-10,482.9076232910156,483.1044888779876,476.2617648932741,478.8113773462271,2714500
2023-04-11,488.3349304199219,489.50662686569024,482.94512676938734,483.80753654592604,3065300
2023-04-12,488.541259765625,493.7061077090043,487.46327597204584,492.0938233821359,3422400
2023-04-13,493.265380859375,497.2210573504174,487.89434328428837,491.0907056434971,4224400
2023-04-14,479.73004150390625,494.2121928420861,476.64612835700655,489.3004503487855,4872000
2023-04-17,473.6934814453125,477.6678669428043,471.256346928486,476.8523707304296,3660900
2023-04-18,472.8779602050781,475.23070727359504,466.9351191198431,472.11870317816437,3232000
2023-04-19,455.7430419921875,470.52515343774184,453.33402733469114,469.2878351771753,5809100
2023-04-20,456.92413330078125,458.9769478599395,452.9872502191481,455.05880162421715,3283000
2023-04-21,453.51214599609375,459.9892873755408,451.93739283971854,459.34250864955277,3165300
2023-04-24,458.3114013671875,459.51121735965813,452.4154169592024,453.12781753799953,2322400
2023-04-25,461.104736328125,467.2725337151546,459.8486525889049,461.81710830165724,2937300
2023-04-26,452.6966247558594,457.1490709992369,448.39413047593644,455.4336914798703,2930000
2023-04-27,459.7455749511719,460.2236362644926,451.9936414089213,451.9936414089213,2473200
2023-04-28,461.26409912109375,463.0169525005761,457.5427899089474,458.0770903760466,2398900
2023-05-01,464.6479187011719,468.1067686349612,461.00158590794484,463.60743746126815,2105600
2023-05-02,462.4826354980469,465.5946393443785,458.62070019876114,464.22610598151687,2152300
2023-05-03,458.7801208496094,464.41364690556526,457.4584437343875,463.42940465931633,1749700
2023-05-04,456.7553405761719,459.0143744914448,451.75924010379384,456.53973815731666,2555700
2023-05-05,463.31689453125,469.4753379196579,461.20784092748323,463.1106748124247,2329400
2023-05-08,461.7608642578125,463.38250238890856,457.73024004592486,461.2172097096377,1738500
2023-05-09,459.6611633300781,468.11611378067767,459.5861587453935,461.96705370644753,2038600
2023-05-10,459.37066650390625,462.55767537813824,457.09289529083395,458.7426245705804,2018700
2023-05-11,458.1426696777344,459.4174616149598,455.23685691911083,457.43026912112674,2384200
2023-05-12,460.45794677734375,462.02331714309116,457.19593371281246,458.1426735546453,1536500
2023-05-15,456.3617248535156,460.9829177134396,453.39970119554806,460.6173346648541,2169700
2023-05-16,449.66900634765625,458.5645172041592,449.00349073165546,457.0741226583067,2178900
2023-05-17,454.440185546875,454.99322291535583,447.6256083456334,449.93149926974604,2682000
2023-05-18,449.2096862792969,452.321690339093,444.20420243086386,451.8530117547168,3040100
2023-05-19,448.8252868652344,454.4306634332144,447.8785471387,449.53765873524543,2317900
2023-05-22,450.5125732421875,451.9936135071448,447.97234346337046,450.3438558264437,2242800
2023-05-23,449.4065246582031,453.1090969285183,442.9387658950807,446.3507311247873,2874200
2023-05-24,450.70941162109375,453.0059480084507,448.8909651248942,450.50319191036834,1904700
2023-05-25,447.7755126953125,451.5905344760984,444.58847556682355,447.7098908307669,2684100
2023-05-26,451.356201171875,457.79586877282514,448.0567143268282,448.11295346693527,3135200
2023-05-30,449.79083251953125,455.4337122439795,446.21012135409177,446.819397778211,3180800
2023-05-31,456.7179260253906,456.8679066143811,447.22249274110766,448.1692326940408,4944100
2023-06-01,462.7076110839844,467.5349946493434,455.6586670607465,457.23344880147465,3376600
2023-06-02,468.28485107421875,469.63464759718835,459.64241740075425,461.17969678752974,3064500
2023-06-05,466.98199462890625,471.39693911514405,466.26023986930704,469.3347703994868,2688800
2023-06-06,457.02716064453125,468.58475990055064,453.37147405539287,468.58475990055064,3816600
2023-06-07,451.9280090332031,459.71744469099605,451.4312108860397,459.25814883961954,4381700
2023-06-08,459.5206298828125,461.011024396255,452.2092265683795,454.0464672743229,2725900
2023-06-09,462.69830322265625,467.0101524993559,456.70860498471023,459.29569166603045,3174100
2023-06-12,461.7327575683594,463.4762567517859,458.10518995529446,461.46091598375415,2207700
2023-06-13,460.5329284667969,463.673080568118,458.04893779770504,460.12048904183035,3016600
2023-06-14,431.05303955078125,431.7748228544645,417.76132220548874,426.16006275431596,14672400
2023-06-15,438.49798583984375,444.2487342695839,433.8107748709351,434.8272635738104,6798100
2023-06-16,431.53302001953125,440.9733038996867,431.0059475799781,438.7332603932327,7699100
2023-06-20,441.792236328125,442.827538867276,429.895391136529,429.895391136529,4597700
2023-06-21,448.7194519042969,451.18540423356023,439.7215350407445,441.37806491463533,4886500
2023-06-22,450.8842468261719,454.77142809832776,449.89599305877175,450.06540306633224,3179000
2023-06-23,448.95477294921875,453.9243340668946,448.5312192212688,450.2065629273676,4862600
2023-06-26,450.8937072753906,453.0114187239353,445.1900067385075,450.02781467925575,2968300
2023-06-27,454.1878356933594,454.77137813749175,449.67945616547155,450.01830486666415,3693200
2023-06-28,446.5546875,453.77371317910695,446.1123200369676,453.6231169445327,3670100
2023-06-29,448.4277648925781,451.505495261796,445.2653007869584,447.1477110069009,2979300
2023-06-30,452.3807373046875,453.754888417324,447.1852678693978,449.8959425794108,3970400
2023-07-03,449.7830810546875,451.9760762178701,448.2959609669507,449.990147317918,1915700
2023-07-05,443.51458740234375,449.22770820994117,442.92162370186793,448.0417808089896,5053100
2023-07-06,441.763916015625,444.62518694079716,439.2132587910483,441.75452349850883,3913600
2023-07-07,434.44134521484375,441.058014514604,433.72604902250083,437.6602786119163,4131600
2023-07-10,435.82501220703125,435.87208969624265,432.1637392861583,432.9543481272468,4339200
2023-07-11,435.67437744140625,439.0626923165905,434.0272687624655,435.18493247961163,3086800
2023-07-12,425.1423034667969,437.4909082816174,424.7187497339762,435.7779083143069,7287600
2023-07-13,421.4245910644531,428.1542019051885,420.88809725426296,425.4247128110169,7276800
2023-07-14,451.9384460449219,456.4844538439201,433.0578461264785,435.3543887694541,11379300
2023-07-17,455.6185302734375,456.10797528482766,450.1783662058152,452.82315011184704,4582000
2023-07-18,470.60247802734375,474.7626165713556,458.83741607666013,460.55980850799006,8816400
2023-07-19,474.08502197265625,484.4005931379365,472.9367505978166,477.69924612215965,4956500
2023-07-20,474.5931701660156,478.77212240110595,471.10130787810795,476.87089876104227,2963100
2023-07-21,476.74853515625,480.40041490421714,474.85670404314544,475.35554151037013,2887300
2023-07-24,478.77215576171875,479.80748701341764,474.9038169725994,475.61911324562084,2279000
2023-07-25,480.88983154296875,482.36753018757327,477.45443926775533,480.01451784519486,2730600
2023-07-26,478.1321716308594,485.53002963308245,476.8427252912835,481.46404559380284,3697200
2023-07-27,475.5249938964844,480.4851337121468,473.54845772911113,478.6686150267673,3028300
2023-07-28,473.3414306640625,477.6427445954599,468.0424416869679,475.5061907692625,2930000
2023-07-31,476.5980224609375,478.0192513550923,469.7178154695778,473.4261658658743,2441600
2023-08-01,475.0637512207031,480.0521544161338,472.94604019933104,477.66148593170703,2161200
2023-08-02,475.12030029296875,480.45694559327563,473.4167214412171,479.72280679927934,3220500
2023-08-03,475.1767578125,476.2497453342305,471.58137642644215,473.32261147716565,2442900
2023-08-04,473.1719665527344,480.86159477428487,472.24957537753005,480.01451607880483,2411200
2023-08-07,480.7110290527344,483.4028615462003,474.9790940907367,476.0050040865658,2430900
2023-08-08,476.1179504394531,478.29216042825107,470.62131665246164,473.4261179100894,2422600
2023-08-09,472.5884704589844,475.99565698716776,471.43080658975464,474.3673618531174,1916900
2023-08-10,473.8779296875,481.9346139074816,473.21907466210564,474.8097134970646,2179700
2023-08-11,478.14154052734375,480.6451491656777,474.6026006892031,475.9014681286609,2029600
2023-08-14,480.88983154296875,483.3087351245246,478.36740920552995,479.21448790412717,2127200
2023-08-15,476.899169921875,483.44997748745675,476.5038511785064,481.5016474953449,1817500
2023-08-16,473.95318603515625,480.4851510128023,473.266096046896,478.13213852008533,1454100
2023-08-17,464.9176025390625,471.7601811068619,462.9034388237786,466.3482524874512,3009500
2023-08-18,469.1342468261719,471.48725944819415,464.48469158719206,465.6894329007355,2364400
2023-08-21,468.41888427734375,470.8377879526205,467.04473305867566,468.2588955169085,1533500
2023-08-22,463.3928527832031,467.5812264007734,462.44222656938103,466.29178018398284,2079400
2023-08-23,460.6634216308594,464.9553145441724,459.2421927532462,464.014109454002,2011400
2023-08-24,459.4021301269531,466.2917570788893,458.5644439556285,462.536329892295,2311100
2023-08-25,460.3621520996094,462.27279696411296,456.1549649013887,461.11513327976786,1923500
2023-08-28,462.3951721191406,464.0705158008902,460.3715871975273,461.6516121573827,1344500
2023-08-29,463.8541259765625,463.95767348019297,459.27988268997353,462.57410074721815,2113700
2023-08-30,462.6304931640625,467.50592817745815,461.463408153845,464.94584942485744,2283400
2023-08-31,448.55950927734375,464.7859045652514,448.2865804819446,463.4117244526975,4927700
2023-09-01,448.2395324707031,452.3902506385016,445.52885703676924,450.8372678821067,3165900
2023-09-05,452.540771484375,456.10794645902246,449.463041490185,449.8959877454922,3443300
2023-09-06,448.8983154296875,454.752611684251,448.37124292704425,453.7455154396909,2596100
2023-09-07,456.30560302734375,458.4703630820274,450.4607279010596,451.6842829366117,2928000
2023-09-08,454.2646484375,456.3433717243582,452.3560234814669,453.7166371173899,1858400
2023-09-11,452.9512939453125,457.1654015008759,451.64737014591753,455.40795904785676,2059200
2023-09-12,453.442626953125,456.9764566180419,446.0915472926876,451.0615674557605,2195200
2023-09-13,453.385986328125,457.3544480895621,453.0269314558377,454.8883247397088,2197800
2023-09-14,456.9386901855469,458.5166053922636,452.3844143261255,456.02216602989665,2334300
2023-09-15,459.8677673339844,462.8157540869077,457.44890492978504,458.96067230607383,5334300
2023-09-18,459.26300048828125,461.79524235913703,456.93863094026364,461.48344829243587,1997500
2023-09-19,454.1607666015625,458.9512596642251,450.26791068145155,457.0898664594984,3230700
2023-09-20,464.9984436035156,467.81413512036914,452.724602989291,456.1355666640374,3724800
2023-09-21,473.51171875,477.2911951830059,465.89604720918567,466.94486691360555,4703900
2023-09-22,478.1982116699219,481.34461278538953,470.57311183972104,471.48963593271424,4558500
2023-09-25,482.14776611328125,482.7713831315337,478.69899993054435,480.2391410587129,2758500
2023-09-26,477.58404541015625,481.3351764764862,476.573028664331,480.8816289779098,2420200
2023-09-27,475.9588623046875,478.4438435038748,473.42659152025703,478.32103475780747,2593700
2023-09-28,481.9776916503906,485.80442847278357,477.1683118109643,478.07537799403894,2922000
2023-09-29,476.3935241699219,481.76983132093886,476.0250114030139,481.7414864031086,3006200
2023-10-02,486.2012634277344,486.45639652017127,475.4014173410325,477.6596393272664,3550400
2023-10-03,481.3824157714844,485.6437553995336,480.33359617592174,485.0012513930363,3143200
2023-10-04,482.4690856933594,483.602940219002,478.680151135874,481.40137892932154,2801700
2023-10-05,487.7696228027344,489.6405023216208,483.04530743799796,483.41379129132935,2790700
2023-10-06,495.8766784667969,496.95384292612596,487.53346937076986,487.9775877721669,3647200
2023-10-09,497.4830017089844,497.8231407185852,491.56811235993484,492.4185175541656,2341600
2023-10-10,495.33807373046875,499.023085589064,494.24205115742103,497.4734867183567,2455700
2023-10-11,495.23419189453125,496.61372139110784,491.5491797390089,492.2011416535943,2819300
2023-10-12,496.5664367675781,499.4388754554325,493.4578384983962,495.5554200104954,2377300
2023-10-13,509.66241455078125,514.4434498800534,502.6703601571932,503.851446529743,5245400
2023-10-16,508.36798095703125,516.6355860927282,506.56324856922083,513.2340225204708,3827600
2023-10-17,507.0639343261719,512.5252467527715,505.0985908042119,510.17253234442967,2586000
2023-10-18,506.5065002441406,513.9898469666839,505.88291204652455,513.1016677535622,2551400
2023-10-19,502.32080078125,508.66089366465945,500.0720075460728,507.2246740737262,2351200
2023-10-20,497.974365234375,504.9663616321604,497.7286900530868,501.72546769721805,2811100
2023-10-23,492.8153991699219,498.68305722988043,491.6059390015259,497.97440538221446,2357700
2023-10-24,496.0563049316406,501.4136968772362,493.2878452359743,494.03427110496733,1978200
2023-10-25,500.97906494140625,503.01049889886974,491.40753637021487,498.2011474879766,2380100
2023-10-26,499.2309875488281,501.2246473640642,493.71298470123156,496.7176613004104,2675800
2023-10-27,495.7350158691406,498.64522895774286,492.5224954066119,496.99170796857453,2585600
2023-10-30,500.7711486816406,502.50027522567746,494.10983327884355,496.05626125428927,2555400
2023-10-31,506.0340576171875,507.0923063218059,502.31127131586686,505.5049332648783,2464200
2023-11-01,502.2923889160156,506.28922441223455,497.7570287842915,500.76170559243667,2747400
2023-11-02,506.5726318359375,507.24350960079687,497.8987411608174,502.67031817334197,2350900
2023-11-03,501.63092041015625,506.43081288363743,499.64666112462135,505.09857311396433,2739500
2023-11-06,504.0498352050781,506.46869752724984,500.82779963442897,502.3207087952916,2684900
2023-11-07,508.178955078125,509.89862372968247,502.21683347096297,505.84509845449986,2604800
2023-11-08,507.1395568847656,511.55213695899545,504.6923782916994,510.22929719447285,1769200
2023-11-09,509.2843322753906,511.08900648239717,505.0135064333788,507.9614927598339,1819600
2023-11-10,511.3726501464844,512.7615801063451,506.46877698268935,512.7615801063451,2480800
2023-11-13,512.6575927734375,514.1505019775693,508.2544708305525,511.3158949083266,1507900
2023-11-14,510.6640319824219,512.7521560193271,506.93178708360415,509.31287593788335,2454000
2023-11-15,508.7268371582031,510.6638645320849,502.38680377202155,510.27643598922026,2473700
2023-11-16,510.0591735839844,514.8212924247639,507.8386969054917,508.72687604284374,2360300
2023-11-17,506.7237854003906,510.72062056621735,499.21212283608406,510.484403311485,2676900
2023-11-20,505.599365234375,506.7710512058545,502.48130915227705,504.19151968947375,2518400
2023-11-21,509.8418273925781,511.80711315220947,504.73951234188206,508.12215910023565,2115700
2023-11-22,513.781982421875,514.3867124295028,510.4749408848343,513.0354989945687,2234500
2023-11-24,516.9378662109375,517.4009005171155,512.8843984966102,514.8875163930838,1135000
2023-11-27,513.6213989257812,520.5189315461923,511.6749709643464,516.9378408913003,2675800
2023-11-28,510.7301025390625,515.7284391233391,510.2954420086003,515.5489116944776,2859300
2023-11-29,505.48602294921875,511.9867265887024,499.5050434203704,500.7805935622956,4550000
2023-11-30,522.4842529296875,523.4008059704422,504.56957120943156,506.2514082652126,7121200
2023-12-01,518.7583618164062,525.907017610095,516.8621764692394,521.8491531910056,3462200
2023-12-04,519.8201904296875,523.2238101434021,514.8521370568841,519.8012100620092,2709200
2023-12-05,521.6973876953125,523.8495761852137,517.0422211202806,520.5975679911003,2645600
2023-12-06,521.0052490234375,523.2332430366436,518.7013335478315,519.1374768878536,2239700
2023-12-07,519.8106689453125,522.882479241536,516.2553222382073,522.7307520431957,2511700
2023-12-08,521.2327880859375,523.0910121936539,516.2742253814624,521.6593833812192,2039900
2023-12-11,515.4589233398438,521.4508748825308,511.0787406201884,521.2233419412979,3655300
2023-12-12,517.3929443359375,519.0710863610967,514.4823516607148,517.4688079288679,2706100
2023-12-13,520.5121459960938,520.9008383650213,510.63304075332513,515.7621944684702,2876600
2023-12-14,506.5087890625,516.6344072421371,501.9200550261826,516.0465946826663,5386800
2023-12-15,503.5508728027344,505.8073375320477,495.81446363578334,502.4890138556425,9030100
2023-12-18,499.21807861328125,503.8826773639398,497.9665896085734,501.6451930223283,3260300
2023-12-19,496.8383483886719,500.23253557419304,494.6957080524978,497.35984553155686,3645600
2023-12-20,489.14935302734375,497.5873993628318,489.09246979243596,496.65822937003986,3847800
2023-12-21,492.894287109375,493.78549629012133,489.68973013181704,491.9461946986648,2491600
2023-12-22,493.3019104003906,495.86177122582654,491.13079982983817,492.8942376487303,1759500
2023-12-26,493.0365295410156,494.4112172580918,491.08340360117916,492.8942925310572,1390800
2023-12-27,495.6531677246094,496.0039572568965,492.40121798097016,492.77098787726095,1851800
2023-12-28,497.6537170410156,500.4695236540234,495.7954351305446,496.2978940047893,2001000
2023-12-29,499.1422119140625,500.82035409333866,496.72458770344247,498.6776558652615,2080100
2024-01-02,511.34423828125,511.6475769606086,499.3318645511208,499.4930819415621,3415700
2024-01-03,513.8945922851562,518.4074638604002,511.4769101789887,514.8521170771801,2891400
2024-01-04,517.1085205078125,520.5027073706483,514.8141531917341,516.7103379180388,2994400
2024-01-05,509.4859313964844,518.6065762432884,506.0253707665367,518.6065762432884,2815400
2024-01-08,508.6705627441406,512.2069289466942,500.59279682342355,511.4010735379896,2648900
2024-01-09,510.4246826171875,511.6003083533348,504.6982233130232,510.07389293356255,2677000
2024-01-10,509.7322692871094,513.1074749726184,508.31962126484444,510.168354634307,2180000
2024-01-11,511.66656494140625,512.1216308341895,506.7839231769893,508.3008480642503,2814100
2024-01-12,494.4396667480469,501.0478428657892,486.4946479679339,491.92719879225035,6327300
2024-01-16,492.20220947265625,497.2744808396763,489.73713442800704,496.52550865012034,3736700
2024-01-17,497.6916198730469,503.1146805497428,493.00804116727903,494.22162719860415,3791300
2024-01-18,489.5380554199219,490.0121016200598,471.63803733987163,479.00473380744506,7367000
2024-01-19,477.4214172363281,490.68522094829893,475.7717456823917,488.26759684797946,6143400
2024-01-22,486.3619079589844,486.91181775027746,470.7278736400079,477.7816833663314,5922900
2024-01-23,488.7606201171875,491.18773438400973,485.4991798961168,485.8973625075181,2672900
2024-01-24,486.5894470214844,494.64823247260915,486.3240112386237,491.01708022178997,2918800
2024-01-25,467.7887878417969,469.78927786604146,454.1362629672648,462.2803732716326,14671000
2024-01-26,477.08013916015625,477.5446952085106,464.47049203674214,467.675049192418,6212200
2024-01-29,478.3505859375,480.21832927254025,475.13653855581964,476.99479170738437,4554100
2024-01-30,477.4688720703125,479.7822201917437,473.30676084865996,478.3506201254519,4931200
2024-01-31,485.17681884765625,488.2676094789959,478.3221289834691,478.3221289834691,5358100
2024-02-01,480.8155822753906,483.73569406773436,476.8904659439628,482.4178317747676,4242600
2024-02-02,483.7452087402344,486.28606056337543,479.15644487225086,481.8679753214519,3804500
2024-02-05,476.8525695800781,487.5091483711587,474.0936170841752,483.4892167165704,3646300
2024-02-06,484.162353515625,484.4183280448623,476.3690329127498,477.78168131508716,2745400
2024-02-07,492.4297180175781,493.9561328702375,486.07748746101663,487.32897635397535,4109100
2024-02-08,493.0934753417969,495.05597597964953,490.4293376150144,493.60542448206587,3343000
2024-02-09,491.3204040527344,493.37780617596115,489.49059270834124,492.05045370078045,2715400
2024-02-12,490.7705993652344,492.0505010511366,486.19129653885443,491.32045133283737,3194000
2024-02-13,490.0215148925781,499.57830211871396,487.5185950320138,494.9042137110345,3436000
2024-02-14,490.1068420410156,491.61433427843934,487.5943742676303,488.5140539010177,1918500
2024-02-15,493.84234619140625,494.66718190369977,489.0260208672939,490.4861201161075,2292100
2024-02-16,494.47760009765625,496.60131790277603,491.95569967081906,495.1886694270653,2135500
2024-02-20,494.0130310058594,498.0993069961964,492.4486553757132,496.9995452572407,2600200
2024-02-21,494.87579345703125,496.506542578684,490.67575080422705,496.48756221205747,2095900
2024-02-22,499.1706237792969,499.39815668526825,491.6712387296613,496.9900229411184,3186800
2024-02-23,499.8721618652344,502.9629519407754,496.9520214551762,499.4076059091488,2502000
2024-02-26,498.05181884765625,505.1530204150264,497.09423643348987,500.89609554702207,2308900
2024-02-27,486.7696228027344,498.30794989934276,485.47074074003206,497.52101694154675,3780600
2024-02-28,472.41552734375,472.67150190139483,459.24653763103487,469.72294812944125,9558600
2024-02-29,467.9784240722656,475.70537150483005,466.0822392331831,472.62407114132094,6833200
2024-03-01,464.1196594238281,464.58421542911117,452.47708620996093,464.01538315059446,7315000
2024-03-04,456.8572692871094,461.7589196092009,455.17915619509654,458.1561512148433,5239800
2024-03-05,448.58990478515625,457.8338055102446,446.1912322158829,457.3502980701625,5296200
2024-03-06,448.06842041015625,454.8946675132269,443.8873299544538,449.8129067453903,5577500
2024-03-07,453.9277038574219,456.2126101430196,449.01659189094323,449.3958230857531,5102000
2024-03-08,453.61358642578125,460.92363315101466,451.9002751621042,455.2887873122658,4673600
2024-03-11,465.5876159667969,466.69174219861395,453.07105788719537,454.0228878407399,4410100
2024-03-12,465.7779235839844,468.5667779573773,463.8742639629586,464.616690053257,4153800
2024-03-13,464.49298095703125,472.1076199891137,461.9515823991549,469.7470714320528,3669000
2024-03-14,465.44482421875,466.09206158367647,461.818354599254,465.17831300686595,3378500
2024-03-15,467.1770935058594,467.5578196033923,463.96943183664666,463.96943183664666,5713500
2024-03-18,463.5887451171875,468.39550358157817,462.95103534539027,468.39550358157817,2970500
2024-03-19,469.55670166015625,469.670916592868,464.29308382905384,466.0825285683147,2511700
2024-03-20,470.4229431152344,470.77511556145686,465.8636693618006,468.74771304936985,3548200
2024-03-21,468.00518798828125,472.2979496017164,467.614934291829,468.56676407413994,3693400
2024-03-22,466.4632568359375,471.9457769640747,466.177690455305,471.34614856458364,2847300
2024-03-25,462.4751281738281,467.805381558349,460.75231833499384,466.9677665775257,2786100
2024-03-26,468.5953369140625,469.5757204679192,461.85639456141814,464.61669523317136,3113300
2024-03-27,469.3473205566406,471.85063779354977,467.6435369347921,469.9184242952676,2653100
2024-03-28,470.87030029296875,471.9839250971913,465.7303951894798,471.15583766647563,3820000
2024-04-01,466.1111145019531,471.8982275236239,465.1592846002114,470.65133267614567,2928700
2024-04-02,436.0713806152344,441.34449754394376,427.9427448323336,437.46104418782346,11867000
2024-04-03,437.5943298339844,440.55453633970046,433.60615967411815,439.7454750025888,4460400
2024-04-04,433.4443054199219,439.47890351289044,430.1509820923174,438.6222624106,5182000
2024-04-05,433.78692626953125,435.7001135620351,428.3329598229062,428.98019714908696,5747400
2024-04-08,434.0343933105469,435.17660070143296,431.74047998300335,434.0058395781518,4532300
2024-04-09,437.5752258300781,437.6133071579143,430.6649317286979,432.3972690509653,3521200
2024-04-10,428.37103271484375,436.6424368279179,428.11404910025584,433.54898966852437,4493500
2024-04-11,420.4422912597656,429.05633996263964,420.2138613862219,428.6946690120428,5844100
2024-04-12,418.0437316894531,420.93727386496124,415.3595642203222,419.1288027433823,6045700
2024-04-15,424.1639404296875,426.7529187819203,420.6992658351008,420.708793428808,5376800
2024-04-16,446.30352783203125,456.6403864197335,443.17199938330305,453.8039229109645,11816500
2024-04-17,455.9170227050781,464.4930199297329,451.72897669554857,455.54582412584136,8759800
2024-04-18,469.4234924316406,477.81863964542725,462.5608065572968,462.71310283651474,8880400
2024-04-19,476.9905090332031,482.8632830845789,471.6888096677479,473.0594470090423,6618600
2024-04-22,467.5674133300781,475.36290255315396,467.005837173467,473.8018875706742,4697700
2024-04-23,462.7606506347656,470.49903231626575,461.60894459698164,467.3484776926908,3646700
2024-04-24,463.82672119140625,465.31157358376163,457.5541653312863,460.4762902377022,3724400
2024-04-25,470.07073974609375,473.18324236957443,464.04566875661163,465.40677865592346,4329700
2024-04-26,471.48895263671875,473.2783975185746,467.7292128659551,468.30031662256454,2727000
2024-04-29,465.4733581542969,473.392589609912,464.27404322806194,471.8315746870321,2192100
2024-04-30,460.400146484375,466.12062458307,459.34360016257426,465.40675213909856,3367500
2024-05-01,460.7903747558594,465.6256870803828,454.08951294418455,456.1740228205074,2729200
2024-05-02,469.2236022949219,469.9089210072137,460.62857917901533,460.95219786988304,3561400
2024-05-03,468.7286376953125,469.0522563699606,462.3799195921703,467.21520261888185,2487600
2024-05-06,470.565673828125,471.0320611871011,468.30031400302374,468.7572028152643,2029500
2024-05-07,476.8287048339844,477.4854697974147,471.19388801859355,472.1076366012838,3752100
2024-05-08,478.9703063964844,482.5777497796283,475.9910742206522,479.88408399668845,3078900
2024-05-09,482.6063232421875,483.5010456909143,477.9518900374691,477.9518900374691,2342900
2024-05-10,488.10791015625,488.84083780190304,482.5777805179056,484.4814404016054,2784600
2024-05-13,487.0894470214844,489.878301790426,482.87284733427356,487.38451198078974,2454500
2024-05-14,489.1263732910156,491.3060429352669,482.8633160310194,489.792665866775,2949700
2024-05-15,492.6195983886719,497.4168587063074,490.03064870843656,490.03064870843656,2981200
2024-05-16,496.1604309082031,502.7184953001995,494.4852008527696,494.95158824647956,3655800
2024-05-17,499.35858154296875,500.519786266615,494.9611315553922,497.74998650629465,2657200
2024-05-20,492.31500244140625,499.35856753825925,491.65823743076703,499.35856753825925,2476200
2024-05-21,498.33050537109375,499.4441300267861,491.06803898223114,493.35245385578406,2521900
2024-05-22,496.23651123046875,500.9290839134249,495.5702767549179,497.63573143832025,2299100
2024-05-23,491.93426513671875,495.17045195054163,490.411302434549,493.35248239727065,3055400
2024-05-24,483.69140625,492.2293214946253,483.07269358568135,491.2489088257951,2527800
2024-05-28,479.4176940917969,482.24463015712485,477.7234379715105,482.24463015712485,2912800
2024-05-29,461.3710021972656,470.10879393336586,450.4725379419736,468.62394157484727,7521600
2024-05-30,458.4488830566406,462.6179028256715,454.9747095982964,459.0866218949469,5169700
2024-05-31,471.5079650878906,474.4015360691666,459.1722579219878,459.1722579219878,6694800
2024-06-03,473.478271484375,474.65853127439567,469.31877943643735,470.327716814528,2795100
2024-06-04,481.1405029296875,483.786588978186,470.76556248259106,474.54432847373346,3178400
2024-06-05,478.8846740722656,484.5766275623456,474.7727617660047,484.1959013964054,2464400
2024-06-06,477.742431640625,480.38851735398237,473.3259273736322,479.3890786236515,2419600
2024-06-07,467.0534362792969,478.63719039975615,466.7964526522295,477.85671192392545,3416300
2024-06-10,471.15582275390625,471.52705037526107,462.7702032626353,467.3485029740767,3332800
2024-06-11,472.3170166015625,473.80186886662267,466.6726724755618,467.2151934222837,4599700
2024-06-12,469.31878662109375,475.91496100927174,463.9409533711978,475.91496100927174,4048200
2024-06-13,473.3450012207031,477.8186134034581,461.04737508658513,466.6631657294278,4951700
2024-06-14,473.1736755371094,473.8685218216607,468.04332747761475,472.8976367326241,3188400
2024-06-17,467.6392517089844,471.3575625796675,467.1326429012839,469.64655091296225,2407200
2024-06-18,459.8201904296875,469.96196288829094,457.89891600073065,469.05387681608914,3692700
2024-06-20,463.1370849609375,464.475323301368,457.0099684787019,458.85481561803067,5258100
2024-06-21,461.2922668457031,466.75026415598796,459.38053112657843,463.0606282200479,6368600
2024-06-24,468.35614013671875,469.22598338162555,463.1179738117356,467.28554364014525,5139800
2024-06-25,463.1179504394531,468.9869927503976,459.39007184282525,468.9869927503976,2916100
2024-06-26,462.6782531738281,465.92819782521343,460.22166595289156,463.1179441893502,3153100
2024-06-27,464.97235107421875,467.4002635381473,460.7760772848728,463.6436807842184,2991900
2024-06-28,486.7852783203125,486.9190846526262,467.8112953637344,474.4641275370803,22734200
2024-07-01,472.8200378417969,486.4507230539717,471.1377302203872,484.3860449465043,4523100
2024-07-02,476.2515563964844,476.4714164887574,471.61562097066445,472.4472212772215,3312000
2024-07-03,468.2701416015625,476.0986729000337,465.0488422608828,475.1810478797966,2239200
2024-07-05,466.4730529785156,468.05979702212977,463.11794767618414,467.4193527629598,3499000
2024-07-08,467.7443542480469,472.0840023066919,464.714269602637,467.60097990959656,3450600
2024-07-09,470.3920593261719,473.5368723572281,464.637746035335,466.77888043736385,3056800
2024-07-10,478.8228759765625,479.3677276530457,468.48994683279767,469.2737654722186,3189800
2024-07-11,482.1014404296875,486.2786069663362,475.73538693723316,475.73538693723316,3535100
2024-07-12,488.95501708984375,491.86086314693273,481.2124826691379,484.5484808715648,3570600
2024-07-15,492.6256103515625,507.40334835044735,491.1248908225301,501.1041535337792,5128000
2024-07-16,524.6471557617188,525.650805285406,503.86659908305177,510.3378427712101,11062000
2024-07-17,547.9800415039062,548.2954359417064,526.97002294397,529.5508782427054,10330800
2024-07-18,539.4345092773438,555.8371765558129,536.6433330400585,539.5874224690565,6834800
2024-07-19,540.3807983398438,544.749121499107,536.7580217802763,542.0917808212022,4290400
2024-07-22,533.880859375,539.3483950747878,532.494839425153,538.2013420700338,3377300
2024-07-23,530.2199096679688,534.1772165809156,528.4133054240308,534.1293765150359,2785600
2024-07-24,535.0469970703125,536.3660992918242,528.6140254934539,535.2859640185351,3156200
2024-07-25,534.9801025390625,544.7395341309327,533.9286712578729,537.1977229157853,3102900
2024-07-26,544.5769653320312,553.5717138414094,535.2859584851213,535.2859584851213,3201900
2024-07-29,541.7380981445312,546.1350668704899,536.968326959123,540.7440165942087,2965000
2024-07-30,550.8953247070312,553.8584916536744,541.0116256403298,541.8814980399055,4139100
2024-07-31,550.7327270507812,555.2635891094245,537.5035503051098,540.4858529629912,4713200
2024-08-01,547.492431640625,561.5723460039061,542.0726190783878,551.7269190954652,3680800
2024-08-02,563.799560546875,565.4340572614902,549.8629907049781,556.630551541595,5094000
2024-08-05,544.8065185546875,560.922438212485,541.747729442056,556.4298471728276,4587400
2024-08-06,543.2674560546875,552.0328060328302,537.7043566429662,543.1336788985003,3216500
2024-08-07,541.09765625,546.4218468545798,532.4470643972068,541.6042358423642,4320700
2024-08-08,541.2506103515625,547.1865707940696,539.4631421119682,539.4631421119682,2860800
2024-08-09,534.1006469726562,540.9542020663782,533.0205118011261,539.6255319574644,2976700
2024-08-12,540.3424682617188,543.8887586753679,536.289598269856,537.5035690015695,2532400
2024-08-13,548.8975830078125,550.3218168686759,543.8888444602602,544.8351443628984,2369400
2024-08-14,554.0878295898438,555.4738494638403,547.9703111351711,549.8533425555152,2344400
2024-08-15,554.030517578125,557.595944118773,548.1997473766057,554.0878673120516,2751800
2024-08-16,552.1857299804688,555.9805556646583,548.7637067579899,555.2827324652027,2728900
2024-08-19,553.2372436523438,557.557726829415,551.6026885625861,552.5681244631219,1847900
2024-08-20,555.024658203125,558.0451747634133,550.1019157249219,554.2599172943065,1677500
2024-08-21,552.5584716796875,557.6436950594681,551.9467023238785,555.8466590402397,2844300
2024-08-22,553.1797485351562,557.223108733321,545.4372432051158,553.6863864395046,2282000
2024-08-23,558.7142944335938,559.3834135586934,552.9217379270308,555.3591891370351,2376400
2024-08-26,561.21875,565.9598759998921,559.8900795573551,562.0981321718622,1800000
2024-08-27,561.4288940429688,566.1987230749285,558.016497549955,563.4553289854946,1581900
2024-08-28,562.5664672851562,566.6767458876399,558.1025805720491,563.0157555313058,1657000
2024-08-29,565.4627685546875,566.4568501465482,558.5805081530305,564.6120321398445,1953200
2024-08-30,564.1531372070312,567.0780900820254,560.7024687569584,563.9619519956748,2944700
2024-09-03,572.2589111328125,574.1515106533793,565.7016722143604,566.3707913235276,3175500
2024-09-04,577.5161743164062,581.1102464167072,571.4942191167282,573.5206540938702,2935000
2024-09-05,569.2097778320312,579.255958996805,563.6466195416702,577.5258403968296,2144800
2024-09-06,570.5383911132812,574.1037594253634,566.1222864363808,569.5729552769752,2926400
2024-09-09,567.8809814453125,573.0235543767773,549.8820345267205,571.9147735068286,3411400
2024-09-10,572.593505859375,578.1088232931594,565.0612630645777,568.9420839285741,2863500
2024-09-11,563.7230224609375,565.3002276323316,553.4187398031133,563.1399571179282,3563600
2024-09-12,562.4517211914062,564.4495105873082,557.4716872331029,562.5569109902209,3395800
2024-09-13,568.09130859375,571.3030101210446,561.3141808096423,564.9943065251776,2241900
2024-09-16,565.1369018554688,574.3937003607072,563.8131219990224,570.7581360004227,2548600
2024-09-17,554.4124145507812,562.81545999054,552.9063734434541,562.1344247240304,3416000
2024-09-18,556.9927368164062,560.7050576312785,548.9925057167219,553.3571144254605,2988300
2024-09-19,553.5586547851562,561.0025013071704,551.1701133134551,559.9376811349517,2945700
2024-09-20,551.5729370117188,555.2565107349792,546.4409339736726,548.407399691596,5398700
2024-09-23,550.0477294921875,555.82247745568,548.695202394444,553.0022585140234,2386100
2024-09-24,551.7552490234375,553.7888699640787,542.9396714507021,547.5632990001743,3188500
2024-09-25,552.82958984375,557.4340133208425,549.7312074014762,554.3260289375156,2658800
2024-09-26,551.3906860351562,553.1077355239908,547.6495591473891,551.572947264015,2751900
2024-09-27,558.1438598632812,562.8058950325122,553.0982154355224,554.1437731490131,2986200
2024-09-30,560.8585815429688,562.5276799677054,555.1605905301374,559.7266648934166,3009700
2024-10-01,559.5347290039062,564.7147414509652,557.107838663885,561.1654780000852,2648400
2024-10-02,568.1776733398438,579.8902257270182,560.4460620571664,579.6408094681548,3667000
2024-10-03,568.5997314453125,569.0601561869915,560.56115105581,566.5469068913005,2645800
2024-10-04,567.1129150390625,571.8420463985938,564.4653555813477,568.0050172826981,2462600
2024-10-07,559.7841796875,568.3023890742685,559.5635692471305,564.8010765596796,2591100
2024-10-08,557.8848876953125,565.2040257194529,555.9471691764184,564.100856383793,2231400
2024-10-09,567.132080078125,568.6477230251255,556.9543740461825,558.4412111705723,2207700
2024-10-10,573.3480834960938,574.5471550867463,568.6093502278983,570.9307364338447,2143200
2024-10-11,573.6837768554688,577.0124299012986,571.9091743926418,572.1873379129615,1909700
2024-10-14,580.734375,583.8327572483278,573.0411129548323,574.7006092973608,2447100
2024-10-15,533.625244140625,546.4889178462803,520.8767351802204,529.52925511521,11939400
2024-10-16,548.0621337890625,552.7049066918223,532.5029487385505,534.3159592269217,5103900
2024-10-17,542.9684448242188,546.268233773505,535.9562176617255,537.7404807601907,5588700
2024-10-18,546.4024658203125,547.6878961971021,540.1001391499067,543.7549066475307,3687000
2024-10-21,548.1867065429688,555.6785617897942,545.5296038025289,546.4313079495777,3018000
2024-10-22,546.6423950195312,549.6928264537743,542.4504449642747,544.7142783232589,2593800
2024-10-23,541.6350708007812,550.7480154010877,537.1841027549053,548.8198988073808,2911900
2024-10-24,537.9611206054688,548.4074473635279,537.4814919228959,541.9708093659673,2590200
2024-10-25,541.5582275390625,548.21547466521,540.6469215145387,543.0930155973258,2513700
2024-10-28,542.2105712890625,545.1747020221119,539.8795831429172,543.179430501943,1826500
2024-10-29,539.227294921875,544.551161071087,537.8171562870446,539.8891847814041,2600300
2024-10-30,540.0234985351562,547.0740161121553,538.095382037791,538.3831475116325,2323600
2024-10-31,541.500732421875,545.2898103725973,538.0282257658597,538.0282257658597,2490000
2024-11-01,544.4360961914062,547.0932577716002,540.9252400712684,542.095505928507,2548300
2024-11-04,535.0449829101562,545.4241543090415,532.7906930420345,543.6494931088067,2656600
2024-11-05,543.9277954101562,545.5680882252038,531.8123687890188,535.5342924844989,2608100
2024-11-06,572.3792724609375,580.8303274012551,566.7771837565708,579.2955390554018,6591300
2024-11-07,580.7823486328125,582.883124478526,571.8612673812526,574.2977598652795,5254300
2024-11-08,590.72021484375,594.5476419687054,580.5425092994881,584.1876752019019,3875800
2024-11-11,599.7755737304688,605.0322845336295,588.9071730900256,591.7657994038937,3003200
2024-11-12,589.626708984375,599.0370214063887,588.77301442512,594.3366954402991,2809400
2024-11-13,581.1852416992188,588.0343531796206,578.4897309074198,588.0247512384434,3409400
2024-11-14,568.9834594726562,581.3098916771368,564.9929165380566,578.8925446792239,3079200
2024-11-15,568.1008911132812,574.5279262699136,565.9138150720325,567.8035237136426,3423900
2024-11-18,565.6260986328125,569.9331546050269,561.4724980695369,565.4246335194365,2577100
2024-11-19,553.491455078125,562.9305725516799,553.2708446374179,558.9783786612738,3198300
2024-11-20,576.0339965820312,578.086821212645,557.856059418177,558.968830649979,3928600
2024-11-21,573.1466674804688,579.3914422271882,572.4176225231638,575.5544128084651,2722900
2024-11-22,566.79638671875,576.7630846545985,564.686008835312,574.1730780953073,3197900
2024-11-25,581.1469116210938,584.993543060813,570.7677398025821,573.233038281003,5146200
2024-11-26,582.0677490234375,583.6792943530866,574.4800491111201,583.4586838970605,2693600
2024-11-27,583.5929565429688,592.2934272154505,581.9814113166943,586.1350117885413,2269800
2024-11-29,585.3388671875,590.6915397815934,581.9047093606233,583.9958834310786,2010800
2024-12-02,583.7272338867188,588.9839448216208,576.2929902835142,588.9839448216208,3364900
2024-12-03,580.5712890625,590.6626948046447,580.1780193225952,585.9623105171601,2329900
2024-12-04,585.90478515625,597.4542813070711,582.2404149944798,586.1254541632277,4147600
2024-12-05,555.3811645507812,584.178087104217,550.5081796771568,580.9645986051931,5943700
2024-12-06,527.22705078125,558.3933145332244,521.9703389320716,558.3933145332244,13003600
2024-12-09,539.8413696289062,542.1138853001058,524.4536656261442,531.5408630276669,7684700
2024-12-10,544.2421264648438,546.7072417517659,536.384589854337,541.1703564323952,5360600
2024-12-11,513.7555541992188,537.4148529813656,512.9273841173434,535.0652855011919,10363000
2024-12-12,496.6441650390625,514.2081183288656,495.13234760095565,511.8296932584886,9403800
2024-12-13,501.1891784667969,507.97792791521283,491.7909380642051,496.52859864755936,8202900
2024-12-16,480.0238342285156,502.3639722701756,477.69351502196486,498.80109554738436,8880000
2024-12-17,467.52496337890625,477.23138067876175,458.1844960721937,468.9501201136251,14132700
2024-12-18,481.1985778808594,487.7658111665683,467.9870893276722,470.3270177215538,10147600
2024-12-19,471.1167297363281,484.98301084564815,468.21828117780865,481.603123375475,7418100
2024-12-20,481.5934753417969,484.01045555567634,470.61600423252077,471.15524636515244,10956900
2024-12-23,487.5732421875,489.92280949386776,480.55342718665185,482.20006968665194,4286000
2024-12-24,487.3421325683594,487.3421325683594,482.0363434411746,485.7051288845511,1824400
2024-12-26,492.20501708984375,493.2353368759865,486.0229808270205,486.90886600636674,3387000
2024-12-27,491.0880126953125,494.15978270931504,488.9791792528094,490.5391611832918,3471800
2024-12-30,488.9791259765625,490.8376156908004,482.1037748861297,488.0739633470548,5408600
2024-12-31,487.1110534667969,492.06056128069343,484.6844640176999,490.47172190141004,4214000
2025-01-02,485.81109619140625,493.12938997936783,484.6363125024563,489.17173512550124,4234900
2025-01-03,493.9864196777344,497.15445957353546,486.6488483212017,487.58289789254314,3019500
2025-01-06,494.631591796875,501.0158657040778,490.9243096589105,493.98644077705137,4444800
2025-01-07,495.1900939941406,500.24551060759563,492.2723975812633,499.61957837483317,3914500
2025-01-08,505.07952880859375,505.22393403610863,490.6258409081597,495.4308851819511,4141700
2025-01-10,501.3913879394531,515.6043394992814,499.25363843531943,507.1208716336898,5467500
2025-01-13,521.0833740234375,527.1113647869938,513.3798834676785,515.20942721089,6472500
2025-01-14,523.587158203125,524.3671345290759,516.663641424183,519.6487802661219,3978300
2025-01-15,523.2789306640625,526.0425536870702,514.5258708874359,517.1931649977068,4103900
2025-01-16,491.665771484375,519.8316950698609,491.09764244400503,510.69337780488144,9059900
2025-01-17,490.8665466308594,502.47955910840795,484.16448706411643,486.8799751961679,7495700
2025-01-21,505.5320739746094,505.54171274424414,493.8131520613359,494.9975452666956,5682100
2025-01-22,500.45733642578125,505.0024273300034,496.8752408077329,502.3254356122954,3756100
2025-01-23,510.1348876953125,511.78147149329106,500.07218952986057,508.3052848386923,4580800
2025-01-24,512.7733764648438,514.8147973478195,505.06988369195807,508.5364319305624,3671200
2025-01-27,523.3751831054688,531.4541744044176,519.9663508160264,519.9663508160264,4263000
2025-01-28,522.373779296875,526.2448028756102,517.9057985565764,522.8841638583613,3162700
2025-01-29,518.1560668945312,523.3366695639812,514.217689828302,521.6515308198695,2737600
2025-01-30,525.3493041992188,526.8322053380022,515.1710577439311,519.4753559405915,2924700
2025-01-31,522.3834838867188,528.8062547632228,521.3434958681269,523.1056863604377,4120500
2025-02-03,527.862548828125,533.3801564303395,521.0160840903538,521.9116080255365,4083600
2025-02-04,525.2337646484375,528.4692174229714,521.4397922060308,524.9930305055766,2869900
2025-02-05,519.8027954101562,520.659823076013,502.5662070356889,511.059314765079,4621600
2025-02-06,510.3948974609375,519.1191007599502,505.80172981617335,517.9539850814585,3926800
2025-02-07,507.4964294433594,512.6577547504121,505.9171995474325,509.58598509984944,3349100
2025-02-10,513.6014404296875,514.3621391125266,503.9817141210747,508.11269058099225,3143100
2025-02-11,514.1310424804688,527.2462329815083,508.69048648902475,515.171030362682,2631900
2025-02-12,507.8526916503906,522.2485441176211,506.032727710241,519.8412030665157,3859200
2025-02-13,511.4925537109375,514.5258269027312,507.56375671322706,511.2229620788748,2835100
2025-02-14,504.1069641113281,513.4378223983656,503.52916687006694,509.39347680148785,3705300
2025-02-18,482.17120361328125,496.8752333705166,478.5794398936952,492.0027770376086,8759300
2025-02-19,492.0990905761719,492.8886761939209,479.686824647971,482.74895574852115,4380300
2025-02-20,483.798583984375,489.5858125426951,481.69936001675325,486.46590759141816,4144300
2025-02-21,449.13287353515625,452.29130420821235,422.2476724311488,423.2587440426931,19864900
2025-02-24,444.4143981933594,450.6542366647762,440.06193623034767,449.3831535598879,6919300
2025-02-25,452.94610595703125,453.31202655341684,433.38886668098314,443.6922702902772,9101000
2025-02-26,446.40771484375,455.51708562668824,441.217502548601,447.4284251515861,5108400
2025-02-27,451.19354248046875,457.7800248825658,447.7847389033032,448.89213943263456,4216800
2025-02-28,457.3562927246094,458.70439789105,447.2647374331209,449.691326732714,6146300
2025-03-03,449.739501953125,459.5807146264819,447.96770223526414,456.78820452101087,5700200
2025-03-04,457.019287109375,461.44880097341695,449.17136035798563,452.33942973324366,5864100
2025-03-05,458.3385314941406,461.32361117171365,453.55273585473805,453.61050969453044,3637100
2025-03-06,469.6434326171875,470.0286013740576,454.5060683189033,458.35781466058893,4964000
2025-03-07,475.18994140625,481.3912551670068,465.454637561073,465.89758014784377,5434100
2025-03-10,464.3976135253906,481.4467413693105,461.97030407947284,476.06025579580074,5108900
2025-03-11,470.0258483886719,470.7317772897896,461.4190935777406,466.60247687526225,4101000
2025-03-12,465.2582702636719,471.5344564185333,463.0437429240133,467.2214137194421,3680800
2025-03-13,465.65472412109375,468.1110437033266,459.349557659255,463.65294953057736,2876600
2025-03-14,472.54986572265625,473.32352488554716,462.48285273964933,465.15192520548385,3915900
2025-03-17,482.57818603515625,484.11579487935984,469.938841243905,471.4474397141455,5152300
2025-03-18,487.20068359375,489.2991989788561,481.4177327345897,485.6920851511796,3617600
2025-03-19,486.6204528808594,489.6666599939238,483.5838962170918,488.39982456115075,3317600
2025-03-20,494.45355224609375,497.44176815006324,486.92024029714304,488.60290091282957,4965400
2025-03-21,499.8206787109375,501.8998636052843,488.4481700778051,494.8210376368545,10244900
2025-03-24,499.4822692871094,501.1746099865333,494.27952572923346,498.10907221777006,3840900
2025-03-25,496.5133972167969,501.8998828107865,494.6760047042984,501.2036338483094,3015100
2025-03-26,501.12628173828125,505.71977803736246,495.9525189132406,498.2251261809668,3253800
2025-03-27,498.7279052734375,503.91134756474935,496.04921203499697,499.27913185946744,2822200
2025-03-28,499.0373840332031,503.8146222326559,498.0800122057926,499.84005354497594,2379100
2025-03-31,506.49334716796875,510.7193585360107,501.50338617652153,502.0739136477288,5238700
2025-04-01,505.8841552734375,510.7677552746473,503.78566930136856,508.41782637958977,2962500
2025-04-02,505.96142578125,507.7021069144128,499.77227172539625,505.71966287319555,2378900
2025-04-03,522.6334228515625,530.4278571887576,511.85077279221247,512.5277207867093,6457900
2025-04-04,507.7505187988281,533.5611328383234,507.54747570308166,522.8268818270913,9919000
2025-04-07,507.4120178222656,511.763750292398,486.99754193276584,496.48434586876306,7356700
2025-04-08,534.8570556640625,565.7350142636212,529.4222289692897,562.9885610290323,11762300
2025-04-09,559.4393920898438,569.9802789212483,536.1914911503962,541.6843375628661,12691900
2025-04-10,574.8156127929688,582.0491413599677,560.890043281153,561.1221262689903,8646000
2025-04-11,579.718505859375,586.3815068311443,567.2049124109151,569.5161213212456,6121500
2025-04-14,567.7174072265625,576.0050479417391,560.2033961191361,575.3958006073989,4839300
2025-04-15,564.3617553710938,573.3262849352159,562.8337970830722,572.7267175736165,3871300
2025-04-16,565.7639770507812,575.2120922454072,563.752551757148,566.0347798927083,4192100
2025-04-17,439.14788818359375,473.65231957938204,432.36887498790867,466.07063684565765,29120200
2025-04-21,411.31610107421875,438.5579614087838,410.8132447968408,434.9411973671603,13029900
2025-04-22,413.10516357421875,417.2828342585003,403.37662523381647,410.64887335358304,10156900
2025-04-23,413.8594970703125,424.390705770843,409.78821708840366,412.9988362792285,8345700
2025-04-24,410.271728515625,415.7355653147137,409.6914915298636,413.48234759303637,7629100
2025-04-25,404.8465881347656,409.6044665629202,398.4446802955204,409.6044665629202,9263800
2025-04-28,406.1617431640625,410.1459917322156,401.85835098523114,405.91998022170293,6614300
2025-04-29,395.7466125488281,407.85409027111746,395.6208910948618,407.3125436325536,9909100
2025-04-30,397.8837890625,399.64383039534243,387.78776605900015,395.5531907175539,9192800
2025-05-01,387.47833251953125,398.4156867046951,386.6853429107409,397.7677784846957,9316800
2025-05-02,386.7433776855469,388.7548324902311,380.15772762583055,386.7820385097342,11392900
2025-05-05,391.47222900390625,396.20112637756483,384.49011396641765,385.96970201048,8157200
2025-05-06,381.5116271972656,391.3852181259499,380.457544243186,389.5284656255743,7858600
2025-05-07,378.1752624511719,382.48830507783794,372.9918791347592,382.32392280385983,8517200
2025-05-08,372.8468017578125,378.0398946035448,372.6727395204123,377.15019398114663,7218300
2025-05-09,368.09857177734375,373.813821330793,366.06775731307425,372.96284062835,8381100
2025-05-12,366.2708740234375,374.45212409467786,364.423801519916,368.44674060179455,11004800
2025-05-13,301.1205749511719,330.731694451795,298.91569816864296,324.6779411270291,59478300
2025-05-14,297.8616027832031,312.2996775436098,296.9912326458149,310.85877995823597,40029600
2025-05-15,265.3106689453125,267.53487629484084,240.6798582598081,265.8425356339148,121849200
2025-05-16,282.2920837402344,284.7870643040033,260.27232571627866,270.0878952104499,71094300
2025-05-19,305.48199462890625,305.8688094304866,287.4561356569032,294.7283542676769,62524700
2025-05-20,310.9844970703125,313.943702655314,302.28103108828424,310.34626886892585,41487000
2025-05-21,292.9973449707031,299.74734718581095,290.1832208835153,291.0825719131725,45506900
2025-05-22,286.895263671875,295.59872966499546,282.8626447764148,284.20686091226094,27159600
2025-05-23,285.8315124511719,289.8254411747657,282.0310058956864,286.3440487333716,16873600
2025-05-27,285.2802734375,290.0671915254351,279.60368424391345,289.63200642213985,20144600
2025-05-28,288.28778076171875,293.7709771264531,283.6169338312301,284.3132122662428,16114200
2025-05-29,288.3458251953125,293.3841564081161,285.2802582484813,287.02093954482785,16221100
2025-05-30,291.9626159667969,295.56972984823045,286.0926043877836,288.1524294683198,16309300
2025-06-02,294.6800231933594,303.21907753009026,291.05357897391764,293.13273442398184,19074400
2025-06-03,291.29534912109375,295.64708229197464,290.1252246874169,293.1134112566389,12805700
2025-06-04,290.4830322265625,297.5038379274478,290.3089699807752,293.53891953828514,11255600
2025-06-05,286.0925598144531,292.4557762698312,284.4195498167771,290.4829826182471,13529000
2025-06-06,293.2294006347656,294.3608640434062,287.35939007357655,287.4367707318476,12589000
2025-06-09,293.2004699707031,297.27175023476826,291.2180253666836,294.9895219006205,12170300
2025-06-10,293.7806396484375,295.06680540416954,290.68606245161885,293.79029009707625,11384100
2025-06-11,300.3276062011719,301.3139884179278,292.2720776508007,292.7072332558053,14711400
2025-06-12,308.0059509277344,308.29605461828396,298.3451143754661,301.13987830134175,15957200
2025-06-13,303.1997375488281,306.9615830661931,301.63311841740847,305.49164550124414,13762400
2025-06-16,299.63519287109375,305.09885087932014,296.84005690853286,304.8359040899367,14240100
2025-06-17,300.8136291503906,301.8654757702511,297.5510024478773,299.4306841596557,11593900
2025-06-18,299.1872253417969,303.65749947621657,298.24252494378794,299.52807241319425,12205600
2025-06-20,294.132568359375,301.51484327258163,293.7235103008663,301.427194343239,16177900
2025-06-23,292.8372802734375,294.5805995721258,287.81186629372377,294.02545989331065,12274700
2025-06-24,297.6484375,297.84323274198323,291.5224927150727,293.58722122671986,8781400
2025-06-25,294.142333984375,296.44079303093093,291.98023755281656,296.44079303093093,8722100
2025-06-26,294.7266845703125,298.7100005442105,293.431388359581,294.6780006210415,6532700
2025-06-27,301.0473937988281,302.35246840520324,294.3176551783979,295.0480927444711,15304400
2025-06-30,303.8327941894531,304.2321036031761,298.3496384111671,300.94026040062283,10074100
2025-07-01,317.6331787109375,318.0324583676333,302.96596716234274,303.8327672150355,17865500
2025-07-02,299.5378112792969,314.01022857787615,298.4372806770748,312.37402596950074,18177200
2025-07-03,300.50201416015625,304.10551817771625,300.1903833752458,301.7583751433657,6161100
2025-07-07,295.7882080078125,300.5603934961675,293.34369750501463,299.96631862498765,9031200
2025-07-08,299.6741638183594,300.2584900286108,295.8758651222612,296.2946718683778,9613800
2025-07-09,295.0091247558594,295.6811296875477,290.9576275306009,295.2818202555604,12816700
2025-07-10,291.69781494140625,296.97642707577035,288.86371363583373,295.1552075109834,11355600
2025-07-11,296.1680908203125,296.1875584556225,290.22719267690536,292.194493820114,9808200
2025-07-14,292.7398681640625,296.10964134048334,291.20109285789346,293.7722472083478,10681400
2025-07-15,284.1012268066406,292.8372606275845,283.43897059647327,291.8925602577717,16019000
2025-07-16,284.8608703613281,288.2695786233296,283.166264907695,284.9193029823791,9714000
2025-07-17,280.55621337890625,285.3576159613911,276.42678602940396,284.7050786426184,14792700
2025-07-18,275.2775573730469,280.5561991191431,273.48555415915195,280.3809012411879,14979700
2025-07-21,274.7808532714844,279.0271155276423,273.8653692581701,277.2156448554952,10319200
2025-07-22,277.69287109375,279.62120712174084,274.6445070929045,275.25807936420296,14600300
2025-07-23,284.88037109375,285.0069850147208,277.5175635382558,280.00103912709983,13111100
2025-07-24,271.313720703125,281.6664607234498,270.9631249322917,275.7158435252399,22585200
2025-07-25,273.7290344238281,278.6765480683822,272.63825243902,273.670601797612,16486600
2025-07-28,274.7613830566406,277.5662679939268,272.3947725363979,276.1053928992219,15779400
2025-07-29,254.2604522705078,265.7916229883092,253.75399654026026,258.7696915645359,41706000
2025-07-30,259.1007995605469,259.67540683003745,251.38736644618226,257.89312267743446,22371800
2025-07-31,243.0506591796875,254.5818298110454,241.28787225857226,254.5818298110454,29606900
2025-08-01,231.5681915283203,244.93033062642078,228.48087719118644,244.0732791246028,39989200
2025-08-04,234.69444274902344,235.93132112191168,230.7695596277883,232.0259204957428,17427900
2025-08-05,244.45309448242188,245.49519249646224,233.78870946819526,234.8697576119316,23795900
2025-08-06,239.36923217773438,246.5567417840513,238.91149016503573,244.10246767395478,12946400
2025-08-07,238.2882080078125,242.26179010723808,233.25306022385337,239.99256231007448,11369900
2025-08-08,244.34597778320312,244.5310243471935,237.99603628302046,238.4050795430458,10185700
2025-08-11,245.787353515625,251.66007004429798,245.56335683501533,247.24822856973847,11779500
2025-08-12,254.74742126464844,256.0232498786726,247.05346972616604,247.39434654614095,12171800
2025-08-13,264.7203063964844,265.09039951268255,256.032985730441,257.49386083864647,19480300
2025-08-14,264.40863037109375,266.70708919484196,260.0357539817072,265.002735002078,25011100
2025-08-15,296.0804138183594,302.2063282205861,287.022971032091,293.84038766362346,68198500
2025-08-18,300.44354248046875,308.14722686734973,299.40147423729877,305.01121401712896,39600500
2025-08-19,296.3044128417969,302.40114100878935,291.4056129379895,300.8428683153138,22348600
2025-08-20,292.0191955566406,299.18723831157894,287.98719565577204,298.4080870764875,16679000
2025-08-21,295.4376525878906,298.5736657173911,290.0323967827259,294.4053032087613,13359000
2025-08-22,299.4014892578125,302.5764375343802,296.63553963540966,298.11591206231475,14930000
2025-08-25,296.9082336425781,300.8136491566155,294.8338160185123,300.4435560517388,8917100
2025-08-26,292.59381103515625,300.9013199783567,286.5263285185443,296.37261289640145,16303200
2025-08-27,295.9538269042969,297.9893093462997,292.66198353207716,292.70094852414064,9982800
2025-08-28,294.4053039550781,296.5284353460974,291.5906702690248,296.3141724713059,11235000
2025-08-29,301.7875671386719,301.91418106683005,293.0612817111696,294.41501048718345,12065400
2025-09-02,300.7454833984375,304.7288290991673,299.2846082594135,300.2682736972622,10957100
2025-09-03,299.8494873046875,301.51487658937236,295.7785225103111,300.07346913056483,9654600
2025-09-04,302.2842712402344,303.77436260798476,296.1680755300563,298.11590893739424,7725700
2025-09-05,307.16363525390625,309.6471112168801,300.16117105145327,302.3427351827427,14126700
2025-09-08,311.8968200683594,313.2602974904627,305.61504552729724,311.3708967335557,18438600
2025-09-09,338.8451232910156,342.5362463146478,318.6266023750954,323.8273141699113,46408900
2025-09-10,337.73486328125,339.4781826575679,332.4951861950708,336.5466836084674,17804300
2025-09-11,344.3866882324219,351.5644796571226,336.81936577301684,339.89694627435426,18943500
2025-09-12,343.31536865234375,352.85973995734156,343.2666549867767,346.6169306487971,14016200
2025-09-15,340.9534606933594,344.6972712574788,335.7003177947291,344.2562617205344,11035900
2025-09-16,333.005126953125,342.0805014268064,331.5742462609258,340.57119910514825,12695800
2025-09-17,334.79864501953125,336.1609442520178,330.9568224057415,330.9568224057415,8467700
2025-09-18,328.1440734863281,338.05247711686843,327.45801873428053,336.68039752186525,11255600
2025-09-19,329.97674560546875,334.16159537316497,327.18356573028825,329.7905316198508,13656800
2025-09-22,334.4948425292969,335.6513373618812,325.96832887765663,327.7912281730855,8903700
2025-09-23,340.7574462890625,345.66756197150966,333.1815632179596,334.20083513661683,12504100
2025-09-24,344.7952880859375,347.4316547985749,340.904444380264,343.2174040946968,9016300
2025-09-25,338.66986083984375,343.2075478418933,336.74894974472767,341.94326083680727,8104900
2025-09-26,337.2193908691406,342.99196477482826,334.4948223631065,340.99263187046614,6774700
2025-09-29,338.2974853515625,338.6601031752857,334.641876568426,337.1214299699541,6878900
2025-09-30,338.4150390625,342.35490328142276,335.5042568017067,336.89595653123035,7429700
2025-10-01,341.3552551269531,341.74730347810174,334.8182646079004,337.042992446128,8825500
2025-10-02,346.6672058105469,348.00007452066336,337.77804465223784,340.36542025529764,8564200
2025-10-03,353.0179748535156,360.66243848827344,349.4995296363098,350.1267830161296,13494800
2025-10-06,351.616455078125,355.2916836282274,349.9895503175226,353.83140238856106,7181700
2025-10-07,356.40899658203125,357.4478588776738,350.9206488503359,352.24373721828493,7236200
2025-10-08,362.5441589355469,367.16023762469973,358.5062827073638,359.61375636372594,9438300
2025-10-09,360.358642578125,368.71856196916235,358.7807287668154,365.0923241938757,8759800
2025-10-10,347.431640625,362.03454422093245,345.4813287153903,362.03454422093245,13141900
2025-10-13,351.5086975097656,351.9987280315978,346.27517512568846,347.6668450586018,5659400
2025-10-14,352.7533874511719,355.10552812873306,346.35358961180725,347.872702274778,5974800
2025-10-15,353.94903564453125,356.95783019026874,348.7547241397475,352.2241485667839,6579600
2025-10-16,349.55841064453125,354.7821232214658,347.33365277422445,354.6253098541554,5872100
2025-10-17,349.4897766113281,351.2440942663747,343.83480520778255,344.0014287463771,8608400
2025-10-20,357.2126770019531,358.2809400014152,350.3816500053927,351.3911117321571,5996500
2025-10-21,358.0848693847656,363.6516084782733,354.29203824215006,357.85947450501646,6885300
2025-10-22,354.2822570800781,356.7422198704229,350.8618536088225,356.7030090541339,7833000
2025-10-23,353.2630310058594,355.0565296362527,346.5888173917132,348.4901083853841,5756700
2025-10-24,355.2721252441406,358.1339166267961,352.8513732909411,354.1646514889598,5462100
2025-10-27,358.6827697753906,358.9179748669274,354.1940732179572,356.252207496177,7766400
2025-10-28,360.50567626953125,373.40328410758775,351.47932179202735,373.08965737319994,18858700
2025-10-29,348.176513671875,358.8493634281032,346.8240245772966,357.01665396858556,11874900
2025-10-30,337.8760681152344,347.47087476925253,336.7490038190758,340.5908266262187,11441900
2025-10-31,334.7496643066406,339.37555385884514,330.39819066392744,337.52325394705144,8390800
2025-11-03,327.13458251953125,333.9068078868114,320.08794125774733,332.36810487769543,11181400
2025-11-04,324.23358154296875,329.79054081416064,320.6759850821896,321.09740415229965,9646600
2025-11-05,321.2051696777344,323.62592144694264,317.7553658634617,319.7938795016485,9697100
2025-11-06,315.1484375,325.7428953487219,315.0406451379028,322.3617025788201,7922100
2025-11-07,317.74560546875,318.07882265849594,307.8960032344128,313.2863393626572,9402900
2025-11-10,315.1679992675781,317.78477526476075,310.8459566317771,313.60970588621075,9283800
2025-11-11,320.9210205078125,321.3228192405015,313.5019507714403,316.8537429984404,7157800
2025-11-12,332.29949951171875,336.3275660077218,320.5583572844828,321.90106605587704,10403300
2025-11-13,325.889892578125,332.2700996432553,324.6844366173477,331.6036653013031,7788700
2025-11-14,315.44244384765625,321.6658376676509,314.09976495778756,320.4309810489659,8676500
2025-11-17,314.129150390625,321.34241512007077,313.06088745762,314.2075720220705,6485400
2025-11-18,307.3275451660156,311.1693978203648,302.61345368940135,310.6891774544803,9182100
2025-11-19,302.9270935058594,308.71925841958455,298.45801711003656,307.67058582391365,8181100
2025-11-20,305.3282165527344,308.4742040318584,303.8189142172394,304.61276124553154,7337600
2025-11-21,313.5901184082031,317.3829496811602,305.23019930011,305.6908291650661,8406300
2025-11-24,312.6884765625,319.35290987224755,311.2869963920142,318.0592220645265,10773800
2025-11-25,319.7743225097656,321.4600287348608,314.5015892042089,314.71720383448,6149100
2025-11-26,323.13592529296875,328.50667069521734,319.3921147564304,320.07813955631997,5504200
2025-11-28,323.1947326660156,325.43908092127253,322.3323040363653,325.05687265152045,2464500
2025-12-01,316.7655334472656,323.478957830369,316.58912963096105,320.6367866787963,6154600
2025-12-02,318.0690002441406,322.146057528238,316.36367379314567,316.9223157324214,7978100
2025-12-03,332.9365539550781,334.60266981898377,318.52967346879586,319.4999244045137,9770000
2025-12-04,326.8405456542969,334.4556390535126,322.16566527513515,332.63270997198805,8061600
2025-12-05,324.3119812011719,329.016261922974,321.95984084027083,328.32042700446425,5906000
2025-12-08,319.2998352050781,324.70669087301354,318.52037286650165,324.31203668860735,4782800
2025-12-09,319.28009033203125,322.00322508793437,318.1750466501944,318.8459617269979,4628400
2025-12-10,323.9864196777344,324.341629514822,315.33350563746524,318.44144868860934,5910500
2025-12-11,332.2348327636719,334.7211811769636,324.37122709653676,325.95971994414947,7513200
2025-12-12,337.2765808105469,340.3746776267931,332.86625216530695,332.9945215393808,7979000
2025-12-15,336.5464782714844,340.35493459808333,332.50120535931967,336.4379310634787,6447200
2025-12-16,329.7386169433594,336.43795231748607,326.61092153589937,335.875584402924,6334000
2025-12-17,327.2029113769531,331.04096617925336,326.0682693196749,329.15646010386473,4685600
2025-12-18,323.7594909667969,325.77223619210525,320.23714165723425,324.53892313779187,6354900
2025-12-19,323.0491027832031,330.1332457701224,321.71711865698285,323.6805434123363,10553000
2025-12-22,320.81927490234375,325.3973174895482,317.3561220691985,318.58943517385893,7872400
2025-12-23,320.46405029296875,323.42400160765817,319.4379555165406,319.6747419864576,4463300
2025-12-24,323.20697021484375,324.59815108761563,319.80304392248206,320.85876722532225,2842700
2025-12-26,327.40020751953125,327.4594342482506,321.90458736412984,322.8320412014528,4359300
2025-12-29,324.548828125,329.787940036587,323.89763516121945,326.4728087048146,4346800
2025-12-30,327.7257995605469,331.66252501027776,325.1111820298963,325.3282463216964,4432500
2025-12-31,325.70318603515625,328.8802018879278,325.47627568793376,327.88370534581946,4285200
2026-01-02,331.9092102050781,335.71769665499096,323.1280270938765,326.4826326508298,6863600
2026-01-05,337.4541931152344,342.3085268229226,329.3932753932535,330.97192221503246,7956600
2026-01-06,344.3114013671875,347.90279327098006,340.5127911940015,343.6996829189171,9441900
2026-01-07,337.13848876953125,345.4361929991165,333.52734431693204,344.3213032237757,7461400
2026-01-08,342.2197265625,343.2556975271264,336.2504730653109,336.4576913463828,5059300
2026-01-09,339.3880310058594,344.40020201938364,337.9080553379447,342.6143671222478,4129100
2026-01-12,335.9643859863281,338.0758024907637,329.48208469325857,336.86224159355777,7146400
2026-01-13,329.47216796875,337.27657641470313,328.4065987621919,336.9411188846722,5605900
2026-01-14,330.4884338378906,335.56967774923123,329.639928884428,330.8929641448377,5740900
2026-01-15,334.4350280761719,334.91850727155963,323.6805441940115,330.7252428593728,6943500
2026-01-16,326.6010437011719,331.7119162692861,326.01892350864483,330.38977807791053,8039100
2026-01-20,333.912109375,335.35264073207316,322.14137656345895,323.0293559592084,7596500
2026-01-21,343.1076965332031,343.4332779356386,334.168645798694,334.8987575018528,8933300
2026-01-22,349.7380065917969,350.2116096750548,342.14078564010657,342.54531596139657,7491400
2026-01-23,351.5041198730469,353.09261273920316,348.2777534390037,349.55054102610836,9082200
2026-01-26,346.9457702636719,350.05371308364437,342.6340826093485,349.2249303389971,10399500
2026-01-27,278.92608642578125,295.50180147620006,276.6567723884028,290.04562584533727,65836900
2026-01-28,290.094970703125,291.0027024164021,279.9324825435024,279.9324825435024,23396900
2026-01-29,288.3880920410156,291.65390288872567,285.3590676854078,290.40083744425385,13456400
2026-01-30,283.099609375,289.03926441710115,280.8993981188336,288.200605503728,12022200
2026-02-02,281.77752685546875,286.52331359037186,278.5117159450099,282.201779365365,8664200
2026-02-03,280.3863220214844,284.2441289542904,274.88082567321817,280.899399533992,10809100
2026-02-04,272.2366027832031,280.7020503139632,270.39154116696983,278.2453003524489,12944100
2026-02-05,264.9649963378906,273.1936885205944,262.73518654305985,270.62839103777486,13035300
2026-02-06,272.95684814453125,274.10136630983425,262.85355690624687,263.49487369356603,9572800
2026-02-09,272.01953125,276.43970583527863,269.6712984464802,270.4902050418196,10371600
2026-02-10,269.5726623535156,275.7589504136547,269.01026431799795,273.81524764104677,7284700
2026-02-11,275.18670654296875,275.95629276204994,266.198304439543,268.8030763257778,6333100
2026-02-12,280.57379150390625,282.4878958393087,272.1280658242715,274.4467004687212,12336900
2026-02-13,289.2760314941406,289.5424162609187,280.71191329863694,281.81695692254965,10281900
2026-02-17,285.23077392578125,290.3021716729731,284.4907860910092,290.07523123064414,6091700
2026-02-18,284.3526916503906,286.25691992582074,282.46818554567625,286.1286505407075,6632000
2026-02-19,286.0595703125,287.00677646545466,283.0601744920274,287.00677646545466,4931800
2026-02-20,286.1286315917969,286.9179399107358,281.73802502847053,285.04331007061916,6974100
2026-02-23,278.5708923339844,287.8749991147026,277.90985337545374,284.6979833712643,7247500
2026-02-24,270.29290771484375,278.63008610216724,268.1715851207944,278.4327740747045,9684500
2026-02-25,280.40606689453125,280.93883645242494,273.17390231272435,273.5883087457124,11380600
2026-02-26,282.8332214355469,291.31842132234294,281.42231851936197,283.1489568057956,10210000
2026-02-27,289.3549499511719,290.2034849465505,280.06072010966534,280.899378965855,9723300
2026-03-02,290.9928283691406,291.36776038144785,283.6620222891216,284.31321524046825,8141400
2026-03-03,285.34918212890625,289.8187076809586,280.56392119101315,285.13211781491367,7051100
2026-03-04,288.0624694824219,290.4107024732037,283.83960657712646,285.15186859441445,7796000
2026-03-05,284.9150390625,287.5000885291143,282.91213985723385,286.1779504316799,5397900
2026-03-06,282.6556396484375,287.44087037641276,279.27140562669894,283.5041446062434,6816900
2026-03-09,283.550537109375,283.5803655260448,277.0774975936055,280.39852614134315,10348800
2026-03-10,280.736572265625,285.9468043127463,277.3161057836816,285.74795833009716,6075600
2026-03-11,283.63006591796875,284.59455850401093,279.00647932593364,280.7763694963311,6878800
2026-03-12,275.47662353515625,285.9269470548217,274.7209602020642,283.1627358622739,10512300
2026-03-13,280.4880065917969,281.2735286763525,276.2323139355343,276.48089418495215,4737600
2026-03-16,283.8686828613281,285.767839547621,279.44397276937343,282.36727883683284,4854000
2026-03-17,285.9368896484375,287.3488084380985,283.22238246669014,286.16556405202414,5752000
2026-03-18,282.71527099609375,286.7621646688093,281.4624471949345,283.5803557381978,4544100
2026-03-19,278.8473815917969,285.91698928392157,278.4794876796185,282.3871618979052,5542100
2026-03-20,274.0249328613281,281.4922936115716,273.43828708670907,277.40561834190976,38893000
2026-03-23,268.00927734375,279.15560669620453,267.5618207785692,277.55476453204625,10424200
2026-03-24,270.73370361328125,271.8274627132414,266.0703359894755,267.34306557553816,5911700
2026-03-25,269.0135192871094,274.5121128941823,265.5930528118823,273.43825962603756,8121200
2026-03-26,266.5277404785156,273.08034278207333,265.66268603579573,268.4567257080549,6218800
2026-03-27,257.54901123046875,266.1499120468286,254.516344356629,265.98086412749376,10735300
2026-03-30,260.3033142089844,260.84022572405274,255.21239532653578,258.70244155156036,7774700
2026-03-31,269.0533142089844,270.33599678803927,261.11862175045525,261.506421503485,9170800
2026-04-01,272.424072265625,273.7365528939259,269.22235750517115,272.6527466700565,5473400
2026-04-02,275.6854553222656,277.45534552157113,269.98798496185265,270.74367864614135,6407000
2026-04-06,279.76214599609375,281.6911311912249,275.6755011928929,276.3019282869355,7097000
2026-04-07,305.982421875,310.6557125153819,299.0420501528358,307.0960565749332,22099800
2026-04-08,304.2423400878906,311.1926339297742,303.09884670162427,310.22814137902384,9645000
2026-04-09,305.16705322265625,306.1414986993597,302.41279505356766,304.08324700425817,5742000
2026-04-10,302.6016845703125,308.607391668382,302.4724483346268,306.20115193665987,5212900
2026-04-13,311.22247314453125,311.5406631473035,301.199730811355,301.5278433900291,7972200
2026-04-14,312.40570068359375,317.8048561417646,310.7352487756957,310.7352487756957,5864500
2026-04-15,312.2664794921875,315.9554320324556,309.3829548311358,314.20541746552016,5041200
2026-04-16,314.6031494140625,316.80059026538316,311.33182492038935,313.2111061223722,5205600
2026-04-17,322.78643798828125,323.42278766287063,315.33898324917396,318.2324307180975,9414700
2026-04-20,321.6429748535156,323.5520542213801,318.3020404433487,322.3489342821542,9050600
2026-04-21,344.0450134277344,355.648722319699,343.26944427388656,351.00526031661906,26097300
2026-04-22,351.5123596191406,356.52374610698536,347.11747765911315,348.8873678788304,11807300
2026-04-23,352.54644775390625,354.8234513171886,348.50950696242506,352.66576141761215,7255800
2026-04-24,352.9044189453125,356.24532290478834,349.3944670661433,354.4654798371856,8554600
2026-04-27,352.67572021484375,354.4654858887946,346.96832734783226,351.9001510435625,7256100
2026-04-28,364.6871032714844,367.5308771185002,353.6998683282982,354.8135029963465,10604100
2026-04-29,368.6345520019531,368.7339901692348,362.9371121823581,363.9214802466298,9046600
2026-04-30,368.37603759765625,369.87744160261,360.9385059451532,366.4172241064422,6879900
2026-05-01,366.6856994628906,370.78229715346583,364.9356847817637,369.8476329800702,4945400
2026-05-04,368.6445007324219,368.7240330587824,362.57913672838885,366.4569824541582,4916900
2026-05-05,361.8035583496094,369.6885161814855,359.75525962508635,368.3760355922912,6489000
2026-05-06,365.1942138671875,366.45699060703,356.21549649518977,361.0379593902868,6695500
2026-05-07,367.6402282714844,367.70983802248844,362.64874789161854,364.5578575186544,5235400
2026-05-08,377.8221130371094,377.8221130371094,369.87746743357553,369.87746743357553,6455100
2026-05-11,382.25677490234375,382.6246688242237,373.9343128299113,378.28944374742184,6949600
2026-05-12,394.138916015625,395.1630654325308,379.8405751710962,380.6758011703357,9236300
2026-05-13,398.8818054199219,401.85481542088894,390.7681426338459,394.24826604152645,8454100
2026-05-14,396.82354736328125,399.6175868268494,393.7510992453305,398.72270403378167,5342500
2026-05-15,391.61334228515625,395.3718745508767,388.0337805215488,392.0607685404387,9811200
2026-05-18,388.9087829589844,389.9130568930274,381.32210876906953,387.78519535837574,8400700
2026-05-19,387.02947998046875,392.74682548894975,385.3093241434657,387.78517361871184,5016800
2026-05-20,381.12322998046875,391.14600272737164,378.53801963676773,387.3377362764213,7783900
2026-05-21,380.3078918457031,383.9172514426562,378.3789067550467,378.95559956058275,4732500
2026-05-22,386.2638854980469,388.322137279522,378.846259230469,379.7510949944643,5598600
2026-05-26,374.71978759765625,384.32493184527755,374.27236136603494,383.8078958628703,6498100
2026-05-27,381.8292236328125,382.3462596379654,374.9485088403697,376.2808953624811,4544000
2026-05-28,380.35760498046875,387.0493961299752,378.7965137522062,382.77379769013777,4330800
2026-05-29,378.15020751953125,382.9328889810419,373.317822146985,381.6005025160485,10257900
2026-06-01,377.7027587890625,381.17295969749404,373.7851619834815,373.97405505590115,6623700
2026-06-02,375.7738037109375,377.9215103567756,372.5919643898307,375.83346054308475,3874400
2026-06-03,374.8590087890625,385.25959772485203,374.6700853756592,377.8419717237235,6808400
2026-06-04,394.21844482421875,399.1005645351637,387.606216297745,387.78518679364066,12666100
2026-06-05,397.201416015625,401.7454703246708,394.9443182415365,397.2710257691138,10897300
2026-06-08,404.2610778808594,406.3889089451397,392.74682423133754,394.87468563988523,6963200
2026-06-09,410.6545715332031,410.6545715332031,405.12614922049136,407.66165562372737,8590400
2026-06-10,405.1460266113281,413.61766096102207,402.2525488568183,411.1517339543602,6512900
2026-06-11,403.2468566894531,407.6517216421196,400.82071109845896,406.38891459163034,4938100
2026-06-12,406.20001220703125,407.5622574937536,402.5110897188582,406.6872501409831,7269600
2026-06-15,411.0400085449219,414.1600036621094,399.6499938964844,406.70001220703125,6777900
2026-06-16,407.6499938964844,411.75,406.5400085449219,410.67999267578125,4815100
2026-06-17,399.5299987792969,411.1600036621094,398.5899963378906,409.1199951171875,5838800
2026-06-18,400.9599914550781,406.20001220703125,399.1499938964844,402.7699890136719,11896900
2026-06-22,406.67999267578125,409.4599914550781,402.1400146484375,402.1400146484375,5818600
2026-06-23,409.25,409.8999938964844,402.8399963378906,409.5199890136719,6675900
2026-06-24,405.79998779296875,413.42999267578125,400.0,410.5400085449219,6858800
2026-06-25,415.5299987792969,417.5799865722656,406.6499938964844,406.6499938964844,6014400
2026-06-26,427.8900146484375,427.92999267578125,416.1600036621094,416.1600036621094,10588200
2026-06-29,419.82000732421875,426.70001220703125,415.80999755859375,426.5299987792969,5167400
2026-06-30,415.6300048828125,422.739990234375,413.25,422.7200012207031,5779800
2026-07-01,426.5400085449219,428.0199890136719,413.7300109863281,417.1099853515625,4985900
2026-07-02,425.3599853515625,430.20001220703125,420.5400085449219,428.1300048828125,3928800
2026-07-06,417.989990234375,424.44000244140625,415.04998779296875,423.489990234375,6379000
2026-07-07,428.19000244140625,428.6000061035156,422.1300048828125,423.95001220703125,5800500
2026-07-08,425.6000061035156,430.7699890136719,423.8299865722656,427.1499938964844,3859200
2026-07-09,431.67999267578125,434.29998779296875,423.5199890136719,427.1099853515625,5566000
2026-07-10,424.6199951171875,432.8599853515625,423.6499938964844,431.6700134277344,3798600
2026-07-13,429.0899963378906,431.54998779296875,425.5299987792969,426.4700012207031,3863800
2026-07-14,425.19000244140625,432.1499938964844,421.7900085449219,431.0,5135900
2026-07-15,418.5199890136719,424.1099853515625,414.3699951171875,419.489990234375,6764800
2026-07-16,423.3800048828125,461.6199951171875,420.3699951171875,449.3900146484375,13281900
2026-07-17,426.0899963378906,437.4700012207031,425.1000061035156,426.7200012207031,10718100
2026-07-20,421.54998779296875,431.0199890136719,417.3800048828125,427.25,4818800
2026-07-21,436.3500061035156,437.0,420.5,422.4800109863281,6833600
2026-07-22,431.30999755859375,436.32000732421875,429.70001220703125,434.95001220703125,4234100
2026-07-23,423.55999755859375,430.489990234375,420.3999938964844,428.2699890136719,4868700
2026-07-24,420.739990234375,429.0,418.9200134277344,425.239990234375,3752500
2026-07-27,417.6400146484375,422.8800048828125,412.5400085449219,422.510009765625,4615700
2026-07-28,428.7900085449219,430.4599914550781,415.1099853515625,419.92999267578125,5917300
2026-07-29,420.57000732421875,431.67999267578125,420.3500061035156,428.260009765625,5257900
2026-07-30,421.4700012207031,427.3399963378906,411.2900085449219,415.19000244140625,3647500
2026-07-31,414.3999938964844,422.80999755859375,414.05999755859375,422.0,3920900
2026-08-03,415.3599853515625,419.3399963378906,413.32000732421875,417.42999267578125,3209600
2026-08-04,407.54998779296875,416.0,406.6700134277344,415.55999755859375,5266300
2026-08-05,412.75,416.3599853515625,397.79998779296875,403.19000244140625,5399000
2026-08-06,403.9700012207031,416.9700012207031,402.3999938964844,415.2699890136719,4712400
2026-08-07,407.0799865722656,410.6400146484375,400.6600036621094,401.5899963378906,4095900
2026-08-10,408.739990234375,413.07000732421875,407.989990234375,408.6000061035156,3182200
2026-08-11,402.19000244140625,410.8999938964844,401.32000732421875,409.0,3398900
2026-08-12,405.5899963378906,407.20001220703125,400.5,400.9800109863281,3317200
2026-08-13,399.05999755859375,407.32000732421875,398.5899963378906,405.5899963378906,4170200
2026-08-14,401.7300109863281,403.17999267578125,396.55999755859375,398.0,3476400
2026-08-17,395.6199951171875,398.8999938964844,391.42999267578125,398.57000732421875,5295100
2026-08-18,393.92999267578125,398.7900085449219,393.510009765625,397.42999267578125,3605100
2026-08-19,388.6099853515625,396.79998779296875,386.3299865722656,394.57000732421875,5268500
2026-08-20,384.8500061035156,392.7099914550781,383.8299865722656,388.25,4497200
2026-08-21,390.1099853515625,393.6600036621094,386.0,386.0,4879600
