Date,Close,High,Low,Open,Volume
2021-09-02,388.12109375,388.7531404509265,383.11053723868815,383.95327549135646,3137400.0
2021-09-03,387.3424377441406,388.3866984173814,385.28142342470875,386.4905585344731,1604800.0
2021-09-07,385.8585205078125,386.7928649108646,382.5059337856237,384.99747226993526,1920300.0
2021-09-08,380.4999084472656,387.3516183660886,379.4098586048535,385.81273433714085,2262500.0
2021-09-09,379.73046875,384.9242377046083,379.1625492145883,380.4541216842983,3508500.0
2021-09-10,371.2828369140625,382.39622380201826,370.0694575482638,381.99176401341873,4215800.0
2021-09-13,381.0357666015625,383.14079213607215,373.6176688488056,375.024076918911,3068200.0
2021-09-14,379.2156982421875,383.8577562422824,378.14019659444193,383.8577562422824,2879800.0
2021-09-15,383.79345703125,387.3784443175241,376.42130865535756,379.1973482564593,3180600.0
2021-09-16,383.1683654785156,389.1984575141942,381.44022421479923,385.76977856775454,2262700.0
2021-09-17,386.22015380859375,387.07502317062364,381.4493914235122,381.4493914235122,4534200.0
2021-09-20,379.36285400390625,385.4296955366885,375.70434108391413,383.2419711825673,2799800.0
2021-09-21,379.0318298339844,384.95161916119116,378.9123265380213,381.4861638403469,2382200.0
2021-09-22,375.68585205078125,378.7192718910788,372.22957010723553,372.22957010723553,3629400.0
2021-09-23,375.07000732421875,381.3391056863457,374.5920221668776,376.6970195397612,2681600.0
2021-09-24,374.19671630859375,374.9413116122675,372.49617879178317,374.06803987194564,1950400.0
2021-09-27,372.5329284667969,378.8571775756386,372.2479720144291,374.88613352323796,2608600.0
2021-09-28,366.420166015625,371.365583472031,364.9494056191129,370.07867864474093,3115400.0
2021-09-29,368.06561279296875,369.3892944596906,363.82798560997657,364.931063016386,2056300.0
2021-09-30,359.1766052246094,370.89667952226927,358.9192243229142,369.0582364951854,3779900.0
2021-10-01,360.73016357421875,361.88839188842036,352.1722118252,359.96722190929574,3146600.0
2021-10-04,355.748046875,363.2304979307244,353.6797977722093,359.9856460159987,3074800.0
2021-10-05,361.6493225097656,364.02092978418744,357.7977820261768,357.8897097903447,3269400.0
2021-10-06,362.4031677246094,362.89035412031603,354.6725095946816,359.1858916636426,2809200.0
2021-10-07,372.0090026855469,375.1987028449109,364.66440282956677,364.71038074224606,2813700.0
2021-10-08,375.46527099609375,376.0719606573493,370.1154222603293,373.5808778160328,2012200.0
2021-10-11,372.27557373046875,378.0023348115024,371.5585819527121,375.042439923344,2164200.0
2021-10-12,370.6669616699219,375.39177483036224,369.81209219304594,372.3859018177544,2415700.0
2021-10-13,370.951904296875,372.5697434590326,365.95133602513323,370.7588755953421,3021800.0
2021-10-14,386.4039611816406,398.48254593535984,384.050756234151,391.275852277121,6038800.0
2021-10-15,393.4912109375,395.7157115786865,387.4519180796918,387.9574787565747,3312000.0
2021-10-18,390.3199157714844,393.4268896218384,389.6029239638965,393.4268896218384,2232800.0
2021-10-19,390.099365234375,393.2614905780698,389.1985177408771,392.3514418894837,1616800.0
2021-10-20,399.94415283203125,400.3486126108205,392.36057405836107,392.5076528917771,2764000.0
2021-10-21,406.5533447265625,406.7555746089168,399.9349377153485,400.32102314617686,2465100.0
2021-10-22,412.87762451171875,412.9971278217929,404.8803844547786,405.2296931911738,2736200.0
2021-10-25,413.1808776855469,416.07644795498624,410.3772632322596,413.6496896439161,3553500.0
2021-10-26,417.9149475097656,420.7369366762835,411.4344179979201,414.10015519213755,3103900.0
2021-10-27,416.8486328125,423.24640747102507,416.8486328125,417.9149332643238,3520400.0
2021-10-28,418.65032958984375,420.9116070971684,415.9661899065162,416.40742641748534,1672600.0
2021-10-29,423.2740173339844,424.11971364107495,416.4625811704866,417.7035360760084,2497800.0
2021-11-01,417.42767333984375,428.13662655026394,414.73436100361033,424.51489149681373,2203100.0
2021-11-02,415.5250244140625,419.5695946660266,413.99911288148434,419.4041414769624,2600000.0
2021-11-03,420.3876647949219,420.5623191692103,410.9288933154301,414.0358672760288,2438200.0
2021-11-04,419.8636474609375,421.47228518610456,415.6352226871582,420.6357902027278,2517300.0
2021-11-05,418.9903869628906,424.2391343403775,417.8597343183883,420.84720445928696,2905000.0
2021-11-08,425.2503356933594,426.69352048587126,417.61160565855437,419.94643661656005,2279900.0
2021-11-09,426.8406066894531,426.95090880627635,423.1085687906929,425.250343032131,2657800.0
2021-11-10,422.7500305175781,428.35728818368517,419.74418582597525,427.7965764432837,2818200.0
2021-11-11,420.4427795410156,423.62327841062773,418.6502862066491,422.84193444302133,2246800.0
2021-11-12,421.9136047363281,423.7612495299259,420.1578877331563,423.4579186791854,2609500.0
2021-11-15,414.3851318359375,421.1965680106833,414.10937654644175,421.00353930803624,2849600.0
2021-11-16,413.30047607421875,421.3252919987022,413.07067063820466,416.39824886330115,3383800.0
2021-11-17,412.6844787597656,417.28975912141095,412.48224891986416,414.0081598841365,2281500.0
2021-11-18,413.1625061035156,416.23270267634956,410.99312868502267,412.4822911416802,2073800.0
2021-11-19,404.45751953125,413.14417520578615,403.99790871360085,411.930795914612,3536100.0
2021-11-22,402.1961975097656,407.9045553765277,402.05831989026217,407.04968608319143,2598700.0
2021-11-23,411.01165771484375,411.3701396381246,400.7807143487012,400.7899155436958,2857000.0
2021-11-24,413.7968444824219,414.55061301017605,409.6419724908255,410.5611941922564,2248800.0
2021-11-26,404.374755859375,411.97670798713773,402.81206800173715,408.98006480657455,2480600.0
2021-11-29,415.4882507324219,416.4809979265041,404.96314997409377,407.7300165497731,4079700.0
2021-11-30,408.3367004394531,414.8907562225432,405.60661062938055,410.94728692967783,7435400.0
2021-12-01,408.44696044921875,419.0915632787601,408.26313294353434,416.3063226932434,4325500.0
2021-12-02,409.99127197265625,411.7102401971847,403.7405753372812,407.35311005696923,4738700.0
2021-12-03,414.371826171875,419.0935872600012,410.5446194562668,412.9423685303912,3038300.0
2021-12-06,424.3225402832031,425.8626597383848,416.40067554833513,416.9816785275719,4721500.0
2021-12-07,428.58319091796875,429.52384492318987,424.43320207813116,426.7571856966315,3105200.0
2021-12-08,432.3919372558594,433.6000710173507,426.5174019679614,429.8373986873762,3228300.0
2021-12-09,436.5050048828125,437.57478303788275,431.00855558842653,432.08756494590824,2977400.0
2021-12-10,441.0331115722656,441.2636664838356,434.374684600368,435.28767304413395,2572300.0
2021-12-13,440.9501953125,442.9052968148763,437.14142297819376,439.9172854800777,2724800.0
2021-12-14,442.16741943359375,445.46898149582205,440.06475978623945,442.434871008714,3018000.0
2021-12-15,455.927001953125,456.86765596104505,442.79460179276793,443.21881499509504,4188600.0
2021-12-16,454.5252685546875,458.3063756249785,451.98916392928606,455.5858439131706,4080800.0
2021-12-17,449.231689453125,454.7742392718652,448.5492558299946,453.1972513468872,5707200.0
2021-12-20,446.10540771484375,447.28584796941556,438.2942046426949,444.50995727993393,3145600.0
2021-12-21,449.31475830078125,450.9655398340497,444.69445565016196,449.1395342648742,2536000.0
2021-12-22,455.6964111328125,456.9137478546701,448.1065330987053,449.2593076889695,1687500.0
2021-12-23,456.8492431640625,459.4037818454696,454.47913155393974,456.4987951415336,1706500.0
2021-12-27,460.6488342285156,461.38659888162493,458.01129885692825,459.8926071655322,1349400.0
2021-12-28,463.82122802734375,466.0161156523061,461.4787818572504,462.9543391646458,1495500.0
2021-12-29,466.2558288574219,467.7682826917396,462.9542946771096,465.518064346577,1573900.0
2021-12-30,465.1953125,469.6219842887566,464.4759822041152,468.4230816996727,1309800.0
2021-12-31,463.08349609375,467.44557803907645,462.9912684785516,464.92793582205155,1695400.0
2022-01-03,463.21258544921875,463.78435725358344,454.7004860960841,461.1099253155366,3033600.0
2022-01-04,452.7176208496094,464.5681489885714,452.69918658840515,464.0609394383068,3908100.0
2022-01-05,451.6017761230469,458.3432000125638,451.6017761230469,456.286639908868,3921100.0
2022-01-06,433.12054443359375,446.48352912112955,427.09844997347295,442.6655254550004,6555200.0
2022-01-07,422.9300231933594,431.5712185694869,420.1172358020557,431.3129981406904,5494200.0
2022-01-10,428.83221435546875,429.62530988799307,419.09357535194164,420.5322360131048,5831800.0
2022-01-11,432.52105712890625,433.8582870065928,424.8389790945653,430.8610728580449,3332800.0
2022-01-12,436.8739318847656,438.3494890824378,430.067945770236,432.49338816462443,3502300.0
2022-01-13,431.0731506347656,439.48378985462966,429.73594894674983,438.8751496150104,3005300.0
2022-01-14,432.23516845703125,436.36672298833787,428.90594058956543,433.34184339303334,3665400.0
2022-01-18,425.1340637207031,429.48694196585546,422.6994182718078,428.9889635759824,3938800.0
2022-01-19,426.5450439453125,438.5062345361305,425.61362118959397,431.59881801455606,4030900.0
2022-01-20,426.9877624511719,434.94652373595545,426.0655426618605,428.2604302634479,3228600.0
2022-01-21,425.3001403808594,434.1718908300983,425.2079127671253,427.4489002468895,4273200.0
2022-01-24,426.31451416015625,428.03908873540206,413.27434151593695,422.4412080923297,4780700.0
2022-01-25,421.3069152832031,423.7507922707631,412.48126451417073,418.7523764160429,3428900.0
2022-01-26,422.7731628417969,427.7992713754996,418.1805268290986,422.79162524757396,4435900.0
2022-01-27,425.6966247558594,432.22592793453913,421.4636396543739,422.450393356998,3508100.0
2022-01-28,429.80975341796875,430.0126428976868,419.68376998390033,425.51220581587864,3364400.0
2022-01-31,435.8133850097656,436.3759255365673,428.27883742457936,428.83217489193214,3500500.0
2022-02-01,431.9768981933594,438.05432214863663,426.75713173532966,438.05432214863663,3148600.0
2022-02-02,442.46258544921875,444.4914801334898,432.5763887169681,432.5763887169681,3026800.0
2022-02-03,450.7532958984375,461.27582566195207,445.9577705228667,459.86483069910594,4370900.0
2022-02-04,445.58892822265625,451.54645991709015,442.8407032405852,444.279363796592,3066400.0
2022-02-07,446.07769775390625,449.3607977639747,443.86434787141764,447.1935757546538,2937200.0
2022-02-08,455.032470703125,457.1166964379761,443.9105022691032,443.9105022691032,3534700.0
2022-02-09,459.357666015625,461.96753554134693,457.68845050905696,458.3432186554118,2818100.0
2022-02-10,448.86285400390625,455.7795029942624,447.34119685481124,453.9534975289983,2626100.0
2022-02-11,440.9410095214844,452.28430314277233,439.3824556240144,446.9815386668847,2493800.0
2022-02-14,437.5010070800781,440.5812174094859,432.8253465851645,438.1557751673701,2549500.0
2022-02-15,441.0331115722656,443.7444395838415,438.2387871697938,438.92122070198974,3001000.0
2022-02-16,442.7115783691406,444.2609289337523,434.73438318494334,438.5154897771037,2651800.0
2022-02-17,433.7568054199219,442.01068289923,432.41960375637734,440.9778013499259,2403100.0
2022-02-18,431.42364501953125,437.9806424723853,430.519859478206,433.6738635967779,2992300.0
2022-02-22,426.5358581542969,430.851839754634,422.2106453505682,427.75316681373437,3029800.0
2022-02-23,423.8706359863281,431.34062157238805,423.1513057087913,430.8518462318042,2840300.0
2022-02-24,420.4308166503906,421.07635365247666,411.07026275294123,414.55625262473694,3933000.0
2022-02-25,438.7460632324219,438.773728700248,420.74434313974996,421.1316596893158,3314400.0
2022-02-28,438.85675048828125,440.184749308579,429.3947659296385,429.61611782896546,3918300.0
2022-03-01,439.2071533203125,439.8619214586151,431.3498512289421,434.2640689988462,2917600.0
2022-03-02,447.6270751953125,449.27785660673766,440.71965752641984,440.99631222379105,3675900.0
2022-03-03,448.742919921875,453.1603605537748,444.7128239813713,448.1988136282791,3139400.0
2022-03-04,459.8648376464844,460.79628852901845,440.35066584706595,443.30178007962456,4170100.0
2022-03-07,449.0010681152344,461.1098163968409,445.45051690019676,461.1098163968409,4123300.0
2022-03-08,436.6341247558594,446.806206769073,434.8450163130861,441.55877450298715,3849500.0
2022-03-09,447.80224609375,449.7850129067972,436.7540434721175,445.04478993213513,3115500.0
2022-03-10,453.2156982421875,455.30912704473207,440.6642721991778,442.0476018914821,2834800.0
2022-03-11,446.6300048828125,456.73968809261424,446.29703687703056,451.217742845828,2615000.0
2022-03-14,451.30108642578125,458.39542878715145,448.85920774437665,453.5949416665181,2704100.0
2022-03-15,460.541259765625,462.41890469797005,450.7367968535899,453.224911380364,3043000.0
2022-03-16,460.86505126953125,467.5616723211096,453.2342227895131,462.31719960032893,3497100.0
2022-03-17,468.9675598144531,469.06006034569157,458.0161687231585,458.7746335612351,2357200.0
2022-03-18,468.1351318359375,472.3528965535112,463.9173671183638,470.5584934328451,5065600.0
2022-03-21,469.5594787597656,474.49870162331797,466.5071309942926,467.1083702545189,2617700.0
2022-03-22,467.39508056640625,473.434994405776,466.95109503174353,471.0486109693559,2752500.0
2022-03-23,465.4620666503906,469.00460868137145,463.7046410772967,464.5740953417111,2753200.0
2022-03-24,474.9242858886719,477.07017412643177,466.0447425130031,467.0991978155439,2789200.0
2022-03-25,474.5265197753906,477.76384064233895,471.020927620082,475.59943556564514,2551100.0
2022-03-28,474.6837463378906,478.3280469516495,470.6232074637063,475.7196845012986,2643000.0
2022-03-29,472.3990478515625,480.59410780593794,469.22645243755403,478.29093817908074,3478400.0
2022-03-30,481.7318115234375,482.083296562435,474.0177141601655,476.4503338727259,3041200.0
2022-03-31,471.6961364746094,482.72153849262816,471.4186631279533,478.2909976491759,3979700.0
2022-04-01,474.11956787109375,476.14520816208,468.57910492475617,472.3528839083802,2344100.0
2022-04-04,471.7424011230469,474.01776738468106,466.66444098208325,473.76806958480245,2657500.0
2022-04-05,478.9014892578125,485.348355154854,469.8739801343396,471.7238776939236,3268600.0
2022-04-06,491.8415222167969,493.47869965093594,479.12347627325016,479.32693791023763,3955600.0
2022-04-07,496.6512451171875,497.88144276814376,488.73368603528826,490.2228399812717,2867000.0
2022-04-08,504.9850769042969,507.76912542426317,497.7149362908376,498.54741280864,3986700.0
2022-04-11,497.10443115234375,506.5111436159056,496.3644834838672,502.8020902994404,3574000.0
2022-04-12,493.65447998046875,500.14758263584883,490.9443865755083,495.22684789037305,3575700.0
2022-04-13,496.697509765625,497.8814713376638,488.94643424026793,493.29370492760586,3012000.0
2022-04-14,494.6811828613281,511.7649621323177,493.9874711787712,498.0849880758794,4211300.0
2022-04-18,493.9966735839844,500.3973035073843,490.5743517145891,497.5299847936286,2087100.0
2022-04-19,497.344970703125,501.76619651885187,495.0695763788848,495.67081566813323,2207600.0
2022-04-20,505.03131103515625,507.20491816660075,498.5474108154103,501.45176364082954,2986300.0
2022-04-21,497.10443115234375,506.871887157644,495.8002783264128,504.559515409662,2539900.0
2022-04-22,481.8428649902344,493.3214555887465,481.1398948186732,492.12829187400627,3453300.0
2022-04-25,484.92291259765625,486.76355162820164,473.3240470492505,481.3433653528163,3030400.0
2022-04-26,475.22027587890625,486.76362015688284,474.9705216089535,484.8952053019202,2895300.0
2022-04-27,475.2479248046875,481.80583641769925,471.55738824859134,476.26534586896526,3353700.0
2022-04-28,485.0616149902344,486.78206259654365,474.65594139565087,477.9765322982106,2582700.0
2022-04-29,470.38275146484375,480.880955344912,468.9120861021686,479.90971383709206,2873200.0
2022-05-02,463.5381774902344,474.97056160578774,456.31432818642395,472.4731880591621,3184300.0
2022-05-03,462.12286376953125,467.5800554398258,460.14348823484687,463.5195453355821,2763400.0
2022-05-04,469.52252197265625,471.5111563176649,456.08301656164474,462.01194196694274,4002600.0
2022-05-05,457.5906982421875,472.34364375637307,452.5127380657407,469.1433003975147,3359700.0
2022-05-06,462.12286376953125,463.92652502069365,448.60011832723455,448.6093768469125,3260300.0
2022-05-09,449.91357421875,457.5073953977553,448.07290704929824,453.5948521032632,3862700.0
2022-05-10,451.3843078613281,459.0983780631929,445.011396586961,456.74900002571775,4275500.0
2022-05-11,449.6638488769531,462.95535848070193,448.0359582000917,448.0359582000917,3936300.0
2022-05-12,442.865478515625,450.3483392213371,436.0393800151677,449.6176217585172,3997600.0
2022-05-13,448.9701843261719,450.450108191543,440.09992788272353,444.881926050844,2453400.0
2022-05-16,452.5034484863281,458.36762043172644,447.8139513432525,448.97939585216284,2338800.0
2022-05-17,455.5650329589844,457.59067309638147,451.8004845550366,456.92470882891945,2289000.0
2022-05-18,436.00238037109375,452.49420545269663,433.20901686234765,451.61552100783246,3240500.0
2022-05-19,442.6342468261719,445.4368406236217,428.55652464695015,429.47224317387787,3813800.0
2022-05-20,449.275390625,450.88479250372086,436.8625653134756,445.2518577010005,3068200.0
2022-05-23,455.1488342285156,458.53415052980466,449.7934005159779,449.7934005159779,2279800.0
2022-05-24,460.2175598144531,460.6985230674811,451.9855204754763,453.9556660948403,2658100.0
2022-05-25,460.707763671875,464.6110489002012,454.39037552364397,461.10548489798066,3161600.0
2022-05-26,464.5370788574219,469.1895705215542,461.92871628232126,464.0838347188552,2705800.0
2022-05-27,469.0508117675781,469.0508117675781,452.6607447547262,454.1498988985965,3349100.0
2022-05-31,459.4960632324219,466.2759255090408,458.4601250939063,465.82270963023956,4003100.0
2022-06-01,455.5835266113281,463.7508404384076,451.1715309345374,460.9204993284365,1765900.0
2022-06-02,455.31524658203125,458.91328227171834,446.7224654349415,456.92464825370473,2093500.0
2022-06-03,449.1642761230469,454.7694906083884,448.50757052062227,451.6801374442807,1756900.0
2022-06-06,453.3914489746094,456.5825339982705,449.79341240042976,452.69773729357007,1781500.0
2022-06-07,459.7920837402344,460.26378846412234,450.561083959883,452.7624667620236,2341900.0
2022-06-08,456.4899597167969,460.53198127565173,451.8837047370368,456.92468676244005,3268100.0
2022-06-09,452.69769287109375,459.20008192754557,451.0142792491008,455.88877758161897,3148800.0
2022-06-10,448.25799560546875,453.372961958218,444.83567334120727,448.41522111322956,2599900.0
2022-06-13,434.4484558105469,445.21484499488895,432.19157851590535,439.4709209409415,3764600.0
2022-06-14,427.0951232910156,433.96748634009873,423.0901072673443,432.41357907644783,3814200.0
2022-06-15,429.4814758300781,433.81948808091585,422.239138944599,429.3612561935799,2550700.0
2022-06-16,423.36431884765625,424.9609053789702,418.34249742258066,420.8673312784293,3135600.0
2022-06-17,419.6235046386719,428.3490242682065,417.4328544385505,418.4075028478167,5277400.0
2022-06-21,445.85577392578125,450.31134987438793,424.30186932687076,424.9609170135329,5726800.0
2022-06-22,454.5442199707031,460.33650351857415,440.4905678304027,441.58589305995366,5061000.0
2022-06-23,463.9472961425781,467.4467783816769,456.6605489302,459.43602771224704,4687700.0
2022-06-24,460.0765686035156,463.9009434726903,451.6480660974786,463.60389749717723,15861100.0
2022-06-27,469.37750244140625,475.16049294049117,457.2360126873061,457.46807449713975,3907100.0
2022-06-28,471.95806884765625,481.3983282124653,468.83914312725165,475.33690268410624,4978200.0
2022-06-29,478.70648193359375,481.48193256501344,469.7024709186846,472.3386901071649,3823400.0
2022-06-30,476.77569580078125,479.27268346410887,473.14624522572944,476.70142014841764,3568900.0
2022-07-01,480.2751770019531,480.39585368374225,466.26790027794857,475.55966484139486,2426600.0
2022-07-05,468.9877014160156,474.33441543772466,456.92977690649695,471.2155178103025,3029600.0
2022-07-06,478.3165283203125,480.28440805356695,468.1150996115604,469.3589759155738,2506700.0
2022-07-07,477.4718933105469,480.18235980479636,475.47613877518114,478.2794640011477,2385400.0
2022-07-08,481.4169006347656,490.4580202512545,474.34366075733635,475.5503709134436,3092100.0
2022-07-11,479.8575134277344,484.05315322561773,475.0863081081888,477.91745139817635,1743600.0
2022-07-12,477.5089416503906,481.8902981971416,473.9816133785769,476.4229082151861,2706500.0
2022-07-13,465.274658203125,475.13263979784534,465.22825717020464,471.6146029978582,3467700.0
2022-07-14,466.3793640136719,469.5911206177846,456.95765797065764,459.4824921921817,3765500.0
2022-07-15,491.739013671875,493.8182785864313,478.4650884376432,488.31377882339194,5742500.0
2022-07-18,482.1038513183594,493.97611525972997,481.5283424583852,492.8993731959567,3212000.0
2022-07-19,495.1734924316406,495.5355224459756,483.2362467414454,483.70037035293717,2953500.0
2022-07-20,482.1966247558594,495.7304870118227,478.7249887242433,495.17356126290326,4327500.0
2022-07-21,484.9721374511719,484.9813723339906,474.46437050804565,482.12241124935537,2667600.0
2022-07-22,483.9973449707031,489.7431973734387,481.2033685048157,488.2580245238641,1850300.0
2022-07-25,491.4790954589844,494.6537421767954,486.6057968888443,488.34167155042496,2337200.0
2022-07-26,493.447021484375,499.0629064815345,492.92720524748813,495.49841181736684,2637800.0
2022-07-27,496.250244140625,499.2670476752549,490.15165296577965,495.2570127936148,2268100.0
2022-07-28,502.63671875,505.28225806075227,493.5863058223459,498.92372883096243,2344500.0
2022-07-29,503.4256896972656,504.82729559652245,498.18106953904555,501.26285752118207,2945700.0
2022-08-01,496.9650573730469,504.6416808803508,492.8993295572358,503.3606950394393,2335000.0
2022-08-02,497.039306640625,501.74552712709345,493.56761423871654,498.9793117196293,2114200.0
2022-08-03,501.85687255859375,504.61373955453314,497.25274603937845,498.7101009455961,1802900.0
2022-08-04,495.4520568847656,501.6527428073717,494.5331010104482,500.5945271587588,2368000.0
2022-08-05,496.66802978515625,497.0764608894643,489.70617459062595,491.97110041347537,2373400.0
2022-08-08,498.0974426269531,502.46021595373423,495.1456232243348,501.1699387023335,1656400.0
2022-08-09,498.710205078125,506.58172486697674,497.89334283712435,501.2535938784441,2147200.0
2022-08-10,499.13720703125,503.0915503552659,495.5077843182037,501.494991886718,2291400.0
2022-08-11,494.6258850097656,499.9818905189524,491.6647736031306,499.619860443598,3006200.0
2022-08-12,504.6881103515625,505.3378948467946,496.10182211183684,497.1785641409488,1981000.0
2022-08-15,505.5606994628906,507.94630218305707,499.91693916248033,502.80377510432754,1447300.0
2022-08-16,506.93438720703125,508.1596803843448,503.4720430699809,506.08970713209857,1773000.0
2022-08-17,505.8947448730469,508.48453427184404,502.71086364436655,506.1175151453242,1471700.0
2022-08-18,506.0989685058594,508.8001998909778,502.94296166186376,505.9040728314434,1486400.0
2022-08-19,508.9765319824219,513.4413989278466,505.727666651697,506.3588679744091,2258000.0
2022-08-22,505.49566650390625,510.0905022204205,502.506680574064,502.54384672774927,1672900.0
2022-08-23,497.3548278808594,504.307390196494,494.95069941104583,504.307390196494,2039600.0
2022-08-24,497.967529296875,501.1235358847808,496.6308510197282,498.17171649268886,1761200.0
2022-08-25,502.7108459472656,503.1285685209381,493.1313279865634,496.6215465446154,1965800.0
2022-08-26,491.27484130859375,504.2146098248777,490.31871947701046,503.3513467087462,1906700.0
2022-08-29,491.7576904296875,494.6631096030251,485.3527600926138,488.25817926595136,1594000.0
2022-08-30,485.32489013671875,492.9829311013879,484.35018505299945,492.3516730193837,2013400.0
2022-08-31,482.06671142578125,489.2791547987179,481.90886858439495,483.44979091031917,2891300.0
2022-09-01,486.4015808105469,486.64293417128385,478.1309223707005,482.0666818222678,2085300.0
2022-09-02,479.30047607421875,491.776122192522,476.9427483018054,491.61833601335167,1944200.0
2022-09-06,480.53509521484375,489.6040902158548,479.82961814357213,482.6236518126077,2711900.0
2022-09-07,484.24810791015625,485.9375250154875,477.7503759615251,479.9039167774729,2504400.0
2022-09-08,489.6597595214844,490.5694237776699,481.5839963961142,483.57045928540026,1557500.0
2022-09-09,488.244384765625,491.4941235754568,486.60553432280744,491.4941235754568,2495500.0
2022-09-12,494.6786804199219,498.1891713128651,486.5310315659467,488.85893123851105,2792000.0
2022-09-13,478.5790100097656,489.10110655401616,476.72598230205944,487.92783587058636,3172500.0
2022-09-14,474.6773986816406,479.9012207910567,471.2600575698783,478.61621551012826,2648100.0
2022-09-15,486.9128723144531,491.633860545076,478.7466373969346,480.7579180799196,3058100.0
2022-09-16,485.1529235839844,486.8289999484971,481.48415149899614,482.8250239573037,3981700.0
2022-09-19,487.5088195800781,487.9278529579056,477.65713060506783,482.8903022308616,2130800.0
2022-09-20,486.8104553222656,488.5517200424342,479.3704957300002,488.1513280470825,2421700.0
2022-09-21,476.82843017578125,491.6618022012547,476.77256284894975,488.8869635794632,2427700.0
2022-09-22,481.83807373046875,485.10639758809646,471.2693736376004,475.85069333783576,2285600.0
2022-09-23,478.2530517578125,479.2307583457248,471.5207834570663,478.2065051266726,2536900.0
2022-09-26,473.3644714355469,477.2846753918836,464.648827706187,472.4612735395221,2867400.0
2022-09-27,473.373779296875,481.21413016352477,468.9135151791013,475.23609919711913,2583400.0
2022-09-28,478.5603332519531,480.72995178660983,466.3248782198092,471.6138881808557,3027300.0
2022-09-29,473.80206298828125,479.33318329261783,467.87989986962316,479.33318329261783,2392000.0
2022-09-30,470.27301025390625,480.9906415254049,470.08676690467314,475.91583705137515,3116000.0
2022-10-03,480.0221862792969,482.16384240213046,470.60814614643954,472.17248775355665,2562400.0
2022-10-04,487.15496826171875,488.47725640076845,481.2514456039497,482.66677017743706,3189800.0
2022-10-05,490.7864074707031,492.90942228233484,484.3241561213098,485.13426060866084,2281800.0
2022-10-06,483.39306640625,492.19253924613054,481.16758049944934,491.9597492600675,2187300.0
2022-10-07,470.0960693359375,478.77445778822073,466.5669654473024,478.77445778822073,3273700.0
2022-10-10,464.5184631347656,471.45561648914133,460.9428121511274,470.7945008470052,2459100.0
2022-10-11,465.4031066894531,471.9398400718335,461.0918310707703,462.75861553261905,2844500.0
2022-10-12,465.5426940917969,473.262017593693,463.9131642722416,467.56332357141315,2254300.0
2022-10-13,474.8077697753906,478.1226684811995,454.16394134309263,459.4808850757791,3999700.0
2022-10-14,477.8061828613281,493.43101966169627,476.68877938351056,484.203248150794,5628900.0
2022-10-17,485.9537353515625,488.21644709875426,479.8081027172261,482.098719708129,3282300.0
2022-10-18,486.2610778808594,495.3771137049581,482.648172580091,495.3771137049581,2345500.0
2022-10-19,484.50115966796875,487.7602195445213,479.1748951163003,485.823390904506,2500500.0
2022-10-20,485.0226135253906,492.97469927151855,483.99836028375285,487.0432147627643,2390800.0
2022-10-21,496.98797607421875,499.5952693703095,482.3501691126712,482.39671574292447,2896000.0
2022-10-24,504.31622314453125,508.86028840000756,500.7778265822492,501.0292579639215,2627100.0
2022-10-25,503.03131103515625,506.47661497111875,497.1464288762811,500.76859868131066,2411900.0
2022-10-26,505.77813720703125,509.9404517622856,503.0219401116885,504.1113813464424,2863500.0
2022-10-27,504.5022888183594,508.8973919355785,502.6027435855762,508.8973919355785,2212100.0
2022-10-28,513.2926025390625,514.9314531469578,506.26235627238043,507.45421145680865,2761900.0
2022-10-31,516.9334106445312,519.6802867202762,512.2589700362828,516.7937139343976,2770400.0
2022-11-01,509.63323974609375,517.4363660484936,506.7559299869451,516.7938632964605,3338900.0
2022-11-02,506.0202331542969,516.4026890910751,505.6850292200553,506.9327516975628,2696200.0
2022-11-03,506.18792724609375,510.1546783570309,501.08518809564987,504.4466624094714,2245300.0
2022-11-04,501.1223449707031,510.05219408669666,490.85168005852114,509.3910500481641,3513100.0
2022-11-07,507.5008239746094,509.2979558929311,498.60820081291416,501.1223440933543,2540300.0
2022-11-08,514.9779663085938,516.6074961177101,504.6886608805859,509.3910069630522,2797000.0
2022-11-09,503.4407653808594,516.4304542267595,502.30477785629506,515.6576326158416,2672600.0
2022-11-10,506.70928955078125,513.7209511917101,497.19286222688515,511.1416199665382,3426400.0
2022-11-11,486.14007568359375,508.6741612275067,474.5657341685676,508.6741612275067,7034300.0
2022-11-14,478.3834228515625,492.5649706600356,478.06680346279245,486.0654924156022,5238400.0
2022-11-15,468.3827819824219,481.07449682209347,466.2969643423574,477.5081382511833,5103800.0
2022-11-16,476.3069152832031,478.7372574676165,470.6734090956415,471.0645087680657,3430800.0
2022-11-17,479.8360595703125,490.70268090774454,476.9028828231989,476.9028828231989,4246300.0
2022-11-18,493.51483154296875,496.30831172151386,483.70042497574013,486.1772857273103,3566000.0
2022-11-21,481.5865783691406,495.3305072273319,479.90118126752435,492.5928949195337,3349600.0
2022-11-22,487.0804443359375,488.54231532716443,484.1193059180499,484.1472679943925,2567400.0
2022-11-23,493.2447509765625,493.92447954425216,486.9966473355841,488.85896721067235,2238300.0
2022-11-25,500.6101989746094,503.61782737353565,495.86130604646354,497.23940456152707,1419200.0
2022-11-28,495.62860107421875,502.43537908326846,495.0885123066952,498.9435287332053,2699900.0
2022-11-29,491.6524353027344,496.2802728019288,487.6019124043753,495.06977627867707,3751000.0
2022-11-30,510.0521240234375,510.3501019928235,491.168175152189,493.25396410440476,9688900.0
2022-12-01,499.94903564453125,514.9314234045753,498.915461798169,514.3354674300369,2997800.0
2022-12-02,500.7896728515625,503.07805854444746,497.3151074144794,497.679392922502,2346200.0
2022-12-05,499.7435607910156,504.73130777267244,495.8580197521798,496.4277645640425,2424800.0
2022-12-06,503.7412414550781,504.927478209984,498.99635144414157,499.1644700615107,3097700.0
2022-12-07,507.09442138671875,509.89651259780646,504.0308313071159,505.1610286187169,2849100.0
2022-12-08,511.7738037109375,514.9214808780488,507.90696206628223,508.9156736212297,2272300.0
2022-12-09,503.629150390625,512.306271375671,503.320904428441,511.78321668674215,2852400.0
2022-12-12,509.84979248046875,510.0553088017092,503.70391383202315,506.1043216606361,2714100.0
2022-12-13,502.71392822265625,514.6415173711008,499.79975727625344,514.239891049308,3369700.0
2022-12-14,502.8446044921875,507.62683569390435,496.5025584475865,506.1790999410064,2654600.0
2022-12-15,492.869140625,498.8376083934789,490.80491297653066,498.7628700011691,2963800.0
2022-12-16,489.1516418457031,491.12243194486234,481.698041859745,490.50599707815104,7109100.0
2022-12-19,489.0583190917969,492.43021233101325,486.5644737615262,489.9923495385029,1808100.0
2022-12-20,485.8919372558594,492.2246332326257,485.41557266738175,492.2246332326257,2086100.0
2022-12-21,492.7383728027344,493.05596822005117,483.9211236159983,489.0863390513911,2182000.0
2022-12-22,492.3181457519531,494.1114682927774,487.2183188601798,491.74834383837145,1851600.0
2022-12-23,496.2597351074219,496.2597351074219,488.4045638060286,489.5253547819801,1292300.0
2022-12-27,496.8948669433594,500.49091850388334,494.89602803001117,498.70688835858874,1596700.0
2022-12-28,493.58837890625,502.64848523616274,492.9158473701545,499.77165562643245,1694200.0
2022-12-29,494.9240417480469,498.47334592967053,493.97131248025755,497.4085375725757,1379700.0
2022-12-30,495.20428466796875,495.50318126962753,490.2165937125759,495.0361660186665,1849600.0
2023-01-03,484.4255065917969,490.9543695115894,478.3729512555228,490.4873543441228,3525600.0
2023-01-04,471.21826171875,484.42546315247523,467.5755494400283,484.42546315247523,5070400.0
2023-01-05,457.6376037597656,468.9673989776952,456.27392712766465,467.9586585179761,5497100.0
2023-01-06,457.67486572265625,460.35552823262253,455.37715907187714,459.1599705398881,4841300.0
2023-01-09,457.7309875488281,467.00590363355616,456.3112714410913,459.92596493907996,3702800.0
2023-01-10,453.93878173828125,458.1138988339492,450.8377939191084,456.6007741221836,3164000.0
2023-01-11,460.85064697265625,462.9055254921132,453.00479640587787,453.27567323443105,4274200.0
2023-01-12,462.97088623046875,465.8290171304365,453.21025661490734,457.67492103091257,3726800.0
2023-01-13,457.2732238769531,475.8884410396809,453.9387288425612,454.0414584941653,5390100.0
2023-01-17,453.0794372558594,460.42093075258566,451.86520918217644,458.79572703764353,4495600.0
2023-01-18,444.8226623535156,457.2079155194166,443.4309660732237,455.85355993483137,4398200.0
2023-01-19,452.4070129394531,454.3031222758018,445.89684752232534,446.3451639330603,4549600.0
2023-01-20,454.6112365722656,454.86341449603793,447.40052139211866,453.4997382158083,3525900.0
2023-01-23,453.7613220214844,457.7683205571463,449.63292347327837,454.5739239368651,3418700.0
2023-01-24,459.1693420410156,467.2580485793273,448.33458389599343,467.2580485793273,3036300.0
2023-01-25,460.00994873046875,462.68126185725487,453.68657350390015,457.0023698544328,3037300.0
2023-01-26,459.9913330078125,463.69943508874053,458.2166523233689,460.01000335552067,3005000.0
2023-01-27,453.9854431152344,460.8225521619436,452.5096876947206,460.8225521619436,3177100.0
2023-01-30,453.7426452636719,462.5785650469046,452.81793576583215,455.62937644863877,3606900.0
2023-01-31,466.2586669921875,472.15239690665874,460.598444692408,465.1471684659071,5567000.0
2023-02-01,464.2131042480469,471.10625309314975,462.97085637014015,466.9685053027664,3451200.0
2023-02-02,439.76947021484375,462.34499493361386,433.2873262068402,461.65382163833505,11169900.0
2023-02-03,440.8810119628906,447.1950664854025,438.7607732510014,443.8792700211671,5440100.0
2023-02-06,443.8885498046875,447.3724930786115,439.9376198859961,440.86230075984435,4174200.0
2023-02-07,445.4203796386719,446.5411989101928,438.0882359903907,439.96564603844274,3394600.0
2023-02-08,451.3421630859375,453.04210522506673,443.7671618529745,444.103427613317,3466400.0
2023-02-09,453.68658447265625,457.3946862029069,450.5762473603601,453.5931757342538,3664600.0
2023-02-10,461.6445007324219,462.9614869471419,456.5073338046964,456.86226989857977,3418100.0
2023-02-13,462.67193603515625,466.8937429233067,459.31877052482037,461.41098937143033,2589000.0
2023-02-14,460.3182067871094,465.10046655845906,456.82494208123626,461.68191174548116,2072600.0
2023-02-15,458.8424377441406,459.384162838649,456.17112446042876,457.3479833910768,2242500.0
2023-02-16,455.1997375488281,461.41103423184904,455.12499915170054,458.74904179502676,2611500.0
2023-02-17,466.1558837890625,466.5108199050311,455.19972533880406,455.22774511088863,3891500.0
2023-02-21,458.8984375,468.3228000752527,458.14187521577094,463.93287464266183,2877300.0
2023-02-22,456.63812255859375,461.3082744217583,456.4326347364407,460.29950565688165,2982800.0
2023-02-23,459.2534484863281,460.785243649582,453.81738425766474,454.55527631727045,2511800.0
2023-02-24,452.37896728515625,460.01935823177047,451.1460687218141,457.2826272775005,2940400.0
2023-02-27,451.4355773925781,458.55288444241563,450.1652812330055,456.52602594317335,3006200.0
2023-02-28,444.5424499511719,451.47293985442974,442.6557187236939,450.82848507474597,3902100.0
2023-03-01,443.8699035644531,446.84946265792604,440.8623247006857,442.3660998803973,2996900.0
2023-03-02,446.1863098144531,448.73619442841704,442.0298633531873,443.86055485886425,2188800.0
2023-03-03,446.9895324707031,447.4939168075809,442.9358444401636,446.41043825267496,2863300.0
2023-03-06,449.0631408691406,452.397636284944,447.4005678739998,449.614215392347,3812700.0
2023-03-07,442.6183166503906,451.9025808159656,441.3853897199615,451.1179987250593,2589200.0
2023-03-08,439.5546875,444.0287008484451,435.9680143839538,440.6288166994053,3036600.0
2023-03-09,434.24005126953125,442.6836935725626,433.15657264842304,442.6836935725626,2780400.0
2023-03-10,431.4935607910156,439.48921533055324,428.9252116127084,433.7807142950072,3787500.0
2023-03-13,434.6337890625,440.90471115505386,429.91888338841756,429.91888338841756,2971600.0
2023-03-14,435.4773864746094,440.40789439955415,430.29380240895915,435.5430083426752,3258200.0
2023-03-15,436.2741394042969,439.5080330730389,430.4718962516597,432.1122712940334,3770200.0
2023-03-16,442.4513244628906,443.73552782452543,434.09011446195007,435.5992457863526,2940500.0
2023-03-17,440.0892333984375,442.4420092739998,437.0896787252575,441.86085234996614,5290000.0
2023-03-20,447.08184814453125,449.76270440796173,440.5578505377015,440.5578505377015,3119400.0
2023-03-21,450.0251770019531,451.29061488565384,445.9195480754829,448.4223042723964,3163300.0
2023-03-22,445.7320251464844,455.31181557874856,445.07589235877015,451.75925286757297,2632200.0
2023-03-23,440.4734802246094,450.55945181870123,437.4364523611739,447.5036585054276,3284900.0
2023-03-24,446.172607421875,447.0068689914124,438.29881331692576,439.6017534475419,2533200.0
2023-03-27,451.71240234375,455.8274139401102,448.60975248302907,455.1337502009885,2271800.0
2023-03-28,442.9762268066406,453.48402099378916,441.2046366784063,451.8061436953186,2369500.0
2023-03-29,437.3614501953125,446.0695057503474,435.8241994111132,445.3477224684308,3733200.0
2023-03-30,440.61407470703125,440.9421554121398,432.1965976782468,437.34270759253,3324600.0
2023-03-31,442.98565673828125,446.1820483746785,440.65164635339386,441.9826776212732,3996700.0
2023-04-03,463.23248291015625,465.0509578759482,453.20275103102995,454.8056521830386,4729100.0
2023-04-04,462.3514099121094,465.0228834857912,461.0297329102695,462.1451901968038,2624700.0
2023-04-05,477.3304138183594,479.683160921432,465.02290929400755,466.23210808294795,4964800.0
2023-04-06,480.6861572265625,482.0265711955879,475.38071188973134,478.9895429343841,3472600.0
2023-04-10,482.9076232910156,483.1044888779876,476.2617648932741,478.8113773462271,2714500.0
2023-04-11,488.3349609375,489.5066574564913,482.9451569501398,483.8075667805732,3065300.0
2023-04-12,488.5411682128906,493.70601518837634,487.46318462132587,492.0937311636503,3422400.0
2023-04-13,493.2654113769531,497.2210881127272,487.89437346956856,491.0907360265314,4224400.0
2023-04-14,479.73004150390625,494.2121928420861,476.64612835700655,489.3004503487855,4872000.0
2023-04-17,473.6934509277344,477.66783616917746,471.2563165679196,476.8523400093409,3660900.0
2023-04-18,472.8779296875,475.2306766041804,466.9350889857912,472.11867270958555,3232000.0
2023-04-19,455.7430725097656,470.5251849451633,453.3340576909562,469.2878666017432,5809100.0
2023-04-20,456.9241027832031,458.97691720525563,452.9872199645111,455.058771231223,3283000.0
2023-04-21,453.51214599609375,459.9892873755408,451.93739283971854,459.34250864955277,3165300.0
2023-04-24,458.3113708496094,459.5111867621879,452.4153868342201,453.1277873655807,2322400.0
2023-04-25,461.1047668457031,467.2725646409399,459.8486830233509,461.8171388663827,2937300.0
2023-04-26,452.6966552734375,457.14910181696723,448.39416070347113,455.43372218196197,2930000.0
2023-04-27,459.7455749511719,460.2236362644926,451.9936414089213,451.9936414089213,2473200.0
2023-04-28,461.26409912109375,463.0169525005761,457.5427899089474,458.0770903760466,2398900.0
2023-05-01,464.6479797363281,468.1068301244646,461.0016464641266,463.60749835974906,2105600.0
2023-05-02,462.482666015625,465.5946700673066,458.6207304615039,464.2261366141404,2152300.0
2023-05-03,458.7800598144531,464.4135851209364,457.4583828750645,463.42934300562905,1749700.0
2023-05-04,456.75543212890625,459.0144664969834,451.75933065510225,456.53982966683543,2555700.0
2023-05-05,463.3169250488281,469.47536884287797,461.20787130614303,463.1107053164196,2329400.0
2023-05-08,461.7608642578125,463.38250238890856,457.73024004592486,461.2172097096377,1738500.0
2023-05-09,459.66119384765625,468.11614485959234,459.586189257992,461.9670843771171,2038600.0
2023-05-10,459.37060546875,462.55761391953405,457.0928345583181,458.7425636188701,2018700.0
2023-05-11,458.1426696777344,459.4174616149598,455.23685691911083,457.43026912112674,2384200.0
2023-05-12,460.45794677734375,462.02331714309116,457.19593371281246,458.1426735546453,1536500.0
2023-05-15,456.3616943359375,460.9828868868355,453.3996708760448,460.61730386269716,2169700.0
2023-05-16,449.6689453125,458.5644549615839,449.00342978683193,457.07406061802794,2178900.0
2023-05-17,454.4400939941406,454.99313125120506,447.62551816578195,449.93140862534364,2682000.0
2023-05-18,449.209716796875,452.32172106808866,444.2042326083886,451.8530424518723,3040100.0
2023-05-19,448.82537841796875,454.4307561293504,447.8786384983155,449.53775043329154,2317900.0
2023-05-22,450.5126037597656,451.9936441250481,447.9723738088742,450.34388633259294,2242800.0
2023-05-23,449.4065246582031,453.1090969285183,442.9387658950807,446.3507311247873,2874200.0
2023-05-24,450.70947265625,453.0060093546043,448.89102591379606,450.5032529175983,1904700.0
2023-05-25,447.7755126953125,451.5905344760984,444.58847556682355,447.7098908307669,2684100.0
2023-05-26,451.3562316894531,457.79589972580897,448.05674462131793,448.11298376522745,3135200.0
2023-05-30,449.7908630371094,455.4337431444179,446.2101516287245,446.81942809418206,3180800.0
2023-05-31,456.7178649902344,456.8678455591816,447.22243297490803,448.16917280132014,4944100.0
2023-06-01,462.7076110839844,467.5349946493434,455.6586670607465,457.23344880147465,3376600.0
2023-06-02,468.2848815917969,469.63467820273115,459.64244735511505,461.1797268420732,3064500.0
2023-06-05,466.98199462890625,471.39693911514405,466.26023986930704,469.3347703994868,2688800.0
2023-06-06,457.02728271484375,468.5848850578564,453.37159514928464,468.5848850578564,3816600.0
2023-06-07,451.9280090332031,459.71744469099605,451.4312108860397,459.25814883961954,4381700.0
2023-06-08,459.5206298828125,461.011024396255,452.2092265683795,454.0464672743229,2725900.0
2023-06-09,462.6982421875,467.0100908954178,456.7085447396631,459.2956310797173,3174100.0
2023-06-12,461.7327575683594,463.4762567517859,458.10518995529446,461.46091598375415,2207700.0
2023-06-13,460.532958984375,463.6731112937808,458.0489681506795,460.1205195320778,3016600.0
2023-06-14,431.0530700683594,431.77485342314327,417.76135178204345,426.16009292548245,14672400.0
2023-06-15,438.4980163574219,444.2487651873894,433.8108050623034,434.827293835922,6798100.0
2023-06-16,431.5330810546875,440.9733662700575,431.00600854058627,438.73332244677636,7699100.0
2023-06-20,441.792236328125,442.827538867276,429.895391136529,429.895391136529,4597700.0
2023-06-21,448.7194519042969,451.18540423356023,439.7215350407445,441.37806491463533,4886500.0
2023-06-22,450.8842468261719,454.77142809832776,449.89599305877175,450.06540306633224,3179000.0
2023-06-23,448.9548034667969,453.9243649222773,448.53124971005604,450.20659353003583,4862600.0
2023-06-26,450.8936767578125,453.0113880630254,445.1899766069697,450.02778422028337,2968300.0
2023-06-27,454.1878967285156,454.77143925106617,449.6795165947779,450.01836534150607,3693200.0
2023-06-28,446.55474853515625,453.7737752009606,446.112381011661,453.6231789458028,3670100.0
2023-06-29,448.427734375,451.50546453476414,445.26527048460053,447.1476805764364,2979300.0
2023-06-30,452.3808288574219,453.75498024815886,447.18535837067395,449.8960336292729,3970400.0
2023-07-03,449.7830505371094,451.97604555149826,448.29593055027306,449.9901167862905,1915700.0
2023-07-05,443.5146484375,449.2277700313201,442.9216846554223,448.04184246716466,5053100.0
2023-07-06,441.7640075683594,444.6252790865115,439.2133498151753,441.7546150492966,3913600.0
2023-07-07,434.44140625,441.0580764793436,433.7261099571643,437.6603400993041,4131600.0
2023-07-10,435.824951171875,435.8720286544934,432.1636787637454,432.954287494113,4339200.0
2023-07-11,435.6744384765625,439.06275382642775,434.0273295668725,435.1849934461998,3086800.0
2023-07-12,425.142333984375,437.4909396856034,424.7187802211507,435.7779395953303,7287600.0
2023-07-13,421.424560546875,428.1541709002837,420.8880667755352,425.42468200376885,7276800.0
2023-07-14,451.93841552734375,456.4844230193684,433.05781688383104,435.35435937173037,11379300.0
2023-07-17,455.61846923828125,456.1079141841048,450.1783058994293,452.82308945116296,4582000.0
2023-07-18,470.60247802734375,474.7626165713556,458.83741607666013,460.55980850799006,8816400.0
2023-07-19,474.0849609375,484.400530774722,472.9366897104923,477.6991846216971,4956500.0
2023-07-20,474.5932312011719,478.77218397369717,471.1013684641925,476.87096008912624,2963100.0
2023-07-21,476.74859619140625,480.40047640690096,474.85676483610234,475.35560236719004,2887300.0
2023-07-24,478.77215576171875,479.80748701341764,474.9038169725994,475.61911324562084,2279000.0
2023-07-25,480.88983154296875,482.36753018757327,477.45443926775533,480.01451784519486,2730600.0
2023-07-26,478.1321716308594,485.53002963308245,476.8427252912835,481.46404559380284,3697200.0
2023-07-27,475.5249938964844,480.4851337121468,473.54845772911113,478.6686150267673,3028300.0
2023-07-28,473.3414306640625,477.6427445954599,468.0424416869679,475.5061907692625,2930000.0
2023-07-31,476.59796142578125,478.01919013792747,469.7177553155299,473.4261052369194,2441600.0
2023-08-01,475.0638427734375,480.05224693021694,472.94613134394706,477.66157798506833,2161200.0
2023-08-02,475.1203308105469,480.4569764536333,473.4167518493722,479.7228376124823,3220500.0
2023-08-03,475.17669677734375,476.249684161252,471.58131585310286,473.32255068016946,2442900.0
2023-08-04,473.1720275878906,480.86165680133774,472.2496362937057,480.01457799659175,2411200.0
2023-08-07,480.71099853515625,483.4028308577332,474.9790639370461,476.0049738677461,2430900.0
2023-08-08,476.11798095703125,478.29219108518885,470.62134681772386,473.42614825513004,2422600.0
2023-08-09,472.5884704589844,475.99565698716776,471.43080658975464,474.3673618531174,1916900.0
2023-08-10,473.8778991699219,481.9345828710558,473.2190441869576,474.80968291947994,2179700.0
2023-08-11,478.1415100097656,480.64511848830574,474.6025703974992,475.9014377540563,2029600.0
2023-08-14,480.88983154296875,483.3087351245246,478.36740920552995,479.21448790412717,2127200.0
2023-08-15,476.899169921875,483.44997748745675,476.5038511785064,481.5016474953449,1817500.0
2023-08-16,473.9531555175781,480.4851200746346,473.26606557355916,478.13210773342684,1454100.0
2023-08-17,464.9176330566406,471.76021207359264,462.9034692091453,466.3482830989384,3009500.0
2023-08-18,469.13427734375,471.4872901188377,464.48472180231266,465.68946319422554,2364400.0
2023-08-21,468.4189453125,470.83784930296076,467.04479391477946,468.2589565312182,1533500.0
2023-08-22,463.39288330078125,467.5812571941845,462.442257024354,466.29181089247516,2079400.0
2023-08-23,460.66339111328125,464.95528374226916,459.2421623298202,464.01407871445076,2011400.0
2023-08-24,459.4021911621094,466.29181902938626,458.5645048794916,462.5363913438541,2311100.0
2023-08-25,460.3621520996094,462.27279696411296,456.1549649013887,461.11513327976786,1923500.0
2023-08-28,462.3951416015625,464.07048517274126,460.3715568135036,461.6515816888788,1344500.0
2023-08-29,463.85406494140625,463.9576124314116,459.2798222567083,462.57403988049094,2113700.0
2023-08-30,462.6304931640625,467.50592817745815,461.463408153845,464.94584942485744,2283400.0
2023-08-31,448.5594787597656,464.7858729437166,448.286549982935,463.41169292465446,4927700.0
2023-09-01,448.2394714355469,452.3901890381571,445.5287963707159,450.83720649322623,3165900.0
2023-09-05,452.5408020019531,456.1079772171569,449.4630718002131,449.8960180847165,3443300.0
2023-09-06,448.8982849121094,454.7525807686786,448.3712124452982,453.74548459258426,2596100.0
2023-09-07,456.30560302734375,458.4703630820274,450.4607279010596,451.6842829366117,2928000.0
2023-09-08,454.26470947265625,456.3434330388124,452.3560842601796,453.7166980789151,1858400.0
2023-09-11,452.9513244628906,457.1654323023794,451.6474005756438,455.40798973095264,2059200.0
2023-09-12,453.4425964355469,456.9764258626301,446.0915172698515,451.0615370984323,2195200.0
2023-09-13,453.38592529296875,457.3543865201686,453.0268704690177,454.88826350230664,2197800.0
2023-09-14,456.93865966796875,458.5165747693012,452.384384112714,456.0221355735305,2334300.0
2023-09-15,459.8677673339844,462.8157540869077,457.44890492978504,458.96067230607383,5334300.0
2023-09-18,459.2630310058594,461.79527304498015,456.93866130338967,461.4834789575605,1997500.0
2023-09-19,454.1607666015625,458.9512596642251,450.26791068145155,457.0898664594984,3230700.0
2023-09-20,464.9984130859375,467.8141044179988,452.7245732772379,456.13553672812475,3724800.0
2023-09-21,473.51165771484375,477.2911336606792,465.8959871556813,466.9448067249095,4703900.0
2023-09-22,478.1982421875,481.34464350376413,470.5731418706817,471.48966602216547,4558500.0
2023-09-25,482.14776611328125,482.7713831315337,478.69899993054435,480.2391410587129,2758500.0
2023-09-26,477.5840759277344,481.3352072337613,476.57305911730526,480.88165970620327,2420200.0
2023-09-27,475.9588928222656,478.4438741807852,473.4266218754708,478.3210654268436,2593700.0
2023-09-28,481.9776916503906,485.80442847278357,477.1683118109643,478.07537799403894,2922000.0
2023-09-29,476.3935241699219,481.76983132093886,476.0250114030139,481.7414864031086,3006200.0
2023-10-02,486.2012634277344,486.45639652017127,475.4014173410325,477.6596393272664,3550400.0
2023-10-03,481.3824157714844,485.6437553995336,480.33359617592174,485.0012513930363,3143200.0
2023-10-04,482.468994140625,483.6028484511088,478.68006030212314,481.40128757919393,2801700.0
2023-10-05,487.7697448730469,489.6406248601437,483.04542832599276,483.41391227154173,2790700.0
2023-10-06,495.8767395019531,496.95390409386533,487.5335293789993,487.97764783506074,3647200.0
2023-10-09,497.4830627441406,497.82320179547236,491.56817266940556,492.4185779679708,2341600.0
2023-10-10,495.3381652832031,499.0231778228946,494.2421425075789,497.47357866577687,2455700.0
2023-10-11,495.2342224121094,496.6137519936961,491.54921002950726,492.2011719842682,2819300.0
2023-10-12,496.56640625,499.43884476132234,493.4578081718638,495.5553895550516,2377300.0
2023-10-13,509.662353515625,514.4433882723393,502.67029995937776,503.8513861904853,5245400.0
2023-10-16,508.3679504394531,516.6355550788417,506.5632181599817,513.2339917107819,3827600.0
2023-10-17,507.06402587890625,512.5253392915711,505.0986820020944,510.17262445843585,2586000.0
2023-10-18,506.5064697265625,513.9898159982258,505.88288156651834,513.1016368386179,2551400.0
2023-10-19,502.3207092285156,508.660800956383,500.0719164032024,507.22458162721443,2351200.0
2023-10-20,497.974365234375,504.9663616321604,497.7286900530868,501.72546769721805,2811100.0
2023-10-23,492.8153381347656,498.682995468015,491.6058781161612,497.9743437081156,2357700.0
2023-10-24,496.05621337890625,501.4136043357353,493.2877541941901,494.0341799254219,1978200.0
2023-10-25,500.97906494140625,503.01049889886974,491.40753637021487,498.2011474879766,2380100.0
2023-10-26,499.2310485839844,501.22470864296196,493.71304506176585,496.7177220282915,2675800.0
2023-10-27,495.7349853515625,498.6451982610112,492.52246508679735,496.99167737363405,2585600.0
2023-10-30,500.7712097167969,502.5003364715837,494.10989350210315,496.056321714784,2555400.0
2023-10-31,506.03411865234375,507.09236748460256,502.31133190200035,505.5049942362144,2464200.0
2023-11-01,502.2923583984375,506.28919365182225,497.75699854226644,500.7616751678577,2747400.0
2023-11-02,506.5726013183594,507.24347904280285,497.8987111657825,502.67028789085185,2350900.0
2023-11-03,501.63104248046875,506.43093612198874,499.6467827120706,505.0986960281193,2739500.0
2023-11-06,504.0498352050781,506.46869752724984,500.82779963442897,502.3207087952916,2684900.0
2023-11-07,508.17889404296875,509.8985624879843,502.2167731518911,505.8450376996529,2604800.0
2023-11-08,507.13958740234375,511.55216774210453,504.69240866201636,510.22932789797886,1769200.0
2023-11-09,509.2843933105469,511.08906773383455,505.0135669566981,507.96155363645454,1819600.0
2023-11-10,511.3725891113281,512.7615189054125,506.4687165328375,512.7615189054125,2480800.0
2023-11-13,512.6576538085938,514.1505631904658,508.254531341489,511.3159557837451,1507900.0
2023-11-14,510.6639709472656,512.7520947345959,506.93172649453015,509.31281506421885,2454000.0
2023-11-15,508.7269287109375,510.6639564334153,502.3868941837754,510.2765278208273,2473700.0
2023-11-16,510.0592041015625,514.8213232272665,507.8387272902155,508.7269064807086,2360300.0
2023-11-17,506.7237854003906,510.72062056621735,499.21212283608406,510.484403311485,2676900.0
2023-11-20,505.5993957519531,506.77108179415467,502.4813394816518,504.19155012207545,2518400.0
2023-11-21,509.8419189453125,511.80720505785183,504.7396029783893,508.1222503441677,2115700.0
2023-11-22,513.7820434570312,514.3867735364985,510.47500152712786,513.0355599410458,2234500.0
2023-11-24,516.9378662109375,517.4009005171155,512.8843984966102,514.8875163930838,1135000.0
2023-11-27,513.6214599609375,520.5189934010028,511.6750317682028,516.9379023205593,2675800.0
2023-11-28,510.73016357421875,515.7285007558249,510.2955029918121,515.548973305509,2859300.0
2023-11-29,505.48602294921875,511.9867265887024,499.5050434203704,500.7805935622956,4550000.0
2023-11-30,522.4841918945312,523.4007448282167,504.5695122670186,506.2513491263321,7121200.0
2023-12-01,518.7582397460938,525.9068938576146,516.8620548451231,521.8490303933913,3462200.0
2023-12-04,519.8201293945312,523.2237487086069,514.8520766050564,519.8011490290816,2709200.0
2023-12-05,521.6973266601562,523.8495148982655,517.0421606297482,520.5975070846157,2645600.0
2023-12-06,521.0052490234375,523.2332430366436,518.7013335478315,519.1374768878536,2239700.0
2023-12-07,519.8107299804688,522.8825406373782,516.2553828559016,522.7308134212224,2511700.0
2023-12-08,521.2327270507812,523.0909509409039,516.2741649269424,521.6593222961096,2039900.0
2023-12-11,515.4588623046875,521.4508131378715,511.07868010368674,521.2232802235806,3655300.0
2023-12-12,517.3929443359375,519.0710863610967,514.4823516607148,517.4688079288679,2706100.0
2023-12-13,520.5122680664062,520.9009605264897,510.63316050679356,515.7623154248258,2876600.0
2023-12-14,506.50885009765625,516.6344694974473,501.9201155083887,516.0466568671441,5386800.0
2023-12-15,503.55084228515625,505.8073068777171,495.81443358706844,502.4889834024181,9030100.0
2023-12-18,499.2181091308594,503.8827081666684,497.9666200496471,501.6452236882778,3260300.0
2023-12-19,496.8382568359375,500.2324433960095,494.6956168945892,497.35975388272584,3645600.0
2023-12-20,489.1492614746094,497.58730623077156,489.09237825034825,496.6581364118898,3847800.0
2023-12-21,492.894287109375,493.78549629012133,489.68973013181704,491.9461946986648,2491600.0
2023-12-22,493.3019714355469,495.8618325777087,491.1308605963677,492.89429863344617,1759500.0
2023-12-26,493.03656005859375,494.4112478607592,491.08343399786423,492.8943230398312,1390800.0
2023-12-27,495.6531982421875,496.0039877960729,492.4012482983243,492.771018217382,1851800.0
2023-12-28,497.6537170410156,500.4695236540234,495.7954351305446,496.2978940047893,2001000.0
2023-12-29,499.1422119140625,500.82035409333866,496.72458770344247,498.6776558652615,2080100.0
2024-01-02,511.3442077636719,511.64754642492693,499.3318347504542,499.4930521312739,3415700.0
2024-01-03,513.89453125,518.4074022892511,511.47684943098005,514.8520559282988,2891400.0
2024-01-04,517.1085205078125,520.5027073706483,514.8141531917341,516.7103379180388,2994400.0
2024-01-05,509.4859313964844,518.6065762432884,506.0253707665367,518.6065762432884,2815400.0
2024-01-08,508.670654296875,512.2070211359191,500.5928869222866,511.4011655821731,2648900.0
2024-01-09,510.42449951171875,511.60012482613195,504.6980422618164,510.07370995393313,2677000.0
2024-01-10,509.732421875,513.1076285708738,508.31977342986016,510.16850735273937,2180000.0
2024-01-11,511.66656494140625,512.1216308341895,506.7839231769893,508.3008480642503,2814100.0
2024-01-12,494.4396057128906,501.04778101489933,486.4945879135352,491.92713806724095,6327300.0
2024-01-16,492.2021789550781,497.2744500076066,489.7371040632687,496.5254778644885,3736700.0
2024-01-17,497.691650390625,503.1147113998535,493.00807139766835,494.22165750340844,3791300.0
2024-01-18,489.5380554199219,490.0121016200598,471.63803733987163,479.00473380744506,7367000.0
2024-01-19,477.4214172363281,490.68522094829893,475.7717456823917,488.26759684797946,6143400.0
2024-01-22,486.3619384765625,486.91184830236057,470.72790317660275,477.78171334552917,5922900.0
2024-01-23,488.7606201171875,491.18773438400973,485.4991798961168,485.8973625075181,2672900.0
2024-01-24,486.5894470214844,494.64823247260915,486.3240112386237,491.01708022178997,2918800.0
2024-01-25,467.7887878417969,469.78927786604146,454.1362629672648,462.2803732716326,14671000.0
2024-01-26,477.08013916015625,477.5446952085106,464.47049203674214,467.675049192418,6212200.0
2024-01-29,478.3505859375,480.21832927254025,475.13653855581964,476.99479170738437,4554100.0
2024-01-30,477.46881103515625,479.7821588608707,473.30670034554913,478.3505589775812,4931200.0
2024-01-31,485.17681884765625,488.2676094789959,478.3221289834691,478.3221289834691,5358100.0
2024-02-01,480.81561279296875,483.73572477065323,476.890496212412,482.41786239404115,4242600.0
2024-02-02,483.7452392578125,486.2860912412459,479.15647510034205,481.8680057206028,3804500.0
2024-02-05,476.8525390625,487.5091171715816,474.09358674316434,483.48918577426065,3646300.0
2024-02-06,484.1623840332031,484.4183585785749,476.36906293910164,477.78171143048064,2745400.0
2024-02-07,492.4297180175781,493.9561328702375,486.07748746101663,487.32897635397535,4109100.0
2024-02-08,493.0933837890625,495.0558840625375,490.4292465569309,493.6053328342779,3343000.0
2024-02-09,491.3205261230469,493.3779287574426,489.49071432403053,492.0505759524764,2715400.0
2024-02-12,490.77056884765625,492.0504704539704,486.19126630603097,491.3204207810678,3194000.0
2024-02-13,490.0215148925781,499.57830211871396,487.5185950320138,494.9042137110345,3436000.0
2024-02-14,490.1069030761719,491.6143955013302,487.59443498989793,488.51411473781707,1918500.0
2024-02-15,493.8424377441406,494.6672736093492,489.0261115271365,490.4862110466358,2292100.0
2024-02-16,494.47760009765625,496.60131790277603,491.95569967081906,495.1886694270653,2135500.0
2024-02-20,494.0130310058594,498.0993069961964,492.4486553757132,496.9995452572407,2600200.0
2024-02-21,494.8757629394531,496.5065119605422,490.6757205456536,496.4875315950861,2095900.0
2024-02-22,499.17071533203125,499.39824827973433,491.6713289069357,496.9901140939094,3186800.0
2024-02-23,499.8722839355469,502.9630747658683,496.9521428123815,499.4077278660153,2502000.0
2024-02-26,498.0519104003906,505.1531132731158,497.09432781019984,500.8961876225963,2308900.0
2024-02-27,486.7695617675781,498.30788741741674,485.4706798677403,497.5209545582928,3780600.0
2024-02-28,472.4154968261719,472.6714713672811,459.24650796416057,469.7229177858011,9558600.0
2024-02-29,467.9783630371094,475.705309461902,466.08217844533294,472.62400950026534,6833200.0
2024-03-01,464.11962890625,464.58418488098675,452.47705645792485,464.01535263987284,7315000.0
2024-03-04,456.8572692871094,461.7589196092009,455.17915619509654,458.1561512148433,5239800.0
2024-03-05,448.58990478515625,457.8338055102446,446.1912322158829,457.3502980701625,5296200.0
2024-03-06,448.0684509277344,454.8946984957352,443.88736018726115,449.81293738178397,5577500.0
2024-03-07,453.9276428222656,456.21254880063464,449.01653151613544,449.39576265995385,5102000.0
2024-03-08,453.61358642578125,460.92363315101466,451.9002751621042,455.2887873122658,4673600.0
2024-03-11,465.58758544921875,466.6917116086643,453.07102819003217,454.0228580811877,4410100.0
2024-03-12,465.7779541015625,468.5668086576801,463.87429435580975,464.61672049475163,4153800.0
2024-03-13,464.49298095703125,472.1076199891137,461.9515823991549,469.7470714320528,3669000.0
2024-03-14,465.4447937011719,466.09203102366126,461.8183243194507,465.178282506762,3378500.0
2024-03-15,467.1771240234375,467.5578501458408,463.9694621446896,463.9694621446896,5713500.0
2024-03-18,463.5887145996094,468.39547274757604,462.951004869792,468.39547274757604,2970500.0
2024-03-19,469.5567626953125,469.6709776428704,464.29314418002065,466.0825891518818,2511700.0
2024-03-20,470.42291259765625,470.77508502103234,465.8636391399945,468.74768264046827,3548200.0
2024-03-21,468.0052185058594,472.297980399216,467.6149647839595,468.5667946283372,3693400.0
2024-03-22,466.4632568359375,471.9457769640747,466.177690455305,471.34614856458364,2847300.0
2024-03-25,462.4751281738281,467.805381558349,460.75231833499384,466.9677665775257,2786100.0
2024-03-26,468.59539794921875,469.5757816307717,461.8564547188183,464.61675575010435,3113300.0
2024-03-27,469.3473205566406,471.85063779354977,467.6435369347921,469.9184242952676,2653100.0
2024-03-28,470.8702392578125,471.9838639176847,465.7303348205684,471.15577659430744,3820000.0
2024-04-01,466.11114501953125,471.89825842010026,465.1593150554706,470.65136349098435,2928700.0
2024-04-02,436.07135009765625,441.3444666573372,427.9427148836217,437.46101357299256,11867000.0
2024-04-03,437.5942077636719,440.55441344361554,433.60603871633646,439.7453523321978,4460400.0
2024-04-04,433.4443359375,439.4789344553474,430.151012378022,438.62229329274334,5182000.0
2024-04-05,433.7869567871094,435.7001442142088,428.3329899567894,428.98022732850427,5747400.0
2024-04-08,434.0344543457031,435.1766618972097,431.740540695583,434.0059006092927,4532300.0
2024-04-09,437.5752868652344,437.61336819838226,430.66499179997214,432.39732936387446,3521200.0
2024-04-10,428.3710021972656,436.64240572107667,428.11401860098545,433.5489587820634,4493500.0
2024-04-11,420.4422912597656,429.05633996263964,420.2138613862219,428.6946690120428,5844100.0
2024-04-12,418.043701171875,420.9372431361519,415.35953389869087,419.12877214659306,6045700.0
2024-04-15,424.1639404296875,426.7529187819203,420.6992658351008,420.708793428808,5376800.0
2024-04-16,446.3035583496094,456.64041764413076,443.17202968675184,453.80395394140857,11816500.0
2024-04-17,455.9170227050781,464.4930199297329,451.72897669554857,455.54582412584136,8759800.0
2024-04-18,469.4234619140625,477.81860858207426,462.56077648586717,462.71307275518416,8880400.0
2024-04-19,476.99053955078125,482.8633139778937,471.68883984612637,473.05947727511335,6618600.0
2024-04-22,467.5674133300781,475.36290255315396,467.005837173467,473.8018875706742,4697700.0
2024-04-23,462.76068115234375,470.49906334416534,461.6089750386085,467.3485085128214,3646700.0
2024-04-24,463.8266906738281,465.31154296848734,457.5541352264123,460.47625994056637,3724400.0
2024-04-25,470.0706787109375,473.1831809302831,464.04560850376566,465.40671822634755,4329700.0
2024-04-26,471.4889831542969,473.2784281519762,467.72924314018036,468.30034693375507,2727000.0
2024-04-29,465.4733581542969,473.392589609912,464.27404322806194,471.8315746870321,2192100.0
2024-04-30,460.400146484375,466.12062458307,459.34360016257426,465.40675213909856,3367500.0
2024-05-01,460.79034423828125,465.6256562425679,454.08948287039624,456.17399260866455,2729200.0
2024-05-02,469.2236022949219,469.9089210072137,460.62857917901533,460.95219786988304,3561400.0
2024-05-03,468.7286376953125,469.0522563699606,462.3799195921703,467.21520261888185,2487600.0
2024-05-06,470.565673828125,471.0320611871011,468.30031400302374,468.7572028152643,2029500.0
2024-05-07,476.82867431640625,477.48543923780284,471.1938578616501,472.1076063858594,3752100.0
2024-05-08,478.9703674316406,482.57781127448084,475.9911348761651,479.8841451482873,3078900.0
2024-05-09,482.6062927246094,483.5010151167585,477.9518598142138,477.9518598142138,2342900.0
2024-05-10,488.1078796386719,488.8408072385006,482.5777503460833,484.4814101107621,2784600.0
2024-05-13,487.08941650390625,489.87827109811803,482.8728170808778,487.38448144472494,2454500.0
2024-05-14,489.1263427734375,491.3060122816948,482.863285904206,489.7926353076256,2949700.0
2024-05-15,492.6195373535156,497.4167970767746,490.03058799404903,490.03058799404903,2981200.0
2024-05-16,496.160400390625,502.7184643792514,494.4851704382307,494.95155780325433,3655800.0
2024-05-17,499.3585205078125,500.51972508952804,494.9610710577236,497.74992566775234,2657200.0
2024-05-20,492.31500244140625,499.35856753825925,491.65823743076703,499.35856753825925,2476200.0
2024-05-21,498.33050537109375,499.4441300267861,491.06803898223114,493.35245385578406,2521900.0
2024-05-22,496.2364501953125,500.9290223011006,495.57021580170596,497.63567023106543,2299100.0
2024-05-23,491.9342956542969,495.17048266887946,490.41133285764874,493.35251300282914,3055400.0
2024-05-24,483.6913757324219,492.2292904383639,483.0726631071397,491.2488778313909,2527800.0
2024-05-28,479.4176940917969,482.24463015712485,477.7234379715105,482.24463015712485,2912800.0
2024-05-29,461.3709716796875,470.10876283782284,450.472508145279,468.62391057752046,7521600.0
2024-05-30,458.4488830566406,462.6179028256715,454.9747095982964,459.0866218949469,5169700.0
2024-05-31,471.5079650878906,474.4015360691666,459.1722579219878,459.1722579219878,6694800.0
2024-06-03,473.4783020019531,474.6585618680463,469.3188096859195,470.32774712904023,2795100.0
2024-06-04,481.1404724121094,483.786558292773,470.76553262307027,474.5442983745347,3178400.0
2024-06-05,478.8846130371094,484.57656580173443,474.7727012549229,484.1958396843188,2464400.0
2024-06-06,477.74249267578125,480.3885787271958,473.32598784454717,479.3891398691792,2419600.0
2024-06-07,467.0534362792969,478.63719039975615,466.7964526522295,477.85671192392545,3416300.0
2024-06-10,471.15582275390625,471.52705037526107,462.7702032626353,467.3485029740767,3332800.0
2024-06-11,472.3170166015625,473.80186886662267,466.6726724755618,467.2151934222837,4599700.0
2024-06-12,469.31878662109375,475.91496100927174,463.9409533711978,475.91496100927174,4048200.0
2024-06-13,473.34503173828125,477.8186442094597,461.04740481130864,466.66319581621354,4951700.0
2024-06-14,473.1737060546875,473.86855238405326,468.0433576643085,472.897667232399,3188400.0
2024-06-17,467.63922119140625,471.35753181943693,467.1326124167665,469.64652026439023,2407200.0
2024-06-18,459.8202209472656,469.96199407896336,457.8989463907967,469.05390794649327,3692700.0
2024-06-20,463.1370849609375,464.475323301368,457.0099684787019,458.85481561803067,5258100.0
2024-06-21,461.2922668457031,466.75026415598796,459.38053112657843,463.0606282200479,6368600.0
2024-06-24,468.35614013671875,469.22598338162555,463.1179738117356,467.28554364014525,5139800.0
2024-06-25,463.1179504394531,468.9869927503976,459.39007184282525,468.9869927503976,2916100.0
2024-06-26,462.67828369140625,465.92822855715315,460.22169630843683,463.1179747359297,3153100.0
2024-06-27,464.9723815917969,467.4002942150768,460.77610752703646,463.64371121459175,2991900.0
2024-06-28,486.7852783203125,486.9190846526262,467.8112953637344,474.4641275370803,22734200.0
2024-07-01,472.8200378417969,486.4507230539717,471.1377302203872,484.3860449465043,4523100.0
2024-07-02,476.2515869140625,476.4714470204239,471.6156511911779,472.4472515510228,3312000.0
2024-07-03,468.27008056640625,476.0986108444929,465.04878164559636,475.18098594386066,2239200.0
2024-07-05,466.47308349609375,468.0598276435158,463.1179779742647,467.41938334244674,3499000.0
2024-07-08,467.744384765625,472.08403310740664,464.71429992251984,467.60101041782036,3450600.0
2024-07-09,470.3921203613281,473.5369338004358,464.6378063238472,466.77894100369645,3056800.0
2024-07-10,478.8229064941406,479.36775820534973,468.48997669181085,469.2737953811881,3189800.0
2024-07-11,482.1014404296875,486.2786069663362,475.73538693723316,475.73538693723316,3535100.0
2024-07-12,488.955078125,491.8609245448192,481.212542737811,484.548541356663,3570600.0
2024-07-15,492.6256408691406,507.40337978348896,491.12492124714043,501.1041845765931,5128000.0
2024-07-16,524.647216796875,525.6508664373224,503.8666577006889,510.33790214168346,11062000.0
2024-07-17,547.97998046875,548.2953748714209,526.9699642489534,529.5508192602277,10330800.0
2024-07-18,539.4343872070312,555.8370507736898,536.6432116013699,539.5873003641409,6834800.0
2024-07-19,540.3807373046875,544.7490599705555,536.7579611543069,542.0917195927932,4290400.0
2024-07-22,533.8809204101562,539.3484567350122,532.4949003018545,538.201403599123,3377300.0
2024-07-23,530.2198486328125,534.1771550902223,528.413244596838,534.1293150298496,2785600.0
2024-07-24,535.0469970703125,536.3660992918242,528.6140254934539,535.2859640185351,3156200.0
2024-07-25,534.9800415039062,544.7394719823361,533.928610342673,537.1976616276238,3102900.0
2024-07-26,544.5769653320312,553.5717138414094,535.2859584851213,535.2859584851213,3201900.0
2024-07-29,541.738037109375,546.1350053399473,536.9682664613551,540.7439556710511,2965000.0
2024-07-30,550.8953247070312,553.8584916536744,541.0116256403298,541.8814980399055,4139100.0
2024-07-31,550.7328491210938,555.2637121840058,537.5036694431656,540.4859727620766,4713200.0
2024-08-01,547.4924926757812,561.5724086087092,542.0726795093364,551.7269806026875,3680800.0
2024-08-02,563.7994384765625,565.4339348372869,549.8628716521235,556.6304310234709,5094000.0
2024-08-05,544.8064575195312,560.922375371848,541.7476687495786,556.4297848354996,4587400.0
2024-08-06,543.2674560546875,552.0328060328302,537.7043566429662,543.1336788985003,3216500.0
2024-08-07,541.0977783203125,546.4219701260166,532.4471845159667,541.6043580269599,4320700.0
2024-08-08,541.2505493164062,547.1865090895334,539.4630812783791,539.4630812783791,2860800.0
2024-08-09,534.1007080078125,540.9542638847348,533.0205727128482,539.6255936239853,2976700.0
2024-08-12,540.3424682617188,543.8887586753679,536.289598269856,537.5035690015695,2532400.0
2024-08-13,548.8975219726562,550.3217556751507,543.8887839820551,544.8350837794687,2369400.0
2024-08-14,554.087890625,555.4739106516726,547.9703714964564,549.8534031242244,2344400.0
2024-08-15,554.030517578125,557.595944118773,548.1997473766057,554.0878673120516,2751800.0
2024-08-16,552.185791015625,555.9806171192708,548.7637674148972,555.2827938426822,2728900.0
2024-08-19,553.2372436523438,557.557726829415,551.6026885625861,552.5681244631219,1847900.0
2024-08-20,555.024658203125,558.0451747634133,550.1019157249219,554.2599172943065,1677500.0
2024-08-21,552.5584716796875,557.6436950594681,551.9467023238785,555.8466590402397,2844300.0
2024-08-22,553.1798095703125,557.223170214602,545.4373033860018,553.6864475305608,2282000.0
2024-08-23,558.7142944335938,559.3834135586934,552.9217379270308,555.3591891370351,2376400.0
2024-08-26,561.21875,565.9598759998921,559.8900795573551,562.0981321718622,1800000.0
2024-08-27,561.4288940429688,566.1987230749285,558.016497549955,563.4553289854946,1581900.0
2024-08-28,562.56640625,566.6766844065424,558.1025200211983,563.0156944474044,1657000.0
2024-08-29,565.4627075195312,566.4567890040922,558.5804478607345,564.6119711965154,1953200.0
2024-08-30,564.1531982421875,567.0781514336293,560.7025294187903,563.9620130101468,2944700.0
2024-09-03,572.2589111328125,574.1515106533793,565.7016722143604,566.3707913235276,3175500.0
2024-09-04,577.5162353515625,581.1103078317052,571.4942795154503,573.5207147067574,2935000.0
2024-09-05,569.2095947265625,579.2557726596442,563.6464382257785,577.5256546162196,2144800.0
2024-09-06,570.5383911132812,574.1037594253634,566.1222864363808,569.5729552769752,2926400.0
2024-09-09,567.8810424804688,573.023615964651,549.8820936273719,571.914834975532,3411400.0
2024-09-10,572.593505859375,578.1088232931594,565.0612630645777,568.9420839285741,2863500.0
2024-09-11,563.7230834960938,565.3002888382542,553.418799722609,563.1400180899551,3563600.0
2024-09-12,562.4517822265625,564.449571839257,557.4717477278444,562.556972036792,3395800.0
2024-09-13,568.0913696289062,571.3030715012628,561.3142411166707,564.994367227595,2241900.0
2024-09-16,565.1368408203125,574.3936383258106,563.8130611068353,570.7580743581694,2548600.0
2024-09-17,554.4122924804688,562.8153360700483,552.9062517047412,562.1343009534886,3416000.0
2024-09-18,556.9927368164062,560.7050576312785,548.9925057167219,553.3571144254605,2988300.0
2024-09-19,553.55859375,561.0024394512586,551.1700525416585,559.9376193964466,2945700.0
2024-09-20,551.5728759765625,555.2564492922114,546.4408735064061,548.4073390067272,5398700.0
2024-09-23,550.0477294921875,555.82247745568,548.695202394444,553.0022585140234,2386100.0
2024-09-24,551.7551879882812,553.7888087039632,542.9396113907248,547.5632384287316,3188500.0
2024-09-25,552.8295288085938,557.4339517773349,549.7311467083969,554.325967737145,2658800.0
2024-09-26,551.3906860351562,553.1077355239908,547.6495591473891,551.572947264015,2751900.0
2024-09-27,558.1438598632812,562.8058950325122,553.0982154355224,554.1437731490131,2986200.0
2024-09-30,560.8585205078125,562.5276187509104,555.1605301150622,559.7266039814406,3009700.0
2024-10-01,559.5347900390625,564.7148030511676,557.1078994343112,561.1655392131267,2648400.0
2024-10-02,568.1776733398438,579.8902257270182,560.4460620571664,579.6408094681548,3667000.0
2024-10-03,568.5997314453125,569.0601561869915,560.56115105581,566.5469068913005,2645800.0
2024-10-04,567.1129150390625,571.8420463985938,564.4653555813477,568.0050172826981,2462600.0
2024-10-07,559.7842407226562,568.3024510381938,559.5636302582329,564.8011381418451,2591100.0
2024-10-08,557.8848266601562,565.2039638835496,555.9471083532574,564.1007946685813,2231400.0
2024-10-09,567.1319580078125,568.6476006285839,556.9542541665338,558.4410909708947,2207700.0
2024-10-10,573.3480224609375,574.5470939239441,568.6092896971988,570.9306756560245,2143200.0
2024-10-11,573.683837890625,577.0124912905957,571.9092352389952,572.1873987889091,1909700.0
2024-10-14,580.734375,583.8327572483278,573.0411129548323,574.7006092973608,2447100.0
2024-10-15,533.625244140625,546.4889178462803,520.8767351802204,529.52925511521,11939400.0
2024-10-16,548.0621337890625,552.7049066918223,532.5029487385505,534.3159592269217,5103900.0
2024-10-17,542.9684448242188,546.268233773505,535.9562176617255,537.7404807601907,5588700.0
2024-10-18,546.4025268554688,547.6879573758456,540.1001994810699,543.7549673869448,3687000.0
2024-10-21,548.1867065429688,555.6785617897942,545.5296038025289,546.4313079495777,3018000.0
2024-10-22,546.642333984375,549.6927650780232,542.450384397169,544.7142175033857,2593800.0
2024-10-23,541.6350708007812,550.7480154010877,537.1841027549053,548.8198988073808,2911900.0
2024-10-24,537.9610595703125,548.4073851431685,537.4814309421565,541.9707478758861,2590200.0
2024-10-25,541.5582885742188,548.2155364506569,540.6469824469881,543.093076805457,2513700.0
2024-10-28,542.2105102539062,545.1746406532916,539.879522370154,543.1793693577249,1826500.0
2024-10-29,539.2273559570312,544.5512227088518,537.8172171625871,539.8892458914797,2600300.0
2024-10-30,540.0234375,547.0739542801273,538.0953212205565,538.3830866618738,2323600.0
2024-10-31,541.5007934570312,545.2898718348389,538.028286409613,538.028286409613,2490000.0
2024-11-01,544.43603515625,547.0931964385574,540.9251794297041,542.0954451557476,2548300.0
2024-11-04,535.044921875,545.4240920898832,532.7906322640359,543.6494310920925,2656600.0
2024-11-05,543.927734375,545.5680270059872,531.8123091133573,535.5342323911934,2608100.0
2024-11-06,572.3792724609375,580.8303274012551,566.7771837565708,579.2955390554018,6591300.0
2024-11-07,580.7822875976562,582.8830632225965,571.861207283624,574.2976995115969,5254300.0
2024-11-08,590.7203369140625,594.5477648299426,580.5426292666125,584.1877959222874,3875800.0
2024-11-11,599.7755737304688,605.0322845336295,588.9071730900256,591.7657994038937,3003200.0
2024-11-12,589.6266479492188,599.0369593971249,588.7729534783339,594.3366339175891,2809400.0
2024-11-13,581.1852416992188,588.0343531796206,578.4897309074198,588.0247512384434,3409400.0
2024-11-14,568.9835205078125,581.3099540345559,564.9929771451452,578.892606777333,3079200.0
2024-11-15,568.1008911132812,574.5279262699136,565.9138150720325,567.8035237136426,3423900.0
2024-11-18,565.6260375976562,569.9330931051081,561.4724374825843,565.4245725060198,2577100.0
2024-11-19,553.4915161132812,562.9306346277159,553.2709056482468,558.9784403014896,3198300.0
2024-11-20,576.0339965820312,578.086821212645,557.856059418177,558.968830649979,3928600.0
2024-11-21,573.1466674804688,579.3914422271882,572.4176225231638,575.5544128084651,2722900.0
2024-11-22,566.79638671875,576.7630846545985,564.686008835312,574.1730780953073,3197900.0
2024-11-25,581.1468505859375,584.9934816216629,570.767679857502,573.2329780770041,5146200.0
2024-11-26,582.0677490234375,583.6792943530866,574.4800491111201,583.4586838970605,2693600.0
2024-11-27,583.593017578125,592.2934891605468,581.9814721833069,586.1350730895588,2269800.0
2024-11-29,585.3388061523438,590.6914781882969,581.9046486835576,583.9958225359595,2010800.0
2024-12-02,583.7272338867188,588.9839448216208,576.2929902835142,588.9839448216208,3364900.0
2024-12-03,580.5712890625,590.6626948046447,580.1780193225952,585.9623105171601,2329900.0
2024-12-04,585.90478515625,597.4542813070711,582.2404149944798,586.1254541632277,4147600.0
2024-12-05,555.3811645507812,584.178087104217,550.5081796771568,580.9645986051931,5943700.0
2024-12-06,527.22705078125,558.3933145332244,521.9703389320716,558.3933145332244,13003600.0
2024-12-09,539.8414916992188,542.1140078842855,524.4537842169498,531.5409832210477,7684700.0
2024-12-10,544.2421875,546.7073030633776,536.3846500082936,541.1704171230616,5360600.0
2024-12-11,513.7555541992188,537.4148529813656,512.9273841173434,535.0652855011919,10363000.0
2024-12-12,496.6441345214844,514.2080867320252,495.132317176275,511.82966180779664,9403800.0
2024-12-13,501.1890869140625,507.9778351223707,491.7908482282568,496.52850794617785,8202900.0
2024-12-16,480.0238342285156,502.3639722701756,477.69351502196486,498.80109554738436,8880000.0
2024-12-17,467.52490234375,477.23131837643746,458.18443625643096,468.9500588924153,14132700.0
2024-12-18,481.1986389160156,487.7658730347115,467.9871486870852,470.3270773777629,10147600.0
2024-12-19,471.1166687011719,484.9829480140567,468.2182205181586,481.6030609817622,7418100.0
2024-12-20,481.5934753417969,484.01045555567634,470.61600423252077,471.15524636515244,10956900.0
2024-12-23,487.5732116699219,489.9227788292284,480.5533971084492,482.2000395053847,4286000.0
2024-12-24,487.3421936035156,487.3421936035156,482.0364038118292,485.70518971468755,1824400.0
2024-12-26,492.20501708984375,493.2353368759865,486.0229808270205,486.90886600636674,3387000.0
2024-12-27,491.0879821777344,494.1597520008485,488.97914886628007,490.5391306998208,3471800.0
2024-12-30,488.9791564941406,490.8376463243684,482.1038049746117,488.07399380814104,5408600.0
2024-12-31,487.1110534667969,492.06056128069343,484.6844640176999,490.47172190141004,4214000.0
2025-01-02,485.8110656738281,493.1293590020707,484.6362820586755,489.17170439681524,4234900.0
2025-01-03,493.9864501953125,497.1544902868293,486.64887838547804,487.5829280145234,3019500.0
2025-01-06,494.631591796875,501.0158657040778,490.9243096589105,493.98644077705137,4444800.0
2025-01-07,495.19012451171875,500.245541436729,492.27242791902967,499.6196091653916,3914500.0
2025-01-08,505.0794677734375,505.2238729835021,490.6257816196256,495.4308253127627,4141700.0
2025-01-10,501.3914489746094,515.6044022646025,499.2536992102441,507.120933366305,5467500.0
2025-01-13,521.0834350585938,527.1114265282164,513.3799436005152,515.2094875580235,6472500.0
2025-01-14,523.5870971679688,524.3670734029969,516.6635811961091,519.6487196900669,3978300.0
2025-01-15,523.2789306640625,526.0425536870702,514.5258708874359,517.1931649977068,4103900.0
2025-01-16,491.665771484375,519.8316950698609,491.09764244400503,510.69337780488144,9059900.0
2025-01-17,490.8665466308594,502.47955910840795,484.16448706411643,486.8799751961679,7495700.0
2025-01-21,505.5320739746094,505.54171274424414,493.8131520613359,494.9975452666956,5682100.0
2025-01-22,500.45733642578125,505.0024273300034,496.8752408077329,502.3254356122954,3756100.0
2025-01-23,510.1348876953125,511.78147149329106,500.07218952986057,508.3052848386923,4580800.0
2025-01-24,512.7733764648438,514.8147973478195,505.06988369195807,508.5364319305624,3671200.0
2025-01-27,523.375244140625,531.4542363817326,519.9664114536503,519.9664114536503,4263000.0
2025-01-28,522.373779296875,526.2448028756102,517.9057985565764,522.8841638583613,3162700.0
2025-01-29,518.1561279296875,523.3367312093762,514.217750399545,521.651592266767,2737600.0
2025-01-30,525.3492431640625,526.8321441305621,515.170997891285,519.4752955878714,2924700.0
2025-01-31,522.3834228515625,528.8061929776316,521.3434349544825,523.1056252408995,4120500.0
2025-02-03,527.862548828125,533.3801564303395,521.0160840903538,521.9116080255365,4083600.0
2025-02-04,525.2337646484375,528.4692174229714,521.4397922060308,524.9930305055766,2869900.0
2025-02-05,519.8027954101562,520.659823076013,502.5662070356889,511.059314765079,4621600.0
2025-02-06,510.3948974609375,519.1191007599502,505.80172981617335,517.9539850814585,3926800.0
2025-02-07,507.49652099609375,512.6578472342534,505.9172908152727,509.58607702954123,3349100.0
2025-02-10,513.6015014648438,514.3622002380824,503.9817740130458,508.1127509638787,3143100.0
2025-02-11,514.131103515625,527.2462955736368,508.6905468783045,515.1710915213007,2631900.0
2025-02-12,507.8527526855469,522.2486068829112,506.0327885266688,519.8412655424848,3859200.0
2025-02-13,511.4925537109375,514.5258269027312,507.56375671322706,511.2229620788748,2835100.0
2025-02-14,504.1069030761719,513.4377602334682,503.52910590486795,509.3934151262628,3705300.0
2025-02-18,482.17120361328125,496.8752333705166,478.5794398936952,492.0027770376086,8759300.0
2025-02-19,492.0990905761719,492.8886761939209,479.686824647971,482.74895574852115,4380300.0
2025-02-20,483.7985534667969,489.58578166006384,481.6993296315922,486.46587690558766,4144300.0
2025-02-21,449.1328430175781,452.29127347602594,422.2476437403602,423.2587152832044,19864900.0
2025-02-24,444.4144592285156,450.6542985569018,440.06199666774387,449.383215277445,6919300.0
2025-02-25,452.9460754394531,453.31199601118453,433.3888374810884,443.6922403961831,9101000.0
2025-02-26,446.40771484375,455.51708562668824,441.217502548601,447.4284251515861,5108400.0
2025-02-27,451.1935119628906,457.7799939194948,447.78470861628784,448.8921090707174,4216800.0
2025-02-28,457.3562927246094,458.70439789105,447.2647374331209,449.691326732714,6146300.0
2025-03-03,449.739501953125,459.5807146264819,447.96770223526414,456.78820452101087,5700200.0
2025-03-04,457.019287109375,461.44880097341695,449.17136035798563,452.33942973324366,5864100.0
2025-03-05,458.33856201171875,461.3236418880475,453.55276605366333,453.61053989730243,3637100.0
2025-03-06,469.6434020996094,470.0285708314511,454.5060387849559,458.35778487635383,4964000.0
2025-03-07,475.18988037109375,481.39119333533085,465.4545777763552,465.8975203062328,5434100.0
2025-03-10,464.3976135253906,481.4467413693105,461.97030407947284,476.06025579580074,5108900.0
2025-03-11,470.0258483886719,470.7317772897896,461.4190935777406,466.60247687526225,4101000.0
2025-03-12,465.25830078125,471.5344873477838,463.04377329633445,467.2214443657883,3680800.0
2025-03-13,465.65478515625,468.11110506044207,459.34961786796885,463.6530103033533,2876600.0
2025-03-14,472.5498352050781,473.3234943180056,462.48282287220553,465.1518951656696,3915900.0
2025-03-17,482.57818603515625,484.11579487935984,469.938841243905,471.4474397141455,5152300.0
2025-03-18,487.20068359375,489.2991989788561,481.4177327345897,485.6920851511796,3617600.0
2025-03-19,486.6204833984375,489.66669070253965,483.58392654423744,488.39985519031916,3317600.0
2025-03-20,494.4535827636719,497.4417988520735,486.9202703497666,488.6029310693066,4965400.0
2025-03-21,499.8206787109375,501.8998636052843,488.4481700778051,494.8210376368545,10244900.0
2025-03-24,499.48223876953125,501.1745793655558,494.27949552953476,498.1090417840921,3840900.0
2025-03-25,496.5133972167969,501.8998828107865,494.6760047042984,501.2036338483094,3015100.0
2025-03-26,501.126220703125,505.7197164427369,495.9524585082278,498.2250654991596,3253800.0
2025-03-27,498.7279357910156,503.91137839950665,496.04924238866363,499.27916241077554,2822200.0
2025-03-28,499.0373840332031,503.8146222326559,498.0800122057926,499.84005354497594,2379100.0
2025-03-31,506.49334716796875,510.7193585360107,501.50338617652153,502.0739136477288,5238700.0
2025-04-01,505.88409423828125,510.76769365028247,503.7856085193956,508.41776503874496,2962500.0
2025-04-02,505.9615173339844,507.70219878212004,499.7723621582153,505.7197543821834,2378900.0
2025-04-03,522.6334838867188,530.4279191341781,511.850832568129,512.5277806416825,6457900.0
2025-04-04,507.7505798339844,533.5611969760955,507.5475367138307,522.8269446745315,9919000.0
2025-04-07,507.4120178222656,511.763750292398,486.99754193276584,496.48434586876306,7356700.0
2025-04-08,534.85693359375,565.7348851460388,529.4221081393664,562.9884325382723,11762300.0
2025-04-09,559.439453125,569.9803411064214,536.1915496491932,541.6843966609358,12691900.0
2025-04-10,574.8156127929688,582.0491413599677,560.890043281153,561.1221262689903,8646000.0
2025-04-11,579.718505859375,586.3815068311443,567.2049124109151,569.5161213212456,6121500.0
2025-04-14,567.7174072265625,576.0050479417391,560.2033961191361,575.3958006073989,4839300.0
2025-04-15,564.36181640625,573.3263469398769,562.8338579529812,572.726779513435,3871300.0
2025-04-16,565.7639770507812,575.2120922454072,563.752551757148,566.0347798927083,4192100.0
2025-04-17,439.1479187011719,473.6523524947667,432.36890503439474,466.0706692341706,29120200.0
2025-04-21,411.3161315917969,438.5579939475705,410.81327527710954,434.94122963760134,13029900.0
2025-04-22,413.105224609375,417.28289591089595,403.3766848316078,410.64893402582913,10156900.0
2025-04-23,413.8594665527344,424.39067447670425,409.78818687103757,412.99880582511463,8345700.0
2025-04-24,410.2716979980469,415.73553439071446,409.6914610554457,413.4823168366401,7629100.0
2025-04-25,404.8465881347656,409.6044665629202,398.4446802955204,409.6044665629202,9263800.0
2025-04-28,406.1617126464844,410.1459609152749,401.85832079099487,405.91994972229,6614300.0
2025-04-29,395.74658203125,407.8540588198841,395.62086058697855,407.31251222308106,9909100.0
2025-04-30,397.8837585449219,399.6437997427696,387.78773631578423,395.553160378732,9192800.0
2025-05-01,387.47833251953125,398.4156867046951,386.6853429107409,397.7677784846957,9316800.0
2025-05-02,386.7433776855469,388.7548324902311,380.15772762583055,386.7820385097342,11392900.0
2025-05-05,391.47222900390625,396.20112637756483,384.49011396641765,385.96970201048,8157200.0
2025-05-06,381.5115966796875,391.3851868185713,380.45751380992533,389.52843446671955,7858600.0
2025-05-07,378.1752624511719,382.48830507783794,372.9918791347592,382.32392280385983,8517200.0
2025-05-08,372.8468017578125,378.0398946035448,372.6727395204123,377.15019398114663,7218300.0
2025-05-09,368.0986022949219,373.8138523221996,366.06778766228564,372.96287154920515,8381100.0
2025-05-12,366.2708740234375,374.45212409467786,364.423801519916,368.44674060179455,11004800.0
2025-05-13,301.12060546875,330.73172797036256,298.91572846276415,324.6779740320687,59478300.0
2025-05-14,297.86163330078125,312.299709540449,296.9912630742187,310.8588118074472,40029600.0
2025-05-15,265.3106384277344,267.53484552142146,240.67983057540926,265.84250505515826,121849200.0
2025-05-16,282.2920837402344,284.7870643040033,260.27232571627866,270.0878952104499,71094300.0
2025-05-19,305.4820556640625,305.8688705429282,287.4561930905014,294.7284131542609,62524700.0
2025-05-20,310.9844970703125,313.943702655314,302.28103108828424,310.34626886892585,41487000.0
2025-05-21,292.99737548828125,299.7473784064457,290.18325110798406,291.0826022313145,45506900.0
2025-05-22,286.895263671875,295.59872966499546,282.8626447764148,284.20686091226094,27159600.0
2025-05-23,285.83148193359375,289.8254102307649,282.0309757838797,286.3440181610712,16873600.0
2025-05-27,285.2802734375,290.0671915254351,279.60368424391345,289.63200642213985,20144600.0
2025-05-28,288.28778076171875,293.7709771264531,283.6169338312301,284.3132122662428,16114200.0
2025-05-29,288.3458251953125,293.3841564081161,285.2802582484813,287.02093954482785,16221100.0
2025-05-30,291.9626159667969,295.56972984823045,286.0926043877836,288.1524294683198,16309300.0
2025-06-02,294.6800231933594,303.21907753009026,291.05357897391764,293.13273442398184,19074400.0
2025-06-03,291.2953186035156,295.6470513184869,290.1251942924269,293.1133805485914,12805700.0
2025-06-04,290.4830017089844,297.50380667227756,290.30893948148366,293.53888869966147,11255600.0
2025-06-05,286.0925598144531,292.4557762698312,284.4195498167771,290.4829826182471,13529000.0
2025-06-06,293.22943115234375,294.36089467874035,287.3594199802387,287.43680064656314,12589000.0
2025-06-09,293.200439453125,297.2717192934336,291.21799505544686,294.98949119683004,12170300.0
2025-06-10,293.7806701660156,295.066836055353,290.6860926477361,293.7903206156568,11384100.0
2025-06-11,300.3276062011719,301.3139884179278,292.2720776508007,292.7072332558053,14711400.0
2025-06-12,308.0059814453125,308.2960851646059,298.3451439358376,301.13990813862165,15957200.0
2025-06-13,303.1997375488281,306.9615830661931,301.63311841740847,305.49164550124414,13762400.0
2025-06-16,299.6352233886719,305.09888195336697,296.8400871414289,304.8359351372026,14240100.0
2025-06-17,300.81365966796875,301.86550639453924,297.5510326344616,299.4307145369339,11593900.0
2025-06-18,299.187255859375,303.65753044976987,298.24255536500516,299.52810296553935,12205600.0
2025-06-20,294.132568359375,301.51484327258163,293.7235103008663,301.427194343239,16177900.0
2025-06-23,292.8372802734375,294.5805995721258,287.81186629372377,294.02545989331065,12274700.0
2025-06-24,297.6484375,297.84323274198323,291.5224927150727,293.58722122671986,8781400.0
2025-06-25,294.142333984375,296.44079303093093,291.98023755281656,296.44079303093093,8722100.0
2025-06-26,294.7266845703125,298.7100005442105,293.431388359581,294.6780006210415,6532700.0
2025-06-27,301.04736328125,302.35243775532797,294.3176253430224,295.0480628350502,15304400.0
2025-06-30,303.83282470703125,304.2321341608617,298.3496683780061,300.940290627669,10074100.0
2025-07-01,317.6332092285156,318.0324889235734,302.9659962707237,303.83279640669696,17865500.0
2025-07-02,299.5378112792969,314.01022857787615,298.4372806770748,312.37402596950074,18177200.0
2025-07-03,300.5019836425781,304.10548729418315,300.1903528893154,301.75834449819746,6161100.0
2025-07-07,295.7882385253906,300.5604245061098,293.34372777038345,299.9663495736371,9031200.0
2025-07-08,299.6741638183594,300.2584900286108,295.8758651222612,296.2946718683778,9613800.0
2025-07-09,295.0091247558594,295.6811296875477,290.9576275306009,295.2818202555604,12816700.0
2025-07-10,291.6978454589844,296.9764581455996,288.8637438569067,295.1552383902757,11355600.0
2025-07-11,296.1680908203125,296.1875584556225,290.22719267690536,292.194493820114,9808200.0
2025-07-14,292.7398986816406,296.10967220935396,291.2011232150572,293.7722778335495,10681400.0
2025-07-15,284.1012268066406,292.8372606275845,283.43897059647327,291.8925602577717,16019000.0
2025-07-16,284.86090087890625,288.2696095060878,283.16629524372746,284.91933350621724,9714000.0
2025-07-17,280.5561828613281,285.3575849215391,276.4267559610054,284.7050476737463,14792700.0
2025-07-18,275.27752685546875,280.5561680163689,273.4855238402373,280.3808701578474,14979700.0
2025-07-21,274.7808837890625,279.0271465168168,273.8653996740732,277.215675643485,10319200.0
2025-07-22,277.6929016113281,279.6212378512371,274.644537275477,275.25810961420507,14600300.0
2025-07-23,284.8804016113281,285.0070155458623,277.51759326709913,280.0010691219835,13111100.0
2025-07-24,271.3136901855469,281.66642904138746,270.9630944541488,275.71581251250757,22585200.0
2025-07-25,273.72900390625,278.6765169992143,272.63822204305126,273.6705712865484,16486600.0
2025-07-28,274.7613525390625,277.5662371648118,272.39474228167774,276.10536223236545,15779400.0
2025-07-29,254.2604217529297,265.79159108670376,253.7539660834694,258.7696605057369,41706000.0
2025-07-30,259.1007995605469,259.67540683003745,251.38736644618226,257.89312267743446,22371800.0
2025-07-31,243.0506591796875,254.5818298110454,241.28787225857226,254.5818298110454,29606900.0
2025-08-01,231.56817626953125,244.9303144871565,228.48086213583068,244.07326304181245,39989200.0
2025-08-04,234.69444274902344,235.93132112191168,230.7695596277883,232.0259204957428,17427900.0
2025-08-05,244.45310974121094,245.49520782029916,233.78872406131222,234.8697722725277,23795900.0
2025-08-06,239.36924743652344,246.5567575010141,238.91150539464564,244.10248323446783,12946400.0
2025-08-07,238.2882080078125,242.26179010723808,233.25306022385337,239.99256231007448,11369900.0
2025-08-08,244.34596252441406,244.53100907684876,237.9960214207692,238.40506465525084,10185700.0
2025-08-11,245.787353515625,251.66007004429798,245.56335683501533,247.24822856973847,11779500.0
2025-08-12,254.74742126464844,256.0232498786726,247.05346972616604,247.39434654614095,12171800.0
2025-08-13,264.7203063964844,265.09039951268255,256.032985730441,257.49386083864647,19480300.0
2025-08-14,264.40863037109375,266.70708919484196,260.0357539817072,265.002735002078,25011100.0
2025-08-15,296.0804443359375,302.206359369574,287.02300061610106,293.84041795031777,68198500.0
2025-08-18,300.4435729980469,308.14725816743027,299.40150464902877,305.0112449986687,39600500.0
2025-08-19,296.3044128417969,302.40114100878935,291.4056129379895,300.8428683153138,22348600.0
2025-08-20,292.0191955566406,299.18723831157894,287.98719565577204,298.4080870764875,16679000.0
2025-08-21,295.43768310546875,298.5736965589074,290.03242674196184,294.4053336197017,13359000.0
2025-08-22,299.4014892578125,302.5764375343802,296.63553963540966,298.11591206231475,14930000.0
2025-08-25,296.90826416015625,300.81368007561,294.8338463228724,300.4435869326935,8917100.0
2025-08-26,292.59381103515625,300.9013199783567,286.5263285185443,296.37261289640145,16303200.0
2025-08-27,295.9538269042969,297.9893093462997,292.66198353207716,292.70094852414064,9982800.0
2025-08-28,294.4052734375,296.52840460843896,291.5906400432071,296.3141417558576,11235000.0
2025-08-29,301.7875671386719,301.91418106683005,293.0612817111696,294.41501048718345,12065400.0
2025-09-02,300.7454528808594,304.72879817738675,299.28457789007496,300.268243228108,10957100.0
2025-09-03,299.8494873046875,301.51487658937236,295.7785225103111,300.07346913056483,9654600.0
2025-09-04,302.2843017578125,303.7743932759974,296.16810543016436,298.1159390341489,7725700.0
2025-09-05,307.16357421875,309.6470496882431,300.16111140772637,302.3426751055266,14126700.0
2025-09-08,311.8968200683594,313.2602974904627,305.61504552729724,311.3708967335557,18438600.0
2025-09-09,338.8451232910156,342.5362463146478,318.6266023750954,323.8273141699113,46408900.0
2025-09-10,337.7348327636719,339.4781519824642,332.49515615094765,336.54665319825267,17804300.0
2025-09-11,344.38665771484375,351.56444850348964,336.81933592601155,339.89691615463136,18943500.0
2025-09-12,343.3153991699219,352.8597713233265,343.2666855000246,346.6169614598537,14016200.0
2025-09-15,340.9534606933594,344.6972712574788,335.7003177947291,344.2562617205344,11035900.0
2025-09-16,333.005126953125,342.0805014268064,331.5742462609258,340.57119910514825,12695800.0
2025-09-17,334.79864501953125,336.1609442520178,330.9568224057415,330.9568224057415,8467700.0
2025-09-18,328.14404296875,338.05244567780335,327.45798828050584,336.6803662104043,11255600.0
2025-09-19,329.97674560546875,334.16159537316497,327.18356573028825,329.7905316198508,13656800.0
2025-09-22,334.4948425292969,335.6513373618812,325.96832887765663,327.7912281730855,8903700.0
2025-09-23,340.7574157714844,345.66753101419107,333.1815333788629,334.2008052062361,12504100.0
2025-09-24,344.7952575683594,347.43162404765394,340.9044142070616,343.217373716776,9016300.0
2025-09-25,338.6698913574219,343.2075787683629,336.7489800892123,341.9432916493518,8104900.0
2025-09-26,337.2193603515625,342.9919337348455,334.49479209209557,340.99260101141846,6774700.0
2025-09-29,338.2974853515625,338.6601031752857,334.641876568426,337.1214299699541,6878900.0
2025-09-30,338.4150695800781,342.3549341542898,335.50428705679644,336.8959869118207,7429700.0
2025-10-01,341.3552551269531,341.74730347810174,334.8182646079004,337.042992446128,8825500.0
2025-10-02,346.66717529296875,348.00004388575104,337.77801491718446,340.36539029247416,8564200.0
2025-10-03,353.01800537109375,360.6624696666976,349.49955984972655,350.12681328377096,13494800.0
2025-10-06,351.61651611328125,355.2917453013463,349.9896110702735,353.8314638081978,7181700.0
2025-10-07,356.4090270996094,357.4478894842047,350.9206788979734,352.24376737921204,7236200.0
2025-10-08,362.544189453125,367.16026853084173,358.50631288504906,359.613786634634,9438300.0
2025-10-09,360.3586730957031,368.7185931947143,358.7807591507652,365.0923551123336,8759800.0
2025-10-10,347.431640625,362.03454422093245,345.4813287153903,362.03454422093245,13141900.0
2025-10-13,351.5086975097656,351.9987280315978,346.27517512568846,347.6668450586018,5659400.0
2025-10-14,352.75335693359375,355.1054974076654,346.35355964789164,347.8726721794402,5974800.0
2025-10-15,353.9490661621094,356.9578609672659,348.7547542094708,352.2241789356418,6579600.0
2025-10-16,349.5583801269531,354.7820922478407,347.3336224508748,354.62527889422057,5872100.0
2025-10-17,349.48974609375,351.2440635956089,343.83477518399866,344.00139870804355,8608400.0
2025-10-20,357.2126770019531,358.2809400014152,350.3816500053927,351.3911117321571,5996500.0
2025-10-21,358.0848693847656,363.6516084782733,354.29203824215006,357.85947450501646,6885300.0
2025-10-22,354.2822265625,356.74218914094564,350.8618233858751,356.7029783280342,7833000.0
2025-10-23,353.2630310058594,355.0565296362527,346.5888173917132,348.4901083853841,5756700.0
2025-10-24,355.2720947265625,358.1338858633925,352.85134298130356,354.1646210665127,5462100.0
2025-10-27,358.6827697753906,358.9179748669274,354.1940732179572,356.252207496177,7766400.0
2025-10-28,360.5056457519531,373.4032524981995,351.4792920385495,373.0896257903608,18858700.0
2025-10-29,348.1764831542969,358.8493319750526,346.82399417826383,357.01662267617155,11874900.0
2025-10-30,337.8760681152344,347.47087476925253,336.7490038190758,340.5908266262187,11441900.0
2025-10-31,334.7496643066406,339.37555385884514,330.39819066392744,337.52325394705144,8390800.0
2025-11-03,327.13458251953125,333.9068078868114,320.08794125774733,332.36810487769543,11181400.0
2025-11-04,324.23358154296875,329.79054081416064,320.6759850821896,321.09740415229965,9646600.0
2025-11-05,321.2052001953125,323.62595219451543,317.7553960532753,319.7939098851405,9697100.0
2025-11-06,315.1484375,325.7428953487219,315.0406451379028,322.3617025788201,7922100.0
2025-11-07,317.74560546875,318.07882265849594,307.8960032344128,313.2863393626572,9402900.0
2025-11-10,315.16802978515625,317.7848060357201,310.8459867308537,313.6097362529,9283800.0
2025-11-11,320.9209899902344,321.3227886847148,313.5019209593692,316.8537128676349,7157800.0
2025-11-12,332.2994689941406,336.3275351202159,320.55832784518265,321.9010364932658,10403300.0
2025-11-13,325.889892578125,332.2700996432553,324.6844366173477,331.6036653013031,7788700.0
2025-11-14,315.4424133300781,321.6658065479886,314.09973457010733,320.4309500487702,8676500.0
2025-11-17,314.129150390625,321.34241512007077,313.06088745762,314.2075720220705,6485400.0
2025-11-18,307.3275146484375,311.16936692129127,302.61342363993174,310.6891466030926,9182100.0
2025-11-19,302.92706298828125,308.7192273184903,298.4579870426836,307.67055482846513,8181100.0
2025-11-20,305.3282470703125,308.4742348638782,303.81894458396266,304.6127916915999,7337600.0
2025-11-21,313.5901184082031,317.3829496811602,305.23019930011,305.6908291650661,8406300.0
2025-11-24,312.6884765625,319.35290987224755,311.2869963920142,318.0592220645265,10773800.0
2025-11-25,319.7743225097656,321.4600287348608,314.5015892042089,314.71720383448,6149100.0
2025-11-26,323.1358947753906,328.50663967041567,319.3920845924249,320.078109327525,5504200.0
2025-11-28,323.1947021484375,325.43905019177237,322.33227360022175,325.05684195811017,2464500.0
2025-12-01,316.7655334472656,323.478957830369,316.58912963096105,320.6367866787963,6154600.0
2025-12-02,318.06903076171875,322.1460884369951,316.3637041471038,316.92234613997925,7978100.0
2025-12-03,332.9365234375,334.60263914868636,318.529644271779,319.4998951185618,9770000.0
2025-12-04,326.8405456542969,334.4556390535126,322.16566527513515,332.63270997198805,8061600.0
2025-12-05,324.31201171875,329.0162928832224,321.9598711365138,328.3204578992349,5906000.0
2025-12-08,319.2998352050781,324.70669087301354,318.52037286650165,324.31203668860735,4782800.0
2025-12-09,319.28009033203125,322.00322508793437,318.1750466501944,318.8459617269979,4628400.0
2025-12-10,323.9864196777344,324.341629514822,315.33350563746524,318.44144868860934,5910500.0
2025-12-11,332.2348327636719,334.7211811769636,324.37122709653676,325.95971994414947,7513200.0
2025-12-12,337.2765808105469,340.3746776267931,332.86625216530695,332.9945215393808,7979000.0
2025-12-15,336.5464782714844,340.35493459808333,332.50120535931967,336.4379310634787,6447200.0
2025-12-16,329.7386169433594,336.43795231748607,326.61092153589937,335.875584402924,6334000.0
2025-12-17,327.2029113769531,331.04096617925336,326.0682693196749,329.15646010386473,4685600.0
2025-12-18,323.7594909667969,325.77223619210525,320.23714165723425,324.53892313779187,6354900.0
2025-12-19,323.0491027832031,330.1332457701224,321.71711865698285,323.6805434123363,10553000.0
2025-12-22,320.81927490234375,325.3973174895482,317.3561220691985,318.58943517385893,7872400.0
2025-12-23,320.46405029296875,323.42400160765817,319.4379555165406,319.6747419864576,4463300.0
2025-12-24,323.20697021484375,324.59815108761563,319.80304392248206,320.85876722532225,2842700.0
2025-12-26,327.40020751953125,327.4594342482506,321.90458736412984,322.8320412014528,4359300.0
2025-12-29,324.548828125,329.787940036587,323.89763516121945,326.4728087048146,4346800.0
2025-12-30,327.7257995605469,331.66252501027776,325.1111820298963,325.3282463216964,4432500.0
2025-12-31,325.70318603515625,328.8802018879278,325.47627568793376,327.88370534581946,4285200.0
2026-01-02,331.9092102050781,335.71769665499096,323.1280270938765,326.4826326508298,6863600.0
2026-01-05,337.4541931152344,342.3085268229226,329.3932753932535,330.97192221503246,7956600.0
2026-01-06,344.3114013671875,347.90279327098006,340.5127911940015,343.6996829189171,9441900.0
2026-01-07,337.13848876953125,345.4361929991165,333.52734431693204,344.3213032237757,7461400.0
2026-01-08,342.2197265625,343.2556975271264,336.2504730653109,336.4576913463828,5059300.0
2026-01-09,339.3880310058594,344.40020201938364,337.9080553379447,342.6143671222478,4129100.0
2026-01-12,335.9643859863281,338.0758024907637,329.48208469325857,336.86224159355777,7146400.0
2026-01-13,329.47216796875,337.27657641470313,328.4065987621919,336.9411188846722,5605900.0
2026-01-14,330.4884338378906,335.56967774923123,329.639928884428,330.8929641448377,5740900.0
2026-01-15,334.4350280761719,334.91850727155963,323.6805441940115,330.7252428593728,6943500.0
2026-01-16,326.6010437011719,331.7119162692861,326.01892350864483,330.38977807791053,8039100.0
2026-01-20,333.912109375,335.35264073207316,322.14137656345895,323.0293559592084,7596500.0
2026-01-21,343.1076965332031,343.4332779356386,334.168645798694,334.8987575018528,8933300.0
2026-01-22,349.7380065917969,350.2116096750548,342.14078564010657,342.54531596139657,7491400.0
2026-01-23,351.5041198730469,353.09261273920316,348.2777534390037,349.55054102610836,9082200.0
2026-01-26,346.9457702636719,350.05371308364437,342.6340826093485,349.2249303389971,10399500.0
2026-01-27,278.92608642578125,295.50180147620006,276.6567723884028,290.04562584533727,65836900.0
2026-01-28,290.094970703125,291.0027024164021,279.9324825435024,279.9324825435024,23396900.0
2026-01-29,288.3880920410156,291.65390288872567,285.3590676854078,290.40083744425385,13456400.0
2026-01-30,283.099609375,289.03926441710115,280.8993981188336,288.200605503728,12022200.0
2026-02-02,281.77752685546875,286.52331359037186,278.5117159450099,282.201779365365,8664200.0
2026-02-03,280.3863220214844,284.2441289542904,274.88082567321817,280.899399533992,10809100.0
2026-02-04,272.2366027832031,280.7020503139632,270.39154116696983,278.2453003524489,12944100.0
2026-02-05,264.9649963378906,273.1936885205944,262.73518654305985,270.62839103777486,13035300.0
2026-02-06,272.95684814453125,274.10136630983425,262.85355690624687,263.49487369356603,9572800.0
2026-02-09,272.01953125,276.43970583527863,269.6712984464802,270.4902050418196,10371600.0
2026-02-10,269.5726623535156,275.7589504136547,269.01026431799795,273.81524764104677,7284700.0
2026-02-11,275.18670654296875,275.95629276204994,266.198304439543,268.8030763257778,6333100.0
2026-02-12,280.57379150390625,282.4878958393087,272.1280658242715,274.4467004687212,12336900.0
2026-02-13,289.2760314941406,289.5424162609187,280.71191329863694,281.81695692254965,10281900.0
2026-02-17,285.23077392578125,290.3021716729731,284.4907860910092,290.07523123064414,6091700.0
2026-02-18,284.3526916503906,286.25691992582074,282.46818554567625,286.1286505407075,6632000.0
2026-02-19,286.0595703125,287.00677646545466,283.0601744920274,287.00677646545466,4931800.0
2026-02-20,286.1286315917969,286.9179399107358,281.73802502847053,285.04331007061916,6974100.0
2026-02-23,278.5708923339844,287.8749991147026,277.90985337545374,284.6979833712643,7247500.0
2026-02-24,270.29290771484375,278.63008610216724,268.1715851207944,278.4327740747045,9684500.0
2026-02-25,280.40606689453125,280.93883645242494,273.17390231272435,273.5883087457124,11380600.0
2026-02-26,282.8332214355469,291.31842132234294,281.42231851936197,283.1489568057956,10210000.0
2026-02-27,289.3549499511719,290.2034849465505,280.06072010966534,280.899378965855,9723300.0
2026-03-02,290.9928283691406,291.36776038144785,283.6620222891216,284.31321524046825,8141400.0
2026-03-03,285.34918212890625,289.8187076809586,280.56392119101315,285.13211781491367,7051100.0
2026-03-04,288.0624694824219,290.4107024732037,283.83960657712646,285.15186859441445,7796000.0
2026-03-05,284.9150390625,287.5000885291143,282.91213985723385,286.1779504316799,5397900.0
2026-03-06,282.6556396484375,287.44087037641276,279.27140562669894,283.5041446062434,6816900.0
2026-03-09,283.550537109375,283.5803655260448,277.0774975936055,280.39852614134315,10348800.0
2026-03-10,280.736572265625,285.9468043127463,277.3161057836816,285.74795833009716,6075600.0
2026-03-11,283.63006591796875,284.59455850401093,279.00647932593364,280.7763694963311,6878800.0
2026-03-12,275.47662353515625,285.9269470548217,274.7209602020642,283.1627358622739,10512300.0
2026-03-13,280.4880065917969,281.2735286763525,276.2323139355343,276.48089418495215,4737600.0
2026-03-16,283.8686828613281,285.767839547621,279.44397276937343,282.36727883683284,4854000.0
2026-03-17,285.9368896484375,287.3488084380985,283.22238246669014,286.16556405202414,5752000.0
2026-03-18,282.71527099609375,286.7621646688093,281.4624471949345,283.5803557381978,4544100.0
2026-03-19,278.8473815917969,285.91698928392157,278.4794876796185,282.3871618979052,5542100.0
2026-03-20,274.0249328613281,281.4922936115716,273.43828708670907,277.40561834190976,38893000.0
2026-03-23,268.00927734375,279.15560669620453,267.5618207785692,277.55476453204625,10424200.0
2026-03-24,270.73370361328125,271.8274627132414,266.0703359894755,267.34306557553816,5911700.0
2026-03-25,269.0135192871094,274.5121128941823,265.5930528118823,273.43825962603756,8121200.0
2026-03-26,266.5277404785156,273.08034278207333,265.66268603579573,268.4567257080549,6218800.0
2026-03-27,257.54901123046875,266.1499120468286,254.516344356629,265.98086412749376,10735300.0
2026-03-30,260.3033142089844,260.84022572405274,255.21239532653578,258.70244155156036,7774700.0
2026-03-31,269.0533142089844,270.33599678803927,261.11862175045525,261.506421503485,9170800.0
2026-04-01,272.424072265625,273.7365528939259,269.22235750517115,272.6527466700565,5473400.0
2026-04-02,275.6854553222656,277.45534552157113,269.98798496185265,270.74367864614135,6407000.0
2026-04-06,279.76214599609375,281.6911311912249,275.6755011928929,276.3019282869355,7097000.0
2026-04-07,305.982421875,310.6557125153819,299.0420501528358,307.0960565749332,22099800.0
2026-04-08,304.2423400878906,311.1926339297742,303.09884670162427,310.22814137902384,9645000.0
2026-04-09,305.16705322265625,306.1414986993597,302.41279505356766,304.08324700425817,5742000.0
2026-04-10,302.6016845703125,308.607391668382,302.4724483346268,306.20115193665987,5212900.0
2026-04-13,311.22247314453125,311.5406631473035,301.199730811355,301.5278433900291,7972200.0
2026-04-14,312.40570068359375,317.8048561417646,310.7352487756957,310.7352487756957,5864500.0
2026-04-15,312.2664794921875,315.9554320324556,309.3829548311358,314.20541746552016,5041200.0
2026-04-16,314.6031494140625,316.80059026538316,311.33182492038935,313.2111061223722,5205600.0
2026-04-17,322.78643798828125,323.42278766287063,315.33898324917396,318.2324307180975,9414700.0
2026-04-20,321.6429748535156,323.5520542213801,318.3020404433487,322.3489342821542,9050600.0
2026-04-21,344.0450134277344,355.648722319699,343.26944427388656,351.00526031661906,26097300.0
2026-04-22,351.5123596191406,356.52374610698536,347.11747765911315,348.8873678788304,11807300.0
2026-04-23,352.54644775390625,354.8234513171886,348.50950696242506,352.66576141761215,7255800.0
2026-04-24,352.9044189453125,356.24532290478834,349.3944670661433,354.4654798371856,8554600.0
2026-04-27,352.67572021484375,354.4654858887946,346.96832734783226,351.9001510435625,7256100.0
2026-04-28,364.6871032714844,367.5308771185002,353.6998683282982,354.8135029963465,10604100.0
2026-04-29,368.6345520019531,368.7339901692348,362.9371121823581,363.9214802466298,9046600.0
2026-04-30,368.37603759765625,369.87744160261,360.9385059451532,366.4172241064422,6879900.0
2026-05-01,366.6856994628906,370.78229715346583,364.9356847817637,369.8476329800702,4945400.0
2026-05-04,368.6445007324219,368.7240330587824,362.57913672838885,366.4569824541582,4916900.0
2026-05-05,361.8035583496094,369.6885161814855,359.75525962508635,368.3760355922912,6489000.0
2026-05-06,365.1942138671875,366.45699060703,356.21549649518977,361.0379593902868,6695500.0
2026-05-07,367.6402282714844,367.70983802248844,362.64874789161854,364.5578575186544,5235400.0
2026-05-08,377.8221130371094,377.8221130371094,369.87746743357553,369.87746743357553,6455100.0
2026-05-11,382.25677490234375,382.6246688242237,373.9343128299113,378.28944374742184,6949600.0
2026-05-12,394.138916015625,395.1630654325308,379.8405751710962,380.6758011703357,9236300.0
2026-05-13,398.8818054199219,401.85481542088894,390.7681426338459,394.24826604152645,8454100.0
2026-05-14,396.82354736328125,399.6175868268494,393.7510992453305,398.72270403378167,5342500.0
2026-05-15,391.61334228515625,395.3718745508767,388.0337805215488,392.0607685404387,9811200.0
2026-05-18,388.9087829589844,389.9130568930274,381.32210876906953,387.78519535837574,8400700.0
2026-05-19,387.02947998046875,392.74682548894975,385.3093241434657,387.78517361871184,5016800.0
2026-05-20,381.12322998046875,391.14600272737164,378.53801963676773,387.3377362764213,7783900.0
2026-05-21,380.3078918457031,383.9172514426562,378.3789067550467,378.95559956058275,4732500.0
2026-05-22,386.2638854980469,388.322137279522,378.846259230469,379.7510949944643,5598600.0
2026-05-26,374.71978759765625,384.32493184527755,374.27236136603494,383.8078958628703,6498100.0
2026-05-27,381.8292236328125,382.3462596379654,374.9485088403697,376.2808953624811,4544000.0
2026-05-28,380.35760498046875,387.0493961299752,378.7965137522062,382.77379769013777,4330800.0
2026-05-29,378.15020751953125,382.9328889810419,373.317822146985,381.6005025160485,10257900.0
2026-06-01,377.7027587890625,381.17295969749404,373.7851619834815,373.97405505590115,6623700.0
2026-06-02,375.7738037109375,377.9215103567756,372.5919643898307,375.83346054308475,3874400.0
2026-06-03,374.8590087890625,385.25959772485203,374.6700853756592,377.8419717237235,6808400.0
2026-06-04,394.21844482421875,399.1005645351637,387.606216297745,387.78518679364066,12666100.0
2026-06-05,397.201416015625,401.7454703246708,394.9443182415365,397.2710257691138,10897300.0
2026-06-08,404.2610778808594,406.3889089451397,392.74682423133754,394.87468563988523,6963200.0
2026-06-09,410.6545715332031,410.6545715332031,405.12614922049136,407.66165562372737,8590400.0
2026-06-10,405.1460266113281,413.61766096102207,402.2525488568183,411.1517339543602,6512900.0
2026-06-11,403.2468566894531,407.6517216421196,400.82071109845896,406.38891459163034,4938100.0
2026-06-12,406.20001220703125,407.5622574937536,402.5110897188582,406.6872501409831,7269600.0
2026-06-15,411.0400085449219,414.1600036621094,399.6499938964844,406.70001220703125,6777900.0
2026-06-16,407.6499938964844,411.75,406.5400085449219,410.67999267578125,4815100.0
2026-06-17,399.5299987792969,411.1600036621094,398.5899963378906,409.1199951171875,5838800.0
2026-06-18,400.9599914550781,406.20001220703125,399.1499938964844,402.7699890136719,11896900.0
2026-06-22,406.67999267578125,409.4599914550781,402.1400146484375,402.1400146484375,5818600.0
2026-06-23,409.25,409.8999938964844,402.8399963378906,409.5199890136719,6675900.0
2026-06-24,405.79998779296875,413.42999267578125,400.0,410.5400085449219,6858800.0
2026-06-25,415.5299987792969,417.5799865722656,406.6499938964844,406.6499938964844,6014400.0
2026-06-26,427.8900146484375,427.92999267578125,416.1600036621094,416.1600036621094,10588200.0
2026-06-29,419.82000732421875,426.70001220703125,415.80999755859375,426.5299987792969,5167400.0
2026-06-30,415.6300048828125,422.739990234375,413.25,422.7200012207031,5779800.0
2026-07-01,426.5400085449219,428.0199890136719,413.7300109863281,417.1099853515625,4985900.0
2026-07-02,425.3599853515625,430.20001220703125,420.5400085449219,428.1300048828125,3928800.0
2026-07-06,417.989990234375,424.44000244140625,415.04998779296875,423.489990234375,6379000.0
2026-07-07,428.19000244140625,428.6000061035156,422.1300048828125,423.95001220703125,5800500.0
2026-07-08,425.6000061035156,430.7699890136719,423.8299865722656,427.1499938964844,3859200.0
2026-07-09,431.67999267578125,434.29998779296875,423.5199890136719,427.1099853515625,5566000.0
2026-07-10,424.6199951171875,432.8599853515625,423.6499938964844,431.6700134277344,3798600.0
2026-07-13,429.0899963378906,431.54998779296875,425.5299987792969,426.4700012207031,3863800.0
2026-07-14,425.19000244140625,432.1499938964844,421.7900085449219,431.0,5135900.0
2026-07-15,418.5199890136719,424.1099853515625,414.3699951171875,419.489990234375,6764800.0
2026-07-16,423.3800048828125,461.6199951171875,420.3699951171875,449.3900146484375,13281900.0
2026-07-17,426.0899963378906,437.4700012207031,425.1000061035156,426.7200012207031,10718100.0
2026-07-20,421.54998779296875,431.0199890136719,417.3800048828125,427.25,4818800.0
2026-07-21,436.3500061035156,437.0,420.5,422.4800109863281,6833600.0
2026-07-22,431.30999755859375,436.32000732421875,429.70001220703125,434.95001220703125,4234100.0
2026-07-23,423.55999755859375,430.489990234375,420.3999938964844,428.2699890136719,4868700.0
2026-07-24,420.739990234375,429.0,418.9200134277344,425.239990234375,3752500.0
2026-07-27,417.6400146484375,422.8800048828125,412.5400085449219,422.510009765625,4615700.0
2026-07-28,428.7900085449219,430.4599914550781,415.1099853515625,419.92999267578125,5917300.0
2026-07-29,420.57000732421875,431.67999267578125,420.3500061035156,428.260009765625,5257900.0
2026-07-30,421.4700012207031,427.3399963378906,411.2900085449219,415.19000244140625,3647500.0
2026-07-31,414.3999938964844,422.80999755859375,414.05999755859375,422.0,3920900.0
2026-08-03,415.3599853515625,419.3399963378906,413.32000732421875,417.42999267578125,3209600.0
2026-08-04,407.54998779296875,416.0,406.6700134277344,415.55999755859375,5266300.0
2026-08-05,412.75,416.3599853515625,397.79998779296875,403.19000244140625,5399000.0
2026-08-06,403.9700012207031,416.9700012207031,402.3999938964844,415.2699890136719,4712400.0
2026-08-07,407.0799865722656,410.6400146484375,400.6600036621094,401.5899963378906,4095900.0
2026-08-10,408.739990234375,413.07000732421875,407.989990234375,408.6000061035156,3182200.0
2026-08-11,402.19000244140625,410.8999938964844,401.32000732421875,409.0,3398900.0
2026-08-12,405.5899963378906,407.20001220703125,400.5,400.9800109863281,3317200.0
2026-08-13,399.05999755859375,407.32000732421875,398.5899963378906,405.5899963378906,4170200.0
2026-08-14,401.7300109863281,403.17999267578125,396.55999755859375,398.0,3476400.0
2026-08-17,395.6199951171875,398.8999938964844,391.42999267578125,398.57000732421875,5295100.0
2026-08-18,393.92999267578125,398.7900085449219,393.510009765625,397.42999267578125,3605100.0
2026-08-19,388.6099853515625,396.79998779296875,386.3299865722656,394.57000732421875,5268500.0
2026-08-20,384.8500061035156,392.7099914550781,383.8299865722656,388.25,4497200.0
2026-08-21,390.1099853515625,393.6600036621094,386.0,386.0,4879600.0
2026-08-24,398.760009765625,399.5799865722656,390.8599853515625,391.0400085449219,4683900.0
2026-08-25,396.5899963378906,399.0299987792969,395.6199951171875,397.79998779296875,2655000.0
2026-08-26,401.010009765625,406.25,396.010009765625,396.3299865722656,3557000.0
2026-08-27,395.04998779296875,399.8800048828125,393.7699890136719,396.8699951171875,3668200.0
2026-08-31,389.4100036621094,394.489990234375,387.7099914550781,393.5199890136719,5748000.0
2026-09-01,396.29998779296875,399.6000061035156,391.7799987792969,392.0799865722656,3657284.0
