Date,Close,High,Low,Open,Volume
2021-08-31,381.3060302734375,385.40058060319416,379.4282280583462,381.97472510755784,4249100.0
2021-09-01,382.2952880859375,384.6036142195572,376.69847427800045,381.5533251160491,2034400.0
2021-09-02,388.12109375,388.7531404509265,383.11053723868815,383.95327549135646,3137400.0
2021-09-03,387.3424377441406,388.3866984173814,385.28142342470875,386.4905585344731,1604800.0
2021-09-07,385.8586120605469,386.7929566852911,382.5060245428891,384.99756361836853,1920300.0
2021-09-08,380.4999694824219,387.3516805003126,379.40991946515726,385.81279622451586,2262500.0
2021-09-09,379.7304382324219,384.9242067696256,379.1625187426518,380.45409110856275,3508500.0
2021-09-10,371.2828369140625,382.39622380201826,370.0694575482638,381.99176401341873,4215800.0
2021-09-13,381.0356750488281,383.14070007755623,373.6175790784423,375.02398681062533,3068200.0
2021-09-14,379.2156677246094,383.8577253511323,378.14016616341536,383.8577253511323,2879800.0
2021-09-15,383.7934265136719,387.3784135148835,376.42127872398044,379.19731810434365,3180600.0
2021-09-16,383.1683044433594,389.19839551850043,381.4401634549198,385.7697171182174,2262700.0
2021-09-17,386.2201843261719,387.0750537557501,381.4494215641237,381.4494215641237,4534200.0
2021-09-20,379.3628234863281,385.42966453106754,375.70431086064247,383.2419403529363,2799800.0
2021-09-21,379.0319519042969,384.95174313802045,378.9124485698468,381.48628670109775,2382200.0
2021-09-22,375.6859436035156,378.71936418304216,372.2296608176915,372.2296608176915,3629400.0
2021-09-23,375.0700378417969,381.33913671400916,374.5920526455645,376.6970501897212,2681600.0
2021-09-24,374.1968078613281,374.94140334717804,372.496269928456,374.0681313931974,1950400.0
2021-09-27,372.5329284667969,378.8571775756386,372.2479720144291,374.88613352323796,2608600.0
2021-09-28,366.4201354980469,371.36555254257013,364.94937522402813,370.0786478224608,3115400.0
2021-09-29,368.0655517578125,369.3892332050324,363.82792527753264,364.93100250102225,2056300.0
2021-09-30,359.17669677734375,370.8967740624055,358.9193158100432,369.0583305667095,3779900.0
2021-10-01,360.730224609375,361.8884531195476,352.17227141236003,359.9672828153631,3146600.0
2021-10-04,355.7480163574219,363.23046677126985,353.67976743205446,359.98561513490137,3074800.0
2021-10-05,361.6494140625,364.0210219373021,357.7978726038808,357.8898003913205,3269400.0
2021-10-06,362.4031982421875,362.89038467891965,354.6725394612694,359.18592191029745,2809200.0
2021-10-07,372.0090026855469,375.1987028449109,364.66440282956677,364.71038074224606,2813700.0
2021-10-08,375.46527099609375,376.0719606573493,370.1154222603293,373.5808778160328,2012200.0
2021-10-11,372.27557373046875,378.0023348115024,371.5585819527121,375.042439923344,2164200.0
2021-10-12,370.6669616699219,375.39177483036224,369.81209219304594,372.3859018177544,2415700.0
2021-10-13,370.951904296875,372.5697434590326,365.95133602513323,370.7588755953421,3021800.0
2021-10-14,386.404052734375,398.48264034993724,384.0508472293281,391.2759449841783,6038800.0
2021-10-15,393.4912414550781,395.71574226878784,387.45194812888684,387.95750884497903,3312000.0
2021-10-18,390.3199462890625,393.42692038233866,389.6029544254159,393.42692038233866,2232800.0
2021-10-19,390.0992431640625,393.2613675182617,389.1983959524587,392.351319114449,1616800.0
2021-10-20,399.9441833496094,400.3486431592608,392.3606039972773,392.5076828419161,2764000.0
2021-10-21,406.5533447265625,406.7555746089168,399.9349377153485,400.32102314617686,2465100.0
2021-10-22,412.87762451171875,412.9971278217929,404.8803844547786,405.2296931911738,2736200.0
2021-10-25,413.1809387207031,416.07650941787665,410.3773238532654,413.64975074832535,3553500.0
2021-10-26,417.9149475097656,420.7369366762835,411.4344179979201,414.10015519213755,3103900.0
2021-10-27,416.8486633300781,423.2464384569857,416.8486633300781,417.914963859966,3520400.0
2021-10-28,418.6502990722656,420.91157641475417,415.96615958459887,416.407396063404,1672600.0
2021-10-29,423.2740173339844,424.11971364107495,416.4625811704866,417.7035360760084,2497800.0
2021-11-01,417.427734375,428.13668915125464,414.73442164495765,424.51495356824404,2203100.0
2021-11-02,415.5249328613281,419.5695022221511,413.99902166495445,419.40404906954126,2600000.0
2021-11-03,420.3876953125,420.56234969946723,410.9289231463591,414.0358973325052,2438200.0
2021-11-04,419.86370849609375,421.47234645510684,415.6352831076326,420.63585135012966,2517300.0
2021-11-05,418.9904479980469,424.2391961401292,417.85979518884017,420.8472657649295,2905000.0
2021-11-08,425.2503356933594,426.69352048587126,417.61160565855437,419.94643661656005,2279900.0
2021-11-09,426.840576171875,426.950878280812,423.1085385399422,425.25031262825104,2657800.0
2021-11-10,422.7500305175781,428.35728818368517,419.74418582597525,427.7965764432837,2818200.0
2021-11-11,420.44281005859375,423.6233091590604,418.6503165941202,422.8419651347407,2246800.0
2021-11-12,421.9136047363281,423.7612495299259,420.1578877331563,423.4579186791854,2609500.0
2021-11-15,414.3851318359375,421.1965680106833,414.10937654644175,421.00353930803624,2849600.0
2021-11-16,413.3004150390625,421.3252297784617,413.0706096369855,416.3981873706738,3383800.0
2021-11-17,412.6845703125,417.2898516958121,412.4823404277345,414.00825173052533,2281500.0
2021-11-18,413.1625061035156,416.23270267634956,410.99312868502267,412.4822911416802,2073800.0
2021-11-19,404.45745849609375,413.14411285975945,403.9978477478027,411.9307337516919,3536100.0
2021-11-22,402.19622802734375,407.90458632724085,402.05835039737855,407.04971696903937,2598700.0
2021-11-23,411.01171875,411.3702007265154,400.78077386456425,400.78997506092526,2857000.0
2021-11-24,413.7968444824219,414.55061301017605,409.6419724908255,410.5611941922564,2248800.0
2021-11-26,404.37481689453125,411.9767701697106,402.8121288010258,408.98012653684276,2480600.0
2021-11-29,415.4881896972656,416.4809367455134,404.96309048507317,407.72995665430017,4079700.0
2021-11-30,408.33660888671875,414.890663200331,405.6065196887567,410.9471947916267,7435400.0
2021-12-01,408.44696044921875,419.0915632787601,408.26313294353434,416.3063226932434,4325500.0
2021-12-02,409.9913330078125,411.7103014882427,403.74063544189994,407.3531706993839,4738700.0
2021-12-03,414.37176513671875,419.0935255293502,410.54455898484133,412.9423077057878,3038300.0
2021-12-06,424.3224792480469,425.8625984816956,416.40061565267115,416.9816185483356,4721500.0
2021-12-07,428.58319091796875,429.52384492318987,424.43320207813116,426.7571856966315,3105200.0
2021-12-08,432.39190673828125,433.60004041450424,426.51737186499923,429.8373683500936,3228300.0
2021-12-09,436.5050048828125,437.57478303788275,431.00855558842653,432.08756494590824,2977400.0
2021-12-10,441.03314208984375,441.2636970173672,434.3747146572119,435.2877031641527,2572300.0
2021-12-13,440.9501647949219,442.90526616198815,437.14139272421573,439.9172550339859,2724800.0
2021-12-14,442.1675109863281,445.46907373215953,440.0648509036088,442.43496261682543,3018000.0
2021-12-15,455.927001953125,456.86765596104505,442.79460179276793,443.21881499509504,4188600.0
2021-12-16,454.52520751953125,458.3063140820826,451.9891032346863,455.58578273559675,4080800.0
2021-12-17,449.231689453125,454.7742392718652,448.5492558299946,453.1972513468872,5707200.0
2021-12-20,446.10540771484375,447.28584796941556,438.2942046426949,444.50995727993393,3145600.0
2021-12-21,449.31475830078125,450.9655398340497,444.69445565016196,449.1395342648742,2536000.0
2021-12-22,455.6964111328125,456.9137478546701,448.1065330987053,449.2593076889695,1687500.0
2021-12-23,456.84918212890625,459.4037204690264,454.4790708354309,456.4987341531973,1706500.0
2021-12-27,460.6487121582031,461.3864766158074,458.0111774855533,459.89248529561723,1349400.0
2021-12-28,463.8212585449219,466.016146314299,461.4788122207049,462.9543696251861,1495500.0
2021-12-29,466.2558898925781,467.7683439248835,462.95435528007897,465.51812528515626,1573900.0
2021-12-30,465.1952819824219,469.62195348078154,464.47595173372633,468.4230509703476,1309800.0
2021-12-31,463.0834655761719,467.4455472340336,462.9912379670513,464.9279051829233,1695400.0
2022-01-03,463.2125549316406,463.7843266983355,454.7004561393038,461.1098949364868,3033600.0
2022-01-04,452.71771240234375,464.56824293782887,452.69927813741157,464.06103328499165,3908100.0
2022-01-05,451.6017761230469,458.3432000125638,451.6017761230469,456.286639908868,3921100.0
2022-01-06,433.12054443359375,446.48352912112955,427.09844997347295,442.6655254550004,6555200.0
2022-01-07,422.929931640625,431.57112514617114,420.11714485821255,431.31290477327224,5494200.0
2022-01-10,428.8321838378906,429.62527931397483,419.09354552740774,420.53220608618955,5831800.0
2022-01-11,432.5211181640625,433.85834823045207,424.839039045666,430.86113365895267,3332800.0
2022-01-12,436.8739318847656,438.3494890824378,430.067945770236,432.49338816462443,3502300.0
2022-01-13,431.0731506347656,439.48378985462966,429.73594894674983,438.8751496150104,3005300.0
2022-01-14,432.235107421875,436.36666136977215,428.9058800245235,433.3417822016055,3665400.0
2022-01-18,425.13409423828125,429.4869727958981,422.69944861461875,428.98899437027836,3938800.0
2022-01-19,426.5450744628906,438.50626590948355,425.61365164053257,431.59884889371136,4030900.0
2022-01-20,426.98779296875,434.9465548223605,426.06557311352594,428.2604608719859,3228600.0
2022-01-21,425.3000793457031,434.17182852175023,425.2078517452048,427.4488389033631,4273200.0
2022-01-24,426.3144836425781,428.0390580943709,413.27431193183514,422.44117785202087,4780700.0
2022-01-25,421.3069152832031,423.7507922707631,412.48126451417073,418.7523764160429,3428900.0
2022-01-26,422.7731628417969,427.7992713754996,418.1805268290986,422.79162524757396,4435900.0
2022-01-27,425.6966552734375,432.2259589201936,421.4636698684954,422.4504236418585,3508100.0
2022-01-28,429.8097229003906,430.012612365703,419.6837401852926,425.51217560343724,3364400.0
2022-01-31,435.8133850097656,436.3759255365673,428.27883742457936,428.83217489193214,3500500.0
2022-02-01,431.97698974609375,438.05441498941383,426.75722218179214,438.05441498941383,3148600.0
2022-02-02,442.4625549316406,444.49144947597455,432.57635888126185,432.57635888126185,3026800.0
2022-02-03,450.7533874511719,461.2759193519228,445.95786110157945,459.86492410248877,4370900.0
2022-02-04,445.5889892578125,451.5465217682875,442.8407638992996,444.2794246523689,3066400.0
2022-02-07,446.07769775390625,449.3607977639747,443.86434787141764,447.1935757546538,2937200.0
2022-02-08,455.032470703125,457.1166964379761,443.9105022691032,443.9105022691032,3534700.0
2022-02-09,459.35772705078125,461.9675969232783,457.68851132242344,458.34327955577777,2818100.0
2022-02-10,448.86273193359375,455.77937904293543,447.3410751983204,453.95337407426194,2626100.0
2022-02-11,440.94097900390625,452.2842718401235,439.38242521430396,446.98150773124087,2493800.0
2022-02-14,437.5010681152344,440.58127887435796,432.82540696802585,438.15583629387214,2549500.0
2022-02-15,441.03314208984375,443.74447028903177,438.2388174940168,438.9212510734342,3001000.0
2022-02-16,442.71160888671875,444.26095955813236,434.7344131526269,438.51552000543154,2651800.0
2022-02-17,433.7568359375,442.0107139975214,432.4196341798747,440.97783237554745,2403100.0
2022-02-18,431.4236145019531,437.98061149098544,430.5198290245589,433.67383292002626,2992300.0
2022-02-22,426.5358581542969,430.851839754634,422.2106453505682,427.75316681373437,3029800.0
2022-02-23,423.87066650390625,431.3406526277856,423.1513361745795,430.8518772520112,2840300.0
2022-02-24,420.43084716796875,421.076384216912,411.07029259107003,414.5562827159014,3933000.0
2022-02-25,438.74609375,438.77375921975045,420.744372405194,421.13168898170017,3314400.0
2022-02-28,438.8567199707031,440.18471869865346,429.39473607003555,429.61608795397,3918300.0
2022-03-01,439.2071533203125,439.8619214586151,431.3498512289421,434.2640689988462,2917600.0
2022-03-02,447.62701416015625,449.27779534649295,440.7195974331086,440.99625209275723,3675900.0
2022-03-03,448.742919921875,453.1603605537748,444.7128239813713,448.1988136282791,3139400.0
2022-03-04,459.8648986816406,460.7963496878007,440.3507242922209,443.30183891646357,4170100.0
2022-03-07,449.00115966796875,461.10991041858733,445.45060772896255,461.10991041858733,4123300.0
2022-03-08,436.6341857910156,446.8062692261397,434.8450770981508,441.55883622653846,3849500.0
2022-03-09,447.80224609375,449.7850129067972,436.7540434721175,445.04478993213513,3115500.0
2022-03-10,453.2156982421875,455.30912704473207,440.6642721991778,442.0476018914821,2834800.0
2022-03-11,446.6300048828125,456.73968809261424,446.29703687703056,451.217742845828,2615000.0
2022-03-14,451.3010559082031,458.3953977898445,448.8591773919216,453.59491099382643,2704100.0
2022-03-15,460.5412292480469,462.41887405597055,450.7367669857005,453.22488134760073,3043000.0
2022-03-16,460.8650207519531,467.5616413600944,453.2341927772335,462.31716898659243,3497100.0
2022-03-17,468.9674987792969,469.05999929849656,458.0161091133031,458.77457385266706,2357200.0
2022-03-18,468.135009765625,472.3527733833798,463.91724614787023,470.55837073062,5065600.0
2022-03-21,469.5596008300781,474.4988249776691,466.50725227109314,467.1084916876223,2617700.0
2022-03-22,467.3951416015625,473.4350562296592,466.9511560089216,471.0486724816113,2752500.0
2022-03-23,465.4620361328125,469.00457793152987,463.70461067494244,464.57406488235193,2753200.0
2022-03-24,474.92425537109375,477.07014347096367,466.04471256600465,467.09916780078856,2789200.0
2022-03-25,474.5264892578125,477.7638099165634,471.0208973279542,475.599404979066,2551100.0
2022-03-28,474.6837463378906,478.3280469516495,470.6232074637063,475.7196845012986,2643000.0
2022-03-29,472.3990783691406,480.5941388529273,469.22648275017843,478.29096907728245,3478400.0
2022-03-30,481.7317810058594,482.0832660225904,474.0176841312733,476.45030368972795,3041200.0
2022-03-31,471.6961669921875,482.72156972352263,471.4186936275796,478.2910285934253,3979700.0
2022-04-01,474.1195068359375,476.14514686615564,468.57904460284414,472.3528231006557,2344100.0
2022-04-04,471.74237060546875,474.0177367199068,466.66441079300444,473.7680389361814,2657500.0
2022-04-05,478.9015197753906,485.34838608325305,469.8740100766476,471.7239077541147,3268600.0
2022-04-06,491.84161376953125,493.4787915084191,479.12356545861246,479.3270271334729,3955600.0
2022-04-07,496.65130615234375,497.8815039544832,488.7337460974289,490.2229002264195,2867000.0
2022-04-08,504.9850158691406,507.7690640526122,497.7148761343889,498.54735255157374,3986700.0
2022-04-11,497.1045227050781,506.5112369010933,496.3645749003239,502.80218290152425,3574000.0
2022-04-12,493.6544189453125,500.1475207978891,490.9443258754265,495.22678666081015,3575700.0
2022-04-13,496.6975402832031,497.8815019279857,488.94646428161246,493.2937352360509,3012000.0
2022-04-14,494.6811828613281,511.7649621323177,493.9874711787712,498.0849880758794,4211300.0
2022-04-18,493.99664306640625,500.3972725943952,490.5743214084314,497.5299540577735,2087100.0
2022-04-19,497.3450012207031,501.7662273077208,495.0696067568425,495.6708460829836,2207600.0
2022-04-20,505.03131103515625,507.20491816660075,498.5474108154103,501.45176364082954,2986300.0
2022-04-21,497.1045227050781,506.8719805092706,495.8003696389587,504.55960833541445,2539900.0
2022-04-22,481.8428039550781,493.32139309959433,481.1398338725624,492.12822953599243,3453300.0
2022-04-25,484.92291259765625,486.76355162820164,473.3240470492505,481.3433653528163,3030400.0
2022-04-26,475.2202453613281,486.76358889801713,474.9704911074141,484.89517416303994,2895300.0
2022-04-27,475.2480163574219,481.80592923376315,471.55747909037314,476.2654376176977,3353700.0
2022-04-28,485.0616149902344,486.78206259654365,474.65594139565087,477.9765322982106,2582700.0
2022-04-29,470.3826599121094,480.8808617488645,468.91199483567647,479.90962043008165,2873200.0
2022-05-02,463.5381164550781,474.97049906530265,456.3142681024488,472.4731258475121,3184300.0
2022-05-03,462.1229248046875,467.5801171957439,460.1435490085759,463.5196065552059,2763400.0
2022-05-04,469.52252197265625,471.5111563176649,456.08301656164474,462.01194196694274,4002600.0
2022-05-05,457.5907287597656,472.3436752578526,452.51276824466015,469.1433316855574,3359700.0
2022-05-06,462.1229248046875,463.9265862940696,448.60017757636604,448.6094360972668,3260300.0
2022-05-09,449.9136047363281,457.50742643042133,448.0729374420241,453.5948828705419,3862700.0
2022-05-10,451.38427734375,459.09834702407534,445.0113665002481,456.7489691454389,4275500.0
2022-05-11,449.6639404296875,462.9554527396224,448.03604942138327,448.03604942138327,3936300.0
2022-05-12,442.8654479980469,450.34830818811974,436.03934996797165,449.6175907756532,3997600.0
2022-05-13,448.9701843261719,450.450108191543,440.09992788272353,444.881926050844,2453400.0
2022-05-16,452.50347900390625,458.367651344794,447.8139815445632,448.97942613207306,2338800.0
2022-05-17,455.5650634765625,457.59070374965404,451.8005148204336,456.9247394375801,2289000.0
2022-05-18,436.0023498535156,452.4941737807887,433.20898654028844,451.6154893974272,3240500.0
2022-05-19,442.6342468261719,445.4368406236217,428.55652464695015,429.47224317387787,3813800.0
2022-05-20,449.275390625,450.88479250372086,436.8625653134756,445.2518577010005,3068200.0
2022-05-23,455.1488037109375,458.53411978524224,449.79337035747983,449.79337035747983,2279800.0
2022-05-24,460.2174987792969,460.6984619685384,451.98546053207286,453.95560589015145,2658100.0
2022-05-25,460.7077331542969,464.6110181240669,454.3903454245337,461.1054543540572,3161600.0
2022-05-26,464.53704833984375,469.18953969833245,461.9286859360985,464.0838042310528,2705800.0
2022-05-27,469.05078125,469.05078125,452.66071530352536,454.1498693505077,3349100.0
2022-05-31,459.4961242675781,466.2759874447705,458.4601859914582,465.82277150576834,4003100.0
2022-06-01,455.58355712890625,463.7508715030788,451.1715611565749,460.9205302035154,1765900.0
2022-06-02,455.3152770996094,458.91331303045536,446.72249537658706,456.92467887915325,2093500.0
2022-06-03,449.16436767578125,454.7695833036284,448.5076619395009,451.6802295098207,1756900.0
2022-06-06,453.3913879394531,456.5824725335332,449.793351849638,452.6976763518007,1781500.0
2022-06-07,459.7920837402344,460.26378846412234,450.561083959883,452.7624667620236,2341900.0
2022-06-08,456.4900207519531,460.5320428512479,451.88376515631205,456.92474785572165,3268100.0
2022-06-09,452.6977233886719,459.2001128834674,451.0143096531955,455.8888083143168,3148800.0
2022-06-10,448.25799560546875,453.372961958218,444.83567334120727,448.41522111322956,2599900.0
2022-06-13,434.4484558105469,445.21484499488895,432.19157851590535,439.4709209409415,3764600.0
2022-06-14,427.0950927734375,433.967455331464,423.0900770359399,432.41354817884576,3814200.0
2022-06-15,429.4814147949219,433.81942642926913,422.2390789386773,429.3611951755085,2550700.0
2022-06-16,423.36431884765625,424.9609053789702,418.34249742258066,420.8673312784293,3135600.0
2022-06-17,419.6235046386719,428.3490242682065,417.4328544385505,418.4075028478167,5277400.0
2022-06-21,445.8558044433594,450.31138069693776,424.30189836914457,424.9609461009166,5726800.0
2022-06-22,454.5441589355469,460.3364417056433,440.4905086823386,441.58583376481187,5061000.0
2022-06-23,463.94732666015625,467.4468091294444,456.6605789684696,459.4360579330824,4687700.0
2022-06-24,460.0765075683594,463.90088193018084,451.6480061804731,463.6038359940748,15861100.0
2022-06-27,469.3775634765625,475.1605547276343,457.2360721436526,457.46813398366237,3907100.0
2022-06-28,471.95806884765625,481.3983282124653,468.83914312725165,475.33690268410624,4978200.0
2022-06-29,478.7065124511719,481.48196325952676,469.7025008622563,472.33872021879574,3823400.0
2022-06-30,476.7757263183594,479.27271414151477,473.1462755109928,476.7014506612415,3568900.0
2022-07-01,480.27520751953125,480.3958842089884,466.2679299054783,475.5596950593406,2426600.0
2022-07-05,468.9876403808594,474.33435370673453,456.92971744058724,471.21545648521305,3029600.0
2022-07-06,478.31658935546875,480.2844693398327,468.11515934497237,469.35903580770946,2506700.0
2022-07-07,477.47186279296875,480.182329113979,475.4761083851615,478.27943343195375,2385400.0
2022-07-08,481.41693115234375,490.45805134195973,474.3436908265336,475.5504010591356,3092100.0
2022-07-11,479.85748291015625,484.0531224412088,475.0862778940458,477.9174210039807,1743600.0
2022-07-12,477.5090026855469,481.8903597923225,473.9816739628704,476.4229691115257,2706500.0
2022-07-13,465.27471923828125,475.1327021261806,465.22831819927393,471.6146648646942,3467700.0
2022-07-14,466.37933349609375,469.5910898900449,456.9576280695897,459.48246212590107,3765500.0
2022-07-15,491.739013671875,493.8182785864313,478.4650884376432,488.31377882339194,5742500.0
2022-07-18,482.1037902832031,493.9760527215252,481.5282814960894,492.8993107940693,3212000.0
2022-07-19,495.17352294921875,495.53555298586565,483.2362765233303,483.70040016342597,2953500.0
2022-07-20,482.1966247558594,495.7304870118227,478.7249887242433,495.17356126290326,4327500.0
2022-07-21,484.97210693359375,484.9813418158313,474.46434065168404,482.1223809111004,2667600.0
2022-07-22,483.9974060058594,489.74325913318364,481.2034291876337,488.25808609631923,1850300.0
2022-07-25,491.4790344238281,494.6536807473903,486.6057364588868,488.34161090489494,2337200.0
2022-07-26,493.44708251953125,499.06296821132753,492.9272662183476,495.4984731062625,2637800.0
2022-07-27,496.2502136230469,499.2670169721544,490.15162282324263,495.2569823371168,2268100.0
2022-07-28,502.6367492675781,505.2822887389542,493.58633579042834,498.9237591231064,2344500.0
2022-07-29,503.425537109375,504.8271425838063,498.1809185407947,501.262705588844,2945700.0
2022-08-01,496.965087890625,504.6417118693342,492.8993598251461,503.3607259497601,2335000.0
2022-08-02,497.03936767578125,501.74558874016157,493.56767484755784,498.9793729930132,2114200.0
2022-08-03,501.85699462890625,504.6138622954185,497.2528669897956,498.7102222504963,1802900.0
2022-08-04,495.4521179199219,501.6528046063957,494.53316193239755,500.59458882742035,2368000.0
2022-08-05,496.66802978515625,497.0764608894643,489.70617459062595,491.97110041347537,2373400.0
2022-08-08,498.097412109375,502.46018516885647,495.1455928876096,501.1699079965088,1656400.0
2022-08-09,498.7101745605469,506.5816938677167,497.8933123695325,501.2535632052284,2147200.0
2022-08-10,499.1372375488281,503.09158111461517,495.5078146138765,501.49502254845265,2291400.0
2022-08-11,494.6258850097656,499.9818905189524,491.6647736031306,499.619860443598,3006200.0
2022-08-12,504.6881408691406,505.33792540366403,496.1018521102176,497.17859420443824,1981000.0
2022-08-15,505.5606994628906,507.94630218305707,499.91693916248033,502.80377510432754,1447300.0
2022-08-16,506.9344177246094,508.1597109756859,503.472073379125,506.0897375988268,1773000.0
2022-08-17,505.8947448730469,508.48453427184404,502.71086364436655,506.1175151453242,1471700.0
2022-08-18,506.0989990234375,508.8002305714392,502.94299198913586,505.90410333726936,1486400.0
2022-08-19,508.9765930175781,513.4414604984182,505.7277272972577,506.35892869566186,2258000.0
2022-08-22,505.4957580566406,510.0905946053475,502.5067715854488,502.5439377458655,1672900.0
2022-08-23,497.35498046875,504.3075449174228,494.95085126135257,504.3075449174228,2039600.0
2022-08-24,497.9675598144531,501.1235665957725,496.630881455389,498.1717470227805,1761200.0
2022-08-25,502.7109069824219,503.1286296068109,493.13138785865067,496.6216068404573,1965800.0
2022-08-26,491.2749328613281,504.2147037890345,490.31881085156436,503.3514405120275,1906700.0
2022-08-29,491.75762939453125,494.6630482072589,485.35269985241393,488.2581186651416,1594000.0
2022-08-30,485.32489013671875,492.9829311013879,484.35018505299945,492.3516730193837,2013400.0
2022-08-31,482.0668029785156,489.2792477212189,481.9089601071522,483.449882725724,2891300.0
2022-09-01,486.40167236328125,486.6430257694469,478.13101236669365,482.06677255906766,2085300.0
2022-09-02,479.30047607421875,491.776122192522,476.9427483018054,491.61833601335167,1944200.0
2022-09-06,480.5350646972656,489.60405912232756,479.8295876707971,482.6236211623906,2711900.0
2022-09-07,484.2480773925781,485.9374943914414,477.7503458534376,479.903886533668,2504400.0
2022-09-08,489.6597900390625,490.56945435194206,481.5840264103781,483.5704894234686,1557500.0
2022-09-09,488.2444152832031,491.4941542961589,486.60556473794963,491.4941542961589,2495500.0
2022-09-12,494.67877197265625,498.1892635153041,486.53112161075364,488.8590217141544,2792000.0
2022-09-13,478.5790100097656,489.10110655401616,476.72598230205944,487.92783587058636,3172500.0
2022-09-14,474.67742919921875,479.90125164448057,471.2600878677515,478.6162462809376,2648100.0
2022-09-15,486.91290283203125,491.63389135854516,478.74666740268873,480.757948211732,3058100.0
2022-09-16,485.1529846191406,486.8290611945138,481.4842120725988,482.8250846995962,3981700.0
2022-09-19,487.50885009765625,487.9278835017148,477.65716050593977,482.890332459325,2130800.0
2022-09-20,486.8103942871094,488.55165878896224,479.3704356276487,488.15126684381073,2421700.0
2022-09-21,476.8284912109375,491.6618651351173,476.7726238769548,488.88702615814,2427700.0
2022-09-22,481.8381042480469,485.1064283126763,471.2694034858019,475.85072347619865,2285600.0
2022-09-23,478.25311279296875,479.23081950565694,471.52084363304334,478.2065661558885,2536900.0
2022-09-26,473.3644714355469,477.2846753918836,464.648827706187,472.4612735395221,2867400.0
2022-09-27,473.3738098144531,481.21416118655657,468.913545409134,475.2361298347578,2583400.0
2022-09-28,478.56036376953125,480.72998244254353,466.3249079571378,471.6139182554621,3027300.0
2022-09-29,473.8021240234375,479.3332450402927,467.87996014188667,479.3332450402927,2392000.0
2022-09-30,470.27301025390625,480.9906415254049,470.08676690467314,475.91583705137515,3116000.0
2022-10-03,480.0223083496094,482.16396501706913,470.6082658227485,472.1726078276799,2562400.0
2022-10-04,487.15496826171875,488.47725640076845,481.2514456039497,482.66677017743706,3189800.0
2022-10-05,490.78643798828125,492.90945293192414,484.3241862370588,485.134290774783,2281800.0
2022-10-06,483.39306640625,492.19253924613054,481.16758049944934,491.9597492600675,2187300.0
2022-10-07,470.0960693359375,478.77445778822073,466.5669654473024,478.77445778822073,3273700.0
2022-10-10,464.51849365234375,471.45564746247123,460.94284243379514,470.7945317769017,2459100.0
2022-10-11,465.40301513671875,471.93974723321213,461.09174036613746,462.75852450010126,2844500.0
2022-10-12,465.5426940917969,473.262017593693,463.9131642722416,467.56332357141315,2254300.0
2022-10-13,474.80780029296875,478.12269921183787,454.1639705338187,459.480914608244,3999700.0
2022-10-14,477.8061218261719,493.43095663061706,476.6887184910919,484.2031862984741,5628900.0
2022-10-17,485.9537658691406,488.2164777584292,479.8081328488625,482.09874998361465,3282300.0
2022-10-18,486.2610168457031,495.3770515255633,482.6481119984241,495.3770515255633,2345500.0
2022-10-19,484.5011901855469,487.7602502673799,479.17492529838967,485.8234215053684,2500500.0
2022-10-20,485.0226135253906,492.97469927151855,483.99836028375285,487.0432147627643,2390800.0
2022-10-21,496.9879150390625,499.59520801495125,482.35010987518586,482.3966564997227,2896000.0
2022-10-24,504.31610107421875,508.8601652297989,500.77770536840956,501.02913668922264,2627100.0
2022-10-25,503.0312805175781,506.47658424452317,497.1463987157232,500.7685683010053,2411900.0
2022-10-26,505.77813720703125,509.9404517622856,503.0219401116885,504.1113813464424,2863500.0
2022-10-27,504.5024108886719,508.8975150693384,502.60286519627124,508.8975150693384,2212100.0
2022-10-28,513.2926635742188,514.9315143769883,506.2624164715765,507.45427179772713,2761900.0
2022-10-31,516.9335327148438,519.6804094392447,512.2590910027579,516.7938359717217,2770400.0
2022-11-01,509.6331787109375,517.4363040788122,506.75586929638376,516.7938014037271,3338900.0
2022-11-02,506.0202331542969,516.4026890910751,505.6850292200553,506.9327516975628,2696200.0
2022-11-03,506.18780517578125,510.15455533011215,501.0850672558941,504.4465407590756,2245300.0
2022-11-04,501.12237548828125,510.05222514808884,490.85170995063163,509.39108106929365,3513100.0
2022-11-07,507.5008850097656,509.2980171442215,498.6082607785891,501.1224043613955,2540300.0
2022-11-08,514.9779663085938,516.6074961177101,504.6886608805859,509.3910069630522,2797000.0
2022-11-09,503.44085693359375,516.4305481417211,502.3048692024455,515.6577263902625,2672600.0
2022-11-10,506.7093505859375,513.7210130714491,497.1929221157498,511.1416815355864,3426400.0
2022-11-11,486.1400146484375,508.6740973631835,474.56567458657634,508.6740973631835,7034300.0
2022-11-14,478.3834533691406,492.56500208229915,478.06683396017246,486.06552342324363,5238400.0
2022-11-15,468.3827209472656,481.07443413307453,466.2969035790049,477.50807602689804,5103800.0
2022-11-16,476.30694580078125,478.7372881409097,470.67343925227385,471.0645389497563,3430800.0
2022-11-17,479.8360900878906,490.7027121164399,476.902913154227,476.902913154227,4246300.0
2022-11-18,493.5147399902344,496.30821965055645,483.7003352436923,486.1771955357759,3566000.0
2022-11-21,481.5866394042969,495.3305700043615,479.9012420890773,492.5929573496048,3349600.0
2022-11-22,487.08050537109375,488.542376545505,484.1193665821513,484.1473286619978,2567400.0
2022-11-23,493.2447204589844,493.9244489846185,486.9966172045828,488.85893696444737,2238300.0
2022-11-25,500.6102294921875,503.6178580744611,495.8613362745455,497.239434873619,1419200.0
2022-11-28,495.6285705566406,502.4353481465733,495.08848182237216,498.94349801151554,2699900.0
2022-11-29,491.6524658203125,496.2803036067635,487.60194267053157,495.0698070083745,3751000.0
2022-11-30,510.0522766113281,510.35025466985763,491.1683220907317,493.2541116669349,9688900.0
2022-12-01,499.9490661621094,514.931454836699,498.9154922526564,514.3354988257827,2997800.0
2022-12-02,500.7896728515625,503.07805854444746,497.3151074144794,497.679392922502,2346200.0
2022-12-05,499.7436218261719,504.7313694169969,495.8580803127835,496.42782519423076,2424800.0
2022-12-06,503.74114990234375,504.9273864416563,498.9962607537699,499.1643793405843,3097700.0
2022-12-07,507.0944519042969,509.896543284018,504.0308616403233,505.16105901994104,2849100.0
2022-12-08,511.77386474609375,514.9215422886033,507.90702264027135,508.9157343155197,2272300.0
2022-12-09,503.62908935546875,512.3062092889286,503.3208434306413,511.7831546633891,2852400.0
2022-12-12,509.8498229980469,510.0553393315887,503.7039439817334,506.1043519540252,2714100.0
2022-12-13,502.7136535644531,514.6412361962487,499.79948421021015,514.2396100938847,3369700.0
2022-12-14,502.8446350097656,507.62686650171554,496.50258858026666,506.1791306609547,2654600.0
2022-12-15,492.8692321777344,498.83770105488384,490.80500414582514,498.7629626486911,2963800.0
2022-12-16,489.15167236328125,491.1224625853957,481.69807191230205,490.50602768022577,7109100.0
2022-12-19,489.0582580566406,492.43015087504006,486.5644130376053,489.99228838677834,1808100.0
2022-12-20,485.89202880859375,492.2247259785794,485.41566413035855,492.2247259785794,2086100.0
2022-12-21,492.7384338378906,493.0560292945478,483.92118355896815,489.08639963417255,2182000.0
2022-12-22,492.31805419921875,494.11137640655215,487.2182282558222,491.7482523915989,1851600.0
2022-12-23,496.2596435546875,496.2596435546875,488.40447370245954,489.5252644716414,1292300.0
2022-12-27,496.89483642578125,500.490887765448,494.8959976351949,498.70685772972246,1596700.0
2022-12-28,493.5884094238281,502.64851631390906,492.9158778461513,499.77168652631013,1694200.0
2022-12-29,494.92401123046875,498.4733151932383,493.97128202142585,497.40850690180076,1379700.0
2022-12-30,495.2041931152344,495.5030896616335,490.2165030819594,495.03607449701366,1849600.0
2023-01-03,484.4255065917969,490.9543695115894,478.3729512555228,490.4873543441228,3525600.0
2023-01-04,471.2183532714844,484.4255572712295,467.57564028502213,484.4255572712295,5070400.0
2023-01-05,457.6375732421875,468.9673677045894,456.2738967010234,467.95862731213816,5497100.0
2023-01-06,457.6748962402344,460.35555892894615,455.3771894362451,459.1600011564924,4841300.0
2023-01-09,457.7309265136719,467.00584136165617,456.31121059524406,459.92590361123916,3702800.0
2023-01-10,453.9387512207031,458.1138680356846,450.8377636100047,456.600743425644,3164000.0
2023-01-11,460.8505859375,462.9054641848084,453.0047364098277,453.2756132025059,4274200.0
2023-01-12,462.9707946777344,465.82892501250524,453.2101669923426,457.67483052545805,3726800.0
2023-01-13,457.2732849121094,475.8885045595282,453.9387894326412,454.0415190979573,5390100.0
2023-01-17,453.07940673828125,460.4208997405145,451.8651787463838,458.7956961350395,4495600.0
2023-01-18,444.8226623535156,457.2079155194166,443.4309660732237,455.85355993483137,4398200.0
2023-01-19,452.406982421875,454.30309163031967,445.8968174438971,446.3451338243904,4549600.0
2023-01-20,454.61126708984375,454.86344503054454,447.40055142564904,453.4997686587727,3525900.0
2023-01-23,453.76129150390625,457.76828977007875,449.6328932333544,454.5738933646357,3418700.0
2023-01-24,459.16937255859375,467.2580796345017,448.3346136934656,467.2580796345017,3036300.0
2023-01-25,460.0098876953125,462.68120046766273,453.68651330774355,457.0023092183289,3037300.0
2023-01-26,459.9913635253906,463.6994658523283,458.21668272320795,460.0100338743374,3005000.0
2023-01-27,453.98541259765625,460.8225211847648,452.50965727634497,460.8225211847648,3177100.0
2023-01-30,453.7425842285156,462.5785028231853,452.8178748550631,455.629315159689,3606900.0
2023-01-31,466.2586364746094,472.15236600332395,460.5984145453029,465.1471380210788,5567000.0
2023-02-01,464.21307373046875,471.10622212241293,462.970825934228,466.968474604047,3451200.0
2023-02-02,439.76947021484375,462.34499493361386,433.2873262068402,461.65382163833505,11169900.0
2023-02-03,440.8809814453125,447.19503553076845,438.7607428801852,443.8792392960509,5440100.0
2023-02-06,443.8885803222656,447.3725238357126,439.9376501319457,440.8623310693662,4174200.0
2023-02-07,445.42041015625,446.54122950456286,438.08826600561355,439.9656761822947,3394600.0
2023-02-08,451.3421325683594,453.0420745925467,443.76713184758137,444.1033975851872,3466400.0
2023-02-09,453.6866149902344,457.39471696991336,450.576277668719,453.59320624554874,3664600.0
2023-02-10,461.64447021484375,462.96145634250274,456.50730362671703,456.8622396971369,3418100.0
2023-02-13,462.6719970703125,466.893804515399,459.31883111763085,461.4110502402439,2589000.0
2023-02-14,460.31817626953125,465.1004357238329,456.8249117952501,461.6818811374939,2072600.0
2023-02-15,458.8424072265625,459.3841322850408,456.1710941205195,457.34795297289475,2242500.0
2023-02-16,455.19970703125,461.4110032978521,455.12496863913304,458.74901103949554,2611500.0
2023-02-17,466.1559143066406,466.5108504458456,455.1997551391212,455.22777491304015,3891500.0
2023-02-21,458.8984375,468.3228000752527,458.14187521577094,463.93287464266183,2877300.0
2023-02-22,456.6381530761719,461.30830525144734,456.43266524028587,460.2995364191537,2982800.0
2023-02-23,459.2533874511719,460.7851824108489,453.81732394496584,454.5552159065051,2511800.0
2023-02-24,452.3789367675781,460.01932719877004,451.14603828740763,457.28259642912053,2940400.0
2023-02-27,451.4355773925781,458.55288444241563,450.1652812330055,456.52602594317335,3006200.0
2023-02-28,444.54241943359375,451.47290886107754,442.6556883356388,450.8284541256352,3902100.0
2023-03-01,443.8699035644531,446.84946265792604,440.8623247006857,442.3660998803973,2996900.0
2023-03-02,446.1863098144531,448.73619442841704,442.0298633531873,443.86055485886425,2188800.0
2023-03-03,446.9896240234375,447.49400846362363,442.9359351626185,446.4105296867988,2863300.0
2023-03-06,449.0631103515625,452.3976055407592,447.40053746940737,449.61418483731876,3812700.0
2023-03-07,442.61834716796875,451.90261197367374,441.38542015253205,451.1180298286722,2589200.0
2023-03-08,439.5547180175781,444.02873167664677,435.96804465251495,440.6288472915585,3036600.0
2023-03-09,434.2400817871094,442.68372468354414,433.15660308985633,442.68372468354414,2780400.0
2023-03-10,431.4936218261719,439.4892774967021,428.92527228456925,433.7807756536834,3787500.0
2023-03-13,434.6337890625,440.90471115505386,429.91888338841756,429.91888338841756,2971600.0
2023-03-14,435.4774169921875,440.4079252626546,430.29383256327975,435.543038864852,3258200.0
2023-03-15,436.2741394042969,439.5080330730389,430.4718962516597,432.1122712940334,3770200.0
2023-03-16,442.4513244628906,443.73552782452543,434.09011446195007,435.5992457863526,2940500.0
2023-03-17,440.089111328125,442.4418865510831,437.08955748695024,441.86072978824853,5290000.0
2023-03-20,447.0819091796875,449.7627658091057,440.5579106822083,440.5579106822083,3119400.0
2023-03-21,450.0251770019531,451.29061488565384,445.9195480754829,448.4223042723964,3163300.0
2023-03-22,445.7320556640625,455.31184675221857,445.0759228314253,451.7592837978125,2632200.0
2023-03-23,440.4735107421875,450.55948303507154,437.4364826683358,447.5036895100816,3284900.0
2023-03-24,446.172607421875,447.0068689914124,438.29881331692576,439.6017534475419,2533200.0
2023-03-27,451.7124328613281,455.82744473569755,448.609782790993,455.13378094971205,2271800.0
2023-03-28,442.9762268066406,453.48402099378916,441.2046366784063,451.8061436953186,2369500.0
2023-03-29,437.36151123046875,446.06956800074,435.82426023174133,445.3477846180963,3733200.0
2023-03-30,440.6141052246094,440.9421859524413,432.19662761281813,437.34273788352846,3324600.0
2023-03-31,442.9856262207031,446.1820176368989,440.6516159966073,441.982647172791,3996700.0
2023-04-03,463.2325744628906,465.0510497880839,453.2028406014997,454.80574207030384,4729100.0
2023-04-04,462.3514099121094,465.0228834857912,461.0297329102695,462.1451901968038,2624700.0
2023-04-05,477.33038330078125,479.68313025343366,465.02287956329576,466.2320782749274,4964800.0
2023-04-06,480.6861267089844,482.02654059291024,475.3806817089829,478.98951252451985,3472600.0
2023-04-10,482.90765380859375,483.1045194080067,476.261794990864,478.811407604941,2714500.0
2023-04-11,488.3349304199219,489.50662686569024,482.94512676938734,483.80753654592604,3065300.0
2023-04-12,488.5411682128906,493.70601518837634,487.46318462132587,492.0937311636503,3422400.0
2023-04-13,493.2653503417969,497.22102658810763,487.8943130990082,491.09067526046283,4224400.0
2023-04-14,479.73004150390625,494.2121928420861,476.64612835700655,489.3004503487855,4872000.0
2023-04-17,473.69342041015625,477.6678053955506,471.25628620735324,476.8523092882521,3660900.0
2023-04-18,472.8779602050781,475.23070727359504,466.9351191198431,472.11870317816437,3232000.0
2023-04-19,455.7430419921875,470.52515343774184,453.33402733469114,469.2878351771753,5809100.0
2023-04-20,456.9241027832031,458.97691720525563,452.9872199645111,455.058771231223,3283000.0
2023-04-21,453.51214599609375,459.9892873755408,451.93739283971854,459.34250864955277,3165300.0
2023-04-24,458.31134033203125,459.51115616471765,452.4153567092379,453.12775719316187,2322400.0
2023-04-25,461.1047668457031,467.2725646409399,459.8486830233509,461.8171388663827,2937300.0
2023-04-26,452.6966247558594,457.1490709992369,448.39413047593644,455.4336914798703,2930000.0
2023-04-27,459.7455749511719,460.2236362644926,451.9936414089213,451.9936414089213,2473200.0
2023-04-28,461.2641296386719,463.0169831341243,457.54282018032086,458.0771206827698,2398900.0
2023-05-01,464.6479187011719,468.1067686349612,461.00158590794484,463.60743746126815,2105600.0
2023-05-02,462.48260498046875,465.59460862145033,458.6206699360183,464.2260753488934,2152300.0
2023-05-03,458.7800598144531,464.4135851209364,457.4583828750645,463.42934300562905,1749700.0
2023-05-04,456.75537109375,459.0144051599577,451.7592702875633,456.5397686604896,2555700.0
2023-05-05,463.3169250488281,469.47536884287797,461.20787130614303,463.1107053164196,2329400.0
2023-05-08,461.7608642578125,463.38250238890856,457.73024004592486,461.2172097096377,1738500.0
2023-05-09,459.66119384765625,468.11614485959234,459.586189257992,461.9670843771171,2038600.0
2023-05-10,459.3705749511719,462.5575831902319,457.09280419206016,458.742533143015,2018700.0
2023-05-11,458.1426696777344,459.4174616149598,455.23685691911083,457.43026912112674,2384200.0
2023-05-12,460.4579772949219,462.02334776441677,457.19596401419557,458.1427039187751,1536500.0
2023-05-15,456.3616943359375,460.9828868868355,453.3996708760448,460.61730386269716,2169700.0
2023-05-16,449.6689758300781,458.56448608287155,449.0034602592437,457.0740916381673,2178900.0
2023-05-17,454.4400939941406,454.99313125120506,447.62551816578195,449.93140862534364,2682000.0
2023-05-18,449.2096862792969,452.321690339093,444.20420243086386,451.8530117547168,3040100.0
2023-05-19,448.8253479003906,454.4307252306384,447.87860804511035,449.5377198672762,2317900.0
2023-05-22,450.51263427734375,451.99367474295144,447.972404154378,450.34391683874225,2242800.0
2023-05-23,449.4065246582031,453.1090969285183,442.9387658950807,446.3507311247873,2874200.0
2023-05-24,450.70941162109375,453.0059480084507,448.8909651248942,450.50319191036834,1904700.0
2023-05-25,447.7754821777344,451.5905036985123,444.58844526645396,447.70986031766114,2684100.0
2023-05-26,451.356201171875,457.79586877282514,448.0567143268282,448.11295346693527,3135200.0
2023-05-30,449.79083251953125,455.4337122439795,446.21012135409177,446.819397778211,3180800.0
2023-05-31,456.7179260253906,456.8679066143811,447.22249274110766,448.1692326940408,4944100.0
2023-06-01,462.7075500488281,467.5349329774133,455.6586069554072,457.23338848840797,3376600.0
2023-06-02,468.28485107421875,469.63464759718835,459.64241740075425,461.17969678752974,3064500.0
2023-06-05,466.9819641113281,471.3969083090464,466.260209398896,469.3347397281532,2688800.0
2023-06-06,457.02716064453125,468.58475990055064,453.37147405539287,468.58475990055064,3816600.0
2023-06-07,451.927978515625,459.7174136474166,451.43118040200915,459.25811782705523,4381700.0
2023-06-08,459.5205993652344,461.0109937796971,452.20919653636463,454.0464371202936,2725900.0
2023-06-09,462.69818115234375,467.0100292914798,456.7084844946161,459.29557049340417,3174100.0
2023-06-12,461.7327575683594,463.4762567517859,458.10518995529446,461.46091598375415,2207700.0
2023-06-13,460.5329284667969,463.673080568118,458.04893779770504,460.12048904183035,3016600.0
2023-06-14,431.05303955078125,431.7748228544645,417.76132220548874,426.16006275431596,14672400.0
2023-06-15,438.49798583984375,444.2487342695839,433.8107748709351,434.8272635738104,6798100.0
2023-06-16,431.5330810546875,440.9733662700575,431.00600854058627,438.73332244677636,7699100.0
2023-06-20,441.7922668457031,442.82756945636953,429.8954208323115,429.8954208323115,4597700.0
2023-06-21,448.7195129394531,451.18546560413716,439.72159485199734,441.3781249512106,4886500.0
2023-06-22,450.8841857910156,454.7713665369728,449.89593215739313,450.065342142021,3179000.0
2023-06-23,448.9547424316406,453.9243032115119,448.5311887324817,450.2065323246995,4862600.0
2023-06-26,450.8936462402344,453.0113574021154,445.18994647543184,450.027753761311,2968300.0
2023-06-27,454.1878662109375,454.771408694279,449.67948638012473,450.01833510408517,3693200.0
2023-06-28,446.55474853515625,453.7737752009606,446.112381011661,453.6231789458028,3670100.0
2023-06-29,448.4277038574219,451.5054338077323,445.26524018224274,447.14765014597185,2979300.0
2023-06-30,452.3807373046875,453.754888417324,447.1852678693978,449.8959425794108,3970400.0
2023-07-03,449.78302001953125,451.97601488512635,448.2959001335953,449.99008625466297,1915700.0
2023-07-05,443.5146179199219,449.22773912063064,442.92165417864516,448.0418116380771,5053100.0
2023-07-06,441.7639465332031,444.62521765603526,439.21328913242394,441.7545540154381,3913600.0
2023-07-07,434.44140625,441.0580764793436,433.7261099571643,437.6603400993041,4131600.0
2023-07-10,435.82501220703125,435.87208969624265,432.1637392861583,432.9543481272468,4339200.0
2023-07-11,435.67437744140625,439.0626923165905,434.0272687624655,435.18493247961163,3086800.0
2023-07-12,425.14227294921875,437.4908768776313,424.7187192468016,435.7778770332834,7287600.0
2023-07-13,421.424560546875,428.1541709002837,420.8880667755352,425.42468200376885,7276800.0
2023-07-14,451.9384460449219,456.4844538439201,433.0578461264785,435.3543887694541,11379300.0
2023-07-17,455.6184997558594,456.10794473446623,450.1783360526223,452.82311978150506,4582000.0
2023-07-18,470.60247802734375,474.7626165713556,458.83741607666013,460.55980850799006,8816400.0
2023-07-19,474.0849914550781,484.4005619563292,472.93672015415444,477.69921537192835,4956500.0
2023-07-20,474.5932312011719,478.77218397369717,471.1013684641925,476.87096008912624,2963100.0
2023-07-21,476.74853515625,480.40041490421714,474.85670404314544,475.35554151037013,2887300.0
2023-07-24,478.7721862792969,479.8075175969892,474.90384724360445,475.61914356221985,2279000.0
2023-07-25,480.8898620605469,482.3675607989271,477.45446956732127,480.014548307225,2730600.0
2023-07-26,478.1321716308594,485.53002963308245,476.8427252912835,481.46404559380284,3697200.0
2023-07-27,475.5250549316406,480.4851953839529,473.54851851057265,478.66867646541743,3028300.0
2023-07-28,473.3414611816406,477.64277539035515,468.04247186290615,475.50622142640844,2930000.0
2023-07-31,476.5979309082031,478.0191595293451,469.717725238506,473.42607492244196,2441600.0
2023-08-01,475.06378173828125,480.05218525416154,472.94607058086973,477.6615166161608,2161200.0
2023-08-02,475.1202697753906,480.45691473291805,473.41669103306197,479.7227759860764,3220500.0
2023-08-03,475.1767272949219,476.2497147477413,471.5813461397725,473.32258107866755,2442900.0
2023-08-04,473.1720275878906,480.86165680133774,472.2496362937057,480.01457799659175,2411200.0
2023-08-07,480.7110595703125,483.4028922346674,474.97912424442717,476.00503430538544,2430900.0
2023-08-08,476.117919921875,478.2921297713133,470.6212864871995,473.42608756504876,2422600.0
2023-08-09,472.5884704589844,475.99565698716776,471.43080658975464,474.3673618531174,1916900.0
2023-08-10,473.8779296875,481.9346139074816,473.21907466210564,474.8097134970646,2179700.0
2023-08-11,478.14154052734375,480.6451491656777,474.6026006892031,475.9014681286609,2029600.0
2023-08-14,480.8898620605469,483.30876579560794,478.36743956303354,479.2145183153869,2127200.0
2023-08-15,476.899169921875,483.44997748745675,476.5038511785064,481.5016474953449,1817500.0
2023-08-16,473.9532165527344,480.48518195096995,473.2661265202327,478.13216930674383,1454100.0
2023-08-17,464.9176330566406,471.76021207359264,462.9034692091453,466.3482830989384,3009500.0
2023-08-18,469.1341857910156,471.48719810690693,464.48463115695074,465.6893723137553,2364400.0
2023-08-21,468.4189147949219,470.8378186277906,467.04476348672756,468.2589260240633,1533500.0
2023-08-22,463.3929138183594,467.5812879875956,462.44228747932686,466.29184160096736,2079400.0
2023-08-23,460.6633605957031,464.9552529403659,459.2421319063942,464.01404797489954,2011400.0
2023-08-24,459.4021911621094,466.29181902938626,458.5645048794916,462.5363913438541,2311100.0
2023-08-25,460.3621520996094,462.27279696411296,456.1549649013887,461.11513327976786,1923500.0
2023-08-28,462.3952331542969,464.0705770571882,460.37164796557477,461.65167309439073,1344500.0
2023-08-29,463.8540344238281,463.957581907021,459.27979204007573,462.5740094471274,2113700.0
2023-08-30,462.63055419921875,467.5059898558339,461.46346903502695,464.9459107654802,2283400.0
2023-08-31,448.5594482421875,464.78584132218174,448.28651948392553,463.41166139661146,4927700.0
2023-09-01,448.239501953125,452.39021983832936,445.5288267037426,450.83723718766646,3165900.0
2023-09-05,452.540771484375,456.10794645902246,449.463041490185,449.8959877454922,3443300.0
2023-09-06,448.8983459472656,454.75264259982333,448.3712734087903,453.74554628679755,2596100.0
2023-09-07,456.30560302734375,458.4703630820274,450.4607279010596,451.6842829366117,2928000.0
2023-09-08,454.2646789550781,456.34340238158524,452.35605387082325,453.71666759815247,1858400.0
2023-09-11,452.9512939453125,457.1654015008759,451.64737014591753,455.40795904785676,2059200.0
2023-09-12,453.442626953125,456.9764566180419,446.0915472926876,451.0615674557605,2195200.0
2023-09-13,453.385986328125,457.3544480895621,453.0269314558377,454.8883247397088,2197800.0
2023-09-14,456.9386901855469,458.5166053922636,452.3844143261255,456.02216602989665,2334300.0
2023-09-15,459.8677673339844,462.8157540869077,457.44890492978504,458.96067230607383,5334300.0
2023-09-18,459.26300048828125,461.79524235913703,456.93863094026364,461.48344829243587,1997500.0
2023-09-19,454.1607971191406,458.95129050370304,450.2679409374472,457.08989717389903,3230700.0
2023-09-20,464.9983825683594,467.8140737156285,452.72454356518483,456.1355067922121,3724800.0
2023-09-21,473.5116882324219,477.29116442184255,465.8960171824335,466.9448368192575,4703900.0
2023-09-22,478.1982421875,481.34464350376413,470.5731418706817,471.48966602216547,4558500.0
2023-09-25,482.14776611328125,482.7713831315337,478.69899993054435,480.2391410587129,2758500.0
2023-09-26,477.5840148925781,481.33514571921114,476.5729982113568,480.88159824961645,2420200.0
2023-09-27,475.9588928222656,478.4438741807852,473.4266218754708,478.3210654268436,2593700.0
2023-09-28,481.97772216796875,485.80445923266075,477.168342024025,478.0754082645327,2922000.0
2023-09-29,476.39349365234375,481.76980045895664,476.02498090904254,481.74145554294216,3006200.0
2023-10-02,486.2012634277344,486.45639652017127,475.4014173410325,477.6596393272664,3550400.0
2023-10-03,481.38238525390625,485.6437246118048,480.3335657248343,485.00122064603954,3143200.0
2023-10-04,482.4690246582031,483.60287904040655,478.6800905800401,481.40131802923645,2801700.0
2023-10-05,487.7696838378906,489.64056359088227,483.04536788199533,483.41385178143554,2790700.0
2023-10-06,495.8766784667969,496.95384292612596,487.53346937076986,487.9775877721669,3647200.0
2023-10-09,497.4830627441406,497.82320179547236,491.56817266940556,492.4185779679708,2341600.0
2023-10-10,495.338134765625,499.0231470782844,494.2421120575263,497.4735480166368,2455700.0
2023-10-11,495.2342529296875,496.61378259628424,491.5492403200056,492.2012023149421,2819300.0
2023-10-12,496.5664367675781,499.4388754554325,493.4578384983962,495.5554200104954,2377300.0
2023-10-13,509.66229248046875,514.4433266646253,502.67023976156236,503.85132585122767,5245400.0
2023-10-16,508.367919921875,516.6355240649552,506.56318775074254,513.2339609010929,3827600.0
2023-10-17,507.0639953613281,512.5253084453045,505.0986516028002,510.1725937537671,2586000.0
2023-10-18,506.5064392089844,513.9897850297677,505.882851086512,513.1016059236736,2551400.0
2023-10-19,502.32073974609375,508.6608318591418,500.0719467841592,507.2246124427183,2351200.0
2023-10-20,497.9743957519531,504.96639257823205,497.72872055560913,501.7254984446766,2811100.0
2023-10-23,492.81536865234375,498.68302634894775,491.60590855884357,497.97437454516506,2357700.0
2023-10-24,496.0562744140625,501.4136660300692,493.2878148887129,494.0342407117855,1978200.0
2023-10-25,500.97900390625,503.0104376162204,491.4074765011747,498.20108679125894,2380100.0
2023-10-26,499.2310791015625,501.2247392824109,493.713075242033,496.71775239223206,2675800.0
2023-10-27,495.7349548339844,498.6451675642797,492.5224347669829,496.9916467786937,2585600.0
2023-10-30,500.7711486816406,502.50027522567746,494.10983327884355,496.05626125428927,2555400.0
2023-10-31,506.03411865234375,507.09236748460256,502.31133190200035,505.5049942362144,2464200.0
2023-11-01,502.2923278808594,506.28916289141,497.7569683002414,500.7616447432786,2747400.0
2023-11-02,506.57275390625,507.24363183277273,497.8988611409566,502.6704393033024,2350900.0
2023-11-03,501.6309509277344,506.43084369322526,499.64669152148366,505.09860384250305,2739500.0
2023-11-06,504.0497741699219,506.46863619919475,500.82773898942753,502.3206479695145,2684900.0
2023-11-07,508.178955078125,509.89862372968247,502.21683347096297,505.84509845449986,2604800.0
2023-11-08,507.1395263671875,511.55210617588637,504.69234792138246,510.22926649096684,1769200.0
2023-11-09,509.2844543457031,511.0891289852718,505.0136274800174,507.9616145130751,1819600.0
2023-11-10,511.3726501464844,512.7615801063451,506.46877698268935,512.7615801063451,2480800.0
2023-11-13,512.6575927734375,514.1505019775693,508.2544708305525,511.3158949083266,1507900.0
2023-11-14,510.6639709472656,512.7520947345959,506.93172649453015,509.31281506421885,2454000.0
2023-11-15,508.7268371582031,510.6638645320849,502.38680377202155,510.27643598922026,2473700.0
2023-11-16,510.0591735839844,514.8212924247639,507.8386969054917,508.72687604284374,2360300.0
2023-11-17,506.7237548828125,510.7205898079287,499.21209277089787,510.4843725674226,2676900.0
2023-11-20,505.5993347167969,506.77102061755437,502.4812788229023,504.19148925687205,2518400.0
2023-11-21,509.8418273925781,511.80711315220947,504.73951234188206,508.12215910023565,2115700.0
2023-11-22,513.781982421875,514.3867124295028,510.4749408848343,513.0354989945687,2234500.0
2023-11-24,516.9378051757812,517.4008394272885,512.8843379400491,514.8874556000136,1135000.0
2023-11-27,513.621337890625,520.5188696913818,511.67491016048996,516.9377794620415,2675800.0
2023-11-28,510.73016357421875,515.7285007558249,510.2955029918121,515.548973305509,2859300.0
2023-11-29,505.4859619140625,511.9866647686155,499.5049831073904,500.7805330952987,4550000.0
2023-11-30,522.4841918945312,523.4007448282167,504.5695122670186,506.2513491263321,7121200.0
2023-12-01,518.7582397460938,525.9068938576146,516.8620548451231,521.8490303933913,3462200.0
2023-12-04,519.8201293945312,523.2237487086069,514.8520766050564,519.8011490290816,2709200.0
2023-12-05,521.6973876953125,523.8495761852137,517.0422211202806,520.5975679911003,2645600.0
2023-12-06,521.0051879882812,523.2331817404803,518.7012727825762,519.1374160715046,2239700.0
2023-12-07,519.810791015625,522.8826020332205,516.2554434735961,522.730874799249,2511700.0
2023-12-08,521.2328491210938,523.0910734464038,516.2742858359824,521.6594444663288,2039900.0
2023-12-11,515.4588623046875,521.4508131378715,511.07868010368674,521.2232802235806,3655300.0
2023-12-12,517.3928833007812,519.0710251279755,514.4822909689117,517.4687468847624,2706100.0
2023-12-13,520.5121459960938,520.9008383650213,510.63304075332513,515.7621944684702,2876600.0
2023-12-14,506.5089416503906,516.6345628804125,501.9202062316979,516.0467501438608,5386800.0
2023-12-15,503.5508728027344,505.8073375320477,495.81446363578334,502.4890138556425,9030100.0
2023-12-18,499.218017578125,503.88261575848276,497.96652872642613,501.6451316904294,3260300.0
2023-12-19,496.83831787109375,500.23250484813184,494.69567766652824,497.35981498194644,3645600.0
2023-12-20,489.1493225097656,497.5873683188117,489.09243927840674,496.6581983839898,3847800.0
2023-12-21,492.894287109375,493.78549629012133,489.68973013181704,491.9461946986648,2491600.0
2023-12-22,493.3019714355469,495.8618325777087,491.1308605963677,492.89429863344617,1759500.0
2023-12-26,493.0365295410156,494.4112172580918,491.08340360117916,492.8942925310572,1390800.0
2023-12-27,495.6531677246094,496.0039572568965,492.40121798097016,492.77098787726095,1851800.0
2023-12-28,497.6537780761719,500.46958503452663,495.7954959377903,496.2979548736595,2001000.0
2023-12-29,499.1421203613281,500.8202622327993,496.7244965941491,498.6775643977361,2080100.0
2024-01-02,511.34405517578125,511.6473937465184,499.331685747121,499.4929030798325,3415700.0
2024-01-03,513.8945922851562,518.4074638604002,511.4769101789887,514.8521170771801,2891400.0
2024-01-04,517.108642578125,520.5028302422036,514.8142747204308,516.710459894355,2994400.0
2024-01-05,509.4858703613281,518.6065141155013,506.0253101459471,518.6065141155013,2815400.0
2024-01-08,508.6705627441406,512.2069289466942,500.59279682342355,511.4010735379896,2648900.0
2024-01-09,510.42462158203125,511.6002471776005,504.6981629626209,510.0738319403527,2677000.0
2024-01-10,509.73236083984375,513.1075671315716,508.31971256385384,510.1684462653664,2180000.0
2024-01-11,511.66650390625,512.1215697447499,506.7838627242686,508.30078743058027,2814100.0
2024-01-12,494.439697265625,501.0478737912341,486.49467799513315,491.9272291547551,6327300.0
2024-01-16,492.20220947265625,497.2744808396763,489.73713442800704,496.52550865012034,3736700.0
2024-01-17,497.6916198730469,503.1146805497428,493.00804116727903,494.22162719860415,3791300.0
2024-01-18,489.53802490234375,490.0120710729299,471.63800793817245,479.0047039465094,7367000.0
2024-01-19,477.42144775390625,490.68525231372166,475.7717760945201,488.26762805886364,6143400.0
2024-01-22,486.3619079589844,486.91181775027746,470.7278736400079,477.7816833663314,5922900.0
2024-01-23,488.7606506347656,491.1877650531337,485.49921021005485,485.89739284631816,2672900.0
2024-01-24,486.5894470214844,494.64823247260915,486.3240112386237,491.01708022178997,2918800.0
2024-01-25,467.788818359375,469.7893085141274,454.1362925941803,462.28040342985304,14671000.0
2024-01-26,477.0801086425781,477.544664661216,464.4704623257704,467.67501927645907,6212200.0
2024-01-29,478.3505554199219,480.21829863580473,475.13650824328977,476.9947612763026,4554100.0
2024-01-30,477.46881103515625,479.7821588608707,473.30670034554913,478.3505589775812,4931200.0
2024-01-31,485.1767883300781,488.2675787670073,478.32209889705035,478.32209889705035,5358100.0
2024-02-01,480.8156433105469,483.7357554735722,476.89052648086135,482.4178930133148,4242600.0
2024-02-02,483.7452087402344,486.28606056337543,479.15644487225086,481.8679753214519,3804500.0
2024-02-05,476.8525695800781,487.5091483711587,474.0936170841752,483.4892167165704,3646300.0
2024-02-06,484.1623229980469,484.41829751114955,476.3690028863979,477.7816511996936,2745400.0
2024-02-07,492.4297180175781,493.9561328702375,486.07748746101663,487.32897635397535,4109100.0
2024-02-08,493.0933532714844,495.0558534235001,490.42921620423635,493.60530228501517,3343000.0
2024-02-09,491.3204345703125,493.3778368213315,489.49062311226356,492.0504842637044,2715400.0
2024-02-12,490.7705383300781,492.05043985680413,486.1912360732076,491.32039022929825,3194000.0
2024-02-13,490.0215148925781,499.57830211871396,487.5185950320138,494.9042137110345,3436000.0
2024-02-14,490.1069030761719,491.6143955013302,487.59443498989793,488.51411473781707,1918500.0
2024-02-15,493.8423767089844,494.66721247224956,489.0260510872414,490.48615042628353,2292100.0
2024-02-16,494.47760009765625,496.60131790277603,491.95569967081906,495.1886694270653,2135500.0
2024-02-20,494.0130310058594,498.0993069961964,492.4486553757132,496.9995452572407,2600200.0
2024-02-21,494.875732421875,496.50648134240043,490.6756902870801,496.48750097811484,2095900.0
2024-02-22,499.17071533203125,499.39824827973433,491.6713289069357,496.9901140939094,3186800.0
2024-02-23,499.8721923828125,502.9629826470486,496.95205179447754,499.4076363983654,2502000.0
2024-02-26,498.05194091796875,505.15314422581224,497.09435826910317,500.89621831445436,2308900.0
2024-02-27,486.7695617675781,498.30788741741674,485.4706798677403,497.5209545582928,3780600.0
2024-02-28,472.41546630859375,472.67144083316725,459.2464782972862,469.722887442161,9558600.0
2024-02-29,467.9784240722656,475.70537150483005,466.0822392331831,472.62407114132094,6833200.0
2024-03-01,464.1196594238281,464.58421542911117,452.47708620996093,464.01538315059446,7315000.0
2024-03-04,456.8572998046875,461.75895045420407,455.1791866005785,458.15618181918535,5239800.0
2024-03-05,448.58990478515625,457.8338055102446,446.1912322158829,457.3502980701625,5296200.0
2024-03-06,448.0684814453125,454.89472947824356,443.88739042006864,449.8129680181777,5577500.0
2024-03-07,453.9277038574219,456.2126101430196,449.01659189094323,449.3958230857531,5102000.0
2024-03-08,453.6135559082031,460.9236021416415,451.9002447597918,455.2887566819859,4673600.0
2024-03-11,465.58758544921875,466.6917116086643,453.07102819003217,454.0228580811877,4410100.0
2024-03-12,465.77801513671875,468.5668700582855,463.874355141512,464.6167813777408,4153800.0
2024-03-13,464.49298095703125,472.1076199891137,461.9515823991549,469.7470714320528,3669000.0
2024-03-14,465.44482421875,466.09206158367647,461.818354599254,465.17831300686595,3378500.0
2024-03-15,467.1771545410156,467.55788068828923,463.9694924527324,463.9694924527324,5713500.0
2024-03-18,463.5887451171875,468.39550358157817,462.95103534539027,468.39550358157817,2970500.0
2024-03-19,469.55670166015625,469.670916592868,464.29308382905384,466.0825285683147,2511700.0
2024-03-20,470.42291259765625,470.77508502103234,465.8636391399945,468.74768264046827,3548200.0
2024-03-21,468.0052185058594,472.297980399216,467.6149647839595,468.5667946283372,3693400.0
2024-03-22,466.4632263183594,471.94574608781187,466.1776599564096,471.3461177275505,2847300.0
2024-03-25,462.4751281738281,467.805381558349,460.75231833499384,466.9677665775257,2786100.0
2024-03-26,468.5953369140625,469.5757204679192,461.85639456141814,464.61669523317136,3113300.0
2024-03-27,469.3473205566406,471.85063779354977,467.6435369347921,469.9184242952676,2653100.0
2024-03-28,470.8702697753906,471.983894507438,465.7303650050241,471.15580713039157,3820000.0
2024-04-01,466.1111145019531,471.8982275236239,465.1592846002114,470.65133267614567,2928700.0
2024-04-02,436.07135009765625,441.3444666573372,427.9427148836217,437.46101357299256,11867000.0
2024-04-03,437.5942687988281,440.554474891658,433.6060991952273,439.7454136673933,4460400.0
2024-04-04,433.4443359375,439.4789344553474,430.151012378022,438.62229329274334,5182000.0
2024-04-05,433.7869567871094,435.7001442142088,428.3329899567894,428.98022732850427,5747400.0
2024-04-08,434.03448486328125,435.17669249509805,431.7405710518728,434.00593112486314,4532300.0
2024-04-09,437.5751953125,437.61327663768026,430.66490169306076,432.3972388945106,3521200.0
2024-04-10,428.37103271484375,436.6424368279179,428.11404910025584,433.54898966852437,4493500.0
2024-04-11,420.44232177734375,429.0563711054638,420.2138918872195,428.69470012861535,5844100.0
2024-04-12,418.043701171875,420.9372431361519,415.35953389869087,419.12877214659306,6045700.0
2024-04-15,424.1639709472656,426.75294948576925,420.6992961034039,420.7088236977966,5376800.0
2024-04-16,446.30352783203125,456.6403864197335,443.17199938330305,453.8039229109645,11816500.0
2024-04-17,455.9169921875,464.49298883810593,451.72894645830445,455.54579363311007,8759800.0
2024-04-18,469.4234619140625,477.81860858207426,462.56077648586717,462.71307275518416,8880400.0
2024-04-19,476.99053955078125,482.8633139778937,471.68883984612637,473.05947727511335,6618600.0
2024-04-22,467.5674133300781,475.36290255315396,467.005837173467,473.8018875706742,4697700.0
2024-04-23,462.7606201171875,470.4990012883662,461.60891415535485,467.3484468725602,3646700.0
2024-04-24,463.8266906738281,465.31154296848734,457.5541352264123,460.47625994056637,3724400.0
2024-04-25,470.0707092285156,473.1832116499287,464.04563863018865,465.4067484411355,4329700.0
2024-04-26,471.48895263671875,473.2783975185746,467.7292128659551,468.30031662256454,2727000.0
2024-04-29,465.4733581542969,473.392589609912,464.27404322806194,471.8315746870321,2192100.0
2024-04-30,460.4001159667969,466.12059368631054,459.34356971502916,465.406721289658,3367500.0
2024-05-01,460.7903747558594,465.6256870803828,454.08951294418455,456.1740228205074,2729200.0
2024-05-02,469.2236022949219,469.9089210072137,460.62857917901533,460.95219786988304,3561400.0
2024-05-03,468.7286682128906,469.0522869086086,462.3799496964016,467.2152330379245,2487600.0
2024-05-06,470.565673828125,471.0320611871011,468.30031400302374,468.7572028152643,2029500.0
2024-05-07,476.8287353515625,477.48550035702647,471.19391817553696,472.10766681670816,3752100.0
2024-05-08,478.9703063964844,482.5777497796283,475.9910742206522,479.88408399668845,3078900.0
2024-05-09,482.6063232421875,483.5010456909143,477.9518900374691,477.9518900374691,2342900.0
2024-05-10,488.1078796386719,488.8408072385006,482.5777503460833,484.4814101107621,2784600.0
2024-05-13,487.08941650390625,489.87827109811803,482.8728170808778,487.38448144472494,2454500.0
2024-05-14,489.1263427734375,491.3060122816948,482.863285904206,489.7926353076256,2949700.0
2024-05-15,492.61956787109375,497.41682789154106,490.0306183512428,490.0306183512428,2981200.0
2024-05-16,496.1603698730469,502.7184334583032,494.4851400236917,494.95152736002905,3655800.0
2024-05-17,499.3585205078125,500.51972508952804,494.9610710577236,497.74992566775234,2657200.0
2024-05-20,492.3150329589844,499.35859849245327,491.6582679076337,499.35859849245327,2476200.0
2024-05-21,498.3305969238281,499.44422178411446,491.06812920071314,493.3525444939563,2521900.0
2024-05-22,496.2364807128906,500.92905310726275,495.5702462783119,497.63570083469284,2299100.0
2024-05-23,491.934326171875,495.1705133872173,490.41136328074856,493.35254360838763,3055400.0
2024-05-24,483.69140625,492.2293214946253,483.07269358568135,491.2489088257951,2527800.0
2024-05-28,479.41766357421875,482.2445994595967,477.7234075617812,482.2445994595967,2912800.0
2024-05-29,461.3709716796875,470.10876283782284,450.472508145279,468.62391057752046,7521600.0
2024-05-30,458.44891357421875,462.6179336207688,454.9747398846091,459.0866524549774,5169700.0
2024-05-31,471.5079650878906,474.4015360691666,459.1722579219878,459.1722579219878,6694800.0
2024-06-03,473.478271484375,474.65853127439567,469.31877943643735,470.327716814528,2795100.0
2024-06-04,481.1404724121094,483.786558292773,470.76553262307027,474.5442983745347,3178400.0
2024-06-05,478.8846435546875,484.57659668204,474.7727315104638,484.19587054036214,2464400.0
2024-06-06,477.74249267578125,480.3885787271958,473.32598784454717,479.3891398691792,2419600.0
2024-06-07,467.0534362792969,478.63719039975615,466.7964526522295,477.85671192392545,3416300.0
2024-06-10,471.1557922363281,471.5270198336379,462.77017328820824,467.3484727031053,3332800.0
2024-06-11,472.3170471191406,473.80189948014083,466.6727026284448,467.21522361022033,4599700.0
2024-06-12,469.3187561035156,475.91493006277557,463.9409232033147,475.91493006277557,4048200.0
2024-06-13,473.3450012207031,477.8186134034581,461.04737508658513,466.6631657294278,4951700.0
2024-06-14,473.1736755371094,473.8685218216607,468.04332747761475,472.8976367326241,3188400.0
2024-06-17,467.6392517089844,471.3575625796675,467.1326429012839,469.64655091296225,2407200.0
2024-06-18,459.82025146484375,469.9620252696357,457.8989767808627,469.05393907689734,3692700.0
2024-06-20,463.1370849609375,464.475323301368,457.0099684787019,458.85481561803067,5258100.0
2024-06-21,461.292236328125,466.7502332773267,459.3805007354744,463.06059758548076,6368600.0
2024-06-24,468.35614013671875,469.22598338162555,463.1179738117356,467.28554364014525,5139800.0
2024-06-25,463.1179504394531,468.9869927503976,459.39007184282525,468.9869927503976,2916100.0
2024-06-26,462.6782531738281,465.92819782521343,460.22166595289156,463.1179441893502,3153100.0
2024-06-27,464.97235107421875,467.4002635381473,460.7760772848728,463.6436807842184,2991900.0
2024-06-28,486.7852783203125,486.9190846526262,467.8112953637344,474.4641275370803,22734200.0
2024-07-01,472.8199768066406,486.45066025926445,471.1376694023959,484.38598241832113,4523100.0
2024-07-02,476.2515869140625,476.4714470204239,471.6156511911779,472.4472515510228,3312000.0
2024-07-03,468.2701416015625,476.0986729000337,465.0488422608828,475.1810478797966,2239200.0
2024-07-05,466.4730529785156,468.05979702212977,463.11794767618414,467.4193527629598,3499000.0
2024-07-08,467.7443542480469,472.0840023066919,464.714269602637,467.60097990959656,3450600.0
2024-07-09,470.39208984375,473.536903078832,464.6377761795911,466.7789107205302,3056800.0
2024-07-10,478.8228759765625,479.3677276530457,468.48994683279767,469.2737654722186,3189800.0
2024-07-11,482.1014709472656,486.2786377483338,475.7354170518327,475.7354170518327,3535100.0
2024-07-12,488.9550476074219,491.860893845876,481.21251270347443,484.5485111141139,3570600.0
2024-07-15,492.6256103515625,507.40334835044735,491.1248908225301,501.1041535337792,5128000.0
2024-07-16,524.6470947265625,525.6507441334895,503.86654046541463,510.3377834007367,11062000.0
2024-07-17,547.9799194335938,548.2953138011353,526.9699055539367,529.55076027775,10330800.0
2024-07-18,539.4345092773438,555.8371765558129,536.6433330400585,539.5874224690565,6834800.0
2024-07-19,540.3807983398438,544.749121499107,536.7580217802763,542.0917808212022,4290400.0
2024-07-22,533.8809204101562,539.3484567350122,532.4949003018545,538.201403599123,3377300.0
2024-07-23,530.219970703125,534.177278071609,528.4133662512236,534.1294380002223,2785600.0
2024-07-24,535.0470581054688,536.3661604774562,528.614085794773,535.2860250809513,3156200.0
2024-07-25,534.9801025390625,544.7395341309327,533.9286712578729,537.1977229157853,3102900.0
2024-07-26,544.5770263671875,553.57177588468,535.2860184789591,535.2860184789591,3201900.0
2024-07-29,541.7380981445312,546.1350668704899,536.968326959123,540.7440165942087,2965000.0
2024-07-30,550.895263671875,553.858430290221,541.0115657002149,541.881438003415,4139100.0
2024-07-31,550.7328491210938,555.2637121840058,537.5036694431656,540.4859727620766,4713200.0
2024-08-01,547.492431640625,561.5723460039061,542.0726190783878,551.7269190954652,3680800.0
2024-08-02,563.799560546875,565.4340572614902,549.8629907049781,556.630551541595,5094000.0
2024-08-05,544.8064575195312,560.922375371848,541.7476687495786,556.4297848354996,4587400.0
2024-08-06,543.2674560546875,552.0328060328302,537.7043566429662,543.1336788985003,3216500.0
2024-08-07,541.09765625,546.4218468545798,532.4470643972068,541.6042358423642,4320700.0
2024-08-08,541.2506103515625,547.1865707940696,539.4631421119682,539.4631421119682,2860800.0
2024-08-09,534.1007080078125,540.9542638847348,533.0205727128482,539.6255936239853,2976700.0
2024-08-12,540.3424682617188,543.8887586753679,536.289598269856,537.5035690015695,2532400.0
2024-08-13,548.8975830078125,550.3218168686759,543.8888444602602,544.8351443628984,2369400.0
2024-08-14,554.0878295898438,555.4738494638403,547.9703111351711,549.8533425555152,2344400.0
2024-08-15,554.030517578125,557.595944118773,548.1997473766057,554.0878673120516,2751800.0
2024-08-16,552.1857299804688,555.9805556646583,548.7637067579899,555.2827324652027,2728900.0
2024-08-19,553.2372436523438,557.557726829415,551.6026885625861,552.5681244631219,1847900.0
2024-08-20,555.0245971679688,558.0451133960958,550.1018552311116,554.2598563432475,1677500.0
2024-08-21,552.5584716796875,557.6436950594681,551.9467023238785,555.8466590402397,2844300.0
2024-08-22,553.1798706054688,557.2232316958829,545.4373635668877,553.686508621617,2282000.0
2024-08-23,558.71435546875,559.3834746669456,552.9217983293958,555.3592498056723,2376400.0
2024-08-26,561.2186279296875,565.9597528983404,559.8899577760408,562.0980099102758,1800000.0
2024-08-27,561.4288940429688,566.1987230749285,558.016497549955,563.4553289854946,1581900.0
2024-08-28,562.5664672851562,566.6767458876399,558.1025805720491,563.0157555313058,1657000.0
2024-08-29,565.4627685546875,566.4568501465482,558.5805081530305,564.6120321398445,1953200.0
2024-08-30,564.1531982421875,567.0781514336293,560.7025294187903,563.9620130101468,2944700.0
2024-09-03,572.2589721679688,574.1515718903937,565.7017325501444,566.3708517306774,3175500.0
2024-09-04,577.5161743164062,581.1102464167072,571.4942191167282,573.5206540938702,2935000.0
2024-09-05,569.2096557617188,579.2558347720311,563.6464986644091,577.5257165430896,2144800.0
2024-09-06,570.5384521484375,574.1038208419362,566.1223469991102,569.5730162088508,2926400.0
2024-09-09,567.8811645507812,573.0237391403984,549.8822118286746,571.9149579129386,3411400.0
2024-09-10,572.5935668945312,578.1088849162165,565.0613232968404,568.9421445745099,2863500.0
2024-09-11,563.7230224609375,565.3002276323316,553.4187398031133,563.1399571179282,3563600.0
2024-09-12,562.4517211914062,564.4495105873082,557.4716872331029,562.5569109902209,3395800.0
2024-09-13,568.0913696289062,571.3030715012628,561.3142411166707,564.994367227595,2241900.0
2024-09-16,565.1368408203125,574.3936383258106,563.8130611068353,570.7580743581694,2548600.0
2024-09-17,554.4122924804688,562.8153360700483,552.9062517047412,562.1343009534886,3416000.0
2024-09-18,556.99267578125,560.7049961893268,548.9924455582294,553.357053788695,2988300.0
2024-09-19,553.5586547851562,561.0025013071704,551.1701133134551,559.9376811349517,2945700.0
2024-09-20,551.572998046875,555.256572177747,546.4409944409391,548.4074603764648,5398700.0
2024-09-23,550.0476684570312,555.8224157797382,548.6951415093687,553.0021971510226,2386100.0
2024-09-24,551.7553100585938,553.788931224194,542.9397315106793,547.5633595716172,3188500.0
2024-09-25,552.8296508789062,557.4340748643501,549.7312680945555,554.3260901378862,2658800.0
2024-09-26,551.3906860351562,553.1077355239908,547.6495591473891,551.572947264015,2751900.0
2024-09-27,558.1438598632812,562.8058950325122,553.0982154355224,554.1437731490131,2986200.0
2024-09-30,560.8585815429688,562.5276799677054,555.1605905301374,559.7266648934166,3009700.0
2024-10-01,559.5347900390625,564.7148030511676,557.1078994343112,561.1655392131267,2648400.0
2024-10-02,568.177734375,579.890288020368,560.4461222617724,579.6408717347116,3667000.0
2024-10-03,568.5997314453125,569.0601561869915,560.56115105581,566.5469068913005,2645800.0
2024-10-04,567.1129760742188,571.8421079427196,564.465416331562,568.0050784138663,2462600.0
2024-10-07,559.7841186523438,568.3023271103432,559.5635082360283,564.8010149775142,2591100.0
2024-10-08,557.8848876953125,565.2040257194529,555.9471691764184,564.100856383793,2231400.0
2024-10-09,567.132080078125,568.6477230251255,556.9543740461825,558.4412111705723,2207700.0
2024-10-10,573.3480224609375,574.5470939239441,568.6092896971988,570.9306756560245,2143200.0
2024-10-11,573.683837890625,577.0124912905957,571.9092352389952,572.1873987889091,1909700.0
2024-10-14,580.734375,583.8327572483278,573.0411129548323,574.7006092973608,2447100.0
2024-10-15,533.625244140625,546.4889178462803,520.8767351802204,529.52925511521,11939400.0
2024-10-16,548.06201171875,552.7047835874213,532.5028301337476,534.3158402183055,5103900.0
2024-10-17,542.9684448242188,546.268233773505,535.9562176617255,537.7404807601907,5588700.0
2024-10-18,546.4025268554688,547.6879573758456,540.1001994810699,543.7549673869448,3687000.0
2024-10-21,548.1866455078125,555.6784999204942,545.5295430632148,546.4312471098676,3018000.0
2024-10-22,546.642333984375,549.6927650780232,542.450384397169,544.7142175033857,2593800.0
2024-10-23,541.635009765625,550.7479533390223,537.1840422213147,548.8198369625889,2911900.0
2024-10-24,537.9611206054688,548.4074473635279,537.4814919228959,541.9708093659673,2590200.0
2024-10-25,541.5582885742188,548.2155364506569,540.6469824469881,543.093076805457,2513700.0
2024-10-28,542.2105712890625,545.1747020221119,539.8795831429172,543.179430501943,1826500.0
2024-10-29,539.2272338867188,544.5510994333222,537.8170954115019,539.8891236713285,2600300.0
2024-10-30,540.0235595703125,547.0740779441832,538.0954428550253,538.3832083613911,2323600.0
2024-10-31,541.5006713867188,545.2897489103559,538.0281651221064,538.0281651221064,2490000.0
2024-11-01,544.43603515625,547.0931964385574,540.9251794297041,542.0954451557476,2548300.0
2024-11-04,535.044921875,545.4240920898832,532.7906322640359,543.6494310920925,2656600.0
2024-11-05,543.927734375,545.5680270059872,531.8123091133573,535.5342323911934,2608100.0
2024-11-06,572.3792724609375,580.8303274012551,566.7771837565708,579.2955390554018,6591300.0
2024-11-07,580.7822875976562,582.8830632225965,571.861207283624,574.2976995115969,5254300.0
2024-11-08,590.7202758789062,594.547703399324,580.5425692830503,584.1877355620946,3875800.0
2024-11-11,599.7756958007812,605.0324076738228,588.907292948329,591.7659198440036,3003200.0
2024-11-12,589.6265869140625,599.0368973878609,588.7728925315478,594.336572394879,2809400.0
2024-11-13,581.1852416992188,588.0343531796206,578.4897309074198,588.0247512384434,3409400.0
2024-11-14,568.9834594726562,581.3098916771368,564.9929165380566,578.8925446792239,3079200.0
2024-11-15,568.1009521484375,574.5279879955723,565.9138758722155,567.8035847168505,3423900.0
2024-11-18,565.6260986328125,569.9331546050269,561.4724980695369,565.4246335194365,2577100.0
2024-11-19,553.4915161132812,562.9306346277159,553.2709056482468,558.9784403014896,3198300.0
2024-11-20,576.0339965820312,578.086821212645,557.856059418177,558.968830649979,3928600.0
2024-11-21,573.1465454101562,579.3913188268468,572.4175006081252,575.5542902253445,2722900.0
2024-11-22,566.7963256835938,576.7630225461838,564.6859480274106,574.1730162657962,3197900.0
2024-11-25,581.1468505859375,584.9934816216629,570.767679857502,573.2329780770041,5146200.0
2024-11-26,582.067626953125,583.6791719448034,574.4799286320879,583.4585615350434,2693600.0
2024-11-27,583.5929565429688,592.2934272154505,581.9814113166943,586.1350117885413,2269800.0
2024-11-29,585.3388671875,590.6915397815934,581.9047093606233,583.9958834310786,2010800.0
2024-12-02,583.7272338867188,588.9839448216208,576.2929902835142,588.9839448216208,3364900.0
2024-12-03,580.5712280273438,590.6626327085843,580.1779583287832,585.9622489152486,2329900.0
2024-12-04,585.90478515625,597.4542813070711,582.2404149944798,586.1254541632277,4147600.0
2024-12-05,555.3812255859375,584.178151304091,550.5082401767828,580.9646624519119,5943700.0
2024-12-06,527.2269897460938,558.3932498900633,521.9702785054657,558.3932498900633,13003600.0
2024-12-09,539.8414916992188,542.1140078842855,524.4537842169498,531.5409832210477,7684700.0
2024-12-10,544.2421875,546.7073030633776,536.3846500082936,541.1704171230616,5360600.0
2024-12-11,513.7555541992188,537.4148529813656,512.9273841173434,535.0652855011919,10363000.0
2024-12-12,496.6441650390625,514.2081183288656,495.13234760095565,511.8296932584886,9403800.0
2024-12-13,501.18914794921875,507.97789698426544,491.790908118889,496.52856841376547,8202900.0
2024-12-16,480.02386474609375,502.36400420803096,477.69354539139266,498.8011272587293,8880000.0
2024-12-17,467.5249328613281,477.2313495275996,458.1844661643123,468.9500895030202,14132700.0
2024-12-18,481.1986083984375,487.7658421006399,467.9871190073787,470.32704754965835,10147600.0
2024-12-19,471.11669921875,484.98297942985243,468.21825084798365,481.6030921786186,7418100.0
2024-12-20,481.5934753417969,484.01045555567634,470.61600423252077,471.15524636515244,10956900.0
2024-12-23,487.5732421875,489.92280949386776,480.55342718665185,482.20006968665194,4286000.0
2024-12-24,487.3421630859375,487.3421630859375,482.03637362650187,485.7051592996193,1824400.0
2024-12-26,492.2049865722656,493.23530629452677,486.0229506927395,486.90883581715934,3387000.0
2024-12-27,491.0879821777344,494.1597520008485,488.97914886628007,490.5391306998208,3471800.0
2024-12-30,488.9791259765625,490.8376156908004,482.1037748861297,488.0739633470548,5408600.0
2024-12-31,487.11102294921875,492.0605304530279,484.6844336521479,490.47169117328554,4214000.0
2025-01-02,485.81109619140625,493.12938997936783,484.6363125024563,489.17173512550124,4234900.0
2025-01-03,493.9864807128906,497.1545210001231,486.64890844975446,487.58295813650363,3019500.0
2025-01-06,494.631591796875,501.0158657040778,490.9243096589105,493.98644077705137,4444800.0
2025-01-07,495.1900939941406,500.24551060759563,492.2723975812633,499.61957837483317,3914500.0
2025-01-08,505.0794982910156,505.2239035098053,490.6258112638927,495.43085524735693,4141700.0
2025-01-10,501.39141845703125,515.6043708819419,499.2536688227818,507.1209024999974,5467500.0
2025-01-13,521.08349609375,527.1114882694388,513.3800037333518,515.2095479051569,6472500.0
2025-01-14,523.587158203125,524.3671345290759,516.663641424183,519.6487802661219,3978300.0
2025-01-15,523.2789306640625,526.0425536870702,514.5258708874359,517.1931649977068,4103900.0
2025-01-16,491.6657409667969,519.8316628040305,491.0976119616905,510.6933461062643,9059900.0
2025-01-17,490.86651611328125,502.4795278688393,484.1644569632109,486.8799449264382,7495700.0
2025-01-21,505.5320129394531,505.54165170792413,493.81309244105773,494.9974855034203,5682100.0
2025-01-22,500.4573669433594,505.0024581247384,496.87527110687705,502.3254662437891,3756100.0
2025-01-23,510.1348876953125,511.78147149329106,500.07218952986057,508.3052848386923,4580800.0
2025-01-24,512.7733764648438,514.8147973478195,505.06988369195807,508.5364319305624,3671200.0
2025-01-27,523.3753051757812,531.4542983590476,519.9664720912741,519.9664720912741,4263000.0
2025-01-28,522.373779296875,526.2448028756102,517.9057985565764,522.8841638583613,3162700.0
2025-01-29,518.1560668945312,523.3366695639812,514.217689828302,521.6515308198695,2737600.0
2025-01-30,525.3492431640625,526.8321441305621,515.170997891285,519.4752955878714,2924700.0
2025-01-31,522.3834838867188,528.8062547632228,521.3434958681269,523.1056863604377,4120500.0
2025-02-03,527.8624877929688,533.3800947571989,521.0160238468336,521.9115476784696,4083600.0
2025-02-04,525.233642578125,528.4690946007028,521.4396710174808,524.9929084912135,2869900.0
2025-02-05,519.8027954101562,520.659823076013,502.5662070356889,511.059314765079,4621600.0
2025-02-06,510.39483642578125,519.1190386815173,505.80166933028727,517.9539231423549,3926800.0
2025-02-07,507.4964599609375,512.6577855783592,505.9172299700459,509.58601574308005,3349100.0
2025-02-10,513.6013793945312,514.3620779869708,503.98165422910347,508.11263019810576,3143100.0
2025-02-11,514.131103515625,527.2462955736368,508.6905468783045,515.1710915213007,2631900.0
2025-02-12,507.8527526855469,522.2486068829112,506.0327885266688,519.8412655424848,3859200.0
2025-02-13,511.49261474609375,514.5258882998405,507.5638172795696,511.2230230818613,2835100.0
2025-02-14,504.1068420410156,513.4376980685709,503.529044939669,509.3933534510378,3705300.0
2025-02-18,482.1712341308594,496.8752648187421,478.57947018394344,492.00280817744664,8759300.0
2025-02-19,492.0990905761719,492.8886761939209,479.686824647971,482.74895574852115,4380300.0
2025-02-20,483.798583984375,489.5858125426951,481.69936001675325,486.46590759141816,4144300.0
2025-02-21,449.13287353515625,452.29130420821235,422.2476724311488,423.2587440426931,19864900.0
2025-02-24,444.4144592285156,450.6542985569018,440.06199666774387,449.383215277445,6919300.0
2025-02-25,452.9460754394531,453.31199601118453,433.3888374810884,443.6922403961831,9101000.0
2025-02-26,446.4076843261719,455.5170544863701,441.2174723858391,447.4283945642296,5108400.0
2025-02-27,451.19354248046875,457.7800248825658,447.7847389033032,448.89213943263456,4216800.0
2025-02-28,457.3563232421875,458.7044284985819,447.26476727732944,449.69135673883926,6146300.0
2025-03-03,449.7394714355469,459.5806834411173,447.9676718379135,456.78817352513516,5700200.0
2025-03-04,457.0192565917969,461.4487701600569,449.1713303644548,452.33939952816417,5864100.0
2025-03-05,458.3385314941406,461.32361117171365,453.55273585473805,453.61050969453044,3637100.0
2025-03-06,469.6434020996094,470.0285708314511,454.5060387849559,458.35778487635383,4964000.0
2025-03-07,475.1899108886719,481.3912242511688,465.4546076687141,465.89755022703827,5434100.0
2025-03-10,464.3975830078125,481.44670973136033,461.9702737214037,476.0602245118199,5108900.0
2025-03-11,470.0258483886719,470.7317772897896,461.4190935777406,466.60247687526225,4101000.0
2025-03-12,465.2582702636719,471.5344564185333,463.0437429240133,467.2214137194421,3680800.0
2025-03-13,465.6547546386719,468.1110743818843,459.34958776361196,463.6529799169653,2876600.0
2025-03-14,472.5498352050781,473.3234943180056,462.48282287220553,465.1518951656696,3915900.0
2025-03-17,482.5781555175781,484.1157642645455,469.93881152562165,471.4474099004604,5152300.0
2025-03-18,487.2006530761719,489.29916832982985,481.4177025792477,485.692054728098,3617600.0
2025-03-19,486.6204833984375,489.66669070253965,483.58392654423744,488.39985519031916,3317600.0
2025-03-20,494.4535827636719,497.4417988520735,486.9202703497666,488.6029310693066,4965400.0
2025-03-21,499.8206481933594,501.8998329607573,488.44814025459885,494.82100742453974,10244900.0
2025-03-24,499.48223876953125,501.1745793655558,494.27949552953476,498.1090417840921,3840900.0
2025-03-25,496.5133972167969,501.8998828107865,494.6760047042984,501.2036338483094,3015100.0
2025-03-26,501.126220703125,505.7197164427369,495.9524585082278,498.2250654991596,3253800.0
2025-03-27,498.7279357910156,503.91137839950665,496.04924238866363,499.27916241077554,2822200.0
2025-03-28,499.0373840332031,503.8146222326559,498.0800122057926,499.84005354497594,2379100.0
2025-03-31,506.4933776855469,510.71938930821733,501.5034163934412,502.07394389902424,5238700.0
2025-04-01,505.8840637207031,510.7676628381001,503.78557812840916,508.4177343683225,2962500.0
2025-04-02,505.9615173339844,507.70219878212004,499.7723621582153,505.7197543821834,2378900.0
2025-04-03,522.6334228515625,530.4278571887576,511.85077279221247,512.5277207867093,6457900.0
2025-04-04,507.75048828125,533.5611007694373,507.54744519770713,522.826850403371,9919000.0
2025-04-07,507.4120788574219,511.76381185101184,486.9976005123225,496.4844055894605,7356700.0
2025-04-08,534.8569946289062,565.73494970483,529.4221685543281,562.9884967836524,11762300.0
2025-04-09,559.4395141601562,569.9804032915944,536.1916081479902,541.6844557590055,12691900.0
2025-04-10,574.8155517578125,582.0490795567398,560.8899837246436,561.1220666878378,8646000.0
2025-04-11,579.7185668945312,586.3815685678087,567.2049721285886,569.5161812822527,6121500.0
2025-04-14,567.7174072265625,576.0050479417391,560.2033961191361,575.3958006073989,4839300.0
2025-04-15,564.36181640625,573.3263469398769,562.8338579529812,572.726779513435,3871300.0
2025-04-16,565.763916015625,575.2120301909794,563.7524909389863,566.0347188283376,4192100.0
2025-04-17,439.1478576660156,473.65228666399736,432.36884494142254,466.07060445714467,29120200.0
2025-04-21,411.3161315917969,438.5579939475705,410.81327527710954,434.94122963760134,13029900.0
2025-04-22,413.1051330566406,417.28280343230244,403.3765954349208,410.64884301745997,10156900.0
2025-04-23,413.8594665527344,424.39067447670425,409.78818687103757,412.99880582511463,8345700.0
2025-04-24,410.271728515625,415.7355653147137,409.6914915298636,413.48234759303637,7629100.0
2025-04-25,404.8465881347656,409.6044665629202,398.4446802955204,409.6044665629202,9263800.0
2025-04-28,406.1617736816406,410.14602254915627,401.85838117946736,405.92001072111583,6614300.0
2025-04-29,395.74658203125,407.8540588198841,395.62086058697855,407.31251222308106,9909100.0
2025-04-30,397.8837890625,399.64383039534243,387.78776605900015,395.5531907175539,9192800.0
2025-05-01,387.4783020019531,398.41565532569706,386.6853124556182,397.76774715672656,9316800.0
2025-05-02,386.7433776855469,388.7548324902311,380.15772762583055,386.7820385097342,11392900.0
2025-05-05,391.47222900390625,396.20112637756483,384.49011396641765,385.96970201048,8157200.0
2025-05-06,381.5115966796875,391.3851868185713,380.45751380992533,389.52843446671955,7858600.0
2025-05-07,378.1752624511719,382.48830507783794,372.9918791347592,382.32392280385983,8517200.0
2025-05-08,372.8468017578125,378.0398946035448,372.6727395204123,377.15019398114663,7218300.0
2025-05-09,368.0986022949219,373.8138523221996,366.06778766228564,372.96287154920515,8381100.0
2025-05-12,366.2708435058594,374.45209289544044,364.4237711562354,368.4467099029239,11004800.0
2025-05-13,301.1205749511719,330.731694451795,298.91569816864296,324.6779411270291,59478300.0
2025-05-14,297.8616027832031,312.2996775436098,296.9912326458149,310.85877995823597,40029600.0
2025-05-15,265.3106689453125,267.53487629484084,240.6798582598081,265.8425356339148,121849200.0
2025-05-16,282.2920837402344,284.7870643040033,260.27232571627866,270.0878952104499,71094300.0
2025-05-19,305.48199462890625,305.8688094304866,287.4561356569032,294.7283542676769,62524700.0
2025-05-20,310.9844665527344,313.9436718473426,302.281001424796,310.3462384139784,41487000.0
2025-05-21,292.9973449707031,299.74734718581095,290.1832208835153,291.0825719131725,45506900.0
2025-05-22,286.895263671875,295.59872966499546,282.8626447764148,284.20686091226094,27159600.0
2025-05-23,285.8315124511719,289.8254411747657,282.0310058956864,286.3440487333716,16873600.0
2025-05-27,285.2802429199219,290.067160495781,279.6036543335829,289.63197543903937,20144600.0
2025-05-28,288.28778076171875,293.7709771264531,283.6169338312301,284.3132122662428,16114200.0
2025-05-29,288.3458251953125,293.3841564081161,285.2802582484813,287.02093954482785,16221100.0
2025-05-30,291.96258544921875,295.56969895361647,286.0925744837722,288.1523993490038,16309300.0
2025-06-02,294.67999267578125,303.21904612819276,291.0535488319004,293.13270406664367,19074400.0
2025-06-03,291.2953186035156,295.6470513184869,290.1251942924269,293.1133805485914,12805700.0
2025-06-04,290.4830322265625,297.5038379274478,290.3089699807752,293.53891953828514,11255600.0
2025-06-05,286.0925598144531,292.4557762698312,284.4195498167771,290.4829826182471,13529000.0
2025-06-06,293.2294616699219,294.36092531407445,287.35944988690096,287.43683056127867,12589000.0
2025-06-09,293.2004699707031,297.27175023476826,291.2180253666836,294.9895219006205,12170300.0
2025-06-10,293.7806701660156,295.066836055353,290.6860926477361,293.7903206156568,11384100.0
2025-06-11,300.3276062011719,301.3139884179278,292.2720776508007,292.7072332558053,14711400.0
2025-06-12,308.0060119628906,308.29611571092784,298.3451734962091,301.13993797590155,15957200.0
2025-06-13,303.1997375488281,306.9615830661931,301.63311841740847,305.49164550124414,13762400.0
2025-06-16,299.6352233886719,305.09888195336697,296.8400871414289,304.8359351372026,14240100.0
2025-06-17,300.8136291503906,301.8654757702511,297.5510024478773,299.4306841596557,11593900.0
2025-06-18,299.1872253417969,303.65749947621657,298.24252494378794,299.52807241319425,12205600.0
2025-06-20,294.132568359375,301.51484327258163,293.7235103008663,301.427194343239,16177900.0
2025-06-23,292.8372802734375,294.5805995721258,287.81186629372377,294.02545989331065,12274700.0
2025-06-24,297.6484375,297.84323274198323,291.5224927150727,293.58722122671986,8781400.0
2025-06-25,294.1423034667969,296.44076227488523,291.9802072595582,296.44076227488523,8722100.0
2025-06-26,294.7266845703125,298.7100005442105,293.431388359581,294.6780006210415,6532700.0
2025-06-27,301.0473937988281,302.35246840520324,294.3176551783979,295.0480927444711,15304400.0
2025-06-30,303.8327941894531,304.2321036031761,298.3496384111671,300.94026040062283,10074100.0
2025-07-01,317.6332092285156,318.0324889235734,302.9659962707237,303.83279640669696,17865500.0
2025-07-02,299.5378112792969,314.01022857787615,298.4372806770748,312.37402596950074,18177200.0
2025-07-03,300.5019836425781,304.10548729418315,300.1903528893154,301.75834449819746,6161100.0
2025-07-07,295.7882080078125,300.5603934961675,293.34369750501463,299.96631862498765,9031200.0
2025-07-08,299.6741638183594,300.2584900286108,295.8758651222612,296.2946718683778,9613800.0
2025-07-09,295.0091247558594,295.6811296875477,290.9576275306009,295.2818202555604,12816700.0
2025-07-10,291.6977844238281,296.97639600594107,288.86368341476077,295.15517663169106,11355600.0
2025-07-11,296.1680908203125,296.1875584556225,290.22719267690536,292.194493820114,9808200.0
2025-07-14,292.7398986816406,296.10967220935396,291.2011232150572,293.7722778335495,10681400.0
2025-07-15,284.10125732421875,292.8372920835697,283.43900104291316,291.8925916122791,16019000.0
2025-07-16,284.86090087890625,288.2696095060878,283.16629524372746,284.91933350621724,9714000.0
2025-07-17,280.55621337890625,285.3576159613911,276.42678602940396,284.7050786426184,14792700.0
2025-07-18,275.2775573730469,280.5561991191431,273.48555415915195,280.3809012411879,14979700.0
2025-07-21,274.7808837890625,279.0271465168168,273.8653996740732,277.215675643485,10319200.0
2025-07-22,277.6928405761719,279.62117639224465,274.64447691033206,275.25804911420084,14600300.0
2025-07-23,284.8804016113281,285.0070155458623,277.51759326709913,280.0010691219835,13111100.0
2025-07-24,271.3136901855469,281.66642904138746,270.9630944541488,275.71581251250757,22585200.0
2025-07-25,273.7290344238281,278.6765480683822,272.63825243902,273.670601797612,16486600.0
2025-07-28,274.7613525390625,277.5662371648118,272.39474228167774,276.10536223236545,15779400.0
2025-07-29,254.2604522705078,265.7916229883092,253.75399654026026,258.7696915645359,41706000.0
2025-07-30,259.1007995605469,259.67540683003745,251.38736644618226,257.89312267743446,22371800.0
2025-07-31,243.05064392089844,254.58181382832618,241.28785711045148,254.58181382832618,29606900.0
2025-08-01,231.5681915283203,244.93033062642078,228.48087719118644,244.0732791246028,39989200.0
2025-08-04,234.69444274902344,235.93132112191168,230.7695596277883,232.0259204957428,17427900.0
2025-08-05,244.45309448242188,245.49519249646224,233.78870946819526,234.8697576119316,23795900.0
2025-08-06,239.36924743652344,246.5567575010141,238.91150539464564,244.10248323446783,12946400.0
2025-08-07,238.2882080078125,242.26179010723808,233.25306022385337,239.99256231007448,11369900.0
2025-08-08,244.34596252441406,244.53100907684876,237.9960214207692,238.40506465525084,10185700.0
2025-08-11,245.787353515625,251.66007004429798,245.56335683501533,247.24822856973847,11779500.0
2025-08-12,254.7473907470703,256.023219208256,247.0534401302882,247.39431690942763,12171800.0
2025-08-13,264.7203063964844,265.09039951268255,256.032985730441,257.49386083864647,19480300.0
2025-08-14,264.40863037109375,266.70708919484196,260.0357539817072,265.002735002078,25011100.0
2025-08-15,296.0804443359375,302.206359369574,287.02300061610106,293.84041795031777,68198500.0
2025-08-18,300.44354248046875,308.14722686734973,299.40147423729877,305.01121401712896,39600500.0
2025-08-19,296.3044128417969,302.40114100878935,291.4056129379895,300.8428683153138,22348600.0
2025-08-20,292.01922607421875,299.1872695782562,287.98722575198445,298.4081182617392,16679000.0
2025-08-21,295.4376525878906,298.5736657173911,290.0323967827259,294.4053032087613,13359000.0
2025-08-22,299.4014892578125,302.5764375343802,296.63553963540966,298.11591206231475,14930000.0
2025-08-25,296.9082336425781,300.8136491566155,294.8338160185123,300.4435560517388,8917100.0
2025-08-26,292.5937805175781,300.90128859430416,286.52629863380554,296.37258198469374,16303200.0
2025-08-27,295.95379638671875,297.9892786188307,292.6619533539408,292.7009183419864,9982800.0
2025-08-28,294.4053039550781,296.5284353460974,291.5906702690248,296.3141724713059,11235000.0
2025-08-29,301.7875671386719,301.91418106683005,293.0612817111696,294.41501048718345,12065400.0
2025-09-02,300.7454833984375,304.7288290991673,299.2846082594135,300.2682736972622,10957100.0
2025-09-03,299.8494873046875,301.51487658937236,295.7785225103111,300.07346913056483,9654600.0
2025-09-04,302.2842712402344,303.77436260798476,296.1680755300563,298.11590893739424,7725700.0
2025-09-05,307.16363525390625,309.6471112168801,300.16117105145327,302.3427351827427,14126700.0
2025-09-08,311.8968200683594,313.2602974904627,305.61504552729724,311.3708967335557,18438600.0
2025-09-09,338.8451232910156,342.5362463146478,318.6266023750954,323.8273141699113,46408900.0
2025-09-10,337.7348327636719,339.4781519824642,332.49515615094765,336.54665319825267,17804300.0
2025-09-11,344.3866882324219,351.5644796571226,336.81936577301684,339.89694627435426,18943500.0
2025-09-12,343.31536865234375,352.85973995734156,343.2666549867767,346.6169306487971,14016200.0
2025-09-15,340.9534606933594,344.6972712574788,335.7003177947291,344.2562617205344,11035900.0
2025-09-16,333.005126953125,342.0805014268064,331.5742462609258,340.57119910514825,12695800.0
2025-09-17,334.79864501953125,336.1609442520178,330.9568224057415,330.9568224057415,8467700.0
2025-09-18,328.14404296875,338.05244567780335,327.45798828050584,336.6803662104043,11255600.0
2025-09-19,329.97674560546875,334.16159537316497,327.18356573028825,329.7905316198508,13656800.0
2025-09-22,334.4948425292969,335.6513373618812,325.96832887765663,327.7912281730855,8903700.0
2025-09-23,340.7574157714844,345.66753101419107,333.1815333788629,334.2008052062361,12504100.0
2025-09-24,344.7952880859375,347.4316547985749,340.904444380264,343.2174040946968,9016300.0
2025-09-25,338.6698913574219,343.2075787683629,336.7489800892123,341.9432916493518,8104900.0
2025-09-26,337.2193908691406,342.99196477482826,334.4948223631065,340.99263187046614,6774700.0
2025-09-29,338.2974853515625,338.6601031752857,334.641876568426,337.1214299699541,6878900.0
2025-09-30,338.4150390625,342.35490328142276,335.5042568017067,336.89595653123035,7429700.0
2025-10-01,341.3552551269531,341.74730347810174,334.8182646079004,337.042992446128,8825500.0
2025-10-02,346.66717529296875,348.00004388575104,337.77801491718446,340.36539029247416,8564200.0
2025-10-03,353.0179748535156,360.66243848827344,349.4995296363098,350.1267830161296,13494800.0
2025-10-06,351.6164855957031,355.2917144647868,349.98958069389806,353.8314330983794,7181700.0
2025-10-07,356.40899658203125,357.4478588776738,350.9206488503359,352.24373721828493,7236200.0
2025-10-08,362.544189453125,367.16026853084173,358.50631288504906,359.613786634634,9438300.0
2025-10-09,360.358642578125,368.71856196916235,358.7807287668154,365.0923241938757,8759800.0
2025-10-10,347.4316101074219,362.0345124206696,345.481298369123,362.0345124206696,13141900.0
2025-10-13,351.5086975097656,351.9987280315978,346.27517512568846,347.6668450586018,5659400.0
2025-10-14,352.7533874511719,355.10552812873306,346.35358961180725,347.872702274778,5974800.0
2025-10-15,353.94903564453125,356.95783019026874,348.7547241397475,352.2241485667839,6579600.0
2025-10-16,349.5583801269531,354.7820922478407,347.3336224508748,354.62527889422057,5872100.0
2025-10-17,349.4897766113281,351.2440942663747,343.83480520778255,344.0014287463771,8608400.0
2025-10-20,357.2126770019531,358.2809400014152,350.3816500053927,351.3911117321571,5996500.0
2025-10-21,358.0848693847656,363.6516084782733,354.29203824215006,357.85947450501646,6885300.0
2025-10-22,354.2822265625,356.74218914094564,350.8618233858751,356.7029783280342,7833000.0
2025-10-23,353.2630310058594,355.0565296362527,346.5888173917132,348.4901083853841,5756700.0
2025-10-24,355.2721252441406,358.1339166267961,352.8513732909411,354.1646514889598,5462100.0
2025-10-27,358.6827392578125,358.91794432933744,354.194043082288,356.2521771853968,7766400.0
2025-10-28,360.50567626953125,373.40328410758775,351.47932179202735,373.08965737319994,18858700.0
2025-10-29,348.176513671875,358.8493634281032,346.8240245772966,357.01665396858556,11874900.0
2025-10-30,337.8760681152344,347.47087476925253,336.7490038190758,340.5908266262187,11441900.0
2025-10-31,334.7496337890625,339.3755229195461,330.398160543053,337.52322317661793,8390800.0
2025-11-03,327.13458251953125,333.9068078868114,320.08794125774733,332.36810487769543,11181400.0
2025-11-04,324.23358154296875,329.79054081416064,320.6759850821896,321.09740415229965,9646600.0
2025-11-05,321.2051696777344,323.62592144694264,317.7553658634617,319.7938795016485,9697100.0
2025-11-06,315.1484069824219,325.7428638052234,315.04061463076283,322.36167136274133,7922100.0
2025-11-07,317.74560546875,318.07882265849594,307.8960032344128,313.2863393626572,9402900.0
2025-11-10,315.1679992675781,317.78477526476075,310.8459566317771,313.60970588621075,9283800.0
2025-11-11,320.9210205078125,321.3228192405015,313.5019507714403,316.8537429984404,7157800.0
2025-11-12,332.2994689941406,336.3275351202159,320.55832784518265,321.9010364932658,10403300.0
2025-11-13,325.8898620605469,332.2700685282101,324.68440621265313,331.60363424866546,7788700.0
2025-11-14,315.44244384765625,321.6658376676509,314.09976495778756,320.4309810489659,8676500.0
2025-11-17,314.129150390625,321.34241512007077,313.06088745762,314.2075720220705,6485400.0
2025-11-18,307.3275451660156,311.1693978203648,302.61345368940135,310.6891774544803,9182100.0
2025-11-19,302.92706298828125,308.7192273184903,298.4579870426836,307.67055482846513,8181100.0
2025-11-20,305.3282470703125,308.4742348638782,303.81894458396266,304.6127916915999,7337600.0
2025-11-21,313.5901184082031,317.3829496811602,305.23019930011,305.6908291650661,8406300.0
2025-11-24,312.6884460449219,319.35287870423815,311.2869660112169,318.05919102277767,10773800.0
2025-11-25,319.7743225097656,321.4600287348608,314.5015892042089,314.71720383448,6149100.0
2025-11-26,323.13592529296875,328.50667069521734,319.3921147564304,320.07813955631997,5504200.0
2025-11-28,323.1947326660156,325.43908092127253,322.3323040363653,325.05687265152045,2464500.0
2025-12-01,316.7655029296875,323.4789266660114,316.58909913037786,320.6367557882569,6154600.0
2025-12-02,318.0690002441406,322.146057528238,316.36367379314567,316.9223157324214,7978100.0
2025-12-03,332.9365234375,334.60263914868636,318.529644271779,319.4998951185618,9770000.0
2025-12-04,326.8405456542969,334.4556390535126,322.16566527513515,332.63270997198805,8061600.0
2025-12-05,324.31201171875,329.0162928832224,321.9598711365138,328.3204578992349,5906000.0
2025-12-08,319.2998352050781,324.70669087301354,318.52037286650165,324.31203668860735,4782800.0
2025-12-09,319.28009033203125,322.00322508793437,318.1750466501944,318.8459617269979,4628400.0
2025-12-10,323.9864196777344,324.341629514822,315.33350563746524,318.44144868860934,5910500.0
2025-12-11,332.2348327636719,334.7211811769636,324.37122709653676,325.95971994414947,7513200.0
2025-12-12,337.2765808105469,340.3746776267931,332.86625216530695,332.9945215393808,7979000.0
2025-12-15,336.5464782714844,340.35493459808333,332.50120535931967,336.4379310634787,6447200.0
2025-12-16,329.7386169433594,336.43795231748607,326.61092153589937,335.875584402924,6334000.0
2025-12-17,327.2029113769531,331.04096617925336,326.0682693196749,329.15646010386473,4685600.0
2025-12-18,323.7594909667969,325.77223619210525,320.23714165723425,324.53892313779187,6354900.0
2025-12-19,323.0491027832031,330.1332457701224,321.71711865698285,323.6805434123363,10553000.0
2025-12-22,320.81927490234375,325.3973174895482,317.3561220691985,318.58943517385893,7872400.0
2025-12-23,320.46405029296875,323.42400160765817,319.4379555165406,319.6747419864576,4463300.0
2025-12-24,323.20697021484375,324.59815108761563,319.80304392248206,320.85876722532225,2842700.0
2025-12-26,327.40020751953125,327.4594342482506,321.90458736412984,322.8320412014528,4359300.0
2025-12-29,324.548828125,329.787940036587,323.89763516121945,326.4728087048146,4346800.0
2025-12-30,327.7257995605469,331.66252501027776,325.1111820298963,325.3282463216964,4432500.0
2025-12-31,325.70318603515625,328.8802018879278,325.47627568793376,327.88370534581946,4285200.0
2026-01-02,331.9092102050781,335.71769665499096,323.1280270938765,326.4826326508298,6863600.0
2026-01-05,337.4541931152344,342.3085268229226,329.3932753932535,330.97192221503246,7956600.0
2026-01-06,344.3114013671875,347.90279327098006,340.5127911940015,343.6996829189171,9441900.0
2026-01-07,337.13848876953125,345.4361929991165,333.52734431693204,344.3213032237757,7461400.0
2026-01-08,342.2197265625,343.2556975271264,336.2504730653109,336.4576913463828,5059300.0
2026-01-09,339.3880310058594,344.40020201938364,337.9080553379447,342.6143671222478,4129100.0
2026-01-12,335.9643859863281,338.0758024907637,329.48208469325857,336.86224159355777,7146400.0
2026-01-13,329.47216796875,337.27657641470313,328.4065987621919,336.9411188846722,5605900.0
2026-01-14,330.4884338378906,335.56967774923123,329.639928884428,330.8929641448377,5740900.0
2026-01-15,334.4350280761719,334.91850727155963,323.6805441940115,330.7252428593728,6943500.0
2026-01-16,326.6010437011719,331.7119162692861,326.01892350864483,330.38977807791053,8039100.0
2026-01-20,333.912109375,335.35264073207316,322.14137656345895,323.0293559592084,7596500.0
2026-01-21,343.1076965332031,343.4332779356386,334.168645798694,334.8987575018528,8933300.0
2026-01-22,349.7380065917969,350.2116096750548,342.14078564010657,342.54531596139657,7491400.0
2026-01-23,351.5041198730469,353.09261273920316,348.2777534390037,349.55054102610836,9082200.0
2026-01-26,346.9457702636719,350.05371308364437,342.6340826093485,349.2249303389971,10399500.0
2026-01-27,278.92608642578125,295.50180147620006,276.6567723884028,290.04562584533727,65836900.0
2026-01-28,290.094970703125,291.0027024164021,279.9324825435024,279.9324825435024,23396900.0
2026-01-29,288.3880920410156,291.65390288872567,285.3590676854078,290.40083744425385,13456400.0
2026-01-30,283.099609375,289.03926441710115,280.8993981188336,288.200605503728,12022200.0
2026-02-02,281.77752685546875,286.52331359037186,278.5117159450099,282.201779365365,8664200.0
2026-02-03,280.3863220214844,284.2441289542904,274.88082567321817,280.899399533992,10809100.0
2026-02-04,272.2366027832031,280.7020503139632,270.39154116696983,278.2453003524489,12944100.0
2026-02-05,264.9649963378906,273.1936885205944,262.73518654305985,270.62839103777486,13035300.0
2026-02-06,272.95684814453125,274.10136630983425,262.85355690624687,263.49487369356603,9572800.0
2026-02-09,272.01953125,276.43970583527863,269.6712984464802,270.4902050418196,10371600.0
2026-02-10,269.5726623535156,275.7589504136547,269.01026431799795,273.81524764104677,7284700.0
2026-02-11,275.18670654296875,275.95629276204994,266.198304439543,268.8030763257778,6333100.0
2026-02-12,280.57379150390625,282.4878958393087,272.1280658242715,274.4467004687212,12336900.0
2026-02-13,289.2760314941406,289.5424162609187,280.71191329863694,281.81695692254965,10281900.0
2026-02-17,285.23077392578125,290.3021716729731,284.4907860910092,290.07523123064414,6091700.0
2026-02-18,284.3526916503906,286.25691992582074,282.46818554567625,286.1286505407075,6632000.0
2026-02-19,286.0595703125,287.00677646545466,283.0601744920274,287.00677646545466,4931800.0
2026-02-20,286.1286315917969,286.9179399107358,281.73802502847053,285.04331007061916,6974100.0
2026-02-23,278.5708923339844,287.8749991147026,277.90985337545374,284.6979833712643,7247500.0
2026-02-24,270.29290771484375,278.63008610216724,268.1715851207944,278.4327740747045,9684500.0
2026-02-25,280.40606689453125,280.93883645242494,273.17390231272435,273.5883087457124,11380600.0
2026-02-26,282.8332214355469,291.31842132234294,281.42231851936197,283.1489568057956,10210000.0
2026-02-27,289.3549499511719,290.2034849465505,280.06072010966534,280.899378965855,9723300.0
2026-03-02,290.9928283691406,291.36776038144785,283.6620222891216,284.31321524046825,8141400.0
2026-03-03,285.34918212890625,289.8187076809586,280.56392119101315,285.13211781491367,7051100.0
2026-03-04,288.0624694824219,290.4107024732037,283.83960657712646,285.15186859441445,7796000.0
2026-03-05,284.9150390625,287.5000885291143,282.91213985723385,286.1779504316799,5397900.0
2026-03-06,282.6556396484375,287.44087037641276,279.27140562669894,283.5041446062434,6816900.0
2026-03-09,283.550537109375,283.5803655260448,277.0774975936055,280.39852614134315,10348800.0
2026-03-10,280.736572265625,285.9468043127463,277.3161057836816,285.74795833009716,6075600.0
2026-03-11,283.63006591796875,284.59455850401093,279.00647932593364,280.7763694963311,6878800.0
2026-03-12,275.47662353515625,285.9269470548217,274.7209602020642,283.1627358622739,10512300.0
2026-03-13,280.4880065917969,281.2735286763525,276.2323139355343,276.48089418495215,4737600.0
2026-03-16,283.8686828613281,285.767839547621,279.44397276937343,282.36727883683284,4854000.0
2026-03-17,285.9368896484375,287.3488084380985,283.22238246669014,286.16556405202414,5752000.0
2026-03-18,282.71527099609375,286.7621646688093,281.4624471949345,283.5803557381978,4544100.0
2026-03-19,278.8473815917969,285.91698928392157,278.4794876796185,282.3871618979052,5542100.0
2026-03-20,274.0249328613281,281.4922936115716,273.43828708670907,277.40561834190976,38893000.0
2026-03-23,268.00927734375,279.15560669620453,267.5618207785692,277.55476453204625,10424200.0
2026-03-24,270.73370361328125,271.8274627132414,266.0703359894755,267.34306557553816,5911700.0
2026-03-25,269.0135192871094,274.5121128941823,265.5930528118823,273.43825962603756,8121200.0
2026-03-26,266.5277404785156,273.08034278207333,265.66268603579573,268.4567257080549,6218800.0
2026-03-27,257.54901123046875,266.1499120468286,254.516344356629,265.98086412749376,10735300.0
2026-03-30,260.3033142089844,260.84022572405274,255.21239532653578,258.70244155156036,7774700.0
2026-03-31,269.0533142089844,270.33599678803927,261.11862175045525,261.506421503485,9170800.0
2026-04-01,272.424072265625,273.7365528939259,269.22235750517115,272.6527466700565,5473400.0
2026-04-02,275.6854553222656,277.45534552157113,269.98798496185265,270.74367864614135,6407000.0
2026-04-06,279.76214599609375,281.6911311912249,275.6755011928929,276.3019282869355,7097000.0
2026-04-07,305.982421875,310.6557125153819,299.0420501528358,307.0960565749332,22099800.0
2026-04-08,304.2423400878906,311.1926339297742,303.09884670162427,310.22814137902384,9645000.0
2026-04-09,305.16705322265625,306.1414986993597,302.41279505356766,304.08324700425817,5742000.0
2026-04-10,302.6016845703125,308.607391668382,302.4724483346268,306.20115193665987,5212900.0
2026-04-13,311.22247314453125,311.5406631473035,301.199730811355,301.5278433900291,7972200.0
2026-04-14,312.40570068359375,317.8048561417646,310.7352487756957,310.7352487756957,5864500.0
2026-04-15,312.2664794921875,315.9554320324556,309.3829548311358,314.20541746552016,5041200.0
2026-04-16,314.6031494140625,316.80059026538316,311.33182492038935,313.2111061223722,5205600.0
2026-04-17,322.78643798828125,323.42278766287063,315.33898324917396,318.2324307180975,9414700.0
2026-04-20,321.6429748535156,323.5520542213801,318.3020404433487,322.3489342821542,9050600.0
2026-04-21,344.0450134277344,355.648722319699,343.26944427388656,351.00526031661906,26097300.0
2026-04-22,351.5123596191406,356.52374610698536,347.11747765911315,348.8873678788304,11807300.0
2026-04-23,352.54644775390625,354.8234513171886,348.50950696242506,352.66576141761215,7255800.0
2026-04-24,352.9044189453125,356.24532290478834,349.3944670661433,354.4654798371856,8554600.0
2026-04-27,352.67572021484375,354.4654858887946,346.96832734783226,351.9001510435625,7256100.0
2026-04-28,364.6871032714844,367.5308771185002,353.6998683282982,354.8135029963465,10604100.0
2026-04-29,368.6345520019531,368.7339901692348,362.9371121823581,363.9214802466298,9046600.0
2026-04-30,368.37603759765625,369.87744160261,360.9385059451532,366.4172241064422,6879900.0
2026-05-01,366.6856994628906,370.78229715346583,364.9356847817637,369.8476329800702,4945400.0
2026-05-04,368.6445007324219,368.7240330587824,362.57913672838885,366.4569824541582,4916900.0
2026-05-05,361.8035583496094,369.6885161814855,359.75525962508635,368.3760355922912,6489000.0
2026-05-06,365.1942138671875,366.45699060703,356.21549649518977,361.0379593902868,6695500.0
2026-05-07,367.6402282714844,367.70983802248844,362.64874789161854,364.5578575186544,5235400.0
2026-05-08,377.8221130371094,377.8221130371094,369.87746743357553,369.87746743357553,6455100.0
2026-05-11,382.25677490234375,382.6246688242237,373.9343128299113,378.28944374742184,6949600.0
2026-05-12,394.138916015625,395.1630654325308,379.8405751710962,380.6758011703357,9236300.0
2026-05-13,398.8818054199219,401.85481542088894,390.7681426338459,394.24826604152645,8454100.0
2026-05-14,396.82354736328125,399.6175868268494,393.7510992453305,398.72270403378167,5342500.0
2026-05-15,391.61334228515625,395.3718745508767,388.0337805215488,392.0607685404387,9811200.0
2026-05-18,388.9087829589844,389.9130568930274,381.32210876906953,387.78519535837574,8400700.0
2026-05-19,387.02947998046875,392.74682548894975,385.3093241434657,387.78517361871184,5016800.0
2026-05-20,381.12322998046875,391.14600272737164,378.53801963676773,387.3377362764213,7783900.0
2026-05-21,380.3078918457031,383.9172514426562,378.3789067550467,378.95559956058275,4732500.0
2026-05-22,386.2638854980469,388.322137279522,378.846259230469,379.7510949944643,5598600.0
2026-05-26,374.71978759765625,384.32493184527755,374.27236136603494,383.8078958628703,6498100.0
2026-05-27,381.8292236328125,382.3462596379654,374.9485088403697,376.2808953624811,4544000.0
2026-05-28,380.35760498046875,387.0493961299752,378.7965137522062,382.77379769013777,4330800.0
2026-05-29,378.15020751953125,382.9328889810419,373.317822146985,381.6005025160485,10257900.0
2026-06-01,377.7027587890625,381.17295969749404,373.7851619834815,373.97405505590115,6623700.0
2026-06-02,375.7738037109375,377.9215103567756,372.5919643898307,375.83346054308475,3874400.0
2026-06-03,374.8590087890625,385.25959772485203,374.6700853756592,377.8419717237235,6808400.0
2026-06-04,394.21844482421875,399.1005645351637,387.606216297745,387.78518679364066,12666100.0
2026-06-05,397.201416015625,401.7454703246708,394.9443182415365,397.2710257691138,10897300.0
2026-06-08,404.2610778808594,406.3889089451397,392.74682423133754,394.87468563988523,6963200.0
2026-06-09,410.6545715332031,410.6545715332031,405.12614922049136,407.66165562372737,8590400.0
2026-06-10,405.1460266113281,413.61766096102207,402.2525488568183,411.1517339543602,6512900.0
2026-06-11,403.2468566894531,407.6517216421196,400.82071109845896,406.38891459163034,4938100.0
2026-06-12,406.20001220703125,407.5622574937536,402.5110897188582,406.6872501409831,7269600.0
2026-06-15,411.0400085449219,414.1600036621094,399.6499938964844,406.70001220703125,6777900.0
2026-06-16,407.6499938964844,411.75,406.5400085449219,410.67999267578125,4815100.0
2026-06-17,399.5299987792969,411.1600036621094,398.5899963378906,409.1199951171875,5838800.0
2026-06-18,400.9599914550781,406.20001220703125,399.1499938964844,402.7699890136719,11896900.0
2026-06-22,406.67999267578125,409.4599914550781,402.1400146484375,402.1400146484375,5818600.0
2026-06-23,409.25,409.8999938964844,402.8399963378906,409.5199890136719,6675900.0
2026-06-24,405.79998779296875,413.42999267578125,400.0,410.5400085449219,6858800.0
2026-06-25,415.5299987792969,417.5799865722656,406.6499938964844,406.6499938964844,6014400.0
2026-06-26,427.8900146484375,427.92999267578125,416.1600036621094,416.1600036621094,10588200.0
2026-06-29,419.82000732421875,426.70001220703125,415.80999755859375,426.5299987792969,5167400.0
2026-06-30,415.6300048828125,422.739990234375,413.25,422.7200012207031,5779800.0
2026-07-01,426.5400085449219,428.0199890136719,413.7300109863281,417.1099853515625,4985900.0
2026-07-02,425.3599853515625,430.20001220703125,420.5400085449219,428.1300048828125,3928800.0
2026-07-06,417.989990234375,424.44000244140625,415.04998779296875,423.489990234375,6379000.0
2026-07-07,428.19000244140625,428.6000061035156,422.1300048828125,423.95001220703125,5800500.0
2026-07-08,425.6000061035156,430.7699890136719,423.8299865722656,427.1499938964844,3859200.0
2026-07-09,431.67999267578125,434.29998779296875,423.5199890136719,427.1099853515625,5566000.0
2026-07-10,424.6199951171875,432.8599853515625,423.6499938964844,431.6700134277344,3798600.0
2026-07-13,429.0899963378906,431.54998779296875,425.5299987792969,426.4700012207031,3863800.0
2026-07-14,425.19000244140625,432.1499938964844,421.7900085449219,431.0,5135900.0
2026-07-15,418.5199890136719,424.1099853515625,414.3699951171875,419.489990234375,6764800.0
2026-07-16,423.3800048828125,461.6199951171875,420.3699951171875,449.3900146484375,13281900.0
2026-07-17,426.0899963378906,437.4700012207031,425.1000061035156,426.7200012207031,10718100.0
2026-07-20,421.54998779296875,431.0199890136719,417.3800048828125,427.25,4818800.0
2026-07-21,436.3500061035156,437.0,420.5,422.4800109863281,6833600.0
2026-07-22,431.30999755859375,436.32000732421875,429.70001220703125,434.95001220703125,4234100.0
2026-07-23,423.55999755859375,430.489990234375,420.3999938964844,428.2699890136719,4868700.0
2026-07-24,420.739990234375,429.0,418.9200134277344,425.239990234375,3752500.0
2026-07-27,417.6400146484375,422.8800048828125,412.5400085449219,422.510009765625,4615700.0
2026-07-28,428.7900085449219,430.4599914550781,415.1099853515625,419.92999267578125,5917300.0
2026-07-29,420.57000732421875,431.67999267578125,420.3500061035156,428.260009765625,5257900.0
2026-07-30,421.4700012207031,427.3399963378906,411.2900085449219,415.19000244140625,3647500.0
2026-07-31,414.3999938964844,422.80999755859375,414.05999755859375,422.0,3920900.0
2026-08-03,415.3599853515625,419.3399963378906,413.32000732421875,417.42999267578125,3209600.0
2026-08-04,407.54998779296875,416.0,406.6700134277344,415.55999755859375,5266300.0
2026-08-05,412.75,416.3599853515625,397.79998779296875,403.19000244140625,5399000.0
2026-08-06,403.9700012207031,416.9700012207031,402.3999938964844,415.2699890136719,4712400.0
2026-08-07,407.0799865722656,410.6400146484375,400.6600036621094,401.5899963378906,4095900.0
2026-08-10,408.739990234375,413.07000732421875,407.989990234375,408.6000061035156,3182200.0
2026-08-11,402.19000244140625,410.8999938964844,401.32000732421875,409.0,3398900.0
2026-08-12,405.5899963378906,407.20001220703125,400.5,400.9800109863281,3317200.0
2026-08-13,399.05999755859375,407.32000732421875,398.5899963378906,405.5899963378906,4170200.0
2026-08-14,401.7300109863281,403.17999267578125,396.55999755859375,398.0,3476400.0
2026-08-17,395.6199951171875,398.8999938964844,391.42999267578125,398.57000732421875,5295100.0
2026-08-18,393.92999267578125,398.7900085449219,393.510009765625,397.42999267578125,3605100.0
2026-08-19,388.6099853515625,396.79998779296875,386.3299865722656,394.57000732421875,5268500.0
2026-08-20,384.8500061035156,392.7099914550781,383.8299865722656,388.25,4497200.0
2026-08-21,390.1099853515625,393.6600036621094,386.0,386.0,4879600.0
2026-08-24,398.760009765625,399.5799865722656,390.8599853515625,391.0400085449219,4683900.0
2026-08-25,396.5899963378906,399.0299987792969,395.6199951171875,397.79998779296875,2655000.0
2026-08-26,401.010009765625,406.25,396.010009765625,396.3299865722656,3557000.0
2026-08-27,395.04998779296875,399.8800048828125,393.7699890136719,396.8699951171875,3668200.0
2026-08-28,,,,,2453364.0
