Date,Close,High,Low,Open,Volume
2021-08-20,393.6170959472656,395.1285008919486,391.0522892504882,392.37134068148697,2401900
2021-08-23,389.6324462890625,394.3956904745352,389.2110911967023,394.3956904745352,2375900
2021-08-24,387.8463134765625,390.1638087911832,386.29826026337275,389.77907376331785,1619300
2021-08-25,384.4845275878906,388.0386369868399,384.21890585193955,386.41731567938626,1939000
2021-08-26,381.8373107910156,385.9959880811167,381.63578824512615,384.51203408631267,1385400
2021-08-27,383.5868225097656,385.04326923063326,381.16855236276626,382.8998177572265,1621600
2021-08-30,383.16546630859375,385.24481872935337,382.78992828401203,383.58684938009475,1284200
2021-08-31,381.3060607910156,385.4006114484769,379.4282584256356,381.9747556786545,4249100
2021-09-01,382.2951965332031,384.6035221140209,376.6983840656007,381.5532337410013,2034400
2021-09-02,388.1210632324219,388.7531098836511,383.1105071150851,383.95324530148974,3137400
2021-09-03,387.342529296875,388.3867902169385,385.2815144902993,386.49064988585627,1604800
2021-09-07,385.8585510253906,386.79289550234006,382.5059640380455,384.997502719413,1920300
2021-09-08,380.49993896484375,387.3516494332006,379.4098890350054,385.8127652808284,2262500
2021-09-09,379.7304382324219,384.9242067696256,379.1625187426518,380.45409110856275,3508500
2021-09-10,371.2828369140625,382.39622380201826,370.0694575482638,381.99176401341873,4215800
2021-09-13,381.0357360839844,383.1407614499002,373.6176389253512,375.0240468828158,3068200
2021-09-14,379.2156982421875,383.8577562422824,378.14019659444193,383.8577562422824,2879800
2021-09-15,383.7934265136719,387.3784135148835,376.42127872398044,379.19731810434365,3180600
2021-09-16,383.16839599609375,389.1984885120412,381.440254594739,385.7698092925231,2262700
2021-09-17,386.2201843261719,387.0750537557501,381.4494215641237,381.4494215641237,4534200
2021-09-20,379.36285400390625,385.4296955366885,375.70434108391413,383.2419711825673,2799800
2021-09-21,379.0318298339844,384.95161916119116,378.9123265380213,381.4861638403469,2382200
2021-09-22,375.6859436035156,378.71936418304216,372.2296608176915,372.2296608176915,3629400
2021-09-23,375.0699768066406,381.33907465868225,374.5919916881908,376.6969888898012,2681600
2021-09-24,374.1968078613281,374.94140334717804,372.496269928456,374.0681313931974,1950400
2021-09-27,372.5329895019531,378.8572396469489,372.2480330028985,374.88619494393924,2608600
2021-09-28,366.420166015625,371.365583472031,364.9494056191129,370.07867864474093,3115400
2021-09-29,368.0655517578125,369.3892332050324,363.82792527753264,364.93100250102225,2056300
2021-09-30,359.1766662597656,370.8967425490267,358.91928531433354,369.05829920953477,3779900
2021-10-01,360.7301330566406,361.88836127285674,352.17218203162,359.96719145626207,3146600
2021-10-04,355.7479553222656,363.23040445236074,353.67970675174456,359.9855533727066,3074800
2021-10-05,361.6494140625,364.0210219373021,357.7978726038808,357.8898003913205,3269400
2021-10-06,362.4031677246094,362.89035412031603,354.6725095946816,359.1858916636426,2809200
2021-10-07,372.009033203125,375.19873362415456,364.6644327446342,364.7104106610853,2813700
2021-10-08,375.4652404785156,376.0719300904598,370.1153921775835,373.58084745161693,2012200
2021-10-11,372.2755432128906,378.00230382446864,371.5585514939099,375.04240917894987,2164200
2021-10-12,370.66693115234375,375.391743923783,369.81206174585054,372.38587115865334,2415700
2021-10-13,370.9518737792969,372.5697128083576,365.95130591894326,370.7588450936441,3021800
2021-10-14,386.40399169921875,398.48257740688564,384.0507865658767,391.2758831794734,6038800
2021-10-15,393.49127197265625,395.7157729588892,387.451978178082,387.95753893338343,3312000
2021-10-18,390.3199157714844,393.4268896218384,389.6029239638965,393.4268896218384,2232800
2021-10-19,390.0992736816406,393.2613982832137,389.1984263995633,392.35134980820766,1616800
2021-10-20,399.9441833496094,400.3486431592608,392.3606039972773,392.5076828419161,2764000
2021-10-21,406.5533752441406,406.7556051416751,399.93496773612156,400.3210531959311,2465100
2021-10-22,412.8775939941406,412.99709729538176,404.8803545283112,405.2296632388875,2736200
2021-10-25,413.1808776855469,416.07644795498624,410.3772632322596,413.6496896439161,3553500
2021-10-26,417.91497802734375,420.7369673999329,411.4344480422678,414.1001854311465,3103900
2021-10-27,416.8486328125,423.24640747102507,416.8486328125,417.9149332643238,3520400
2021-10-28,418.6502990722656,420.91157641475417,415.96615958459887,416.407396063404,1672600
2021-10-29,423.2740478515625,424.11974421962685,416.4626111969679,417.7035661919611,2497800
2021-11-01,417.427734375,428.13668915125464,414.73442164495765,424.51495356824404,2203100
2021-11-02,415.5250244140625,419.5695946660266,413.99911288148434,419.4041414769624,2600000
2021-11-03,420.3876647949219,420.5623191692103,410.9288933154301,414.0358672760288,2438200
2021-11-04,419.86370849609375,421.47234645510684,415.6352831076326,420.63585135012966,2517300
2021-11-05,418.9903869628906,424.2391343403775,417.8597343183883,420.84720445928696,2905000
2021-11-08,425.25030517578125,426.6934898647247,417.61157568916053,419.94640647960983,2279900
2021-11-09,426.8406677246094,426.950969857205,423.10862929219445,425.25040383989096,2657800
2021-11-10,422.7500305175781,428.35728818368517,419.74418582597525,427.7965764432837,2818200
2021-11-11,420.4428405761719,423.623339907493,418.6503469815913,422.84199582645994,2246800
2021-11-12,421.91357421875,423.7612188787052,420.15785734257156,423.457888049905,2609500
2021-11-15,414.3851318359375,421.1965680106833,414.10937654644175,421.00353930803624,2849600
2021-11-16,413.3004455566406,421.3252608885819,413.0706401375951,416.39821811698744,3383800
2021-11-17,412.6846008300781,417.2898825539458,412.482370930358,414.0082823459883,2281500
2021-11-18,413.16259765625,416.23279490940917,410.9932197570444,412.4823825436857,2073800
2021-11-19,404.4575500488281,413.1442063787995,403.99793919649994,411.93082699607214,3536100
2021-11-22,402.1962890625,407.90464822866716,402.05841141161125,407.04977874073523,2598700
2021-11-23,411.0115966796875,411.3700785497339,400.7806548328382,400.78985602646645,2857000
2021-11-24,413.7968444824219,414.55061301017605,409.6419724908255,410.5611941922564,2248800
2021-11-26,404.3747863769531,411.97673907842415,402.81209840138143,408.9800956717086,2480600
2021-11-29,415.48822021484375,416.48096733600875,404.96312022958347,407.72998660203666,4079700
2021-11-30,408.3366394042969,414.8906942077351,405.606550002298,410.94722550431044,7435400
2021-12-01,408.4468688964844,419.09146934005497,408.26304143200457,416.30622937884544,4325500
2021-12-02,409.9912414550781,411.7102095516557,403.7405452849718,407.3530797357619,4738700
2021-12-03,414.3717956542969,419.09355639467566,410.5445892205541,412.9423381180895,3038300
2021-12-06,424.322509765625,425.8626291100402,416.40064560050314,416.98164853795373,4721500
2021-12-07,428.58319091796875,429.52384492318987,424.43320207813116,426.7571856966315,3105200
2021-12-08,432.3919982910156,433.60013222304343,426.5174621738858,429.8374593619414,3228300
2021-12-09,436.50506591796875,437.57484422262274,431.00861585503105,432.08762536338736,2977400
2021-12-10,441.03314208984375,441.2636970173672,434.3747146572119,435.2877031641527,2572300
2021-12-13,440.9501647949219,442.90526616198815,437.14139272421573,439.9172550339859,2724800
2021-12-14,442.1675109863281,445.46907373215953,440.0648509036088,442.43496261682543,3018000
2021-12-15,455.9270324707031,456.86768654158607,442.79463143132585,443.2188446620478,4188600
2021-12-16,454.52520751953125,458.3063140820826,451.9891032346863,455.58578273559675,4080800
2021-12-17,449.231689453125,454.7742392718652,448.5492558299946,453.1972513468872,5707200
2021-12-20,446.1053771972656,447.2858173710848,438.29417465947256,444.5099268714988,3145600
2021-12-21,449.31463623046875,450.96541731525105,444.6943348350982,449.1394122421667,2536000
2021-12-22,455.6964416503906,456.9137784537721,448.1065631079961,449.25933777546055,1687500
2021-12-23,456.8492736816406,459.4038125336911,454.4791619131941,456.49882563570173,1706500
2021-12-27,460.64874267578125,461.38650718226177,458.011207828397,459.89251576309596,1349400
2021-12-28,463.8211975097656,466.0160849903131,461.4787514937958,462.9543087041054,1495500
2021-12-29,466.2558288574219,467.7682826917396,462.9542946771096,465.518064346577,1573900
2021-12-30,465.1953125,469.6219842887566,464.4759822041152,468.4230816996727,1309800
2021-12-31,463.08343505859375,467.4455164289907,462.99120745555103,464.92787454379516,1695400
2022-01-03,463.21246337890625,463.784235032592,454.70036626896325,461.1098037993376,3033600
2022-01-04,452.7176513671875,464.5681803049905,452.69921710474057,464.06097072053507,3908100
2022-01-05,451.6017761230469,458.3432000125638,451.6017761230469,456.286639908868,3921100
2022-01-06,433.1204833984375,446.4834662028674,427.0983897869476,442.66546307476966,6555200
2022-01-07,422.92999267578125,431.5711874283817,420.1172054874413,431.3129670182177,5494200
2022-01-10,428.83221435546875,429.62530988799307,419.09357535194164,420.5322360131048,5831800
2022-01-11,432.5210876464844,433.8583176185224,424.8390090701156,430.86110325849876,3332800
2022-01-12,436.87396240234375,438.34951970309015,430.0679758123859,432.49341837620216,3502300
2022-01-13,431.07318115234375,439.48382096763424,429.7359793696615,438.87518068492665,3005300
2022-01-14,432.2351989746094,436.3667537976207,428.9059708720864,433.34187398874724,3665400
2022-01-18,425.13409423828125,429.4869727958981,422.69944861461875,428.98899437027836,3938800
2022-01-19,426.54510498046875,438.5062972828366,425.6136820914711,431.5988797728666,4030900
2022-01-20,426.98779296875,434.9465548223605,426.06557311352594,428.2604608719859,3228600
2022-01-21,425.3000793457031,434.17182852175023,425.2078517452048,427.4488389033631,4273200
2022-01-24,426.3145446777344,428.0391193764333,413.2743711000388,422.44123833263853,4780700
2022-01-25,421.3069152832031,423.7507922707631,412.48126451417073,418.7523764160429,3428900
2022-01-26,422.773193359375,427.79930225588373,418.18055701516056,422.7916557664848,4435900
2022-01-27,425.6966247558594,432.22592793453913,421.4636396543739,422.450393356998,3508100
2022-01-28,429.80975341796875,430.0126428976868,419.68376998390033,425.51220581587864,3364400
2022-01-31,435.8133544921875,436.3758949795976,428.27880743460355,428.8321448632092,3500500
2022-02-01,431.9769592285156,438.0543840424881,426.7571920329713,438.0543840424881,3148600
2022-02-02,442.4626159667969,444.49151079100506,432.5764185526744,432.5764185526744,3026800
2022-02-03,450.7533874511719,461.2759193519228,445.95786110157945,459.86492410248877,4370900
2022-02-04,445.5888671875,451.54639806589284,442.8406425818709,444.27930294081517,3066400
2022-02-07,446.07769775390625,449.3607977639747,443.86434787141764,447.1935757546538,2937200
2022-02-08,455.0323791503906,457.11660446589457,443.9104129541138,443.9104129541138,3534700
2022-02-09,459.3576965332031,461.9675662323126,457.68848091574023,458.3432491055948,2818100
2022-02-10,448.86279296875,455.7794410185989,447.34113602656583,453.9534358016301,2626100
2022-02-11,440.9408874511719,452.28417793217716,439.3823339851727,446.9814149243094,2493800
2022-02-14,437.5010681152344,440.58127887435796,432.82540696802585,438.15583629387214,2549500
2022-02-15,441.03314208984375,443.74447028903177,438.2388174940168,438.9212510734342,3001000
2022-02-16,442.7116394042969,444.2609901825124,434.7344431203106,438.5155502337594,2651800
2022-02-17,433.75677490234375,442.0106518009386,432.41957333287996,440.97777032430434,2403100
2022-02-18,431.4236755371094,437.9806734537852,430.5198899318531,433.67389427352947,2992300
2022-02-22,426.535888671875,430.85187058100985,422.2106755586881,427.7531974184079,3029800
2022-02-23,423.8706970214844,431.3406836831831,423.1513666403677,430.85190827221817,2840300
2022-02-24,420.43084716796875,421.076384216912,411.07029259107003,414.5562827159014,3933000
2022-02-25,438.74603271484375,438.77369818074555,420.74431387430593,421.1316303969314,3314400
2022-02-28,438.8568115234375,440.1848105284302,429.39482564884435,429.6161775789564,3918300
2022-03-01,439.2071838378906,439.8619520216887,431.34988120056863,434.2640991729623,2917600
2022-03-02,447.6269836425781,449.27776471637054,440.719567386453,440.99622202724026,3675900
2022-03-03,448.7428894042969,453.16032973578064,444.7127937378672,448.1987831477039,3139400
2022-03-04,459.8648986816406,460.7963496878007,440.3507242922209,443.30183891646357,4170100
2022-03-07,449.0010986328125,461.1098477374231,445.450547176452,461.1098477374231,4123300
2022-03-08,436.63409423828125,446.8061755405397,434.84498592055377,441.5587436412115,3849500
2022-03-09,447.8022766113281,449.78504355950025,436.7540732367642,445.0448202617935,3115500
2022-03-10,453.2156982421875,455.30912704473207,440.6642721991778,442.0476018914821,2834800
2022-03-11,446.6300354003906,456.73971930097235,446.2970673718575,451.21777367687963,2615000
2022-03-14,451.301025390625,458.3953667925375,448.85914703946656,453.5948803211348,2704100
2022-03-15,460.5412902832031,462.41893533996955,450.7368267214793,453.22494141312734,3043000
2022-03-16,460.8650207519531,467.5616413600944,453.2341927772335,462.31716898659243,3497100
2022-03-17,468.9676208496094,469.0601213928866,458.0162283330139,458.77469326980315,2357200
2022-03-18,468.1350402832031,472.35280417591264,463.9172763904936,470.5584014061763,5065600
2022-03-21,469.5595397949219,474.4987633004935,466.50719163269287,467.1084309710706,2617700
2022-03-22,467.3951416015625,473.4350562296592,466.9511560089216,471.0486724816113,2752500
2022-03-23,465.4620361328125,469.00457793152987,463.70461067494244,464.57406488235193,2753200
2022-03-24,474.9242858886719,477.07017412643177,466.0447425130031,467.0991978155439,2789200
2022-03-25,474.5265197753906,477.76384064233895,471.020927620082,475.59943556564514,2551100
2022-03-28,474.68377685546875,478.32807770352093,470.623237720231,475.71971508547756,2643000
2022-03-29,472.3991394042969,480.59420094690614,469.2265433754273,478.2910308736859,3478400
2022-03-30,481.73187255859375,482.0833576421242,474.0177742179498,476.4503942387218,3041200
2022-03-31,471.6961364746094,482.72153849262816,471.4186631279533,478.2909976491759,3979700
2022-04-01,474.11956787109375,476.14520816208,468.57910492475617,472.3528839083802,2344100
2022-04-04,471.74237060546875,474.0177367199068,466.66441079300444,473.7680389361814,2657500
2022-04-05,478.9014587402344,485.348324226455,469.8739501920316,471.7238476337325,3268600
2022-04-06,491.8415222167969,493.47869965093594,479.12347627325016,479.32693791023763,3955600
2022-04-07,496.6512451171875,497.88144276814376,488.73368603528826,490.2228399812717,2867000
2022-04-08,504.985107421875,507.7691561100887,497.71496636906204,498.5474429371731,3986700
2022-04-11,497.1045227050781,506.5112369010933,496.3645749003239,502.80218290152425,3574000
2022-04-12,493.6544494628906,500.14755171686903,490.9443562254674,495.22681727559166,3575700
2022-04-13,496.697509765625,497.8814713376638,488.94643424026793,493.29370492760586,3012000
2022-04-14,494.6811218261719,511.7648989893167,493.98741022920706,498.08492662075207,4211300
2022-04-18,493.99676513671875,500.3973962463517,490.5744426330623,497.5300770011939,2087100
2022-04-19,497.34503173828125,501.76625809658964,495.06963713480013,495.6708764978339,2207600
2022-04-20,505.03125,507.2048568687549,498.5473505638606,501.4517030382766,2986300
2022-04-21,497.1045227050781,506.8719805092706,495.8003696389587,504.55960833541445,2539900
2022-04-22,481.8428955078125,493.32148683332264,481.1399252917287,492.1283230430132,3453300
2022-04-25,484.92291259765625,486.76355162820164,473.3240470492505,481.3433653528163,3030400
2022-04-26,475.2202453613281,486.76358889801713,474.9704911074141,484.89517416303994,2895300
2022-04-27,475.2479553222656,481.80586735638724,471.55741852918527,476.2653764518761,3353700
2022-04-28,485.0616149902344,486.78206259654365,474.65594139565087,477.9765322982106,2582700
2022-04-29,470.3827209472656,480.8809241462295,468.9120556800045,479.90968270142196,2873200
2022-05-02,463.5381164550781,474.97049906530265,456.3142681024488,472.4731258475121,3184300
2022-05-03,462.1229248046875,467.5801171957439,460.1435490085759,463.5196065552059,2763400
2022-05-04,469.52252197265625,471.5111563176649,456.08301656164474,462.01194196694274,4002600
2022-05-05,457.5906677246094,472.3436122548934,452.5127078868212,469.14326910947193,3359700
2022-05-06,462.1229248046875,463.9265862940696,448.60017757636604,448.6094360972668,3260300
2022-05-09,449.9136047363281,457.50742643042133,448.0729374420241,453.5948828705419,3862700
2022-05-10,451.38427734375,459.09834702407534,445.0113665002481,456.7489691454389,4275500
2022-05-11,449.66387939453125,462.9553899003421,448.03598860718887,448.03598860718887,3936300
2022-05-12,442.8655090332031,450.34837025455437,436.03941006236374,449.6176527413812,3997600
2022-05-13,448.9701843261719,450.450108191543,440.09992788272353,444.881926050844,2453400
2022-05-16,452.5034484863281,458.36762043172644,447.8139513432525,448.97939585216284,2338800
2022-05-17,455.5650634765625,457.59070374965404,451.8005148204336,456.9247394375801,2289000
2022-05-18,436.00238037109375,452.49420545269663,433.20901686234765,451.61552100783246,3240500
2022-05-19,442.6343078613281,445.4369020452297,428.55658374091917,429.47230239411596,3813800
2022-05-20,449.2753601074219,450.88476187682215,436.86253563905376,445.2518274567258,3068200
2022-05-23,455.1488037109375,458.53411978524224,449.79337035747983,449.79337035747983,2279800
2022-05-24,460.217529296875,460.6984925180098,451.98549050377454,453.95563599249584,2658100
2022-05-25,460.70770263671875,464.6109873479327,454.39031532542344,461.1054238101338,3161600
2022-05-26,464.53704833984375,469.18953969833245,461.9286859360985,464.0838042310528,2705800
2022-05-27,469.0508117675781,469.0508117675781,452.6607447547262,454.1498988985965,3349100
2022-05-31,459.4960632324219,466.2759255090408,458.4601250939063,465.82270963023956,4003100
2022-06-01,455.58355712890625,463.7508715030788,451.1715611565749,460.9205302035154,1765900
2022-06-02,455.3153991699219,458.9134360654035,446.7226151431694,456.9248013809473,2093500
2022-06-03,449.1644287109375,454.76964510045514,448.5077228854201,451.68029088684744,1756900
2022-06-06,453.3914489746094,456.5825339982705,449.79341240042976,452.69773729357007,1781500
2022-06-07,459.7920837402344,460.26378846412234,450.561083959883,452.7624667620236,2341900
2022-06-08,456.489990234375,460.5320120634498,451.88373494667445,456.9247173090809,3268100
2022-06-09,452.69769287109375,459.20008192754557,451.0142792491008,455.88877758161897,3148800
2022-06-10,448.25799560546875,453.372961958218,444.83567334120727,448.41522111322956,2599900
2022-06-13,434.4485168457031,445.21490754260265,432.19163923399555,439.470982681698,3764600
2022-06-14,427.0951232910156,433.96748634009873,423.0901072673443,432.41357907644783,3814200
2022-06-15,429.4814758300781,433.81948808091585,422.239138944599,429.3612561935799,2550700
2022-06-16,423.3644104003906,424.9609972769672,418.3425878893438,420.8674222911889,3135600
2022-06-17,419.62347412109375,428.34899311605545,417.43282408028983,418.40747241867365,5277400
2022-06-21,445.85577392578125,450.31134987438793,424.30186932687076,424.9609170135329,5726800
2022-06-22,454.5440979003906,460.33637989271256,440.4904495342746,441.58577446967007,5061000
2022-06-23,463.9472351074219,467.4467168861419,456.6604888536607,459.4359672705762,4687700
2022-06-24,460.0765075683594,463.90088193018084,451.6480061804731,463.6038359940748,15861100
2022-06-27,469.3775634765625,475.1605547276343,457.2360721436526,457.46813398366237,3907100
2022-06-28,471.9581604003906,481.39842159646736,468.83923407496155,475.33699489228337,4978200
2022-06-29,478.7065124511719,481.48196325952676,469.7025008622563,472.33872021879574,3823400
2022-06-30,476.775634765625,479.27262210929695,473.1461846552027,476.7013591227699,3568900
2022-07-01,480.2752685546875,480.3959452594807,466.26798916053775,475.559755495232,2426600
2022-07-05,468.9877014160156,474.33441543772466,456.92977690649695,471.2155178103025,3029600
2022-07-06,478.3165283203125,480.28440805356695,468.1150996115604,469.3589759155738,2506700
2022-07-07,477.47198486328125,480.18245187724847,475.47622994524005,478.2795557087295,2385400
2022-07-08,481.4168701171875,490.45798916054923,474.34363068813917,475.55034076775166,3092100
2022-07-11,479.85748291015625,484.0531224412088,475.0862778940458,477.9174210039807,1743600
2022-07-12,477.5089416503906,481.8902981971416,473.9816133785769,476.4229082151861,2706500
2022-07-13,465.2747497558594,475.1327332903483,465.2283487138086,471.6146957981122,3467700
2022-07-14,466.3793029785156,469.59105916230516,456.9575981685218,459.4824320596204,3765500
2022-07-15,491.7390441894531,493.81830923304966,478.4651181314346,488.3138091283982,5742500
2022-07-18,482.10382080078125,493.97608399062756,481.5283119772373,492.899341995013,3212000
2022-07-19,495.1735534667969,495.53558352575567,483.23630630521507,483.7004299739147,2953500
2022-07-20,482.19659423828125,495.73045563770455,478.7249584263804,495.17352992403227,4327500
2022-07-21,484.9721374511719,484.9813723339906,474.46437050804565,482.12241124935537,2667600
2022-07-22,483.9974365234375,489.7432900130561,481.2034595290427,488.2581168825468,1850300
2022-07-25,491.47906494140625,494.6537114620929,486.6057666738655,488.3416412276599,2337200
2022-07-26,493.44708251953125,499.06296821132753,492.9272662183476,495.4984731062625,2637800
2022-07-27,496.2503356933594,499.26713978455643,490.1517433933907,495.25710416310886,2268100
2022-07-28,502.6366882324219,505.2822273825503,493.58627585426336,498.92369853881837,2344500
2022-07-29,503.4257507324219,504.8273568016089,498.18112993834586,501.26291829411736,2945700
2022-08-01,496.96502685546875,504.6416498913673,492.89929928932537,503.3606641291185,2335000
2022-08-02,497.0394287109375,501.7456503532297,493.56773545639913,498.97943426639716,2114200
2022-08-03,501.85693359375,504.61380092497586,497.25280651458706,498.7101615980462,1802900
2022-08-04,495.4521484375,501.65283550590766,494.53319239337213,500.59461966175104,2368000
2022-08-05,496.66802978515625,497.0764608894643,489.70617459062595,491.97110041347537,2373400
2022-08-08,498.0974426269531,502.46021595373423,495.1456232243348,501.1699387023335,1656400
2022-08-09,498.710205078125,506.58172486697674,497.89334283712435,501.2535938784441,2147200
2022-08-10,499.13720703125,503.0915503552659,495.5077843182037,501.494991886718,2291400
2022-08-11,494.6259460449219,499.9819522150216,491.66483427289575,499.61992209499385,3006200
2022-08-12,504.6881103515625,505.3378948467946,496.10182211183684,497.1785641409488,1981000
2022-08-15,505.56072998046875,507.9463328446393,499.91696933937953,502.8038054554872,1447300
2022-08-16,506.9344482421875,508.159741567027,503.47210368826916,506.08976806555495,1773000
2022-08-17,505.8948974609375,508.4846876408665,502.7110152719354,506.11766780040676,1471700
2022-08-18,506.09906005859375,508.8002919323619,502.94305264368006,505.9041643489213,1486400
2022-08-19,508.9765930175781,513.4414604984182,505.7277272972577,506.35892869566186,2258000
2022-08-22,505.4957275390625,510.0905638103718,502.5067412483205,502.54390740649336,1672900
2022-08-23,497.3549499511719,504.307513973237,494.95082089129124,504.307513973237,2039600
2022-08-24,497.9674987792969,501.1235051737891,496.63082058406746,498.1716859625973,1761200
2022-08-25,502.7110290527344,503.1287517785565,493.1315076028253,496.6217274321411,1965800
2022-08-26,491.27490234375,504.21467246764894,490.31878039337977,503.3514092442671,1906700
2022-08-29,491.7576599121094,494.66307890514196,485.3527299725139,488.25814896554647,1594000
2022-08-30,485.32489013671875,492.9829311013879,484.35018505299945,492.3516730193837,2013400
2022-08-31,482.0666809082031,489.27912382455094,481.90883807680916,483.4497603051842,2891300
2022-09-01,486.4017028808594,486.6430563021679,478.131042365358,482.0668028046676,2085300
2022-09-02,479.300537109375,491.7761848163539,476.94280903672353,491.6183986170908,1944200
2022-09-06,480.5350341796875,489.6040280288003,479.82955719802203,482.6235905121735,2711900
2022-09-07,484.248046875,485.9374637673953,477.75031574535,479.90385628986314,2504400
2022-09-08,489.6597595214844,490.5694237776699,481.5839963961142,483.57045928540026,1557500
2022-09-09,488.2444152832031,491.4941542961589,486.60556473794963,491.4941542961589,2495500
2022-09-12,494.6787414550781,498.1892327811578,486.531091595818,488.8589915556066,2792000
2022-09-13,478.5789794921875,489.10107536547486,476.72595190264343,487.92780475686106,3172500
2022-09-14,474.6773681640625,479.90118993763275,471.2600272720051,478.61618473931884,2648100
2022-09-15,486.912841796875,491.6338297316069,478.74660739118053,480.75788794810717,3058100
2022-09-16,485.15301513671875,486.82909181752217,481.4842423594001,482.8251150707424,3981700
2022-09-19,487.50872802734375,487.927761326478,477.65704090245185,482.8902115454713,2130800
2022-09-20,486.8104248046875,488.5516894156982,479.3704656788244,488.1512974454466,2421700
2022-09-21,476.82843017578125,491.6618022012547,476.77256284894975,488.8869635794632,2427700
2022-09-22,481.83807373046875,485.10639758809646,471.2693736376004,475.85069333783576,2285600
2022-09-23,478.2530822753906,479.2307889256909,471.5208135450548,478.20653564128054,2536900
2022-09-26,473.36444091796875,477.2846446215718,464.6487977505021,472.46124308017266,2867400
2022-09-27,473.3738098144531,481.21416118655657,468.913545409134,475.2361298347578,2583400
2022-09-28,478.56036376953125,480.72998244254353,466.3249079571378,471.6139182554621,3027300
2022-09-29,473.8020935058594,479.3332141664553,467.87993000575494,479.3332141664553,2392000
2022-09-30,470.2730407714844,480.9906727384857,470.0867974101654,475.91586793513505,3116000
2022-10-03,480.0222473144531,482.16390370959977,470.608205984594,472.1725477906183,2562400
2022-10-04,487.1549072265625,488.4771951999441,481.2513853084399,482.6667097046027,3189800
2022-10-05,490.7864990234375,492.90951423110266,484.3242464685569,485.1343511070272,2281800
2022-10-06,483.3930358886719,492.1925081730239,481.1675501223706,491.9597182016574,2187300
2022-10-07,470.0960998535156,478.7744888691803,466.566995735779,478.7744888691803,3273700
2022-10-10,464.51849365234375,471.45564746247123,460.94284243379514,470.7945317769017,2459100
2022-10-11,465.4029846191406,471.93971628700496,461.0917101312598,462.7584941559286,2844500
2022-10-12,465.5426940917969,473.262017593693,463.9131642722416,467.56332357141315,2254300
2022-10-13,474.8078308105469,478.1227299424763,454.16399972454485,459.48094414070897,3999700
2022-10-14,477.80609130859375,493.4309251150774,476.68868804488255,484.2031553723141,5628900
2022-10-17,485.9537048339844,488.2164164390793,479.8080725855897,482.0986894326433,3282300
2022-10-18,486.2610778808594,495.3771137049581,482.648172580091,495.3771137049581,2345500
2022-10-19,484.5010986328125,487.76015809880414,479.17483475212157,485.82332970278134,2500500
2022-10-20,485.02264404296875,492.9747302894412,483.998390736885,487.0432454074785,2390800
2022-10-21,496.9880065917969,499.59530004798864,482.35019873141385,482.3967453645253,2896000
2022-10-24,504.316162109375,508.8602268149032,500.77776597532943,501.0291973265721,2627100
2022-10-25,503.0311279296875,506.4764306115452,497.1462479129337,500.76841639947855,2411900
2022-10-26,505.77825927734375,509.940574837179,503.02206151678877,504.1115030144809,2863500
2022-10-27,504.50238037109375,508.89748428589843,502.60283479359754,508.89748428589843,2212100
2022-10-28,513.292724609375,514.9315756070188,506.26247667077257,507.45433213864567,2761900
2022-10-31,516.9334716796875,519.6803480797605,512.2590305195204,516.7937749530596,2770400
2022-11-01,509.63311767578125,517.436242109131,506.7558086058225,516.7937395109939,3338900
2022-11-02,506.0201721191406,516.4026268036076,505.6849682253307,506.93269055234043,2696200
2022-11-03,506.1876525878906,510.15440154646365,501.0849162061994,504.44638869608076,2245300
2022-11-04,501.1222839355469,510.05213196391236,490.8516202743002,509.39098800590506,3513100
2022-11-07,507.5008544921875,509.2979865185763,498.60823079575164,501.1223742273749,2540300
2022-11-08,514.97802734375,516.6075573459981,504.6887206962544,509.3910673360424,2797000
2022-11-09,503.44091796875,516.4306107516956,502.30493009987913,515.6577889065431,2672600
2022-11-10,506.7093505859375,513.7210130714491,497.1929221157498,511.1416815355864,3426400
2022-11-11,486.1400451660156,508.6741292953451,474.565704377572,508.6741292953451,7034300
2022-11-14,478.3834533691406,492.56500208229915,478.06683396017246,486.06552342324363,5238400
2022-11-15,468.3828125,481.0745281666029,466.2969947240336,477.50816936332586,5103800
2022-11-16,476.3070373535156,478.7373801607892,470.67352972217094,471.0646294948281,3430800
2022-11-17,479.8360290527344,490.70264969904923,476.9028524921709,476.9028524921709,4246300
2022-11-18,493.51483154296875,496.30831172151386,483.70042497574013,486.1772857273103,3566000
2022-11-21,481.58660888671875,495.33053861584665,479.9012116783008,492.5929261345692,3349600
2022-11-22,487.0805358886719,488.54240715467535,484.11939691420207,484.14735899580046,2567400
2022-11-23,493.2449035644531,493.92463234242047,486.9967979905906,488.8591184417974,2238300
2022-11-25,500.6102600097656,503.6178887753865,495.8613665026275,497.23946518571097,1419200
2022-11-28,495.62847900390625,502.43525533648796,495.08839036940327,498.9434058464463,2699900
2022-11-29,491.6524658203125,496.2803036067635,487.60194267053157,495.0698070083745,3751000
2022-11-30,510.0522155761719,510.350193599044,491.1682633153146,493.25405264192284,9688900
2022-12-01,499.94903564453125,514.9314234045753,498.915461798169,514.3354674300369,2997800
2022-12-02,500.7897033691406,503.07808920147727,497.31513772032133,497.6794232505431,2346200
2022-12-05,499.7436218261719,504.7313694169969,495.8580803127835,496.42782519423076,2424800
2022-12-06,503.74127197265625,504.9275087994265,498.9963816742655,499.16450030181954,3097700
2022-12-07,507.0943908691406,509.89648191159495,504.03080097390836,505.1609982174927,2849100
2022-12-08,511.77392578125,514.9216036991578,507.9070832142604,508.9157950098097,2272300
2022-12-09,503.6291809082031,512.3063024190423,503.32093492734083,511.7832476984187,2852400
2022-12-12,509.8498840332031,510.05540039134775,503.704004281154,506.1044125408036,2714100
2022-12-13,502.7137451171875,514.6413299211994,499.7995752322246,514.2397037456925,3369700
2022-12-14,502.8446044921875,507.62683569390435,496.5025584475865,506.1790999410064,2654600
2022-12-15,492.869140625,498.8376083934789,490.80491297653066,498.7628700011691,2963800
2022-12-16,489.1517028808594,491.122493225929,481.6981019648591,490.5060582823005,7109100
2022-12-19,489.0582580566406,492.43015087504006,486.5644130376053,489.99228838677834,1808100
2022-12-20,485.8919677734375,492.2246641479436,485.4156031550407,492.2246641479436,2086100
2022-12-21,492.7384033203125,493.0559987572995,483.9211535874832,489.08636934278184,2182000
2022-12-22,492.3180847167969,494.11140703529395,487.21825845727477,491.74828287385645,1851600
2022-12-23,496.2596435546875,496.2596435546875,488.40447370245954,489.5252644716414,1292300
2022-12-27,496.894775390625,500.49082628857747,494.8959368455623,498.70679647198995,1596700
2022-12-28,493.58837890625,502.64848523616274,492.9158473701545,499.77165562643245,1694200
2022-12-29,494.9239501953125,498.4732537203738,493.97122110376233,497.40844556025087,1379700
2022-12-30,495.2041931152344,495.5030896616335,490.2165030819594,495.03607449701366,1849600
2023-01-03,484.4255065917969,490.9543695115894,478.3729512555228,490.4873543441228,3525600
2023-01-04,471.2183532714844,484.4255572712295,467.57564028502213,484.4255572712295,5070400
2023-01-05,457.63751220703125,468.9673051583776,456.2738358477407,467.95856490046214,5497100
2023-01-06,457.6748962402344,460.35555892894615,455.3771894362451,459.1600011564924,4841300
2023-01-09,457.7309265136719,467.00584136165617,456.31121059524406,459.92590361123916,3702800
2023-01-10,453.9387512207031,458.1138680356846,450.8377636100047,456.600743425644,3164000
2023-01-11,460.8505859375,462.9054641848084,453.0047364098277,453.2756132025059,4274200
2023-01-12,462.9708557128906,465.8289864244594,453.21022674071907,457.67489086242773,3726800
2023-01-13,457.27325439453125,475.8884727996046,453.9387591376012,454.0414887960613,5390100
2023-01-17,453.0794677734375,460.42096176465674,451.86523961796917,458.79575794024754,4495600
2023-01-18,444.8226318359375,457.2078841521337,443.43093565112457,455.85352866046566,4398200
2023-01-19,452.4069519042969,454.30306098483754,445.8967873654688,446.34510371572054,4549600
2023-01-20,454.61126708984375,454.86344503054454,447.40055142564904,453.4997686587727,3525900
2023-01-23,453.7612609863281,457.76825898301115,449.6328629934304,454.5738627924063,3418700
2023-01-24,459.16937255859375,467.2580796345017,448.3346136934656,467.2580796345017,3036300
2023-01-25,460.0099182128906,462.6812311624588,453.68654340582185,457.0023395363809,3037300
2023-01-26,459.9913024902344,463.69940432515284,458.2166219235299,460.0099728367039,3005000
2023-01-27,453.9854736328125,460.8225831391224,452.50971811309626,460.8225831391224,3177100
2023-01-30,453.7426452636719,462.5785650469046,452.81793576583215,455.62937644863877,3606900
2023-01-31,466.2586364746094,472.15236600332395,460.5984145453029,465.1471380210788,5567000
2023-02-01,464.2131042480469,471.10625309314975,462.97085637014015,466.9685053027664,3451200
2023-02-02,439.76947021484375,462.34499493361386,433.2873262068402,461.65382163833505,11169900
2023-02-03,440.8810119628906,447.1950664854025,438.7607732510014,443.8792700211671,5440100
2023-02-06,443.8885498046875,447.3724930786115,439.9376198859961,440.86230075984435,4174200
2023-02-07,445.4204406738281,446.5412600989329,438.0882960208364,439.96570632614663,3394600
2023-02-08,451.3421630859375,453.04210522506673,443.7671618529745,444.103427613317,3466400
2023-02-09,453.6865539550781,457.39465543590046,450.5762170520012,453.5931452229589,3664600
2023-02-10,461.6445007324219,462.9614869471419,456.5073338046964,456.86226989857977,3418100
2023-02-13,462.67193603515625,466.8937429233067,459.31877052482037,461.41098937143033,2589000
2023-02-14,460.3182067871094,465.10046655845906,456.82494208123626,461.68191174548116,2072600
2023-02-15,458.8424377441406,459.384162838649,456.17112446042876,457.3479833910768,2242500
2023-02-16,455.19976806640625,461.41106516584597,455.125029664268,458.7490725505579,2611500
2023-02-17,466.1558837890625,466.5108199050311,455.19972533880406,455.22774511088863,3891500
2023-02-21,458.8984069824219,468.32276893093746,458.1418447485056,463.9328437902845,2877300
2023-02-22,456.6381530761719,461.30830525144734,456.43266524028587,460.2995364191537,2982800
2023-02-23,459.2533874511719,460.7851824108489,453.81732394496584,454.5552159065051,2511800
2023-02-24,452.37890625,460.01929616576956,451.1460078530011,457.2825655807405,2940400
2023-02-27,451.4355773925781,458.55288444241563,450.1652812330055,456.52602594317335,3006200
2023-02-28,444.5424499511719,451.47293985442974,442.6557187236939,450.82848507474597,3902100
2023-03-01,443.86993408203125,446.8494933803591,440.86235501148246,442.36613029458385,2996900
2023-03-02,446.186279296875,448.73616373643574,442.02983311989556,443.8605245003596,2188800
2023-03-03,446.98956298828125,447.49394735959515,442.93587468098195,446.4104687307163,2863300
2023-03-06,449.0631103515625,452.3976055407592,447.40053746940737,449.61418483731876,3812700
2023-03-07,442.6183776855469,451.90264313138186,441.3854505851025,451.11806093228506,2589200
2023-03-08,439.55474853515625,444.0287625048485,435.9680749210761,440.6288778837117,3036600
2023-03-09,434.24005126953125,442.6836935725626,433.15657264842304,442.6836935725626,2780400
2023-03-10,431.49359130859375,439.48924641362765,428.9252419486388,433.7807449743453,3787500
2023-03-13,434.6337585449219,440.90468019716633,429.918853201894,429.918853201894,2971600
2023-03-14,435.47735595703125,440.4078635364537,430.29377225463855,435.5429778204984,3258200
2023-03-15,436.2741394042969,439.5080330730389,430.4718962516597,432.1122712940334,3770200
2023-03-16,442.4513244628906,443.73552782452543,434.09011446195007,435.5992457863526,2940500
2023-03-17,440.08917236328125,442.4419479125414,437.0896181061039,441.86079106910734,5290000
2023-03-20,447.0818786621094,449.7627351085337,440.55788060995485,440.55788060995485,3119400
2023-03-21,450.0251770019531,451.29061488565384,445.9195480754829,448.4223042723964,3163300
2023-03-22,445.7320556640625,455.31184675221857,445.0759228314253,451.7592837978125,2632200
2023-03-23,440.4735412597656,450.55951425144184,437.4365129754978,447.5037205147356,3284900
2023-03-24,446.1726379394531,447.0068995660529,438.29884329594745,439.6017835156829,2533200
2023-03-27,451.7124328613281,455.82744473569755,448.609782790993,455.13378094971205,2271800
2023-03-28,442.97625732421875,453.4840522352717,441.20466707393587,451.8061748212086,2369500
2023-03-29,437.3614807128906,446.0695368755437,435.8242298214273,445.34775354326354,3733200
2023-03-30,440.6141052246094,440.9421859524413,432.19662761281813,437.34273788352846,3324600
2023-03-31,442.9856262207031,446.1820176368989,440.6516159966073,441.982647172791,3996700
2023-04-03,463.2325744628906,465.0510497880839,453.2028406014997,454.80574207030384,4729100
2023-04-04,462.3514709472656,465.02294487360956,461.0297937709508,462.1452512047369,2624700
2023-04-05,477.3304138183594,479.683160921432,465.02290929400755,466.23210808294795,4964800
2023-04-06,480.68609619140625,482.0265099902325,475.38065152823435,478.9894821146555,3472600
2023-04-10,482.90765380859375,483.1045194080067,476.261794990864,478.811407604941,2714500
2023-04-11,488.3349304199219,489.50662686569024,482.94512676938734,483.80753654592604,3065300
2023-04-12,488.5411682128906,493.70601518837634,487.46318462132587,492.0937311636503,3422400
2023-04-13,493.26544189453125,497.22111887503706,487.8944036548488,491.0907664095657,4224400
2023-04-14,479.73004150390625,494.2121928420861,476.64612835700655,489.3004503487855,4872000
2023-04-17,473.6934509277344,477.66783616917746,471.2563165679196,476.8523400093409,3660900
2023-04-18,472.8779602050781,475.23070727359504,466.9351191198431,472.11870317816437,3232000
2023-04-19,455.7430114746094,470.52512193032027,453.333996978426,469.2878037526074,5809100
2023-04-20,456.92413330078125,458.9769478599395,452.9872502191481,455.05880162421715,3283000
2023-04-21,453.51214599609375,459.9892873755408,451.93739283971854,459.34250864955277,3165300
2023-04-24,458.3114318847656,459.51124795712843,452.4154470841846,453.1278477104184,2322400
2023-04-25,461.1047668457031,467.2725646409399,459.8486830233509,461.8171388663827,2937300
2023-04-26,452.6966552734375,457.14910181696723,448.39416070347113,455.43372218196197,2930000
2023-04-27,459.7455749511719,460.2236362644926,451.9936414089213,451.9936414089213,2473200
2023-04-28,461.26409912109375,463.0169525005761,457.5427899089474,458.0770903760466,2398900
2023-05-01,464.6479797363281,468.1068301244646,461.0016464641266,463.60749835974906,2105600
2023-05-02,462.482666015625,465.5946700673066,458.6207304615039,464.2261366141404,2152300
2023-05-03,458.7800598144531,464.4135851209364,457.4583828750645,463.42934300562905,1749700
2023-05-04,456.7554016113281,459.0144358284705,451.7593004713328,456.5397991636625,2555700
2023-05-05,463.3169250488281,469.47536884287797,461.20787130614303,463.1107053164196,2329400
2023-05-08,461.7608947753906,463.38253301366007,457.73027029712074,461.2172401912859,1738500
2023-05-09,459.6612243652344,468.116175938507,459.58621977059045,461.9671150477867,2038600
2023-05-10,459.37060546875,462.55761391953405,457.0928345583181,458.7425636188701,2018700
2023-05-11,458.1426696777344,459.4174616149598,455.23685691911083,457.43026912112674,2384200
2023-05-12,460.4579162597656,462.02328652176567,457.1959034114294,458.14264319051557,1536500
2023-05-15,456.3617858886719,460.9829793666477,453.39976183455457,460.6173962691681,2169700
2023-05-16,449.6689758300781,458.56448608287155,449.0034602592437,457.0740916381673,2178900
2023-05-17,454.44012451171875,454.99316180592194,447.6255482257324,449.93143884014444,2682000
2023-05-18,449.209716796875,452.32172106808866,444.2042326083886,451.8530424518723,3040100
2023-05-19,448.8253479003906,454.4307252306384,447.87860804511035,449.5377198672762,2317900
2023-05-22,450.51263427734375,451.99367474295144,447.972404154378,450.34391683874225,2242800
2023-05-23,449.4064636230469,453.10903539050537,442.93870573832885,446.35067050464687,2874200
2023-05-24,450.70941162109375,453.0059480084507,448.8909651248942,450.50319191036834,1904700
2023-05-25,447.77545166015625,451.5904729209261,444.5884149660844,447.7098298045554,2684100
2023-05-26,451.3562316894531,457.79589972580897,448.05674462131793,448.11298376522745,3135200
2023-05-30,449.79083251953125,455.4337122439795,446.21012135409177,446.819397778211,3180800
2023-05-31,456.7179260253906,456.8679066143811,447.22249274110766,448.1692326940408,4944100
2023-06-01,462.7076416015625,467.53502548530844,455.6586971134161,457.23347895800794,3376600
2023-06-02,468.28485107421875,469.63464759718835,459.64241740075425,461.17969678752974,3064500
2023-06-05,466.98199462890625,471.39693911514405,466.26023986930704,469.3347703994868,2688800
2023-06-06,457.0271911621094,468.5847911898771,453.3715043288658,468.5847911898771,3816600
2023-06-07,451.92803955078125,459.71747573457543,451.43124137007027,459.25817985218384,4381700
2023-06-08,459.5206298828125,461.011024396255,452.2092265683795,454.0464672743229,2725900
2023-06-09,462.6982421875,467.0100908954178,456.7085447396631,459.2956310797173,3174100
2023-06-12,461.7326965332031,463.47619548616143,458.1051293996562,461.4608549845319,2207700
2023-06-13,460.53289794921875,463.6730498424552,458.0489074447305,460.12045855158283,3016600
2023-06-14,431.05303955078125,431.7748228544645,417.76132220548874,426.16006275431596,14672400
2023-06-15,438.4980163574219,444.2487651873894,433.8108050623034,434.827293835922,6798100
2023-06-16,431.53314208984375,440.97342864042844,431.00606950119453,438.73338450032,7699100
2023-06-20,441.7922668457031,442.82756945636953,429.8954208323115,429.8954208323115,4597700
2023-06-21,448.719482421875,451.1854349188487,439.7215649463709,441.378094932923,4886500
2023-06-22,450.88427734375,454.7714588790052,449.89602350946103,450.06543352848786,3179000
2023-06-23,448.95477294921875,453.9243340668946,448.5312192212688,450.2065629273676,4862600
2023-06-26,450.8937072753906,453.0114187239353,445.1900067385075,450.02781467925575,2968300
2023-06-27,454.18792724609375,454.77146980785346,449.6795468094311,450.018395578927,3693200
2023-06-28,446.55474853515625,453.7737752009606,446.112381011661,453.6231789458028,3670100
2023-06-29,448.4277038574219,451.5054338077323,445.26524018224274,447.14765014597185,2979300
2023-06-30,452.3808288574219,453.75498024815886,447.18535837067395,449.8960336292729,3970400
2023-07-03,449.7829895019531,451.97598421875455,448.2958697169176,449.99005572303554,1915700
2023-07-05,443.51458740234375,449.22770820994117,442.92162370186793,448.0417808089896,5053100
2023-07-06,441.763916015625,444.62518694079716,439.2132587910483,441.75452349850883,3913600
2023-07-07,434.44140625,441.0580764793436,433.7261099571643,437.6603400993041,4131600
2023-07-10,435.8249206542969,435.87199813361883,432.16364850253893,432.9542571775461,4339200
2023-07-11,435.6744079589844,439.06272307150914,434.027299164669,435.18496296290573,3086800
2023-07-12,425.142333984375,437.4909396856034,424.7187802211507,435.7779395953303,7287600
2023-07-13,421.424560546875,428.1541709002837,420.8880667755352,425.42468200376885,7276800
2023-07-14,451.9383850097656,456.48439219481673,433.0577876411836,435.3543299740067,11379300
2023-07-17,455.61846923828125,456.1079141841048,450.1783058994293,452.82308945116296,4582000
2023-07-18,470.60247802734375,474.7626165713556,458.83741607666013,460.55980850799006,8816400
2023-07-19,474.08502197265625,484.4005931379365,472.9367505978166,477.69924612215965,4956500
2023-07-20,474.5931396484375,478.7720916148103,471.1012775850657,476.87086809700025,2963100
2023-07-21,476.74853515625,480.40041490421714,474.85670404314544,475.35554151037013,2887300
2023-07-24,478.7721862792969,479.8075175969892,474.90384724360445,475.61914356221985,2279000
2023-07-25,480.8898010253906,482.3674995762194,477.4544089681894,480.0144873831647,2730600
2023-07-26,478.1322326660156,485.5300916125998,476.84278616183764,481.46410705428383,3697200
2023-07-27,475.5250244140625,480.48516454804985,473.54848811984186,478.6686457460924,3028300
2023-07-28,473.3414306640625,477.6427445954599,468.0424416869679,475.5061907692625,2930000
2023-07-31,476.5979919433594,478.0192207465099,469.7177853925538,473.42613555139684,2441600
2023-08-01,475.063720703125,480.0521235781061,472.94600981779234,477.6614552472532,2161200
2023-08-02,475.1202697753906,480.45691473291805,473.41669103306197,479.7227759860764,3220500
2023-08-03,475.1767272949219,476.2497147477413,471.5813461397725,473.32258107866755,2442900
2023-08-04,473.1720275878906,480.86165680133774,472.2496362937057,480.01457799659175,2411200
2023-08-07,480.7110595703125,483.4028922346674,474.97912424442717,476.00503430538544,2430900
2023-08-08,476.11798095703125,478.29219108518885,470.62134681772386,473.42614825513004,2422600
2023-08-09,472.5884704589844,475.99565698716776,471.43080658975464,474.3673618531174,1916900
2023-08-10,473.8778991699219,481.9345828710558,473.2190441869576,474.80968291947994,2179700
2023-08-11,478.1415710449219,480.64517984304973,474.60263098090695,475.90149850326554,2029600
2023-08-14,480.8898010253906,483.3087044534413,478.36737884802636,479.2144574928674,2127200
2023-08-15,476.899169921875,483.44997748745675,476.5038511785064,481.5016474953449,1817500
2023-08-16,473.9532165527344,480.48518195096995,473.2661265202327,478.13216930674383,1454100
2023-08-17,464.9176025390625,471.7601811068619,462.9034388237786,466.3482524874512,3009500
2023-08-18,469.1342468261719,471.48725944819415,464.48469158719206,465.6894329007355,2364400
2023-08-21,468.4189453125,470.83784930296076,467.04479391477946,468.2589565312182,1533500
2023-08-22,463.3928527832031,467.5812264007734,462.44222656938103,466.29178018398284,2079400
2023-08-23,460.663330078125,464.95522213846266,459.2421014829683,464.0140172353483,2011400
2023-08-24,459.4021301269531,466.2917570788893,458.5644439556285,462.536329892295,2311100
2023-08-25,460.3621826171875,462.2728276083485,456.15499514007087,461.1151638472614,1923500
2023-08-28,462.3952331542969,464.0705770571882,460.37164796557477,461.65167309439073,1344500
2023-08-29,463.8540954589844,463.95764295580227,459.27985247334095,462.5740703138546,2113700
2023-08-30,462.6305236816406,467.50595901664605,461.463438594436,464.94588009516883,2283400
2023-08-31,448.5594177246094,464.7858097006469,448.286488984916,463.4116298685684,4927700
2023-09-01,448.239501953125,452.39021983832936,445.5288267037426,450.83723718766646,3165900
2023-09-05,452.540771484375,456.10794645902246,449.463041490185,449.8959877454922,3443300
2023-09-06,448.8983154296875,454.752611684251,448.37124292704425,453.7455154396909,2596100
2023-09-07,456.30560302734375,458.4703630820274,450.4607279010596,451.6842829366117,2928000
2023-09-08,454.2646179199219,456.34334106713106,452.3559930921105,453.71660663662726,1858400
2023-09-11,452.9513244628906,457.1654323023794,451.6474005756438,455.40798973095264,2059200
2023-09-12,453.442626953125,456.9764566180419,446.0915472926876,451.0615674557605,2195200
2023-09-13,453.385986328125,457.3544480895621,453.0269314558377,454.8883247397088,2197800
2023-09-14,456.93865966796875,458.5165747693012,452.384384112714,456.0221355735305,2334300
2023-09-15,459.86773681640625,462.8157233736963,457.44887457272654,458.960641848692,5334300
2023-09-18,459.2630310058594,461.79527304498015,456.93866130338967,461.4834789575605,1997500
2023-09-19,454.16070556640625,458.95119798526935,450.2678501694605,457.08980503069733,3230700
2023-09-20,464.9984130859375,467.8141044179988,452.7245732772379,456.13553672812475,3724800
2023-09-21,473.5116882324219,477.29116442184255,465.8960171824335,466.9448368192575,4703900
2023-09-22,478.1982116699219,481.34461278538953,470.57311183972104,471.48963593271424,4558500
2023-09-25,482.14776611328125,482.7713831315337,478.69899993054435,480.2391410587129,2758500
2023-09-26,477.5841064453125,481.3352379910363,476.5730895702795,480.88169043449665,2420200
2023-09-27,475.9588928222656,478.4438741807852,473.4266218754708,478.3210654268436,2593700
2023-09-28,481.9776611328125,485.80439771290645,477.16828159790373,478.07534772354524,2922000
2023-09-29,476.3935546875,481.76986218292103,476.0250418969852,481.74151726327506,3006200
2023-10-02,486.2012939453125,486.45642705376343,475.40144718073265,477.65966930870917,3550400
2023-10-03,481.3824462890625,485.6437861872624,480.3336266270092,485.001282140033,3143200
2023-10-04,482.46905517578125,483.60290962970424,478.68012085795704,481.40134847927897,2801700
2023-10-05,487.76971435546875,489.640594225513,483.04539810399405,483.41388202648864,2790700
2023-10-06,495.8767395019531,496.95390409386533,487.5335293789993,487.97764783506074,3647200
2023-10-09,497.4830017089844,497.8231407185852,491.56811235993484,492.4185175541656,2341600
2023-10-10,495.338134765625,499.0231470782844,494.2421120575263,497.4735480166368,2455700
2023-10-11,495.2342834472656,496.6138131988725,491.54927061050404,492.2012326456161,2819300
2023-10-12,496.5664367675781,499.4388754554325,493.4578384983962,495.5554200104954,2377300
2023-10-13,509.66241455078125,514.4434498800534,502.6703601571932,503.851446529743,5245400
2023-10-16,508.367919921875,516.6355240649552,506.56318775074254,513.2339609010929,3827600
2023-10-17,507.06390380859375,512.525215906505,505.0985604049177,510.17250163976104,2586000
2023-10-18,506.5065002441406,513.9898469666839,505.88291204652455,513.1016677535622,2551400
2023-10-19,502.3206481933594,508.66073915086537,500.0718556412888,507.22451999620654,2351200
2023-10-20,497.9743347167969,504.9663306860887,497.7286595505645,501.72543694975946,2811100
2023-10-23,492.8153381347656,498.682995468015,491.6058781161612,497.9743437081156,2357700
2023-10-24,496.05633544921875,501.41372772440315,493.2878755832357,494.0343014981491,1978200
2023-10-25,500.9790344238281,503.010468257545,491.4075064356948,498.20111713961774,2380100
2023-10-26,499.23095703125,501.22461672461526,493.7129545209644,496.71763093646985,2675800
2023-10-27,495.7349548339844,498.6451675642797,492.5224347669829,496.9916467786937,2585600
2023-10-30,500.77117919921875,502.50030584863055,494.1098633904733,496.0562914845366,2555400
2023-10-31,506.0340270996094,507.0922757404076,502.3112410228002,505.5049027792103,2464200
2023-11-01,502.2923889160156,506.28922441223455,497.7570287842915,500.76170559243667,2747400
2023-11-02,506.57269287109375,507.2435707167848,497.89880115088704,502.67037873832214,2350900
2023-11-03,501.6310729980469,506.43096693157656,499.6468131089329,505.09872675665804,2739500
2023-11-06,504.0498046875,506.4686668632223,500.82776931192825,502.32067838240306,2684900
2023-11-07,508.17901611328125,509.8986849713806,502.2168937900348,505.8451592093467,2604800
2023-11-08,507.1395568847656,511.55213695899545,504.6923782916994,510.22929719447285,1769200
2023-11-09,509.2845153808594,511.08919023670916,505.01368800333677,507.96167538969576,1819600
2023-11-10,511.3726501464844,512.7615801063451,506.46877698268935,512.7615801063451,2480800
2023-11-13,512.6575927734375,514.1505019775693,508.2544708305525,511.3158949083266,1507900
2023-11-14,510.6639099121094,512.7520334498645,506.9316659054561,509.3127541905543,2454000
2023-11-15,508.7268981933594,510.66392579963855,502.3868640465241,510.27649721029167,2473700
2023-11-16,510.0592346191406,514.821354029769,507.83875767493925,508.72693691857336,2360300
2023-11-17,506.7237854003906,510.72062056621735,499.21212283608406,510.484403311485,2676900
2023-11-20,505.5993957519531,506.77108179415467,502.4813394816518,504.19155012207545,2518400
2023-11-21,509.8419494628906,511.80723569306605,504.73963319055844,508.12228075881177,2115700
2023-11-22,513.7819213867188,514.3866513225072,510.47488024254085,513.0354380480916,2234500
2023-11-24,516.9378051757812,517.4008394272885,512.8843379400491,514.8874556000136,1135000
2023-11-27,513.6215209960938,520.5190552558134,511.67509257205927,516.9379637498182,2675800
2023-11-28,510.72998046875,515.7283158583672,510.29532004217657,515.5487884724148,2859300
2023-11-29,505.4859924316406,511.986695678659,499.50501326388036,500.7805633287972,4550000
2023-11-30,522.4841918945312,523.4007448282167,504.5695122670186,506.2513491263321,7121200
2023-12-01,518.7582397460938,525.9068938576146,516.8620548451231,521.8490303933913,3462200
2023-12-04,519.8201293945312,523.2237487086069,514.8520766050564,519.8011490290816,2709200
2023-12-05,521.6973876953125,523.8495761852137,517.0422211202806,520.5975679911003,2645600
2023-12-06,521.0052490234375,523.2332430366436,518.7013335478315,519.1374768878536,2239700
2023-12-07,519.8107299804688,522.8825406373782,516.2553828559016,522.7308134212224,2511700
2023-12-08,521.2327880859375,523.0910121936539,516.2742253814624,521.6593833812192,2039900
2023-12-11,515.4589233398438,521.4508748825308,511.0787406201884,521.2233419412979,3655300
2023-12-12,517.3930053710938,519.0711475942179,514.4824123525179,517.4688689729736,2706100
2023-12-13,520.5122680664062,520.9009605264897,510.63316050679356,515.7623154248258,2876600
2023-12-14,506.5089416503906,516.6345628804125,501.9202062316979,516.0467501438608,5386800
2023-12-15,503.55078125,505.80724556905585,495.81437348963857,502.48892249596923,9030100
2023-12-18,499.21807861328125,503.8826773639398,497.9665896085734,501.6451930223283,3260300
2023-12-19,496.83831787109375,500.23250484813184,494.69567766652824,497.35981498194644,3645600
2023-12-20,489.14935302734375,497.5873993628318,489.09246979243596,496.65822937003986,3847800
2023-12-21,492.8942565917969,493.78546571736393,489.6896998126492,491.94616423978783,2491600
2023-12-22,493.3018798828125,495.86174054988544,491.1307694465734,492.89420715637243,1759500
2023-12-26,493.0364990234375,494.4111866554244,491.083373204494,492.8942620222831,1390800
2023-12-27,495.65325927734375,496.0040488744257,492.4013089330327,492.77107889762414,1851800
2023-12-28,497.6537780761719,500.46958503452663,495.7954959377903,496.2979548736595,2001000
2023-12-29,499.14215087890625,500.82029285297904,496.72452696391355,498.6775948869112,2080100
2024-01-02,511.3441162109375,511.6474548178818,499.33174534845426,499.492962700409,3415700
2024-01-03,513.89453125,518.4074022892511,511.47684943098005,514.8520559282988,2891400
2024-01-04,517.1085205078125,520.5027073706483,514.8141531917341,516.7103379180388,2994400
2024-01-05,509.4859313964844,518.6065762432884,506.0253707665367,518.6065762432884,2815400
2024-01-08,508.6705017089844,512.206867487211,500.59273675751484,511.40101217520055,2648900
2024-01-09,510.424560546875,511.60018600186623,504.6981026122187,510.0737709471429,2677000
2024-01-10,509.73236083984375,513.1075671315716,508.31971256385384,510.1684462653664,2180000
2024-01-11,511.66650390625,512.1215697447499,506.7838627242686,508.30078743058027,2814100
2024-01-12,494.4396057128906,501.04778101489933,486.4945879135352,491.92713806724095,6327300
2024-01-16,492.20220947265625,497.2744808396763,489.73713442800704,496.52550865012034,3736700
2024-01-17,497.6916198730469,503.1146805497428,493.00804116727903,494.22162719860415,3791300
2024-01-18,489.5381164550781,490.0121627143197,471.63809614327005,479.0047935293164,7367000
2024-01-19,477.42144775390625,490.68525231372166,475.7717760945201,488.26762805886364,6143400
2024-01-22,486.3619079589844,486.91181775027746,470.7278736400079,477.7816833663314,5922900
2024-01-23,488.7606201171875,491.18773438400973,485.4991798961168,485.8973625075181,2672900
2024-01-24,486.5894470214844,494.64823247260915,486.3240112386237,491.01708022178997,2918800
2024-01-25,467.7887878417969,469.78927786604146,454.1362629672648,462.2803732716326,14671000
2024-01-26,477.0801086425781,477.544664661216,464.4704623257704,467.67501927645907,6212200
2024-01-29,478.3505554199219,480.21829863580473,475.13650824328977,476.9947612763026,4554100
2024-01-30,477.46881103515625,479.7821588608707,473.30670034554913,478.3505589775812,4931200
2024-01-31,485.1767883300781,488.2675787670073,478.32209889705035,478.32209889705035,5358100
2024-02-01,480.8155822753906,483.73569406773436,476.8904659439628,482.4178317747676,4242600
2024-02-02,483.7452087402344,486.28606056337543,479.15644487225086,481.8679753214519,3804500
2024-02-05,476.8525695800781,487.5091483711587,474.0936170841752,483.4892167165704,3646300
2024-02-06,484.1623229980469,484.41829751114955,476.3690028863979,477.7816511996936,2745400
2024-02-07,492.42974853515625,493.9561634824129,486.077517584925,487.3290065554428,4109100
2024-02-08,493.0934143066406,495.0559147015748,490.4292769096254,493.6053633835405,3343000
2024-02-09,491.3204650878906,493.37786746670184,489.4906535161859,492.0505148266284,2715400
2024-02-12,490.7705993652344,492.0505010511366,486.19129653885443,491.32045133283737,3194000
2024-02-13,490.02154541015625,499.5783332314701,487.51862539371507,494.90424453269753,3436000
2024-02-14,490.10687255859375,491.61436488988477,487.5944046287641,488.51408431941735,1918500
2024-02-15,493.8424377441406,494.6672736093492,489.0261115271365,490.4862110466358,2292100
2024-02-16,494.4776611328125,496.6013792000704,491.955760394688,495.1887305499914,2135500
2024-02-20,494.0129699707031,498.099245456182,492.4485945338351,496.9994838531016,2600200
2024-02-21,494.8758239746094,496.50657319682574,490.6757810628005,496.4875928290287,2095900
2024-02-22,499.1706237792969,499.39815668526825,491.6712387296613,496.9900229411184,3186800
2024-02-23,499.87225341796875,502.96304405959506,496.9521124730802,499.4076973767987,2502000
2024-02-26,498.05194091796875,505.15314422581224,497.09435826910317,500.89621831445436,2308900
2024-02-27,486.7696228027344,498.30794989934276,485.47074074003206,497.52101694154675,3780600
2024-02-28,472.4154968261719,472.6714713672811,459.24650796416057,469.7229177858011,9558600
2024-02-29,467.9783935546875,475.70534048336606,466.08220883925804,472.6240403207932,6833200
2024-03-01,464.1196594238281,464.58421542911117,452.47708620996093,464.01538315059446,7315000
2024-03-04,456.8572692871094,461.7589196092009,455.17915619509654,458.1561512148433,5239800
2024-03-05,448.5899353027344,457.83383665668543,446.19126257027926,457.3503291837103,5296200
2024-03-06,448.0684814453125,454.89472947824356,443.88739042006864,449.8129680181777,5577500
2024-03-07,453.9277038574219,456.2126101430196,449.01659189094323,449.3958230857531,5102000
2024-03-08,453.61358642578125,460.92363315101466,451.9002751621042,455.2887873122658,4673600
2024-03-11,465.58758544921875,466.6917116086643,453.07102819003217,454.0228580811877,4410100
2024-03-12,465.7779541015625,468.5668086576801,463.87429435580975,464.61672049475163,4153800
2024-03-13,464.4930114746094,472.10765100698006,461.95161274976107,469.74710229482906,3669000
2024-03-14,465.44488525390625,466.0921227037068,461.81841515886055,465.1783740070738,3378500
2024-03-15,467.1771545410156,467.55788068828923,463.9694924527324,463.9694924527324,5713500
2024-03-18,463.5887451171875,468.39550358157817,462.95103534539027,468.39550358157817,2970500
2024-03-19,469.5567626953125,469.6709776428704,464.29314418002065,466.0825891518818,2511700
2024-03-20,470.42291259765625,470.77508502103234,465.8636391399945,468.74768264046827,3548200
2024-03-21,468.0052795410156,472.29804199421517,467.6150257682207,468.5668557367317,3693400
2024-03-22,466.4632568359375,471.9457769640747,466.177690455305,471.34614856458364,2847300
2024-03-25,462.4751281738281,467.805381558349,460.75231833499384,466.9677665775257,2786100
2024-03-26,468.5953674316406,469.57575104934546,461.85642464011823,464.61672549163785,3113300
2024-03-27,469.3473205566406,471.85063779354977,467.6435369347921,469.9184242952676,2653100
2024-03-28,470.8702697753906,471.983894507438,465.7303650050241,471.15580713039157,3820000
2024-04-01,466.11114501953125,471.89825842010026,465.1593150554706,470.65136349098435,2928700
2024-04-02,436.0714111328125,441.3445284305504,427.9427747810455,437.46107480265437,11867000
2024-04-03,437.59423828125,440.5544441676368,433.6060689557819,439.7453829997956,4460400
2024-04-04,433.4443054199219,439.47890351289044,430.1509820923174,438.6222624106,5182000
2024-04-05,433.78692626953125,435.7001135620351,428.3329598229062,428.98019714908696,5747400
2024-04-08,434.0344543457031,435.1766618972097,431.740540695583,434.0059006092927,4532300
2024-04-09,437.57525634765625,437.61333767814824,430.66496176433503,432.39729920741985,3521200
2024-04-10,428.3710632324219,436.64246793475905,428.1140795995262,433.54902055498525,4493500
2024-04-11,420.44232177734375,429.0563711054638,420.2138918872195,428.69470012861535,5844100
2024-04-12,418.0437316894531,420.93727386496124,415.3595642203222,419.1288027433823,6045700
2024-04-15,424.1639709472656,426.75294948576925,420.6992961034039,420.7088236977966,5376800
2024-04-16,446.3034973144531,456.64035519533616,443.17196907985425,453.8038918805204,11816500
2024-04-17,455.9170227050781,464.4930199297329,451.72897669554857,455.54582412584136,8759800
2024-04-18,469.4234619140625,477.81860858207426,462.56077648586717,462.71307275518416,8880400
2024-04-19,476.9905090332031,482.8632830845789,471.6888096677479,473.0594470090423,6618600
2024-04-22,467.5673828125,475.3628715267734,467.0058066925423,473.80185664617926,4697700
2024-04-23,462.76068115234375,470.49906334416534,461.6089750386085,467.3485085128214,3646700
2024-04-24,463.8266906738281,465.31154296848734,457.5541352264123,460.47625994056637,3724400
2024-04-25,470.0706787109375,473.1831809302831,464.04560850376566,465.40671822634755,4329700
2024-04-26,471.4889831542969,473.2784281519762,467.72924314018036,468.30034693375507,2727000
2024-04-29,465.47332763671875,473.3925585731296,464.2740127891138,471.83154375259363,2192100
2024-04-30,460.400146484375,466.12062458307,459.34360016257426,465.40675213909856,3367500
2024-05-01,460.79034423828125,465.6256562425679,454.08948287039624,456.17399260866455,2729200
2024-05-02,469.2235412597656,469.9088598829133,460.6285192618731,460.95213791064555,3561400
2024-05-03,468.7286376953125,469.0522563699606,462.3799195921703,467.21520261888185,2487600
2024-05-06,470.565673828125,471.0320611871011,468.30031400302374,468.7572028152643,2029500
2024-05-07,476.8287048339844,477.4854697974147,471.19388801859355,472.1076366012838,3752100
2024-05-08,478.9703369140625,482.57778052705453,475.99110454840866,479.8841145724878,3078900
2024-05-09,482.6063232421875,483.5010456909143,477.9518900374691,477.9518900374691,2342900
2024-05-10,488.1078796386719,488.8408072385006,482.5777503460833,484.4814101107621,2784600
2024-05-13,487.08941650390625,489.87827109811803,482.8728170808778,487.38448144472494,2454500
2024-05-14,489.1263427734375,491.3060122816948,482.863285904206,489.7926353076256,2949700
2024-05-15,492.6195983886719,497.4168587063074,490.03064870843656,490.03064870843656,2981200
2024-05-16,496.1603698730469,502.7184334583032,494.4851400236917,494.95152736002905,3655800
2024-05-17,499.3585205078125,500.51972508952804,494.9610710577236,497.74992566775234,2657200
2024-05-20,492.3149719238281,499.35853658406523,491.6582069539004,499.35853658406523,2476200
2024-05-21,498.33050537109375,499.4441300267861,491.06803898223114,493.35245385578406,2521900
2024-05-22,496.2365417480469,500.9291147195872,495.57030723152394,497.6357620419477,2299100
2024-05-23,491.93426513671875,495.17045195054163,490.411302434549,493.35248239727065,3055400
2024-05-24,483.69140625,492.2293214946253,483.07269358568135,491.2489088257951,2527800
2024-05-28,479.41766357421875,482.2445994595967,477.7234075617812,482.2445994595967,2912800
2024-05-29,461.3709716796875,470.10876283782284,450.472508145279,468.62391057752046,7521600
2024-05-30,458.4488830566406,462.6179028256715,454.9747095982964,459.0866218949469,5169700
2024-05-31,471.5079650878906,474.4015360691666,459.1722579219878,459.1722579219878,6694800
2024-06-03,473.47821044921875,474.65847008709443,469.3187189374731,470.3276561855036,2795100
2024-06-04,481.1404724121094,483.786558292773,470.76553262307027,474.5442983745347,3178400
2024-06-05,478.8846740722656,484.5766275623456,474.7727617660047,484.1959013964054,2464400
2024-06-06,477.7424621582031,480.38854804058906,473.3259576090897,479.38910924641533,2419600
2024-06-07,467.0533752441406,478.6371278508197,466.7963916506562,477.85664947698297,3416300
2024-06-10,471.15576171875,471.5269892920147,462.7701433137812,467.3484424321338,3332800
2024-06-11,472.3170471191406,473.80189948014083,466.6727026284448,467.21522361022033,4599700
2024-06-12,469.31878662109375,475.91496100927174,463.9409533711978,475.91496100927174,4048200
2024-06-13,473.3450012207031,477.8186134034581,461.04737508658513,466.6631657294278,4951700
2024-06-14,473.1737365722656,473.8685829464459,468.0433878510022,472.89769773217387,3188400
2024-06-17,467.6392822265625,471.3575933398982,467.13267338580135,469.64658156153433,2407200
2024-06-18,459.8201904296875,469.96196288829094,457.89891600073065,469.05387681608914,3692700
2024-06-20,463.1370849609375,464.475323301368,457.0099684787019,458.85481561803067,5258100
2024-06-21,461.2922668457031,466.75026415598796,459.38053112657843,463.0606282200479,6368600
2024-06-24,468.3561096191406,469.2259528073694,463.11794363547074,467.28551319232605,5139800
2024-06-25,463.1179504394531,468.9869927503976,459.39007184282525,468.9869927503976,2916100
2024-06-26,462.6782531738281,465.92819782521343,460.22166595289156,463.1179441893502,3153100
2024-06-27,464.9723815917969,467.4002942150768,460.77610752703646,463.64371121459175,2991900
2024-06-28,486.7852783203125,486.9190846526262,467.8112953637344,474.4641275370803,22734200
2024-07-01,472.8200378417969,486.4507230539717,471.1377302203872,484.3860449465043,4523100
2024-07-02,476.2515869140625,476.4714470204239,471.6156511911779,472.4472515510228,3312000
2024-07-03,468.2701110839844,476.09864187226333,465.0488119532396,475.18101691182864,2239200
2024-07-05,466.47314453125,468.0598888862878,463.1180385704259,467.41944450142057,3499000
2024-07-08,467.7443542480469,472.0840023066919,464.714269602637,467.60097990959656,3450600
2024-07-09,470.3920593261719,473.5368723572281,464.637746035335,466.77888043736385,3056800
2024-07-10,478.8228759765625,479.3677276530457,468.48994683279767,469.2737654722186,3189800
2024-07-11,482.10150146484375,486.27866853033134,475.73544716643227,475.73544716643227,3535100
2024-07-12,488.955078125,491.8609245448192,481.212542737811,484.548541356663,3570600
2024-07-15,492.6256408691406,507.40337978348896,491.12492124714043,501.1041845765931,5128000
2024-07-16,524.6470947265625,525.6507441334895,503.86654046541463,510.3377834007367,11062000
2024-07-17,547.9798583984375,548.2952527308497,526.9698468589199,529.5507012952722,10330800
2024-07-18,539.4344482421875,555.8371136647514,536.6432723207142,539.5873614165987,6834800
2024-07-19,540.3807983398438,544.749121499107,536.7580217802763,542.0917808212022,4290400
2024-07-22,533.880859375,539.3483950747878,532.494839425153,538.2013420700338,3377300
2024-07-23,530.2198486328125,534.1771550902223,528.413244596838,534.1293150298496,2785600
2024-07-24,535.0470581054688,536.3661604774562,528.614085794773,535.2860250809513,3156200
2024-07-25,534.9801025390625,544.7395341309327,533.9286712578729,537.1977229157853,3102900
2024-07-26,544.5769653320312,553.5717138414094,535.2859584851213,535.2859584851213,3201900
2024-07-29,541.7380981445312,546.1350668704899,536.968326959123,540.7440165942087,2965000
2024-07-30,550.8953247070312,553.8584916536744,541.0116256403298,541.8814980399055,4139100
2024-07-31,550.7327880859375,555.2636506467152,537.5036098741377,540.4859128625338,4713200
2024-08-01,547.4923706054688,561.5722833991031,542.0725586474391,551.7268575882429,3680800
2024-08-02,563.7994995117188,565.4339960493886,549.8629311785508,556.630491282533,5094000
2024-08-05,544.8064575195312,560.922375371848,541.7476687495786,556.4297848354996,4587400
2024-08-06,543.2675170898438,552.0328680527583,537.7044170531179,543.1337399186269,3216500
2024-08-07,541.09765625,546.4218468545798,532.4470643972068,541.6042358423642,4320700
2024-08-08,541.2506713867188,547.1866324986057,539.4632029455571,539.4632029455571,2860800
2024-08-09,534.1006469726562,540.9542020663782,533.0205118011261,539.6255319574644,2976700
2024-08-12,540.342529296875,543.8888201111004,536.2896588472145,537.5036297160539,2532400
2024-08-13,548.8975219726562,550.3217556751507,543.8887839820551,544.8350837794687,2369400
2024-08-14,554.0878295898438,555.4738494638403,547.9703111351711,549.8533425555152,2344400
2024-08-15,554.0305786132812,557.5960055467169,548.1998077694112,554.0879283535259,2751800
2024-08-16,552.1857299804688,555.9805556646583,548.7637067579899,555.2827324652027,2728900
2024-08-19,553.2372436523438,557.557726829415,551.6026885625861,552.5681244631219,1847900
2024-08-20,555.0247802734375,558.0452974980484,550.1020367125425,554.2600391964244,1677500
2024-08-21,552.5584716796875,557.6436950594681,551.9467023238785,555.8466590402397,2844300
2024-08-22,553.1798095703125,557.223170214602,545.4373033860018,553.6864475305608,2282000
2024-08-23,558.7142944335938,559.3834135586934,552.9217379270308,555.3591891370351,2376400
2024-08-26,561.2186889648438,565.9598144491163,559.8900186666979,562.0980710410689,1800000
2024-08-27,561.4288940429688,566.1987230749285,558.016497549955,563.4553289854946,1581900
2024-08-28,562.5664672851562,566.6767458876399,558.1025805720491,563.0157555313058,1657000
2024-08-29,565.4627685546875,566.4568501465482,558.5805081530305,564.6120321398445,1953200
2024-08-30,564.1531982421875,567.0781514336293,560.7025294187903,563.9620130101468,2944700
2024-09-03,572.2589111328125,574.1515106533793,565.7016722143604,566.3707913235276,3175500
2024-09-04,577.5161743164062,581.1102464167072,571.4942191167282,573.5206540938702,2935000
2024-09-05,569.2096557617188,579.2558347720311,563.6464986644091,577.5257165430896,2144800
2024-09-06,570.5383911132812,574.1037594253634,566.1222864363808,569.5729552769752,2926400
2024-09-09,567.881103515625,573.0236775525248,549.8821527280232,571.9148964442353,3411400
2024-09-10,572.593505859375,578.1088232931594,565.0612630645777,568.9420839285741,2863500
2024-09-11,563.7229614257812,565.3001664264089,553.4186798836175,563.1398961459014,3563600
2024-09-12,562.4517822265625,564.449571839257,557.4717477278444,562.556972036792,3395800
2024-09-13,568.0913696289062,571.3030715012628,561.3142411166707,564.994367227595,2241900
2024-09-16,565.1368408203125,574.3936383258106,563.8130611068353,570.7580743581694,2548600
2024-09-17,554.4122924804688,562.8153360700483,552.9062517047412,562.1343009534886,3416000
2024-09-18,556.9927368164062,560.7050576312785,548.9925057167219,553.3571144254605,2988300
2024-09-19,553.55859375,561.0024394512586,551.1700525416585,559.9376193964466,2945700
2024-09-20,551.5730590820312,555.2566336205148,546.4410549082056,548.4075210613336,5398700
2024-09-23,550.0476684570312,555.8224157797382,548.6951415093687,553.0021971510226,2386100
2024-09-24,551.7552490234375,553.7888699640787,542.9396714507021,547.5632990001743,3188500
2024-09-25,552.82958984375,557.4340133208425,549.7312074014762,554.3260289375156,2658800
2024-09-26,551.3906860351562,553.1077355239908,547.6495591473891,551.572947264015,2751900
2024-09-27,558.143798828125,562.8058334875446,553.0981549521266,554.1437125512816,2986200
2024-09-30,560.858642578125,562.5277411845004,555.1606509452126,559.7267258053926,3009700
2024-10-01,559.5347900390625,564.7148030511676,557.1078994343112,561.1655392131267,2648400
2024-10-02,568.1776733398438,579.8902257270182,560.4460620571664,579.6408094681548,3667000
2024-10-03,568.5997924804688,569.0602172715711,560.5612112280816,566.5469677061005,2645800
2024-10-04,567.1129150390625,571.8420463985938,564.4653555813477,568.0050172826981,2462600
2024-10-07,559.7842407226562,568.3024510381938,559.5636302582329,564.8011381418451,2591100
2024-10-08,557.8849487304688,565.2040875553563,555.9472299995793,564.1009180990046,2231400
2024-10-09,567.1319580078125,568.6476006285839,556.9542541665338,558.4410909708947,2207700
2024-10-10,573.3480834960938,574.5471550867463,568.6093502278983,570.9307364338447,2143200
2024-10-11,573.6837768554688,577.0124299012986,571.9091743926418,572.1873379129615,1909700
2024-10-14,580.734375,583.8327572483278,573.0411129548323,574.7006092973608,2447100
2024-10-15,533.6251831054688,546.4888553397986,520.8766756032171,529.529194548546,11939400
2024-10-16,548.0621337890625,552.7049066918223,532.5029487385505,534.3159592269217,5103900
2024-10-17,542.9684448242188,546.268233773505,535.9562176617255,537.7404807601907,5588700
2024-10-18,546.4025268554688,547.6879573758456,540.1001994810699,543.7549673869448,3687000
2024-10-21,548.186767578125,555.6786236590943,545.5296645418431,546.4313687892877,3018000
2024-10-22,546.642333984375,549.6927650780232,542.450384397169,544.7142175033857,2593800
2024-10-23,541.6350708007812,550.7480154010877,537.1841027549053,548.8198988073808,2911900
2024-10-24,537.9611206054688,548.4074473635279,537.4814919228959,541.9708093659673,2590200
2024-10-25,541.5582885742188,548.2155364506569,540.6469824469881,543.093076805457,2513700
2024-10-28,542.2105712890625,545.1747020221119,539.8795831429172,543.179430501943,1826500
2024-10-29,539.227294921875,544.551161071087,537.8171562870446,539.8891847814041,2600300
2024-10-30,540.0235595703125,547.0740779441832,538.0954428550253,538.3832083613911,2323600
2024-10-31,541.500732421875,545.2898103725973,538.0282257658597,538.0282257658597,2490000
2024-11-01,544.43603515625,547.0931964385574,540.9251794297041,542.0954451557476,2548300
2024-11-04,535.044921875,545.4240920898832,532.7906322640359,543.6494310920925,2656600
2024-11-05,543.927734375,545.5680270059872,531.8123091133573,535.5342323911934,2608100
2024-11-06,572.3792114257812,580.8302654649281,566.7771233187883,579.2954772827356,6591300
2024-11-07,580.7822875976562,582.8830632225965,571.861207283624,574.2976995115969,5254300
2024-11-08,590.7201538085938,594.5475805380868,580.5424493159258,584.1876148417091,3875800
2024-11-11,599.775634765625,605.0323461037261,588.9072330191773,591.7658596239486,3003200
2024-11-12,589.626708984375,599.0370214063887,588.77301442512,594.3366954402991,2809400
2024-11-13,581.1852416992188,588.0343531796206,578.4897309074198,588.0247512384434,3409400
2024-11-14,568.9834594726562,581.3098916771368,564.9929165380566,578.8925446792239,3079200
2024-11-15,568.1010131835938,574.5280497212311,565.9139366723984,567.8036457200585,3423900
2024-11-18,565.6260986328125,569.9331546050269,561.4724980695369,565.4246335194365,2577100
2024-11-19,553.4913940429688,562.930510475644,553.270783626589,558.9783170210582,3198300
2024-11-20,576.0339965820312,578.086821212645,557.856059418177,558.968830649979,3928600
2024-11-21,573.1466064453125,579.3913805270175,572.4175615656445,575.5543515169048,2722900
2024-11-22,566.79638671875,576.7630846545985,564.686008835312,574.1730780953073,3197900
2024-11-25,581.14697265625,584.993604499963,570.7677997476623,573.233098485002,5146200
2024-11-26,582.0677490234375,583.6792943530866,574.4800491111201,583.4586838970605,2693600
2024-11-27,583.5929565429688,592.2934272154505,581.9814113166943,586.1350117885413,2269800
2024-11-29,585.3388061523438,590.6914781882969,581.9046486835576,583.9958225359595,2010800
2024-12-02,583.7272338867188,588.9839448216208,576.2929902835142,588.9839448216208,3364900
2024-12-03,580.5712890625,590.6626948046447,580.1780193225952,585.9623105171601,2329900
2024-12-04,585.9047241210938,597.4542190687752,582.2403543410501,586.1253931050838,4147600
2024-12-05,555.3811645507812,584.178087104217,550.5081796771568,580.9645986051931,5943700
2024-12-06,527.2269287109375,558.3931852469021,521.9702180788598,558.3931852469021,13003600
2024-12-09,539.8414916992188,542.1140078842855,524.4537842169498,531.5409832210477,7684700
2024-12-10,544.2421875,546.7073030633776,536.3846500082936,541.1704171230616,5360600
2024-12-11,513.7555541992188,537.4148529813656,512.9273841173434,535.0652855011919,10363000
2024-12-12,496.64410400390625,514.2080551351847,495.13228675159445,511.82963035710463,9403800
2024-12-13,501.1891784667969,507.97792791521283,491.7909380642051,496.52859864755936,8202900
2024-12-16,480.0238342285156,502.3639722701756,477.69351502196486,498.80109554738436,8880000
2024-12-17,467.52490234375,477.23131837643746,458.18443625643096,468.9500588924153,14132700
2024-12-18,481.1986083984375,487.7658421006399,467.9871190073787,470.32704754965835,10147600
2024-12-19,471.1167297363281,484.98301084564815,468.21828117780865,481.603123375475,7418100
2024-12-20,481.5934753417969,484.01045555567634,470.61600423252077,471.15524636515244,10956900
2024-12-23,487.5732727050781,489.92284015850703,480.5534572648544,482.2000998679191,4286000
2024-12-24,487.3421936035156,487.3421936035156,482.0364038118292,485.70518971468755,1824400
2024-12-26,492.2049865722656,493.23530629452677,486.0229506927395,486.90883581715934,3387000
2024-12-27,491.08795166015625,494.159721292382,488.9791184797507,490.5391002163498,3471800
2024-12-30,488.9791259765625,490.8376156908004,482.1037748861297,488.0739633470548,5408600
2024-12-31,487.11102294921875,492.0605304530279,484.6844336521479,490.47169117328554,4214000
2025-01-02,485.81109619140625,493.12938997936783,484.6363125024563,489.17173512550124,4234900
2025-01-03,493.9864196777344,497.15445957353546,486.6488483212017,487.58289789254314,3019500
2025-01-06,494.631591796875,501.0158657040778,490.9243096589105,493.98644077705137,4444800
2025-01-07,495.1900634765625,500.2454797784623,492.27236724349706,499.61954758427476,3914500
2025-01-08,505.07952880859375,505.22393403610863,490.6258409081597,495.4308851819511,4141700
2025-01-10,501.3913879394531,515.6043394992814,499.25363843531943,507.1208716336898,5467500
2025-01-13,521.0834350585938,527.1114265282164,513.3799436005152,515.2094875580235,6472500
2025-01-14,523.587158203125,524.3671345290759,516.663641424183,519.6487802661219,3978300
2025-01-15,523.2789306640625,526.0425536870702,514.5258708874359,517.1931649977068,4103900
2025-01-16,491.665771484375,519.8316950698609,491.09764244400503,510.69337780488144,9059900
2025-01-17,490.86651611328125,502.4795278688393,484.1644569632109,486.8799449264382,7495700
2025-01-21,505.53204345703125,505.5416822260841,493.8131222511968,494.9975153850579,5682100
2025-01-22,500.4573059082031,505.0023965352685,496.87521050858874,502.3254049808018,3756100
2025-01-23,510.13482666015625,511.78141026112905,500.0721296986572,508.3052240224391,4580800
2025-01-24,512.7733764648438,514.8147973478195,505.06988369195807,508.5364319305624,3671200
2025-01-27,523.375244140625,531.4542363817326,519.9664114536503,519.9664114536503,4263000
2025-01-28,522.373779296875,526.2448028756102,517.9057985565764,522.8841638583613,3162700
2025-01-29,518.1561279296875,523.3367312093762,514.217750399545,521.651592266767,2737600
2025-01-30,525.349365234375,526.832266545442,515.1711175965773,519.4754162933116,2924700
2025-01-31,522.3834228515625,528.8061929776316,521.3434349544825,523.1056252408995,4120500
2025-02-03,527.862548828125,533.3801564303395,521.0160840903538,521.9116080255365,4083600
2025-02-04,525.2337036132812,528.4691560118371,521.4397316117559,524.992969498395,2869900
2025-02-05,519.8027954101562,520.659823076013,502.5662070356889,511.059314765079,4621600
2025-02-06,510.3948974609375,519.1191007599502,505.80172981617335,517.9539850814585,3926800
2025-02-07,507.4964599609375,512.6577855783592,505.9172299700459,509.58601574308005,3349100
2025-02-10,513.6013793945312,514.3620779869708,503.98165422910347,508.11263019810576,3143100
2025-02-11,514.1310424804688,527.2462329815083,508.69048648902475,515.171030362682,2631900
2025-02-12,507.85272216796875,522.2485755002663,506.0327581184549,519.8412343045003,3859200
2025-02-13,511.4925537109375,514.5258269027312,507.56375671322706,511.2229620788748,2835100
2025-02-14,504.10693359375,513.4377913159169,503.5291363874675,509.39344596387537,3705300
2025-02-18,482.17120361328125,496.8752333705166,478.5794398936952,492.0027770376086,8759300
2025-02-19,492.0990905761719,492.8886761939209,479.686824647971,482.74895574852115,4380300
2025-02-20,483.7986145019531,489.5858434253264,481.6993904019142,486.46593827724865,4144300
2025-02-21,449.13287353515625,452.29130420821235,422.2476724311488,423.2587440426931,19864900
2025-02-24,444.4144592285156,450.6542985569018,440.06199666774387,449.383215277445,6919300
2025-02-25,452.94610595703125,453.31202655341684,433.38886668098314,443.6922702902772,9101000
2025-02-26,446.40771484375,455.51708562668824,441.217502548601,447.4284251515861,5108400
2025-02-27,451.19354248046875,457.7800248825658,447.7847389033032,448.89213943263456,4216800
2025-02-28,457.3563232421875,458.7044284985819,447.26476727732944,449.69135673883926,6146300
2025-03-03,449.7395324707031,459.58074581184655,447.9677326326148,456.78823551688663,5700200
2025-03-04,457.0192565917969,461.4487701600569,449.1713303644548,452.33939952816417,5864100
2025-03-05,458.3385314941406,461.32361117171365,453.55273585473805,453.61050969453044,3637100
2025-03-06,469.6434020996094,470.0285708314511,454.5060387849559,458.35778487635383,4964000
2025-03-07,475.18994140625,481.3912551670068,465.454637561073,465.89758014784377,5434100
2025-03-10,464.3975830078125,481.44670973136033,461.9702737214037,476.0602245118199,5108900
2025-03-11,470.02587890625,470.73180785320193,461.4191235365042,466.60250717056965,4101000
2025-03-12,465.25830078125,471.5344873477838,463.04377329633445,467.2214443657883,3680800
2025-03-13,465.6547546386719,468.1110743818843,459.34958776361196,463.6529799169653,2876600
2025-03-14,472.5498046875,473.32346375046404,462.4827930047616,465.15186512585524,3915900
2025-03-17,482.5781555175781,484.1157642645455,469.93881152562165,471.4474099004604,5152300
2025-03-18,487.2006530761719,489.29916832982985,481.4177025792477,485.692054728098,3617600
2025-03-19,486.6204833984375,489.66669070253965,483.58392654423744,488.39985519031916,3317600
2025-03-20,494.45355224609375,497.44176815006324,486.92024029714304,488.60290091282957,4965400
2025-03-21,499.8206481933594,501.8998329607573,488.44814025459885,494.82100742453974,10244900
2025-03-24,499.4822692871094,501.1746099865333,494.27952572923346,498.10907221777006,3840900
2025-03-25,496.513427734375,501.89991365943825,494.67603510894344,501.203664654167,3015100
2025-03-26,501.126220703125,505.7197164427369,495.9524585082278,498.2250654991596,3253800
2025-03-27,498.7279357910156,503.91137839950665,496.04924238866363,499.27916241077554,2822200
2025-03-28,499.0373840332031,503.8146222326559,498.0800122057926,499.84005354497594,2379100
2025-03-31,506.4933776855469,510.71938930821733,501.5034163934412,502.07394389902424,5238700
2025-04-01,505.8841247558594,510.76772446246486,503.7856389103821,508.4177957091673,2962500
2025-04-02,505.9614562988281,507.70213753698187,499.77230186966926,505.71969337619146,2378900
2025-04-03,522.6334838867188,530.4279191341781,511.850832568129,512.5277806416825,6457900
2025-04-04,507.7505187988281,533.5611328383234,507.54747570308166,522.8268818270913,9919000
2025-04-07,507.41204833984375,511.7637810717049,486.99757122254414,496.4843757291118,7356700
2025-04-08,534.8569946289062,565.73494970483,529.4221685543281,562.9884967836524,11762300
2025-04-09,559.4395141601562,569.9804032915944,536.1916081479902,541.6844557590055,12691900
2025-04-10,574.8155517578125,582.0490795567398,560.8899837246436,561.1220666878378,8646000
2025-04-11,579.718505859375,586.3815068311443,567.2049124109151,569.5161213212456,6121500
2025-04-14,567.7173461914062,576.0049860155808,560.2033358918093,575.3957387467406,4839300
2025-04-15,564.36181640625,573.3263469398769,562.8338579529812,572.726779513435,3871300
2025-04-16,565.763916015625,575.2120301909794,563.7524909389863,566.0347188283376,4192100
2025-04-17,439.1478576660156,473.65228666399736,432.36884494142254,466.07060445714467,29120200
2025-04-21,411.316162109375,438.55802648635705,410.81330575737826,434.9412619080423,13029900
2025-04-22,413.1051330566406,417.28280343230244,403.3765954349208,410.64884301745997,10156900
2025-04-23,413.8594665527344,424.39067447670425,409.78818687103757,412.99880582511463,8345700
2025-04-24,410.271728515625,415.7355653147137,409.6914915298636,413.48234759303637,7629100
2025-04-25,404.8465576171875,409.60443568669035,398.44465026052194,409.60443568669035,9263800
2025-04-28,406.1617736816406,410.14602254915627,401.85838117946736,405.92001072111583,6614300
2025-04-29,395.74658203125,407.8540588198841,395.62086058697855,407.31251222308106,9909100
2025-04-30,397.8837890625,399.64383039534243,387.78776605900015,395.5531907175539,9192800
2025-05-01,387.47833251953125,398.4156867046951,386.6853429107409,397.7677784846957,9316800
2025-05-02,386.7433776855469,388.7548324902311,380.15772762583055,386.7820385097342,11392900
2025-05-05,391.47222900390625,396.20112637756483,384.49011396641765,385.96970201048,8157200
2025-05-06,381.5116271972656,391.3852181259499,380.457544243186,389.5284656255743,7858600
2025-05-07,378.17523193359375,382.4882742122106,372.99184903546416,382.3238919514976,8517200
2025-05-08,372.8468017578125,378.0398946035448,372.6727395204123,377.15019398114663,7218300
2025-05-09,368.0986022949219,373.8138523221996,366.06778766228564,372.96287154920515,8381100
2025-05-12,366.2708435058594,374.45209289544044,364.4237711562354,368.4467099029239,11004800
2025-05-13,301.1205749511719,330.731694451795,298.91569816864296,324.6779411270291,59478300
2025-05-14,297.86163330078125,312.299709540449,296.9912630742187,310.8588118074472,40029600
2025-05-15,265.3106689453125,267.53487629484084,240.6798582598081,265.8425356339148,121849200
2025-05-16,282.2921142578125,284.7870950913048,260.2723538533802,270.08792440867734,71094300
2025-05-19,305.48199462890625,305.8688094304866,287.4561356569032,294.7283542676769,62524700
2025-05-20,310.9844665527344,313.9436718473426,302.281001424796,310.3462384139784,41487000
2025-05-21,292.997314453125,299.74731596517626,290.1831906590465,291.0825415950304,45506900
2025-05-22,286.895263671875,295.59872966499546,282.8626447764148,284.20686091226094,27159600
2025-05-23,285.8315124511719,289.8254411747657,282.0310058956864,286.3440487333716,16873600
2025-05-27,285.2802429199219,290.067160495781,279.6036543335829,289.63197543903937,20144600
2025-05-28,288.28778076171875,293.7709771264531,283.6169338312301,284.3132122662428,16114200
2025-05-29,288.3458557128906,293.3841874589347,285.28028844160985,287.0209699221844,16221100
2025-05-30,291.9626159667969,295.56972984823045,286.0926043877836,288.1524294683198,16309300
2025-06-02,294.6800231933594,303.21907753009026,291.05357897391764,293.13273442398184,19074400
2025-06-03,291.2953186035156,295.6470513184869,290.1251942924269,293.1133805485914,12805700
2025-06-04,290.4830322265625,297.5038379274478,290.3089699807752,293.53891953828514,11255600
2025-06-05,286.09259033203125,292.4558074661755,284.4195801558947,290.4830136041529,13529000
2025-06-06,293.2294616699219,294.36092531407445,287.35944988690096,287.43683056127867,12589000
2025-06-09,293.2004699707031,297.27175023476826,291.2180253666836,294.9895219006205,12170300
2025-06-10,293.7806701660156,295.066836055353,290.6860926477361,293.7903206156568,11384100
2025-06-11,300.3276062011719,301.3139884179278,292.2720776508007,292.7072332558053,14711400
2025-06-12,308.0060119628906,308.29611571092784,298.3451734962091,301.13993797590155,15957200
2025-06-13,303.1997375488281,306.9615830661931,301.63311841740847,305.49164550124414,13762400
2025-06-16,299.63519287109375,305.09885087932014,296.84005690853286,304.8359040899367,14240100
2025-06-17,300.81365966796875,301.86550639453924,297.5510326344616,299.4307145369339,11593900
2025-06-18,299.187255859375,303.65753044976987,298.24255536500516,299.52810296553935,12205600
2025-06-20,294.132568359375,301.51484327258163,293.7235103008663,301.427194343239,16177900
2025-06-23,292.8372802734375,294.5805995721258,287.81186629372377,294.02545989331065,12274700
2025-06-24,297.6484069824219,297.843202204433,291.52246282558116,293.58719112553393,8781400
2025-06-25,294.142333984375,296.44079303093093,291.98023755281656,296.44079303093093,8722100
2025-06-26,294.7266845703125,298.7100005442105,293.431388359581,294.6780006210415,6532700
2025-06-27,301.04736328125,302.35243775532797,294.3176253430224,295.0480628350502,15304400
2025-06-30,303.8327941894531,304.2321036031761,298.3496384111671,300.94026040062283,10074100
2025-07-01,317.6332092285156,318.0324889235734,302.9659962707237,303.83279640669696,17865500
2025-07-02,299.5378112792969,314.01022857787615,298.4372806770748,312.37402596950074,18177200
2025-07-03,300.5019836425781,304.10548729418315,300.1903528893154,301.75834449819746,6161100
2025-07-07,295.7882385253906,300.5604245061098,293.34372777038345,299.9663495736371,9031200
2025-07-08,299.6741638183594,300.2584900286108,295.8758651222612,296.2946718683778,9613800
2025-07-09,295.0091247558594,295.6811296875477,290.9576275306009,295.2818202555604,12816700
2025-07-10,291.69781494140625,296.97642707577035,288.86371363583373,295.1552075109834,11355600
2025-07-11,296.1680908203125,296.1875584556225,290.22719267690536,292.194493820114,9808200
2025-07-14,292.7398681640625,296.10964134048334,291.20109285789346,293.7722472083478,10681400
2025-07-15,284.1012268066406,292.8372606275845,283.43897059647327,291.8925602577717,16019000
2025-07-16,284.86090087890625,288.2696095060878,283.16629524372746,284.91933350621724,9714000
2025-07-17,280.55621337890625,285.3576159613911,276.42678602940396,284.7050786426184,14792700
2025-07-18,275.2775573730469,280.5561991191431,273.48555415915195,280.3809012411879,14979700
2025-07-21,274.7808837890625,279.0271465168168,273.8653996740732,277.215675643485,10319200
2025-07-22,277.69287109375,279.62120712174084,274.6445070929045,275.25807936420296,14600300
2025-07-23,284.88037109375,285.0069850147208,277.5175635382558,280.00103912709983,13111100
2025-07-24,271.3136901855469,281.66642904138746,270.9630944541488,275.71581251250757,22585200
2025-07-25,273.7290344238281,278.6765480683822,272.63825243902,273.670601797612,16486600
2025-07-28,274.7613830566406,277.5662679939268,272.3947725363979,276.1053928992219,15779400
2025-07-29,254.2604522705078,265.7916229883092,253.75399654026026,258.7696915645359,41706000
2025-07-30,259.1007995605469,259.67540683003745,251.38736644618226,257.89312267743446,22371800
2025-07-31,243.0506591796875,254.5818298110454,241.28787225857226,254.5818298110454,29606900
2025-08-01,231.56817626953125,244.9303144871565,228.48086213583068,244.07326304181245,39989200
2025-08-04,234.69444274902344,235.93132112191168,230.7695596277883,232.0259204957428,17427900
2025-08-05,244.45309448242188,245.49519249646224,233.78870946819526,234.8697576119316,23795900
2025-08-06,239.36924743652344,246.5567575010141,238.91150539464564,244.10248323446783,12946400
2025-08-07,238.28819274902344,242.26177459400063,233.25304528749007,239.99254694214704,11369900
2025-08-08,244.34597778320312,244.5310243471935,237.99603628302046,238.4050795430458,10185700
2025-08-11,245.78733825683594,251.66005442092327,245.56334159013227,247.24821322025645,11779500
2025-08-12,254.74742126464844,256.0232498786726,247.05346972616604,247.39434654614095,12171800
2025-08-13,264.7203063964844,265.09039951268255,256.032985730441,257.49386083864647,19480300
2025-08-14,264.4086608886719,266.70711997770417,260.03578399457564,265.0027655882266,25011100
2025-08-15,296.0804138183594,302.2063282205861,287.022971032091,293.84038766362346,68198500
2025-08-18,300.44354248046875,308.14722686734973,299.40147423729877,305.01121401712896,39600500
2025-08-19,296.3044128417969,302.40114100878935,291.4056129379895,300.8428683153138,22348600
2025-08-20,292.0191955566406,299.18723831157894,287.98719565577204,298.4080870764875,16679000
2025-08-21,295.4376525878906,298.5736657173911,290.0323967827259,294.4053032087613,13359000
2025-08-22,299.4015197753906,302.5764683755764,296.63556987105835,298.1159424488558,14930000
2025-08-25,296.90826416015625,300.81368007561,294.8338463228724,300.4435869326935,8917100
2025-08-26,292.59381103515625,300.9013199783567,286.5263285185443,296.37261289640145,16303200
2025-08-27,295.9538269042969,297.9893093462997,292.66198353207716,292.70094852414064,9982800
2025-08-28,294.4052734375,296.52840460843896,291.5906400432071,296.3141417558576,11235000
2025-08-29,301.7875671386719,301.91418106683005,293.0612817111696,294.41501048718345,12065400
2025-09-02,300.7454833984375,304.7288290991673,299.2846082594135,300.2682736972622,10957100
2025-09-03,299.8494873046875,301.51487658937236,295.7785225103111,300.07346913056483,9654600
2025-09-04,302.2843017578125,303.7743932759974,296.16810543016436,298.1159390341489,7725700
2025-09-05,307.16363525390625,309.6471112168801,300.16117105145327,302.3427351827427,14126700
2025-09-08,311.8968505859375,313.26032814145043,305.61507543023447,311.3709271996748,18438600
2025-09-09,338.8451232910156,342.5362463146478,318.6266023750954,323.8273141699113,46408900
2025-09-10,337.73486328125,339.4781826575679,332.4951861950708,336.5466836084674,17804300
2025-09-11,344.3866882324219,351.5644796571226,336.81936577301684,339.89694627435426,18943500
2025-09-12,343.3153991699219,352.8597713233265,343.2666855000246,346.6169614598537,14016200
2025-09-15,340.9534606933594,344.6972712574788,335.7003177947291,344.2562617205344,11035900
2025-09-16,333.005126953125,342.0805014268064,331.5742462609258,340.57119910514825,12695800
2025-09-17,334.79864501953125,336.1609442520178,330.9568224057415,330.9568224057415,8467700
2025-09-18,328.1440734863281,338.05247711686843,327.45801873428053,336.68039752186525,11255600
2025-09-19,329.97674560546875,334.16159537316497,327.18356573028825,329.7905316198508,13656800
2025-09-22,334.4948425292969,335.6513373618812,325.96832887765663,327.7912281730855,8903700
2025-09-23,340.7574462890625,345.66756197150966,333.1815632179596,334.20083513661683,12504100
2025-09-24,344.7952880859375,347.4316547985749,340.904444380264,343.2174040946968,9016300
2025-09-25,338.66986083984375,343.2075478418933,336.74894974472767,341.94326083680727,8104900
2025-09-26,337.2193908691406,342.99196477482826,334.4948223631065,340.99263187046614,6774700
2025-09-29,338.2974853515625,338.6601031752857,334.641876568426,337.1214299699541,6878900
2025-09-30,338.4150390625,342.35490328142276,335.5042568017067,336.89595653123035,7429700
2025-10-01,341.3552551269531,341.74730347810174,334.8182646079004,337.042992446128,8825500
2025-10-02,346.6672058105469,348.00007452066336,337.77804465223784,340.36542025529764,8564200
2025-10-03,353.0179748535156,360.66243848827344,349.4995296363098,350.1267830161296,13494800
2025-10-06,351.616455078125,355.2916836282274,349.9895503175226,353.83140238856106,7181700
2025-10-07,356.40899658203125,357.4478588776738,350.9206488503359,352.24373721828493,7236200
2025-10-08,362.5441589355469,367.16023762469973,358.5062827073638,359.61375636372594,9438300
2025-10-09,360.358642578125,368.71856196916235,358.7807287668154,365.0923241938757,8759800
2025-10-10,347.431640625,362.03454422093245,345.4813287153903,362.03454422093245,13141900
2025-10-13,351.5086975097656,351.9987280315978,346.27517512568846,347.6668450586018,5659400
2025-10-14,352.7533874511719,355.10552812873306,346.35358961180725,347.872702274778,5974800
2025-10-15,353.94903564453125,356.95783019026874,348.7547241397475,352.2241485667839,6579600
2025-10-16,349.55841064453125,354.7821232214658,347.33365277422445,354.6253098541554,5872100
2025-10-17,349.4897766113281,351.2440942663747,343.83480520778255,344.0014287463771,8608400
2025-10-20,357.2126770019531,358.2809400014152,350.3816500053927,351.3911117321571,5996500
2025-10-21,358.0848693847656,363.6516084782733,354.29203824215006,357.85947450501646,6885300
2025-10-22,354.2822570800781,356.7422198704229,350.8618536088225,356.7030090541339,7833000
2025-10-23,353.2630310058594,355.0565296362527,346.5888173917132,348.4901083853841,5756700
2025-10-24,355.2721252441406,358.1339166267961,352.8513732909411,354.1646514889598,5462100
2025-10-27,358.6827697753906,358.9179748669274,354.1940732179572,356.252207496177,7766400
2025-10-28,360.50567626953125,373.40328410758775,351.47932179202735,373.08965737319994,18858700
2025-10-29,348.176513671875,358.8493634281032,346.8240245772966,357.01665396858556,11874900
2025-10-30,337.8760681152344,347.47087476925253,336.7490038190758,340.5908266262187,11441900
2025-10-31,334.7496643066406,339.37555385884514,330.39819066392744,337.52325394705144,8390800
2025-11-03,327.13458251953125,333.9068078868114,320.08794125774733,332.36810487769543,11181400
2025-11-04,324.23358154296875,329.79054081416064,320.6759850821896,321.09740415229965,9646600
2025-11-05,321.2051696777344,323.62592144694264,317.7553658634617,319.7938795016485,9697100
2025-11-06,315.1484375,325.7428953487219,315.0406451379028,322.3617025788201,7922100
2025-11-07,317.74560546875,318.07882265849594,307.8960032344128,313.2863393626572,9402900
2025-11-10,315.1679992675781,317.78477526476075,310.8459566317771,313.60970588621075,9283800
2025-11-11,320.9210205078125,321.3228192405015,313.5019507714403,316.8537429984404,7157800
2025-11-12,332.29949951171875,336.3275660077218,320.5583572844828,321.90106605587704,10403300
2025-11-13,325.889892578125,332.2700996432553,324.6844366173477,331.6036653013031,7788700
2025-11-14,315.44244384765625,321.6658376676509,314.09976495778756,320.4309810489659,8676500
2025-11-17,314.129150390625,321.34241512007077,313.06088745762,314.2075720220705,6485400
2025-11-18,307.3275451660156,311.1693978203648,302.61345368940135,310.6891774544803,9182100
2025-11-19,302.9270935058594,308.71925841958455,298.45801711003656,307.67058582391365,8181100
2025-11-20,305.3282165527344,308.4742040318584,303.8189142172394,304.61276124553154,7337600
2025-11-21,313.5901184082031,317.3829496811602,305.23019930011,305.6908291650661,8406300
2025-11-24,312.6884765625,319.35290987224755,311.2869963920142,318.0592220645265,10773800
2025-11-25,319.7743225097656,321.4600287348608,314.5015892042089,314.71720383448,6149100
2025-11-26,323.13592529296875,328.50667069521734,319.3921147564304,320.07813955631997,5504200
2025-11-28,323.1947326660156,325.43908092127253,322.3323040363653,325.05687265152045,2464500
2025-12-01,316.7655334472656,323.478957830369,316.58912963096105,320.6367866787963,6154600
2025-12-02,318.0690002441406,322.146057528238,316.36367379314567,316.9223157324214,7978100
2025-12-03,332.9365539550781,334.60266981898377,318.52967346879586,319.4999244045137,9770000
2025-12-04,326.8405456542969,334.4556390535126,322.16566527513515,332.63270997198805,8061600
2025-12-05,324.3119812011719,329.016261922974,321.95984084027083,328.32042700446425,5906000
2025-12-08,319.2998352050781,324.70669087301354,318.52037286650165,324.31203668860735,4782800
2025-12-09,319.28009033203125,322.00322508793437,318.1750466501944,318.8459617269979,4628400
2025-12-10,323.9864196777344,324.341629514822,315.33350563746524,318.44144868860934,5910500
2025-12-11,332.2348327636719,334.7211811769636,324.37122709653676,325.95971994414947,7513200
2025-12-12,337.2765808105469,340.3746776267931,332.86625216530695,332.9945215393808,7979000
2025-12-15,336.5464782714844,340.35493459808333,332.50120535931967,336.4379310634787,6447200
2025-12-16,329.7386169433594,336.43795231748607,326.61092153589937,335.875584402924,6334000
2025-12-17,327.2029113769531,331.04096617925336,326.0682693196749,329.15646010386473,4685600
2025-12-18,323.7594909667969,325.77223619210525,320.23714165723425,324.53892313779187,6354900
2025-12-19,323.0491027832031,330.1332457701224,321.71711865698285,323.6805434123363,10553000
2025-12-22,320.81927490234375,325.3973174895482,317.3561220691985,318.58943517385893,7872400
2025-12-23,320.46405029296875,323.42400160765817,319.4379555165406,319.6747419864576,4463300
2025-12-24,323.20697021484375,324.59815108761563,319.80304392248206,320.85876722532225,2842700
2025-12-26,327.40020751953125,327.4594342482506,321.90458736412984,322.8320412014528,4359300
2025-12-29,324.548828125,329.787940036587,323.89763516121945,326.4728087048146,4346800
2025-12-30,327.7257995605469,331.66252501027776,325.1111820298963,325.3282463216964,4432500
2025-12-31,325.70318603515625,328.8802018879278,325.47627568793376,327.88370534581946,4285200
2026-01-02,331.9092102050781,335.71769665499096,323.1280270938765,326.4826326508298,6863600
2026-01-05,337.4541931152344,342.3085268229226,329.3932753932535,330.97192221503246,7956600
2026-01-06,344.3114013671875,347.90279327098006,340.5127911940015,343.6996829189171,9441900
2026-01-07,337.13848876953125,345.4361929991165,333.52734431693204,344.3213032237757,7461400
2026-01-08,342.2197265625,343.2556975271264,336.2504730653109,336.4576913463828,5059300
2026-01-09,339.3880310058594,344.40020201938364,337.9080553379447,342.6143671222478,4129100
2026-01-12,335.9643859863281,338.0758024907637,329.48208469325857,336.86224159355777,7146400
2026-01-13,329.47216796875,337.27657641470313,328.4065987621919,336.9411188846722,5605900
2026-01-14,330.4884338378906,335.56967774923123,329.639928884428,330.8929641448377,5740900
2026-01-15,334.4350280761719,334.91850727155963,323.6805441940115,330.7252428593728,6943500
2026-01-16,326.6010437011719,331.7119162692861,326.01892350864483,330.38977807791053,8039100
2026-01-20,333.912109375,335.35264073207316,322.14137656345895,323.0293559592084,7596500
2026-01-21,343.1076965332031,343.4332779356386,334.168645798694,334.8987575018528,8933300
2026-01-22,349.7380065917969,350.2116096750548,342.14078564010657,342.54531596139657,7491400
2026-01-23,351.5041198730469,353.09261273920316,348.2777534390037,349.55054102610836,9082200
2026-01-26,346.9457702636719,350.05371308364437,342.6340826093485,349.2249303389971,10399500
2026-01-27,278.92608642578125,295.50180147620006,276.6567723884028,290.04562584533727,65836900
2026-01-28,290.094970703125,291.0027024164021,279.9324825435024,279.9324825435024,23396900
2026-01-29,288.3880920410156,291.65390288872567,285.3590676854078,290.40083744425385,13456400
2026-01-30,283.099609375,289.03926441710115,280.8993981188336,288.200605503728,12022200
2026-02-02,281.77752685546875,286.52331359037186,278.5117159450099,282.201779365365,8664200
2026-02-03,280.3863220214844,284.2441289542904,274.88082567321817,280.899399533992,10809100
2026-02-04,272.2366027832031,280.7020503139632,270.39154116696983,278.2453003524489,12944100
2026-02-05,264.9649963378906,273.1936885205944,262.73518654305985,270.62839103777486,13035300
2026-02-06,272.95684814453125,274.10136630983425,262.85355690624687,263.49487369356603,9572800
2026-02-09,272.01953125,276.43970583527863,269.6712984464802,270.4902050418196,10371600
2026-02-10,269.5726623535156,275.7589504136547,269.01026431799795,273.81524764104677,7284700
2026-02-11,275.18670654296875,275.95629276204994,266.198304439543,268.8030763257778,6333100
2026-02-12,280.57379150390625,282.4878958393087,272.1280658242715,274.4467004687212,12336900
2026-02-13,289.2760314941406,289.5424162609187,280.71191329863694,281.81695692254965,10281900
2026-02-17,285.23077392578125,290.3021716729731,284.4907860910092,290.07523123064414,6091700
2026-02-18,284.3526916503906,286.25691992582074,282.46818554567625,286.1286505407075,6632000
2026-02-19,286.0595703125,287.00677646545466,283.0601744920274,287.00677646545466,4931800
2026-02-20,286.1286315917969,286.9179399107358,281.73802502847053,285.04331007061916,6974100
2026-02-23,278.5708923339844,287.8749991147026,277.90985337545374,284.6979833712643,7247500
2026-02-24,270.29290771484375,278.63008610216724,268.1715851207944,278.4327740747045,9684500
2026-02-25,280.40606689453125,280.93883645242494,273.17390231272435,273.5883087457124,11380600
2026-02-26,282.8332214355469,291.31842132234294,281.42231851936197,283.1489568057956,10210000
2026-02-27,289.3549499511719,290.2034849465505,280.06072010966534,280.899378965855,9723300
2026-03-02,290.9928283691406,291.36776038144785,283.6620222891216,284.31321524046825,8141400
2026-03-03,285.34918212890625,289.8187076809586,280.56392119101315,285.13211781491367,7051100
2026-03-04,288.0624694824219,290.4107024732037,283.83960657712646,285.15186859441445,7796000
2026-03-05,284.9150390625,287.5000885291143,282.91213985723385,286.1779504316799,5397900
2026-03-06,282.6556396484375,287.44087037641276,279.27140562669894,283.5041446062434,6816900
2026-03-09,283.550537109375,283.5803655260448,277.0774975936055,280.39852614134315,10348800
2026-03-10,280.736572265625,285.9468043127463,277.3161057836816,285.74795833009716,6075600
2026-03-11,283.63006591796875,284.59455850401093,279.00647932593364,280.7763694963311,6878800
2026-03-12,275.47662353515625,285.9269470548217,274.7209602020642,283.1627358622739,10512300
2026-03-13,280.4880065917969,281.2735286763525,276.2323139355343,276.48089418495215,4737600
2026-03-16,283.8686828613281,285.767839547621,279.44397276937343,282.36727883683284,4854000
2026-03-17,285.9368896484375,287.3488084380985,283.22238246669014,286.16556405202414,5752000
2026-03-18,282.71527099609375,286.7621646688093,281.4624471949345,283.5803557381978,4544100
2026-03-19,278.8473815917969,285.91698928392157,278.4794876796185,282.3871618979052,5542100
2026-03-20,274.0249328613281,281.4922936115716,273.43828708670907,277.40561834190976,38893000
2026-03-23,268.00927734375,279.15560669620453,267.5618207785692,277.55476453204625,10424200
2026-03-24,270.73370361328125,271.8274627132414,266.0703359894755,267.34306557553816,5911700
2026-03-25,269.0135192871094,274.5121128941823,265.5930528118823,273.43825962603756,8121200
2026-03-26,266.5277404785156,273.08034278207333,265.66268603579573,268.4567257080549,6218800
2026-03-27,257.54901123046875,266.1499120468286,254.516344356629,265.98086412749376,10735300
2026-03-30,260.3033142089844,260.84022572405274,255.21239532653578,258.70244155156036,7774700
2026-03-31,269.0533142089844,270.33599678803927,261.11862175045525,261.506421503485,9170800
2026-04-01,272.424072265625,273.7365528939259,269.22235750517115,272.6527466700565,5473400
2026-04-02,275.6854553222656,277.45534552157113,269.98798496185265,270.74367864614135,6407000
2026-04-06,279.76214599609375,281.6911311912249,275.6755011928929,276.3019282869355,7097000
2026-04-07,305.982421875,310.6557125153819,299.0420501528358,307.0960565749332,22099800
2026-04-08,304.2423400878906,311.1926339297742,303.09884670162427,310.22814137902384,9645000
2026-04-09,305.16705322265625,306.1414986993597,302.41279505356766,304.08324700425817,5742000
2026-04-10,302.6016845703125,308.607391668382,302.4724483346268,306.20115193665987,5212900
2026-04-13,311.22247314453125,311.5406631473035,301.199730811355,301.5278433900291,7972200
2026-04-14,312.40570068359375,317.8048561417646,310.7352487756957,310.7352487756957,5864500
2026-04-15,312.2664794921875,315.9554320324556,309.3829548311358,314.20541746552016,5041200
2026-04-16,314.6031494140625,316.80059026538316,311.33182492038935,313.2111061223722,5205600
2026-04-17,322.78643798828125,323.42278766287063,315.33898324917396,318.2324307180975,9414700
2026-04-20,321.6429748535156,323.5520542213801,318.3020404433487,322.3489342821542,9050600
2026-04-21,344.0450134277344,355.648722319699,343.26944427388656,351.00526031661906,26097300
2026-04-22,351.5123596191406,356.52374610698536,347.11747765911315,348.8873678788304,11807300
2026-04-23,352.54644775390625,354.8234513171886,348.50950696242506,352.66576141761215,7255800
2026-04-24,352.9044189453125,356.24532290478834,349.3944670661433,354.4654798371856,8554600
2026-04-27,352.67572021484375,354.4654858887946,346.96832734783226,351.9001510435625,7256100
2026-04-28,364.6871032714844,367.5308771185002,353.6998683282982,354.8135029963465,10604100
2026-04-29,368.6345520019531,368.7339901692348,362.9371121823581,363.9214802466298,9046600
2026-04-30,368.37603759765625,369.87744160261,360.9385059451532,366.4172241064422,6879900
2026-05-01,366.6856994628906,370.78229715346583,364.9356847817637,369.8476329800702,4945400
2026-05-04,368.6445007324219,368.7240330587824,362.57913672838885,366.4569824541582,4916900
2026-05-05,361.8035583496094,369.6885161814855,359.75525962508635,368.3760355922912,6489000
2026-05-06,365.1942138671875,366.45699060703,356.21549649518977,361.0379593902868,6695500
2026-05-07,367.6402282714844,367.70983802248844,362.64874789161854,364.5578575186544,5235400
2026-05-08,377.8221130371094,377.8221130371094,369.87746743357553,369.87746743357553,6455100
2026-05-11,382.25677490234375,382.6246688242237,373.9343128299113,378.28944374742184,6949600
2026-05-12,394.138916015625,395.1630654325308,379.8405751710962,380.6758011703357,9236300
2026-05-13,398.8818054199219,401.85481542088894,390.7681426338459,394.24826604152645,8454100
2026-05-14,396.82354736328125,399.6175868268494,393.7510992453305,398.72270403378167,5342500
2026-05-15,391.61334228515625,395.3718745508767,388.0337805215488,392.0607685404387,9811200
2026-05-18,388.9087829589844,389.9130568930274,381.32210876906953,387.78519535837574,8400700
2026-05-19,387.02947998046875,392.74682548894975,385.3093241434657,387.78517361871184,5016800
2026-05-20,381.12322998046875,391.14600272737164,378.53801963676773,387.3377362764213,7783900
2026-05-21,380.3078918457031,383.9172514426562,378.3789067550467,378.95559956058275,4732500
2026-05-22,386.2638854980469,388.322137279522,378.846259230469,379.7510949944643,5598600
2026-05-26,374.71978759765625,384.32493184527755,374.27236136603494,383.8078958628703,6498100
2026-05-27,381.8292236328125,382.3462596379654,374.9485088403697,376.2808953624811,4544000
2026-05-28,380.35760498046875,387.0493961299752,378.7965137522062,382.77379769013777,4330800
2026-05-29,378.15020751953125,382.9328889810419,373.317822146985,381.6005025160485,10257900
2026-06-01,377.7027587890625,381.17295969749404,373.7851619834815,373.97405505590115,6623700
2026-06-02,375.7738037109375,377.9215103567756,372.5919643898307,375.83346054308475,3874400
2026-06-03,374.8590087890625,385.25959772485203,374.6700853756592,377.8419717237235,6808400
2026-06-04,394.21844482421875,399.1005645351637,387.606216297745,387.78518679364066,12666100
2026-06-05,397.201416015625,401.7454703246708,394.9443182415365,397.2710257691138,10897300
2026-06-08,404.2610778808594,406.3889089451397,392.74682423133754,394.87468563988523,6963200
2026-06-09,410.6545715332031,410.6545715332031,405.12614922049136,407.66165562372737,8590400
2026-06-10,405.1460266113281,413.61766096102207,402.2525488568183,411.1517339543602,6512900
2026-06-11,403.2468566894531,407.6517216421196,400.82071109845896,406.38891459163034,4938100
2026-06-12,406.20001220703125,407.5622574937536,402.5110897188582,406.6872501409831,7269600
2026-06-15,411.0400085449219,414.1600036621094,399.6499938964844,406.70001220703125,6777900
2026-06-16,407.6499938964844,411.75,406.5400085449219,410.67999267578125,4815100
2026-06-17,399.5299987792969,411.1600036621094,398.5899963378906,409.1199951171875,5838800
2026-06-18,400.9599914550781,406.20001220703125,399.1499938964844,402.7699890136719,11896900
2026-06-22,406.67999267578125,409.4599914550781,402.1400146484375,402.1400146484375,5818600
2026-06-23,409.25,409.8999938964844,402.8399963378906,409.5199890136719,6675900
2026-06-24,405.79998779296875,413.42999267578125,400.0,410.5400085449219,6858800
2026-06-25,415.5299987792969,417.5799865722656,406.6499938964844,406.6499938964844,6014400
2026-06-26,427.8900146484375,427.92999267578125,416.1600036621094,416.1600036621094,10588200
2026-06-29,419.82000732421875,426.70001220703125,415.80999755859375,426.5299987792969,5167400
2026-06-30,415.6300048828125,422.739990234375,413.25,422.7200012207031,5779800
2026-07-01,426.5400085449219,428.0199890136719,413.7300109863281,417.1099853515625,4985900
2026-07-02,425.3599853515625,430.20001220703125,420.5400085449219,428.1300048828125,3928800
2026-07-06,417.989990234375,424.44000244140625,415.04998779296875,423.489990234375,6379000
2026-07-07,428.19000244140625,428.6000061035156,422.1300048828125,423.95001220703125,5800500
2026-07-08,425.6000061035156,430.7699890136719,423.8299865722656,427.1499938964844,3859200
2026-07-09,431.67999267578125,434.29998779296875,423.5199890136719,427.1099853515625,5566000
2026-07-10,424.6199951171875,432.8599853515625,423.6499938964844,431.6700134277344,3798600
2026-07-13,429.0899963378906,431.54998779296875,425.5299987792969,426.4700012207031,3863800
2026-07-14,425.19000244140625,432.1499938964844,421.7900085449219,431.0,5135900
2026-07-15,418.5199890136719,424.1099853515625,414.3699951171875,419.489990234375,6764800
2026-07-16,423.3800048828125,461.6199951171875,420.3699951171875,449.3900146484375,13281900
2026-07-17,426.0899963378906,437.4700012207031,425.1000061035156,426.7200012207031,10718100
2026-07-20,421.54998779296875,431.0199890136719,417.3800048828125,427.25,4818800
2026-07-21,436.3500061035156,437.0,420.5,422.4800109863281,6833600
2026-07-22,431.30999755859375,436.32000732421875,429.70001220703125,434.95001220703125,4234100
2026-07-23,423.55999755859375,430.489990234375,420.3999938964844,428.2699890136719,4868700
2026-07-24,420.739990234375,429.0,418.9200134277344,425.239990234375,3752500
2026-07-27,417.6400146484375,422.8800048828125,412.5400085449219,422.510009765625,4615700
2026-07-28,428.7900085449219,430.4599914550781,415.1099853515625,419.92999267578125,5917300
2026-07-29,420.57000732421875,431.67999267578125,420.3500061035156,428.260009765625,5257900
2026-07-30,421.4700012207031,427.3399963378906,411.2900085449219,415.19000244140625,3647500
2026-07-31,414.3999938964844,422.80999755859375,414.05999755859375,422.0,3920900
2026-08-03,415.3599853515625,419.3399963378906,413.32000732421875,417.42999267578125,3209600
2026-08-04,407.54998779296875,416.0,406.6700134277344,415.55999755859375,5266300
2026-08-05,412.75,416.3599853515625,397.79998779296875,403.19000244140625,5399000
2026-08-06,403.9700012207031,416.9700012207031,402.3999938964844,415.2699890136719,4712400
2026-08-07,407.0799865722656,410.6400146484375,400.6600036621094,401.5899963378906,4095900
2026-08-10,408.739990234375,413.07000732421875,407.989990234375,408.6000061035156,3182200
2026-08-11,402.19000244140625,410.8999938964844,401.32000732421875,409.0,3398900
2026-08-12,405.5899963378906,407.20001220703125,400.5,400.9800109863281,3317200
2026-08-13,399.05999755859375,407.32000732421875,398.5899963378906,405.5899963378906,4170200
2026-08-14,401.7300109863281,403.17999267578125,396.55999755859375,398.0,3476400
2026-08-17,395.6199951171875,398.8999938964844,391.42999267578125,398.57000732421875,5295100
2026-08-18,393.92999267578125,398.7900085449219,393.510009765625,397.42999267578125,3605100
2026-08-19,388.6099853515625,396.7998962402344,386.3500061035156,394.57000732421875,5250261
