Date,Close,High,Low,Open,Volume
2021-08-23,389.63250732421875,394.39575225584423,389.21115216585406,394.39575225584423,2375900
2021-08-24,387.8463134765625,390.1638087911832,386.29826026337275,389.77907376331785,1619300
2021-08-25,384.484619140625,388.03872938587216,384.2189973414246,386.41740769235247,1939000
2021-08-26,381.83734130859375,385.99601893106876,381.635818746598,384.5120648176627,1385400
2021-08-27,383.5869445800781,385.04339176443636,381.1686736635033,382.8999396089108,1621600
2021-08-30,383.16552734375,385.2448800957336,382.78998925934815,383.58691048237387,1284200
2021-08-31,381.3059997558594,385.4005497579114,379.4281976910567,381.97469453646113,4249100
2021-09-01,382.2953186035156,384.60364492140263,376.6985043488004,381.5533555743984,2034400
2021-09-02,388.1210632324219,388.7531098836511,383.1105071150851,383.95324530148974,3137400
2021-09-03,387.3424377441406,388.3866984173814,385.28142342470875,386.4905585344731,1604800
2021-09-07,385.8585510253906,386.79289550234006,382.5059640380455,384.997502719413,1920300
2021-09-08,380.49993896484375,387.3516494332006,379.4098890350054,385.8127652808284,2262500
2021-09-09,379.73046875,384.9242377046083,379.1625492145883,380.4541216842983,3508500
2021-09-10,371.2828063964844,382.39619237097577,370.06942713041934,381.9917326156207,4215800
2021-09-13,381.0357360839844,383.1407614499002,373.6176389253512,375.0240468828158,3068200
2021-09-14,379.21575927734375,383.8578180245826,378.1402574564951,383.8578180245826,2879800
2021-09-15,383.7934265136719,387.3784135148835,376.42127872398044,379.19731810434365,3180600
2021-09-16,383.16839599609375,389.1984885120412,381.440254594739,385.7698092925231,2262700
2021-09-17,386.2202453613281,387.0751149260031,381.4494818453467,381.4494818453467,4534200
2021-09-20,379.36273193359375,385.4295715142048,375.70422019082764,383.24184786404334,2799800
2021-09-21,379.0318298339844,384.95161916119116,378.9123265380213,381.4861638403469,2382200
2021-09-22,375.6860046386719,378.7194257110177,372.2297212913289,372.2297212913289,3629400
2021-09-23,375.07000732421875,381.3391056863457,374.5920221668776,376.6970195397612,2681600
2021-09-24,374.19671630859375,374.9413116122675,372.49617879178317,374.06803987194564,1950400
2021-09-27,372.5329895019531,378.8572396469489,372.2480330028985,374.88619494393924,2608600
2021-09-28,366.4201354980469,371.36555254257013,364.94937522402813,370.0786478224608,3115400
2021-09-29,368.0655212402344,369.3892025777033,363.8278951113106,364.93097224334036,2056300
2021-09-30,359.1766357421875,370.89671103564797,358.91925481862387,369.0582678523601,3779900
2021-10-01,360.73016357421875,361.88839188842036,352.1722118252,359.96722190929574,3146600
2021-10-04,355.7479553222656,363.23040445236074,353.67970675174456,359.9855533727066,3074800
2021-10-05,361.6493835449219,364.02099121959725,357.7978424113128,357.88977019099525,3269400
2021-10-06,362.40313720703125,362.89032356171253,354.6724797280939,359.18586141698785,2809200
2021-10-07,372.009033203125,375.19873362415456,364.6644327446342,364.7104106610853,2813700
2021-10-08,375.46527099609375,376.0719606573493,370.1154222603293,373.5808778160328,2012200
2021-10-11,372.2755126953125,378.0022728374348,371.5585210351077,375.0423784345557,2164200
2021-10-12,370.66693115234375,375.391743923783,369.81206174585054,372.38587115865334,2415700
2021-10-13,370.951904296875,372.5697434590326,365.95133602513323,370.7588755953421,3021800
2021-10-14,386.4040222167969,398.48260887841144,384.0508168976024,391.2759140818259,6038800
2021-10-15,393.4912414550781,395.71574226878784,387.45194812888684,387.95750884497903,3312000
2021-10-18,390.3199157714844,393.4268896218384,389.6029239638965,393.4268896218384,2232800
2021-10-19,390.09930419921875,393.2614290481658,389.1984568466679,392.35138050196633,1616800
2021-10-20,399.9441223144531,400.3485820623803,392.3605441194449,392.50762294163815,2764000
2021-10-21,406.55340576171875,406.75563567443345,399.93499775689463,400.3210832456854,2465100
2021-10-22,412.87762451171875,412.9971278217929,404.8803844547786,405.2296931911738,2736200
2021-10-25,413.180908203125,416.07647868643147,410.3772935427625,413.6497201961207,3553500
2021-10-26,417.9149169921875,420.73690595263406,411.4343879535724,414.1001249531286,3103900
2021-10-27,416.8486633300781,423.2464384569857,416.8486633300781,417.914963859966,3520400
2021-10-28,418.6502685546875,420.9115457323399,415.96612926268153,416.4073657093226,1672600
2021-10-29,423.27398681640625,424.11968306252305,416.46255114400526,417.7035059600556,2497800
2021-11-01,417.42779541015625,428.13675175224535,414.73448228630497,424.51501563967435,2203100
2021-11-02,415.52496337890625,419.56953303677625,413.9990520704644,419.40407987201496,2600000
2021-11-03,420.3876647949219,420.5623191692103,410.9288933154301,414.0358672760288,2438200
2021-11-04,419.86370849609375,421.47234645510684,415.6352831076326,420.63585135012966,2517300
2021-11-05,418.990478515625,424.239227040005,417.8598256240661,420.8472964177507,2905000
2021-11-08,425.2502746582031,426.6934592435782,417.6115457197667,419.9463763426597,2279900
2021-11-09,426.8406677246094,426.950969857205,423.10862929219445,425.25040383989096,2657800
2021-11-10,422.75006103515625,428.3573191060413,419.7442161265668,427.79660732516305,2818200
2021-11-11,420.4427185058594,423.6232169137624,418.6502254317069,422.8418730595828,2246800
2021-11-12,421.91357421875,423.7612188787052,420.15785734257156,423.457888049905,2609500
2021-11-15,414.3851013183594,421.19653699147386,414.1093460491718,421.00350830304257,2849600
2021-11-16,413.3004455566406,421.3252608885819,413.0706401375951,416.39821811698744,3383800
2021-11-17,412.68463134765625,417.28991341207944,412.48240143298136,414.00831296145117,2281500
2021-11-18,413.16253662109375,416.23273342070274,410.99315904236323,412.48232160901534,2073800
2021-11-19,404.45745849609375,413.14411285975945,403.9978477478027,411.9307337516919,3536100
2021-11-22,402.1962890625,407.90464822866716,402.05841141161125,407.04977874073523,2598700
2021-11-23,411.0115966796875,411.3700785497339,400.7806548328382,400.78985602646645,2857000
2021-11-24,413.7968444824219,414.55061301017605,409.6419724908255,410.5611941922564,2248800
2021-11-26,404.3747863769531,411.97673907842415,402.81209840138143,408.9800956717086,2480600
2021-11-29,415.4881591796875,416.4809061550181,404.96306074056275,407.7299267065637,4079700
2021-11-30,408.336669921875,414.8907252151392,405.60658031583927,410.94725621699416,7435400
2021-12-01,408.4469299316406,419.09153196585834,408.26310243969107,416.306291588444,4325500
2021-12-02,409.99127197265625,411.7102401971847,403.7405753372812,407.35311005696923,4738700
2021-12-03,414.37176513671875,419.0935255293502,410.54455898484133,412.9423077057878,3038300
2021-12-06,424.322509765625,425.8626291100402,416.40064560050314,416.98164853795373,4721500
2021-12-07,428.5832214355469,429.52387550774796,424.43323230020627,426.7572160841876,3105200
2021-12-08,432.3919677734375,433.60010162019705,426.51743207092363,429.8374290246588,3228300
2021-12-09,436.5050354003906,437.5748136302528,431.00858572172876,432.0875951546478,2977400
2021-12-10,441.0331726074219,441.2637275508987,434.3747447140558,435.28773328417134,2572300
2021-12-13,440.95013427734375,442.90523550910007,437.1413624702377,439.9172245878941,2724800
2021-12-14,442.1674499511719,445.4690122412679,440.06479015869587,442.43490154475114,3018000
2021-12-15,455.92706298828125,456.8677171221271,442.7946610698838,443.21887432900047,4188600
2021-12-16,454.5251770019531,458.30628331063474,451.98907288738644,455.58575214680985,4080800
2021-12-17,449.231689453125,454.7742392718652,448.5492558299946,453.1972513468872,5707200
2021-12-20,446.10540771484375,447.28584796941556,438.2942046426949,444.50995727993393,3145600
2021-12-21,449.31463623046875,450.96541731525105,444.6943348350982,449.1394122421667,2536000
2021-12-22,455.69647216796875,456.91380905287417,448.10659311728693,449.25936786195166,1687500
2021-12-23,456.8492126464844,459.403751157248,454.4791011946853,456.4987646473655,1706500
2021-12-27,460.64874267578125,461.38650718226177,458.011207828397,459.89251576309596,1349400
2021-12-28,463.82122802734375,466.0161156523061,461.4787818572504,462.9543391646458,1495500
2021-12-29,466.2558898925781,467.7683439248835,462.95435528007897,465.51812528515626,1573900
2021-12-30,465.19537353515625,469.62204590470674,464.4760431448929,468.42314315832283,1309800
2021-12-31,463.08343505859375,467.4455164289907,462.99120745555103,464.92787454379516,1695400
2022-01-03,463.21258544921875,463.78435725358344,454.7004860960841,461.1099253155366,3033600
2022-01-04,452.7176513671875,464.5681803049905,452.69921710474057,464.06097072053507,3908100
2022-01-05,451.60174560546875,458.34316903942516,451.60174560546875,456.2866090747041,3921100
2022-01-06,433.1204833984375,446.4834662028674,427.0983897869476,442.66546307476966,6555200
2022-01-07,422.9300231933594,431.5712185694869,420.1172358020557,431.3129981406904,5494200
2022-01-10,428.8321228027344,429.62521816593824,419.09348587833983,420.53214623235885,5831800
2022-01-11,432.52105712890625,433.8582870065928,424.8389790945653,430.8610728580449,3332800
2022-01-12,436.8739318847656,438.3494890824378,430.067945770236,432.49338816462443,3502300
2022-01-13,431.0731506347656,439.48378985462966,429.73594894674983,438.8751496150104,3005300
2022-01-14,432.2351379394531,436.366692179055,428.9059103070445,433.3418127973194,3665400
2022-01-18,425.13397216796875,429.4868494757276,422.699327243375,428.98887119309427,3938800
2022-01-19,426.545166015625,438.50636002954286,425.61374299334835,431.5989415311773,4030900
2022-01-20,426.9877014160156,434.9464615631454,426.06548175852964,428.260369046372,3228600
2022-01-21,425.3001403808594,434.1718908300983,425.2079127671253,427.4489002468895,4273200
2022-01-24,426.3145446777344,428.0391193764333,413.2743711000388,422.44123833263853,4780700
2022-01-25,421.306884765625,423.7507615761615,412.481234635883,418.7523460835041,3428900
2022-01-26,422.773193359375,427.79930225588373,418.18055701516056,422.7916557664848,4435900
2022-01-27,425.6966552734375,432.2259589201936,421.4636698684954,422.4504236418585,3508100
2022-01-28,429.80975341796875,430.0126428976868,419.68376998390033,425.51220581587864,3364400
2022-01-31,435.8133239746094,436.37586442262784,428.2787774446277,428.83211483448616,3500500
2022-02-01,431.9769592285156,438.0543840424881,426.7571920329713,438.0543840424881,3148600
2022-02-02,442.46258544921875,444.4914801334898,432.5763887169681,432.5763887169681,3026800
2022-02-03,450.7533874511719,461.2759193519228,445.95786110157945,459.86492410248877,4370900
2022-02-04,445.5889587402344,451.5464908426888,442.8407335699424,444.2793942244804,3066400
2022-02-07,446.07769775390625,449.3607977639747,443.86434787141764,447.1935757546538,2937200
2022-02-08,455.0323791503906,457.11660446589457,443.9104129541138,443.9104129541138,3534700
2022-02-09,459.3577575683594,461.96762761424395,457.6885417291067,458.34331000596075,2818100
2022-02-10,448.86279296875,455.7794410185989,447.34113602656583,453.9534358016301,2626100
2022-02-11,440.94097900390625,452.2842718401235,439.38242521430396,446.98150773124087,2493800
2022-02-14,437.5010681152344,440.58127887435796,432.82540696802585,438.15583629387214,2549500
2022-02-15,441.0331726074219,443.744500994222,438.23884781823983,438.9212814448786,3001000
2022-02-16,442.7115478515625,444.26089830937235,434.73435321725975,438.51545954877594,2651800
2022-02-17,433.7568664550781,442.01074509581287,432.4196646033721,440.9778634011691,2403100
2022-02-18,431.4235534667969,437.9805495281856,430.5197681172646,433.67377156652293,2992300
2022-02-22,426.5358581542969,430.851839754634,422.2106453505682,427.75316681373437,3029800
2022-02-23,423.87066650390625,431.3406526277856,423.1513361745795,430.8518772520112,2840300
2022-02-24,420.4307556152344,421.0762925236059,411.07020307668364,414.55619244240813,3933000
2022-02-25,438.7460632324219,438.773728700248,420.74434313974996,421.1316596893158,3314400
2022-02-28,438.856689453125,440.18468808872785,429.3947062104326,429.6160580789745,3918300
2022-03-01,439.2071838378906,439.8619520216887,431.34988120056863,434.2640991729623,2917600
2022-03-02,447.6270446777344,449.27782597661525,440.7196274797642,440.99628215827414,3675900
2022-03-03,448.74285888671875,453.16029891778635,444.712763494363,448.1987526671287,3139400
2022-03-04,459.86492919921875,460.79638026719186,440.3507535147984,443.30186833488307,4170100
2022-03-07,449.0011291503906,461.10987907800524,445.4505774527073,461.10987907800524,4123300
2022-03-08,436.63409423828125,446.8061755405397,434.84498592055377,441.5587436412115,3849500
2022-03-09,447.8022155761719,449.78498225409413,436.7540137074708,445.04475960247674,3115500
2022-03-10,453.2156677246094,455.30909638619147,440.6642425267582,442.04757212591505,2834800
2022-03-11,446.6300964355469,456.7397817176884,446.2971283615113,451.21783533898275,2615000
2022-03-14,451.3009948730469,458.39533579523055,448.8591166870115,453.59484964844313,2704100
2022-03-15,460.54132080078125,462.41896598196905,450.7368565893687,453.2249714458906,3043000
2022-03-16,460.8650207519531,467.5616413600944,453.2341927772335,462.31716898659243,3497100
2022-03-17,468.9675598144531,469.06006034569157,458.0161687231585,458.7746335612351,2357200
2022-03-18,468.13507080078125,472.3528349684455,463.917306633117,470.5584320817326,5065600
2022-03-21,469.55950927734375,474.4987324619058,466.5071613134927,467.10840061279475,2617700
2022-03-22,467.3951416015625,473.4350562296592,466.9511560089216,471.0486724816113,2752500
2022-03-23,465.4620056152344,469.0045471816884,463.7045802725883,464.5740344229928,2753200
2022-03-24,474.9243469238281,477.07023543736807,466.04480240699996,467.0992578450547,2789200
2022-03-25,474.5265197753906,477.76384064233895,471.020927620082,475.59943556564514,2551100
2022-03-28,474.68377685546875,478.32807770352093,470.623237720231,475.71971508547756,2643000
2022-03-29,472.3991394042969,480.59420094690614,469.2265433754273,478.2910308736859,3478400
2022-03-30,481.7318420410156,482.0833271022796,474.0177441890577,476.45036405572387,3041200
2022-03-31,471.6961669921875,482.72156972352263,471.4186936275796,478.2910285934253,3979700
2022-04-01,474.11956787109375,476.14520816208,468.57910492475617,472.3528839083802,2344100
2022-04-04,471.7424621582031,474.01782871422955,466.6645013602409,473.76813088204443,2657500
2022-04-05,478.90142822265625,485.348293298056,469.8739202497236,471.7238175735414,3268600
2022-04-06,491.8415222167969,493.47869965093594,479.12347627325016,479.32693791023763,3955600
2022-04-07,496.6512145996094,497.88141217497406,488.733656004218,490.2228098586979,2867000
2022-04-08,504.985107421875,507.7691561100887,497.71496636906204,498.5474429371731,3986700
2022-04-11,497.1045837402344,506.5112990912185,496.3646358446284,502.8022446362468,3574000
2022-04-12,493.6545104980469,500.1476135548287,490.94441692554926,495.22687850515456,3575700
2022-04-13,496.69757080078125,497.8815325183076,488.946494322957,493.29376554449595,3012000
2022-04-14,494.68109130859375,511.76486741781616,493.987379754425,498.0848958931884,4211300
2022-04-18,493.9967041015625,500.39733442037345,490.5743820207468,497.53001552948365,2087100
2022-04-19,497.344970703125,501.76619651885187,495.0695763788848,495.67081566813323,2207600
2022-04-20,505.0313720703125,507.2049794644465,498.54747106695993,501.4518242433824,2986300
2022-04-21,497.1045837402344,506.8720427436884,495.80043051398934,504.55967028591607,2539900
2022-04-22,481.8428955078125,493.32148683332264,481.1399252917287,492.1283230430132,3453300
2022-04-25,484.92291259765625,486.76355162820164,473.3240470492505,481.3433653528163,3030400
2022-04-26,475.22021484375,486.7635576391514,474.9704606058746,484.89514302415955,2895300
2022-04-27,475.2478942871094,481.80580547901127,471.55735796799735,476.26531528605443,3353700
2022-04-28,485.06158447265625,486.78203197072384,474.65591153274414,477.97650222638936,2582700
2022-04-29,470.3826599121094,480.8808617488645,468.91199483567647,479.90962043008165,2873200
2022-05-02,463.5381164550781,474.97049906530265,456.3142681024488,472.4731258475121,3184300
2022-05-03,462.1228942871094,467.5800863177849,460.1435186217114,463.519575945394,2763400
2022-05-04,469.52252197265625,471.5111563176649,456.08301656164474,462.01194196694274,4002600
2022-05-05,457.5906066894531,472.3435492519342,452.51264752898226,469.14320653338643,3359700
2022-05-06,462.1228942871094,463.92655565738164,448.6001479518003,448.6094064720897,3260300
2022-05-09,449.91363525390625,457.50745746308735,448.07296783475005,453.5949136378206,3862700
2022-05-10,451.3842468261719,459.09831598495776,445.0113364135353,456.74893826516006,4275500
2022-05-11,449.6639099121094,462.95542131998224,448.03601901428607,448.03601901428607,3936300
2022-05-12,442.86541748046875,450.3482771549025,436.03931992077565,449.61755979278917,3997600
2022-05-13,448.9701232910156,450.45004695519884,440.09986805343243,444.8818655714652,2453400
2022-05-16,452.50341796875,458.367589518659,447.8139211419418,448.9793655722526,2338800
2022-05-17,455.5650329589844,457.59067309638147,451.8004845550366,456.92470882891945,2289000
2022-05-18,436.00238037109375,452.49420545269663,433.20901686234765,451.61552100783246,3240500
2022-05-19,442.63421630859375,445.4368099128178,428.55649509996573,429.4722135637589,3813800
2022-05-20,449.2754211425781,450.88482313061957,436.86259498789747,445.25188794527526,3068200
2022-05-23,455.1488342285156,458.53415052980466,449.7934005159779,449.7934005159779,2279800
2022-05-24,460.2175598144531,460.6985230674811,451.9855204754763,453.9556660948403,2658100
2022-05-25,460.7077331542969,464.6110181240669,454.3903454245337,461.1054543540572,3161600
2022-05-26,464.5369873046875,469.189478051889,461.9286252436529,464.08374325544787,2705800
2022-05-27,469.05078125,469.05078125,452.66071530352536,454.1498693505077,3349100
2022-05-31,459.4960021972656,466.27586357331114,458.4600641963544,465.8226477547109,4003100
2022-06-01,455.5835266113281,463.7508404384076,451.1715309345374,460.9204993284365,1765900
2022-06-02,455.3152770996094,458.91331303045536,446.72249537658706,456.92467887915325,2093500
2022-06-03,449.1643981933594,454.7696142020418,448.50769241246053,451.6802601983341,1756900
2022-06-06,453.3913879394531,456.5824725335332,449.793351849638,452.6976763518007,1781500
2022-06-07,459.7921142578125,460.2638190130087,450.56111386477596,452.762496813028,2341900
2022-06-08,456.489990234375,460.5320120634498,451.88373494667445,456.9247173090809,3268100
2022-06-09,452.6976623535156,459.2000509716238,451.01424884500614,455.8887468489212,3148800
2022-06-10,448.25799560546875,453.372961958218,444.83567334120727,448.41522111322956,2599900
2022-06-13,434.4485168457031,445.21490754260265,432.19163923399555,439.470982681698,3764600
2022-06-14,427.0951232910156,433.96748634009873,423.0901072673443,432.41357907644783,3814200
2022-06-15,429.48150634765625,433.8195189067393,422.2391689475599,429.36128670261564,2550700
2022-06-16,423.3643493652344,424.96093601163585,418.34252757816836,420.8673616160158,3135600
2022-06-17,419.6235656738281,428.3490865725087,417.43291515507195,418.4075637061029,5277400
2022-06-21,445.855712890625,450.3112882292883,424.3018112423233,424.96085883876543,5726800
2022-06-22,454.5440979003906,460.33637989271256,440.4904495342746,441.58577446967007,5061000
2022-06-23,463.94732666015625,467.4468091294444,456.6605789684696,459.4360579330824,4687700
2022-06-24,460.0765686035156,463.9009434726903,451.6480660974786,463.60389749717723,15861100
2022-06-27,469.3775634765625,475.1605547276343,457.2360721436526,457.46813398366237,3907100
2022-06-28,471.95806884765625,481.3983282124653,468.83914312725165,475.33690268410624,4978200
2022-06-29,478.70648193359375,481.48193256501344,469.7024709186846,472.3386901071649,3823400
2022-06-30,476.7757263183594,479.27271414151477,473.1462755109928,476.7014506612415,3568900
2022-07-01,480.2751770019531,480.39585368374225,466.26790027794857,475.55966484139486,2426600
2022-07-05,468.9876708984375,474.33438457222957,456.9297471735421,471.21548714775776,3029600
2022-07-06,478.3165283203125,480.28440805356695,468.1150996115604,469.3589759155738,2506700
2022-07-07,477.47186279296875,480.182329113979,475.4761083851615,478.27943343195375,2385400
2022-07-08,481.4169616699219,490.4580824326649,474.34372089573077,475.5504312048276,3092100
2022-07-11,479.8575134277344,484.05315322561773,475.0863081081888,477.91745139817635,1743600
2022-07-12,477.5089416503906,481.8902981971416,473.9816133785769,476.4229082151861,2706500
2022-07-13,465.2747497558594,475.1327332903483,465.2283487138086,471.6146957981122,3467700
2022-07-14,466.37933349609375,469.5910898900449,456.9576280695897,459.48246212590107,3765500
2022-07-15,491.7390441894531,493.81830923304966,478.4651181314346,488.3138091283982,5742500
2022-07-18,482.1037902832031,493.9760527215252,481.5282814960894,492.8993107940693,3212000
2022-07-19,495.1734924316406,495.5355224459756,483.2362467414454,483.70037035293717,2953500
2022-07-20,482.1966247558594,495.7304870118227,478.7249887242433,495.17356126290326,4327500
2022-07-21,484.97216796875,484.98140285214976,474.4644003644072,482.1224415876103,2667600
2022-07-22,483.9974060058594,489.74325913318364,481.2034291876337,488.25808609631923,1850300
2022-07-25,491.4790954589844,494.6537421767954,486.6057968888443,488.34167155042496,2337200
2022-07-26,493.4470520019531,499.062937346431,492.92723573291784,495.49844246181465,2637800
2022-07-27,496.2503967285156,499.26720119075753,490.1518036784648,495.25716507610497,2268100
2022-07-28,502.6366882324219,505.2822273825503,493.58627585426336,498.92369853881837,2344500
2022-07-29,503.4256896972656,504.82729559652245,498.18106953904555,501.26285752118207,2945700
2022-08-01,496.9650573730469,504.6416808803508,492.8993295572358,503.3606950394393,2335000
2022-08-02,497.0393371582031,501.7455579336275,493.5676445431372,498.9793423563213,2114200
2022-08-03,501.8569641113281,504.6138316101972,497.2528367521914,498.7101919242713,1802900
2022-08-04,495.45196533203125,501.6526501088357,494.5330096275242,500.5944346557666,2368000
2022-08-05,496.6680908203125,497.07652197481235,489.70623477024515,491.97116087142956,2373400
2022-08-08,498.0975341796875,502.4603083083676,495.1457142345104,501.1700308198076,1656400
2022-08-09,498.7101745605469,506.5816938677167,497.8933123695325,501.2535632052284,2147200
2022-08-10,499.13720703125,503.0915503552659,495.5077843182037,501.494991886718,2291400
2022-08-11,494.6258239746094,499.98182882288324,491.6647129333654,499.6197987922021,3006200
2022-08-12,504.6881103515625,505.3378948467946,496.10182211183684,497.1785641409488,1981000
2022-08-15,505.560546875,507.94614887514587,499.91678827798455,502.8036233485294,1447300
2022-08-16,506.9345397949219,508.1598333410503,503.47219461570154,506.08985946573944,1773000
2022-08-17,505.8948669433594,508.48465696706205,502.71098494642166,506.1176372693903,1471700
2022-08-18,506.09906005859375,508.8002919323619,502.94305264368006,505.9041643489213,1486400
2022-08-19,508.97662353515625,513.4414912837041,505.727757620038,506.35895905628826,2258000
2022-08-22,505.4956359863281,510.0904714254448,502.5066502369356,502.5438163883772,1672900
2022-08-23,497.35491943359375,504.3074830290513,494.9507905212299,504.3074830290513,2039600
2022-08-24,497.9676208496094,501.12362801775595,496.6309423267105,498.17180808296365,1761200
2022-08-25,502.7109375,503.12866014974725,493.13141779469436,496.6216369883782,1965800
2022-08-26,491.2750244140625,504.21479775319136,490.3189022261183,503.3515343153088,1906700
2022-08-29,491.7576904296875,494.6631096030251,485.3527600926138,488.25817926595136,1594000
2022-08-30,485.32489013671875,492.9829311013879,484.35018505299945,492.3516730193837,2013400
2022-08-31,482.0667419433594,489.27918577288494,481.9088990919807,483.4498215154541,2891300
2022-09-01,486.401611328125,486.64296470400484,478.1309523693648,482.06671206786774,2085300
2022-09-02,479.3005065917969,491.77615350443796,476.9427786692645,491.6183673152213,1944200
2022-09-06,480.53515625,489.6041524029093,479.82967908912224,482.62371311304196,2711900
2022-09-07,484.24810791015625,485.9375250154875,477.7503759615251,479.9039167774729,2504400
2022-09-08,489.65972900390625,490.5693932033978,481.5839663818503,483.570429147332,1557500
2022-09-09,488.2445068359375,491.4942464582653,486.6056559833764,491.4942464582653,2495500
2022-09-12,494.67877197265625,498.1892635153041,486.53112161075364,488.8590217141544,2792000
2022-09-13,478.5789794921875,489.10107536547486,476.72595190264343,487.92780475686106,3172500
2022-09-14,474.67742919921875,479.90125164448057,471.2600878677515,478.6162462809376,2648100
2022-09-15,486.912841796875,491.6338297316069,478.74660739118053,480.75788794810717,3058100
2022-09-16,485.15301513671875,486.82909181752217,481.4842423594001,482.8251150707424,3981700
2022-09-19,487.5087890625,487.9278224140964,477.6571007041958,482.89027200239815,2130800
2022-09-20,486.81036376953125,488.5516281622263,479.3704055764729,488.15123624217483,2421700
2022-09-21,476.8283996582031,491.6617707343234,476.7725323349472,488.88693229012483,2427700
2022-09-22,481.8380126953125,485.1063361389367,471.2693139411973,475.85063306111005,2285600
2022-09-23,478.2530212402344,479.2307277657587,471.52075336907774,478.2064746120646,2536900
2022-09-26,473.3644104003906,477.28461385126,464.64876779481733,472.46121262082323,2867400
2022-09-27,473.3737487792969,481.2140991404929,468.91348494906856,475.23606855948054,2583400
2022-09-28,478.56036376953125,480.72998244254353,466.3249079571378,471.6139182554621,3027300
2022-09-29,473.8021240234375,479.3332450402927,467.87996014188667,479.3332450402927,2392000
2022-09-30,470.2730407714844,480.9906727384857,470.0867974101654,475.91586793513505,3116000
2022-10-03,480.0222473144531,482.16390370959977,470.608205984594,472.1725477906183,2562400
2022-10-04,487.1549377441406,488.4772258003563,481.2514154561948,482.66673994101984,3189800
2022-10-05,490.7864685058594,492.9094835815134,484.32421635280787,485.1343209409051,2281800
2022-10-06,483.39300537109375,492.1924770999173,481.1675197452919,491.9596871432473,2187300
2022-10-07,470.0960998535156,478.7744888691803,466.566995735779,478.7744888691803,3273700
2022-10-10,464.5184631347656,471.45561648914133,460.9428121511274,470.7945008470052,2459100
2022-10-11,465.40301513671875,471.93974723321213,461.09174036613746,462.75852450010126,2844500
2022-10-12,465.5427551269531,473.2620796408941,463.9132250937577,467.5633848714848,2254300
2022-10-13,474.8077392578125,478.12263775056107,454.1639121523665,459.4808555433142,3999700
2022-10-14,477.8061218261719,493.43095663061706,476.6887184910919,484.2031862984741,5628900
2022-10-17,485.95379638671875,488.2165084181042,479.80816298049893,482.09878025910035,3282300
2022-10-18,486.2610778808594,495.3771137049581,482.648172580091,495.3771137049581,2345500
2022-10-19,484.5010986328125,487.76015809880414,479.17483475212157,485.82332970278134,2500500
2022-10-20,485.0225830078125,492.97466825359595,483.9983298306206,487.04318411805014,2390800
2022-10-21,496.988037109375,499.5953307256678,482.35022835015656,482.39677498612616,2896000
2022-10-24,504.3161315917969,508.8601960223511,500.77773567186955,501.0291670078974,2627100
2022-10-25,503.03106689453125,506.4763691583539,497.14618759181786,500.7683556388678,2411900
2022-10-26,505.7781066894531,509.94042099356227,503.02190976041345,504.1113509294328,2863500
2022-10-27,504.50238037109375,508.89748428589843,502.60283479359754,508.89748428589843,2212100
2022-10-28,513.2926025390625,514.9314531469578,506.26235627238043,507.45421145680865,2761900
2022-10-31,516.9334716796875,519.6803480797605,512.2590305195204,516.7937749530596,2770400
2022-11-01,509.633056640625,517.4361801394496,506.7557479152613,516.7936776182605,3338900
2022-11-02,506.0202331542969,516.4026890910751,505.6850292200553,506.9327516975628,2696200
2022-11-03,506.187744140625,510.1544938166527,501.0850068360162,504.44647993387764,2245300
2022-11-04,501.122314453125,510.05216302530454,490.85165016641065,509.3910190270346,3513100
2022-11-07,507.50091552734375,509.29804776986657,498.60829076142653,501.1224344954161,2540300
2022-11-08,514.9779052734375,516.607434889422,504.6886010649176,509.3909465900621,2797000
2022-11-09,503.4407958984375,516.4304855317466,502.3048083050119,515.657663873982,2672600
2022-11-10,506.709228515625,513.7208893119713,497.19280233802056,511.14155839749003,3426400
2022-11-11,486.1400146484375,508.6740973631835,474.56567458657634,508.6740973631835,7034300
2022-11-14,478.38348388671875,492.5650335045627,478.06686445755247,486.0655544308851,5238400
2022-11-15,468.38275146484375,481.07446547758394,466.2969339606811,477.50810713904065,5103800
2022-11-16,476.3069152832031,478.7372574676165,470.6734090956415,471.0645087680657,3430800
2022-11-17,479.8360290527344,490.70264969904923,476.9028524921709,476.9028524921709,4246300
2022-11-18,493.5148010253906,496.3082810311947,483.70039506505753,486.1772556634655,3566000
2022-11-21,481.586669921875,495.33060139287636,479.9012724998538,492.59298856464034,3349600
2022-11-22,487.0804443359375,488.54231532716443,484.1193059180499,484.1472679943925,2567400
2022-11-23,493.24468994140625,493.9244184249849,486.99658707358157,488.8589067182224,2238300
2022-11-25,500.6101989746094,503.61782737353565,495.86130604646354,497.23940456152707,1419200
2022-11-28,495.6285705566406,502.4353481465733,495.08848182237216,498.94349801151554,2699900
2022-11-29,491.6524353027344,496.2802728019288,487.6019124043753,495.06977627867707,3751000
2022-11-30,510.05224609375,510.3502241344508,491.16829270302316,493.2540821544289,9688900
2022-12-01,499.9490661621094,514.931454836699,498.9154922526564,514.3354988257827,2997800
2022-12-02,500.7896423339844,503.0780278874176,497.3150771086376,497.679362594461,2346200
2022-12-05,499.7434997558594,504.7312461283479,495.8579591915762,496.4277039338542,2424800
2022-12-06,503.7412414550781,504.927478209984,498.99635144414157,499.1644700615107,3097700
2022-12-07,507.0943908691406,509.89648191159495,504.03080097390836,505.1609982174927,2849100
2022-12-08,511.7740173339844,514.9216958149894,507.907174075244,508.9158860512447,2272300
2022-12-09,503.6292724609375,512.3063955491558,503.3210264240404,511.7833407334482,2852400
2022-12-12,509.8498229980469,510.0553393315887,503.7039439817334,506.1043519540252,2714100
2022-12-13,502.7139587402344,514.641548612751,499.7997876169249,514.2399222665772,3369700
2022-12-14,502.8445739746094,507.6268048860932,496.50252831490644,506.17906922105817,2654600
2022-12-15,492.869140625,498.8376083934789,490.80491297653066,498.7628700011691,2963800
2022-12-16,489.1517333984375,491.1225238664623,481.6981320174162,490.5060888843752,7109100
2022-12-19,489.05828857421875,492.43018160302665,486.56444339956573,489.99231896264064,1808100
2022-12-20,485.8919982910156,492.22469506326144,485.4156336426996,492.22469506326144,2086100
2022-12-21,492.73834228515625,493.0559376828029,483.9210936445134,489.08630876000046,2182000
2022-12-22,492.318115234375,494.11143766403563,487.21828865872726,491.7483133561139,1851600
2022-12-23,496.2596740722656,496.2596740722656,488.4045037369825,489.5252945750876,1292300
2022-12-27,496.89483642578125,500.490887765448,494.8959976351949,498.70685772972246,1596700
2022-12-28,493.5884094238281,502.64851631390906,492.9158778461513,499.77168652631013,1694200
2022-12-29,494.9239807128906,498.473284456806,493.97125156259403,497.4084762310258,1379700
2022-12-30,495.2042236328125,495.5031201976315,490.2165332921649,495.0361050042313,1849600
2023-01-03,484.425537109375,490.9544004404693,478.3729813918053,490.48738524358197,3525600
2023-01-04,471.21832275390625,484.4255258983114,467.5756100033575,484.4255258983114,5070400
2023-01-05,457.637451171875,468.9672426121658,456.2737749944581,467.95850248878617,5497100
2023-01-06,457.67486572265625,460.35552823262253,455.37715907187714,459.1599705398881,4841300
2023-01-09,457.73089599609375,467.0058102257061,456.3111801723204,459.92587294731874,3702800
2023-01-10,453.9387512207031,458.1138680356846,450.8377636100047,456.600743425644,3164000
2023-01-11,460.8505859375,462.9054641848084,453.0047364098277,453.2756132025059,4274200
2023-01-12,462.9708251953125,465.8289557184823,453.2101968665308,457.6748606939429,3726800
2023-01-13,457.2732849121094,475.8885045595282,453.9387894326412,454.0415190979573,5390100
2023-01-17,453.07940673828125,460.4208997405145,451.8651787463838,458.7956961350395,4495600
2023-01-18,444.8226318359375,457.2078841521337,443.43093565112457,455.85352866046566,4398200
2023-01-19,452.4069519042969,454.30306098483754,445.8967873654688,446.34510371572054,4549600
2023-01-20,454.6112976074219,454.8634755650511,447.4005814591794,453.49979910173715,3525900
2023-01-23,453.76123046875,457.76822819594355,449.6328327535065,454.5738322201769,3418700
2023-01-24,459.1693115234375,467.2580175241529,448.33455409852127,467.2580175241529,3036300
2023-01-25,460.0099792480469,462.6812925520509,453.68660360197845,457.0024001724848,3037300
2023-01-26,459.99127197265625,463.69937356156504,458.21659152369085,460.00994231788707,3005000
2023-01-27,453.9854736328125,460.8225831391224,452.50971811309626,460.8225831391224,3177100
2023-01-30,453.7426452636719,462.5785650469046,452.81793576583215,455.62937644863877,3606900
2023-01-31,466.2586364746094,472.15236600332395,460.5984145453029,465.1471380210788,5567000
2023-02-01,464.2131042480469,471.10625309314975,462.97085637014015,466.9685053027664,3451200
2023-02-02,439.76953125,462.34505910200426,433.28738634234634,461.65388571079814,11169900
2023-02-03,440.8809814453125,447.19503553076845,438.7607428801852,443.8792392960509,5440100
2023-02-06,443.8885498046875,447.3724930786115,439.9376198859961,440.86230075984435,4174200
2023-02-07,445.4204406738281,446.5412600989329,438.0882960208364,439.96570632614663,3394600
2023-02-08,451.3421630859375,453.04210522506673,443.7671618529745,444.103427613317,3466400
2023-02-09,453.6865539550781,457.39465543590046,450.5762170520012,453.5931452229589,3664600
2023-02-10,461.6445617675781,462.9615481564201,456.5073941606551,456.8623303014655,3418100
2023-02-13,462.6719665527344,466.89377371935285,459.3188008212256,461.4110198058371,2589000
2023-02-14,460.3182067871094,465.10046655845906,456.82494208123626,461.68191174548116,2072600
2023-02-15,458.8424072265625,459.3841322850408,456.1710941205195,457.34795297289475,2242500
2023-02-16,455.1997375488281,461.41103423184904,455.12499915170054,458.74904179502676,2611500
2023-02-17,466.1558532714844,466.5107893642166,455.1996955384869,455.2277153087371,3891500
2023-02-21,458.8984375,468.3228000752527,458.14187521577094,463.93287464266183,2877300
2023-02-22,456.6380920410156,461.30824359206935,456.43260423259557,460.2994748946097,2982800
2023-02-23,459.2533874511719,460.7851824108489,453.81732394496584,454.5552159065051,2511800
2023-02-24,452.3789367675781,460.01932719877004,451.14603828740763,457.28259642912053,2940400
2023-02-27,451.43560791015625,458.5529154411321,450.1653116647101,456.5260568048718,3006200
2023-02-28,444.5423889160156,451.47287786772534,442.6556579475836,450.82842317652444,3902100
2023-03-01,443.869873046875,446.849431935493,440.8622943898889,442.36606946621083,2996900
2023-03-02,446.186279296875,448.73616373643574,442.02983311989556,443.8605245003596,2188800
2023-03-03,446.9895935058594,447.49397791160936,442.9359049218002,446.4104992087575,2863300
2023-03-06,449.0630798339844,452.3975747965743,447.4005070648149,449.61415428229054,3812700
2023-03-07,442.61822509765625,451.9024873428413,441.3852984222501,451.11790541422073,2589200
2023-03-08,439.5547180175781,444.02873167664677,435.96804465251495,440.6288472915585,3036600
2023-03-09,434.24005126953125,442.6836935725626,433.15657264842304,442.6836935725626,2780400
2023-03-10,431.49359130859375,439.48924641362765,428.9252419486388,433.7807449743453,3787500
2023-03-13,434.6337585449219,440.90468019716633,429.918853201894,429.918853201894,2971600
2023-03-14,435.47735595703125,440.4078635364537,430.29377225463855,435.5429778204984,3258200
2023-03-15,436.2740783691406,439.507971585458,430.4718360282427,432.1122108411264,3770200
2023-03-16,442.4512939453125,443.7354972183708,434.0900845210769,435.59921574138883,2940500
2023-03-17,440.08917236328125,442.4419479125414,437.0896181061039,441.86079106910734,5290000
2023-03-20,447.0818176269531,449.7626737073897,440.5578204654481,440.5578204654481,3119400
2023-03-21,450.0251770019531,451.29061488565384,445.9195480754829,448.4223042723964,3163300
2023-03-22,445.73211669921875,455.31190909915847,445.0759837767357,451.75934565829147,2632200
2023-03-23,440.4735412597656,450.55951425144184,437.4365129754978,447.5037205147356,3284900
2023-03-24,446.1726379394531,447.0068995660529,438.29884329594745,439.6017835156829,2533200
2023-03-27,451.7124328613281,455.82744473569755,448.609782790993,455.13378094971205,2271800
2023-03-28,442.9761962890625,453.4839897523067,441.20460628287685,451.80611256942865,2369500
2023-03-29,437.3614501953125,446.0695057503474,435.8241994111132,445.3477224684308,3733200
2023-03-30,440.6141357421875,440.9422164927427,432.19665754738935,437.34276817452684,3324600
2023-03-31,442.9856262207031,446.1820176368989,440.6516159966073,441.982647172791,3996700
2023-04-03,463.2325744628906,465.0510497880839,453.2028406014997,454.80574207030384,4729100
2023-04-04,462.35137939453125,465.0228527918821,461.0297024799289,462.14515969283724,2624700
2023-04-05,477.3304138183594,479.683160921432,465.02290929400755,466.23210808294795,4964800
2023-04-06,480.6861267089844,482.02654059291024,475.3806817089829,478.98951252451985,3472600
2023-04-10,482.90765380859375,483.1045194080067,476.261794990864,478.811407604941,2714500
2023-04-11,488.3349609375,489.5066574564913,482.9451569501398,483.8075667805732,3065300
2023-04-12,488.5412292480469,493.706076868795,487.46324552180585,492.0937926426407,3422400
2023-04-13,493.2655029296875,497.22118039965665,487.8944640254092,491.0908271756342,4224400
2023-04-14,479.7300109863281,494.21216140323946,476.6460980356087,489.3004192223948,4872000
2023-04-17,473.69342041015625,477.6678053955506,471.25628620735324,476.8523092882521,3660900
2023-04-18,472.8779602050781,475.23070727359504,466.9351191198431,472.11870317816437,3232000
2023-04-19,455.7430419921875,470.52515343774184,453.33402733469114,469.2878351771753,5809100
2023-04-20,456.924072265625,458.97688655057175,452.9871897098741,455.0587408382288,3283000
2023-04-21,453.5120849609375,459.9892254686696,451.9373320164978,459.3424468297271,3165300
2023-04-24,458.3114013671875,459.51121735965813,452.4154169592024,453.12781753799953,2322400
2023-04-25,461.104736328125,467.2725337151546,459.8486525889049,461.81710830165724,2937300
2023-04-26,452.6966552734375,457.14910181696723,448.39416070347113,455.43372218196197,2930000
2023-04-27,459.74554443359375,460.2236057151811,451.99361140591094,451.99361140591094,2473200
2023-04-28,461.2641296386719,463.0169831341243,457.54282018032086,458.0771206827698,2398900
2023-05-01,464.64794921875,468.1067993797129,461.00161618603573,463.6074679105086,2105600
2023-05-02,462.482666015625,465.5946700673066,458.6207304615039,464.2261366141404,2152300
2023-05-03,458.78009033203125,464.4136160132508,457.458413304726,463.42937383247266,1749700
2023-05-04,456.7554016113281,459.0144358284705,451.7593004713328,456.5397991636625,2555700
2023-05-05,463.31689453125,469.4753379196579,461.20784092748323,463.1106748124247,2329400
2023-05-08,461.7608947753906,463.38253301366007,457.73027029712074,461.2172401912859,1738500
2023-05-09,459.6611633300781,468.11611378067767,459.5861587453935,461.96705370644753,2038600
2023-05-10,459.37066650390625,462.55767537813824,457.09289529083395,458.7426245705804,2018700
2023-05-11,458.1427001953125,459.4174922174538,455.23688724312836,457.4302995912508,2384200
2023-05-12,460.4580078125,462.02337838574226,457.19599431557856,458.1427342829048,1536500
2023-05-15,456.36175537109375,460.98294854004365,453.3997315150513,460.61736546701115,2169700
2023-05-16,449.6689453125,458.5644549615839,449.00342978683193,457.07406061802794,2178900
2023-05-17,454.44012451171875,454.99316180592194,447.6255482257324,449.93143884014444,2682000
2023-05-18,449.20965576171875,452.32165961009724,444.20417225333904,451.8529810575613,3040100
2023-05-19,448.82537841796875,454.4307561293504,447.8786384983155,449.53775043329154,2317900
2023-05-22,450.5126037597656,451.9936441250481,447.9723738088742,450.34388633259294,2242800
2023-05-23,449.4065246582031,453.1090969285183,442.9387658950807,446.3507311247873,2874200
2023-05-24,450.7093505859375,453.00588666229703,448.89090433599233,450.5031309031384,1904700
2023-05-25,447.7755126953125,451.5905344760984,444.58847556682355,447.7098908307669,2684100
2023-05-26,451.356201171875,457.79586877282514,448.0567143268282,448.11295346693527,3135200
2023-05-30,449.7908630371094,455.4337431444179,446.2101516287245,446.81942809418206,3180800
2023-05-31,456.7178649902344,456.8678455591816,447.22243297490803,448.16917280132014,4944100
2023-06-01,462.7076721191406,467.53505632127354,455.6587271660857,457.23350911454133,3376600
2023-06-02,468.284912109375,469.63470880827396,459.6424773094759,461.1797568966167,3064500
2023-06-05,466.98193359375,471.3968775029488,466.26017892848506,469.3347090568197,2688800
2023-06-06,457.0272216796875,468.58482247920347,453.3715346023387,468.58482247920347,3816600
2023-06-07,451.9280090332031,459.71744469099605,451.4312108860397,459.25814883961954,4381700
2023-06-08,459.5206298828125,461.011024396255,452.2092265683795,454.0464672743229,2725900
2023-06-09,462.6982116699219,467.01006009344877,456.7085146171396,459.2956007865607,3174100
2023-06-12,461.7327575683594,463.4762567517859,458.10518995529446,461.46091598375415,2207700
2023-06-13,460.5329284667969,463.673080568118,458.04893779770504,460.12048904183035,3016600
2023-06-14,431.0531005859375,431.77488399182204,417.7613813585981,426.16012309664893,14672400
2023-06-15,438.4980163574219,444.2487651873894,433.8108050623034,434.827293835922,6798100
2023-06-16,431.5330505371094,440.97333508487213,431.0059780602822,438.73329142000455,7699100
2023-06-20,441.7922668457031,442.82756945636953,429.8954208323115,429.8954208323115,4597700
2023-06-21,448.7195129394531,451.18546560413716,439.72159485199734,441.3781249512106,4886500
2023-06-22,450.88421630859375,454.77139731765027,449.8959626080824,450.06537260417656,3179000
2023-06-23,448.9548034667969,453.9243649222773,448.53124971005604,450.20659353003583,4862600
2023-06-26,450.8936767578125,453.0113880630254,445.1899766069697,450.02778422028337,2968300
2023-06-27,454.1878967285156,454.77143925106617,449.6795165947779,450.01836534150607,3693200
2023-06-28,446.55474853515625,453.7737752009606,446.112381011661,453.6231789458028,3670100
2023-06-29,448.427734375,451.50546453476414,445.26527048460053,447.1476805764364,2979300
2023-06-30,452.3807678222656,453.75491902760234,447.1852980364899,449.89597292936486,3970400
2023-07-03,449.78302001953125,451.97601488512635,448.2959001335953,449.99008625466297,1915700
2023-07-05,443.5146484375,449.2277700313201,442.9216846554223,448.04184246716466,5053100
2023-07-06,441.76397705078125,444.6252483712734,439.21331947379963,441.75458453236735,3913600
2023-07-07,434.4414367675781,441.0581074617134,433.726140424496,437.660370842998,4131600
2023-07-10,435.8249816894531,435.872059175368,432.1637090249518,432.95431781067987,4339200
2023-07-11,435.6744384765625,439.06275382642775,434.0273295668725,435.1849934461998,3086800
2023-07-12,425.1423034667969,437.4909082816174,424.7187497339762,435.7779083143069,7287600
2023-07-13,421.424560546875,428.1541709002837,420.8880667755352,425.42468200376885,7276800
2023-07-14,451.9383850097656,456.48439219481673,433.0577876411836,435.3543299740067,11379300
2023-07-17,455.6185302734375,456.10797528482766,450.1783662058152,452.82315011184704,4582000
2023-07-18,470.6024475097656,474.76258578400126,458.8373863220215,460.5597786416579,8816400
2023-07-19,474.0849609375,484.400530774722,472.9366897104923,477.6991846216971,4956500
2023-07-20,474.5931701660156,478.77212240110595,471.10130787810795,476.87089876104227,2963100
2023-07-21,476.74853515625,480.40041490421714,474.85670404314544,475.35554151037013,2887300
2023-07-24,478.77215576171875,479.80748701341764,474.9038169725994,475.61911324562084,2279000
2023-07-25,480.8898620605469,482.3675607989271,477.45446956732127,480.014548307225,2730600
2023-07-26,478.1321105957031,485.5299676535651,476.84266442072936,481.46398413332184,3697200
2023-07-27,475.5250244140625,480.48516454804985,473.54848811984186,478.6686457460924,3028300
2023-07-28,473.3414306640625,477.6427445954599,468.0424416869679,475.5061907692625,2930000
2023-07-31,476.5979919433594,478.0192207465099,469.7177853925538,473.42613555139684,2441600
2023-08-01,475.0638122558594,480.05221609218927,472.94610096240837,477.66154730061453,2161200
2023-08-02,475.1202697753906,480.45691473291805,473.41669103306197,479.7227759860764,3220500
2023-08-03,475.1767883300781,476.2497759207198,471.5814067131118,473.32264187566375,2442900
2023-08-04,473.1719665527344,480.86159477428487,472.24957537753005,480.01451607880483,2411200
2023-08-07,480.7110290527344,483.4028615462003,474.9790940907367,476.0050040865658,2430900
2023-08-08,476.1180114746094,478.29222174212657,470.621376982986,473.4261786001706,2422600
2023-08-09,472.5884704589844,475.99565698716776,471.43080658975464,474.3673618531174,1916900
2023-08-10,473.8779296875,481.9346139074816,473.21907466210564,474.8097134970646,2179700
2023-08-11,478.1415710449219,480.64517984304973,474.60263098090695,475.90149850326554,2029600
2023-08-14,480.8898620605469,483.30876579560794,478.36743956303354,479.2145183153869,2127200
2023-08-15,476.89910888671875,483.4499156139061,476.5037901939444,481.5015858711481,1817500
2023-08-16,473.95318603515625,480.4851510128023,473.266096046896,478.13213852008533,1454100
2023-08-17,464.9176025390625,471.7601811068619,462.9034388237786,466.3482524874512,3009500
2023-08-18,469.1341857910156,471.48719810690693,464.48463115695074,465.6893723137553,2364400
2023-08-21,468.4189147949219,470.8378186277906,467.04476348672756,468.2589260240633,1533500
2023-08-22,463.392822265625,467.58119560736236,462.44219611440815,466.29174947549063,2079400
2023-08-23,460.6633605957031,464.9552529403659,459.2421319063942,464.01404797489954,2011400
2023-08-24,459.40216064453125,466.2917880541378,458.56447441756006,462.5363606180745,2311100
2023-08-25,460.3621826171875,462.2728276083485,456.15499514007087,461.1151638472614,1923500
2023-08-28,462.3952331542969,464.0705770571882,460.37164796557477,461.65167309439073,1344500
2023-08-29,463.85400390625,463.9575513826303,459.27976182344315,462.57397901376385,2113700
2023-08-30,462.6304626464844,467.5058973382703,461.4633777132541,464.94581875454605,2283400
2023-08-31,448.5594787597656,464.7858729437166,448.286549982935,463.41169292465446,4927700
2023-09-01,448.23944091796875,452.3901582379848,445.5287660376892,450.83717579878595,3165900
2023-09-05,452.540771484375,456.10794645902246,449.463041490185,449.8959877454922,3443300
2023-09-06,448.8983154296875,454.752611684251,448.37124292704425,453.7455154396909,2596100
2023-09-07,456.3055725097656,458.4703324196708,450.460697774385,451.684252728106,2928000
2023-09-08,454.2646484375,456.3433717243582,452.3560234814669,453.7166371173899,1858400
2023-09-11,452.9513244628906,457.1654323023794,451.6474005756438,455.40798973095264,2059200
2023-09-12,453.44256591796875,456.97639510721825,446.0914872470155,451.06150674110415,2195200
2023-09-13,453.3859558105469,457.3544173048653,453.02690096242765,454.88829412100773,2197800
2023-09-14,456.9386901855469,458.5166053922636,452.3844143261255,456.02216602989665,2334300
2023-09-15,459.8677673339844,462.8157540869077,457.44890492978504,458.96067230607383,5334300
2023-09-18,459.2630310058594,461.79527304498015,456.93866130338967,461.4834789575605,1997500
2023-09-19,454.1607971191406,458.95129050370304,450.2679409374472,457.08989717389903,3230700
2023-09-20,464.9984436035156,467.81413512036914,452.724602989291,456.1355666640374,3724800
2023-09-21,473.5116271972656,477.2911028995158,465.8959571289292,466.9447766305615,4703900
2023-09-22,478.1982116699219,481.34461278538953,470.57311183972104,471.48963593271424,4558500
2023-09-25,482.1477355957031,482.7713525744837,478.69896963125615,480.23911066194137,2758500
2023-09-26,477.5841064453125,481.3352379910363,476.5730895702795,480.88169043449665,2420200
2023-09-27,475.9588928222656,478.4438741807852,473.4266218754708,478.3210654268436,2593700
2023-09-28,481.9777526855469,485.804489992538,477.1683722370857,478.0754385350265,2922000
2023-09-29,476.39349365234375,481.76980045895664,476.02498090904254,481.74145554294216,3006200
2023-10-02,486.20123291015625,486.45636598657916,475.40138750133247,477.65960934582364,3550400
2023-10-03,481.3824462890625,485.6437861872624,480.3336266270092,485.001282140033,3143200
2023-10-04,482.4690246582031,483.60287904040655,478.6800905800401,481.40131802923645,2801700
2023-10-05,487.7696838378906,489.64056359088227,483.04536788199533,483.41385178143554,2790700
2023-10-06,495.876708984375,496.9538735099956,487.53349937488457,487.9776178036138,3647200
2023-10-09,497.4831237792969,497.8232628723595,491.5682329788763,492.41863838177596,2341600
2023-10-10,495.33807373046875,499.023085589064,494.24205115742103,497.4734867183567,2455700
2023-10-11,495.2341613769531,496.61369078851965,491.54914944851043,492.2011113229203,2819300
2023-10-12,496.56646728515625,499.4389061495426,493.4578688249286,495.5554504659393,2377300
2023-10-13,509.6622619628906,514.4432958607681,502.6702096626546,503.8512956815988,5245400
2023-10-16,508.3680114746094,516.6356171066147,506.56327897846,513.2340533301598,3827600
2023-10-17,507.0639953613281,512.5253084453045,505.0986516028002,510.1725937537671,2586000
2023-10-18,506.50653076171875,513.989877935142,505.8829425265308,513.1016986685064,2551400
2023-10-19,502.32073974609375,508.6608318591418,500.0719467841592,507.2246124427183,2351200
2023-10-20,497.974365234375,504.9663616321604,497.7286900530868,501.72546769721805,2811100
2023-10-23,492.8153381347656,498.682995468015,491.6058781161612,497.9743437081156,2357700
2023-10-24,496.05621337890625,501.4136043357353,493.2877541941901,494.0341799254219,1978200
2023-10-25,500.97900390625,503.0104376162204,491.4074765011747,498.20108679125894,2380100
2023-10-26,499.2310791015625,501.2247392824109,493.713075242033,496.71775239223206,2675800
2023-10-27,495.7349853515625,498.6451982610112,492.52246508679735,496.99167737363405,2585600
2023-10-30,500.7711486816406,502.50027522567746,494.10983327884355,496.05626125428927,2555400
2023-10-31,506.03411865234375,507.09236748460256,502.31133190200035,505.5049942362144,2464200
2023-11-01,502.29229736328125,506.2891321309977,497.7569380582163,500.76161431869957,2747400
2023-11-02,506.5726318359375,507.24350960079687,497.8987411608174,502.67031817334197,2350900
2023-11-03,501.63104248046875,506.43093612198874,499.6467827120706,505.0986960281193,2739500
2023-11-06,504.0498352050781,506.46869752724984,500.82779963442897,502.3207087952916,2684900
2023-11-07,508.17901611328125,509.8986849713806,502.2168937900348,505.8451592093467,2604800
2023-11-08,507.1396484375,511.5522293083227,504.69246940265026,510.2293893049909,1769200
2023-11-09,509.2843933105469,511.08906773383455,505.0135669566981,507.96155363645454,1819600
2023-11-10,511.37249755859375,512.7614271040133,506.4686258580597,512.7614271040133,2480800
2023-11-13,512.6575927734375,514.1505019775693,508.2544708305525,511.3158949083266,1507900
2023-11-14,510.6639099121094,512.7520334498645,506.9316659054561,509.3127541905543,2454000
2023-11-15,508.7268981933594,510.66392579963855,502.3868640465241,510.27649721029167,2473700
2023-11-16,510.05914306640625,514.8212616222613,507.8386665207679,508.7268456049789,2360300
2023-11-17,506.7237243652344,510.7205590496401,499.2120627057117,510.48434182336024,2676900
2023-11-20,505.5993957519531,506.77108179415467,502.4813394816518,504.19155012207545,2518400
2023-11-21,509.8419494628906,511.80723569306605,504.73963319055844,508.12228075881177,2115700
2023-11-22,513.7819213867188,514.3866513225072,510.47488024254085,513.0354380480916,2234500
2023-11-24,516.9378051757812,517.4008394272885,512.8843379400491,514.8874556000136,1135000
2023-11-27,513.621337890625,520.5188696913818,511.67491016048996,516.9377794620415,2675800
2023-11-28,510.7300720214844,515.7284083070961,510.2954115169943,515.5488808889619,2859300
2023-11-29,505.4859924316406,511.986695678659,499.50501326388036,500.7805633287972,4550000
2023-11-30,522.4842529296875,523.4008059704422,504.56957120943156,506.2514082652126,7121200
2023-12-01,518.7582397460938,525.9068938576146,516.8620548451231,521.8490303933913,3462200
2023-12-04,519.820068359375,523.2236872738115,514.8520161532285,519.8010879961539,2709200
2023-12-05,521.6973266601562,523.8495148982655,517.0421606297482,520.5975070846157,2645600
2023-12-06,521.0052490234375,523.2332430366436,518.7013335478315,519.1374768878536,2239700
2023-12-07,519.8106689453125,522.882479241536,516.2553222382073,522.7307520431957,2511700
2023-12-08,521.232666015625,523.0908896881539,516.2741044724223,521.6592612110001,2039900
2023-12-11,515.458740234375,521.4506896485527,511.0785590706834,521.223156788146,3655300
2023-12-12,517.3930053710938,519.0711475942179,514.4824123525179,517.4688689729736,2706100
2023-12-13,520.51220703125,520.9008994457555,510.6331006300593,515.762254946648,2876600
2023-12-14,506.5089416503906,516.6345628804125,501.9202062316979,516.0467501438608,5386800
2023-12-15,503.5509338378906,505.80739884070897,495.8145237332132,502.4890747620914,9030100
2023-12-18,499.21807861328125,503.8826773639398,497.9665896085734,501.6451930223283,3260300
2023-12-19,496.8383483886719,500.23253557419304,494.6957080524978,497.35984553155686,3645600
2023-12-20,489.1492919921875,497.58733727479165,489.09240876437747,496.65816739793985,3847800
2023-12-21,492.8942565917969,493.78546571736393,489.6896998126492,491.94616423978783,2491600
2023-12-22,493.302001953125,495.8618632536498,491.13089097963245,492.89432912580406,1759500
2023-12-26,493.03656005859375,494.4112478607592,491.08343399786423,492.8943230398312,1390800
2023-12-27,495.6531982421875,496.0039877960729,492.4012482983243,492.771018217382,1851800
2023-12-28,497.65374755859375,500.469554344275,495.7954655341675,496.2979244392244,2001000
2023-12-29,499.1422119140625,500.82035409333866,496.72458770344247,498.6776558652615,2080100
2024-01-02,511.34423828125,511.6475769606086,499.3318645511208,499.4930819415621,3415700
2024-01-03,513.8946533203125,518.4075254315492,511.4769709269973,514.8521782260614,2891400
2024-01-04,517.1085205078125,520.5027073706483,514.8141531917341,516.7103379180388,2994400
2024-01-05,509.4859924316406,518.6066383710753,506.02543138712633,518.6066383710753,2815400
2024-01-08,508.6705627441406,512.2069289466942,500.59279682342355,511.4010735379896,2648900
2024-01-09,510.4245910644531,511.60021658973335,504.69813278741975,510.0738014437478,2677000
2024-01-10,509.7324523925781,513.1076592905249,508.31980386286335,510.16853789642585,2180000
2024-01-11,511.6665344238281,512.1216002894697,506.78389295062897,508.3008177474153,2814100
2024-01-12,494.4397277832031,501.04790471667906,486.4947080223325,491.9272595172598,6327300
2024-01-16,492.20220947265625,497.2744808396763,489.73713442800704,496.52550865012034,3736700
2024-01-17,497.691650390625,503.1147113998535,493.00807139766835,494.22165750340844,3791300
2024-01-18,489.5380554199219,490.0121016200598,471.63803733987163,479.00473380744506,7367000
2024-01-19,477.4214172363281,490.68522094829893,475.7717456823917,488.26759684797946,6143400
2024-01-22,486.3619079589844,486.91181775027746,470.7278736400079,477.7816833663314,5922900
2024-01-23,488.7606201171875,491.18773438400973,485.4991798961168,485.8973625075181,2672900
2024-01-24,486.5894775390625,494.6482634956126,486.3240417395544,491.01711101705735,2918800
2024-01-25,467.7887878417969,469.78927786604146,454.1362629672648,462.2803732716326,14671000
2024-01-26,477.080078125,477.54463411392146,464.4704326147987,467.6749893605001,6212200
2024-01-29,478.3504943847656,480.2182373623337,475.13644761822997,476.99470041413895,4554100
2024-01-30,477.46881103515625,479.7821588608707,473.30670034554913,478.3505589775812,4931200
2024-01-31,485.1767578125,488.2675480550187,478.3220688106316,478.3220688106316,5358100
2024-02-01,480.81561279296875,483.73572477065323,476.890496212412,482.41786239404115,4242600
2024-02-02,483.7451477050781,486.2859992076346,479.1563844160687,481.86791452315026,3804500
2024-02-05,476.8525695800781,487.5091483711587,474.0936170841752,483.4892167165704,3646300
2024-02-06,484.162353515625,484.4183280448623,476.3690329127498,477.78168131508716,2745400
2024-02-07,492.4297180175781,493.9561328702375,486.07748746101663,487.32897635397535,4109100
2024-02-08,493.0933837890625,495.0558840625375,490.4292465569309,493.6053328342779,3343000
2024-02-09,491.3204345703125,493.3778368213315,489.49062311226356,492.0504842637044,2715400
2024-02-12,490.77056884765625,492.0504704539704,486.19126630603097,491.3204207810678,3194000
2024-02-13,490.0215759277344,499.5783643442261,487.5186557554162,494.90427535436055,3436000
2024-02-14,490.10687255859375,491.61436488988477,487.5944046287641,488.51408431941735,1918500
2024-02-15,493.84234619140625,494.66718190369977,489.0260208672939,490.4861201161075,2292100
2024-02-16,494.4775695800781,496.60128725412886,491.9556693088846,495.1886388656023,2135500
2024-02-20,494.0130310058594,498.0993069961964,492.4486553757132,496.9995452572407,2600200
2024-02-21,494.8757019042969,496.5064507242586,490.6756600285066,496.4874703611435,2095900
2024-02-22,499.17071533203125,499.39824827973433,491.6713289069357,496.9901140939094,3186800
2024-02-23,499.87225341796875,502.96304405959506,496.9521124730802,499.4076973767987,2502000
2024-02-26,498.0519104003906,505.1531132731158,497.09432781019984,500.8961876225963,2308900
2024-02-27,486.76959228515625,498.3079186583797,485.47071030388616,497.52098574991976,3780600
2024-02-28,472.41546630859375,472.67144083316725,459.2464782972862,469.722887442161,9558600
2024-02-29,467.9784240722656,475.70537150483005,466.0822392331831,472.62407114132094,6833200
2024-03-01,464.1196594238281,464.58421542911117,452.47708620996093,464.01538315059446,7315000
2024-03-04,456.8572998046875,461.75895045420407,455.1791866005785,458.15618181918535,5239800
2024-03-05,448.5899353027344,457.83383665668543,446.19126257027926,457.3503291837103,5296200
2024-03-06,448.0684814453125,454.89472947824356,443.88739042006864,449.8129680181777,5577500
2024-03-07,453.92767333984375,456.2125794718271,449.0165617035393,449.39579287285346,5102000
2024-03-08,453.6135559082031,460.9236021416415,451.9002447597918,455.2887566819859,4673600
2024-03-11,465.5876159667969,466.69174219861395,453.07105788719537,454.0228878407399,4410100
2024-03-12,465.7779541015625,468.5668086576801,463.87429435580975,464.61672049475163,4153800
2024-03-13,464.4930114746094,472.10765100698006,461.95161274976107,469.74710229482906,3669000
2024-03-14,465.4448547363281,466.0920921436917,461.8183848790573,465.17834350696984,3378500
2024-03-15,467.17718505859375,467.55791123073766,463.9695227607753,463.9695227607753,5713500
2024-03-18,463.5887756347656,468.39553441558036,462.9510658209886,468.39553441558036,2970500
2024-03-19,469.55670166015625,469.670916592868,464.29308382905384,466.0825285683147,2511700
2024-03-20,470.42291259765625,470.77508502103234,465.8636391399945,468.74768264046827,3548200
2024-03-21,468.0052490234375,472.29801119671555,467.61499527609004,468.56682518253444,3693400
2024-03-22,466.4632873535156,471.9458078403375,466.1777209542005,471.3461794016168,2847300
2024-03-25,462.4750671386719,467.8053198197325,460.7522575272054,466.9677049494535,2786100
2024-03-26,468.59539794921875,469.5757816307717,461.8564547188183,464.61675575010435,3113300
2024-03-27,469.34735107421875,471.8506684738968,467.643567341588,469.9184548499796,2653100
2024-03-28,470.8702697753906,471.983894507438,465.7303650050241,471.15580713039157,3820000
2024-04-01,466.1111145019531,471.8982275236239,465.1592846002114,470.65133267614567,2928700
2024-04-02,436.0713195800781,441.3444357707306,427.9426849349098,437.4609829581616,11867000
2024-04-03,437.59423828125,440.5544441676368,433.6060689557819,439.7453829997956,4460400
2024-04-04,433.4443359375,439.4789344553474,430.151012378022,438.62229329274334,5182000
2024-04-05,433.7869567871094,435.7001442142088,428.3329899567894,428.98022732850427,5747400
2024-04-08,434.034423828125,435.1766312993213,431.74051033929317,434.0058700937222,4532300
2024-04-09,437.5752868652344,437.61336819838226,430.66499179997214,432.39732936387446,3521200
2024-04-10,428.37103271484375,436.6424368279179,428.11404910025584,433.54898966852437,4493500
2024-04-11,420.44232177734375,429.0563711054638,420.2138918872195,428.69470012861535,5844100
2024-04-12,418.043701171875,420.9372431361519,415.35953389869087,419.12877214659306,6045700
2024-04-15,424.1639404296875,426.7529187819203,420.6992658351008,420.708793428808,5376800
2024-04-16,446.30352783203125,456.6403864197335,443.17199938330305,453.8039229109645,11816500
2024-04-17,455.9169921875,464.49298883810593,451.72894645830445,455.54579363311007,8759800
2024-04-18,469.4234313964844,477.81857751872127,462.56074641443746,462.7130426738536,8880400
2024-04-19,476.99053955078125,482.8633139778937,471.68883984612637,473.05947727511335,6618600
2024-04-22,467.5674133300781,475.36290255315396,467.005837173467,473.8018875706742,4697700
2024-04-23,462.7606506347656,470.49903231626575,461.60894459698164,467.3484776926908,3646700
2024-04-24,463.8266906738281,465.31154296848734,457.5541352264123,460.47625994056637,3724400
2024-04-25,470.0707092285156,473.1832116499287,464.04563863018865,465.4067484411355,4329700
2024-04-26,471.4889221191406,473.2783668851729,467.72918259172974,468.30028631137395,2727000
2024-04-29,465.473388671875,473.3926206466944,464.27407366701,471.8316056214705,2192100
2024-04-30,460.4001159667969,466.12059368631054,459.34356971502916,465.406721289658,3367500
2024-05-01,460.7903747558594,465.6256870803828,454.08951294418455,456.1740228205074,2729200
2024-05-02,469.22357177734375,469.90889044506343,460.6285492204442,460.95216789026426,3561400
2024-05-03,468.7286376953125,469.0522563699606,462.3799195921703,467.21520261888185,2487600
2024-05-06,470.565673828125,471.0320611871011,468.30031400302374,468.7572028152643,2029500
2024-05-07,476.8287048339844,477.4854697974147,471.19388801859355,472.1076366012838,3752100
2024-05-08,478.9703063964844,482.5777497796283,475.9910742206522,479.88408399668845,3078900
2024-05-09,482.60626220703125,483.50098454260257,477.95182959095837,477.95182959095837,2342900
2024-05-10,488.10791015625,488.84083780190304,482.5777805179056,484.4814404016054,2784600
2024-05-13,487.08941650390625,489.87827109811803,482.8728170808778,487.38448144472494,2454500
2024-05-14,489.1263427734375,491.3060122816948,482.863285904206,489.7926353076256,2949700
2024-05-15,492.6195373535156,497.4167970767746,490.03058799404903,490.03058799404903,2981200
2024-05-16,496.1604309082031,502.7184953001995,494.4852008527696,494.95158824647956,3655800
2024-05-17,499.3585510253906,500.51975567807153,494.9611013065579,497.7499560870235,2657200
2024-05-20,492.31494140625,499.3585056298712,491.65817647703375,499.3585056298712,2476200
2024-05-21,498.33056640625,499.44419119833833,491.0680991278858,493.35251428123223,2521900
2024-05-22,496.23651123046875,500.9290839134249,495.5702767549179,497.63573143832025,2299100
2024-05-23,491.9342346191406,495.1704212322038,490.4112720114492,493.3524517917122,3055400
2024-05-24,483.69140625,492.2293214946253,483.07269358568135,491.2489088257951,2527800
2024-05-28,479.41766357421875,482.2445994595967,477.7234075617812,482.2445994595967,2912800
2024-05-29,461.3710021972656,470.10879393336586,450.4725379419736,468.62394157484727,7521600
2024-05-30,458.4488830566406,462.6179028256715,454.9747095982964,459.0866218949469,5169700
2024-05-31,471.50799560546875,474.4015667740263,459.17228764115754,459.17228764115754,6694800
2024-06-03,473.4783020019531,474.6585618680463,469.3188096859195,470.32774712904023,2795100
2024-06-04,481.1405029296875,483.786588978186,470.76556248259106,474.54432847373346,3178400
2024-06-05,478.8846740722656,484.5766275623456,474.7727617660047,484.1959013964054,2464400
2024-06-06,477.74249267578125,480.3885787271958,473.32598784454717,479.3891398691792,2419600
2024-06-07,467.05340576171875,478.6371591252879,466.7964221514428,477.85668070045415,3416300
2024-06-10,471.15576171875,471.5269892920147,462.7701433137812,467.3484424321338,3332800
2024-06-11,472.31707763671875,473.80193009365894,466.67273278132785,467.21525379815694,4599700
2024-06-12,469.3187255859375,475.9148991162795,463.9408930354316,475.9148991162795,4048200
2024-06-13,473.3450012207031,477.8186134034581,461.04737508658513,466.6631657294278,4951700
2024-06-14,473.1736755371094,473.8685218216607,468.04332747761475,472.8976367326241,3188400
2024-06-17,467.63916015625,471.3574702989756,467.1325514477316,469.6464589672461,2407200
2024-06-18,459.8201904296875,469.96196288829094,457.89891600073065,469.05387681608914,3692700
2024-06-20,463.1370544433594,464.4752926956091,457.00993836485907,458.8547853826249,5258100
2024-06-21,461.2922058105469,466.75020239866546,459.38047034437045,463.0605669509137,6368600
2024-06-24,468.3561096191406,469.2259528073694,463.11794363547074,467.28551319232605,5139800
2024-06-25,463.1180114746094,468.9870545590456,459.3901323866776,468.9870545590456,2916100
2024-06-26,462.67828369140625,465.92822855715315,460.22169630843683,463.1179747359297,3153100
2024-06-27,464.97235107421875,467.4002635381473,460.7760772848728,463.6436807842184,2991900
2024-06-28,486.78521728515625,486.9190236006928,467.8112367076148,474.46406804680106,22734200
2024-07-01,472.8200378417969,486.4507230539717,471.1377302203872,484.3860449465043,4523100
2024-07-02,476.2515563964844,476.4714164887574,471.61562097066445,472.4472212772215,3312000
2024-07-03,468.2701416015625,476.0986729000337,465.0488422608828,475.1810478797966,2239200
2024-07-05,466.4730529785156,468.05979702212977,463.11794767618414,467.4193527629598,3499000
2024-07-08,467.74432373046875,472.0839715059772,464.71423928275414,467.60094940137276,3450600
2024-07-09,470.39208984375,473.536903078832,464.6377761795911,466.7789107205302,3056800
2024-07-10,478.8228454589844,479.3676971007417,468.48991697378455,469.2737355632491,3189800
2024-07-11,482.1014709472656,486.2786377483338,475.7354170518327,475.7354170518327,3535100
2024-07-12,488.9550476074219,491.860893845876,481.21251270347443,484.5485111141139,3570600
2024-07-15,492.6255798339844,507.4033169174057,491.1248603979198,501.1041224909652,5128000
2024-07-16,524.6471557617188,525.650805285406,503.86659908305177,510.3378427712101,11062000
2024-07-17,547.97998046875,548.2953748714209,526.9699642489534,529.5508192602277,10330800
2024-07-18,539.4345092773438,555.8371765558129,536.6433330400585,539.5874224690565,6834800
2024-07-19,540.3807983398438,544.749121499107,536.7580217802763,542.0917808212022,4290400
2024-07-22,533.880859375,539.3483950747878,532.494839425153,538.2013420700338,3377300
2024-07-23,530.2199096679688,534.1772165809156,528.4133054240308,534.1293765150359,2785600
2024-07-24,535.0469360351562,536.3660381061923,528.613965192135,535.2859029561188,3156200
2024-07-25,534.9800415039062,544.7394719823361,533.928610342673,537.1976616276238,3102900
2024-07-26,544.576904296875,553.5716517981388,535.2858984912835,535.2858984912835,3201900
2024-07-29,541.7381591796875,546.1351284010325,536.9683874568909,540.7440775173663,2965000
2024-07-30,550.8953247070312,553.8584916536744,541.0116256403298,541.8814980399055,4139100
2024-07-31,550.7327270507812,555.2635891094245,537.5035503051098,540.4858529629912,4713200
2024-08-01,547.492431640625,561.5723460039061,542.0726190783878,551.7269190954652,3680800
2024-08-02,563.7994384765625,565.4339348372869,549.8628716521235,556.6304310234709,5094000
2024-08-05,544.8065185546875,560.922438212485,541.747729442056,556.4298471728276,4587400
2024-08-06,543.2674560546875,552.0328060328302,537.7043566429662,543.1336788985003,3216500
2024-08-07,541.09765625,546.4218468545798,532.4470643972068,541.6042358423642,4320700
2024-08-08,541.2505493164062,547.1865090895334,539.4630812783791,539.4630812783791,2860800
2024-08-09,534.1007080078125,540.9542638847348,533.0205727128482,539.6255936239853,2976700
2024-08-12,540.342529296875,543.8888201111004,536.2896588472145,537.5036297160539,2532400
2024-08-13,548.8976440429688,550.3218780622011,543.8889049384653,544.8352049463282,2369400
2024-08-14,554.0879516601562,555.4739718395049,547.9704318577417,549.8534636929337,2344400
2024-08-15,554.0305786132812,557.5960055467169,548.1998077694112,554.0879283535259,2751800
2024-08-16,552.1856689453125,555.9804942100457,548.7636461010827,555.2826710877231,2728900
2024-08-19,553.2371826171875,557.5576653176072,551.60262770776,552.5680635017852,1847900
2024-08-20,555.0247802734375,558.0452974980484,550.1020367125425,554.2600391964244,1677500
2024-08-21,552.5585327148438,557.643756656334,551.9467632914592,555.8467204386064,2844300
2024-08-22,553.1797485351562,557.223108733321,545.4372432051158,553.6863864395046,2282000
2024-08-23,558.71435546875,559.3834746669456,552.9217983293958,555.3592498056723,2376400
2024-08-26,561.2186889648438,565.9598144491163,559.8900186666979,562.0980710410689,1800000
2024-08-27,561.4288940429688,566.1987230749285,558.016497549955,563.4553289854946,1581900
2024-08-28,562.5663452148438,566.6766229254451,558.1024594703475,563.015633363503,1657000
2024-08-29,565.4627685546875,566.4568501465482,558.5805081530305,564.6120321398445,1953200
2024-08-30,564.1532592773438,567.0782127852332,560.7025900806223,563.962074024619,2944700
2024-09-03,572.2589721679688,574.1515718903937,565.7017325501444,566.3708517306774,3175500
2024-09-04,577.5162353515625,581.1103078317052,571.4942795154503,573.5207147067574,2935000
2024-09-05,569.2096557617188,579.2558347720311,563.6464986644091,577.5257165430896,2144800
2024-09-06,570.538330078125,574.1036980087905,566.1222258736514,569.5728943450996,2926400
2024-09-09,567.8810424804688,573.023615964651,549.8820936273719,571.914834975532,3411400
2024-09-10,572.5935668945312,578.1088849162165,565.0613232968404,568.9421445745099,2863500
2024-09-11,563.7230224609375,565.3002276323316,553.4187398031133,563.1399571179282,3563600
2024-09-12,562.4517211914062,564.4495105873082,557.4716872331029,562.5569109902209,3395800
2024-09-13,568.0913696289062,571.3030715012628,561.3142411166707,564.994367227595,2241900
2024-09-16,565.1369018554688,574.3937003607072,563.8131219990224,570.7581360004227,2548600
2024-09-17,554.412353515625,562.8153980302942,552.9063125740977,562.1343628387594,3416000
2024-09-18,556.9927978515625,560.7051190732301,548.9925658752144,553.3571750622259,2988300
2024-09-19,553.55859375,561.0024394512586,551.1700525416585,559.9376193964466,2945700
2024-09-20,551.572998046875,555.256572177747,546.4409944409391,548.4074603764648,5398700
2024-09-23,550.0476684570312,555.8224157797382,548.6951415093687,553.0021971510226,2386100
2024-09-24,551.7552490234375,553.7888699640787,542.9396714507021,547.5632990001743,3188500
2024-09-25,552.82958984375,557.4340133208425,549.7312074014762,554.3260289375156,2658800
2024-09-26,551.390625,553.1076742987689,547.6494985263499,551.5728862086837,2751900
2024-09-27,558.143798828125,562.8058334875446,553.0981549521266,554.1437125512816,2986200
2024-09-30,560.8585205078125,562.5276187509104,555.1605301150622,559.7266039814406,3009700
2024-10-01,559.5347290039062,564.7147414509652,557.107838663885,561.1654780000852,2648400
2024-10-02,568.1776123046875,579.8901634336684,560.4460018525604,579.640747201598,3667000
2024-10-03,568.5997314453125,569.0601561869915,560.56115105581,566.5469068913005,2645800
2024-10-04,567.1129150390625,571.8420463985938,564.4653555813477,568.0050172826981,2462600
2024-10-07,559.7841796875,568.3023890742685,559.5635692471305,564.8010765596796,2591100
2024-10-08,557.8848266601562,565.2039638835496,555.9471083532574,564.1007946685813,2231400
2024-10-09,567.1321411132812,568.6477842233963,556.9544339860068,558.4412712704111,2207700
2024-10-10,573.34814453125,574.5472162495483,568.6094107585977,570.9307972116648,2143200
2024-10-11,573.683837890625,577.0124912905957,571.9092352389952,572.1873987889091,1909700
2024-10-14,580.734375,583.8327572483278,573.0411129548323,574.7006092973608,2447100
2024-10-15,533.625244140625,546.4889178462803,520.8767351802204,529.52925511521,11939400
2024-10-16,548.06201171875,552.7047835874213,532.5028301337476,534.3158402183055,5103900
2024-10-17,542.9684448242188,546.268233773505,535.9562176617255,537.7404807601907,5588700
2024-10-18,546.402587890625,547.6880185545891,540.1002598122332,543.7550281263591,3687000
2024-10-21,548.1867065429688,555.6785617897942,545.5296038025289,546.4313079495777,3018000
2024-10-22,546.642333984375,549.6927650780232,542.450384397169,544.7142175033857,2593800
2024-10-23,541.6349487304688,550.7478912769569,537.1839816877241,548.8197751177969,2911900
2024-10-24,537.9610595703125,548.4073851431685,537.4814309421565,541.9707478758861,2590200
2024-10-25,541.5582885742188,548.2155364506569,540.6469824469881,543.093076805457,2513700
2024-10-28,542.2106323242188,545.1747633909322,539.8796439156805,543.1794916461611,1826500
2024-10-29,539.227294921875,544.551161071087,537.8171562870446,539.8891847814041,2600300
2024-10-30,540.0235595703125,547.0740779441832,538.0954428550253,538.3832083613911,2323600
2024-10-31,541.500732421875,545.2898103725973,538.0282257658597,538.0282257658597,2490000
2024-11-01,544.4360961914062,547.0932577716002,540.9252400712684,542.095505928507,2548300
2024-11-04,535.044921875,545.4240920898832,532.7906322640359,543.6494310920925,2656600
2024-11-05,543.9276123046875,545.567904567554,531.8121897620341,535.5341122045822,2608100
2024-11-06,572.379150390625,580.830203528601,566.7770628810058,579.2954155100695,6591300
2024-11-07,580.7823486328125,582.883124478526,571.8612673812526,574.2977598652795,5254300
2024-11-08,590.7202758789062,594.547703399324,580.5425692830503,584.1877355620946,3875800
2024-11-11,599.7756958007812,605.0324076738228,588.907292948329,591.7659198440036,3003200
2024-11-12,589.626708984375,599.0370214063887,588.77301442512,594.3366954402991,2809400
2024-11-13,581.1851806640625,588.0342914251814,578.4896701553419,588.0246894850127,3409400
2024-11-14,568.9835205078125,581.3099540345559,564.9929771451452,578.892606777333,3079200
2024-11-15,568.1009521484375,574.5279879955723,565.9138758722155,567.8035847168505,3423900
2024-11-18,565.6261596679688,569.9332161049457,561.4725586564895,565.4246945328532,2577100
2024-11-19,553.491455078125,562.9305725516799,553.2708446374179,558.9783786612738,3198300
2024-11-20,576.0339965820312,578.086821212645,557.856059418177,558.968830649979,3928600
2024-11-21,573.1466674804688,579.3914422271882,572.4176225231638,575.5544128084651,2722900
2024-11-22,566.79638671875,576.7630846545985,564.686008835312,574.1730780953073,3197900
2024-11-25,581.1467895507812,584.9934201825129,570.7676199124219,573.2329178730051,5146200
2024-11-26,582.067626953125,583.6791719448034,574.4799286320879,583.4585615350434,2693600
2024-11-27,583.5929565429688,592.2934272154505,581.9814113166943,586.1350117885413,2269800
2024-11-29,585.3388061523438,590.6914781882969,581.9046486835576,583.9958225359595,2010800
2024-12-02,583.7272338867188,588.9839448216208,576.2929902835142,588.9839448216208,3364900
2024-12-03,580.5712890625,590.6626948046447,580.1780193225952,585.9623105171601,2329900
2024-12-04,585.9047241210938,597.4542190687752,582.2403543410501,586.1253931050838,4147600
2024-12-05,555.3811645507812,584.178087104217,550.5081796771568,580.9645986051931,5943700
2024-12-06,527.2269287109375,558.3931852469021,521.9702180788598,558.3931852469021,13003600
2024-12-09,539.8414306640625,542.1139465921956,524.453724921547,531.5409231243573,7684700
2024-12-10,544.2421875,546.7073030633776,536.3846500082936,541.1704171230616,5360600
2024-12-11,513.7555541992188,537.4148529813656,512.9273841173434,535.0652855011919,10363000
2024-12-12,496.6441650390625,514.2081183288656,495.13234760095565,511.8296932584886,9403800
2024-12-13,501.18914794921875,507.97789698426544,491.790908118889,496.52856841376547,8202900
2024-12-16,480.0238342285156,502.3639722701756,477.69351502196486,498.80109554738436,8880000
2024-12-17,467.5249328613281,477.2313495275996,458.1844661643123,468.9500895030202,14132700
2024-12-18,481.1986389160156,487.7658730347115,467.9871486870852,470.3270773777629,10147600
2024-12-19,471.11669921875,484.98297942985243,468.21825084798365,481.6030921786186,7418100
2024-12-20,481.59344482421875,484.0104248849392,470.6159744105622,471.1552165090232,10956900
2024-12-23,487.5732727050781,489.92284015850703,480.5534572648544,482.2000998679191,4286000
2024-12-24,487.3421630859375,487.3421630859375,482.03637362650187,485.7051592996193,1824400
2024-12-26,492.20501708984375,493.2353368759865,486.0229808270205,486.90886600636674,3387000
2024-12-27,491.0880126953125,494.15978270931504,488.9791792528094,490.5391611832918,3471800
2024-12-30,488.9791564941406,490.8376463243684,482.1038049746117,488.07399380814104,5408600
2024-12-31,487.111083984375,492.06059210835895,484.68449438325183,490.47175262953454,4214000
2025-01-02,485.81109619140625,493.12938997936783,484.6363125024563,489.17173512550124,4234900
2025-01-03,493.98638916015625,497.15442886024164,486.6488182569253,487.58286777056287,3019500
2025-01-06,494.631591796875,501.0158657040778,490.9243096589105,493.98644077705137,4444800
2025-01-07,495.19012451171875,500.245541436729,492.27242791902967,499.6196091653916,3914500
2025-01-08,505.0794677734375,505.2238729835021,490.6257816196256,495.4308253127627,4141700
2025-01-10,501.3914489746094,515.6044022646025,499.2536992102441,507.120933366305,5467500
2025-01-13,521.0833740234375,527.1113647869938,513.3798834676785,515.20942721089,6472500
2025-01-14,523.5872192382812,524.3671956551549,516.663701652257,519.6488408421769,3978300
2025-01-15,523.2789306640625,526.0425536870702,514.5258708874359,517.1931649977068,4103900
2025-01-16,491.6657409667969,519.8316628040305,491.0976119616905,510.6933461062643,9059900
2025-01-17,490.86651611328125,502.4795278688393,484.1644569632109,486.8799449264382,7495700
2025-01-21,505.5320739746094,505.54171274424414,493.8131520613359,494.9975452666956,5682100
2025-01-22,500.45733642578125,505.0024273300034,496.8752408077329,502.3254356122954,3756100
2025-01-23,510.13494873046875,511.781532725453,500.072249361064,508.3053456549454,4580800
2025-01-24,512.7733154296875,514.814736069674,505.06982357374477,508.53637139972756,3671200
2025-01-27,523.3753051757812,531.4542983590476,519.9664720912741,519.9664720912741,4263000
2025-01-28,522.3738403320312,526.2448643630643,517.9058590696852,522.8842249531519,3162700
2025-01-29,518.1561279296875,523.3367312093762,514.217750399545,521.651592266767,2737600
2025-01-30,525.3493041992188,526.8322053380022,515.1710577439311,519.4753559405915,2924700
2025-01-31,522.3834838867188,528.8062547632228,521.3434958681269,523.1056863604377,4120500
2025-02-03,527.8626098632812,533.38021810348,521.016144333874,521.9116683726033,4083600
2025-02-04,525.2337036132812,528.4691560118371,521.4397316117559,524.992969498395,2869900
2025-02-05,519.8028564453125,520.6598842118013,502.5662660469278,511.05937477357725,4621600
2025-02-06,510.394775390625,519.1189766030843,505.80160884440124,517.9538612032514,3926800
2025-02-07,507.4964599609375,512.6577855783592,505.9172299700459,509.58601574308005,3349100
2025-02-10,513.6015014648438,514.3622002380824,503.9817740130458,508.1127509638787,3143100
2025-02-11,514.1310424804688,527.2462329815083,508.69048648902475,515.171030362682,2631900
2025-02-12,507.85272216796875,522.2485755002663,506.0327581184549,519.8412343045003,3859200
2025-02-13,511.4925842285156,514.5258576012859,507.56378699639833,511.22299258036804,2835100
2025-02-14,504.10687255859375,513.4377291510195,503.5290754222685,509.39338428865034,3705300
2025-02-18,482.1712341308594,496.8752648187421,478.57947018394344,492.00280817744664,8759300
2025-02-19,492.09912109375,492.88870676046525,479.6868543958011,482.7489856862497,4380300
2025-02-20,483.798583984375,489.5858125426951,481.69936001675325,486.46590759141816,4144300
2025-02-21,449.1328430175781,452.29127347602594,422.2476437403602,423.2587152832044,19864900
2025-02-24,444.4143981933594,450.6542366647762,440.06193623034767,449.3831535598879,6919300
2025-02-25,452.9460754394531,453.31199601118453,433.3888374810884,443.6922403961831,9101000
2025-02-26,446.4077453613281,455.51711676700637,441.2175327113629,447.4284557389426,5108400
2025-02-27,451.19354248046875,457.7800248825658,447.7847389033032,448.89213943263456,4216800
2025-02-28,457.3563537597656,458.7044591061137,447.2647971215379,449.69138674496446,6146300
2025-03-03,449.739501953125,459.5807146264819,447.96770223526414,456.78820452101087,5700200
2025-03-04,457.0193176269531,461.44883178677696,449.17139035151644,452.3394599383231,5864100
2025-03-05,458.3385314941406,461.32361117171365,453.55273585473805,453.61050969453044,3637100
2025-03-06,469.6434326171875,470.0286013740576,454.5060683189033,458.35781466058893,4964000
2025-03-07,475.1899108886719,481.3912242511688,465.4546076687141,465.89755022703827,5434100
2025-03-10,464.3975830078125,481.44670973136033,461.9702737214037,476.0602245118199,5108900
2025-03-11,470.0258483886719,470.7317772897896,461.4190935777406,466.60247687526225,4101000
2025-03-12,465.2582092285156,471.5343945600322,463.043682179371,467.22135242674983,3680800
2025-03-13,465.6547546386719,468.1110743818843,459.34958776361196,463.6529799169653,2876600
2025-03-14,472.5498352050781,473.3234943180056,462.48282287220553,465.1518951656696,3915900
2025-03-17,482.5781555175781,484.1157642645455,469.93881152562165,471.4474099004604,5152300
2025-03-18,487.20068359375,489.2991989788561,481.4177327345897,485.6920851511796,3617600
2025-03-19,486.62042236328125,489.6666292853079,483.58386588994614,488.3997939319823,3317600
2025-03-20,494.45355224609375,497.44176815006324,486.92024029714304,488.60290091282957,4965400
2025-03-21,499.8207092285156,501.8998942498113,488.4481999010114,494.82106784916925,10244900
2025-03-24,499.4822692871094,501.1746099865333,494.27952572923346,498.10907221777006,3840900
2025-03-25,496.5133972167969,501.8998828107865,494.6760047042984,501.2036338483094,3015100
2025-03-26,501.126220703125,505.7197164427369,495.9524585082278,498.2250654991596,3253800
2025-03-27,498.7279357910156,503.91137839950665,496.04924238866363,499.27916241077554,2822200
2025-03-28,499.0373840332031,503.8146222326559,498.0800122057926,499.84005354497594,2379100
2025-03-31,506.4933166503906,510.71932776380413,501.50335595960195,502.07388339643336,5238700
2025-04-01,505.8841247558594,510.76772446246486,503.7856389103821,508.4177957091673,2962500
2025-04-02,505.9615478515625,507.7022294046891,499.7723923024883,505.7197848851793,2378900
2025-04-03,522.6334228515625,530.4278571887576,511.85077279221247,512.5277207867093,6457900
2025-04-04,507.7505187988281,533.5611328383234,507.54747570308166,522.8268818270913,9919000
2025-04-07,507.41204833984375,511.7637810717049,486.99757122254414,496.4843757291118,7356700
2025-04-08,534.8569946289062,565.73494970483,529.4221685543281,562.9884967836524,11762300
2025-04-09,559.439453125,569.9803411064214,536.1915496491932,541.6843966609358,12691900
2025-04-10,574.8156127929688,582.0491413599677,560.890043281153,561.1221262689903,8646000
2025-04-11,579.718505859375,586.3815068311443,567.2049124109151,569.5161213212456,6121500
2025-04-14,567.7174072265625,576.0050479417391,560.2033961191361,575.3958006073989,4839300
2025-04-15,564.3617553710938,573.3262849352159,562.8337970830722,572.7267175736165,3871300
2025-04-16,565.7639770507812,575.2120922454072,563.752551757148,566.0347798927083,4192100
2025-04-17,439.14788818359375,473.65231957938204,432.36887498790867,466.07063684565765,29120200
2025-04-21,411.31610107421875,438.5579614087838,410.8132447968408,434.9411973671603,13029900
2025-04-22,413.10516357421875,417.2828342585003,403.37662523381647,410.64887335358304,10156900
2025-04-23,413.8594665527344,424.39067447670425,409.78818687103757,412.99880582511463,8345700
2025-04-24,410.271728515625,415.7355653147137,409.6914915298636,413.48234759303637,7629100
2025-04-25,404.8465881347656,409.6044665629202,398.4446802955204,409.6044665629202,9263800
2025-04-28,406.1617431640625,410.1459917322156,401.85835098523114,405.91998022170293,6614300
2025-04-29,395.7466125488281,407.85409027111746,395.6208910948618,407.3125436325536,9909100
2025-04-30,397.8838195800781,399.64386104791527,387.78779580221607,395.5532210563757,9192800
2025-05-01,387.4783020019531,398.41565532569706,386.6853124556182,397.76774715672656,9316800
2025-05-02,386.74334716796875,388.75480181393084,380.15769762792024,386.7820079891054,11392900
2025-05-05,391.47222900390625,396.20112637756483,384.49011396641765,385.96970201048,8157200
2025-05-06,381.5115966796875,391.3851868185713,380.45751380992533,389.52843446671955,7858600
2025-05-07,378.1752624511719,382.48830507783794,372.9918791347592,382.32392280385983,8517200
2025-05-08,372.8468017578125,378.0398946035448,372.6727395204123,377.15019398114663,7218300
2025-05-09,368.0986328125,373.8138833136062,366.06781801149714,372.9629024700604,8381100
2025-05-12,366.2708435058594,374.45209289544044,364.4237711562354,368.4467099029239,11004800
2025-05-13,301.1205749511719,330.731694451795,298.91569816864296,324.6779411270291,59478300
2025-05-14,297.86163330078125,312.299709540449,296.9912630742187,310.8588118074472,40029600
2025-05-15,265.3106384277344,267.53484552142146,240.67983057540926,265.84250505515826,121849200
2025-05-16,282.2920837402344,284.7870643040033,260.27232571627866,270.0878952104499,71094300
2025-05-19,305.4820251464844,305.8688399867074,287.45616437370234,294.72838371096896,62524700
2025-05-20,310.9844665527344,313.9436718473426,302.281001424796,310.3462384139784,41487000
2025-05-21,292.99737548828125,299.7473784064457,290.18325110798406,291.0826022313145,45506900
2025-05-22,286.8952331542969,295.59869822161363,282.8626146877938,284.2068306806532,27159600
2025-05-23,285.83148193359375,289.8254102307649,282.0309757838797,286.3440181610712,16873600
2025-05-27,285.2802734375,290.0671915254351,279.60368424391345,289.63200642213985,20144600
2025-05-28,288.2878112792969,293.7710082244716,283.61696385436153,284.31324236308086,16114200
2025-05-29,288.3458557128906,293.3841874589347,285.28028844160985,287.0209699221844,16221100
2025-05-30,291.962646484375,295.56976074284444,286.09263429179504,288.15245958763575,16309300
2025-06-02,294.6800231933594,303.21907753009026,291.05357897391764,293.13273442398184,19074400
2025-06-03,291.29534912109375,295.64708229197464,290.1252246874169,293.1134112566389,12805700
2025-06-04,290.4830322265625,297.5038379274478,290.3089699807752,293.53891953828514,11255600
2025-06-05,286.09259033203125,292.4558074661755,284.4195801558947,290.4830136041529,13529000
2025-06-06,293.22943115234375,294.36089467874035,287.3594199802387,287.43680064656314,12589000
2025-06-09,293.2004699707031,297.27175023476826,291.2180253666836,294.9895219006205,12170300
2025-06-10,293.7806701660156,295.066836055353,290.6860926477361,293.7903206156568,11384100
2025-06-11,300.32757568359375,301.31395780011917,292.2720479517795,292.70720351256597,14711400
2025-06-12,308.0060119628906,308.29611571092784,298.3451734962091,301.13993797590155,15957200
2025-06-13,303.1997375488281,306.9615830661931,301.63311841740847,305.49164550124414,13762400
2025-06-16,299.63525390625,305.0989130274138,296.8401173743249,304.83596618446853,14240100
2025-06-17,300.81365966796875,301.86550639453924,297.5510326344616,299.4307145369339,11593900
2025-06-18,299.1872253417969,303.65749947621657,298.24252494378794,299.52807241319425,12205600
2025-06-20,294.1325988769531,301.514874556104,293.7235407760027,301.42722561766743,16177900
2025-06-23,292.8372802734375,294.5805995721258,287.81186629372377,294.02545989331065,12274700
2025-06-24,297.6484069824219,297.843202204433,291.52246282558116,293.58719112553393,8781400
2025-06-25,294.1423034667969,296.44076227488523,291.9802072595582,296.44076227488523,8722100
2025-06-26,294.7266540527344,298.7099696141785,293.43135797612473,294.6779701085044,6532700
2025-06-27,301.0473937988281,302.35246840520324,294.3176551783979,295.0480927444711,15304400
2025-06-30,303.8327941894531,304.2321036031761,298.3496384111671,300.94026040062283,10074100
2025-07-01,317.6332092285156,318.0324889235734,302.9659962707237,303.83279640669696,17865500
2025-07-02,299.537841796875,314.01026056993635,298.4373110825284,312.3740577948609,18177200
2025-07-03,300.5019836425781,304.10548729418315,300.1903528893154,301.75834449819746,6161100
2025-07-07,295.7882385253906,300.5604245061098,293.34372777038345,299.9663495736371,9031200
2025-07-08,299.6741638183594,300.2584900286108,295.8758651222612,296.2946718683778,9613800
2025-07-09,295.00909423828125,295.6810991004532,290.9575974321349,295.28178970977297,12816700
2025-07-10,291.69781494140625,296.97642707577035,288.86371363583373,295.1552075109834,11355600
2025-07-11,296.1680908203125,296.1875584556225,290.22719267690536,292.194493820114,9808200
2025-07-14,292.7398376464844,296.1096104716127,291.20106250072973,293.7722165831461,10681400
2025-07-15,284.10125732421875,292.8372920835697,283.43900104291316,291.8925916122791,16019000
2025-07-16,284.8608703613281,288.2695786233296,283.166264907695,284.9193029823791,9714000
2025-07-17,280.55621337890625,285.3576159613911,276.42678602940396,284.7050786426184,14792700
2025-07-18,275.2775573730469,280.5561991191431,273.48555415915195,280.3809012411879,14979700
2025-07-21,274.7809143066406,279.02717750599123,273.8654300899763,277.21570643147476,10319200
2025-07-22,277.69287109375,279.62120712174084,274.6445070929045,275.25807936420296,14600300
2025-07-23,284.8804016113281,285.0070155458623,277.51759326709913,280.0010691219835,13111100
2025-07-24,271.313720703125,281.6664607234498,270.9631249322917,275.7158435252399,22585200
2025-07-25,273.7290344238281,278.6765480683822,272.63825243902,273.670601797612,16486600
2025-07-28,274.7613830566406,277.5662679939268,272.3947725363979,276.1053928992219,15779400
2025-07-29,254.2604522705078,265.7916229883092,253.75399654026026,258.7696915645359,41706000
2025-07-30,259.100830078125,259.67543741529437,251.38739605525183,257.89315305276926,22371800
2025-07-31,243.05064392089844,254.58181382832618,241.28785711045148,254.58181382832618,29606900
2025-08-01,231.56817626953125,244.9303144871565,228.48086213583068,244.07326304181245,39989200
2025-08-04,234.69444274902344,235.93132112191168,230.7695596277883,232.0259204957428,17427900
2025-08-05,244.45310974121094,245.49520782029916,233.78872406131222,234.8697722725277,23795900
2025-08-06,239.3692626953125,246.55677321797688,238.9115206242556,244.1024987949809,12946400
2025-08-07,238.2882080078125,242.26179010723808,233.25306022385337,239.99256231007448,11369900
2025-08-08,244.34596252441406,244.53100907684876,237.9960214207692,238.40506465525084,10185700
2025-08-11,245.787353515625,251.66007004429798,245.56335683501533,247.24822856973847,11779500
2025-08-12,254.74740600585938,256.0232345434643,247.0534549282271,247.39433172778428,12171800
2025-08-13,264.72027587890625,265.09036895243923,256.0329562143576,257.4938311541499,19480300
2025-08-14,264.40863037109375,266.70708919484196,260.0357539817072,265.002735002078,25011100
2025-08-15,296.0804138183594,302.2063282205861,287.022971032091,293.84038766362346,68198500
2025-08-18,300.44354248046875,308.14722686734973,299.40147423729877,305.01121401712896,39600500
2025-08-19,296.3044128417969,302.40114100878935,291.4056129379895,300.8428683153138,22348600
2025-08-20,292.0191650390625,299.1872070449018,287.9871655595596,298.40805589123585,16679000
2025-08-21,295.4376220703125,298.5736348758748,290.03236682349,294.40527279782094,13359000
2025-08-22,299.4014892578125,302.5764375343802,296.63553963540966,298.11591206231475,14930000
2025-08-25,296.9082336425781,300.8136491566155,294.8338160185123,300.4435560517388,8917100
2025-08-26,292.5937805175781,300.90128859430416,286.52629863380554,296.37258198469374,16303200
2025-08-27,295.9538269042969,297.9893093462997,292.66198353207716,292.70094852414064,9982800
2025-08-28,294.4053039550781,296.5284353460974,291.5906702690248,296.3141724713059,11235000
2025-08-29,301.7875671386719,301.91418106683005,293.0612817111696,294.41501048718345,12065400
2025-09-02,300.7454833984375,304.7288290991673,299.2846082594135,300.2682736972622,10957100
2025-09-03,299.8494567871094,301.51484590229705,295.7784924070608,300.0734385901907,9654600
2025-09-04,302.2842712402344,303.77436260798476,296.1680755300563,298.11590893739424,7725700
2025-09-05,307.1636047363281,309.64708045256157,300.1611412295898,302.34270514413464,14126700
2025-09-08,311.8968200683594,313.2602974904627,305.61504552729724,311.3708967335557,18438600
2025-09-09,338.8451232910156,342.5362463146478,318.6266023750954,323.8273141699113,46408900
2025-09-10,337.7348327636719,339.4781519824642,332.49515615094765,336.54665319825267,17804300
2025-09-11,344.38665771484375,351.56444850348964,336.81933592601155,339.89691615463136,18943500
2025-09-12,343.3153991699219,352.8597713233265,343.2666855000246,346.6169614598537,14016200
2025-09-15,340.9534606933594,344.6972712574788,335.7003177947291,344.2562617205344,11035900
2025-09-16,333.005126953125,342.0805014268064,331.5742462609258,340.57119910514825,12695800
2025-09-17,334.7986755371094,336.1609748937723,330.9568525731296,330.9568525731296,8467700
2025-09-18,328.14404296875,338.05244567780335,327.45798828050584,336.6803662104043,11255600
2025-09-19,329.97674560546875,334.16159537316497,327.18356573028825,329.7905316198508,13656800
2025-09-22,334.49481201171875,335.6513067387905,325.9682991379935,327.7911982671105,8903700
2025-09-23,340.7574157714844,345.66753101419107,333.1815333788629,334.2008052062361,12504100
2025-09-24,344.7952880859375,347.4316547985749,340.904444380264,343.2174040946968,9016300
2025-09-25,338.6698913574219,343.2075787683629,336.7489800892123,341.9432916493518,8104900
2025-09-26,337.2193603515625,342.9919337348455,334.49479209209557,340.99260101141846,6774700
2025-09-29,338.2974548339844,338.6600726249961,334.6418463806178,337.1213995584671,6878900
2025-09-30,338.4150695800781,342.3549341542898,335.50428705679644,336.8959869118207,7429700
2025-10-01,341.3552551269531,341.74730347810174,334.8182646079004,337.042992446128,8825500
2025-10-02,346.6672058105469,348.00007452066336,337.77804465223784,340.36542025529764,8564200
2025-10-03,353.01800537109375,360.6624696666976,349.49955984972655,350.12681328377096,13494800
2025-10-06,351.6164855957031,355.2917144647868,349.98958069389806,353.8314330983794,7181700
2025-10-07,356.40899658203125,357.4478588776738,350.9206488503359,352.24373721828493,7236200
2025-10-08,362.544189453125,367.16026853084173,358.50631288504906,359.613786634634,9438300
2025-10-09,360.358642578125,368.71856196916235,358.7807287668154,365.0923241938757,8759800
2025-10-10,347.4316101074219,362.0345124206696,345.481298369123,362.0345124206696,13141900
2025-10-13,351.5086975097656,351.9987280315978,346.27517512568846,347.6668450586018,5659400
2025-10-14,352.75335693359375,355.1054974076654,346.35355964789164,347.8726721794402,5974800
2025-10-15,353.9490051269531,356.9577994132716,348.7546940700243,352.224118197926,6579600
2025-10-16,349.5583801269531,354.7820922478407,347.3336224508748,354.62527889422057,5872100
2025-10-17,349.4897766113281,351.2440942663747,343.83480520778255,344.0014287463771,8608400
2025-10-20,357.2126770019531,358.2809400014152,350.3816500053927,351.3911117321571,5996500
2025-10-21,358.08489990234375,363.6516394702736,354.2920684364863,357.85950500338544,6885300
2025-10-22,354.2822265625,356.74218914094564,350.8618233858751,356.7029783280342,7833000
2025-10-23,353.26300048828125,355.05649896373836,346.58878745070496,348.4900782801277,5756700
2025-10-24,355.2721252441406,358.1339166267961,352.8513732909411,354.1646514889598,5462100
2025-10-27,358.6827392578125,358.91794432933744,354.194043082288,356.2521771853968,7766400
2025-10-28,360.5056457519531,373.4032524981995,351.4792920385495,373.0896257903608,18858700
2025-10-29,348.1764831542969,358.8493319750526,346.82399417826383,357.01662267617155,11874900
2025-10-30,337.8760681152344,347.47087476925253,336.7490038190758,340.5908266262187,11441900
2025-10-31,334.7496337890625,339.3755229195461,330.398160543053,337.52322317661793,8390800
2025-11-03,327.13458251953125,333.9068078868114,320.08794125774733,332.36810487769543,11181400
2025-11-04,324.23358154296875,329.79054081416064,320.6759850821896,321.09740415229965,9646600
2025-11-05,321.2052001953125,323.62595219451543,317.7553960532753,319.7939098851405,9697100
2025-11-06,315.1484069824219,325.7428638052234,315.04061463076283,322.36167136274133,7922100
2025-11-07,317.7455749511719,318.0787921089143,307.8959736628304,313.2863092733651,9402900
2025-11-10,315.1679992675781,317.78477526476075,310.8459566317771,313.60970588621075,9283800
2025-11-11,320.9209899902344,321.3227886847148,313.5019209593692,316.8537128676349,7157800
2025-11-12,332.2994689941406,336.3275351202159,320.55832784518265,321.9010364932658,10403300
2025-11-13,325.889892578125,332.2700996432553,324.6844366173477,331.6036653013031,7788700
2025-11-14,315.4424133300781,321.6658065479886,314.09973457010733,320.4309500487702,8676500
2025-11-17,314.129150390625,321.34241512007077,313.06088745762,314.2075720220705,6485400
2025-11-18,307.3275146484375,311.16936692129127,302.61342363993174,310.6891466030926,9182100
2025-11-19,302.9270324707031,308.7191962173961,298.4579569753306,307.67052383301655,8181100
2025-11-20,305.3282165527344,308.4742040318584,303.8189142172394,304.61276124553154,7337600
2025-11-21,313.59014892578125,317.3829805678444,305.23022900412775,305.69085891391086,8406300
2025-11-24,312.6885070800781,319.35294104025695,311.2870267728116,318.0592531062754,10773800
2025-11-25,319.7742919921875,321.45999805640776,314.50155918983273,314.71717379952673,6149100
2025-11-26,323.13592529296875,328.50667069521734,319.3921147564304,320.07813955631997,5504200
2025-11-28,323.1947326660156,325.43908092127253,322.3323040363653,325.05687265152045,2464500
2025-12-01,316.7655029296875,323.4789266660114,316.58909913037786,320.6367557882569,6154600
2025-12-02,318.06903076171875,322.1460884369951,316.3637041471038,316.92234613997925,7978100
2025-12-03,332.9365234375,334.60263914868636,318.529644271779,319.4998951185618,9770000
2025-12-04,326.8405456542969,334.4556390535126,322.16566527513515,332.63270997198805,8061600
2025-12-05,324.31201171875,329.0162928832224,321.9598711365138,328.3204578992349,5906000
2025-12-08,319.2998046875,324.7066598386667,318.5203424234218,324.3120056919803,4782800
2025-12-09,319.28009033203125,322.00322508793437,318.1750466501944,318.8459617269979,4628400
2025-12-10,323.9864196777344,324.341629514822,315.33350563746524,318.44144868860934,5910500
2025-12-11,332.23480224609375,334.72115043100086,324.3711973012736,325.9596900029746,7513200
2025-12-12,337.276611328125,340.3747084246943,332.8662822838281,332.9945516695081,7979000
2025-12-15,336.5464782714844,340.35493459808333,332.50120535931967,336.4379310634787,6447200
2025-12-16,329.7386169433594,336.43795231748607,326.61092153589937,335.875584402924,6334000
2025-12-17,327.2029113769531,331.04096617925336,326.0682693196749,329.15646010386473,4685600
2025-12-18,323.759521484375,325.77226689940477,320.2371718427956,324.5389537288393,6354900
2025-12-19,323.0491027832031,330.1332457701224,321.71711865698285,323.6805434123363,10553000
2025-12-22,320.81927490234375,325.3973174895482,317.3561220691985,318.58943517385893,7872400
2025-12-23,320.46405029296875,323.42400160765817,319.4379555165406,319.6747419864576,4463300
2025-12-24,323.2069396972656,324.59812043868055,319.8030137263066,320.8587369294642,2842700
2025-12-26,327.40020751953125,327.4594342482506,321.90458736412984,322.8320412014528,4359300
2025-12-29,324.5487976074219,329.78790902637104,323.89760470487346,326.4727780063231,4346800
2025-12-30,327.725830078125,331.66255589444074,325.11121230400323,325.3282766160162,4432500
2025-12-31,325.70318603515625,328.8802018879278,325.47627568793376,327.88370534581946,4285200
2026-01-02,331.9092102050781,335.71769665499096,323.1280270938765,326.4826326508298,6863600
2026-01-05,337.4541931152344,342.3085268229226,329.3932753932535,330.97192221503246,7956600
2026-01-06,344.3114013671875,347.90279327098006,340.5127911940015,343.6996829189171,9441900
2026-01-07,337.13848876953125,345.4361929991165,333.52734431693204,344.3213032237757,7461400
2026-01-08,342.2197265625,343.2556975271264,336.2504730653109,336.4576913463828,5059300
2026-01-09,339.3880615234375,344.40023298765334,337.9080857224443,342.6143979299363,4129100
2026-01-12,335.96435546875,338.0757717813934,329.48205476450516,336.86221099442224,7146400
2026-01-13,329.47216796875,337.27657641470313,328.4065987621919,336.9411188846722,5605900
2026-01-14,330.4884338378906,335.56967774923123,329.639928884428,330.8929641448377,5740900
2026-01-15,334.43505859375,334.9185378332558,323.6805737302307,330.72527303842884,6943500
2026-01-16,326.6010437011719,331.7119162692861,326.01892350864483,330.38977807791053,8039100
2026-01-20,333.912109375,335.35264073207316,322.14137656345895,323.0293559592084,7596500
2026-01-21,343.1076965332031,343.4332779356386,334.168645798694,334.8987575018528,8933300
2026-01-22,349.7380065917969,350.2116096750548,342.14078564010657,342.54531596139657,7491400
2026-01-23,351.50408935546875,353.09258208371216,348.2777232015386,349.5505106781399,9082200
2026-01-26,346.9457702636719,350.05371308364437,342.6340826093485,349.2249303389971,10399500
2026-01-27,278.92608642578125,295.50180147620006,276.6567723884028,290.04562584533727,65836900
2026-01-28,290.094970703125,291.0027024164021,279.9324825435024,279.9324825435024,23396900
2026-01-29,288.3880615234375,291.65387202555553,285.3590374883647,290.4008067136846,13456400
2026-01-30,283.099609375,289.03926441710115,280.8993981188336,288.200605503728,12022200
2026-02-02,281.77752685546875,286.52331359037186,278.5117159450099,282.201779365365,8664200
2026-02-03,280.3863220214844,284.2441289542904,274.88082567321817,280.899399533992,10809100
2026-02-04,272.2366027832031,280.7020503139632,270.39154116696983,278.2453003524489,12944100
2026-02-05,264.9649658203125,273.19365705526934,262.73515628230206,270.6283598679102,13035300
2026-02-06,272.95684814453125,274.10136630983425,262.85355690624687,263.49487369356603,9572800
2026-02-09,272.0195617675781,276.4397368487514,269.6713287006126,270.49023538782427,10371600
2026-02-10,269.5726623535156,275.7589504136547,269.01026431799795,273.81524764104677,7284700
2026-02-11,275.1866760253906,275.9562621591264,266.19827491875816,268.8030465161297,6333100
2026-02-12,280.57379150390625,282.4878958393087,272.1280658242715,274.4467004687212,12336900
2026-02-13,289.2760314941406,289.5424162609187,280.71191329863694,281.81695692254965,10281900
2026-02-17,285.23077392578125,290.3021716729731,284.4907860910092,290.07523123064414,6091700
2026-02-18,284.3526916503906,286.25691992582074,282.46818554567625,286.1286505407075,6632000
2026-02-19,286.0595703125,287.00677646545466,283.0601744920274,287.00677646545466,4931800
2026-02-20,286.1286315917969,286.9179399107358,281.73802502847053,285.04331007061916,6974100
2026-02-23,278.5708923339844,287.8749991147026,277.90985337545374,284.6979833712643,7247500
2026-02-24,270.29290771484375,278.63008610216724,268.1715851207944,278.4327740747045,9684500
2026-02-25,280.40606689453125,280.93883645242494,273.17390231272435,273.5883087457124,11380600
2026-02-26,282.8332214355469,291.31842132234294,281.42231851936197,283.1489568057956,10210000
2026-02-27,289.3549499511719,290.2034849465505,280.06072010966534,280.899378965855,9723300
2026-03-02,290.9928283691406,291.36776038144785,283.6620222891216,284.31321524046825,8141400
2026-03-03,285.34918212890625,289.8187076809586,280.56392119101315,285.13211781491367,7051100
2026-03-04,288.06243896484375,290.4106717068518,283.83957650692196,285.15183838518783,7796000
2026-03-05,284.9150390625,287.5000885291143,282.91213985723385,286.1779504316799,5397900
2026-03-06,282.6556396484375,287.44087037641276,279.27140562669894,283.5041446062434,6816900
2026-03-09,283.550537109375,283.5803655260448,277.0774975936055,280.39852614134315,10348800
2026-03-10,280.736572265625,285.9468043127463,277.3161057836816,285.74795833009716,6075600
2026-03-11,283.63006591796875,284.59455850401093,279.00647932593364,280.7763694963311,6878800
2026-03-12,275.47662353515625,285.9269470548217,274.7209602020642,283.1627358622739,10512300
2026-03-13,280.4880065917969,281.2735286763525,276.2323139355343,276.48089418495215,4737600
2026-03-16,283.8686828613281,285.767839547621,279.44397276937343,282.36727883683284,4854000
2026-03-17,285.9368896484375,287.3488084380985,283.22238246669014,286.16556405202414,5752000
2026-03-18,282.71527099609375,286.7621646688093,281.4624471949345,283.5803557381978,4544100
2026-03-19,278.8473815917969,285.91698928392157,278.4794876796185,282.3871618979052,5542100
2026-03-20,274.0249328613281,281.4922936115716,273.43828708670907,277.40561834190976,38893000
2026-03-23,268.00927734375,279.15560669620453,267.5618207785692,277.55476453204625,10424200
2026-03-24,270.73370361328125,271.8274627132414,266.0703359894755,267.34306557553816,5911700
2026-03-25,269.0135192871094,274.5121128941823,265.5930528118823,273.43825962603756,8121200
2026-03-26,266.5277404785156,273.08034278207333,265.66268603579573,268.4567257080549,6218800
2026-03-27,257.54901123046875,266.1499120468286,254.516344356629,265.98086412749376,10735300
2026-03-30,260.3033142089844,260.84022572405274,255.21239532653578,258.70244155156036,7774700
2026-03-31,269.0533142089844,270.33599678803927,261.11862175045525,261.506421503485,9170800
2026-04-01,272.424072265625,273.7365528939259,269.22235750517115,272.6527466700565,5473400
2026-04-02,275.6854553222656,277.45534552157113,269.98798496185265,270.74367864614135,6407000
2026-04-06,279.76214599609375,281.6911311912249,275.6755011928929,276.3019282869355,7097000
2026-04-07,305.982421875,310.6557125153819,299.0420501528358,307.0960565749332,22099800
2026-04-08,304.2423400878906,311.1926339297742,303.09884670162427,310.22814137902384,9645000
2026-04-09,305.16705322265625,306.1414986993597,302.41279505356766,304.08324700425817,5742000
2026-04-10,302.6016845703125,308.607391668382,302.4724483346268,306.20115193665987,5212900
2026-04-13,311.22247314453125,311.5406631473035,301.199730811355,301.5278433900291,7972200
2026-04-14,312.40570068359375,317.8048561417646,310.7352487756957,310.7352487756957,5864500
2026-04-15,312.2664794921875,315.9554320324556,309.3829548311358,314.20541746552016,5041200
2026-04-16,314.6031494140625,316.80059026538316,311.33182492038935,313.2111061223722,5205600
2026-04-17,322.78643798828125,323.42278766287063,315.33898324917396,318.2324307180975,9414700
2026-04-20,321.6429748535156,323.5520542213801,318.3020404433487,322.3489342821542,9050600
2026-04-21,344.0450134277344,355.648722319699,343.26944427388656,351.00526031661906,26097300
2026-04-22,351.5123596191406,356.52374610698536,347.11747765911315,348.8873678788304,11807300
2026-04-23,352.54644775390625,354.8234513171886,348.50950696242506,352.66576141761215,7255800
2026-04-24,352.9044189453125,356.24532290478834,349.3944670661433,354.4654798371856,8554600
2026-04-27,352.67572021484375,354.4654858887946,346.96832734783226,351.9001510435625,7256100
2026-04-28,364.6871032714844,367.5308771185002,353.6998683282982,354.8135029963465,10604100
2026-04-29,368.6345520019531,368.7339901692348,362.9371121823581,363.9214802466298,9046600
2026-04-30,368.37603759765625,369.87744160261,360.9385059451532,366.4172241064422,6879900
2026-05-01,366.6856994628906,370.78229715346583,364.9356847817637,369.8476329800702,4945400
2026-05-04,368.6445007324219,368.7240330587824,362.57913672838885,366.4569824541582,4916900
2026-05-05,361.8035583496094,369.6885161814855,359.75525962508635,368.3760355922912,6489000
2026-05-06,365.1942138671875,366.45699060703,356.21549649518977,361.0379593902868,6695500
2026-05-07,367.6402282714844,367.70983802248844,362.64874789161854,364.5578575186544,5235400
2026-05-08,377.8221130371094,377.8221130371094,369.87746743357553,369.87746743357553,6455100
2026-05-11,382.25677490234375,382.6246688242237,373.9343128299113,378.28944374742184,6949600
2026-05-12,394.138916015625,395.1630654325308,379.8405751710962,380.6758011703357,9236300
2026-05-13,398.8818054199219,401.85481542088894,390.7681426338459,394.24826604152645,8454100
2026-05-14,396.82354736328125,399.6175868268494,393.7510992453305,398.72270403378167,5342500
2026-05-15,391.61334228515625,395.3718745508767,388.0337805215488,392.0607685404387,9811200
2026-05-18,388.9087829589844,389.9130568930274,381.32210876906953,387.78519535837574,8400700
2026-05-19,387.02947998046875,392.74682548894975,385.3093241434657,387.78517361871184,5016800
2026-05-20,381.12322998046875,391.14600272737164,378.53801963676773,387.3377362764213,7783900
2026-05-21,380.3078918457031,383.9172514426562,378.3789067550467,378.95559956058275,4732500
2026-05-22,386.2638854980469,388.322137279522,378.846259230469,379.7510949944643,5598600
2026-05-26,374.71978759765625,384.32493184527755,374.27236136603494,383.8078958628703,6498100
2026-05-27,381.8292236328125,382.3462596379654,374.9485088403697,376.2808953624811,4544000
2026-05-28,380.35760498046875,387.0493961299752,378.7965137522062,382.77379769013777,4330800
2026-05-29,378.15020751953125,382.9328889810419,373.317822146985,381.6005025160485,10257900
2026-06-01,377.7027587890625,381.17295969749404,373.7851619834815,373.97405505590115,6623700
2026-06-02,375.7738037109375,377.9215103567756,372.5919643898307,375.83346054308475,3874400
2026-06-03,374.8590087890625,385.25959772485203,374.6700853756592,377.8419717237235,6808400
2026-06-04,394.21844482421875,399.1005645351637,387.606216297745,387.78518679364066,12666100
2026-06-05,397.201416015625,401.7454703246708,394.9443182415365,397.2710257691138,10897300
2026-06-08,404.2610778808594,406.3889089451397,392.74682423133754,394.87468563988523,6963200
2026-06-09,410.6545715332031,410.6545715332031,405.12614922049136,407.66165562372737,8590400
2026-06-10,405.1460266113281,413.61766096102207,402.2525488568183,411.1517339543602,6512900
2026-06-11,403.2468566894531,407.6517216421196,400.82071109845896,406.38891459163034,4938100
2026-06-12,406.20001220703125,407.5622574937536,402.5110897188582,406.6872501409831,7269600
2026-06-15,411.0400085449219,414.1600036621094,399.6499938964844,406.70001220703125,6777900
2026-06-16,407.6499938964844,411.75,406.5400085449219,410.67999267578125,4815100
2026-06-17,399.5299987792969,411.1600036621094,398.5899963378906,409.1199951171875,5838800
2026-06-18,400.9599914550781,406.20001220703125,399.1499938964844,402.7699890136719,11896900
2026-06-22,406.67999267578125,409.4599914550781,402.1400146484375,402.1400146484375,5818600
2026-06-23,409.25,409.8999938964844,402.8399963378906,409.5199890136719,6675900
2026-06-24,405.79998779296875,413.42999267578125,400.0,410.5400085449219,6858800
2026-06-25,415.5299987792969,417.5799865722656,406.6499938964844,406.6499938964844,6014400
2026-06-26,427.8900146484375,427.92999267578125,416.1600036621094,416.1600036621094,10588200
2026-06-29,419.82000732421875,426.70001220703125,415.80999755859375,426.5299987792969,5167400
2026-06-30,415.6300048828125,422.739990234375,413.25,422.7200012207031,5779800
2026-07-01,426.5400085449219,428.0199890136719,413.7300109863281,417.1099853515625,4985900
2026-07-02,425.3599853515625,430.20001220703125,420.5400085449219,428.1300048828125,3928800
2026-07-06,417.989990234375,424.44000244140625,415.04998779296875,423.489990234375,6379000
2026-07-07,428.19000244140625,428.6000061035156,422.1300048828125,423.95001220703125,5800500
2026-07-08,425.6000061035156,430.7699890136719,423.8299865722656,427.1499938964844,3859200
2026-07-09,431.67999267578125,434.29998779296875,423.5199890136719,427.1099853515625,5566000
2026-07-10,424.6199951171875,432.8599853515625,423.6499938964844,431.6700134277344,3798600
2026-07-13,429.0899963378906,431.54998779296875,425.5299987792969,426.4700012207031,3863800
2026-07-14,425.19000244140625,432.1499938964844,421.7900085449219,431.0,5135900
2026-07-15,418.5199890136719,424.1099853515625,414.3699951171875,419.489990234375,6764800
2026-07-16,423.3800048828125,461.6199951171875,420.3699951171875,449.3900146484375,13281900
2026-07-17,426.0899963378906,437.4700012207031,425.1000061035156,426.7200012207031,10718100
2026-07-20,421.54998779296875,431.0199890136719,417.3800048828125,427.25,4818800
2026-07-21,436.3500061035156,437.0,420.5,422.4800109863281,6833600
2026-07-22,431.30999755859375,436.32000732421875,429.70001220703125,434.95001220703125,4234100
2026-07-23,423.55999755859375,430.489990234375,420.3999938964844,428.2699890136719,4868700
2026-07-24,420.739990234375,429.0,418.9200134277344,425.239990234375,3752500
2026-07-27,417.6400146484375,422.8800048828125,412.5400085449219,422.510009765625,4615700
2026-07-28,428.7900085449219,430.4599914550781,415.1099853515625,419.92999267578125,5917300
2026-07-29,420.57000732421875,431.67999267578125,420.3500061035156,428.260009765625,5257900
2026-07-30,421.4700012207031,427.3399963378906,411.2900085449219,415.19000244140625,3647500
2026-07-31,414.3999938964844,422.80999755859375,414.05999755859375,422.0,3920900
2026-08-03,415.3599853515625,419.3399963378906,413.32000732421875,417.42999267578125,3209600
2026-08-04,407.54998779296875,416.0,406.6700134277344,415.55999755859375,5266300
2026-08-05,412.75,416.3599853515625,397.79998779296875,403.19000244140625,5399000
2026-08-06,403.9700012207031,416.9700012207031,402.3999938964844,415.2699890136719,4712400
2026-08-07,407.0799865722656,410.6400146484375,400.6600036621094,401.5899963378906,4095900
2026-08-10,408.739990234375,413.07000732421875,407.989990234375,408.6000061035156,3182200
2026-08-11,402.19000244140625,410.8999938964844,401.32000732421875,409.0,3398900
2026-08-12,405.5899963378906,407.20001220703125,400.5,400.9800109863281,3317200
2026-08-13,399.05999755859375,407.32000732421875,398.5899963378906,405.5899963378906,4170200
2026-08-14,401.7300109863281,403.17999267578125,396.55999755859375,398.0,3476400
2026-08-17,395.6199951171875,398.8999938964844,391.42999267578125,398.57000732421875,5295100
2026-08-18,393.92999267578125,398.7900085449219,393.510009765625,397.42999267578125,3605100
2026-08-19,388.6099853515625,396.79998779296875,386.3299865722656,394.57000732421875,5268500
2026-08-20,384.8500061035156,392.7095031738281,383.8299865722656,388.25,4495070
