Date,Close,High,Low,Open,Volume
2021-08-30,383.16552734375,385.2448800957336,382.78998925934815,383.58691048237387,1284200.0
2021-08-31,381.3059997558594,385.4005497579114,379.4281976910567,381.97469453646113,4249100.0
2021-09-01,382.2952575683594,384.6035835177118,376.69844420720057,381.55329465769984,2034400.0
2021-09-02,388.1210632324219,388.7531098836511,383.1105071150851,383.95324530148974,3137400.0
2021-09-03,387.3424377441406,388.3866984173814,385.28142342470875,386.4905585344731,1604800.0
2021-09-07,385.85858154296875,386.79292609381554,382.5059942904673,384.99753316889075,1920300.0
2021-09-08,380.4998779296875,387.35158729897654,379.4098281747016,385.8127033934534,2262500.0
2021-09-09,379.7303771972656,384.92414489966006,379.16245779877886,380.4540299570917,3508500.0
2021-09-10,371.2828063964844,382.39619237097577,370.06942713041934,381.9917326156207,4215800.0
2021-09-13,381.0357666015625,383.14079213607215,373.6176688488056,375.024076918911,3068200.0
2021-09-14,379.2156677246094,383.8577253511323,378.14016616341536,383.8577253511323,2879800.0
2021-09-15,383.7934875488281,387.37847512016475,376.4213385867347,379.197378408575,3180600.0
2021-09-16,383.1683349609375,389.19842651634735,381.44019383485954,385.76974784298596,2262700.0
2021-09-17,386.2202453613281,387.0751149260031,381.4494818453467,381.4494818453467,4534200.0
2021-09-20,379.3628234863281,385.42966453106754,375.70431086064247,383.2419403529363,2799800.0
2021-09-21,379.0318908691406,384.9516811496058,378.912387553934,381.4862252707223,2382200.0
2021-09-22,375.6858825683594,378.7193026550666,372.2296003440542,372.2296003440542,3629400.0
2021-09-23,375.070068359375,381.33916774167255,374.59208312425136,376.69708083968123,2681600.0
2021-09-24,374.19677734375,374.94137276887454,372.4962395495651,374.0681008861135,1950400.0
2021-09-27,372.5329284667969,378.8571775756386,372.2479720144291,374.88613352323796,2608600.0
2021-09-28,366.42010498046875,371.3655216131092,364.9493448289434,370.07861700018077,3115400.0
2021-09-29,368.0655517578125,369.3892332050324,363.82792527753264,364.93100250102225,2056300.0
2021-09-30,359.1766052246094,370.89667952226927,358.9192243229142,369.0582364951854,3779900.0
2021-10-01,360.7301940917969,361.888422503984,352.17224161878005,359.9672523623294,3146600.0
2021-10-04,355.7480163574219,363.23046677126985,353.67976743205446,359.98561513490137,3074800.0
2021-10-05,361.6493835449219,364.02099121959725,357.7978424113128,357.88977019099525,3269400.0
2021-10-06,362.40313720703125,362.89032356171253,354.6724797280939,359.18586141698785,2809200.0
2021-10-07,372.00897216796875,375.19867206566727,364.6643729144993,364.7103508234068,2813700.0
2021-10-08,375.4653015136719,376.07199122423873,370.1154523430751,373.58090818044866,2012200.0
2021-10-11,372.275634765625,378.00239678557,371.5586428703164,375.0425014121322,2164200.0
2021-10-12,370.6669006347656,375.39171301720376,369.8120312986551,372.3858404995522,2415700.0
2021-10-13,370.9519348144531,372.5697741097076,365.9513661313232,370.7589060970401,3021800.0
2021-10-14,386.4040222167969,398.48260887841144,384.0508168976024,391.2759140818259,6038800.0
2021-10-15,393.4912414550781,395.71574226878784,387.45194812888684,387.95750884497903,3312000.0
2021-10-18,390.31988525390625,393.4268588613383,389.6028935023772,393.4268588613383,2232800.0
2021-10-19,390.09930419921875,393.2614290481658,389.1984568466679,392.35138050196633,1616800.0
2021-10-20,399.9441833496094,400.3486431592608,392.3606039972773,392.5076828419161,2764000.0
2021-10-21,406.5533142089844,406.75554407615846,399.93490769457543,400.3209930964226,2465100.0
2021-10-22,412.87762451171875,412.9971278217929,404.8803844547786,405.2296931911738,2736200.0
2021-10-25,413.18096923828125,416.0765401493219,410.3773541637683,413.6497813005299,3553500.0
2021-10-26,417.9149169921875,420.73690595263406,411.4343879535724,414.1001249531286,3103900.0
2021-10-27,416.8486328125,423.24640747102507,416.8486328125,417.9149332643238,3520400.0
2021-10-28,418.6503601074219,420.91163777958275,415.9662202284336,416.40745677156673,1672600.0
2021-10-29,423.2740173339844,424.11971364107495,416.4625811704866,417.7035360760084,2497800.0
2021-11-01,417.4277038574219,428.1366578507593,414.734391324284,424.5149225325289,2203100.0
2021-11-02,415.5249938964844,419.5695638514014,413.9990824759744,419.4041106744887,2600000.0
2021-11-03,420.3876037597656,420.56225810869637,410.928833653572,414.035807163076,2438200.0
2021-11-04,419.8636779785156,421.4723158206057,415.6352528973954,420.6358207764287,2517300.0
2021-11-05,418.99041748046875,424.2391652402533,417.8597647536142,420.8472351121082,2905000.0
2021-11-08,425.25030517578125,426.6934898647247,417.61157568916053,419.94640647960983,2279900.0
2021-11-09,426.840576171875,426.950878280812,423.1085385399422,425.25031262825104,2657800.0
2021-11-10,422.7500305175781,428.35728818368517,419.74418582597525,427.7965764432837,2818200.0
2021-11-11,420.4428405761719,423.623339907493,418.6503469815913,422.84199582645994,2246800.0
2021-11-12,421.9136047363281,423.7612495299259,420.1578877331563,423.4579186791854,2609500.0
2021-11-15,414.3851623535156,421.19659902989264,414.10940704371177,421.00357031302997,2849600.0
2021-11-16,413.30047607421875,421.3252919987022,413.07067063820466,416.39824886330115,3383800.0
2021-11-17,412.68463134765625,417.28991341207944,412.48240143298136,414.00831296145117,2281500.0
2021-11-18,413.1625671386719,416.232764165056,410.99318939970385,412.48235207635054,2073800.0
2021-11-19,404.45758056640625,413.14423755181275,403.997969679399,411.93085807753215,3536100.0
2021-11-22,402.1961975097656,407.9045553765277,402.05831989026217,407.04968608319143,2598700.0
2021-11-23,411.01153564453125,411.3700174613432,400.7805953169752,400.7897965092371,2857000.0
2021-11-24,413.7968444824219,414.55061301017605,409.6419724908255,410.5611941922564,2248800.0
2021-11-26,404.3747863769531,411.97673907842415,402.81209840138143,408.9800956717086,2480600.0
2021-11-29,415.4881896972656,416.4809367455134,404.96309048507317,407.72995665430017,4079700.0
2021-11-30,408.336669921875,414.8907252151392,405.60658031583927,410.94725621699416,7435400.0
2021-12-01,408.44696044921875,419.0915632787601,408.26313294353434,416.3063226932434,4325500.0
2021-12-02,409.9912109375,411.7101789061267,403.7405152326624,407.35304941455456,4738700.0
2021-12-03,414.3717956542969,419.09355639467566,410.5445892205541,412.9423381180895,3038300.0
2021-12-06,424.3225402832031,425.8626597383848,416.40067554833513,416.9816785275719,4721500.0
2021-12-07,428.5831604003906,429.52381433863184,424.433171856056,426.7571553090754,3105200.0
2021-12-08,432.39202880859375,433.60016282588987,426.517492276848,429.83748969922397,3228300.0
2021-12-09,436.5050354003906,437.5748136302528,431.00858572172876,432.0875951546478,2977400.0
2021-12-10,441.03314208984375,441.2636970173672,434.3747146572119,435.2877031641527,2572300.0
2021-12-13,440.9502258300781,442.9053274677644,437.1414532321718,439.9173159261695,2724800.0
2021-12-14,442.16748046875,445.4690429867137,440.0648205311523,442.43493208078826,3018000.0
2021-12-15,455.92706298828125,456.8677171221271,442.7946610698838,443.21887432900047,4188600.0
2021-12-16,454.5251770019531,458.30628331063474,451.98907288738644,455.58575214680985,4080800.0
2021-12-17,449.231689453125,454.7742392718652,448.5492558299946,453.1972513468872,5707200.0
2021-12-20,446.1053771972656,447.2858173710848,438.29417465947256,444.5099268714988,3145600.0
2021-12-21,449.3146667480469,450.9654479449507,444.6943650388641,449.1394427478436,2536000.0
2021-12-22,455.6965026855469,456.9138396519763,448.1066231265778,449.2593979484428,1687500.0
2021-12-23,456.8492126464844,459.403751157248,454.4791011946853,456.4987646473655,1706500.0
2021-12-27,460.64874267578125,461.38650718226177,458.011207828397,459.89251576309596,1349400.0
2021-12-28,463.8212585449219,466.016146314299,461.4788122207049,462.9543696251861,1495500.0
2021-12-29,466.255859375,467.7683133083115,462.9543249785943,465.51809481586656,1573900.0
2021-12-30,465.1953125,469.6219842887566,464.4759822041152,468.4230816996727,1309800.0
2021-12-31,463.0834655761719,467.4455472340336,462.9912379670513,464.9279051829233,1695400.0
2022-01-03,463.2125549316406,463.7843266983355,454.7004561393038,461.1098949364868,3033600.0
2022-01-04,452.7177429199219,464.568274254248,452.699308653747,464.06106456721994,3908100.0
2022-01-05,451.6018371582031,458.34326195884097,451.6018371582031,456.28670157719574,3921100.0
2022-01-06,433.1205749511719,446.48356058026064,427.09848006673565,442.6655566451158,6555200.0
2022-01-07,422.929931640625,431.57112514617114,420.11714485821255,431.31290477327224,5494200.0
2022-01-10,428.83221435546875,429.62530988799307,419.09357535194164,420.5322360131048,5831800.0
2022-01-11,432.52105712890625,433.8582870065928,424.8389790945653,430.8610728580449,3332800.0
2022-01-12,436.8739318847656,438.3494890824378,430.067945770236,432.49338816462443,3502300.0
2022-01-13,431.07318115234375,439.48382096763424,429.7359793696615,438.87518068492665,3005300.0
2022-01-14,432.23516845703125,436.36672298833787,428.90594058956543,433.34184339303334,3665400.0
2022-01-18,425.13409423828125,429.4869727958981,422.69944861461875,428.98899437027836,3938800.0
2022-01-19,426.54510498046875,438.5062972828366,425.6136820914711,431.5988797728666,4030900.0
2022-01-20,426.98773193359375,434.94649264955046,426.0655122101951,428.26039965491,3228600.0
2022-01-21,425.30010986328125,434.1718596759243,425.207882256165,427.44886957512625,4273200.0
2022-01-24,426.3145751953125,428.03915001746446,413.27440068414063,422.4412685729474,4780700.0
2022-01-25,421.30694580078125,423.7508229653647,412.48129439245844,418.7524067485818,3428900.0
2022-01-26,422.773193359375,427.79930225588373,418.18055701516056,422.7916557664848,4435900.0
2022-01-27,425.6966247558594,432.22592793453913,421.4636396543739,422.450393356998,3508100.0
2022-01-28,429.80975341796875,430.0126428976868,419.68376998390033,425.51220581587864,3364400.0
2022-01-31,435.8133850097656,436.3759255365673,428.27883742457936,428.83217489193214,3500500.0
2022-02-01,431.9769592285156,438.0543840424881,426.7571920329713,438.0543840424881,3148600.0
2022-02-02,442.4626159667969,444.49151079100506,432.5764185526744,432.5764185526744,3026800.0
2022-02-03,450.7533264160156,461.27585689194234,445.95780071577093,459.86486183356686,4370900.0
2022-02-04,445.5889587402344,451.5464908426888,442.8407335699424,444.2793942244804,3066400.0
2022-02-07,446.0777282714844,449.3608285061601,443.8643782375736,447.19360634857264,2937200.0
2022-02-08,455.032470703125,457.1166964379761,443.9105022691032,443.9105022691032,3534700.0
2022-02-09,459.357666015625,461.96753554134693,457.68845050905696,458.3432186554118,2818100.0
2022-02-10,448.8628234863281,455.7794720064306,447.34116644068854,453.9534666653142,2626100.0
2022-02-11,440.94097900390625,452.2842718401235,439.38242521430396,446.98150773124087,2493800.0
2022-02-14,437.50103759765625,440.5812481419219,432.82537677659514,438.1558057306211,2549500.0
2022-02-15,441.03314208984375,443.74447028903177,438.2388174940168,438.9212510734342,3001000.0
2022-02-16,442.7115478515625,444.26089830937235,434.73435321725975,438.51545954877594,2651800.0
2022-02-17,433.7568359375,442.0107139975214,432.4196341798747,440.97783237554745,2403100.0
2022-02-18,431.4236145019531,437.98061149098544,430.5198290245589,433.67383292002626,2992300.0
2022-02-22,426.5359191894531,430.8519014073857,422.210705766808,427.7532280230815,3029800.0
2022-02-23,423.8706359863281,431.34062157238805,423.1513057087913,430.8518462318042,2840300.0
2022-02-24,420.4307861328125,421.07632308804125,411.07023291481244,414.55622253357257,3933000.0
2022-02-25,438.74603271484375,438.77369818074555,420.74431387430593,421.1316303969314,3314400.0
2022-02-28,438.856689453125,440.18468808872785,429.3947062104326,429.6160580789745,3918300.0
2022-03-01,439.2071533203125,439.8619214586151,431.3498512289421,434.2640689988462,2917600.0
2022-03-02,447.6270446777344,449.27782597661525,440.7196274797642,440.99628215827414,3675900.0
2022-03-03,448.7428894042969,453.16032973578064,444.7127937378672,448.1987831477039,3139400.0
2022-03-04,459.8648986816406,460.7963496878007,440.3507242922209,443.30183891646357,4170100.0
2022-03-07,449.00115966796875,461.10991041858733,445.45060772896255,461.10991041858733,4123300.0
2022-03-08,436.6341552734375,446.8062379976064,434.8450467056185,441.5588053647628,3849500.0
2022-03-09,447.8022155761719,449.78498225409413,436.7540137074708,445.04475960247674,3115500.0
2022-03-10,453.21563720703125,455.309065727651,440.6642128543387,442.04754236034813,2834800.0
2022-03-11,446.6300048828125,456.73968809261424,446.29703687703056,451.217742845828,2615000.0
2022-03-14,451.301025390625,458.3953667925375,448.85914703946656,453.5948803211348,2704100.0
2022-03-15,460.5412292480469,462.41887405597055,450.7367669857005,453.22488134760073,3043000.0
2022-03-16,460.864990234375,467.56161039907926,453.23416276495385,462.31713837285594,3497100.0
2022-03-17,468.9675598144531,469.06006034569157,458.0161687231585,458.7746335612351,2357200.0
2022-03-18,468.1351318359375,472.3528965535112,463.9173671183638,470.5584934328451,5065600.0
2022-03-21,469.5594787597656,474.49870162331797,466.5071309942926,467.1083702545189,2617700.0
2022-03-22,467.3951721191406,473.43508714160083,466.95118649751066,471.048703237739,2752500.0
2022-03-23,465.4620056152344,469.0045471816884,463.7045802725883,464.5740344229928,2753200.0
2022-03-24,474.9241943359375,477.0700821600274,466.0446526720078,467.09910777127783,2789200.0
2022-03-25,474.5264892578125,477.7638099165634,471.0208973279542,475.599404979066,2551100.0
2022-03-28,474.68377685546875,478.32807770352093,470.623237720231,475.71971508547756,2643000.0
2022-03-29,472.3991394042969,480.59420094690614,469.2265433754273,478.2910308736859,3478400.0
2022-03-30,481.7319030761719,482.0833881819688,474.017804246842,476.4504244217198,3041200.0
2022-03-31,471.6961975097656,482.72160095441706,471.41872412720585,478.2910595376747,3979700.0
2022-04-01,474.11956787109375,476.14520816208,468.57910492475617,472.3528839083802,2344100.0
2022-04-04,471.7423400878906,474.01770605513246,466.66438060392557,473.76800828756035,2657500.0
2022-04-05,478.9015197753906,485.34838608325305,469.8740100766476,471.7239077541147,3268600.0
2022-04-06,491.8414306640625,493.47860779345285,479.12338708788786,479.32684868700244,3955600.0
2022-04-07,496.6512145996094,497.88141217497406,488.733656004218,490.2228098586979,2867000.0
2022-04-08,504.9851989746094,507.7692481675652,497.71505660373515,498.5475333227725,3986700.0
2022-04-11,497.1044921875,506.5112058060307,496.36454442817165,502.80215203416293,3574000.0
2022-04-12,493.6544494628906,500.14755171686903,490.9443562254674,495.22681727559166,3575700.0
2022-04-13,496.6974792480469,497.8814407473419,488.9464041989234,493.29367461916075,3012000.0
2022-04-14,494.6810302734375,511.7648042748151,493.9873188048608,498.084834438061,4211300.0
2022-04-18,493.9966735839844,500.3973035073843,490.5743517145891,497.5299847936286,2087100.0
2022-04-19,497.34503173828125,501.76625809658964,495.06963713480013,495.6708764978339,2207600.0
2022-04-20,505.0312194824219,507.20482621983206,498.5473204380858,501.4516727370002,2986300.0
2022-04-21,497.1044921875,506.8719493920617,495.80033920144336,504.5595773601636,2539900.0
2022-04-22,481.84283447265625,493.3214243441704,481.13986434561775,492.1282607049993,3453300.0
2022-04-25,484.9228820800781,486.76352099478686,473.324017261622,481.3433350605093,3030400.0
2022-04-26,475.22021484375,486.7635576391514,474.9704606058746,484.89514302415955,2895300.0
2022-04-27,475.24798583984375,481.80589829507517,471.5574488097792,476.2654070347869,3353700.0
2022-04-28,485.06170654296875,486.78215447400316,474.6560309843711,477.9766225136743,2582700.0
2022-04-29,470.3826904296875,480.880892947547,468.9120252578405,479.9096515657518,2873200.0
2022-05-02,463.53814697265625,474.9705303355452,456.31429814443635,472.47315695333714,3184300.0
2022-05-03,462.12286376953125,467.5800554398258,460.14348823484687,463.5195453355821,2763400.0
2022-05-04,469.52252197265625,471.5111563176649,456.08301656164474,462.01194196694274,4002600.0
2022-05-05,457.5906982421875,472.34364375637307,452.5127380657407,469.1433003975147,3359700.0
2022-05-06,462.12286376953125,463.92652502069365,448.60011832723455,448.6093768469125,3260300.0
2022-05-09,449.9136047363281,457.50742643042133,448.0729374420241,453.5948828705419,3862700.0
2022-05-10,451.38421630859375,459.09828494584013,445.0113063268224,456.74890738488125,4275500.0
2022-05-11,449.6638488769531,462.95535848070193,448.0359582000917,448.0359582000917,3936300.0
2022-05-12,442.8655700683594,450.34843232098893,436.0394701567558,449.61771470710926,3997600.0
2022-05-13,448.9701843261719,450.450108191543,440.09992788272353,444.881926050844,2453400.0
2022-05-16,452.50347900390625,458.367651344794,447.8139815445632,448.97942613207306,2338800.0
2022-05-17,455.5650634765625,457.59070374965404,451.8005148204336,456.9247394375801,2289000.0
2022-05-18,436.0023498535156,452.4941737807887,433.20898654028844,451.6154893974272,3240500.0
2022-05-19,442.6341857910156,445.43677920201384,428.55646555298125,429.47218395363984,3813800.0
2022-05-20,449.2753601074219,450.88476187682215,436.86253563905376,445.2518274567258,3068200.0
2022-05-23,455.1488037109375,458.53411978524224,449.79337035747983,449.79337035747983,2279800.0
2022-05-24,460.2175598144531,460.6985230674811,451.9855204754763,453.9556660948403,2658100.0
2022-05-25,460.707763671875,464.6110489002012,454.39037552364397,461.10548489798066,3161600.0
2022-05-26,464.53704833984375,469.18953969833245,461.9286859360985,464.0838042310528,2705800.0
2022-05-27,469.0507507324219,469.0507507324219,452.66068585232455,454.14983980241897,3349100.0
2022-05-31,459.4960632324219,466.2759255090408,458.4601250939063,465.82270963023956,4003100.0
2022-06-01,455.58355712890625,463.7508715030788,451.1715611565749,460.9205302035154,1765900.0
2022-06-02,455.3153076171875,458.9133437891924,446.7225253182326,456.9247095046017,2093500.0
2022-06-03,449.1643981933594,454.7696142020418,448.50769241246053,451.6802601983341,1756900.0
2022-06-06,453.3914489746094,456.5825339982705,449.79341240042976,452.69773729357007,1781500.0
2022-06-07,459.7921447753906,460.2638495618951,450.561143769669,452.7625268640325,2341900.0
2022-06-08,456.489990234375,460.5320120634498,451.88373494667445,456.9247173090809,3268100.0
2022-06-09,452.6976623535156,459.2000509716238,451.01424884500614,455.8887468489212,3148800.0
2022-06-10,448.2579650878906,453.372931092411,444.8356430566222,448.4151905849475,2599900.0
2022-06-13,434.4485168457031,445.21490754260265,432.19163923399555,439.470982681698,3764600.0
2022-06-14,427.0950927734375,433.967455331464,423.0900770359399,432.41354817884576,3814200.0
2022-06-15,429.4814758300781,433.81948808091585,422.239138944599,429.3612561935799,2550700.0
2022-06-16,423.3643493652344,424.96093601163585,418.34252757816836,420.8673616160158,3135600.0
2022-06-17,419.62347412109375,428.34899311605545,417.43282408028983,418.40747241867365,5277400.0
2022-06-21,445.85577392578125,450.31134987438793,424.30186932687076,424.9609170135329,5726800.0
2022-06-22,454.544189453125,460.33647261210876,440.49053825637066,441.5858634123828,5061000.0
2022-06-23,463.9473571777344,467.4468398772118,456.66060900673926,459.4360881539178,4687700.0
2022-06-24,460.0764465332031,463.9008203876714,451.6479462634676,463.6037744909724,15861100.0
2022-06-27,469.3775939941406,475.1605856212059,457.23610187182595,457.46816372692365,3907100.0
2022-06-28,471.9581298828125,481.39839046846663,468.8392037590582,475.33696415622427,4978200.0
2022-06-29,478.70648193359375,481.48193256501344,469.7024709186846,472.3386901071649,3823400.0
2022-06-30,476.77569580078125,479.27268346410887,473.14624522572944,476.70142014841764,3568900.0
2022-07-01,480.2751770019531,480.39585368374225,466.26790027794857,475.55966484139486,2426600.0
2022-07-05,468.9877014160156,474.33441543772466,456.92977690649695,471.2155178103025,3029600.0
2022-07-06,478.31658935546875,480.2844693398327,468.11515934497237,469.35903580770946,2506700.0
2022-07-07,477.4718933105469,480.18235980479636,475.47613877518114,478.2794640011477,2385400.0
2022-07-08,481.4169006347656,490.4580202512545,474.34366075733635,475.5503709134436,3092100.0
2022-07-11,479.8574523925781,484.0530916567999,475.0862476799028,477.917390609785,1743600.0
2022-07-12,477.50897216796875,481.89032899473204,473.9816436707236,476.42293866335586,2706500.0
2022-07-13,465.2746887207031,475.132670962013,465.2282876847393,471.6146339312762,3467700.0
2022-07-14,466.37933349609375,469.5910898900449,456.9576280695897,459.48246212590107,3765500.0
2022-07-15,491.7389831542969,493.8182479398129,478.4650587438518,488.31374851838564,5742500.0
2022-07-18,482.1038818359375,493.9761465288324,481.52837293953314,492.8994043969005,3212000.0
2022-07-19,495.17352294921875,495.53555298586565,483.2362765233303,483.70040016342597,2953500.0
2022-07-20,482.19659423828125,495.73045563770455,478.7249584263804,495.17352992403227,4327500.0
2022-07-21,484.9721374511719,484.9813723339906,474.46437050804565,482.12241124935537,2667600.0
2022-07-22,483.9974060058594,489.74325913318364,481.2034291876337,488.25808609631923,1850300.0
2022-07-25,491.4789733886719,494.65361931798526,486.6056760289293,488.34155025936496,2337200.0
2022-07-26,493.447021484375,499.0629064815345,492.92720524748813,495.49841181736684,2637800.0
2022-07-27,496.2502136230469,499.2670169721544,490.15162282324263,495.2569823371168,2268100.0
2022-07-28,502.6366271972656,505.2821660261463,493.5862159180984,498.92363795453036,2344500.0
2022-07-29,503.4256286621094,504.82723439143604,498.18100913974524,501.2627967482469,2945700.0
2022-08-01,496.9651794433594,504.64180483628445,492.8994506288771,503.3608186807224,2335000.0
2022-08-02,497.039306640625,501.74552712709345,493.56761423871654,498.9793117196293,2114200.0
2022-08-03,501.85699462890625,504.6138622954185,497.2528669897956,498.7102222504963,1802900.0
2022-08-04,495.4520263671875,501.6527119078597,494.53307054947356,500.5944963244281,2368000.0
2022-08-05,496.66802978515625,497.0764608894643,489.70617459062595,491.97110041347537,2373400.0
2022-08-08,498.0975036621094,502.46027752348976,495.1456838977852,501.1700001139829,1656400.0
2022-08-09,498.7101135253906,506.5816318691964,497.89325143434877,501.2535018587969,2147200.0
2022-08-10,499.1370849609375,503.09142731786875,495.5076631355124,501.49486923977946,2291400.0
2022-08-11,494.6258850097656,499.9818905189524,491.6647736031306,499.619860443598,3006200.0
2022-08-12,504.6881408691406,505.33792540366403,496.1018521102176,497.17859420443824,1981000.0
2022-08-15,505.56060791015625,507.9462101983103,499.91684863178284,502.80368405084863,1447300.0
2022-08-16,506.9344787597656,508.1597721583681,503.4721339974133,506.0897985322831,1773000.0
2022-08-17,505.8948669433594,508.48465696706205,502.71098494642166,506.1176372693903,1471700.0
2022-08-18,506.0989074707031,508.80013853005505,502.94290100731956,505.9040118197913,1486400.0
2022-08-19,508.97662353515625,513.4414912837041,505.727757620038,506.35895905628826,2258000.0
2022-08-22,505.49566650390625,510.0905022204205,502.506680574064,502.54384672774927,1672900.0
2022-08-23,497.35491943359375,504.3074830290513,494.9507905212299,504.3074830290513,2039600.0
2022-08-24,497.9675598144531,501.1235665957725,496.630881455389,498.1717470227805,1761200.0
2022-08-25,502.7109069824219,503.1286296068109,493.13138785865067,496.6216068404573,1965800.0
2022-08-26,491.2749328613281,504.2147037890345,490.31881085156436,503.3514405120275,1906700.0
2022-08-29,491.7576599121094,494.66307890514196,485.3527299725139,488.25814896554647,1594000.0
2022-08-30,485.32489013671875,492.9829311013879,484.35018505299945,492.3516730193837,2013400.0
2022-08-31,482.06671142578125,489.2791547987179,481.90886858439495,483.44979091031917,2891300.0
2022-09-01,486.40155029296875,486.6429036385628,478.13089237203604,482.0666515766678,2085300.0
2022-09-02,479.3005065917969,491.77615350443796,476.9427786692645,491.6183673152213,1944200.0
2022-09-06,480.53509521484375,489.6040902158548,479.82961814357213,482.6236518126077,2711900.0
2022-09-07,484.2481994628906,485.93761688762584,477.7504662857877,479.9040075088874,2504400.0
2022-09-08,489.6597595214844,490.5694237776699,481.5839963961142,483.57045928540026,1557500.0
2022-09-09,488.244384765625,491.4941235754568,486.60553432280744,491.4941235754568,2495500.0
2022-09-12,494.6785888671875,498.18907911042606,486.5309415211397,488.85884076286766,2792000.0
2022-09-13,478.5790100097656,489.10110655401616,476.72598230205944,487.92783587058636,3172500.0
2022-09-14,474.6774597167969,479.9012824979045,471.26011816562465,478.616277051747,2648100.0
2022-09-15,486.912841796875,491.6338297316069,478.74660739118053,480.75788794810717,3058100.0
2022-09-16,485.1529846191406,486.8290611945138,481.4842120725988,482.8250846995962,3981700.0
2022-09-19,487.5087585449219,487.9277918702872,477.65707080332385,482.89024177393475,2130800.0
2022-09-20,486.8104248046875,488.5516894156982,479.3704656788244,488.1512974454466,2421700.0
2022-09-21,476.8283996582031,491.6617707343234,476.7725323349472,488.88693229012483,2427700.0
2022-09-22,481.838134765625,485.1064590372562,471.2694333340034,475.8507536145615,2285600.0
2022-09-23,478.2530517578125,479.2307583457248,471.5207834570663,478.2065051266726,2536900.0
2022-09-26,473.364501953125,477.2847061621954,464.6488576618718,472.4613039988715,2867400.0
2022-09-27,473.373779296875,481.21413016352477,468.9135151791013,475.23609919711913,2583400.0
2022-09-28,478.56036376953125,480.72998244254353,466.3249079571378,471.6139182554621,3027300.0
2022-09-29,473.8021240234375,479.3332450402927,467.87996014188667,479.3332450402927,2392000.0
2022-09-30,470.27301025390625,480.9906415254049,470.08676690467314,475.91583705137515,3116000.0
2022-10-03,480.0223388671875,482.1639956708038,470.60829574182577,472.1726378462107,2562400.0
2022-10-04,487.15496826171875,488.47725640076845,481.2514456039497,482.66677017743706,3189800.0
2022-10-05,490.78643798828125,492.90945293192414,484.3241862370588,485.134290774783,2281800.0
2022-10-06,483.3930969238281,492.19257031923706,481.16761087652804,491.95978031847756,2187300.0
2022-10-07,470.0960693359375,478.77445778822073,466.5669654473024,478.77445778822073,3273700.0
2022-10-10,464.5184326171875,471.4555855158114,460.94278186845963,470.79446991710876,2459100.0
2022-10-11,465.4030456542969,471.93977817941925,461.09177060101507,462.7585548442738,2844500.0
2022-10-12,465.5427551269531,473.2620796408941,463.9132250937577,467.5633848714848,2254300.0
2022-10-13,474.8077087402344,478.12260701992267,454.1638829616404,459.4808260108493,3999700.0
2022-10-14,477.8061218261719,493.43095663061706,476.6887184910919,484.2031862984741,5628900.0
2022-10-17,485.9538269042969,488.2165390777791,479.80819311213526,482.09881053458594,3282300.0
2022-10-18,486.2611389160156,495.3771758843529,482.6482331617578,495.3771758843529,2345500.0
2022-10-19,484.5010681152344,487.7601273759456,479.1748045700322,485.8232991019191,2500500.0
2022-10-20,485.02264404296875,492.9747302894412,483.998390736885,487.0432454074785,2390800.0
2022-10-21,496.9879455566406,499.5952386926304,482.35013949392857,482.3966861213236,2896000.0
2022-10-24,504.3163146972656,508.860380777664,500.7779174926289,501.0293489199456,2627100.0
2022-10-25,503.0312805175781,506.47658424452317,497.1463987157232,500.7685683010053,2411900.0
2022-10-26,505.7780456542969,509.9403594561156,503.0218490578634,504.1112900954136,2863500.0
2022-10-27,504.5023193359375,508.8974227190185,502.60277398825,508.8974227190185,2212100.0
2022-10-28,513.2926635742188,514.9315143769883,506.2624164715765,507.45427179772713,2761900.0
2022-10-31,516.9334106445312,519.6802867202762,512.2589700362828,516.7937139343976,2770400.0
2022-11-01,509.6331481933594,517.4362730939715,506.75583895110316,516.7937704573606,3338900.0
2022-11-02,506.020263671875,516.4027202348088,505.68505971741763,506.932782270174,2696200.0
2022-11-03,506.18780517578125,510.15455533011215,501.0850672558941,504.4465407590756,2245300.0
2022-11-04,501.1223449707031,510.05219408669666,490.85168005852114,509.3910500481641,3513100.0
2022-11-07,507.5009460449219,509.29807839551177,498.608320744264,501.1224646294367,2540300.0
2022-11-08,514.9779052734375,516.607434889422,504.6886010649176,509.3909465900621,2797000.0
2022-11-09,503.44073486328125,516.4304229217722,502.30474740757825,515.6576013577013,2672600.0
2022-11-10,506.70928955078125,513.7209511917101,497.19286222688515,511.1416199665382,3426400.0
2022-11-11,486.1399841308594,508.6740654310219,474.5656447955807,508.6740654310219,7034300.0
2022-11-14,478.3834228515625,492.5649706600356,478.06680346279245,486.0654924156022,5238400.0
2022-11-15,468.3827819824219,481.07449682209347,466.2969643423574,477.5081382511833,5103800.0
2022-11-16,476.3069763183594,478.7373188142028,470.6734694089062,471.0645691314469,3430800.0
2022-11-17,479.8360290527344,490.70264969904923,476.9028524921709,476.9028524921709,4246300.0
2022-11-18,493.5148010253906,496.3082810311947,483.70039506505753,486.1772556634655,3566000.0
2022-11-21,481.5866394042969,495.3305700043615,479.9012420890773,492.5929573496048,3349600.0
2022-11-22,487.08050537109375,488.542376545505,484.1193665821513,484.1473286619978,2567400.0
2022-11-23,493.2448425292969,493.9245712231531,486.996737728588,488.8590579493474,2238300.0
2022-11-25,500.61016845703125,503.6177966726102,495.8612758183815,497.2393742494352,1419200.0
2022-11-28,495.6285705566406,502.4353481465733,495.08848182237216,498.94349801151554,2699900.0
2022-11-29,491.6524353027344,496.2802728019288,487.6019124043753,495.06977627867707,3751000.0
2022-11-30,510.05218505859375,510.3501630636372,491.1682339276061,493.2540231294168,9688900.0
2022-12-01,499.9490966796875,514.9314862688227,498.91552270714374,514.3355302215284,2997800.0
2022-12-02,500.78961181640625,503.0779972303877,497.3150468027957,497.67933226642,2346200.0
2022-12-05,499.74359130859375,504.73133859483465,495.85805003248163,496.4277948791366,2424800.0
2022-12-06,503.74127197265625,504.9275087994265,498.9963816742655,499.16450030181954,3097700.0
2022-12-07,507.094482421875,509.89657397022944,504.03089197353074,505.1610894211651,2849100.0
2022-12-08,511.77392578125,514.9216036991578,507.9070832142604,508.9157950098097,2272300.0
2022-12-09,503.6293029785156,512.306426592527,503.3210569229403,511.7833717451248,2852400.0
2022-12-12,509.84979248046875,510.0553088017092,503.70391383202315,506.1043216606361,2714100.0
2022-12-13,502.71380615234375,514.6413924044998,499.7996359135675,514.239766180231,3369700.0
2022-12-14,502.8446044921875,507.62683569390435,496.5025584475865,506.1790999410064,2654600.0
2022-12-15,492.869140625,498.8376083934789,490.80491297653066,498.7628700011691,2963800.0
2022-12-16,489.1517333984375,491.1225238664623,481.6981320174162,490.5060888843752,7109100.0
2022-12-19,489.0583190917969,492.43021233101325,486.5644737615262,489.9923495385029,1808100.0
2022-12-20,485.8919372558594,492.2246332326257,485.41557266738175,492.2246332326257,2086100.0
2022-12-21,492.73834228515625,493.0559376828029,483.9210936445134,489.08630876000046,2182000.0
2022-12-22,492.3180847167969,494.11140703529395,487.21825845727477,491.74828287385645,1851600.0
2022-12-23,496.2596740722656,496.2596740722656,488.4045037369825,489.5252945750876,1292300.0
2022-12-27,496.8948669433594,500.49091850388334,494.89602803001117,498.70688835858874,1596700.0
2022-12-28,493.58843994140625,502.6485473916553,492.91590832214814,499.7717174261878,1694200.0
2022-12-29,494.92401123046875,498.4733151932383,493.97128202142585,497.40850690180076,1379700.0
2022-12-30,495.2042236328125,495.5031201976315,490.2165332921649,495.0361050042313,1849600.0
2023-01-03,484.4255065917969,490.9543695115894,478.3729512555228,490.4873543441228,3525600.0
2023-01-04,471.2183837890625,484.4255886441475,467.5756705666867,484.4255886441475,5070400.0
2023-01-05,457.6374816894531,468.9672738852717,456.27380542109944,467.9585336946242,5497100.0
2023-01-06,457.6748962402344,460.35555892894615,455.3771894362451,459.1600011564924,4841300.0
2023-01-09,457.73089599609375,467.0058102257061,456.3111801723204,459.92587294731874,3702800.0
2023-01-10,453.9386901855469,458.1138064391555,450.83770299179736,456.6006820325648,3164000.0
2023-01-11,460.8506164550781,462.90549483846087,453.0047664078528,453.2756432184685,4274200.0
2023-01-12,462.9708557128906,465.8289864244594,453.21022674071907,457.67489086242773,3726800.0
2023-01-13,457.27325439453125,475.8884727996046,453.9387591376012,454.0414887960613,5390100.0
2023-01-17,453.07940673828125,460.4208997405145,451.8651787463838,458.7956961350395,4495600.0
2023-01-18,444.82257080078125,457.2078214175679,443.4308748069262,455.8534661117341,4398200.0
2023-01-19,452.40692138671875,454.3030303393554,445.89675728704054,446.3450736070506,4549600.0
2023-01-20,454.61126708984375,454.86344503054454,447.40055142564904,453.4997686587727,3525900.0
2023-01-23,453.7612609863281,457.76825898301115,449.6328629934304,454.5738627924063,3418700.0
2023-01-24,459.16937255859375,467.2580796345017,448.3346136934656,467.2580796345017,3036300.0
2023-01-25,460.010009765625,462.68132324684694,453.68663370005675,457.00243049053677,3037300.0
2023-01-26,459.9912414550781,463.6993427979773,458.2165611238518,460.0099117990703,3005000.0
2023-01-27,453.9854431152344,460.8225521619436,452.5096876947206,460.8225521619436,3177100.0
2023-01-30,453.7426452636719,462.5785650469046,452.81793576583215,455.62937644863877,3606900.0
2023-01-31,466.2586364746094,472.15236600332395,460.5984145453029,465.1471380210788,5567000.0
2023-02-01,464.2131042480469,471.10625309314975,462.97085637014015,466.9685053027664,3451200.0
2023-02-02,439.7695007324219,462.34502701780906,433.28735627459326,461.65385367456656,11169900.0
2023-02-03,440.8810119628906,447.1950664854025,438.7607732510014,443.8792700211671,5440100.0
2023-02-06,443.88861083984375,447.3725545928137,439.9376803778952,440.86236137888807,4174200.0
2023-02-07,445.4203796386719,446.5411989101928,438.0882359903907,439.96564603844274,3394600.0
2023-02-08,451.3421630859375,453.04210522506673,443.7671618529745,444.103427613317,3466400.0
2023-02-09,453.6866149902344,457.39471696991336,450.576277668719,453.59320624554874,3664600.0
2023-02-10,461.64447021484375,462.96145634250274,456.50730362671703,456.8622396971369,3418100.0
2023-02-13,462.67193603515625,466.8937429233067,459.31877052482037,461.41098937143033,2589000.0
2023-02-14,460.318115234375,465.1003740545806,456.82485122327773,461.6818199215194,2072600.0
2023-02-15,458.8423767089844,459.3841017314325,456.17106378061015,457.3479225547126,2242500.0
2023-02-16,455.1997375488281,461.41103423184904,455.12499915170054,458.74904179502676,2611500.0
2023-02-17,466.1559143066406,466.5108504458456,455.1997551391212,455.22777491304015,3891500.0
2023-02-21,458.8984375,468.3228000752527,458.14187521577094,463.93287464266183,2877300.0
2023-02-22,456.6381530761719,461.30830525144734,456.43266524028587,460.2995364191537,2982800.0
2023-02-23,459.2533874511719,460.7851824108489,453.81732394496584,454.5552159065051,2511800.0
2023-02-24,452.37890625,460.01929616576956,451.1460078530011,457.2825655807405,2940400.0
2023-02-27,451.4356384277344,458.5529464398486,450.16534209641475,456.52608766657033,3006200.0
2023-02-28,444.54248046875,451.47297084778194,442.655749111749,450.8285160238567,3902100.0
2023-03-01,443.8699951171875,446.8495548252252,440.862415633076,442.36619112295676,2996900.0
2023-03-02,446.18634033203125,448.73622512039833,442.0298935864791,443.86058521736885,2188800.0
2023-03-03,446.98956298828125,447.49394735959515,442.93587468098195,446.4104687307163,2863300.0
2023-03-06,449.0632019042969,452.39769777331367,447.4006286831847,449.61427650240347,3812700.0
2023-03-07,442.61834716796875,451.90261197367374,441.38542015253205,451.1180298286722,2589200.0
2023-03-08,439.5547180175781,444.02873167664677,435.96804465251495,440.6288472915585,3036600.0
2023-03-09,434.2401123046875,442.68375579452567,433.15663353128963,442.68375579452567,2780400.0
2023-03-10,431.49359130859375,439.48924641362765,428.9252419486388,433.7807449743453,3787500.0
2023-03-13,434.6336975097656,440.9046182813912,429.91879282884685,429.91879282884685,2971600.0
2023-03-14,435.47735595703125,440.4078635364537,430.29377225463855,435.5429778204984,3258200.0
2023-03-15,436.2740783691406,439.507971585458,430.4718360282427,432.1122108411264,3770200.0
2023-03-16,442.4512939453125,443.7354972183708,434.0900845210769,435.59921574138883,2940500.0
2023-03-17,440.08917236328125,442.4419479125414,437.0896181061039,441.86079106910734,5290000.0
2023-03-20,447.08184814453125,449.76270440796173,440.5578505377015,440.5578505377015,3119400.0
2023-03-21,450.0251159667969,451.2905536788712,445.9194875971571,448.4222434546315,3163300.0
2023-03-22,445.7320556640625,455.31184675221857,445.0759228314253,451.7592837978125,2632200.0
2023-03-23,440.47344970703125,450.5594206023309,437.43642205401187,447.5036275007736,3284900.0
2023-03-24,446.1726379394531,447.0068995660529,438.29884329594745,439.6017835156829,2533200.0
2023-03-27,451.71240234375,455.8274139401102,448.60975248302907,455.1337502009885,2271800.0
2023-03-28,442.9762268066406,453.48402099378916,441.2046366784063,451.8061436953186,2369500.0
2023-03-29,437.3614196777344,446.0694746251511,435.8241690007992,445.34769139359804,3733200.0
2023-03-30,440.6141357421875,440.9422164927427,432.19665754738935,437.34276817452684,3324600.0
2023-03-31,442.98565673828125,446.1820483746785,440.65164635339386,441.9826776212732,3996700.0
2023-04-03,463.2325134277344,465.0509885133268,453.2027808878532,454.80568214546037,4729100.0
2023-04-04,462.35137939453125,465.0228527918821,461.0297024799289,462.14515969283724,2624700.0
2023-04-05,477.33038330078125,479.68313025343366,465.02287956329576,466.2320782749274,4964800.0
2023-04-06,480.6861572265625,482.0265711955879,475.38071188973134,478.9895429343841,3472600.0
2023-04-10,482.9076843261719,483.10454993802585,476.2618250884539,478.8114378636549,2714500.0
2023-04-11,488.3349304199219,489.50662686569024,482.94512676938734,483.80753654592604,3065300.0
2023-04-12,488.5411376953125,493.705984348167,487.4631541710859,492.0937004241552,3422400.0
2023-04-13,493.26544189453125,497.22111887503706,487.8944036548488,491.0907664095657,4224400.0
2023-04-14,479.73004150390625,494.2121928420861,476.64612835700655,489.3004503487855,4872000.0
2023-04-17,473.6934814453125,477.6678669428043,471.256346928486,476.8523707304296,3660900.0
2023-04-18,472.8779296875,475.2306766041804,466.9350889857912,472.11867270958555,3232000.0
2023-04-19,455.7430114746094,470.52512193032027,453.333996978426,469.2878037526074,5809100.0
2023-04-20,456.924072265625,458.97688655057175,452.9871897098741,455.0587408382288,3283000.0
2023-04-21,453.5121765136719,459.9893183289765,451.937423251329,459.3425395594656,3165300.0
2023-04-24,458.3114318847656,459.51124795712843,452.4154470841846,453.1278477104184,2322400.0
2023-04-25,461.10479736328125,467.2725955667251,459.8487134577968,461.8171694311082,2937300.0
2023-04-26,452.69671630859375,457.1491634524278,448.3942211585404,455.4337835861452,2930000.0
2023-04-27,459.74554443359375,460.2236057151811,451.99361140591094,451.99361140591094,2473200.0
2023-04-28,461.2640380859375,463.01689123347967,457.5427293662003,458.0770297626001,2398900.0
2023-05-01,464.64801025390625,468.1068608692163,461.0016767422175,463.60752880898946,2105600.0
2023-05-02,462.4826354980469,465.5946393443785,458.62070019876114,464.22610598151687,2152300.0
2023-05-03,458.7800598144531,464.4135851209364,457.4583828750645,463.42934300562905,1749700.0
2023-05-04,456.75543212890625,459.0144664969834,451.75933065510225,456.53982966683543,2555700.0
2023-05-05,463.31689453125,469.4753379196579,461.20784092748323,463.1106748124247,2329400.0
2023-05-08,461.7608947753906,463.38253301366007,457.73027029712074,461.2172401912859,1738500.0
2023-05-09,459.6612548828125,468.1162070174217,459.5862502831889,461.9671457184562,2038600.0
2023-05-10,459.37066650390625,462.55767537813824,457.09289529083395,458.7426245705804,2018700.0
2023-05-11,458.1426696777344,459.4174616149598,455.23685691911083,457.43026912112674,2384200.0
2023-05-12,460.4579772949219,462.02334776441677,457.19596401419557,458.1427039187751,1536500.0
2023-05-15,456.3616638183594,460.9828560602314,453.39964055654156,460.61727306054013,2169700.0
2023-05-16,449.6689453125,458.5644549615839,449.00342978683193,457.07406061802794,2178900.0
2023-05-17,454.4400939941406,454.99313125120506,447.62551816578195,449.93140862534364,2682000.0
2023-05-18,449.2096252441406,452.32162888110156,444.2041420758142,451.8529503604058,3040100.0
2023-05-19,448.8253479003906,454.4307252306384,447.87860804511035,449.5377198672762,2317900.0
2023-05-22,450.5125732421875,451.9936135071448,447.97234346337046,450.3438558264437,2242800.0
2023-05-23,449.406494140625,453.1090661595118,442.9387358167047,446.3507008147171,2874200.0
2023-05-24,450.70941162109375,453.0059480084507,448.8909651248942,450.50319191036834,1904700.0
2023-05-25,447.77557373046875,451.5905960312707,444.5885361675628,447.70995185697836,2684100.0
2023-05-26,451.3561706542969,457.7958378198413,448.0566840323385,448.112923168643,3135200.0
2023-05-30,449.7908020019531,455.43368134354114,446.21009107945906,446.8193674622399,3180800.0
2023-05-31,456.7179260253906,456.8679066143811,447.22249274110766,448.1692326940408,4944100.0
2023-06-01,462.7076110839844,467.5349946493434,455.6586670607465,457.23344880147465,3376600.0
2023-06-02,468.28485107421875,469.63464759718835,459.64241740075425,461.17969678752974,3064500.0
2023-06-05,466.9819641113281,471.3969083090464,466.260209398896,469.3347397281532,2688800.0
2023-06-06,457.0272521972656,468.5848537685299,453.37156487581166,468.5848537685299,3816600.0
2023-06-07,451.9279479980469,459.7173826038372,451.43114991797853,459.2580868144909,4381700.0
2023-06-08,459.5206298828125,461.011024396255,452.2092265683795,454.0464672743229,2725900.0
2023-06-09,462.6982116699219,467.01006009344877,456.7085146171396,459.2956007865607,3174100.0
2023-06-12,461.73272705078125,463.4762261189737,458.1051596774754,461.46088548414303,2207700.0
2023-06-13,460.532958984375,463.6731112937808,458.0489681506795,460.1205195320778,3016600.0
2023-06-14,431.0530700683594,431.77485342314327,417.76135178204345,426.16009292548245,14672400.0
2023-06-15,438.4980773925781,444.2488270230005,433.8108654450402,434.82735436014525,6798100.0
2023-06-16,431.5330505371094,440.97333508487213,431.0059780602822,438.73329142000455,7699100.0
2023-06-20,441.792236328125,442.827538867276,429.895391136529,429.895391136529,4597700.0
2023-06-21,448.7194519042969,451.18540423356023,439.7215350407445,441.37806491463533,4886500.0
2023-06-22,450.8842468261719,454.77142809832776,449.89599305877175,450.06540306633224,3179000.0
2023-06-23,448.954833984375,453.92439577766,448.5312801988432,450.20662413270406,4862600.0
2023-06-26,450.8937072753906,453.0114187239353,445.1900067385075,450.02781467925575,2968300.0
2023-06-27,454.18792724609375,454.77146980785346,449.6795468094311,450.018395578927,3693200.0
2023-06-28,446.55474853515625,453.7737752009606,446.112381011661,453.6231789458028,3670100.0
2023-06-29,448.4277038574219,451.5054338077323,445.26524018224274,447.14765014597185,2979300.0
2023-06-30,452.3807678222656,453.75491902760234,447.1852980364899,449.89597292936486,3970400.0
2023-07-03,449.7829895019531,451.97598421875455,448.2958697169176,449.99005572303554,1915700.0
2023-07-05,443.5146484375,449.2277700313201,442.9216846554223,448.04184246716466,5053100.0
2023-07-06,441.7639465332031,444.62521765603526,439.21328913242394,441.7545540154381,3913600.0
2023-07-07,434.4413757324219,441.05804549697376,433.7260794898325,437.6603093556102,4131600.0
2023-07-10,435.8249816894531,435.872059175368,432.1637090249518,432.95431781067987,4339200.0
2023-07-11,435.67437744140625,439.0626923165905,434.0272687624655,435.18493247961163,3086800.0
2023-07-12,425.14227294921875,437.4908768776313,424.7187192468016,435.7778770332834,7287600.0
2023-07-13,421.4245300292969,428.154139895379,420.8880362968074,425.42465119652076,7276800.0
2023-07-14,451.93841552734375,456.4844230193684,433.05781688383104,435.35435937173037,11379300.0
2023-07-17,455.6184997558594,456.10794473446623,450.1783360526223,452.82311978150506,4582000.0
2023-07-18,470.60247802734375,474.7626165713556,458.83741607666013,460.55980850799006,8816400.0
2023-07-19,474.08502197265625,484.4005931379365,472.9367505978166,477.69924612215965,4956500.0
2023-07-20,474.59320068359375,478.7721531874015,471.1013381711502,476.8709294250842,2963100.0
2023-07-21,476.74859619140625,480.40047640690096,474.85676483610234,475.35560236719004,2887300.0
2023-07-24,478.7721252441406,479.8074564298462,474.90378670159436,475.6190829290219,2279000.0
2023-07-25,480.88983154296875,482.36753018757327,477.45443926775533,480.01451784519486,2730600.0
2023-07-26,478.13214111328125,485.5299986433238,476.84269485600646,481.46401486356234,3697200.0
2023-07-27,475.5250244140625,480.48516454804985,473.54848811984186,478.6686457460924,3028300.0
2023-07-28,473.34136962890625,477.64268300566937,468.0423813350914,475.50612945497056,2930000.0
2023-07-31,476.59796142578125,478.01919013792747,469.7177553155299,473.4261052369194,2441600.0
2023-08-01,475.0638122558594,480.05221609218927,472.94610096240837,477.66154730061453,2161200.0
2023-08-02,475.12030029296875,480.45694559327563,473.4167214412171,479.72280679927934,3220500.0
2023-08-03,475.1767883300781,476.2497759207198,471.5814067131118,473.32264187566375,2442900.0
2023-08-04,473.17205810546875,480.8616878148641,472.24966675179354,480.0146089554852,2411200.0
2023-08-07,480.7110900878906,483.4029229231345,474.97915439811777,476.0050645242051,2430900.0
2023-08-08,476.1178894042969,478.29209911437556,470.6212563219374,473.4260572200082,2422600.0
2023-08-09,472.58843994140625,475.9956262495693,471.43077614693306,474.3673312206667,1916900.0
2023-08-10,473.8779602050781,481.9346449439075,473.21910513725373,474.8097440746493,2179700.0
2023-08-11,478.14154052734375,480.6451491656777,474.6026006892031,475.9014681286609,2029600.0
2023-08-14,480.88983154296875,483.3087351245246,478.36740920552995,479.21448790412717,2127200.0
2023-08-15,476.8991394042969,483.44994655068143,476.5038206862254,481.5016166832465,1817500.0
2023-08-16,473.95318603515625,480.4851510128023,473.266096046896,478.13213852008533,1454100.0
2023-08-17,464.9176330566406,471.76021207359264,462.9034692091453,466.3482830989384,3009500.0
2023-08-18,469.13421630859375,471.4872287775505,464.4846613720714,465.68940260724537,2364400.0
2023-08-21,468.41888427734375,470.8377879526205,467.04473305867566,468.2588955169085,1533500.0
2023-08-22,463.3929138183594,467.5812879875956,462.44228747932686,466.29184160096736,2079400.0
2023-08-23,460.663330078125,464.95522213846266,459.2421014829683,464.0140172353483,2011400.0
2023-08-24,459.4022521972656,466.29188097988316,458.56456580335475,462.53645279541325,2311100.0
2023-08-25,460.3621826171875,462.2728276083485,456.15499514007087,461.1151638472614,1923500.0
2023-08-28,462.3951721191406,464.0705158008902,460.3715871975273,461.6516121573827,1344500.0
2023-08-29,463.8540954589844,463.95764295580227,459.27985247334095,462.5740703138546,2113700.0
2023-08-30,462.6304626464844,467.5058973382703,461.4633777132541,464.94581875454605,2283400.0
2023-08-31,448.5594177246094,464.7858097006469,448.286488984916,463.4116298685684,4927700.0
2023-09-01,448.2394714355469,452.3901890381571,445.5287963707159,450.83720649322623,3165900.0
2023-09-05,452.540771484375,456.10794645902246,449.463041490185,449.8959877454922,3443300.0
2023-09-06,448.8983459472656,454.75264259982333,448.3712734087903,453.74554628679755,2596100.0
2023-09-07,456.3055419921875,458.4703017573142,450.4606676477103,451.6842225196004,2928000.0
2023-09-08,454.26470947265625,456.3434330388124,452.3560842601796,453.7166980789151,1858400.0
2023-09-11,452.95135498046875,457.16546310388287,451.64743100537015,455.4080204140485,2059200.0
2023-09-12,453.442626953125,456.9764566180419,446.0915472926876,451.0615674557605,2195200.0
2023-09-13,453.3859558105469,457.3544173048653,453.02690096242765,454.88829412100773,2197800.0
2023-09-14,456.9386901855469,458.5166053922636,452.3844143261255,456.02216602989665,2334300.0
2023-09-15,459.8678283691406,462.81581551333045,457.44896564390194,458.9607332208375,5334300.0
2023-09-18,459.2630615234375,461.7953037308232,456.9386916665157,461.48350962268523,1997500.0
2023-09-19,454.1607666015625,458.9512596642251,450.26791068145155,457.0898664594984,3230700.0
2023-09-20,464.9983825683594,467.8140737156285,452.72454356518483,456.1355067922121,3724800.0
2023-09-21,473.5116271972656,477.2911028995158,465.8959571289292,466.9447766305615,4703900.0
2023-09-22,478.1982421875,481.34464350376413,470.5731418706817,471.48966602216547,4558500.0
2023-09-25,482.14776611328125,482.7713831315337,478.69899993054435,480.2391410587129,2758500.0
2023-09-26,477.583984375,481.3351149619361,476.5729677583825,480.88156752132295,2420200.0
2023-09-27,475.9588928222656,478.4438741807852,473.4266218754708,478.3210654268436,2593700.0
2023-09-28,481.97772216796875,485.80445923266075,477.168342024025,478.0754082645327,2922000.0
2023-09-29,476.3935546875,481.76986218292103,476.0250418969852,481.74151726327506,3006200.0
2023-10-02,486.2012634277344,486.45639652017127,475.4014173410325,477.6596393272664,3550400.0
2023-10-03,481.38250732421875,485.6438477627199,480.3336875291841,485.00134363402657,3143200.0
2023-10-04,482.46905517578125,483.60290962970424,478.68012085795704,481.40134847927897,2801700.0
2023-10-05,487.7698059082031,489.64068612940525,483.0454887699902,483.413972761648,2790700.0
2023-10-06,495.8766784667969,496.95384292612596,487.53346937076986,487.9775877721669,3647200.0
2023-10-09,497.4830322265625,497.8231712570287,491.56814251467017,492.41854776106817,2341600.0
2023-10-10,495.3380432128906,499.0230548444538,494.24202070736845,497.47345606921664,2455700.0
2023-10-11,495.2342224121094,496.6137519936961,491.54921002950726,492.2011719842682,2819300.0
2023-10-12,496.56646728515625,499.4389061495426,493.4578688249286,495.5554504659393,2377300.0
2023-10-13,509.6622619628906,514.4432958607681,502.6702096626546,503.8512956815988,5245400.0
2023-10-16,508.3679504394531,516.6355550788417,506.5632181599817,513.2339917107819,3827600.0
2023-10-17,507.0640869140625,512.5254009841041,505.09874280068277,510.1726858677732,2586000.0
2023-10-18,506.5064697265625,513.9898159982258,505.88288156651834,513.1016368386179,2551400.0
2023-10-19,502.3207092285156,508.660800956383,500.0719164032024,507.22458162721443,2351200.0
2023-10-20,497.9743347167969,504.9663306860887,497.7286595505645,501.72543694975946,2811100.0
2023-10-23,492.8153076171875,498.6829645870824,491.6058476734789,497.9743128710662,2357700.0
2023-10-24,496.0562438964844,501.41363518290217,493.28778454145146,494.03421031860364,1978200.0
2023-10-25,500.9791259765625,503.01056018151917,491.40759623925504,498.20120818469434,2380100.0
2023-10-26,499.2310791015625,501.2247392824109,493.713075242033,496.71775239223206,2675800.0
2023-10-27,495.7349853515625,498.6451982610112,492.52246508679735,496.99167737363405,2585600.0
2023-10-30,500.7711181640625,502.50024460272436,494.1098031672138,496.05623102404184,2555400.0
2023-10-31,506.03411865234375,507.09236748460256,502.31133190200035,505.5049942362144,2464200.0
2023-11-01,502.2923278808594,506.28916289141,497.7569683002414,500.7616447432786,2747400.0
2023-11-02,506.5726318359375,507.24350960079687,497.8987411608174,502.67031817334197,2350900.0
2023-11-03,501.6309814453125,506.4308745028131,499.64672191834603,505.0986345710419,2739500.0
2023-11-06,504.04986572265625,506.4687281912775,500.82782995692975,502.32073920818016,2684900.0
2023-11-07,508.1789245605469,509.8985931088334,502.216803311427,505.84506807707635,2604800.0
2023-11-08,507.1394958496094,511.5520753927773,504.6923175510655,510.2292357874608,1769200.0
2023-11-09,509.284423828125,511.0890983595532,505.0135972183578,507.96158407476486,1819600.0
2023-11-10,511.3725280761719,512.7614577044797,506.4686560829856,512.7614577044797,2480800.0
2023-11-13,512.65771484375,514.1506244033626,508.2545918524255,511.3160166591637,1507900.0
2023-11-14,510.66387939453125,512.7520028074989,506.9316356109191,509.3127237537221,2454000.0
2023-11-15,508.726806640625,510.6638338983081,502.38677363477024,510.27640537868456,2473700.0
2023-11-16,510.0592956542969,514.8214156347742,507.83881844438685,508.7269977943031,2360300.0
2023-11-17,506.72381591796875,510.720651324506,499.21215290127026,510.48443405554735,2676900.0
2023-11-20,505.5994567871094,506.771142970755,502.48140014040126,504.19161098727886,2518400.0
2023-11-21,509.8419189453125,511.80720505785183,504.7396029783893,508.1222503441677,2115700.0
2023-11-22,513.7820434570312,514.3867735364985,510.47500152712786,513.0355599410458,2234500.0
2023-11-24,516.9378662109375,517.4009005171155,512.8843984966102,514.8875163930838,1135000.0
2023-11-27,513.621337890625,520.5188696913818,511.67491016048996,516.9377794620415,2675800.0
2023-11-28,510.7301330566406,515.728469939582,510.2954725002062,515.5489424999934,2859300.0
2023-11-29,505.48602294921875,511.9867265887024,499.5050434203704,500.7805935622956,4550000.0
2023-11-30,522.4841918945312,523.4007448282167,504.5695122670186,506.2513491263321,7121200.0
2023-12-01,518.7582397460938,525.9068938576146,516.8620548451231,521.8490303933913,3462200.0
2023-12-04,519.8201293945312,523.2237487086069,514.8520766050564,519.8011490290816,2709200.0
2023-12-05,521.6973266601562,523.8495148982655,517.0421606297482,520.5975070846157,2645600.0
2023-12-06,521.0053100585938,523.2333043328067,518.7013943130867,519.1375377042026,2239700.0
2023-12-07,519.8107299804688,522.8825406373782,516.2553828559016,522.7308134212224,2511700.0
2023-12-08,521.2327880859375,523.0910121936539,516.2742253814624,521.6593833812192,2039900.0
2023-12-11,515.4588623046875,521.4508131378715,511.07868010368674,521.2232802235806,3655300.0
2023-12-12,517.3928833007812,519.0710251279755,514.4822909689117,517.4687468847624,2706100.0
2023-12-13,520.51220703125,520.9008994457555,510.6331006300593,515.762254946648,2876600.0
2023-12-14,506.50885009765625,516.6344694974473,501.9201155083887,516.0466568671441,5386800.0
2023-12-15,503.5509338378906,505.80739884070897,495.8145237332132,502.4890747620914,9030100.0
2023-12-18,499.2180480957031,503.8826465612113,497.9665591674998,501.6451623563788,3260300.0
2023-12-19,496.8383483886719,500.23253557419304,494.6957080524978,497.35984553155686,3645600.0
2023-12-20,489.14935302734375,497.5873993628318,489.09246979243596,496.65822937003986,3847800.0
2023-12-21,492.894287109375,493.78549629012133,489.68973013181704,491.9461946986648,2491600.0
2023-12-22,493.30194091796875,495.8618019017676,491.1308302131029,492.8942681410882,1759500.0
2023-12-26,493.03656005859375,494.4112478607592,491.08343399786423,492.8943230398312,1390800.0
2023-12-27,495.6532287597656,496.0040183352493,492.4012786156785,492.7710485575031,1851800.0
2023-12-28,497.6536865234375,500.46949296377187,495.7954047269218,496.29786357035425,2001000.0
2023-12-29,499.1421813964844,500.8203234731589,496.72455733367804,498.6776253760864,2080100.0
2024-01-02,511.3441467285156,511.64748535356347,499.33177514912086,499.49299251069726,3415700.0
2024-01-03,513.89453125,518.4074022892511,511.47684943098005,514.8520559282988,2891400.0
2024-01-04,517.108642578125,520.5028302422036,514.8142747204308,516.710459894355,2994400.0
2024-01-05,509.4859619140625,518.6066073071818,506.02540107683154,518.6066073071818,2815400.0
2024-01-08,508.6706237792969,512.2069904061775,500.5928568893322,511.4011349007786,2648900.0
2024-01-09,510.4245910644531,511.60021658973335,504.69813278741975,510.0738014437478,2677000.0
2024-01-10,509.732421875,513.1076285708738,508.31977342986016,510.16850735273937,2180000.0
2024-01-11,511.6666259765625,512.1216919236292,506.78398362971,508.3009086979205,2814100.0
2024-01-12,494.43963623046875,501.0478119403443,486.49461794073454,491.9271684297456,6327300.0
2024-01-16,492.20220947265625,497.2744808396763,489.73713442800704,496.52550865012034,3736700.0
2024-01-17,497.6916809082031,503.1147422499642,493.0081016280576,494.22168780821266,3791300.0
2024-01-18,489.5381164550781,490.0121627143197,471.63809614327005,479.0047935293164,7367000.0
2024-01-19,477.4214172363281,490.68522094829893,475.7717456823917,488.26759684797946,6143400.0
2024-01-22,486.3619079589844,486.91181775027746,470.7278736400079,477.7816833663314,5922900.0
2024-01-23,488.7605895996094,491.18770371488574,485.4991495821788,485.8973321687181,2672900.0
2024-01-24,486.58941650390625,494.6482014496057,486.323980737693,491.01704942652265,2918800.0
2024-01-25,467.788818359375,469.7893085141274,454.1362925941803,462.28040342985304,14671000.0
2024-01-26,477.0801086425781,477.544664661216,464.4704623257704,467.67501927645907,6212200.0
2024-01-29,478.3505554199219,480.21829863580473,475.13650824328977,476.9947612763026,4554100.0
2024-01-30,477.4687805175781,479.7821281954342,473.3066700939937,478.3505284036459,4931200.0
2024-01-31,485.1767578125,488.2675480550187,478.3220688106316,478.3220688106316,5358100.0
2024-02-01,480.8155822753906,483.73569406773436,476.8904659439628,482.4178317747676,4242600.0
2024-02-02,483.7452087402344,486.28606056337543,479.15644487225086,481.8679753214519,3804500.0
2024-02-05,476.8525695800781,487.5091483711587,474.0936170841752,483.4892167165704,3646300.0
2024-02-06,484.162353515625,484.4183280448623,476.3690329127498,477.78168131508716,2745400.0
2024-02-07,492.4296875,493.9561022580622,486.0774573371083,487.32894615250785,4109100.0
2024-02-08,493.0933837890625,495.0558840625375,490.4292465569309,493.6053328342779,3343000.0
2024-02-09,491.3204650878906,493.37786746670184,489.4906535161859,492.0505148266284,2715400.0
2024-02-12,490.7705383300781,492.05043985680413,486.1912360732076,491.32039022929825,3194000.0
2024-02-13,490.021484375,499.57827100595784,487.5185646703126,494.90418288937144,3436000.0
2024-02-14,490.10687255859375,491.61436488988477,487.5944046287641,488.51408431941735,1918500.0
2024-02-15,493.84234619140625,494.66718190369977,489.0260208672939,490.4861201161075,2292100.0
2024-02-16,494.47760009765625,496.60131790277603,491.95569967081906,495.1886694270653,2135500.0
2024-02-20,494.0130615234375,498.0993377662036,492.4486857966522,496.9995759593103,2600200.0
2024-02-21,494.8757019042969,496.5064507242586,490.6756600285066,496.4874703611435,2095900.0
2024-02-22,499.17059326171875,499.39812615377946,491.6712086705698,496.9899925568547,3186800.0
2024-02-23,499.87225341796875,502.96304405959506,496.9521124730802,499.4076973767987,2502000.0
2024-02-26,498.0519714355469,505.1531751785087,497.09438872800644,500.89624900631236,2308900.0
2024-02-27,486.7696228027344,498.30794989934276,485.47074074003206,497.52101694154675,3780600.0
2024-02-28,472.41546630859375,472.67144083316725,459.2464782972862,469.722887442161,9558600.0
2024-02-29,467.9784240722656,475.70537150483005,466.0822392331831,472.62407114132094,6833200.0
2024-03-01,464.11968994140625,464.5842459772356,452.47711596199696,464.015413661316,7315000.0
2024-03-04,456.8572998046875,461.75895045420407,455.1791866005785,458.15618181918535,5239800.0
2024-03-05,448.58990478515625,457.8338055102446,446.1912322158829,457.3502980701625,5296200.0
2024-03-06,448.0685119628906,454.8947604607518,443.887420652876,449.81299865457135,5577500.0
2024-03-07,453.9277038574219,456.2126101430196,449.01659189094323,449.3958230857531,5102000.0
2024-03-08,453.61358642578125,460.92363315101466,451.9002751621042,455.2887873122658,4673600.0
2024-03-11,465.58758544921875,466.6917116086643,453.07102819003217,454.0228580811877,4410100.0
2024-03-12,465.7779541015625,468.5668086576801,463.87429435580975,464.61672049475163,4153800.0
2024-03-13,464.4930114746094,472.10765100698006,461.95161274976107,469.74710229482906,3669000.0
2024-03-14,465.44482421875,466.09206158367647,461.818354599254,465.17831300686595,3378500.0
2024-03-15,467.1771545410156,467.55788068828923,463.9694924527324,463.9694924527324,5713500.0
2024-03-18,463.5887145996094,468.39547274757604,462.951004869792,468.39547274757604,2970500.0
2024-03-19,469.55670166015625,469.670916592868,464.29308382905384,466.0825285683147,2511700.0
2024-03-20,470.4228820800781,470.7750544806079,465.86360891818856,468.74765223156675,3548200.0
2024-03-21,468.0052795410156,472.29804199421517,467.6150257682207,468.5668557367317,3693400.0
2024-03-22,466.4632873535156,471.9458078403375,466.1777209542005,471.3461794016168,2847300.0
2024-03-25,462.47509765625,467.8053506890408,460.75228793109966,466.96773576348966,2786100.0
2024-03-26,468.5953674316406,469.57575104934546,461.85642464011823,464.61672549163785,3113300.0
2024-03-27,469.3472900390625,471.85060711320267,467.64350652799624,469.91839374055553,2653100.0
2024-03-28,470.8702087402344,471.9838333279314,465.7303046361127,471.1557460582234,3820000.0
2024-04-01,466.1111755371094,471.8982893165766,465.1593455107298,470.6513943058231,2928700.0
2024-04-02,436.0713806152344,441.34449754394376,427.9427448323336,437.46104418782346,11867000.0
2024-04-03,437.59429931640625,440.55450561567926,433.6061294346727,439.7454443349911,4460400.0
2024-04-04,433.44427490234375,439.47887257043345,430.15095180661274,438.62223152845667,5182000.0
2024-04-05,433.7869873046875,435.7001748663826,428.33302009067256,428.98025750792164,5747400.0
2024-04-08,434.034423828125,435.1766312993213,431.74051033929317,434.0058700937222,4532300.0
2024-04-09,437.57525634765625,437.61333767814824,430.66496176433503,432.39729920741985,3521200.0
2024-04-10,428.3710632324219,436.64246793475905,428.1140795995262,433.54902055498525,4493500.0
2024-04-11,420.44232177734375,429.0563711054638,420.2138918872195,428.69470012861535,5844100.0
2024-04-12,418.0436706542969,420.9372124073425,415.3595035770594,419.1287415498037,6045700.0
2024-04-15,424.1640319824219,426.75301089346704,420.6993566400101,420.7088842357738,5376800.0
2024-04-16,446.30352783203125,456.6403864197335,443.17199938330305,453.8039229109645,11816500.0
2024-04-17,455.9170227050781,464.4930199297329,451.72897669554857,455.54582412584136,8759800.0
2024-04-18,469.4234313964844,477.81857751872127,462.56074641443746,462.7130426738536,8880400.0
2024-04-19,476.99053955078125,482.8633139778937,471.68883984612637,473.05947727511335,6618600.0
2024-04-22,467.5674133300781,475.36290255315396,467.005837173467,473.8018875706742,4697700.0
2024-04-23,462.7606506347656,470.49903231626575,461.60894459698164,467.3484776926908,3646700.0
2024-04-24,463.8266906738281,465.31154296848734,457.5541352264123,460.47625994056637,3724400.0
2024-04-25,470.07073974609375,473.18324236957443,464.04566875661163,465.40677865592346,4329700.0
2024-04-26,471.4889831542969,473.2784281519762,467.72924314018036,468.30034693375507,2727000.0
2024-04-29,465.47332763671875,473.3925585731296,464.2740127891138,471.83154375259363,2192100.0
2024-04-30,460.400146484375,466.12062458307,459.34360016257426,465.40675213909856,3367500.0
2024-05-01,460.7903747558594,465.6256870803828,454.08951294418455,456.1740228205074,2729200.0
2024-05-02,469.2236633300781,469.9089821315141,460.62863909615754,460.9522578291206,3561400.0
2024-05-03,468.7286376953125,469.0522563699606,462.3799195921703,467.21520261888185,2487600.0
2024-05-06,470.5656433105469,471.03203063927634,468.3002836323609,468.7571724149709,2029500.0
2024-05-07,476.82867431640625,477.48543923780284,471.1938578616501,472.1076063858594,3752100.0
2024-05-08,478.97027587890625,482.577719032202,475.9910438928958,479.884053420889,3078900.0
2024-05-09,482.6063232421875,483.5010456909143,477.9518900374691,477.9518900374691,2342900.0
2024-05-10,488.1078796386719,488.8408072385006,482.5777503460833,484.4814101107621,2784600.0
2024-05-13,487.08941650390625,489.87827109811803,482.8728170808778,487.38448144472494,2454500.0
2024-05-14,489.12640380859375,491.30607358883896,482.8633461578328,489.7926964259245,2949700.0
2024-05-15,492.61956787109375,497.41682789154106,490.0306183512428,490.0306183512428,2981200.0
2024-05-16,496.160400390625,502.7184643792514,494.4851704382307,494.95155780325433,3655800.0
2024-05-17,499.3585205078125,500.51972508952804,494.9610710577236,497.74992566775234,2657200.0
2024-05-20,492.31500244140625,499.35856753825925,491.65823743076703,499.35856753825925,2476200.0
2024-05-21,498.3305358886719,499.44416061256226,491.06806905505846,493.3524840685082,2521900.0
2024-05-22,496.2364807128906,500.92905310726275,495.5702462783119,497.63570083469284,2299100.0
2024-05-23,491.9342956542969,495.17048266887946,490.41133285764874,493.35251300282914,3055400.0
2024-05-24,483.6914367675781,492.22935255088674,483.07272406422294,491.2489398201993,2527800.0
2024-05-28,479.4176940917969,482.24463015712485,477.7234379715105,482.24463015712485,2912800.0
2024-05-29,461.3709716796875,470.10876283782284,450.472508145279,468.62391057752046,7521600.0
2024-05-30,458.4488525390625,462.6178720305741,454.97467931198366,459.0865913349164,5169700.0
2024-05-31,471.50799560546875,474.4015667740263,459.17228764115754,459.17228764115754,6694800.0
2024-06-03,473.4782409667969,474.6585006807451,469.31874918695524,470.32768650001583,2795100.0
2024-06-04,481.1404724121094,483.786558292773,470.76553262307027,474.5442983745347,3178400.0
2024-06-05,478.8846435546875,484.57659668204,474.7727315104638,484.19587054036214,2464400.0
2024-06-06,477.7424621582031,480.38854804058906,473.3259576090897,479.38910924641533,2419600.0
2024-06-07,467.053466796875,478.63722167422435,466.7964831530161,477.8567431473967,3416300.0
2024-06-10,471.1558532714844,471.5270809168843,462.7702332370623,467.34853324504815,3332800.0
2024-06-11,472.3170166015625,473.80186886662267,466.6726724755618,467.2151934222837,4599700.0
2024-06-12,469.31878662109375,475.91496100927174,463.9409533711978,475.91496100927174,4048200.0
2024-06-13,473.34503173828125,477.8186442094597,461.04740481130864,466.66319581621354,4951700.0
2024-06-14,473.17364501953125,473.86849125926807,468.0432972909211,472.8976062328493,3188400.0
2024-06-17,467.63922119140625,471.35753181943693,467.1326124167665,469.64652026439023,2407200.0
2024-06-18,459.8201904296875,469.96196288829094,457.89891600073065,469.05387681608914,3692700.0
2024-06-20,463.1370849609375,464.475323301368,457.0099684787019,458.85481561803067,5258100.0
2024-06-21,461.2922668457031,466.75026415598796,459.38053112657843,463.0606282200479,6368600.0
2024-06-24,468.35614013671875,469.22598338162555,463.1179738117356,467.28554364014525,5139800.0
2024-06-25,463.11798095703125,468.9870236547216,459.3901021147514,468.9870236547216,2916100.0
2024-06-26,462.6783142089844,465.9282592890928,460.22172666398205,463.11800528250916,3153100.0
2024-06-27,464.9722900390625,467.4002021842882,460.7760168005455,463.6436199234717,2991900.0
2024-06-28,486.7852478027344,486.91905412665955,467.8112660356746,474.4640977919407,22734200.0
2024-07-01,472.82000732421875,486.4506916566181,471.13769981139154,484.38601368241274,4523100.0
2024-07-02,476.2515869140625,476.4714470204239,471.6156511911779,472.4472515510228,3312000.0
2024-07-03,468.2701110839844,476.09864187226333,465.0488119532396,475.18101691182864,2239200.0
2024-07-05,466.4730529785156,468.05979702212977,463.11794767618414,467.4193527629598,3499000.0
2024-07-08,467.74432373046875,472.0839715059772,464.71423928275414,467.60094940137276,3450600.0
2024-07-09,470.3921203613281,473.5369338004358,464.6378063238472,466.77894100369645,3056800.0
2024-07-10,478.8228759765625,479.3677276530457,468.48994683279767,469.2737654722186,3189800.0
2024-07-11,482.1014404296875,486.2786069663362,475.73538693723316,475.73538693723316,3535100.0
2024-07-12,488.955078125,491.8609245448192,481.212542737811,484.548541356663,3570600.0
2024-07-15,492.62567138671875,507.4034112165306,491.12495167175075,501.10421561940706,5128000.0
2024-07-16,524.6471557617188,525.650805285406,503.86659908305177,510.3378427712101,11062000.0
2024-07-17,547.97998046875,548.2953748714209,526.9699642489534,529.5508192602277,10330800.0
2024-07-18,539.4345092773438,555.8371765558129,536.6433330400585,539.5874224690565,6834800.0
2024-07-19,540.3807983398438,544.749121499107,536.7580217802763,542.0917808212022,4290400.0
2024-07-22,533.880859375,539.3483950747878,532.494839425153,538.2013420700338,3377300.0
2024-07-23,530.2199096679688,534.1772165809156,528.4133054240308,534.1293765150359,2785600.0
2024-07-24,535.0469970703125,536.3660992918242,528.6140254934539,535.2859640185351,3156200.0
2024-07-25,534.9801025390625,544.7395341309327,533.9286712578729,537.1977229157853,3102900.0
2024-07-26,544.576904296875,553.5716517981388,535.2858984912835,535.2858984912835,3201900.0
2024-07-29,541.7380981445312,546.1350668704899,536.968326959123,540.7440165942087,2965000.0
2024-07-30,550.8953247070312,553.8584916536744,541.0116256403298,541.8814980399055,4139100.0
2024-07-31,550.7327270507812,555.2635891094245,537.5035503051098,540.4858529629912,4713200.0
2024-08-01,547.492431640625,561.5723460039061,542.0726190783878,551.7269190954652,3680800.0
2024-08-02,563.7994995117188,565.4339960493886,549.8629311785508,556.630491282533,5094000.0
2024-08-05,544.8064575195312,560.922375371848,541.7476687495786,556.4297848354996,4587400.0
2024-08-06,543.2674560546875,552.0328060328302,537.7043566429662,543.1336788985003,3216500.0
2024-08-07,541.09765625,546.4218468545798,532.4470643972068,541.6042358423642,4320700.0
2024-08-08,541.2506103515625,547.1865707940696,539.4631421119682,539.4631421119682,2860800.0
2024-08-09,534.1007080078125,540.9542638847348,533.0205727128482,539.6255936239853,2976700.0
2024-08-12,540.342529296875,543.8888201111004,536.2896588472145,537.5036297160539,2532400.0
2024-08-13,548.8975219726562,550.3217556751507,543.8887839820551,544.8350837794687,2369400.0
2024-08-14,554.0878295898438,555.4738494638403,547.9703111351711,549.8533425555152,2344400.0
2024-08-15,554.0306396484375,557.5960669746609,548.1998681622166,554.087989395,2751800.0
2024-08-16,552.1856689453125,555.9804942100457,548.7636461010827,555.2826710877231,2728900.0
2024-08-19,553.2371215820312,557.5576038057994,551.6025668529338,552.5680025404487,1847900.0
2024-08-20,555.0247192382812,558.0452361307309,550.1019762187321,554.2599782453655,1677500.0
2024-08-21,552.55859375,557.6438182531998,551.94682425904,555.8467818369733,2844300.0
2024-08-22,553.1797485351562,557.223108733321,545.4372432051158,553.6863864395046,2282000.0
2024-08-23,558.7142944335938,559.3834135586934,552.9217379270308,555.3591891370351,2376400.0
2024-08-26,561.2185668945312,565.9596913475647,559.8898968853836,562.0979487794826,1800000.0
2024-08-27,561.4290161132812,566.1988461823349,558.0166188783173,563.4554514964107,1581900.0
2024-08-28,562.5663452148438,566.6766229254451,558.1024594703475,563.015633363503,1657000.0
2024-08-29,565.4627685546875,566.4568501465482,558.5805081530305,564.6120321398445,1953200.0
2024-08-30,564.1531982421875,567.0781514336293,560.7025294187903,563.9620130101468,2944700.0
2024-09-03,572.2589721679688,574.1515718903937,565.7017325501444,566.3708517306774,3175500.0
2024-09-04,577.5162353515625,581.1103078317052,571.4942795154503,573.5207147067574,2935000.0
2024-09-05,569.2096557617188,579.2558347720311,563.6464986644091,577.5257165430896,2144800.0
2024-09-06,570.5384521484375,574.1038208419362,566.1223469991102,569.5730162088508,2926400.0
2024-09-09,567.8810424804688,573.023615964651,549.8820936273719,571.914834975532,3411400.0
2024-09-10,572.5935668945312,578.1088849162165,565.0613232968404,568.9421445745099,2863500.0
2024-09-11,563.7230834960938,565.3002888382542,553.418799722609,563.1400180899551,3563600.0
2024-09-12,562.4517211914062,564.4495105873082,557.4716872331029,562.5569109902209,3395800.0
2024-09-13,568.0913696289062,571.3030715012628,561.3142411166707,564.994367227595,2241900.0
2024-09-16,565.1369018554688,574.3937003607072,563.8131219990224,570.7581360004227,2548600.0
2024-09-17,554.4124145507812,562.81545999054,552.9063734434541,562.1344247240304,3416000.0
2024-09-18,556.9927978515625,560.7051190732301,548.9925658752144,553.3571750622259,2988300.0
2024-09-19,553.5586547851562,561.0025013071704,551.1701133134551,559.9376811349517,2945700.0
2024-09-20,551.5729370117188,555.2565107349792,546.4409339736726,548.407399691596,5398700.0
2024-09-23,550.0477905273438,555.8225391316219,548.6952632795192,553.0023198770242,2386100.0
2024-09-24,551.7551879882812,553.7888087039632,542.9396113907248,547.5632384287316,3188500.0
2024-09-25,552.8295288085938,557.4339517773349,549.7311467083969,554.325967737145,2658800.0
2024-09-26,551.3906860351562,553.1077355239908,547.6495591473891,551.572947264015,2751900.0
2024-09-27,558.143798828125,562.8058334875446,553.0981549521266,554.1437125512816,2986200.0
2024-09-30,560.8585815429688,562.5276799677054,555.1605905301374,559.7266648934166,3009700.0
2024-10-01,559.5347290039062,564.7147414509652,557.107838663885,561.1654780000852,2648400.0
2024-10-02,568.1776733398438,579.8902257270182,560.4460620571664,579.6408094681548,3667000.0
2024-10-03,568.5997314453125,569.0601561869915,560.56115105581,566.5469068913005,2645800.0
2024-10-04,567.1129760742188,571.8421079427196,564.465416331562,568.0050784138663,2462600.0
2024-10-07,559.7841796875,568.3023890742685,559.5635692471305,564.8010765596796,2591100.0
2024-10-08,557.8848876953125,565.2040257194529,555.9471691764184,564.100856383793,2231400.0
2024-10-09,567.1321411132812,568.6477842233963,556.9544339860068,558.4412712704111,2207700.0
2024-10-10,573.3480224609375,574.5470939239441,568.6092896971988,570.9306756560245,2143200.0
2024-10-11,573.6837768554688,577.0124299012986,571.9091743926418,572.1873379129615,1909700.0
2024-10-14,580.734375,583.8327572483278,573.0411129548323,574.7006092973608,2447100.0
2024-10-15,533.6251831054688,546.4888553397986,520.8766756032171,529.529194548546,11939400.0
2024-10-16,548.0620727539062,552.7048451396217,532.5028894361491,534.3158997226136,5103900.0
2024-10-17,542.9684448242188,546.268233773505,535.9562176617255,537.7404807601907,5588700.0
2024-10-18,546.402587890625,547.6880185545891,540.1002598122332,543.7550281263591,3687000.0
2024-10-21,548.1867065429688,555.6785617897942,545.5296038025289,546.4313079495777,3018000.0
2024-10-22,546.642333984375,549.6927650780232,542.450384397169,544.7142175033857,2593800.0
2024-10-23,541.635009765625,550.7479533390223,537.1840422213147,548.8198369625889,2911900.0
2024-10-24,537.9611206054688,548.4074473635279,537.4814919228959,541.9708093659673,2590200.0
2024-10-25,541.5582885742188,548.2155364506569,540.6469824469881,543.093076805457,2513700.0
2024-10-28,542.2105102539062,545.1746406532916,539.879522370154,543.1793693577249,1826500.0
2024-10-29,539.227294921875,544.551161071087,537.8171562870446,539.8891847814041,2600300.0
2024-10-30,540.0234985351562,547.0740161121553,538.095382037791,538.3831475116325,2323600.0
2024-10-31,541.500732421875,545.2898103725973,538.0282257658597,538.0282257658597,2490000.0
2024-11-01,544.43603515625,547.0931964385574,540.9251794297041,542.0954451557476,2548300.0
2024-11-04,535.044921875,545.4240920898832,532.7906322640359,543.6494310920925,2656600.0
2024-11-05,543.927734375,545.5680270059872,531.8123091133573,535.5342323911934,2608100.0
2024-11-06,572.3792114257812,580.8302654649281,566.7771233187883,579.2954772827356,6591300.0
2024-11-07,580.7824096679688,582.8831857344555,571.8613274788811,574.2978202189621,5254300.0
2024-11-08,590.7203369140625,594.5477648299426,580.5426292666125,584.1877959222874,3875800.0
2024-11-11,599.7756958007812,605.0324076738228,588.907292948329,591.7659198440036,3003200.0
2024-11-12,589.6266479492188,599.0369593971249,588.7729534783339,594.3366339175891,2809400.0
2024-11-13,581.1852416992188,588.0343531796206,578.4897309074198,588.0247512384434,3409400.0
2024-11-14,568.9834594726562,581.3098916771368,564.9929165380566,578.8925446792239,3079200.0
2024-11-15,568.1009521484375,574.5279879955723,565.9138758722155,567.8035847168505,3423900.0
2024-11-18,565.6260986328125,569.9331546050269,561.4724980695369,565.4246335194365,2577100.0
2024-11-19,553.491455078125,562.9305725516799,553.2708446374179,558.9783786612738,3198300.0
2024-11-20,576.0339965820312,578.086821212645,557.856059418177,558.968830649979,3928600.0
2024-11-21,573.1466064453125,579.3913805270175,572.4175615656445,575.5543515169048,2722900.0
2024-11-22,566.79638671875,576.7630846545985,564.686008835312,574.1730780953073,3197900.0
2024-11-25,581.1468505859375,584.9934816216629,570.767679857502,573.2329780770041,5146200.0
2024-11-26,582.0677490234375,583.6792943530866,574.4800491111201,583.4586838970605,2693600.0
2024-11-27,583.593017578125,592.2934891605468,581.9814721833069,586.1350730895588,2269800.0
2024-11-29,585.3388061523438,590.6914781882969,581.9046486835576,583.9958225359595,2010800.0
2024-12-02,583.727294921875,588.9840064064243,576.2930505413378,588.9840064064243,3364900.0
2024-12-03,580.5712890625,590.6626948046447,580.1780193225952,585.9623105171601,2329900.0
2024-12-04,585.90478515625,597.4542813070711,582.2404149944798,586.1254541632277,4147600.0
2024-12-05,555.3810424804688,584.1779587044689,550.5080586779047,580.9644709117555,5943700.0
2024-12-06,527.22705078125,558.3933145332244,521.9703389320716,558.3933145332244,13003600.0
2024-12-09,539.8414916992188,542.1140078842855,524.4537842169498,531.5409832210477,7684700.0
2024-12-10,544.2421264648438,546.7072417517659,536.384589854337,541.1703564323952,5360600.0
2024-12-11,513.7555541992188,537.4148529813656,512.9273841173434,535.0652855011919,10363000.0
2024-12-12,496.6441650390625,514.2081183288656,495.13234760095565,511.8296932584886,9403800.0
2024-12-13,501.1891784667969,507.97792791521283,491.7909380642051,496.52859864755936,8202900.0
2024-12-16,480.0238342285156,502.3639722701756,477.69351502196486,498.80109554738436,8880000.0
2024-12-17,467.52490234375,477.23131837643746,458.18443625643096,468.9500588924153,14132700.0
2024-12-18,481.1986083984375,487.7658421006399,467.9871190073787,470.32704754965835,10147600.0
2024-12-19,471.1166687011719,484.9829480140567,468.2182205181586,481.6030609817622,7418100.0
2024-12-20,481.59344482421875,484.0104248849392,470.6159744105622,471.1552165090232,10956900.0
2024-12-23,487.5732116699219,489.9227788292284,480.5533971084492,482.2000395053847,4286000.0
2024-12-24,487.34222412109375,487.34222412109375,482.03643399715645,485.7052201297558,1824400.0
2024-12-26,492.20501708984375,493.2353368759865,486.0229808270205,486.90886600636674,3387000.0
2024-12-27,491.0879821777344,494.1597520008485,488.97914886628007,490.5391306998208,3471800.0
2024-12-30,488.9791564941406,490.8376463243684,482.1038049746117,488.07399380814104,5408600.0
2024-12-31,487.1110534667969,492.06056128069343,484.6844640176999,490.47172190141004,4214000.0
2025-01-02,485.81109619140625,493.12938997936783,484.6363125024563,489.17173512550124,4234900.0
2025-01-03,493.9864196777344,497.15445957353546,486.6488483212017,487.58289789254314,3019500.0
2025-01-06,494.6315612792969,501.01583479260535,490.9242793700627,493.9864102992775,4444800.0
2025-01-07,495.19012451171875,500.245541436729,492.27242791902967,499.6196091653916,3914500.0
2025-01-08,505.07952880859375,505.22393403610863,490.6258409081597,495.4308851819511,4141700.0
2025-01-10,501.39141845703125,515.6043708819419,499.2536688227818,507.1209024999974,5467500.0
2025-01-13,521.0835571289062,527.1115500106613,513.3800638661885,515.2096082522903,6472500.0
2025-01-14,523.587158203125,524.3671345290759,516.663641424183,519.6487802661219,3978300.0
2025-01-15,523.2789306640625,526.0425536870702,514.5258708874359,517.1931649977068,4103900.0
2025-01-16,491.665771484375,519.8316950698609,491.09764244400503,510.69337780488144,9059900.0
2025-01-17,490.8665466308594,502.47955910840795,484.16448706411643,486.8799751961679,7495700.0
2025-01-21,505.53204345703125,505.5416822260841,493.8131222511968,494.9975153850579,5682100.0
2025-01-22,500.4573059082031,505.0023965352685,496.87521050858874,502.3254049808018,3756100.0
2025-01-23,510.1349182128906,511.781502109372,500.0722194454623,508.30531524681885,4580800.0
2025-01-24,512.7734375,514.8148586259651,505.0699438101715,508.53649246139724,3671200.0
2025-01-27,523.375244140625,531.4542363817326,519.9664114536503,519.9664114536503,4263000.0
2025-01-28,522.373779296875,526.2448028756102,517.9057985565764,522.8841638583613,3162700.0
2025-01-29,518.1561279296875,523.3367312093762,514.217750399545,521.651592266767,2737600.0
2025-01-30,525.3493041992188,526.8322053380022,515.1710577439311,519.4753559405915,2924700.0
2025-01-31,522.3834838867188,528.8062547632228,521.3434958681269,523.1056863604377,4120500.0
2025-02-03,527.862548828125,533.3801564303395,521.0160840903538,521.9116080255365,4083600.0
2025-02-04,525.2337036132812,528.4691560118371,521.4397316117559,524.992969498395,2869900.0
2025-02-05,519.8027954101562,520.659823076013,502.5662070356889,511.059314765079,4621600.0
2025-02-06,510.39483642578125,519.1190386815173,505.80166933028727,517.9539231423549,3926800.0
2025-02-07,507.4964294433594,512.6577547504121,505.9171995474325,509.58598509984944,3349100.0
2025-02-10,513.6014404296875,514.3621391125266,503.9817141210747,508.11269058099225,3143100.0
2025-02-11,514.1310424804688,527.2462329815083,508.69048648902475,515.171030362682,2631900.0
2025-02-12,507.852783203125,522.2486382655562,506.0328189348828,519.8412967804694,3859200.0
2025-02-13,511.4926452636719,514.5259189983952,507.5638475627408,511.22305358335456,2835100.0
2025-02-14,504.1069030761719,513.4377602334682,503.52910590486795,509.3934151262628,3705300.0
2025-02-18,482.1712646484375,496.87529626696767,478.5795004741917,492.0028393172847,8759300.0
2025-02-19,492.09906005859375,492.8886456273765,479.68679490014085,482.7489258107926,4380300.0
2025-02-20,483.798583984375,489.5858125426951,481.69936001675325,486.46590759141816,4144300.0
2025-02-21,449.1329040527344,452.2913349403988,422.2477011219374,423.25877280218174,19864900.0
2025-02-24,444.4144592285156,450.6542985569018,440.06199666774387,449.383215277445,6919300.0
2025-02-25,452.94610595703125,453.31202655341684,433.38886668098314,443.6922702902772,9101000.0
2025-02-26,446.4077453613281,455.51711676700637,441.2175327113629,447.4284557389426,5108400.0
2025-02-27,451.1935119628906,457.7799939194948,447.78470861628784,448.8921090707174,4216800.0
2025-02-28,457.3563537597656,458.7044591061137,447.2647971215379,449.69138674496446,6146300.0
2025-03-03,449.7394714355469,459.5806834411173,447.9676718379135,456.78817352513516,5700200.0
2025-03-04,457.0193176269531,461.44883178677696,449.17139035151644,452.3394599383231,5864100.0
2025-03-05,458.33856201171875,461.3236418880475,453.55276605366333,453.61053989730243,3637100.0
2025-03-06,469.6434020996094,470.0285708314511,454.5060387849559,458.35778487635383,4964000.0
2025-03-07,475.18988037109375,481.39119333533085,465.4545777763552,465.8975203062328,5434100.0
2025-03-10,464.3976135253906,481.4467413693105,461.97030407947284,476.06025579580074,5108900.0
2025-03-11,470.0258483886719,470.7317772897896,461.4190935777406,466.60247687526225,4101000.0
2025-03-12,465.2582702636719,471.5344564185333,463.0437429240133,467.2214137194421,3680800.0
2025-03-13,465.6547546386719,468.1110743818843,459.34958776361196,463.6529799169653,2876600.0
2025-03-14,472.5498352050781,473.3234943180056,462.48282287220553,465.1518951656696,3915900.0
2025-03-17,482.5781555175781,484.1157642645455,469.93881152562165,471.4474099004604,5152300.0
2025-03-18,487.20068359375,489.2991989788561,481.4177327345897,485.6920851511796,3617600.0
2025-03-19,486.6204833984375,489.66669070253965,483.58392654423744,488.39985519031916,3317600.0
2025-03-20,494.4535827636719,497.4417988520735,486.9202703497666,488.6029310693066,4965400.0
2025-03-21,499.8207092285156,501.8998942498113,488.4481999010114,494.82106784916925,10244900.0
2025-03-24,499.4822692871094,501.1746099865333,494.27952572923346,498.10907221777006,3840900.0
2025-03-25,496.513427734375,501.89991365943825,494.67603510894344,501.203664654167,3015100.0
2025-03-26,501.1262512207031,505.7197472400497,495.95248871073414,498.22509584006315,3253800.0
2025-03-27,498.7279357910156,503.91137839950665,496.04924238866363,499.27916241077554,2822200.0
2025-03-28,499.0373840332031,503.8146222326559,498.0800122057926,499.84005354497594,2379100.0
2025-03-31,506.4933166503906,510.71932776380413,501.50335595960195,502.07388339643336,5238700.0
2025-04-01,505.8840637207031,510.7676628381001,503.78557812840916,508.4177343683225,2962500.0
2025-04-02,505.9615173339844,507.70219878212004,499.7723621582153,505.7197543821834,2378900.0
2025-04-03,522.633544921875,530.4279810795986,511.85089234404563,512.5278404966557,6457900.0
2025-04-04,507.75048828125,533.5611007694373,507.54744519770713,522.826850403371,9919000.0
2025-04-07,507.41204833984375,511.7637810717049,486.99757122254414,496.4843757291118,7356700.0
2025-04-08,534.8569946289062,565.73494970483,529.4221685543281,562.9884967836524,11762300.0
2025-04-09,559.439453125,569.9803411064214,536.1915496491932,541.6843966609358,12691900.0
2025-04-10,574.8156127929688,582.0491413599677,560.890043281153,561.1221262689903,8646000.0
2025-04-11,579.718505859375,586.3815068311443,567.2049124109151,569.5161213212456,6121500.0
2025-04-14,567.7174682617188,576.0051098678977,560.2034563464629,575.3958624680573,4839300.0
2025-04-15,564.36181640625,573.3263469398769,562.8338579529812,572.726779513435,3871300.0
2025-04-16,565.7639770507812,575.2120922454072,563.752551757148,566.0347798927083,4192100.0
2025-04-17,439.14788818359375,473.65231957938204,432.36887498790867,466.07063684565765,29120200.0
2025-04-21,411.31610107421875,438.5579614087838,410.8132447968408,434.9411973671603,13029900.0
2025-04-22,413.1051330566406,417.28280343230244,403.3765954349208,410.64884301745997,10156900.0
2025-04-23,413.8594665527344,424.39067447670425,409.78818687103757,412.99880582511463,8345700.0
2025-04-24,410.271728515625,415.7355653147137,409.6914915298636,413.48234759303637,7629100.0
2025-04-25,404.8465881347656,409.6044665629202,398.4446802955204,409.6044665629202,9263800.0
2025-04-28,406.1617736816406,410.14602254915627,401.85838117946736,405.92001072111583,6614300.0
2025-04-29,395.7466125488281,407.85409027111746,395.6208910948618,407.3125436325536,9909100.0
2025-04-30,397.8837890625,399.64383039534243,387.78776605900015,395.5531907175539,9192800.0
2025-05-01,387.478271484375,398.415623946699,386.6852820004955,397.7677158287574,9316800.0
2025-05-02,386.74334716796875,388.75480181393084,380.15769762792024,386.7820079891054,11392900.0
2025-05-05,391.47222900390625,396.20112637756483,384.49011396641765,385.96970201048,8157200.0
2025-05-06,381.5115966796875,391.3851868185713,380.45751380992533,389.52843446671955,7858600.0
2025-05-07,378.1752624511719,382.48830507783794,372.9918791347592,382.32392280385983,8517200.0
2025-05-08,372.8468017578125,378.0398946035448,372.6727395204123,377.15019398114663,7218300.0
2025-05-09,368.0986022949219,373.8138523221996,366.06778766228564,372.96287154920515,8381100.0
2025-05-12,366.27081298828125,374.45206169620303,364.4237407925548,368.4466792040532,11004800.0
2025-05-13,301.1205749511719,330.731694451795,298.91569816864296,324.6779411270291,59478300.0
2025-05-14,297.861572265625,312.2996455467706,296.991202217411,310.85874810902476,40029600.0
2025-05-15,265.3106384277344,267.53484552142146,240.67983057540926,265.84250505515826,121849200.0
2025-05-16,282.2920837402344,284.7870643040033,260.27232571627866,270.0878952104499,71094300.0
2025-05-19,305.4819641113281,305.86877887426573,287.45610694010406,294.72832482438486,62524700.0
2025-05-20,310.9844665527344,313.9436718473426,302.281001424796,310.3462384139784,41487000.0
2025-05-21,292.99737548828125,299.7473784064457,290.18325110798406,291.0826022313145,45506900.0
2025-05-22,286.895263671875,295.59872966499546,282.8626447764148,284.20686091226094,27159600.0
2025-05-23,285.8315124511719,289.8254411747657,282.0310058956864,286.3440487333716,16873600.0
2025-05-27,285.2802734375,290.0671915254351,279.60368424391345,289.63200642213985,20144600.0
2025-05-28,288.28778076171875,293.7709771264531,283.6169338312301,284.3132122662428,16114200.0
2025-05-29,288.3458557128906,293.3841874589347,285.28028844160985,287.0209699221844,16221100.0
2025-05-30,291.96258544921875,295.56969895361647,286.0925744837722,288.1523993490038,16309300.0
2025-06-02,294.6800231933594,303.21907753009026,291.05357897391764,293.13273442398184,19074400.0
2025-06-03,291.29534912109375,295.64708229197464,290.1252246874169,293.1134112566389,12805700.0
2025-06-04,290.4830322265625,297.5038379274478,290.3089699807752,293.53891953828514,11255600.0
2025-06-05,286.0926208496094,292.4558386625198,284.41961049501236,290.48304459005874,13529000.0
2025-06-06,293.22943115234375,294.36089467874035,287.3594199802387,287.43680064656314,12589000.0
2025-06-09,293.2004699707031,297.27175023476826,291.2180253666836,294.9895219006205,12170300.0
2025-06-10,293.7806701660156,295.066836055353,290.6860926477361,293.7903206156568,11384100.0
2025-06-11,300.32763671875,301.31401903573646,292.272107349822,292.7072629990446,14711400.0
2025-06-12,308.0059814453125,308.2960851646059,298.3451439358376,301.13990813862165,15957200.0
2025-06-13,303.1997375488281,306.9615830661931,301.63311841740847,305.49164550124414,13762400.0
2025-06-16,299.6352233886719,305.09888195336697,296.8400871414289,304.8359351372026,14240100.0
2025-06-17,300.81365966796875,301.86550639453924,297.5510326344616,299.4307145369339,11593900.0
2025-06-18,299.1872253417969,303.65749947621657,298.24252494378794,299.52807241319425,12205600.0
2025-06-20,294.1325988769531,301.514874556104,293.7235407760027,301.42722561766743,16177900.0
2025-06-23,292.8372802734375,294.5805995721258,287.81186629372377,294.02545989331065,12274700.0
2025-06-24,297.6484069824219,297.843202204433,291.52246282558116,293.58719112553393,8781400.0
2025-06-25,294.1423034667969,296.44076227488523,291.9802072595582,296.44076227488523,8722100.0
2025-06-26,294.7266540527344,298.7099696141785,293.43135797612473,294.6779701085044,6532700.0
2025-06-27,301.04736328125,302.35243775532797,294.3176253430224,295.0480628350502,15304400.0
2025-06-30,303.8327941894531,304.2321036031761,298.3496384111671,300.94026040062283,10074100.0
2025-07-01,317.6332092285156,318.0324889235734,302.9659962707237,303.83279640669696,17865500.0
2025-07-02,299.537841796875,314.01026056993635,298.4373110825284,312.3740577948609,18177200.0
2025-07-03,300.50201416015625,304.10551817771625,300.1903833752458,301.7583751433657,6161100.0
2025-07-07,295.7882385253906,300.5604245061098,293.34372777038345,299.9663495736371,9031200.0
2025-07-08,299.6741943359375,300.2585206056943,295.8758952530363,296.2947020418024,9613800.0
2025-07-09,295.00909423828125,295.6810991004532,290.9575974321349,295.28178970977297,12816700.0
2025-07-10,291.69781494140625,296.97642707577035,288.86371363583373,295.1552075109834,11355600.0
2025-07-11,296.1680908203125,296.1875584556225,290.22719267690536,292.194493820114,9808200.0
2025-07-14,292.7398376464844,296.1096104716127,291.20106250072973,293.7722165831461,10681400.0
2025-07-15,284.10125732421875,292.8372920835697,283.43900104291316,291.8925916122791,16019000.0
2025-07-16,284.8608703613281,288.2695786233296,283.166264907695,284.9193029823791,9714000.0
2025-07-17,280.5561828613281,285.3575849215391,276.4267559610054,284.7050476737463,14792700.0
2025-07-18,275.2775573730469,280.5561991191431,273.48555415915195,280.3809012411879,14979700.0
2025-07-21,274.7808837890625,279.0271465168168,273.8653996740732,277.215675643485,10319200.0
2025-07-22,277.69287109375,279.62120712174084,274.6445070929045,275.25807936420296,14600300.0
2025-07-23,284.88037109375,285.0069850147208,277.5175635382558,280.00103912709983,13111100.0
2025-07-24,271.313720703125,281.6664607234498,270.9631249322917,275.7158435252399,22585200.0
2025-07-25,273.7290344238281,278.6765480683822,272.63825243902,273.670601797612,16486600.0
2025-07-28,274.7613830566406,277.5662679939268,272.3947725363979,276.1053928992219,15779400.0
2025-07-29,254.26043701171875,265.7916070375065,253.75398131186483,258.7696760351364,41706000.0
2025-07-30,259.100830078125,259.67543741529437,251.38739605525183,257.89315305276926,22371800.0
2025-07-31,243.05064392089844,254.58181382832618,241.28785711045148,254.58181382832618,29606900.0
2025-08-01,231.56817626953125,244.9303144871565,228.48086213583068,244.07326304181245,39989200.0
2025-08-04,234.6944580078125,235.9313364611171,230.76957463139894,232.02593558103644,17427900.0
2025-08-05,244.45309448242188,245.49519249646224,233.78870946819526,234.8697576119316,23795900.0
2025-08-06,239.36924743652344,246.5567575010141,238.91150539464564,244.10248323446783,12946400.0
2025-08-07,238.28819274902344,242.26177459400063,233.25304528749007,239.99254694214704,11369900.0
2025-08-08,244.34596252441406,244.53100907684876,237.9960214207692,238.40506465525084,10185700.0
2025-08-11,245.787353515625,251.66007004429798,245.56335683501533,247.24822856973847,11779500.0
2025-08-12,254.7473907470703,256.023219208256,247.0534401302882,247.39431690942763,12171800.0
2025-08-13,264.7203063964844,265.09039951268255,256.032985730441,257.49386083864647,19480300.0
2025-08-14,264.40863037109375,266.70708919484196,260.0357539817072,265.002735002078,25011100.0
2025-08-15,296.0804443359375,302.206359369574,287.02300061610106,293.84041795031777,68198500.0
2025-08-18,300.4435729980469,308.14725816743027,299.40150464902877,305.0112449986687,39600500.0
2025-08-19,296.3044128417969,302.40114100878935,291.4056129379895,300.8428683153138,22348600.0
2025-08-20,292.0191650390625,299.1872070449018,287.9871655595596,298.40805589123585,16679000.0
2025-08-21,295.4376220703125,298.5736348758748,290.03236682349,294.40527279782094,13359000.0
2025-08-22,299.4014587402344,302.57640669318397,296.6355093997609,298.11588167577366,14930000.0
2025-08-25,296.90826416015625,300.81368007561,294.8338463228724,300.4435869326935,8917100.0
2025-08-26,292.5937805175781,300.90128859430416,286.52629863380554,296.37258198469374,16303200.0
2025-08-27,295.95379638671875,297.9892786188307,292.6619533539408,292.7009183419864,9982800.0
2025-08-28,294.4052734375,296.52840460843896,291.5906400432071,296.3141417558576,11235000.0
2025-08-29,301.7875671386719,301.91418106683005,293.0612817111696,294.41501048718345,12065400.0
2025-09-02,300.7454833984375,304.7288290991673,299.2846082594135,300.2682736972622,10957100.0
2025-09-03,299.8494567871094,301.51484590229705,295.7784924070608,300.0734385901907,9654600.0
2025-09-04,302.2842712402344,303.77436260798476,296.1680755300563,298.11590893739424,7725700.0
2025-09-05,307.1636047363281,309.64708045256157,300.1611412295898,302.34270514413464,14126700.0
2025-09-08,311.8968200683594,313.2602974904627,305.61504552729724,311.3708967335557,18438600.0
2025-09-09,338.8451232910156,342.5362463146478,318.6266023750954,323.8273141699113,46408900.0
2025-09-10,337.7348327636719,339.4781519824642,332.49515615094765,336.54665319825267,17804300.0
2025-09-11,344.38665771484375,351.56444850348964,336.81933592601155,339.89691615463136,18943500.0
2025-09-12,343.3153991699219,352.8597713233265,343.2666855000246,346.6169614598537,14016200.0
2025-09-15,340.9534606933594,344.6972712574788,335.7003177947291,344.2562617205344,11035900.0
2025-09-16,333.005126953125,342.0805014268064,331.5742462609258,340.57119910514825,12695800.0
2025-09-17,334.7986755371094,336.1609748937723,330.9568525731296,330.9568525731296,8467700.0
2025-09-18,328.14404296875,338.05244567780335,327.45798828050584,336.6803662104043,11255600.0
2025-09-19,329.97674560546875,334.16159537316497,327.18356573028825,329.7905316198508,13656800.0
2025-09-22,334.49481201171875,335.6513067387905,325.9682991379935,327.7911982671105,8903700.0
2025-09-23,340.7574157714844,345.66753101419107,333.1815333788629,334.2008052062361,12504100.0
2025-09-24,344.7952880859375,347.4316547985749,340.904444380264,343.2174040946968,9016300.0
2025-09-25,338.6698913574219,343.2075787683629,336.7489800892123,341.9432916493518,8104900.0
2025-09-26,337.2193603515625,342.9919337348455,334.49479209209557,340.99260101141846,6774700.0
2025-09-29,338.2974548339844,338.6600726249961,334.6418463806178,337.1213995584671,6878900.0
2025-09-30,338.4150695800781,342.3549341542898,335.50428705679644,336.8959869118207,7429700.0
2025-10-01,341.3552551269531,341.74730347810174,334.8182646079004,337.042992446128,8825500.0
2025-10-02,346.6672058105469,348.00007452066336,337.77804465223784,340.36542025529764,8564200.0
2025-10-03,353.01800537109375,360.6624696666976,349.49955984972655,350.12681328377096,13494800.0
2025-10-06,351.6164855957031,355.2917144647868,349.98958069389806,353.8314330983794,7181700.0
2025-10-07,356.40899658203125,357.4478588776738,350.9206488503359,352.24373721828493,7236200.0
2025-10-08,362.544189453125,367.16026853084173,358.50631288504906,359.613786634634,9438300.0
2025-10-09,360.358642578125,368.71856196916235,358.7807287668154,365.0923241938757,8759800.0
2025-10-10,347.4316101074219,362.0345124206696,345.481298369123,362.0345124206696,13141900.0
2025-10-13,351.5086975097656,351.9987280315978,346.27517512568846,347.6668450586018,5659400.0
2025-10-14,352.75335693359375,355.1054974076654,346.35355964789164,347.8726721794402,5974800.0
2025-10-15,353.9490051269531,356.9577994132716,348.7546940700243,352.224118197926,6579600.0
2025-10-16,349.5583801269531,354.7820922478407,347.3336224508748,354.62527889422057,5872100.0
2025-10-17,349.4897766113281,351.2440942663747,343.83480520778255,344.0014287463771,8608400.0
2025-10-20,357.2126770019531,358.2809400014152,350.3816500053927,351.3911117321571,5996500.0
2025-10-21,358.08489990234375,363.6516394702736,354.2920684364863,357.85950500338544,6885300.0
2025-10-22,354.2822265625,356.74218914094564,350.8618233858751,356.7029783280342,7833000.0
2025-10-23,353.26300048828125,355.05649896373836,346.58878745070496,348.4900782801277,5756700.0
2025-10-24,355.2721252441406,358.1339166267961,352.8513732909411,354.1646514889598,5462100.0
2025-10-27,358.6827392578125,358.91794432933744,354.194043082288,356.2521771853968,7766400.0
2025-10-28,360.5056457519531,373.4032524981995,351.4792920385495,373.0896257903608,18858700.0
2025-10-29,348.1764831542969,358.8493319750526,346.82399417826383,357.01662267617155,11874900.0
2025-10-30,337.8760681152344,347.47087476925253,336.7490038190758,340.5908266262187,11441900.0
2025-10-31,334.7496337890625,339.3755229195461,330.398160543053,337.52322317661793,8390800.0
2025-11-03,327.13458251953125,333.9068078868114,320.08794125774733,332.36810487769543,11181400.0
2025-11-04,324.23358154296875,329.79054081416064,320.6759850821896,321.09740415229965,9646600.0
2025-11-05,321.2052001953125,323.62595219451543,317.7553960532753,319.7939098851405,9697100.0
2025-11-06,315.1484069824219,325.7428638052234,315.04061463076283,322.36167136274133,7922100.0
2025-11-07,317.7455749511719,318.0787921089143,307.8959736628304,313.2863092733651,9402900.0
2025-11-10,315.1679992675781,317.78477526476075,310.8459566317771,313.60970588621075,9283800.0
2025-11-11,320.9209899902344,321.3227886847148,313.5019209593692,316.8537128676349,7157800.0
2025-11-12,332.2994689941406,336.3275351202159,320.55832784518265,321.9010364932658,10403300.0
2025-11-13,325.889892578125,332.2700996432553,324.6844366173477,331.6036653013031,7788700.0
2025-11-14,315.4424133300781,321.6658065479886,314.09973457010733,320.4309500487702,8676500.0
2025-11-17,314.129150390625,321.34241512007077,313.06088745762,314.2075720220705,6485400.0
2025-11-18,307.3275146484375,311.16936692129127,302.61342363993174,310.6891466030926,9182100.0
2025-11-19,302.9270324707031,308.7191962173961,298.4579569753306,307.67052383301655,8181100.0
2025-11-20,305.3282165527344,308.4742040318584,303.8189142172394,304.61276124553154,7337600.0
2025-11-21,313.59014892578125,317.3829805678444,305.23022900412775,305.69085891391086,8406300.0
2025-11-24,312.6885070800781,319.35294104025695,311.2870267728116,318.0592531062754,10773800.0
2025-11-25,319.7742919921875,321.45999805640776,314.50155918983273,314.71717379952673,6149100.0
2025-11-26,323.13592529296875,328.50667069521734,319.3921147564304,320.07813955631997,5504200.0
2025-11-28,323.1947326660156,325.43908092127253,322.3323040363653,325.05687265152045,2464500.0
2025-12-01,316.7655029296875,323.4789266660114,316.58909913037786,320.6367557882569,6154600.0
2025-12-02,318.06903076171875,322.1460884369951,316.3637041471038,316.92234613997925,7978100.0
2025-12-03,332.9365234375,334.60263914868636,318.529644271779,319.4998951185618,9770000.0
2025-12-04,326.8405456542969,334.4556390535126,322.16566527513515,332.63270997198805,8061600.0
2025-12-05,324.31201171875,329.0162928832224,321.9598711365138,328.3204578992349,5906000.0
2025-12-08,319.2998046875,324.7066598386667,318.5203424234218,324.3120056919803,4782800.0
2025-12-09,319.28009033203125,322.00322508793437,318.1750466501944,318.8459617269979,4628400.0
2025-12-10,323.9864196777344,324.341629514822,315.33350563746524,318.44144868860934,5910500.0
2025-12-11,332.23480224609375,334.72115043100086,324.3711973012736,325.9596900029746,7513200.0
2025-12-12,337.276611328125,340.3747084246943,332.8662822838281,332.9945516695081,7979000.0
2025-12-15,336.5464782714844,340.35493459808333,332.50120535931967,336.4379310634787,6447200.0
2025-12-16,329.7386169433594,336.43795231748607,326.61092153589937,335.875584402924,6334000.0
2025-12-17,327.2029113769531,331.04096617925336,326.0682693196749,329.15646010386473,4685600.0
2025-12-18,323.759521484375,325.77226689940477,320.2371718427956,324.5389537288393,6354900.0
2025-12-19,323.0491027832031,330.1332457701224,321.71711865698285,323.6805434123363,10553000.0
2025-12-22,320.81927490234375,325.3973174895482,317.3561220691985,318.58943517385893,7872400.0
2025-12-23,320.46405029296875,323.42400160765817,319.4379555165406,319.6747419864576,4463300.0
2025-12-24,323.2069396972656,324.59812043868055,319.8030137263066,320.8587369294642,2842700.0
2025-12-26,327.40020751953125,327.4594342482506,321.90458736412984,322.8320412014528,4359300.0
2025-12-29,324.5487976074219,329.78790902637104,323.89760470487346,326.4727780063231,4346800.0
2025-12-30,327.725830078125,331.66255589444074,325.11121230400323,325.3282766160162,4432500.0
2025-12-31,325.70318603515625,328.8802018879278,325.47627568793376,327.88370534581946,4285200.0
2026-01-02,331.9092102050781,335.71769665499096,323.1280270938765,326.4826326508298,6863600.0
2026-01-05,337.4541931152344,342.3085268229226,329.3932753932535,330.97192221503246,7956600.0
2026-01-06,344.3114013671875,347.90279327098006,340.5127911940015,343.6996829189171,9441900.0
2026-01-07,337.13848876953125,345.4361929991165,333.52734431693204,344.3213032237757,7461400.0
2026-01-08,342.2197265625,343.2556975271264,336.2504730653109,336.4576913463828,5059300.0
2026-01-09,339.3880615234375,344.40023298765334,337.9080857224443,342.6143979299363,4129100.0
2026-01-12,335.96435546875,338.0757717813934,329.48205476450516,336.86221099442224,7146400.0
2026-01-13,329.47216796875,337.27657641470313,328.4065987621919,336.9411188846722,5605900.0
2026-01-14,330.4884338378906,335.56967774923123,329.639928884428,330.8929641448377,5740900.0
2026-01-15,334.43505859375,334.9185378332558,323.6805737302307,330.72527303842884,6943500.0
2026-01-16,326.6010437011719,331.7119162692861,326.01892350864483,330.38977807791053,8039100.0
2026-01-20,333.912109375,335.35264073207316,322.14137656345895,323.0293559592084,7596500.0
2026-01-21,343.1076965332031,343.4332779356386,334.168645798694,334.8987575018528,8933300.0
2026-01-22,349.7380065917969,350.2116096750548,342.14078564010657,342.54531596139657,7491400.0
2026-01-23,351.50408935546875,353.09258208371216,348.2777232015386,349.5505106781399,9082200.0
2026-01-26,346.9457702636719,350.05371308364437,342.6340826093485,349.2249303389971,10399500.0
2026-01-27,278.92608642578125,295.50180147620006,276.6567723884028,290.04562584533727,65836900.0
2026-01-28,290.094970703125,291.0027024164021,279.9324825435024,279.9324825435024,23396900.0
2026-01-29,288.3880615234375,291.65387202555553,285.3590374883647,290.4008067136846,13456400.0
2026-01-30,283.099609375,289.03926441710115,280.8993981188336,288.200605503728,12022200.0
2026-02-02,281.77752685546875,286.52331359037186,278.5117159450099,282.201779365365,8664200.0
2026-02-03,280.3863220214844,284.2441289542904,274.88082567321817,280.899399533992,10809100.0
2026-02-04,272.2366027832031,280.7020503139632,270.39154116696983,278.2453003524489,12944100.0
2026-02-05,264.9649658203125,273.19365705526934,262.73515628230206,270.6283598679102,13035300.0
2026-02-06,272.95684814453125,274.10136630983425,262.85355690624687,263.49487369356603,9572800.0
2026-02-09,272.0195617675781,276.4397368487514,269.6713287006126,270.49023538782427,10371600.0
2026-02-10,269.5726623535156,275.7589504136547,269.01026431799795,273.81524764104677,7284700.0
2026-02-11,275.1866760253906,275.9562621591264,266.19827491875816,268.8030465161297,6333100.0
2026-02-12,280.57379150390625,282.4878958393087,272.1280658242715,274.4467004687212,12336900.0
2026-02-13,289.2760314941406,289.5424162609187,280.71191329863694,281.81695692254965,10281900.0
2026-02-17,285.23077392578125,290.3021716729731,284.4907860910092,290.07523123064414,6091700.0
2026-02-18,284.3526916503906,286.25691992582074,282.46818554567625,286.1286505407075,6632000.0
2026-02-19,286.0595703125,287.00677646545466,283.0601744920274,287.00677646545466,4931800.0
2026-02-20,286.1286315917969,286.9179399107358,281.73802502847053,285.04331007061916,6974100.0
2026-02-23,278.5708923339844,287.8749991147026,277.90985337545374,284.6979833712643,7247500.0
2026-02-24,270.29290771484375,278.63008610216724,268.1715851207944,278.4327740747045,9684500.0
2026-02-25,280.40606689453125,280.93883645242494,273.17390231272435,273.5883087457124,11380600.0
2026-02-26,282.8332214355469,291.31842132234294,281.42231851936197,283.1489568057956,10210000.0
2026-02-27,289.3549499511719,290.2034849465505,280.06072010966534,280.899378965855,9723300.0
2026-03-02,290.9928283691406,291.36776038144785,283.6620222891216,284.31321524046825,8141400.0
2026-03-03,285.34918212890625,289.8187076809586,280.56392119101315,285.13211781491367,7051100.0
2026-03-04,288.06243896484375,290.4106717068518,283.83957650692196,285.15183838518783,7796000.0
2026-03-05,284.9150390625,287.5000885291143,282.91213985723385,286.1779504316799,5397900.0
2026-03-06,282.6556396484375,287.44087037641276,279.27140562669894,283.5041446062434,6816900.0
2026-03-09,283.550537109375,283.5803655260448,277.0774975936055,280.39852614134315,10348800.0
2026-03-10,280.736572265625,285.9468043127463,277.3161057836816,285.74795833009716,6075600.0
2026-03-11,283.63006591796875,284.59455850401093,279.00647932593364,280.7763694963311,6878800.0
2026-03-12,275.47662353515625,285.9269470548217,274.7209602020642,283.1627358622739,10512300.0
2026-03-13,280.4880065917969,281.2735286763525,276.2323139355343,276.48089418495215,4737600.0
2026-03-16,283.8686828613281,285.767839547621,279.44397276937343,282.36727883683284,4854000.0
2026-03-17,285.9368896484375,287.3488084380985,283.22238246669014,286.16556405202414,5752000.0
2026-03-18,282.71527099609375,286.7621646688093,281.4624471949345,283.5803557381978,4544100.0
2026-03-19,278.8473815917969,285.91698928392157,278.4794876796185,282.3871618979052,5542100.0
2026-03-20,274.0249328613281,281.4922936115716,273.43828708670907,277.40561834190976,38893000.0
2026-03-23,268.00927734375,279.15560669620453,267.5618207785692,277.55476453204625,10424200.0
2026-03-24,270.73370361328125,271.8274627132414,266.0703359894755,267.34306557553816,5911700.0
2026-03-25,269.0135192871094,274.5121128941823,265.5930528118823,273.43825962603756,8121200.0
2026-03-26,266.5277404785156,273.08034278207333,265.66268603579573,268.4567257080549,6218800.0
2026-03-27,257.54901123046875,266.1499120468286,254.516344356629,265.98086412749376,10735300.0
2026-03-30,260.3033142089844,260.84022572405274,255.21239532653578,258.70244155156036,7774700.0
2026-03-31,269.0533142089844,270.33599678803927,261.11862175045525,261.506421503485,9170800.0
2026-04-01,272.424072265625,273.7365528939259,269.22235750517115,272.6527466700565,5473400.0
2026-04-02,275.6854553222656,277.45534552157113,269.98798496185265,270.74367864614135,6407000.0
2026-04-06,279.76214599609375,281.6911311912249,275.6755011928929,276.3019282869355,7097000.0
2026-04-07,305.982421875,310.6557125153819,299.0420501528358,307.0960565749332,22099800.0
2026-04-08,304.2423400878906,311.1926339297742,303.09884670162427,310.22814137902384,9645000.0
2026-04-09,305.16705322265625,306.1414986993597,302.41279505356766,304.08324700425817,5742000.0
2026-04-10,302.6016845703125,308.607391668382,302.4724483346268,306.20115193665987,5212900.0
2026-04-13,311.22247314453125,311.5406631473035,301.199730811355,301.5278433900291,7972200.0
2026-04-14,312.40570068359375,317.8048561417646,310.7352487756957,310.7352487756957,5864500.0
2026-04-15,312.2664794921875,315.9554320324556,309.3829548311358,314.20541746552016,5041200.0
2026-04-16,314.6031494140625,316.80059026538316,311.33182492038935,313.2111061223722,5205600.0
2026-04-17,322.78643798828125,323.42278766287063,315.33898324917396,318.2324307180975,9414700.0
2026-04-20,321.6429748535156,323.5520542213801,318.3020404433487,322.3489342821542,9050600.0
2026-04-21,344.0450134277344,355.648722319699,343.26944427388656,351.00526031661906,26097300.0
2026-04-22,351.5123596191406,356.52374610698536,347.11747765911315,348.8873678788304,11807300.0
2026-04-23,352.54644775390625,354.8234513171886,348.50950696242506,352.66576141761215,7255800.0
2026-04-24,352.9044189453125,356.24532290478834,349.3944670661433,354.4654798371856,8554600.0
2026-04-27,352.67572021484375,354.4654858887946,346.96832734783226,351.9001510435625,7256100.0
2026-04-28,364.6871032714844,367.5308771185002,353.6998683282982,354.8135029963465,10604100.0
2026-04-29,368.6345520019531,368.7339901692348,362.9371121823581,363.9214802466298,9046600.0
2026-04-30,368.37603759765625,369.87744160261,360.9385059451532,366.4172241064422,6879900.0
2026-05-01,366.6856994628906,370.78229715346583,364.9356847817637,369.8476329800702,4945400.0
2026-05-04,368.6445007324219,368.7240330587824,362.57913672838885,366.4569824541582,4916900.0
2026-05-05,361.8035583496094,369.6885161814855,359.75525962508635,368.3760355922912,6489000.0
2026-05-06,365.1942138671875,366.45699060703,356.21549649518977,361.0379593902868,6695500.0
2026-05-07,367.6402282714844,367.70983802248844,362.64874789161854,364.5578575186544,5235400.0
2026-05-08,377.8221130371094,377.8221130371094,369.87746743357553,369.87746743357553,6455100.0
2026-05-11,382.25677490234375,382.6246688242237,373.9343128299113,378.28944374742184,6949600.0
2026-05-12,394.138916015625,395.1630654325308,379.8405751710962,380.6758011703357,9236300.0
2026-05-13,398.8818054199219,401.85481542088894,390.7681426338459,394.24826604152645,8454100.0
2026-05-14,396.82354736328125,399.6175868268494,393.7510992453305,398.72270403378167,5342500.0
2026-05-15,391.61334228515625,395.3718745508767,388.0337805215488,392.0607685404387,9811200.0
2026-05-18,388.9087829589844,389.9130568930274,381.32210876906953,387.78519535837574,8400700.0
2026-05-19,387.02947998046875,392.74682548894975,385.3093241434657,387.78517361871184,5016800.0
2026-05-20,381.12322998046875,391.14600272737164,378.53801963676773,387.3377362764213,7783900.0
2026-05-21,380.3078918457031,383.9172514426562,378.3789067550467,378.95559956058275,4732500.0
2026-05-22,386.2638854980469,388.322137279522,378.846259230469,379.7510949944643,5598600.0
2026-05-26,374.71978759765625,384.32493184527755,374.27236136603494,383.8078958628703,6498100.0
2026-05-27,381.8292236328125,382.3462596379654,374.9485088403697,376.2808953624811,4544000.0
2026-05-28,380.35760498046875,387.0493961299752,378.7965137522062,382.77379769013777,4330800.0
2026-05-29,378.15020751953125,382.9328889810419,373.317822146985,381.6005025160485,10257900.0
2026-06-01,377.7027587890625,381.17295969749404,373.7851619834815,373.97405505590115,6623700.0
2026-06-02,375.7738037109375,377.9215103567756,372.5919643898307,375.83346054308475,3874400.0
2026-06-03,374.8590087890625,385.25959772485203,374.6700853756592,377.8419717237235,6808400.0
2026-06-04,394.21844482421875,399.1005645351637,387.606216297745,387.78518679364066,12666100.0
2026-06-05,397.201416015625,401.7454703246708,394.9443182415365,397.2710257691138,10897300.0
2026-06-08,404.2610778808594,406.3889089451397,392.74682423133754,394.87468563988523,6963200.0
2026-06-09,410.6545715332031,410.6545715332031,405.12614922049136,407.66165562372737,8590400.0
2026-06-10,405.1460266113281,413.61766096102207,402.2525488568183,411.1517339543602,6512900.0
2026-06-11,403.2468566894531,407.6517216421196,400.82071109845896,406.38891459163034,4938100.0
2026-06-12,406.20001220703125,407.5622574937536,402.5110897188582,406.6872501409831,7269600.0
2026-06-15,411.0400085449219,414.1600036621094,399.6499938964844,406.70001220703125,6777900.0
2026-06-16,407.6499938964844,411.75,406.5400085449219,410.67999267578125,4815100.0
2026-06-17,399.5299987792969,411.1600036621094,398.5899963378906,409.1199951171875,5838800.0
2026-06-18,400.9599914550781,406.20001220703125,399.1499938964844,402.7699890136719,11896900.0
2026-06-22,406.67999267578125,409.4599914550781,402.1400146484375,402.1400146484375,5818600.0
2026-06-23,409.25,409.8999938964844,402.8399963378906,409.5199890136719,6675900.0
2026-06-24,405.79998779296875,413.42999267578125,400.0,410.5400085449219,6858800.0
2026-06-25,415.5299987792969,417.5799865722656,406.6499938964844,406.6499938964844,6014400.0
2026-06-26,427.8900146484375,427.92999267578125,416.1600036621094,416.1600036621094,10588200.0
2026-06-29,419.82000732421875,426.70001220703125,415.80999755859375,426.5299987792969,5167400.0
2026-06-30,415.6300048828125,422.739990234375,413.25,422.7200012207031,5779800.0
2026-07-01,426.5400085449219,428.0199890136719,413.7300109863281,417.1099853515625,4985900.0
2026-07-02,425.3599853515625,430.20001220703125,420.5400085449219,428.1300048828125,3928800.0
2026-07-06,417.989990234375,424.44000244140625,415.04998779296875,423.489990234375,6379000.0
2026-07-07,428.19000244140625,428.6000061035156,422.1300048828125,423.95001220703125,5800500.0
2026-07-08,425.6000061035156,430.7699890136719,423.8299865722656,427.1499938964844,3859200.0
2026-07-09,431.67999267578125,434.29998779296875,423.5199890136719,427.1099853515625,5566000.0
2026-07-10,424.6199951171875,432.8599853515625,423.6499938964844,431.6700134277344,3798600.0
2026-07-13,429.0899963378906,431.54998779296875,425.5299987792969,426.4700012207031,3863800.0
2026-07-14,425.19000244140625,432.1499938964844,421.7900085449219,431.0,5135900.0
2026-07-15,418.5199890136719,424.1099853515625,414.3699951171875,419.489990234375,6764800.0
2026-07-16,423.3800048828125,461.6199951171875,420.3699951171875,449.3900146484375,13281900.0
2026-07-17,426.0899963378906,437.4700012207031,425.1000061035156,426.7200012207031,10718100.0
2026-07-20,421.54998779296875,431.0199890136719,417.3800048828125,427.25,4818800.0
2026-07-21,436.3500061035156,437.0,420.5,422.4800109863281,6833600.0
2026-07-22,431.30999755859375,436.32000732421875,429.70001220703125,434.95001220703125,4234100.0
2026-07-23,423.55999755859375,430.489990234375,420.3999938964844,428.2699890136719,4868700.0
2026-07-24,420.739990234375,429.0,418.9200134277344,425.239990234375,3752500.0
2026-07-27,417.6400146484375,422.8800048828125,412.5400085449219,422.510009765625,4615700.0
2026-07-28,428.7900085449219,430.4599914550781,415.1099853515625,419.92999267578125,5917300.0
2026-07-29,420.57000732421875,431.67999267578125,420.3500061035156,428.260009765625,5257900.0
2026-07-30,421.4700012207031,427.3399963378906,411.2900085449219,415.19000244140625,3647500.0
2026-07-31,414.3999938964844,422.80999755859375,414.05999755859375,422.0,3920900.0
2026-08-03,415.3599853515625,419.3399963378906,413.32000732421875,417.42999267578125,3209600.0
2026-08-04,407.54998779296875,416.0,406.6700134277344,415.55999755859375,5266300.0
2026-08-05,412.75,416.3599853515625,397.79998779296875,403.19000244140625,5399000.0
2026-08-06,403.9700012207031,416.9700012207031,402.3999938964844,415.2699890136719,4712400.0
2026-08-07,407.0799865722656,410.6400146484375,400.6600036621094,401.5899963378906,4095900.0
2026-08-10,408.739990234375,413.07000732421875,407.989990234375,408.6000061035156,3182200.0
2026-08-11,402.19000244140625,410.8999938964844,401.32000732421875,409.0,3398900.0
2026-08-12,405.5899963378906,407.20001220703125,400.5,400.9800109863281,3317200.0
2026-08-13,399.05999755859375,407.32000732421875,398.5899963378906,405.5899963378906,4170200.0
2026-08-14,401.7300109863281,403.17999267578125,396.55999755859375,398.0,3476400.0
2026-08-17,395.6199951171875,398.8999938964844,391.42999267578125,398.57000732421875,5295100.0
2026-08-18,393.92999267578125,398.7900085449219,393.510009765625,397.42999267578125,3605100.0
2026-08-19,388.6099853515625,396.79998779296875,386.3299865722656,394.57000732421875,5268500.0
2026-08-20,384.8500061035156,392.7099914550781,383.8299865722656,388.25,4497200.0
2026-08-21,390.1099853515625,393.6600036621094,386.0,386.0,4879600.0
2026-08-24,398.760009765625,399.5799865722656,390.8599853515625,391.0400085449219,4683900.0
2026-08-25,396.5899963378906,399.0299987792969,395.6199951171875,397.79998779296875,2655000.0
2026-08-26,401.010009765625,406.25,396.010009765625,396.3299865722656,3557000.0
2026-08-27,395.04998779296875,399.8800048828125,393.7699890136719,396.8699951171875,3664890.0
